Format Version,1.23,Take Name,MDC_data_1784183413,Take Notes,,Capture Frame Rate,10,Export Frame Rate,10,Capture Start Time,2026-07-16 04:30:23 PM,Total Frames in Take,,Total Exported Frames,,Rotation Type,XYZ,Length Units,Meters,Coordinate Space,Global

,Type,Rigid Body Marker,Rigid Body Marker,Rigid Body Marker,Rigid Body Marker,Rigid Body Marker,Rigid Body Marker,Rigid Body Marker,Rigid Body Marker,Rigid Body Marker,Rigid Body Marker,Rigid Body Marker,Rigid Body Marker,Marker,Marker,Marker,Marker,Marker,Marker,Marker,Marker,Marker
,Name,Tag0,Tag0,Tag0,Tag1,Tag1,Tag1,Tag2,Tag2,Tag2,Midpoint,Midpoint,Midpoint,Purple,Purple,Purple,Pink,Pink,Pink,Green,Green,Green
,ID,Tag0,Tag0,Tag0,Tag1,Tag1,Tag1,Tag2,Tag2,Tag2,Midpoint,Midpoint,Midpoint,Purple,Purple,Purple,Pink,Pink,Pink,Green,Green,Green
,,Position,Position,Position,Position,Position,Position,Position,Position,Position,Position,Position,Position,Position,Position,Position,Position,Position,Position,Position,Position,Position
Timestamp,Time (Seconds),X,Y,Z,X,Y,Z,X,Y,Z,X,Y,Z,X,Y,Z,X,Y,Z,X,Y,Z
2026-07-16 16:30:23.361,0.000000,0.000000,0.000000,0.000000,0.309116,-0.389568,-0.257304,0.111722,-0.365324,-0.257131,0.210419,-0.377446,-0.257218,0.186144,-0.405534,-0.232076,0.207004,-0.415181,-0.187761,0.231713,-0.409656,-0.227274
2026-07-16 16:30:23.461,0.100000,0.000000,0.000000,0.000000,0.309583,-0.391711,-0.257999,0.111781,-0.369436,-0.257820,0.210682,-0.380574,-0.257910,0.186283,-0.408631,-0.232768,0.207143,-0.418278,-0.188453,0.232093,-0.411780,-0.227929
2026-07-16 16:30:23.561,0.200000,0.000000,0.000000,0.000000,0.309440,-0.396795,-0.258918,0.112046,-0.372551,-0.258746,0.210743,-0.384673,-0.258832,0.186469,-0.412761,-0.233691,0.207118,-0.423385,-0.189466,0.232279,-0.415909,-0.228852
2026-07-16 16:30:23.661,0.300000,0.000000,0.000000,0.000000,0.309440,-0.396795,-0.258918,0.112046,-0.372551,-0.258746,0.210743,-0.384673,-0.258832,0.186469,-0.412761,-0.233691,0.207328,-0.422407,-0.189375,0.232279,-0.415909,-0.228852
2026-07-16 16:30:23.761,0.400000,0.000000,0.000000,0.000000,0.309116,-0.389568,-0.257304,0.111642,-0.366339,-0.257128,0.210379,-0.377954,-0.257216,0.186144,-0.405534,-0.232076,0.207004,-0.415181,-0.187761,0.231954,-0.408683,-0.227238
2026-07-16 16:30:23.861,0.500000,0.000000,0.000000,0.000000,0.309116,-0.389568,-0.257304,0.111722,-0.365324,-0.257131,0.210419,-0.377446,-0.257218,0.186144,-0.405534,-0.232076,0.207004,-0.415181,-0.187761,0.231954,-0.408683,-0.227238
2026-07-16 16:30:23.961,0.599999,0.000000,0.000000,0.000000,0.308880,-0.392587,-0.257762,0.111814,-0.367389,-0.257593,0.210347,-0.379988,-0.257677,0.186237,-0.407599,-0.232538,0.206886,-0.418223,-0.188312,0.232047,-0.410747,-0.227699
2026-07-16 16:30:24.061,0.699999,0.000000,0.000000,0.000000,0.309116,-0.389568,-0.257304,0.111642,-0.366339,-0.257128,0.210379,-0.377954,-0.257216,0.186144,-0.405534,-0.232076,0.207004,-0.415181,-0.187761,0.232196,-0.407709,-0.227201
2026-07-16 16:30:24.161,0.799999,0.000000,0.000000,0.000000,0.309208,-0.391633,-0.257765,0.111735,-0.368404,-0.257589,0.210472,-0.380018,-0.257677,0.186237,-0.407599,-0.232538,0.206886,-0.418223,-0.188312,0.232047,-0.410747,-0.227699
2026-07-16 16:30:24.261,0.899999,0.000000,0.000000,0.000000,0.309676,-0.393775,-0.258461,0.111953,-0.370486,-0.258285,0.210815,-0.382131,-0.258373,0.186376,-0.410696,-0.233230,0.207236,-0.420343,-0.188914,0.232186,-0.413845,-0.228391
2026-07-16 16:30:24.361,0.999999,0.000000,0.000000,0.000000,0.309533,-0.398860,-0.259380,0.112139,-0.374616,-0.259207,0.210836,-0.386738,-0.259293,0.186743,-0.413837,-0.234122,0.207421,-0.424472,-0.189837,0.232371,-0.417974,-0.229313
2026-07-16 16:30:24.461,1.099999,0.000000,0.000000,0.000000,0.309116,-0.389568,-0.257304,0.111722,-0.365324,-0.257131,0.210419,-0.377446,-0.257218,0.186144,-0.405534,-0.232076,0.207004,-0.415181,-0.187761,0.231954,-0.408683,-0.227238
2026-07-16 16:30:24.561,1.199999,0.000000,0.000000,0.000000,0.309305,-0.385516,-0.256616,0.111583,-0.362227,-0.256439,0.210444,-0.373872,-0.256528,0.186005,-0.402437,-0.231385,0.206865,-0.412083,-0.187069,0.231816,-0.405585,-0.226546
2026-07-16 16:30:24.661,1.299999,0.000000,0.000000,0.000000,0.309116,-0.389568,-0.257304,0.111642,-0.366339,-0.257128,0.210379,-0.377954,-0.257216,0.186326,-0.404546,-0.232046,0.207004,-0.415181,-0.187761,0.231954,-0.408683,-0.227238
2026-07-16 16:30:24.761,1.399999,0.000000,0.000000,0.000000,0.308695,-0.388458,-0.256839,0.111629,-0.363259,-0.256670,0.210162,-0.375859,-0.256755,0.186052,-0.403469,-0.231615,0.206701,-0.414094,-0.187390,0.231862,-0.406618,-0.226776
2026-07-16 16:30:24.861,1.499999,0.000000,0.000000,0.000000,0.309162,-0.390600,-0.257535,0.111689,-0.367372,-0.257359,0.210425,-0.378986,-0.257447,0.186373,-0.405578,-0.232277,0.207050,-0.416213,-0.187992,0.232001,-0.409715,-0.227468
2026-07-16 16:30:24.961,1.599998,0.000000,0.000000,0.000000,0.309394,-0.395762,-0.258688,0.111920,-0.372534,-0.258512,0.210657,-0.384148,-0.258600,0.186422,-0.411728,-0.233460,0.207071,-0.422353,-0.189235,0.232232,-0.414877,-0.228621
2026-07-16 16:30:25.061,1.699998,0.000000,0.000000,0.000000,0.309305,-0.385516,-0.256616,0.111583,-0.362227,-0.256439,0.210444,-0.373872,-0.256528,0.186005,-0.402437,-0.231385,0.206865,-0.412083,-0.187069,0.231816,-0.405585,-0.226546
2026-07-16 16:30:25.161,1.799998,0.000000,0.000000,0.000000,0.309347,-0.394730,-0.258457,0.111874,-0.371501,-0.258281,0.210611,-0.383116,-0.258369,0.186558,-0.409708,-0.233199,0.207236,-0.420343,-0.188914,0.232186,-0.413845,-0.228391
2026-07-16 16:30:25.261,1.899998,0.000000,0.000000,0.000000,0.308695,-0.388458,-0.256839,0.111550,-0.364274,-0.256667,0.210122,-0.376366,-0.256753,0.186052,-0.403469,-0.231615,0.206701,-0.414094,-0.187390,0.231862,-0.406618,-0.226776
2026-07-16 16:30:25.361,1.999998,0.000000,0.000000,0.000000,0.308833,-0.391555,-0.257531,0.111768,-0.366357,-0.257362,0.210301,-0.378956,-0.257446,0.186191,-0.406566,-0.232307,0.207050,-0.416213,-0.187992,0.232001,-0.409715,-0.227468
2026-07-16 16:30:25.461,2.099998,0.000000,0.000000,0.000000,0.309255,-0.392665,-0.257996,0.111861,-0.368421,-0.257823,0.210558,-0.380543,-0.257910,0.187080,-0.408824,-0.232790,0.207143,-0.418278,-0.188453,0.232093,-0.411780,-0.227929
2026-07-16 16:30:25.561,2.199998,0.000000,0.000000,0.000000,0.309208,-0.391633,-0.257765,0.111814,-0.367389,-0.257593,0.210511,-0.379511,-0.257679,0.186237,-0.407599,-0.232538,0.207097,-0.417245,-0.188222,0.232288,-0.409774,-0.227663
2026-07-16 16:30:25.661,2.299998,0.000000,0.000000,0.000000,0.309208,-0.391633,-0.257765,0.111814,-0.367389,-0.257593,0.210511,-0.379511,-0.257679,0.186237,-0.407599,-0.232538,0.206886,-0.418223,-0.188312,0.232047,-0.410747,-0.227699
2026-07-16 16:30:25.761,2.399998,0.000000,0.000000,0.000000,0.308926,-0.393620,-0.257992,0.111861,-0.368421,-0.257823,0.210393,-0.381020,-0.257908,0.186283,-0.408631,-0.232768,0.207143,-0.418278,-0.188453,0.232334,-0.410806,-0.227893
2026-07-16 16:30:25.861,2.499998,0.000000,0.000000,0.000000,0.309255,-0.392665,-0.257996,0.111940,-0.367406,-0.257827,0.210597,-0.380036,-0.257911,0.186283,-0.408631,-0.232768,0.207143,-0.418278,-0.188453,0.232093,-0.411780,-0.227929
2026-07-16 16:30:25.961,2.599998,0.000000,0.000000,0.000000,0.309537,-0.390678,-0.257769,0.111735,-0.368404,-0.257589,0.210636,-0.379541,-0.257679,0.186237,-0.407599,-0.232538,0.207097,-0.417245,-0.188222,0.232047,-0.410747,-0.227699
2026-07-16 16:30:26.061,2.699997,0.000000,0.000000,0.000000,0.309486,-0.397827,-0.259149,0.112092,-0.373584,-0.258976,0.210789,-0.385705,-0.259063,0.186697,-0.412805,-0.233891,0.207375,-0.423440,-0.189606,0.232325,-0.416942,-0.229083
2026-07-16 16:30:26.161,2.799997,0.000000,0.000000,0.000000,0.309116,-0.389568,-0.257304,0.111722,-0.365324,-0.257131,0.210419,-0.377446,-0.257218,0.186326,-0.404546,-0.232046,0.207004,-0.415181,-0.187761,0.231954,-0.408683,-0.227238
2026-07-16 16:30:26.261,2.899997,0.000000,0.000000,0.000000,0.309394,-0.395762,-0.258688,0.111841,-0.373549,-0.258508,0.210617,-0.384656,-0.258598,0.186422,-0.411728,-0.233460,0.207282,-0.421375,-0.189145,0.231991,-0.415850,-0.228658
2026-07-16 16:30:26.361,2.999997,0.000000,0.000000,0.000000,0.309486,-0.397827,-0.259149,0.112013,-0.374599,-0.258973,0.210750,-0.386213,-0.259061,0.186515,-0.413793,-0.233922,0.207375,-0.423440,-0.189606,0.232566,-0.415968,-0.229046
2026-07-16 16:30:26.461,3.099997,0.000000,0.000000,0.000000,0.309069,-0.388535,-0.257073,0.111755,-0.363277,-0.256904,0.210412,-0.375906,-0.256989,0.186280,-0.403513,-0.231816,0.206958,-0.414148,-0.187530,0.231908,-0.407650,-0.227007
2026-07-16 16:30:26.561,3.199997,0.000000,0.000000,0.000000,0.309255,-0.392665,-0.257996,0.111702,-0.370451,-0.257816,0.210478,-0.381558,-0.257906,0.186465,-0.407643,-0.232738,0.207143,-0.418278,-0.188453,0.232334,-0.410806,-0.227893
2026-07-16 16:30:26.661,3.299997,0.000000,0.000000,0.000000,0.309347,-0.394730,-0.258457,0.111953,-0.370486,-0.258285,0.210650,-0.382608,-0.258371,0.186376,-0.410696,-0.233230,0.207025,-0.421320,-0.189004,0.232186,-0.413845,-0.228391
2026-07-16 16:30:26.761,3.399997,0.000000,0.000000,0.000000,0.309444,-0.388614,-0.257307,0.111722,-0.365324,-0.257131,0.210583,-0.376969,-0.257219,0.186326,-0.404546,-0.232046,0.206793,-0.416158,-0.187851,0.231954,-0.408683,-0.227238
2026-07-16 16:30:26.861,3.499997,0.000000,0.000000,0.000000,0.309208,-0.391633,-0.257765,0.111974,-0.365359,-0.257600,0.210591,-0.378496,-0.257682,0.186237,-0.407599,-0.232538,0.207097,-0.417245,-0.188222,0.232047,-0.410747,-0.227699
2026-07-16 16:30:26.961,3.599997,0.000000,0.000000,0.000000,0.309301,-0.393698,-0.258226,0.111828,-0.370469,-0.258050,0.210564,-0.382083,-0.258138,0.187126,-0.409856,-0.233021,0.207189,-0.419310,-0.188684,0.232140,-0.412812,-0.228160
2026-07-16 16:30:27.061,3.699996,0.000000,0.000000,0.000000,0.309347,-0.394730,-0.258457,0.111953,-0.370486,-0.258285,0.210650,-0.382608,-0.258371,0.186558,-0.409708,-0.233199,0.207236,-0.420343,-0.188914,0.232186,-0.413845,-0.228391
2026-07-16 16:30:27.161,3.799996,0.000000,0.000000,0.000000,0.309116,-0.389568,-0.257304,0.111722,-0.365324,-0.257131,0.210419,-0.377446,-0.257218,0.186144,-0.405534,-0.232076,0.207004,-0.415181,-0.187761,0.231954,-0.408683,-0.227238
2026-07-16 16:30:27.261,3.899996,0.000000,0.000000,0.000000,0.309116,-0.389568,-0.257304,0.111722,-0.365324,-0.257131,0.210419,-0.377446,-0.257218,0.186144,-0.405534,-0.232076,0.207004,-0.415181,-0.187761,0.231954,-0.408683,-0.227238
2026-07-16 16:30:27.361,3.999996,0.000000,0.000000,0.000000,0.309486,-0.397827,-0.259149,0.112092,-0.373584,-0.258976,0.210789,-0.385705,-0.259063,0.186515,-0.413793,-0.233922,0.207375,-0.423440,-0.189606,0.232325,-0.416942,-0.229083
2026-07-16 16:30:27.461,4.099996,0.000000,0.000000,0.000000,0.309394,-0.395762,-0.258688,0.112000,-0.371519,-0.258515,0.210697,-0.383641,-0.258601,0.186604,-0.410740,-0.233430,0.207282,-0.421375,-0.189145,0.232473,-0.413904,-0.228585
2026-07-16 16:30:27.561,4.199996,0.000000,0.000000,0.000000,0.309116,-0.389568,-0.257304,0.111722,-0.365324,-0.257131,0.210419,-0.377446,-0.257218,0.186144,-0.405534,-0.232076,0.207004,-0.415181,-0.187761,0.231954,-0.408683,-0.227238
2026-07-16 16:30:27.661,4.299996,0.000000,0.000000,0.000000,0.309116,-0.389568,-0.257304,0.111642,-0.366339,-0.257128,0.210379,-0.377954,-0.257216,0.186144,-0.405534,-0.232076,0.206793,-0.416158,-0.187851,0.232196,-0.407709,-0.227201
2026-07-16 16:30:27.761,4.399996,0.000000,0.000000,0.000000,0.309162,-0.390600,-0.257535,0.111768,-0.366357,-0.257362,0.210465,-0.378478,-0.257448,0.186373,-0.405578,-0.232277,0.207050,-0.416213,-0.187992,0.232001,-0.409715,-0.227468
2026-07-16 16:30:27.861,4.499996,0.000000,0.000000,0.000000,0.309259,-0.384484,-0.256385,0.111537,-0.361195,-0.256209,0.210398,-0.372839,-0.256297,0.186756,-0.401597,-0.231175,0.206819,-0.411051,-0.186838,0.231528,-0.405526,-0.226351
2026-07-16 16:30:27.961,4.599996,0.000000,0.000000,0.000000,0.309162,-0.390600,-0.257535,0.111768,-0.366357,-0.257362,0.210465,-0.378478,-0.257448,0.186191,-0.406566,-0.232307,0.207050,-0.416213,-0.187992,0.231760,-0.410688,-0.227504
2026-07-16 16:30:28.061,4.699996,0.000000,0.000000,0.000000,0.309116,-0.389568,-0.257304,0.111563,-0.367354,-0.257124,0.210339,-0.378461,-0.257214,0.186326,-0.404546,-0.232046,0.207004,-0.415181,-0.187761,0.231954,-0.408683,-0.227238
2026-07-16 16:30:28.161,4.799995,0.000000,0.000000,0.000000,0.309440,-0.396795,-0.258918,0.112046,-0.372551,-0.258746,0.210743,-0.384673,-0.258832,0.186469,-0.412761,-0.233691,0.207328,-0.422407,-0.189375,0.232279,-0.415909,-0.228852
2026-07-16 16:30:28.261,4.899995,0.000000,0.000000,0.000000,0.308787,-0.390522,-0.257300,0.111722,-0.365324,-0.257131,0.210255,-0.377923,-0.257216,0.186144,-0.405534,-0.232076,0.207004,-0.415181,-0.187761,0.231954,-0.408683,-0.227238
2026-07-16 16:30:28.361,4.999995,0.000000,0.000000,0.000000,0.309116,-0.389568,-0.257304,0.111722,-0.365324,-0.257131,0.210419,-0.377446,-0.257218,0.186144,-0.405534,-0.232076,0.207004,-0.415181,-0.187761,0.231954,-0.408683,-0.227238
2026-07-16 16:30:28.461,5.099995,0.000000,0.000000,0.000000,0.308602,-0.386393,-0.256378,0.111537,-0.361195,-0.256209,0.210069,-0.373794,-0.256293,0.185959,-0.401404,-0.231154,0.206819,-0.411051,-0.186838,0.231769,-0.404553,-0.226315
2026-07-16 16:30:28.561,5.199995,0.000000,0.000000,0.000000,0.309023,-0.387503,-0.256843,0.111629,-0.363259,-0.256670,0.210326,-0.375381,-0.256756,0.186234,-0.402481,-0.231585,0.206911,-0.413116,-0.187300,0.231862,-0.406618,-0.226776
2026-07-16 16:30:28.661,5.299995,0.000000,0.000000,0.000000,0.309301,-0.393698,-0.258226,0.111828,-0.370469,-0.258050,0.210564,-0.382083,-0.258138,0.186330,-0.409664,-0.232999,0.206979,-0.420288,-0.188774,0.232140,-0.412812,-0.228160
2026-07-16 16:30:28.761,5.399995,0.000000,0.000000,0.000000,0.309208,-0.391633,-0.257765,0.111735,-0.368404,-0.257589,0.210472,-0.380018,-0.257677,0.186419,-0.406611,-0.232508,0.206886,-0.418223,-0.188312,0.232047,-0.410747,-0.227699
2026-07-16 16:30:28.861,5.499995,0.000000,0.000000,0.000000,0.309019,-0.395684,-0.258453,0.111874,-0.371501,-0.258281,0.210446,-0.383593,-0.258367,0.187172,-0.410889,-0.233251,0.207236,-0.420343,-0.188914,0.232186,-0.413845,-0.228391
2026-07-16 16:30:28.961,5.599995,0.000000,0.000000,0.000000,0.309444,-0.388614,-0.257307,0.111722,-0.365324,-0.257131,0.210583,-0.376969,-0.257219,0.186326,-0.404546,-0.232046,0.207004,-0.415181,-0.187761,0.231954,-0.408683,-0.227238
2026-07-16 16:30:29.061,5.699995,0.000000,0.000000,0.000000,0.308695,-0.388458,-0.256839,0.111550,-0.364274,-0.256667,0.210122,-0.376366,-0.256753,0.186234,-0.402481,-0.231585,0.206911,-0.413116,-0.187300,0.231862,-0.406618,-0.226776
2026-07-16 16:30:29.161,5.799994,0.000000,0.000000,0.000000,0.309352,-0.386549,-0.256846,0.111629,-0.363259,-0.256670,0.210490,-0.374904,-0.256758,0.186234,-0.402481,-0.231585,0.206911,-0.413116,-0.187300,0.231862,-0.406618,-0.226776
2026-07-16 16:30:29.261,5.899994,0.000000,0.000000,0.000000,0.309162,-0.390600,-0.257535,0.111768,-0.366357,-0.257362,0.210465,-0.378478,-0.257448,0.186373,-0.405578,-0.232277,0.207050,-0.416213,-0.187992,0.232001,-0.409715,-0.227468
2026-07-16 16:30:29.361,5.999994,0.000000,0.000000,0.000000,0.308787,-0.390522,-0.257300,0.111722,-0.365324,-0.257131,0.210255,-0.377923,-0.257216,0.186326,-0.404546,-0.232046,0.207004,-0.415181,-0.187761,0.231954,-0.408683,-0.227238
2026-07-16 16:30:29.461,6.099994,0.000000,0.000000,0.000000,0.309255,-0.392665,-0.257996,0.111861,-0.368421,-0.257823,0.210558,-0.380543,-0.257910,0.186283,-0.408631,-0.232768,0.207143,-0.418278,-0.188453,0.232093,-0.411780,-0.227929
2026-07-16 16:30:29.561,6.199994,0.000000,0.000000,0.000000,0.309255,-0.392665,-0.257996,0.111861,-0.368421,-0.257823,0.210558,-0.380543,-0.257910,0.186465,-0.407643,-0.232738,0.207143,-0.418278,-0.188453,0.232093,-0.411780,-0.227929
2026-07-16 16:30:29.661,6.299994,0.000000,0.000000,0.000000,0.309537,-0.390678,-0.257769,0.111655,-0.369419,-0.257586,0.210596,-0.380049,-0.257677,0.186237,-0.407599,-0.232538,0.207097,-0.417245,-0.188222,0.232047,-0.410747,-0.227699
2026-07-16 16:30:29.761,6.399994,0.000000,0.000000,0.000000,0.309208,-0.391633,-0.257765,0.111735,-0.368404,-0.257589,0.210472,-0.380018,-0.257677,0.186237,-0.407599,-0.232538,0.207097,-0.417245,-0.188222,0.232047,-0.410747,-0.227699
2026-07-16 16:30:29.861,6.499994,0.000000,0.000000,0.000000,0.309444,-0.388614,-0.257307,0.111642,-0.366339,-0.257128,0.210543,-0.377476,-0.257218,0.186326,-0.404546,-0.232046,0.207004,-0.415181,-0.187761,0.231954,-0.408683,-0.227238
2026-07-16 16:30:29.961,6.599994,0.000000,0.000000,0.000000,0.309255,-0.392665,-0.257996,0.111861,-0.368421,-0.257823,0.210558,-0.380543,-0.257910,0.186283,-0.408631,-0.232768,0.206932,-0.419256,-0.188543,0.232334,-0.410806,-0.227893
2026-07-16 16:30:30.061,6.699994,0.000000,0.000000,0.000000,0.309347,-0.394730,-0.258457,0.111953,-0.370486,-0.258285,0.210650,-0.382608,-0.258371,0.186376,-0.410696,-0.233230,0.207236,-0.420343,-0.188914,0.232427,-0.412871,-0.228354
2026-07-16 16:30:30.161,6.799994,0.000000,0.000000,0.000000,0.309347,-0.394730,-0.258457,0.112033,-0.369471,-0.258288,0.210690,-0.382101,-0.258373,0.186558,-0.409708,-0.233199,0.207236,-0.420343,-0.188914,0.232186,-0.413845,-0.228391
2026-07-16 16:30:30.261,6.899993,0.000000,0.000000,0.000000,0.308602,-0.386393,-0.256378,0.111378,-0.363225,-0.256202,0.209990,-0.374809,-0.256290,0.185959,-0.401404,-0.231154,0.206819,-0.411051,-0.186838,0.231769,-0.404553,-0.226315
2026-07-16 16:30:30.361,6.999993,0.000000,0.000000,0.000000,0.309023,-0.387503,-0.256843,0.111550,-0.364274,-0.256667,0.210286,-0.375889,-0.256755,0.186052,-0.403469,-0.231615,0.206911,-0.413116,-0.187300,0.231862,-0.406618,-0.226776
2026-07-16 16:30:30.461,7.099993,0.000000,0.000000,0.000000,0.309537,-0.390678,-0.257769,0.111735,-0.368404,-0.257589,0.210636,-0.379541,-0.257679,0.186237,-0.407599,-0.232538,0.207097,-0.417245,-0.188222,0.232047,-0.410747,-0.227699
2026-07-16 16:30:30.561,7.199993,0.000000,0.000000,0.000000,0.309440,-0.396795,-0.258918,0.111967,-0.373566,-0.258742,0.210703,-0.385180,-0.258830,0.186469,-0.412761,-0.233691,0.207328,-0.422407,-0.189375,0.232279,-0.415909,-0.228852
2026-07-16 16:30:30.661,7.299993,0.000000,0.000000,0.000000,0.309255,-0.392665,-0.257996,0.111702,-0.370451,-0.257816,0.210478,-0.381558,-0.257906,0.186283,-0.408631,-0.232768,0.206932,-0.419256,-0.188543,0.232334,-0.410806,-0.227893
2026-07-16 16:30:30.761,7.399993,0.000000,0.000000,0.000000,0.308787,-0.390522,-0.257300,0.111722,-0.365324,-0.257131,0.210255,-0.377923,-0.257216,0.186144,-0.405534,-0.232076,0.207004,-0.415181,-0.187761,0.231954,-0.408683,-0.227238
2026-07-16 16:30:30.861,7.499993,0.000000,0.000000,0.000000,0.309301,-0.393698,-0.258226,0.111987,-0.368439,-0.258057,0.210644,-0.381068,-0.258142,0.186512,-0.408675,-0.232969,0.206979,-0.420288,-0.188774,0.232140,-0.412812,-0.228160
2026-07-16 16:30:30.961,7.599993,0.000000,0.000000,0.000000,0.309676,-0.393775,-0.258461,0.111874,-0.371501,-0.258281,0.210775,-0.382638,-0.258371,0.186558,-0.409708,-0.233199,0.207236,-0.420343,-0.188914,0.232186,-0.413845,-0.228391
2026-07-16 16:30:31.061,7.699993,0.000000,0.000000,0.000000,0.309347,-0.394730,-0.258457,0.111953,-0.370486,-0.258285,0.210650,-0.382608,-0.258371,0.186376,-0.410696,-0.233230,0.207236,-0.420343,-0.188914,0.232186,-0.413845,-0.228391
2026-07-16 16:30:31.161,7.799993,0.000000,0.000000,0.000000,0.309255,-0.392665,-0.257996,0.111940,-0.367406,-0.257827,0.210597,-0.380036,-0.257911,0.186465,-0.407643,-0.232738,0.207143,-0.418278,-0.188453,0.232093,-0.411780,-0.227929
2026-07-16 16:30:31.261,7.899992,0.000000,0.000000,0.000000,0.309116,-0.389568,-0.257304,0.111642,-0.366339,-0.257128,0.210379,-0.377954,-0.257216,0.186144,-0.405534,-0.232076,0.207004,-0.415181,-0.187761,0.231954,-0.408683,-0.227238
2026-07-16 16:30:31.361,7.999992,0.000000,0.000000,0.000000,0.309116,-0.389568,-0.257304,0.111642,-0.366339,-0.257128,0.210379,-0.377954,-0.257216,0.186144,-0.405534,-0.232076,0.207004,-0.415181,-0.187761,0.231954,-0.408683,-0.227238
2026-07-16 16:30:31.461,8.099992,0.000000,0.000000,0.000000,0.309116,-0.389568,-0.257304,0.111722,-0.365324,-0.257131,0.210419,-0.377446,-0.257218,0.186144,-0.405534,-0.232076,0.206793,-0.416158,-0.187851,0.231954,-0.408683,-0.227238
2026-07-16 16:30:31.561,8.199992,0.000000,0.000000,0.000000,0.308412,-0.392461,-0.257973,0.111861,-0.368421,-0.257823,0.210136,-0.380441,-0.257898,0.186283,-0.408631,-0.232768,0.206932,-0.419256,-0.188543,0.232093,-0.411780,-0.227929
2026-07-16 16:30:31.661,8.299992,0.000000,0.000000,0.000000,0.309347,-0.394730,-0.258457,0.111953,-0.370486,-0.258285,0.210650,-0.382608,-0.258371,0.186558,-0.409708,-0.233199,0.207025,-0.421320,-0.189004,0.232186,-0.413845,-0.228391
2026-07-16 16:30:31.761,8.399992,0.000000,0.000000,0.000000,0.309116,-0.389568,-0.257304,0.111722,-0.365324,-0.257131,0.210419,-0.377446,-0.257218,0.186326,-0.404546,-0.232046,0.207004,-0.415181,-0.187761,0.232196,-0.407709,-0.227201
2026-07-16 16:30:31.861,8.499992,0.000000,0.000000,0.000000,0.309116,-0.389568,-0.257304,0.111642,-0.366339,-0.257128,0.210379,-0.377954,-0.257216,0.186144,-0.405534,-0.232076,0.207004,-0.415181,-0.187761,0.231954,-0.408683,-0.227238
2026-07-16 16:30:31.961,8.599992,0.000000,0.000000,0.000000,0.309116,-0.389568,-0.257304,0.111722,-0.365324,-0.257131,0.210419,-0.377446,-0.257218,0.186326,-0.404546,-0.232046,0.207004,-0.415181,-0.187761,0.231954,-0.408683,-0.227238
2026-07-16 16:30:32.061,8.699992,0.000000,0.000000,0.000000,0.309208,-0.391633,-0.257765,0.111814,-0.367389,-0.257593,0.210511,-0.379511,-0.257679,0.186419,-0.406611,-0.232508,0.207097,-0.417245,-0.188222,0.232288,-0.409774,-0.227663
2026-07-16 16:30:32.161,8.799992,0.000000,0.000000,0.000000,0.308930,-0.385438,-0.256381,0.111537,-0.361195,-0.256209,0.210234,-0.373316,-0.256295,0.185959,-0.401404,-0.231154,0.206608,-0.412029,-0.186929,0.232010,-0.403579,-0.226279
2026-07-16 16:30:32.261,8.899992,0.000000,0.000000,0.000000,0.309440,-0.396795,-0.258918,0.111967,-0.373566,-0.258742,0.210703,-0.385180,-0.258830,0.186469,-0.412761,-0.233691,0.207328,-0.422407,-0.189375,0.232279,-0.415909,-0.228852
2026-07-16 16:30:32.361,8.999991,0.000000,0.000000,0.000000,0.308880,-0.392587,-0.257762,0.111814,-0.367389,-0.257593,0.210347,-0.379988,-0.257677,0.186237,-0.407599,-0.232538,0.207097,-0.417245,-0.188222,0.232047,-0.410747,-0.227699
2026-07-16 16:30:32.461,9.099991,0.000000,0.000000,0.000000,0.309116,-0.389568,-0.257304,0.111642,-0.366339,-0.257128,0.210379,-0.377954,-0.257216,0.186144,-0.405534,-0.232076,0.207004,-0.415181,-0.187761,0.232196,-0.407709,-0.227201
2026-07-16 16:30:32.561,9.199991,0.000000,0.000000,0.000000,0.309208,-0.391633,-0.257765,0.111814,-0.367389,-0.257593,0.210511,-0.379511,-0.257679,0.186237,-0.407599,-0.232538,0.207097,-0.417245,-0.188222,0.232047,-0.410747,-0.227699
2026-07-16 16:30:32.661,9.299991,0.000000,0.000000,0.000000,0.309347,-0.394730,-0.258457,0.111953,-0.370486,-0.258285,0.210650,-0.382608,-0.258371,0.186558,-0.409708,-0.233199,0.207236,-0.420343,-0.188914,0.232186,-0.413845,-0.228391
2026-07-16 16:30:32.761,9.399991,0.000000,0.000000,0.000000,0.309023,-0.387503,-0.256843,0.111629,-0.363259,-0.256670,0.210326,-0.375381,-0.256756,0.186234,-0.402481,-0.231585,0.206911,-0.413116,-0.187300,0.231862,-0.406618,-0.226776
2026-07-16 16:30:32.861,9.499991,0.000000,0.000000,0.000000,0.309116,-0.389568,-0.257304,0.111722,-0.365324,-0.257131,0.210419,-0.377446,-0.257218,0.186326,-0.404546,-0.232046,0.207004,-0.415181,-0.187761,0.231954,-0.408683,-0.227238
2026-07-16 16:30:32.961,9.599991,0.000000,0.000000,0.000000,0.309116,-0.389568,-0.257304,0.111722,-0.365324,-0.257131,0.210419,-0.377446,-0.257218,0.186144,-0.405534,-0.232076,0.207004,-0.415181,-0.187761,0.232196,-0.407709,-0.227201
2026-07-16 16:30:33.061,9.699991,0.000000,0.000000,0.000000,0.309347,-0.394730,-0.258457,0.111953,-0.370486,-0.258285,0.210650,-0.382608,-0.258371,0.186376,-0.410696,-0.233230,0.207236,-0.420343,-0.188914,0.232186,-0.413845,-0.228391
2026-07-16 16:30:33.161,9.799991,0.000000,0.000000,0.000000,0.309347,-0.394730,-0.258457,0.111953,-0.370486,-0.258285,0.210650,-0.382608,-0.258371,0.186376,-0.410696,-0.233230,0.207236,-0.420343,-0.188914,0.232186,-0.413845,-0.228391
2026-07-16 16:30:33.261,9.899991,0.000000,0.000000,0.000000,0.309444,-0.388614,-0.257307,0.111722,-0.365324,-0.257131,0.210583,-0.376969,-0.257219,0.186941,-0.405727,-0.232098,0.207004,-0.415181,-0.187761,0.231954,-0.408683,-0.227238
2026-07-16 16:30:33.361,9.999990,0.000000,0.000000,0.000000,0.309352,-0.386549,-0.256846,0.111629,-0.363259,-0.256670,0.210490,-0.374904,-0.256758,0.186234,-0.402481,-0.231585,0.206911,-0.413116,-0.187300,0.231862,-0.406618,-0.226776
2026-07-16 16:30:33.461,10.099990,0.000000,0.000000,0.000000,0.309255,-0.392665,-0.257996,0.111781,-0.369436,-0.257820,0.210518,-0.381051,-0.257908,0.187080,-0.408824,-0.232790,0.207143,-0.418278,-0.188453,0.232093,-0.411780,-0.227929
2026-07-16 16:30:33.561,10.199990,0.000000,0.000000,0.000000,0.309583,-0.391711,-0.257999,0.111861,-0.368421,-0.257823,0.210722,-0.380066,-0.257911,0.186283,-0.408631,-0.232768,0.207143,-0.418278,-0.188453,0.232093,-0.411780,-0.227929
2026-07-16 16:30:33.661,10.299990,0.000000,0.000000,0.000000,0.309116,-0.389568,-0.257304,0.111722,-0.365324,-0.257131,0.210419,-0.377446,-0.257218,0.186326,-0.404546,-0.232046,0.207004,-0.415181,-0.187761,0.231954,-0.408683,-0.227238
2026-07-16 16:30:33.761,10.399990,0.000000,0.000000,0.000000,0.309347,-0.394730,-0.258457,0.112033,-0.369471,-0.258288,0.210690,-0.382101,-0.258373,0.186376,-0.410696,-0.233230,0.207236,-0.420343,-0.188914,0.232186,-0.413845,-0.228391
2026-07-16 16:30:33.861,10.499990,0.000000,0.000000,0.000000,0.308741,-0.389490,-0.257070,0.111596,-0.365307,-0.256897,0.210168,-0.377398,-0.256983,0.186280,-0.403513,-0.231816,0.206958,-0.414148,-0.187530,0.231908,-0.407650,-0.227007
2026-07-16 16:30:33.961,10.599990,0.000000,0.000000,0.000000,0.308977,-0.386471,-0.256612,0.111583,-0.362227,-0.256439,0.210280,-0.374349,-0.256526,0.186005,-0.402437,-0.231385,0.206865,-0.412083,-0.187069,0.231816,-0.405585,-0.226546
2026-07-16 16:30:34.061,10.699990,0.000000,0.000000,0.000000,0.308926,-0.393620,-0.257992,0.111861,-0.368421,-0.257823,0.210393,-0.381020,-0.257908,0.186465,-0.407643,-0.232738,0.207143,-0.418278,-0.188453,0.232214,-0.411293,-0.227911
2026-07-16 16:30:34.161,10.799990,0.000000,0.000000,0.000000,0.309208,-0.391633,-0.257765,0.111735,-0.368404,-0.257589,0.210472,-0.380018,-0.257677,0.186419,-0.406611,-0.232508,0.207097,-0.417245,-0.188222,0.232047,-0.410747,-0.227699
2026-07-16 16:30:34.261,10.899990,0.000000,0.000000,0.000000,0.309583,-0.391711,-0.257999,0.111781,-0.369436,-0.257820,0.210682,-0.380574,-0.257910,0.186283,-0.408631,-0.232768,0.207143,-0.418278,-0.188453,0.232093,-0.411780,-0.227929
2026-07-16 16:30:34.361,10.999990,0.000000,0.000000,0.000000,0.309255,-0.392665,-0.257996,0.111861,-0.368421,-0.257823,0.210558,-0.380543,-0.257910,0.186283,-0.408631,-0.232768,0.207143,-0.418278,-0.188453,0.232093,-0.411780,-0.227929
2026-07-16 16:30:34.461,11.099989,0.000000,0.000000,0.000000,0.309352,-0.386549,-0.256846,0.111550,-0.364274,-0.256667,0.210451,-0.375412,-0.256756,0.186234,-0.402481,-0.231585,0.206911,-0.413116,-0.187300,0.231862,-0.406618,-0.226776
2026-07-16 16:30:34.561,11.199989,0.000000,0.000000,0.000000,0.309301,-0.393698,-0.258226,0.111828,-0.370469,-0.258050,0.210564,-0.382083,-0.258138,0.186330,-0.409664,-0.232999,0.207189,-0.419310,-0.188684,0.232140,-0.412812,-0.228160
2026-07-16 16:30:34.661,11.299989,0.000000,0.000000,0.000000,0.309255,-0.392665,-0.257996,0.111861,-0.368421,-0.257823,0.210558,-0.380543,-0.257910,0.186465,-0.407643,-0.232738,0.206932,-0.419256,-0.188543,0.232093,-0.411780,-0.227929
2026-07-16 16:30:34.761,11.399989,0.000000,0.000000,0.000000,0.309023,-0.387503,-0.256843,0.111629,-0.363259,-0.256670,0.210326,-0.375381,-0.256756,0.186848,-0.403662,-0.231637,0.206911,-0.413116,-0.187300,0.231862,-0.406618,-0.226776
2026-07-16 16:30:34.861,11.499989,0.000000,0.000000,0.000000,0.309069,-0.388535,-0.257073,0.111596,-0.365307,-0.256897,0.210333,-0.376921,-0.256985,0.186280,-0.403513,-0.231816,0.206958,-0.414148,-0.187530,0.231908,-0.407650,-0.227007
2026-07-16 16:30:34.961,11.599989,0.000000,0.000000,0.000000,0.309347,-0.394730,-0.258457,0.111953,-0.370486,-0.258285,0.210650,-0.382608,-0.258371,0.186558,-0.409708,-0.233199,0.207236,-0.420343,-0.188914,0.232186,-0.413845,-0.228391
2026-07-16 16:30:35.061,11.699989,0.000000,0.000000,0.000000,0.308977,-0.386471,-0.256612,0.111503,-0.363242,-0.256436,0.210240,-0.374856,-0.256524,0.186187,-0.401449,-0.231354,0.206865,-0.412083,-0.187069,0.231816,-0.405585,-0.226546
2026-07-16 16:30:35.161,11.799989,0.000000,0.000000,0.000000,0.309255,-0.392665,-0.257996,0.111861,-0.368421,-0.257823,0.210558,-0.380543,-0.257910,0.186465,-0.407643,-0.232738,0.207143,-0.418278,-0.188453,0.232093,-0.411780,-0.227929
2026-07-16 16:30:35.261,11.899989,0.000000,0.000000,0.000000,0.309208,-0.391633,-0.257765,0.111814,-0.367389,-0.257593,0.210511,-0.379511,-0.257679,0.186419,-0.406611,-0.232508,0.207097,-0.417245,-0.188222,0.232047,-0.410747,-0.227699
2026-07-16 16:30:35.361,11.999989,0.000000,0.000000,0.000000,0.308972,-0.394652,-0.258223,0.111907,-0.369454,-0.258054,0.210440,-0.382053,-0.258138,0.186330,-0.409664,-0.232999,0.207189,-0.419310,-0.188684,0.232140,-0.412812,-0.228160
2026-07-16 16:30:35.461,12.099988,0.000000,0.000000,0.000000,0.309440,-0.396795,-0.258918,0.112046,-0.372551,-0.258746,0.210743,-0.384673,-0.258832,0.186469,-0.412761,-0.233691,0.207328,-0.422407,-0.189375,0.232520,-0.414936,-0.228816
2026-07-16 16:30:35.561,12.199988,0.000000,0.000000,0.000000,0.309444,-0.388614,-0.257307,0.111722,-0.365324,-0.257131,0.210583,-0.376969,-0.257219,0.186144,-0.405534,-0.232076,0.207004,-0.415181,-0.187761,0.231954,-0.408683,-0.227238
2026-07-16 16:30:35.661,12.299988,0.000000,0.000000,0.000000,0.309116,-0.389568,-0.257304,0.111722,-0.365324,-0.257131,0.210419,-0.377446,-0.257218,0.186144,-0.405534,-0.232076,0.207004,-0.415181,-0.187761,0.231954,-0.408683,-0.227238
2026-07-16 16:30:35.761,12.399988,0.000000,0.000000,0.000000,0.309907,-0.398938,-0.259614,0.112105,-0.376663,-0.259434,0.211006,-0.387801,-0.259524,0.186789,-0.414870,-0.234353,0.207467,-0.425505,-0.190067,0.232418,-0.419007,-0.229544
2026-07-16 16:30:35.861,12.499988,0.000000,0.000000,0.000000,0.309440,-0.396795,-0.258918,0.112126,-0.371536,-0.258749,0.210783,-0.384165,-0.258834,0.186650,-0.411773,-0.233661,0.207328,-0.422407,-0.189375,0.232279,-0.415909,-0.228852
2026-07-16 16:30:35.961,12.599988,0.000000,0.000000,0.000000,0.309486,-0.397827,-0.259149,0.112092,-0.373584,-0.258976,0.210789,-0.385705,-0.259063,0.186697,-0.412805,-0.233891,0.207375,-0.423440,-0.189606,0.232325,-0.416942,-0.229083
2026-07-16 16:30:36.061,12.699988,0.000000,0.000000,0.000000,0.308930,-0.385438,-0.256381,0.111457,-0.362210,-0.256205,0.210194,-0.373824,-0.256293,0.186141,-0.400416,-0.231124,0.206819,-0.411051,-0.186838,0.232010,-0.403579,-0.226279
2026-07-16 16:30:36.161,12.799988,0.000000,0.000000,0.000000,0.309398,-0.387581,-0.257077,0.111596,-0.365307,-0.256897,0.210497,-0.376444,-0.256987,0.186280,-0.403513,-0.231816,0.206958,-0.414148,-0.187530,0.231908,-0.407650,-0.227007
2026-07-16 16:30:36.261,12.899988,0.000000,0.000000,0.000000,0.309023,-0.387503,-0.256843,0.111550,-0.364274,-0.256667,0.210286,-0.375889,-0.256755,0.186848,-0.403662,-0.231637,0.206911,-0.413116,-0.187300,0.232103,-0.405644,-0.226740
2026-07-16 16:30:36.361,12.999988,0.000000,0.000000,0.000000,0.309065,-0.396717,-0.258684,0.112079,-0.370504,-0.258519,0.210572,-0.383610,-0.258601,0.186422,-0.411728,-0.233460,0.207282,-0.421375,-0.189145,0.232232,-0.414877,-0.228621
2026-07-16 16:30:36.461,13.099988,0.000000,0.000000,0.000000,0.309486,-0.397827,-0.259149,0.112092,-0.373584,-0.258976,0.210789,-0.385705,-0.259063,0.186697,-0.412805,-0.233891,0.207375,-0.423440,-0.189606,0.232325,-0.416942,-0.229083
2026-07-16 16:30:36.561,13.199987,0.000000,0.000000,0.000000,0.309347,-0.394730,-0.258457,0.111953,-0.370486,-0.258285,0.210650,-0.382608,-0.258371,0.186558,-0.409708,-0.233199,0.207236,-0.420343,-0.188914,0.232186,-0.413845,-0.228391
2026-07-16 16:30:36.661,13.299987,0.000000,0.000000,0.000000,0.309116,-0.389568,-0.257304,0.111801,-0.364309,-0.257135,0.210459,-0.376939,-0.257219,0.186144,-0.405534,-0.232076,0.207004,-0.415181,-0.187761,0.231713,-0.409656,-0.227274
2026-07-16 16:30:36.761,13.399987,0.000000,0.000000,0.000000,0.309255,-0.392665,-0.257996,0.111861,-0.368421,-0.257823,0.210558,-0.380543,-0.257910,0.186283,-0.408631,-0.232768,0.207143,-0.418278,-0.188453,0.232093,-0.411780,-0.227929
2026-07-16 16:30:36.861,13.499987,0.000000,0.000000,0.000000,0.309116,-0.389568,-0.257304,0.111722,-0.365324,-0.257131,0.210419,-0.377446,-0.257218,0.186144,-0.405534,-0.232076,0.207004,-0.415181,-0.187761,0.231954,-0.408683,-0.227238
2026-07-16 16:30:36.961,13.599987,0.000000,0.000000,0.000000,0.309486,-0.397827,-0.259149,0.112172,-0.372569,-0.258980,0.210829,-0.385198,-0.259064,0.186515,-0.413793,-0.233922,0.207375,-0.423440,-0.189606,0.232325,-0.416942,-0.229083
2026-07-16 16:30:37.061,13.699987,0.000000,0.000000,0.000000,0.309069,-0.388535,-0.257073,0.111676,-0.364292,-0.256901,0.210372,-0.376414,-0.256987,0.186098,-0.404502,-0.231846,0.206747,-0.415126,-0.187620,0.231908,-0.407650,-0.227007
2026-07-16 16:30:37.161,13.799987,0.000000,0.000000,0.000000,0.308695,-0.388458,-0.256839,0.111550,-0.364274,-0.256667,0.210122,-0.376366,-0.256753,0.186234,-0.402481,-0.231585,0.206911,-0.413116,-0.187300,0.232103,-0.405644,-0.226740
2026-07-16 16:30:37.261,13.899987,0.000000,0.000000,0.000000,0.309116,-0.389568,-0.257304,0.111722,-0.365324,-0.257131,0.210419,-0.377446,-0.257218,0.186326,-0.404546,-0.232046,0.207004,-0.415181,-0.187761,0.231954,-0.408683,-0.227238
2026-07-16 16:30:37.361,13.999987,0.000000,0.000000,0.000000,0.309676,-0.393775,-0.258461,0.111953,-0.370486,-0.258285,0.210815,-0.382131,-0.258373,0.186376,-0.410696,-0.233230,0.207236,-0.420343,-0.188914,0.232186,-0.413845,-0.228391
2026-07-16 16:30:37.461,14.099987,0.000000,0.000000,0.000000,0.309116,-0.389568,-0.257304,0.111722,-0.365324,-0.257131,0.210419,-0.377446,-0.257218,0.186144,-0.405534,-0.232076,0.207004,-0.415181,-0.187761,0.231954,-0.408683,-0.227238
2026-07-16 16:30:37.561,14.199986,0.000000,0.000000,0.000000,0.309440,-0.396795,-0.258918,0.112126,-0.371536,-0.258749,0.210783,-0.384165,-0.258834,0.186469,-0.412761,-0.233691,0.207339,-0.422456,-0.188558,0.232279,-0.415909,-0.228852
2026-07-16 16:30:37.661,14.299986,0.000000,0.000000,0.000000,0.309255,-0.392665,-0.257996,0.111861,-0.368421,-0.257823,0.210558,-0.380543,-0.257910,0.186283,-0.408631,-0.232768,0.207153,-0.418326,-0.187636,0.232334,-0.410806,-0.227893
2026-07-16 16:30:37.761,14.399986,0.000000,0.000000,0.000000,0.309486,-0.397827,-0.259149,0.112092,-0.373584,-0.258976,0.210789,-0.385705,-0.259063,0.186697,-0.412805,-0.233891,0.207385,-0.423489,-0.188789,0.232325,-0.416942,-0.229083
2026-07-16 16:30:37.861,14.499986,0.000000,0.000000,0.000000,0.309444,-0.388614,-0.257307,0.111642,-0.366339,-0.257128,0.210543,-0.377476,-0.257218,0.186941,-0.405727,-0.232098,0.207014,-0.415229,-0.186944,0.231954,-0.408683,-0.227238
2026-07-16 16:30:37.961,14.599986,0.000000,0.000000,0.000000,0.309255,-0.392665,-0.257996,0.111861,-0.368421,-0.257823,0.210558,-0.380543,-0.257910,0.186283,-0.408631,-0.232768,0.206943,-0.419304,-0.187727,0.232093,-0.411780,-0.227929
2026-07-16 16:30:38.061,14.699986,0.000000,0.000000,0.000000,0.309676,-0.393775,-0.258461,0.111874,-0.371501,-0.258281,0.210775,-0.382638,-0.258371,0.186376,-0.410696,-0.233230,0.207246,-0.420391,-0.188097,0.232186,-0.413845,-0.228391
2026-07-16 16:30:38.161,14.799986,0.000000,0.000000,0.000000,0.309116,-0.389568,-0.257304,0.111722,-0.365324,-0.257131,0.210419,-0.377446,-0.257218,0.186326,-0.404546,-0.232046,0.207014,-0.415229,-0.186944,0.231713,-0.409656,-0.227274
2026-07-16 16:30:38.261,14.899986,0.000000,0.000000,0.000000,0.309116,-0.389568,-0.257304,0.111801,-0.364309,-0.257135,0.210459,-0.376939,-0.257219,0.186326,-0.404546,-0.232046,0.207014,-0.415229,-0.186944,0.231954,-0.408683,-0.227238
2026-07-16 16:30:38.361,14.999986,0.000000,0.000000,0.000000,0.309347,-0.394730,-0.258457,0.111874,-0.371501,-0.258281,0.210611,-0.383116,-0.258369,0.186558,-0.409708,-0.233199,0.207246,-0.420391,-0.188097,0.232186,-0.413845,-0.228391
2026-07-16 16:30:38.461,15.099986,0.000000,0.000000,0.000000,0.309347,-0.394730,-0.258457,0.111874,-0.371501,-0.258281,0.210611,-0.383116,-0.258369,0.186558,-0.409708,-0.233199,0.207246,-0.420391,-0.188097,0.232427,-0.412871,-0.228354
2026-07-16 16:30:38.561,15.199986,0.000000,0.000000,0.000000,0.309255,-0.392665,-0.257996,0.111861,-0.368421,-0.257823,0.210558,-0.380543,-0.257910,0.186465,-0.407643,-0.232738,0.206943,-0.419304,-0.187727,0.232093,-0.411780,-0.227929
2026-07-16 16:30:38.661,15.299985,0.000000,0.000000,0.000000,0.309301,-0.393698,-0.258226,0.111828,-0.370469,-0.258050,0.210564,-0.382083,-0.258138,0.186330,-0.409664,-0.232999,0.207200,-0.419359,-0.187867,0.232140,-0.412812,-0.228160
2026-07-16 16:30:38.761,15.399985,0.000000,0.000000,0.000000,0.309305,-0.385516,-0.256616,0.111583,-0.362227,-0.256439,0.210444,-0.373872,-0.256528,0.186005,-0.402437,-0.231385,0.206875,-0.412132,-0.186252,0.231816,-0.405585,-0.226546
2026-07-16 16:30:38.861,15.499985,0.000000,0.000000,0.000000,0.309533,-0.398860,-0.259380,0.112218,-0.373601,-0.259211,0.210875,-0.386230,-0.259295,0.186743,-0.413837,-0.234122,0.207431,-0.424521,-0.189020,0.232130,-0.418948,-0.229350
2026-07-16 16:30:38.961,15.599985,0.000000,0.000000,0.000000,0.309162,-0.390600,-0.257535,0.111848,-0.365342,-0.257365,0.210505,-0.377971,-0.257450,0.186191,-0.406566,-0.232307,0.207061,-0.416262,-0.187175,0.232001,-0.409715,-0.227468
2026-07-16 16:30:39.061,15.699985,0.000000,0.000000,0.000000,0.309208,-0.391633,-0.257765,0.111814,-0.367389,-0.257593,0.210511,-0.379511,-0.257679,0.186237,-0.407599,-0.232538,0.207107,-0.417294,-0.187405,0.232047,-0.410747,-0.227699
2026-07-16 16:30:39.161,15.799985,0.000000,0.000000,0.000000,0.309023,-0.387503,-0.256843,0.111550,-0.364274,-0.256667,0.210286,-0.375889,-0.256755,0.186052,-0.403469,-0.231615,0.206932,-0.413213,-0.185666,0.231621,-0.407591,-0.226813
2026-07-16 16:30:39.261,15.899985,0.000000,0.000000,0.000000,0.309069,-0.388535,-0.257073,0.111676,-0.364292,-0.256901,0.210372,-0.376414,-0.256987,0.186098,-0.404502,-0.231846,0.206768,-0.415223,-0.185989,0.231908,-0.407650,-0.227007
2026-07-16 16:30:39.361,15.999985,0.000000,0.000000,0.000000,0.309301,-0.393698,-0.258226,0.111828,-0.370469,-0.258050,0.210564,-0.382083,-0.258138,0.186330,-0.409664,-0.232999,0.207210,-0.419408,-0.187050,0.232140,-0.412812,-0.228160
2026-07-16 16:30:39.461,16.099985,0.000000,0.000000,0.000000,0.309116,-0.389568,-0.257304,0.111642,-0.366339,-0.257128,0.210379,-0.377954,-0.257216,0.186144,-0.405534,-0.232076,0.207025,-0.415278,-0.186127,0.231834,-0.409169,-0.227256
2026-07-16 16:30:39.561,16.199985,0.000000,0.000000,0.000000,0.309023,-0.387503,-0.256843,0.111709,-0.362244,-0.256674,0.210366,-0.374874,-0.256758,0.186052,-0.403469,-0.231615,0.206722,-0.414191,-0.185758,0.231862,-0.406618,-0.226776
2026-07-16 16:30:39.661,16.299984,0.000000,0.000000,0.000000,0.309301,-0.393698,-0.258226,0.111828,-0.370469,-0.258050,0.210564,-0.382083,-0.258138,0.186512,-0.408675,-0.232969,0.206999,-0.420385,-0.187142,0.231899,-0.413786,-0.228196
2026-07-16 16:30:39.761,16.399984,0.000000,0.000000,0.000000,0.309208,-0.391633,-0.257765,0.111814,-0.367389,-0.257593,0.210511,-0.379511,-0.257679,0.186237,-0.407599,-0.232538,0.207117,-0.417343,-0.186588,0.232047,-0.410747,-0.227699
2026-07-16 16:30:39.861,16.499984,0.000000,0.000000,0.000000,0.308926,-0.393620,-0.257992,0.111781,-0.369436,-0.257820,0.210354,-0.381528,-0.257906,0.186283,-0.408631,-0.232768,0.207164,-0.418375,-0.186819,0.231852,-0.412753,-0.227966
2026-07-16 16:30:39.961,16.599984,0.000000,0.000000,0.000000,0.309347,-0.394730,-0.258457,0.111874,-0.371501,-0.258281,0.210611,-0.383116,-0.258369,0.186376,-0.410696,-0.233230,0.207267,-0.420489,-0.186463,0.233233,-0.413066,-0.228376
2026-07-16 16:30:40.061,16.699984,0.000000,0.000000,0.000000,0.309259,-0.384484,-0.256385,0.111537,-0.361195,-0.256209,0.210398,-0.372839,-0.256297,0.185959,-0.401404,-0.231154,0.206850,-0.411197,-0.184387,0.232574,-0.404748,-0.226337
2026-07-16 16:30:40.161,16.799984,0.000000,0.000000,0.000000,0.309722,-0.394808,-0.258691,0.112000,-0.371519,-0.258515,0.210861,-0.383163,-0.258603,0.186604,-0.410740,-0.233430,0.207313,-0.421521,-0.186694,0.232232,-0.414877,-0.228621
2026-07-16 16:30:40.261,16.899984,0.000000,0.000000,0.000000,0.309301,-0.393698,-0.258226,0.111907,-0.369454,-0.258054,0.210604,-0.381576,-0.258140,0.186330,-0.409664,-0.232999,0.207220,-0.419456,-0.186233,0.232140,-0.412812,-0.228160
2026-07-16 16:30:40.361,16.999984,0.000000,0.000000,0.000000,0.309208,-0.391633,-0.257765,0.111735,-0.368404,-0.257589,0.210472,-0.380018,-0.257677,0.186237,-0.407599,-0.232538,0.207128,-0.417391,-0.185771,0.232852,-0.410942,-0.227721
2026-07-16 16:30:40.461,17.099984,0.000000,0.000000,0.000000,0.309255,-0.392665,-0.257996,0.111781,-0.369436,-0.257820,0.210518,-0.381051,-0.257908,0.186283,-0.408631,-0.232768,0.207174,-0.418424,-0.186002,0.232093,-0.411780,-0.227929
2026-07-16 16:30:40.561,17.199984,0.000000,0.000000,0.000000,0.309347,-0.394730,-0.258457,0.111953,-0.370486,-0.258285,0.210650,-0.382608,-0.258371,0.186376,-0.410696,-0.233230,0.207277,-0.420537,-0.185646,0.232186,-0.413845,-0.228391
2026-07-16 16:30:40.661,17.299984,0.000000,0.000000,0.000000,0.308833,-0.391555,-0.257531,0.111689,-0.367372,-0.257359,0.210261,-0.379463,-0.257445,0.186191,-0.406566,-0.232307,0.207092,-0.416408,-0.184724,0.232001,-0.409715,-0.227468
2026-07-16 16:30:40.761,17.399983,0.000000,0.000000,0.000000,0.309208,-0.391633,-0.257765,0.111814,-0.367389,-0.257593,0.210511,-0.379511,-0.257679,0.186237,-0.407599,-0.232538,0.206927,-0.418418,-0.185049,0.232852,-0.410942,-0.227721
2026-07-16 16:30:40.861,17.499983,0.000000,0.000000,0.000000,0.309069,-0.388535,-0.257073,0.111676,-0.364292,-0.256901,0.210372,-0.376414,-0.256987,0.186098,-0.404502,-0.231846,0.206999,-0.414343,-0.184262,0.232713,-0.407845,-0.227029
2026-07-16 16:30:40.961,17.599983,0.000000,0.000000,0.000000,0.309208,-0.391633,-0.257765,0.111814,-0.367389,-0.257593,0.210511,-0.379511,-0.257679,0.186237,-0.407599,-0.232538,0.206938,-0.418466,-0.184233,0.232852,-0.410942,-0.227721
2026-07-16 16:30:41.061,17.699983,0.000000,0.000000,0.000000,0.309398,-0.387581,-0.257077,0.111755,-0.363277,-0.256904,0.210577,-0.375429,-0.256991,0.186098,-0.404502,-0.231846,0.207010,-0.414391,-0.183445,0.232713,-0.407845,-0.227029
2026-07-16 16:30:41.161,17.799983,0.000000,0.000000,0.000000,0.308273,-0.389364,-0.257281,0.111642,-0.366339,-0.257128,0.209958,-0.377852,-0.257204,0.186144,-0.405534,-0.232076,0.207056,-0.415424,-0.183676,0.232760,-0.408877,-0.227259
2026-07-16 16:30:41.261,17.899983,0.000000,0.000000,0.000000,0.309162,-0.390600,-0.257535,0.111768,-0.366357,-0.257362,0.210465,-0.378478,-0.257448,0.186191,-0.406566,-0.232307,0.207102,-0.416456,-0.183907,0.232806,-0.409910,-0.227490
2026-07-16 16:30:41.361,17.999983,0.000000,0.000000,0.000000,0.309208,-0.391633,-0.257765,0.111814,-0.367389,-0.257593,0.210511,-0.379511,-0.257679,0.186237,-0.407599,-0.232538,0.207148,-0.417489,-0.184137,0.232852,-0.410942,-0.227721
2026-07-16 16:30:41.461,18.099983,0.000000,0.000000,0.000000,0.308926,-0.393620,-0.257992,0.111781,-0.369436,-0.257820,0.210354,-0.381528,-0.257906,0.186283,-0.408631,-0.232768,0.207205,-0.418570,-0.183551,0.232899,-0.411974,-0.227951
2026-07-16 16:30:41.561,18.199983,0.000000,0.000000,0.000000,0.309491,-0.389646,-0.257538,0.111689,-0.367372,-0.257359,0.210590,-0.378509,-0.257448,0.186191,-0.406566,-0.232307,0.206902,-0.417482,-0.183186,0.232564,-0.410883,-0.227526
2026-07-16 16:30:41.661,18.299983,0.000000,0.000000,0.000000,0.309208,-0.391633,-0.257765,0.111894,-0.366374,-0.257596,0.210551,-0.379003,-0.257681,0.186237,-0.407599,-0.232538,0.206948,-0.418515,-0.183417,0.232852,-0.410942,-0.227721
2026-07-16 16:30:41.761,18.399982,0.000000,0.000000,0.000000,0.309255,-0.392665,-0.257996,0.111940,-0.367406,-0.257827,0.210597,-0.380036,-0.257911,0.186283,-0.408631,-0.232768,0.206994,-0.419547,-0.183648,0.232899,-0.411974,-0.227951
2026-07-16 16:30:41.861,18.499982,0.000000,0.000000,0.000000,0.309301,-0.393698,-0.258226,0.111987,-0.368439,-0.258057,0.210644,-0.381068,-0.258142,0.186330,-0.409664,-0.232999,0.207262,-0.419651,-0.182965,0.232945,-0.413007,-0.228182
2026-07-16 16:30:41.961,18.599982,0.000000,0.000000,0.000000,0.308972,-0.394652,-0.258223,0.111828,-0.370469,-0.258050,0.210400,-0.382560,-0.258137,0.186330,-0.409664,-0.232999,0.207051,-0.420628,-0.183062,0.232955,-0.413056,-0.227354
2026-07-16 16:30:42.061,18.699982,0.000000,0.000000,0.000000,0.309019,-0.395684,-0.258453,0.111953,-0.370486,-0.258285,0.210486,-0.383085,-0.258369,0.186376,-0.410696,-0.233230,0.207097,-0.421661,-0.183293,0.232749,-0.415012,-0.228449
2026-07-16 16:30:42.161,18.799982,0.000000,0.000000,0.000000,0.309394,-0.395762,-0.258688,0.112000,-0.371519,-0.258515,0.210697,-0.383641,-0.258601,0.186240,-0.412717,-0.233490,0.206943,-0.423719,-0.182807,0.232795,-0.416045,-0.228679
2026-07-16 16:30:42.261,18.899982,0.000000,0.000000,0.000000,0.309255,-0.392665,-0.257996,0.112020,-0.366391,-0.257830,0.210637,-0.379528,-0.257913,0.186101,-0.409619,-0.232799,0.206804,-0.420622,-0.182115,0.232667,-0.412997,-0.227161
2026-07-16 16:30:42.361,18.999982,0.000000,0.000000,0.000000,0.309023,-0.387503,-0.256843,0.111470,-0.365289,-0.256663,0.210247,-0.376396,-0.256753,0.185870,-0.404457,-0.231645,0.206784,-0.414482,-0.180863,0.232435,-0.407835,-0.226007
2026-07-16 16:30:42.461,19.099982,0.000000,0.000000,0.000000,0.309116,-0.389568,-0.257304,0.111642,-0.366339,-0.257128,0.210379,-0.377954,-0.257216,0.186144,-0.405534,-0.232076,0.206876,-0.416547,-0.181324,0.232528,-0.409900,-0.226469
2026-07-16 16:30:42.561,19.199982,0.000000,0.000000,0.000000,0.308926,-0.393620,-0.257992,0.112020,-0.366391,-0.257830,0.210473,-0.380005,-0.257911,0.185487,-0.408439,-0.232747,0.206920,-0.420181,-0.181250,0.232909,-0.412024,-0.227123
2026-07-16 16:30:42.661,19.299982,0.000000,0.000000,0.000000,0.308273,-0.389364,-0.257281,0.111722,-0.365324,-0.257131,0.209997,-0.377344,-0.257206,0.185348,-0.405341,-0.232055,0.206887,-0.416596,-0.180508,0.232528,-0.409900,-0.226469
2026-07-16 16:30:42.761,19.399981,0.000000,0.000000,0.000000,0.309255,-0.392665,-0.257996,0.111861,-0.368421,-0.257823,0.210558,-0.380543,-0.257910,0.185497,-0.408487,-0.231928,0.206815,-0.420670,-0.181300,0.232667,-0.412997,-0.227161
2026-07-16 16:30:42.861,19.499981,0.000000,0.000000,0.000000,0.308180,-0.387299,-0.256820,0.111629,-0.363259,-0.256670,0.209905,-0.375279,-0.256745,0.185085,-0.404314,-0.230806,0.206804,-0.414579,-0.179231,0.232435,-0.407835,-0.226007
2026-07-16 16:30:42.961,19.599981,0.000000,0.000000,0.000000,0.309162,-0.390600,-0.257535,0.111768,-0.366357,-0.257362,0.210465,-0.378478,-0.257448,0.185224,-0.407411,-0.231498,0.206943,-0.417677,-0.179923,0.232332,-0.411905,-0.226737
2026-07-16 16:30:43.061,19.699981,0.000000,0.000000,0.000000,0.309162,-0.390600,-0.257535,0.111689,-0.367372,-0.257359,0.210425,-0.378986,-0.257447,0.185224,-0.407411,-0.231498,0.206943,-0.417677,-0.179923,0.233135,-0.412099,-0.226758
2026-07-16 16:30:43.161,19.799981,0.000000,0.000000,0.000000,0.308273,-0.389364,-0.257281,0.111563,-0.367354,-0.257124,0.209918,-0.378359,-0.257203,0.185177,-0.406379,-0.231267,0.207118,-0.415716,-0.178774,0.233089,-0.411067,-0.226528
2026-07-16 16:30:43.261,19.899981,0.000000,0.000000,0.000000,0.308319,-0.390397,-0.257512,0.111689,-0.367372,-0.257359,0.210004,-0.378884,-0.257435,0.185405,-0.406423,-0.231466,0.206743,-0.418702,-0.179209,0.233378,-0.411127,-0.226721
2026-07-16 16:30:43.361,19.999981,0.000000,0.000000,0.000000,0.309255,-0.392665,-0.257996,0.111781,-0.369436,-0.257820,0.210518,-0.381051,-0.257908,0.185316,-0.409476,-0.231959,0.206835,-0.420767,-0.179670,0.233228,-0.414164,-0.227220
2026-07-16 16:30:43.461,20.099981,0.000000,0.000000,0.000000,0.308880,-0.392587,-0.257762,0.111814,-0.367389,-0.257593,0.210347,-0.379988,-0.257677,0.185270,-0.408443,-0.231728,0.207000,-0.418758,-0.179338,0.233425,-0.412159,-0.226952
2026-07-16 16:30:43.561,20.199981,0.000000,0.000000,0.000000,0.309208,-0.391633,-0.257765,0.111814,-0.367389,-0.257593,0.210511,-0.379511,-0.257679,0.185270,-0.408443,-0.231728,0.207010,-0.418806,-0.178522,0.233425,-0.412159,-0.226952
2026-07-16 16:30:43.661,20.299981,0.000000,0.000000,0.000000,0.308741,-0.389490,-0.257070,0.111676,-0.364292,-0.256901,0.210208,-0.376891,-0.256985,0.185131,-0.405346,-0.231036,0.206871,-0.415709,-0.177830,0.233043,-0.410035,-0.226297
2026-07-16 16:30:43.761,20.399981,0.000000,0.000000,0.000000,0.309162,-0.390600,-0.257535,0.111768,-0.366357,-0.257362,0.210465,-0.378478,-0.257448,0.185224,-0.407411,-0.231498,0.206964,-0.417774,-0.178291,0.232892,-0.413072,-0.226796
2026-07-16 16:30:43.861,20.499980,0.000000,0.000000,0.000000,0.308977,-0.386471,-0.256612,0.111503,-0.363242,-0.256436,0.210240,-0.374856,-0.256524,0.185038,-0.403281,-0.230575,0.206578,-0.414670,-0.176657,0.233193,-0.406997,-0.225799
2026-07-16 16:30:43.961,20.599980,0.000000,0.000000,0.000000,0.308739,-0.391507,-0.257977,0.111861,-0.368421,-0.257823,0.210300,-0.379964,-0.257900,0.185316,-0.409476,-0.231959,0.206274,-0.419695,-0.177915,0.233228,-0.414164,-0.227220
2026-07-16 16:30:44.061,20.699980,0.000000,0.000000,0.000000,0.309158,-0.398782,-0.259145,0.112092,-0.373584,-0.258976,0.210625,-0.386183,-0.259061,0.185367,-0.415626,-0.233143,0.206295,-0.425835,-0.179173,0.233216,-0.420299,-0.228410
2026-07-16 16:30:44.161,20.799980,0.000000,0.000000,0.000000,0.308180,-0.387299,-0.256820,0.111550,-0.364274,-0.256667,0.209865,-0.375787,-0.256743,0.184904,-0.405302,-0.230837,0.205832,-0.415511,-0.176866,0.232996,-0.409002,-0.226067
2026-07-16 16:30:44.261,20.899980,0.000000,0.000000,0.000000,0.309162,-0.390600,-0.257535,0.111689,-0.367372,-0.257359,0.210425,-0.378986,-0.257447,0.185043,-0.408399,-0.231529,0.206191,-0.417679,-0.176638,0.232892,-0.413072,-0.226796
2026-07-16 16:30:44.361,20.999980,0.000000,0.000000,0.000000,0.309208,-0.391633,-0.257765,0.111894,-0.366374,-0.257596,0.210551,-0.379003,-0.257681,0.185089,-0.409432,-0.231760,0.206238,-0.418712,-0.176868,0.233984,-0.413326,-0.227011
2026-07-16 16:30:44.461,21.099980,0.000000,0.000000,0.000000,0.309023,-0.387503,-0.256843,0.111709,-0.362244,-0.256674,0.210366,-0.374874,-0.256758,0.184300,-0.404170,-0.229966,0.205843,-0.415559,-0.176051,0.233799,-0.409196,-0.226088
2026-07-16 16:30:44.561,21.199980,0.000000,0.000000,0.000000,0.308227,-0.388332,-0.257050,0.111596,-0.365307,-0.256897,0.209911,-0.376819,-0.256974,0.184961,-0.406383,-0.230251,0.205899,-0.416640,-0.175467,0.233846,-0.410229,-0.226319
2026-07-16 16:30:44.661,21.299980,0.000000,0.000000,0.000000,0.309347,-0.394730,-0.258457,0.111874,-0.371501,-0.258281,0.210611,-0.383116,-0.258369,0.184444,-0.412385,-0.231613,0.206177,-0.422834,-0.176851,0.234123,-0.416423,-0.227703
2026-07-16 16:30:44.761,21.399980,0.000000,0.000000,0.000000,0.309162,-0.390600,-0.257535,0.111768,-0.366357,-0.257362,0.210465,-0.378478,-0.257448,0.184259,-0.408256,-0.230690,0.205782,-0.419682,-0.176035,0.233694,-0.413266,-0.226818
2026-07-16 16:30:44.861,21.499979,0.000000,0.000000,0.000000,0.308085,-0.393416,-0.257969,0.111861,-0.368421,-0.257823,0.209973,-0.380919,-0.257896,0.184351,-0.410321,-0.231152,0.206084,-0.420770,-0.176390,0.233797,-0.415380,-0.226454
2026-07-16 16:30:44.961,21.599979,0.000000,0.000000,0.000000,0.308085,-0.393416,-0.257969,0.111861,-0.368421,-0.257823,0.209973,-0.380919,-0.257896,0.184351,-0.410321,-0.231152,0.206095,-0.420818,-0.175575,0.233786,-0.415331,-0.227279
2026-07-16 16:30:45.061,21.699979,0.000000,0.000000,0.000000,0.308085,-0.393416,-0.257969,0.111861,-0.368421,-0.257823,0.209973,-0.380919,-0.257896,0.184351,-0.410321,-0.231152,0.205885,-0.421795,-0.175683,0.234844,-0.414602,-0.226437
2026-07-16 16:30:45.161,21.799979,0.000000,0.000000,0.000000,0.308180,-0.387299,-0.256820,0.111629,-0.363259,-0.256670,0.209905,-0.375279,-0.256745,0.184120,-0.405159,-0.229999,0.205549,-0.417122,-0.174584,0.234367,-0.410412,-0.225323
2026-07-16 16:30:45.261,21.899979,0.000000,0.000000,0.000000,0.308366,-0.391429,-0.257742,0.111735,-0.368404,-0.257589,0.210050,-0.379917,-0.257666,0.184125,-0.410277,-0.230954,0.206059,-0.419834,-0.174530,0.234553,-0.414542,-0.226245
2026-07-16 16:30:45.361,21.999979,0.000000,0.000000,0.000000,0.308273,-0.389364,-0.257281,0.111722,-0.365324,-0.257131,0.209997,-0.377344,-0.257206,0.184213,-0.407223,-0.230460,0.205756,-0.418746,-0.174177,0.234460,-0.412477,-0.225784
2026-07-16 16:30:45.461,22.099979,0.000000,0.000000,0.000000,0.308787,-0.390522,-0.257300,0.111722,-0.365324,-0.257131,0.210255,-0.377923,-0.257216,0.184033,-0.408212,-0.230492,0.205756,-0.418746,-0.174177,0.234705,-0.411505,-0.225745
2026-07-16 16:30:45.561,22.199979,0.000000,0.000000,0.000000,0.308505,-0.394526,-0.258434,0.111874,-0.371501,-0.258281,0.210189,-0.383014,-0.258358,0.184444,-0.412385,-0.231613,0.206103,-0.423468,-0.174462,0.234691,-0.417639,-0.226937
2026-07-16 16:30:45.661,22.299979,0.000000,0.000000,0.000000,0.308412,-0.392461,-0.257973,0.111861,-0.368421,-0.257823,0.210136,-0.380441,-0.257898,0.184172,-0.411309,-0.231184,0.205906,-0.421892,-0.174055,0.234599,-0.415574,-0.226476
2026-07-16 16:30:45.761,22.399979,0.000000,0.000000,0.000000,0.308930,-0.385438,-0.256381,0.111537,-0.361195,-0.256209,0.210234,-0.373316,-0.256295,0.183847,-0.404082,-0.229570,0.205582,-0.414665,-0.172441,0.234029,-0.409319,-0.224900
2026-07-16 16:30:45.861,22.499979,0.000000,0.000000,0.000000,0.308644,-0.397623,-0.259126,0.112013,-0.374599,-0.258973,0.210328,-0.386111,-0.259050,0.184223,-0.417460,-0.232370,0.206148,-0.427103,-0.174395,0.234340,-0.422681,-0.227706
2026-07-16 16:30:45.961,22.599978,0.000000,0.000000,0.000000,0.308316,-0.398578,-0.259123,0.112172,-0.372569,-0.258980,0.210244,-0.385573,-0.259051,0.184403,-0.416471,-0.232337,0.206148,-0.427103,-0.174395,0.234585,-0.421708,-0.227667
2026-07-16 16:30:46.061,22.699978,0.000000,0.000000,0.000000,0.309023,-0.387503,-0.256843,0.111629,-0.363259,-0.256670,0.210326,-0.375381,-0.256756,0.183950,-0.406196,-0.229215,0.205695,-0.416827,-0.171275,0.234122,-0.411384,-0.225361
2026-07-16 16:30:46.161,22.799978,0.000000,0.000000,0.000000,0.309768,-0.395840,-0.258922,0.112046,-0.372551,-0.258746,0.210907,-0.384196,-0.258834,0.183564,-0.415247,-0.232085,0.206112,-0.426119,-0.173351,0.234539,-0.420676,-0.227437
2026-07-16 16:30:46.261,22.899978,0.000000,0.000000,0.000000,0.309023,-0.387503,-0.256843,0.111629,-0.363259,-0.256670,0.210326,-0.375381,-0.256756,0.183940,-0.406147,-0.230031,0.205485,-0.417804,-0.171387,0.233877,-0.412357,-0.225399
2026-07-16 16:30:46.361,22.999978,0.000000,0.000000,0.000000,0.309069,-0.388535,-0.257073,0.111596,-0.365307,-0.256897,0.210333,-0.376921,-0.256985,0.183193,-0.406988,-0.230240,0.205751,-0.417908,-0.170692,0.233923,-0.413389,-0.225630
2026-07-16 16:30:46.461,23.099978,0.000000,0.000000,0.000000,0.307853,-0.388254,-0.256816,0.111629,-0.363259,-0.256670,0.209741,-0.375757,-0.256743,0.183147,-0.405955,-0.230009,0.205495,-0.417852,-0.170574,0.233877,-0.412357,-0.225399
2026-07-16 16:30:46.561,23.199978,0.000000,0.000000,0.000000,0.307992,-0.391351,-0.257508,0.111768,-0.366357,-0.257362,0.209880,-0.378854,-0.257435,0.183296,-0.409101,-0.229885,0.205645,-0.420998,-0.170454,0.234938,-0.415161,-0.226094
2026-07-16 16:30:46.661,23.299978,0.000000,0.000000,0.000000,0.308085,-0.393416,-0.257969,0.111861,-0.368421,-0.257823,0.209973,-0.380919,-0.257896,0.183389,-0.411166,-0.230347,0.205737,-0.423062,-0.170915,0.234908,-0.417712,-0.226574
2026-07-16 16:30:46.761,23.399978,0.000000,0.000000,0.000000,0.308319,-0.390397,-0.257512,0.111689,-0.367372,-0.257359,0.210004,-0.378884,-0.257435,0.183296,-0.409101,-0.229885,0.205645,-0.420998,-0.170454,0.234569,-0.416619,-0.226151
2026-07-16 16:30:46.861,23.499978,0.000000,0.000000,0.000000,0.309162,-0.390600,-0.257535,0.111768,-0.366357,-0.257362,0.210465,-0.378478,-0.257448,0.183117,-0.410090,-0.229919,0.205655,-0.421046,-0.169641,0.234826,-0.415696,-0.225290
2026-07-16 16:30:46.961,23.599977,0.000000,0.000000,0.000000,0.308505,-0.394526,-0.258434,0.112033,-0.369471,-0.258288,0.210269,-0.381999,-0.258361,0.183481,-0.413231,-0.230808,0.205840,-0.425176,-0.170564,0.235011,-0.419826,-0.226213
2026-07-16 16:30:47.061,23.699977,0.000000,0.000000,0.000000,0.308458,-0.393494,-0.258204,0.111907,-0.369454,-0.258054,0.210183,-0.381474,-0.258129,0.183256,-0.413187,-0.230611,0.205804,-0.424192,-0.169521,0.234841,-0.419279,-0.226002
2026-07-16 16:30:47.161,23.799977,0.000000,0.000000,0.000000,0.308273,-0.389364,-0.257281,0.111722,-0.365324,-0.257131,0.209997,-0.377344,-0.257206,0.183071,-0.409058,-0.229688,0.205619,-0.420062,-0.168598,0.234779,-0.414664,-0.225060
2026-07-16 16:30:47.261,23.899977,0.000000,0.000000,0.000000,0.308644,-0.397623,-0.259126,0.112013,-0.374599,-0.258973,0.210328,-0.386111,-0.259050,0.183442,-0.417317,-0.231534,0.206199,-0.427345,-0.170326,0.235150,-0.422923,-0.226905
2026-07-16 16:30:47.361,23.999977,0.000000,0.000000,0.000000,0.308366,-0.391429,-0.257742,0.111814,-0.367389,-0.257593,0.210090,-0.379409,-0.257667,0.183164,-0.411122,-0.230150,0.205932,-0.421199,-0.168129,0.234872,-0.416729,-0.225521
2026-07-16 16:30:47.461,24.099977,0.000000,0.000000,0.000000,0.308088,-0.385235,-0.256359,0.111616,-0.360180,-0.256212,0.209852,-0.372707,-0.256285,0.182886,-0.404928,-0.228766,0.205654,-0.415004,-0.166745,0.234594,-0.410534,-0.224137
2026-07-16 16:30:47.561,24.199977,0.000000,0.000000,0.000000,0.308505,-0.394526,-0.258434,0.111953,-0.370486,-0.258285,0.210229,-0.382506,-0.258359,0.183303,-0.414220,-0.230842,0.206070,-0.424296,-0.168821,0.234764,-0.420798,-0.226252
2026-07-16 16:30:47.661,24.299977,0.000000,0.000000,0.000000,0.307853,-0.388254,-0.256816,0.111709,-0.362244,-0.256674,0.209781,-0.375249,-0.256745,0.182186,-0.406801,-0.229206,0.205967,-0.416141,-0.166274,0.234687,-0.412599,-0.224599
2026-07-16 16:30:47.761,24.399977,0.000000,0.000000,0.000000,0.309255,-0.392665,-0.257996,0.111861,-0.368421,-0.257823,0.210558,-0.380543,-0.257910,0.182418,-0.411963,-0.230359,0.205988,-0.422280,-0.167546,0.234918,-0.417761,-0.225752
2026-07-16 16:30:47.861,24.499977,0.000000,0.000000,0.000000,0.308270,-0.397546,-0.258892,0.111967,-0.373566,-0.258742,0.210118,-0.385556,-0.258817,0.182603,-0.416093,-0.231281,0.206173,-0.426409,-0.168468,0.235104,-0.421891,-0.226674
2026-07-16 16:30:47.961,24.599977,0.000000,0.000000,0.000000,0.309301,-0.393698,-0.258226,0.111828,-0.370469,-0.258050,0.210564,-0.382083,-0.258138,0.182464,-0.412996,-0.230590,0.206045,-0.423361,-0.166963,0.235764,-0.418987,-0.226004
2026-07-16 16:30:48.061,24.699976,0.000000,0.000000,0.000000,0.307946,-0.390319,-0.257278,0.111563,-0.367354,-0.257124,0.209754,-0.378837,-0.257201,0.182279,-0.408866,-0.229667,0.205860,-0.419231,-0.166040,0.235579,-0.414857,-0.225081
2026-07-16 16:30:48.161,24.799976,0.000000,0.000000,0.000000,0.308180,-0.387299,-0.256820,0.111629,-0.363259,-0.256670,0.209905,-0.375279,-0.256745,0.182186,-0.406801,-0.229206,0.204976,-0.416975,-0.165558,0.235487,-0.412792,-0.224620
2026-07-16 16:30:48.261,24.899976,0.000000,0.000000,0.000000,0.308366,-0.391429,-0.257742,0.111735,-0.368404,-0.257589,0.210050,-0.379917,-0.257666,0.182371,-0.410931,-0.230128,0.204952,-0.422081,-0.166600,0.235672,-0.416922,-0.225543
2026-07-16 16:30:48.361,24.999976,0.000000,0.000000,0.000000,0.308177,-0.395481,-0.258431,0.112033,-0.369471,-0.258288,0.210105,-0.382476,-0.258359,0.182510,-0.414028,-0.230820,0.205101,-0.425226,-0.166479,0.235811,-0.420019,-0.226235
2026-07-16 16:30:48.461,25.099976,0.000000,0.000000,0.000000,0.309278,-0.393181,-0.258111,0.111804,-0.369953,-0.257935,0.210541,-0.381567,-0.258023,0.182441,-0.412479,-0.230474,0.205241,-0.422701,-0.166012,0.235741,-0.418471,-0.225889
2026-07-16 16:30:48.561,25.199976,0.000000,0.000000,0.000000,0.307946,-0.390319,-0.257278,0.111642,-0.366339,-0.257128,0.209794,-0.378329,-0.257203,0.182279,-0.408866,-0.229667,0.204661,-0.421041,-0.165447,0.235579,-0.414857,-0.225081
2026-07-16 16:30:48.661,25.299976,0.000000,0.000000,0.000000,0.308038,-0.392384,-0.257739,0.111735,-0.368404,-0.257589,0.209887,-0.380394,-0.257664,0.182371,-0.410931,-0.230128,0.204973,-0.422178,-0.164975,0.235672,-0.416922,-0.225543
2026-07-16 16:30:48.761,25.399976,0.000000,0.000000,0.000000,0.308273,-0.389364,-0.257281,0.111642,-0.366339,-0.257128,0.209958,-0.377852,-0.257204,0.182279,-0.408866,-0.229667,0.205089,-0.419136,-0.164392,0.235332,-0.415829,-0.225121
2026-07-16 16:30:48.861,25.499976,0.000000,0.000000,0.000000,0.308415,-0.384280,-0.256362,0.111457,-0.362210,-0.256205,0.209936,-0.373245,-0.256284,0.182094,-0.404736,-0.228744,0.204695,-0.415983,-0.163591,0.235394,-0.410728,-0.224159
2026-07-16 16:30:48.961,25.599976,0.000000,0.000000,0.000000,0.308131,-0.394448,-0.258200,0.111828,-0.370469,-0.258050,0.209979,-0.382459,-0.258125,0.182464,-0.412996,-0.230590,0.205065,-0.424243,-0.165436,0.235764,-0.418987,-0.226004
2026-07-16 16:30:49.061,25.699975,0.000000,0.000000,0.000000,0.309116,-0.389568,-0.257304,0.111642,-0.366339,-0.257128,0.210379,-0.377954,-0.257216,0.182279,-0.408866,-0.229667,0.204890,-0.420161,-0.163701,0.235579,-0.414857,-0.225081
2026-07-16 16:30:49.161,25.799975,0.000000,0.000000,0.000000,0.308366,-0.391429,-0.257742,0.111814,-0.367389,-0.257593,0.210090,-0.379409,-0.257667,0.182371,-0.410931,-0.230128,0.205192,-0.421250,-0.164039,0.235672,-0.416922,-0.225543
2026-07-16 16:30:49.261,25.899975,0.000000,0.000000,0.000000,0.309023,-0.387503,-0.256843,0.111629,-0.363259,-0.256670,0.210326,-0.375381,-0.256756,0.181394,-0.406610,-0.229184,0.204902,-0.417608,-0.163178,0.235487,-0.412792,-0.224620
2026-07-16 16:30:49.361,25.999975,0.000000,0.000000,0.000000,0.308412,-0.392461,-0.257973,0.111861,-0.368421,-0.257823,0.210136,-0.380441,-0.257898,0.181449,-0.412761,-0.230371,0.205040,-0.423307,-0.163580,0.235718,-0.417954,-0.225773
2026-07-16 16:30:49.461,26.099975,0.000000,0.000000,0.000000,0.308131,-0.394448,-0.258200,0.111907,-0.369454,-0.258054,0.210019,-0.381951,-0.258127,0.181495,-0.413793,-0.230602,0.204296,-0.424148,-0.163790,0.235517,-0.419959,-0.226043
2026-07-16 16:30:49.561,26.199975,0.000000,0.000000,0.000000,0.308227,-0.388332,-0.257050,0.111676,-0.364292,-0.256901,0.209951,-0.376312,-0.256976,0.181264,-0.408631,-0.229449,0.204064,-0.418986,-0.162636,0.235533,-0.413825,-0.224851
2026-07-16 16:30:49.661,26.299975,0.000000,0.000000,0.000000,0.309491,-0.389646,-0.257538,0.111689,-0.367372,-0.257359,0.210590,-0.378509,-0.257448,0.181367,-0.410744,-0.229096,0.204157,-0.421051,-0.163098,0.235625,-0.415890,-0.225312
2026-07-16 16:30:49.761,26.399975,0.000000,0.000000,0.000000,0.308273,-0.389364,-0.257281,0.111642,-0.366339,-0.257128,0.209958,-0.377852,-0.257204,0.181310,-0.409664,-0.229679,0.204121,-0.420067,-0.162055,0.235579,-0.414857,-0.225081
2026-07-16 16:30:49.861,26.499975,0.000000,0.000000,0.000000,0.308458,-0.393494,-0.258204,0.111828,-0.370469,-0.258050,0.210143,-0.381981,-0.258127,0.181495,-0.413793,-0.230602,0.204306,-0.424197,-0.162977,0.235764,-0.418987,-0.226004
2026-07-16 16:30:49.961,26.599975,0.000000,0.000000,0.000000,0.308597,-0.396591,-0.258896,0.111967,-0.373566,-0.258742,0.210282,-0.385079,-0.258819,0.181634,-0.416890,-0.231294,0.204030,-0.429247,-0.163920,0.235903,-0.422084,-0.226696
2026-07-16 16:30:50.061,26.699975,0.000000,0.000000,0.000000,0.307992,-0.391351,-0.257508,0.111689,-0.367372,-0.257359,0.209840,-0.379361,-0.257433,0.181356,-0.410696,-0.229910,0.204167,-0.421099,-0.162285,0.235625,-0.415890,-0.225312
2026-07-16 16:30:50.161,26.799974,0.000000,0.000000,0.000000,0.308597,-0.396591,-0.258896,0.112046,-0.372551,-0.258746,0.210322,-0.384571,-0.258821,0.181634,-0.416890,-0.231294,0.204040,-0.429295,-0.163110,0.235903,-0.422084,-0.226696
2026-07-16 16:30:50.261,26.899974,0.000000,0.000000,0.000000,0.307946,-0.390319,-0.257278,0.111642,-0.366339,-0.257128,0.209794,-0.378329,-0.257203,0.181310,-0.409664,-0.229679,0.203716,-0.422068,-0.161495,0.236130,-0.416022,-0.225142
2026-07-16 16:30:50.361,26.999974,0.000000,0.000000,0.000000,0.308085,-0.393416,-0.257969,0.111861,-0.368421,-0.257823,0.209973,-0.380919,-0.257896,0.181449,-0.412761,-0.230371,0.203855,-0.425165,-0.162187,0.236518,-0.418148,-0.225795
2026-07-16 16:30:50.461,27.099974,0.000000,0.000000,0.000000,0.308412,-0.392461,-0.257973,0.111861,-0.368421,-0.257823,0.210136,-0.380441,-0.257898,0.181449,-0.412761,-0.230371,0.203855,-0.425165,-0.162187,0.236269,-0.419119,-0.225834
2026-07-16 16:30:50.561,27.199974,0.000000,0.000000,0.000000,0.308412,-0.392461,-0.257973,0.111781,-0.369436,-0.257820,0.210097,-0.380949,-0.257896,0.181449,-0.412761,-0.230371,0.203865,-0.425214,-0.161377,0.236518,-0.418148,-0.225795
2026-07-16 16:30:50.661,27.299974,0.000000,0.000000,0.000000,0.308273,-0.389364,-0.257281,0.111722,-0.365324,-0.257131,0.209997,-0.377344,-0.257206,0.181133,-0.410653,-0.229713,0.203726,-0.422116,-0.160685,0.236379,-0.415051,-0.225103
2026-07-16 16:30:50.761,27.399974,0.000000,0.000000,0.000000,0.308412,-0.392461,-0.257973,0.111861,-0.368421,-0.257823,0.210136,-0.380441,-0.257898,0.181449,-0.412761,-0.230371,0.203077,-0.425023,-0.161355,0.236269,-0.419119,-0.225834
2026-07-16 16:30:50.861,27.499974,0.000000,0.000000,0.000000,0.308134,-0.386267,-0.256589,0.111503,-0.363242,-0.256436,0.209819,-0.374754,-0.256513,0.181171,-0.406566,-0.228987,0.202799,-0.418829,-0.159972,0.235991,-0.412925,-0.224451
2026-07-16 16:30:50.961,27.599974,0.000000,0.000000,0.000000,0.308316,-0.398578,-0.259123,0.112092,-0.373584,-0.258976,0.210204,-0.386081,-0.259050,0.181680,-0.417923,-0.231524,0.203102,-0.431162,-0.162636,0.236749,-0.423310,-0.226948
2026-07-16 16:30:51.061,27.699974,0.000000,0.000000,0.000000,0.308088,-0.385235,-0.256359,0.111457,-0.362210,-0.256205,0.209772,-0.373722,-0.256282,0.180334,-0.405343,-0.228735,0.202763,-0.417844,-0.158931,0.235945,-0.411892,-0.224220
2026-07-16 16:30:51.161,27.799973,0.000000,0.000000,0.000000,0.308833,-0.391555,-0.257531,0.111689,-0.367372,-0.257359,0.210261,-0.379463,-0.257445,0.180565,-0.410505,-0.229888,0.202788,-0.423983,-0.160213,0.236425,-0.416083,-0.225334
2026-07-16 16:30:51.261,27.899973,0.000000,0.000000,0.000000,0.308319,-0.390397,-0.257512,0.111689,-0.367372,-0.257359,0.210004,-0.378884,-0.257435,0.180653,-0.410010,-0.229872,0.202788,-0.423983,-0.160213,0.236425,-0.416083,-0.225334
2026-07-16 16:30:51.361,27.999973,0.000000,0.000000,0.000000,0.307946,-0.390319,-0.257278,0.111722,-0.365324,-0.257131,0.209834,-0.377822,-0.257204,0.180519,-0.409472,-0.229658,0.202741,-0.422951,-0.159982,0.236130,-0.416022,-0.225142
2026-07-16 16:30:51.461,28.099973,0.000000,0.000000,0.000000,0.308131,-0.394448,-0.258200,0.111828,-0.370469,-0.258050,0.209979,-0.382459,-0.258125,0.180704,-0.413602,-0.230580,0.203133,-0.426104,-0.160776,0.236316,-0.420152,-0.226065
2026-07-16 16:30:51.561,28.199973,0.000000,0.000000,0.000000,0.307946,-0.390319,-0.257278,0.111722,-0.365324,-0.257131,0.209834,-0.377822,-0.257204,0.180343,-0.410462,-0.229691,0.202959,-0.422022,-0.159043,0.236379,-0.415051,-0.225103
2026-07-16 16:30:51.661,28.299973,0.000000,0.000000,0.000000,0.309347,-0.394730,-0.258457,0.112033,-0.369471,-0.258288,0.210690,-0.382101,-0.258373,0.180761,-0.414683,-0.229997,0.202983,-0.428161,-0.160326,0.236362,-0.421184,-0.226296
2026-07-16 16:30:51.761,28.399973,0.000000,0.000000,0.000000,0.308693,-0.390474,-0.257746,0.111735,-0.368404,-0.257589,0.210214,-0.379439,-0.257668,0.180611,-0.411537,-0.230119,0.203051,-0.424087,-0.159504,0.236223,-0.418087,-0.225604
2026-07-16 16:30:51.861,28.499973,0.000000,0.000000,0.000000,0.308085,-0.393416,-0.257969,0.111781,-0.369436,-0.257820,0.209933,-0.381426,-0.257895,0.180668,-0.412618,-0.229536,0.202891,-0.426096,-0.159865,0.236518,-0.418148,-0.225795
2026-07-16 16:30:51.961,28.599973,0.000000,0.000000,0.000000,0.309019,-0.395684,-0.258453,0.111874,-0.371501,-0.258281,0.210446,-0.383593,-0.258367,0.180750,-0.414634,-0.230811,0.202983,-0.428161,-0.160326,0.236362,-0.421184,-0.226296
2026-07-16 16:30:52.061,28.699973,0.000000,0.000000,0.000000,0.307899,-0.389286,-0.257047,0.111676,-0.364292,-0.256901,0.209787,-0.376789,-0.256974,0.180297,-0.409429,-0.229461,0.202716,-0.422015,-0.158133,0.236084,-0.414990,-0.224912
2026-07-16 16:30:52.161,28.799973,0.000000,0.000000,0.000000,0.308273,-0.389364,-0.257281,0.111722,-0.365324,-0.257131,0.209997,-0.377344,-0.257206,0.180519,-0.409472,-0.229658,0.202969,-0.422071,-0.158232,0.236130,-0.416022,-0.225142
2026-07-16 16:30:52.261,28.899972,0.000000,0.000000,0.000000,0.308180,-0.387299,-0.256820,0.111709,-0.362244,-0.256674,0.209945,-0.374772,-0.256747,0.180436,-0.407456,-0.228383,0.202669,-0.420982,-0.157902,0.236038,-0.413957,-0.224681
2026-07-16 16:30:52.361,28.999972,0.000000,0.000000,0.000000,0.308273,-0.389364,-0.257281,0.111642,-0.366339,-0.257128,0.209958,-0.377852,-0.257204,0.180343,-0.410462,-0.229691,0.202762,-0.423047,-0.158363,0.236130,-0.416022,-0.225142
2026-07-16 16:30:52.461,29.099972,0.000000,0.000000,0.000000,0.309255,-0.392665,-0.257996,0.111781,-0.369436,-0.257820,0.210518,-0.381051,-0.257908,0.180658,-0.412570,-0.230350,0.203108,-0.425168,-0.158924,0.236269,-0.419119,-0.225834
2026-07-16 16:30:52.561,29.199972,0.000000,0.000000,0.000000,0.308458,-0.393494,-0.258204,0.111907,-0.369454,-0.258054,0.210183,-0.381474,-0.258129,0.180704,-0.413602,-0.230580,0.202947,-0.427177,-0.159286,0.236316,-0.420152,-0.226065
2026-07-16 16:30:52.661,29.299972,0.000000,0.000000,0.000000,0.307992,-0.391351,-0.257508,0.111689,-0.367372,-0.257359,0.209840,-0.379361,-0.257433,0.180390,-0.411494,-0.229922,0.203222,-0.422127,-0.158332,0.236177,-0.417054,-0.225373
2026-07-16 16:30:52.761,29.399972,0.000000,0.000000,0.000000,0.308412,-0.392461,-0.257973,0.111861,-0.368421,-0.257823,0.210136,-0.380441,-0.257898,0.180658,-0.412570,-0.230350,0.203118,-0.425216,-0.158114,0.236269,-0.419119,-0.225834
2026-07-16 16:30:52.861,29.499972,0.000000,0.000000,0.000000,0.309208,-0.391633,-0.257765,0.111814,-0.367389,-0.257593,0.210511,-0.379511,-0.257679,0.180611,-0.411537,-0.230119,0.203072,-0.424184,-0.157883,0.236223,-0.418087,-0.225604
2026-07-16 16:30:52.961,29.599972,0.000000,0.000000,0.000000,0.308833,-0.391555,-0.257531,0.111689,-0.367372,-0.257359,0.210261,-0.379463,-0.257445,0.180565,-0.410505,-0.229888,0.203232,-0.422175,-0.157520,0.236425,-0.416083,-0.225334
2026-07-16 16:30:53.061,29.699972,0.000000,0.000000,0.000000,0.308319,-0.390397,-0.257512,0.111689,-0.367372,-0.257359,0.210004,-0.378884,-0.257435,0.180575,-0.410553,-0.229075,0.202819,-0.424128,-0.157785,0.236425,-0.416083,-0.225334
2026-07-16 16:30:53.161,29.799972,0.000000,0.000000,0.000000,0.307946,-0.390319,-0.257278,0.111642,-0.366339,-0.257128,0.209794,-0.378329,-0.257203,0.180519,-0.409472,-0.229658,0.202979,-0.422119,-0.157422,0.236130,-0.416022,-0.225142
2026-07-16 16:30:53.261,29.899971,0.000000,0.000000,0.000000,0.308319,-0.390397,-0.257512,0.111689,-0.367372,-0.257359,0.210004,-0.378884,-0.257435,0.180390,-0.411494,-0.229922,0.203439,-0.421198,-0.157388,0.236177,-0.417054,-0.225373
2026-07-16 16:30:53.361,29.999971,0.000000,0.000000,0.000000,0.308412,-0.392461,-0.257973,0.111861,-0.368421,-0.257823,0.210136,-0.380441,-0.257898,0.180482,-0.413559,-0.230383,0.203118,-0.425216,-0.158114,0.236269,-0.419119,-0.225834
2026-07-16 16:30:53.461,30.099971,0.000000,0.000000,0.000000,0.308505,-0.394526,-0.258434,0.111953,-0.370486,-0.258285,0.210229,-0.382506,-0.258359,0.180750,-0.414634,-0.230811,0.203624,-0.425328,-0.158311,0.236362,-0.421184,-0.226296
2026-07-16 16:30:53.561,30.199971,0.000000,0.000000,0.000000,0.309116,-0.389568,-0.257304,0.111642,-0.366339,-0.257128,0.210379,-0.377954,-0.257216,0.180519,-0.409472,-0.229658,0.203393,-0.420166,-0.157158,0.236130,-0.416022,-0.225142
2026-07-16 16:30:53.661,30.299971,0.000000,0.000000,0.000000,0.308412,-0.392461,-0.257973,0.111861,-0.368421,-0.257823,0.210136,-0.380441,-0.257898,0.180482,-0.413559,-0.230383,0.203532,-0.423263,-0.157850,0.236518,-0.418148,-0.225795
2026-07-16 16:30:53.761,30.399971,0.000000,0.000000,0.000000,0.307760,-0.386189,-0.256355,0.111616,-0.360180,-0.256212,0.209688,-0.373184,-0.256284,0.180334,-0.405343,-0.228735,0.203207,-0.416036,-0.156235,0.235945,-0.411892,-0.224220
2026-07-16 16:30:53.861,30.499971,0.000000,0.000000,0.000000,0.308695,-0.388458,-0.256839,0.111550,-0.364274,-0.256667,0.210122,-0.376366,-0.256753,0.180251,-0.408397,-0.229230,0.203093,-0.419078,-0.156829,0.236038,-0.413957,-0.224681
2026-07-16 16:30:53.961,30.599971,0.000000,0.000000,0.000000,0.308505,-0.394526,-0.258434,0.112033,-0.369471,-0.258288,0.210269,-0.381999,-0.258361,0.180575,-0.415624,-0.230845,0.203428,-0.426353,-0.157631,0.236362,-0.421184,-0.226296
2026-07-16 16:30:54.061,30.699971,0.000000,0.000000,0.000000,0.307946,-0.390319,-0.257278,0.111642,-0.366339,-0.257128,0.209794,-0.378329,-0.257203,0.180343,-0.410462,-0.229691,0.203393,-0.420166,-0.157158,0.236130,-0.416022,-0.225142
2026-07-16 16:30:54.161,30.799971,0.000000,0.000000,0.000000,0.308223,-0.396513,-0.258661,0.112000,-0.371519,-0.258515,0.210112,-0.384016,-0.258588,0.180621,-0.416656,-0.231075,0.203464,-0.427337,-0.158674,0.236408,-0.422217,-0.226526
2026-07-16 16:30:54.261,30.899971,0.000000,0.000000,0.000000,0.308880,-0.392587,-0.257762,0.111655,-0.369419,-0.257586,0.210268,-0.381003,-0.257674,0.180436,-0.412527,-0.230153,0.203485,-0.422231,-0.157619,0.236223,-0.418087,-0.225604
2026-07-16 16:30:54.361,30.999970,0.000000,0.000000,0.000000,0.308085,-0.393416,-0.257969,0.111861,-0.368421,-0.257823,0.209973,-0.380919,-0.257896,0.180658,-0.412570,-0.230350,0.203542,-0.423312,-0.157037,0.236269,-0.419119,-0.225834
2026-07-16 16:30:54.461,31.099970,0.000000,0.000000,0.000000,0.309347,-0.394730,-0.258457,0.111874,-0.371501,-0.258281,0.210611,-0.383116,-0.258369,0.180575,-0.415624,-0.230845,0.203428,-0.426353,-0.157631,0.236362,-0.421184,-0.226296
2026-07-16 16:30:54.561,31.199970,0.000000,0.000000,0.000000,0.309111,-0.397749,-0.258915,0.111967,-0.373566,-0.258742,0.210539,-0.385658,-0.258829,0.180678,-0.417737,-0.230493,0.203727,-0.427441,-0.157959,0.236454,-0.423249,-0.226757
2026-07-16 16:30:54.661,31.299970,0.000000,0.000000,0.000000,0.307899,-0.389286,-0.257047,0.111596,-0.365307,-0.256897,0.209748,-0.377297,-0.256972,0.180297,-0.409429,-0.229461,0.203357,-0.419182,-0.156114,0.236084,-0.414990,-0.224912
2026-07-16 16:30:54.761,31.399970,0.000000,0.000000,0.000000,0.307853,-0.388254,-0.256816,0.111550,-0.364274,-0.256667,0.209701,-0.376264,-0.256741,0.180251,-0.408397,-0.229230,0.202897,-0.420102,-0.156150,0.236038,-0.413957,-0.224681
2026-07-16 16:30:54.861,31.499970,0.000000,0.000000,0.000000,0.308644,-0.397623,-0.259126,0.112092,-0.373584,-0.258976,0.210368,-0.385604,-0.259051,0.180714,-0.418721,-0.231537,0.203567,-0.429450,-0.158323,0.236501,-0.424281,-0.226988
2026-07-16 16:30:54.961,31.599970,0.000000,0.000000,0.000000,0.309116,-0.389568,-0.257304,0.111722,-0.365324,-0.257131,0.210419,-0.377446,-0.257218,0.180343,-0.410462,-0.229691,0.203093,-0.421679,-0.156545,0.236130,-0.416022,-0.225142
2026-07-16 16:30:55.061,31.699970,0.000000,0.000000,0.000000,0.308180,-0.387299,-0.256820,0.111629,-0.363259,-0.256670,0.209905,-0.375279,-0.256745,0.180426,-0.407408,-0.229196,0.203466,-0.421221,-0.157114,0.236038,-0.413957,-0.224681
2026-07-16 16:30:55.161,31.799970,0.000000,0.000000,0.000000,0.308038,-0.392384,-0.257739,0.111735,-0.368404,-0.257589,0.209887,-0.380394,-0.257664,0.180611,-0.411537,-0.230119,0.203496,-0.422279,-0.156806,0.235974,-0.419058,-0.225643
2026-07-16 16:30:55.261,31.899970,0.000000,0.000000,0.000000,0.307992,-0.391351,-0.257508,0.111689,-0.367372,-0.257359,0.209840,-0.379361,-0.257433,0.180565,-0.410505,-0.229888,0.203036,-0.423199,-0.156842,0.236177,-0.417054,-0.225373
2026-07-16 16:30:55.361,31.999969,0.000000,0.000000,0.000000,0.308833,-0.391555,-0.257531,0.111609,-0.368387,-0.257355,0.210221,-0.379971,-0.257443,0.180390,-0.411494,-0.229922,0.203046,-0.423248,-0.156032,0.236726,-0.418219,-0.225434
2026-07-16 16:30:55.461,32.099969,0.000000,0.000000,0.000000,0.307992,-0.391351,-0.257508,0.111689,-0.367372,-0.257359,0.209840,-0.379361,-0.257433,0.180575,-0.410553,-0.229075,0.202052,-0.424034,-0.156145,0.236177,-0.417054,-0.225373
2026-07-16 16:30:55.561,32.199969,0.000000,0.000000,0.000000,0.308412,-0.392461,-0.257973,0.111781,-0.369436,-0.257820,0.210097,-0.380949,-0.257896,0.180658,-0.412570,-0.230350,0.202556,-0.424145,-0.156337,0.236269,-0.419119,-0.225834
2026-07-16 16:30:55.661,32.299969,0.000000,0.000000,0.000000,0.308273,-0.389364,-0.257281,0.111722,-0.365324,-0.257131,0.209997,-0.377344,-0.257206,0.180519,-0.409472,-0.229658,0.201618,-0.420809,-0.156436,0.236130,-0.416022,-0.225142
2026-07-16 16:30:55.761,32.399969,0.000000,0.000000,0.000000,0.308223,-0.396513,-0.258661,0.112000,-0.371519,-0.258515,0.210112,-0.384016,-0.258588,0.180797,-0.415667,-0.231042,0.201886,-0.426955,-0.158631,0.236160,-0.423188,-0.226566
2026-07-16 16:30:55.861,32.499969,0.000000,0.000000,0.000000,0.308319,-0.390397,-0.257512,0.111768,-0.366357,-0.257362,0.210044,-0.378377,-0.257437,0.179774,-0.410313,-0.229867,0.201224,-0.423651,-0.159361,0.235928,-0.418026,-0.225413
2026-07-16 16:30:55.961,32.599969,0.000000,0.000000,0.000000,0.308319,-0.390397,-0.257512,0.111689,-0.367372,-0.257359,0.210004,-0.378884,-0.257435,0.179774,-0.410313,-0.229867,0.201204,-0.423554,-0.160979,0.235928,-0.418026,-0.225413
2026-07-16 16:30:56.061,32.699969,0.000000,0.000000,0.000000,0.309111,-0.397749,-0.258915,0.111967,-0.373566,-0.258742,0.210539,-0.385658,-0.258829,0.180052,-0.416508,-0.231251,0.201451,-0.429604,-0.164791,0.236206,-0.424220,-0.226796
2026-07-16 16:30:56.161,32.799969,0.000000,0.000000,0.000000,0.307992,-0.391351,-0.257508,0.111689,-0.367372,-0.257359,0.209840,-0.379361,-0.257433,0.178799,-0.411064,-0.230692,0.200948,-0.424291,-0.165148,0.235669,-0.418949,-0.226271
2026-07-16 16:30:56.261,32.899969,0.000000,0.000000,0.000000,0.307946,-0.390319,-0.257278,0.111801,-0.364309,-0.257135,0.209874,-0.377314,-0.257206,0.178569,-0.410973,-0.231305,0.200871,-0.423114,-0.167342,0.235374,-0.418888,-0.226079
2026-07-16 16:30:56.361,32.999969,0.000000,0.000000,0.000000,0.308319,-0.390397,-0.257512,0.111768,-0.366357,-0.257362,0.210044,-0.378377,-0.257437,0.177826,-0.411815,-0.231515,0.201091,-0.423024,-0.169881,0.235669,-0.418949,-0.226271
2026-07-16 16:30:56.461,33.099968,0.000000,0.000000,0.000000,0.308798,-0.390574,-0.256435,0.111801,-0.364309,-0.257135,0.210300,-0.377442,-0.256785,0.177780,-0.410782,-0.231284,0.200820,-0.422874,-0.171383,0.234826,-0.417724,-0.226019
2026-07-16 16:30:56.561,33.199968,0.000000,0.000000,0.000000,0.309030,-0.395736,-0.257588,0.111874,-0.371501,-0.258281,0.210452,-0.383619,-0.257934,0.178001,-0.415896,-0.233249,0.202032,-0.427200,-0.173253,0.234800,-0.423809,-0.228029
2026-07-16 16:30:56.661,33.299968,0.000000,0.000000,0.000000,0.307618,-0.391274,-0.257274,0.111722,-0.365324,-0.257131,0.209670,-0.378299,-0.257203,0.177770,-0.410734,-0.232095,0.201575,-0.422919,-0.173828,0.234568,-0.418647,-0.226875
2026-07-16 16:30:56.761,33.399968,0.000000,0.000000,0.000000,0.307946,-0.390319,-0.257278,0.111642,-0.366339,-0.257128,0.209794,-0.378329,-0.257203,0.177770,-0.410734,-0.232095,0.201565,-0.422871,-0.174637,0.234568,-0.418647,-0.226875
2026-07-16 16:30:56.861,33.499968,0.000000,0.000000,0.000000,0.308798,-0.390574,-0.256435,0.111801,-0.364309,-0.257135,0.210300,-0.377442,-0.256785,0.177770,-0.410734,-0.232095,0.201554,-0.422823,-0.175445,0.234568,-0.418647,-0.226875
2026-07-16 16:30:56.961,33.599968,0.000000,0.000000,0.000000,0.309215,-0.399866,-0.258510,0.112059,-0.375631,-0.259204,0.210637,-0.387748,-0.258857,0.178187,-0.420026,-0.234171,0.202963,-0.431327,-0.177434,0.234985,-0.427938,-0.228951
2026-07-16 16:30:57.061,33.699968,0.000000,0.000000,0.000000,0.308223,-0.396513,-0.258661,0.112000,-0.371519,-0.258515,0.210112,-0.384016,-0.258588,0.178048,-0.416929,-0.233479,0.202824,-0.428230,-0.176742,0.234846,-0.424841,-0.228259
2026-07-16 16:30:57.161,33.799968,0.000000,0.000000,0.000000,0.308706,-0.388509,-0.255973,0.111550,-0.364274,-0.256667,0.210128,-0.376392,-0.256320,0.178640,-0.407870,-0.231625,0.202247,-0.420948,-0.175005,0.234476,-0.416582,-0.226414
2026-07-16 16:30:57.261,33.899968,0.000000,0.000000,0.000000,0.308131,-0.394448,-0.258200,0.111828,-0.370469,-0.258050,0.209979,-0.382459,-0.258125,0.178917,-0.414064,-0.233009,0.203519,-0.426355,-0.176302,0.235011,-0.421853,-0.226942
2026-07-16 16:30:57.361,33.999968,0.000000,0.000000,0.000000,0.308470,-0.391528,-0.256432,0.111722,-0.365324,-0.257131,0.210096,-0.378426,-0.256782,0.178742,-0.409983,-0.231274,0.203126,-0.423203,-0.175487,0.234826,-0.417724,-0.226019
2026-07-16 16:30:57.461,34.099967,0.000000,0.000000,0.000000,0.308706,-0.388509,-0.255973,0.111629,-0.363259,-0.256670,0.210167,-0.375884,-0.256322,0.179614,-0.407119,-0.230802,0.203251,-0.420209,-0.174109,0.234734,-0.415659,-0.225558
2026-07-16 16:30:57.561,34.199967,0.000000,0.000000,0.000000,0.308316,-0.398578,-0.259123,0.112092,-0.373584,-0.258976,0.210204,-0.386081,-0.259050,0.180077,-0.417443,-0.233109,0.203714,-0.430533,-0.176415,0.234949,-0.426955,-0.227902
2026-07-16 16:30:57.661,34.299967,0.000000,0.000000,0.000000,0.308752,-0.389541,-0.256204,0.111596,-0.365307,-0.256897,0.210174,-0.377424,-0.256551,0.180452,-0.408343,-0.231054,0.204095,-0.421480,-0.173552,0.234780,-0.416691,-0.225788
2026-07-16 16:30:57.761,34.399967,0.000000,0.000000,0.000000,0.308412,-0.392461,-0.257973,0.111781,-0.369436,-0.257820,0.210097,-0.380949,-0.257896,0.180637,-0.412473,-0.231977,0.204499,-0.424680,-0.173554,0.234965,-0.420821,-0.226711
2026-07-16 16:30:57.861,34.499967,0.000000,0.000000,0.000000,0.308695,-0.388458,-0.256839,0.111629,-0.363259,-0.256670,0.210162,-0.375859,-0.256755,0.180416,-0.407359,-0.230010,0.205265,-0.418732,-0.172311,0.234184,-0.414494,-0.225498
2026-07-16 16:30:57.961,34.599967,0.000000,0.000000,0.000000,0.308880,-0.392587,-0.257762,0.111814,-0.367389,-0.257593,0.210347,-0.379988,-0.257677,0.181569,-0.410691,-0.230922,0.205240,-0.423839,-0.173344,0.234919,-0.419788,-0.226480
2026-07-16 16:30:58.061,34.699967,0.000000,0.000000,0.000000,0.308655,-0.395658,-0.257355,0.111907,-0.369454,-0.258054,0.210281,-0.382556,-0.257704,0.181485,-0.413745,-0.231415,0.206543,-0.424141,-0.173605,0.234215,-0.421661,-0.226920
2026-07-16 16:30:58.161,34.799967,0.000000,0.000000,0.000000,0.308085,-0.393416,-0.257969,0.111781,-0.369436,-0.257820,0.209933,-0.381426,-0.257895,0.181615,-0.411723,-0.231152,0.206285,-0.424085,-0.173485,0.234415,-0.419656,-0.226651
2026-07-16 16:30:58.261,34.899967,0.000000,0.000000,0.000000,0.308891,-0.392639,-0.256896,0.111735,-0.368404,-0.257589,0.210313,-0.380521,-0.257243,0.181569,-0.410691,-0.230922,0.207240,-0.422267,-0.173165,0.234369,-0.418624,-0.226420
2026-07-16 16:30:58.361,34.999967,0.000000,0.000000,0.000000,0.309069,-0.388535,-0.257073,0.111596,-0.365307,-0.256897,0.210333,-0.376921,-0.256985,0.182045,-0.408774,-0.230284,0.207101,-0.419170,-0.172473,0.234230,-0.415526,-0.225728
2026-07-16 16:30:58.461,35.099967,0.000000,0.000000,0.000000,0.307896,-0.397468,-0.258658,0.111920,-0.372534,-0.258512,0.209908,-0.385001,-0.258585,0.182546,-0.415012,-0.231866,0.208428,-0.425612,-0.173998,0.234554,-0.422753,-0.227343
2026-07-16 16:30:58.561,35.199966,0.000000,0.000000,0.000000,0.309122,-0.397801,-0.258049,0.112046,-0.372551,-0.258746,0.210584,-0.385176,-0.258397,0.182593,-0.416044,-0.232096,0.208262,-0.427620,-0.174340,0.234847,-0.422814,-0.227535
2026-07-16 16:30:58.661,35.299966,0.000000,0.000000,0.000000,0.308177,-0.395481,-0.258431,0.111953,-0.370486,-0.258285,0.210065,-0.382984,-0.258358,0.182500,-0.413979,-0.231635,0.208959,-0.425746,-0.173900,0.234754,-0.420749,-0.227074
2026-07-16 16:30:58.761,35.399966,0.000000,0.000000,0.000000,0.309019,-0.395684,-0.258453,0.111953,-0.370486,-0.258285,0.210486,-0.383085,-0.258369,0.182500,-0.413979,-0.231635,0.209173,-0.424771,-0.173789,0.234754,-0.420749,-0.227074
2026-07-16 16:30:58.861,35.499966,0.000000,0.000000,0.000000,0.307946,-0.390319,-0.257278,0.111881,-0.363294,-0.257138,0.209913,-0.376807,-0.257208,0.183061,-0.409009,-0.230503,0.208942,-0.419609,-0.172635,0.234769,-0.414615,-0.225882
2026-07-16 16:30:58.961,35.599966,0.000000,0.000000,0.000000,0.308880,-0.392587,-0.257762,0.111814,-0.367389,-0.257593,0.210347,-0.379988,-0.257677,0.183153,-0.411074,-0.230965,0.209826,-0.421865,-0.173118,0.234615,-0.417652,-0.226382
2026-07-16 16:30:59.061,35.699966,0.000000,0.000000,0.000000,0.307992,-0.391351,-0.257508,0.111848,-0.365342,-0.257365,0.209920,-0.378346,-0.257437,0.183107,-0.410041,-0.230734,0.209554,-0.421759,-0.173811,0.234569,-0.416619,-0.226151
2026-07-16 16:30:59.161,35.799966,0.000000,0.000000,0.000000,0.308937,-0.393671,-0.257127,0.111781,-0.369436,-0.257820,0.210359,-0.381554,-0.257473,0.183200,-0.412106,-0.231195,0.209646,-0.423824,-0.174272,0.234661,-0.418684,-0.226613
2026-07-16 16:30:59.261,35.899966,0.000000,0.000000,0.000000,0.308798,-0.390574,-0.256435,0.111642,-0.366339,-0.257128,0.210220,-0.378457,-0.256781,0.182882,-0.409998,-0.230536,0.210514,-0.419943,-0.173492,0.234523,-0.415587,-0.225921
2026-07-16 16:30:59.361,35.999966,0.000000,0.000000,0.000000,0.308926,-0.393620,-0.257992,0.111781,-0.369436,-0.257820,0.210354,-0.381528,-0.257906,0.183200,-0.412106,-0.231195,0.210653,-0.423040,-0.174184,0.234661,-0.418684,-0.226613
2026-07-16 16:30:59.461,36.099966,0.000000,0.000000,0.000000,0.308833,-0.391555,-0.257531,0.111768,-0.366357,-0.257362,0.210301,-0.378956,-0.257446,0.183107,-0.410041,-0.230734,0.211124,-0.422093,-0.174666,0.234322,-0.417591,-0.226190
2026-07-16 16:30:59.561,36.199965,0.000000,0.000000,0.000000,0.308085,-0.393416,-0.257969,0.111781,-0.369436,-0.257820,0.209933,-0.381426,-0.257895,0.183200,-0.412106,-0.231195,0.211206,-0.424110,-0.175940,0.234661,-0.418684,-0.226613
2026-07-16 16:30:59.661,36.299965,0.000000,0.000000,0.000000,0.307896,-0.397468,-0.258658,0.111920,-0.372534,-0.258512,0.209908,-0.385001,-0.258585,0.183517,-0.414215,-0.231855,0.211917,-0.428373,-0.176761,0.234800,-0.421781,-0.227304
2026-07-16 16:30:59.761,36.399965,0.000000,0.000000,0.000000,0.307664,-0.392306,-0.257505,0.111768,-0.366357,-0.257362,0.209716,-0.379331,-0.257433,0.183186,-0.409498,-0.231533,0.211675,-0.423163,-0.176419,0.234569,-0.416619,-0.226151
2026-07-16 16:30:59.861,36.499965,0.000000,0.000000,0.000000,0.309030,-0.395736,-0.257588,0.111874,-0.371501,-0.258281,0.210452,-0.383619,-0.257934,0.183282,-0.414122,-0.232471,0.212858,-0.426460,-0.178070,0.234744,-0.420700,-0.227895
2026-07-16 16:30:59.961,36.599965,0.000000,0.000000,0.000000,0.307760,-0.386189,-0.256355,0.111537,-0.361195,-0.256209,0.209648,-0.373692,-0.256282,0.182865,-0.404831,-0.230395,0.212650,-0.416145,-0.176702,0.234327,-0.411408,-0.225820
2026-07-16 16:31:00.061,36.699965,0.000000,0.000000,0.000000,0.307942,-0.398500,-0.258888,0.111967,-0.373566,-0.258742,0.209954,-0.386033,-0.258815,0.183375,-0.416187,-0.232932,0.213941,-0.427644,-0.180074,0.234836,-0.422765,-0.228357
2026-07-16 16:31:00.161,36.799965,0.000000,0.000000,0.000000,0.309023,-0.387503,-0.256843,0.111709,-0.362244,-0.256674,0.210366,-0.374874,-0.256758,0.182958,-0.406896,-0.230857,0.213724,-0.417281,-0.179525,0.233866,-0.412308,-0.226222
2026-07-16 16:31:00.261,36.899965,0.000000,0.000000,0.000000,0.308695,-0.388458,-0.256839,0.111550,-0.364274,-0.256667,0.210122,-0.376366,-0.256753,0.183750,-0.407087,-0.230878,0.213713,-0.417232,-0.180340,0.233866,-0.412308,-0.226222
2026-07-16 16:31:00.361,36.999965,0.000000,0.000000,0.000000,0.308880,-0.392587,-0.257762,0.111735,-0.368404,-0.257589,0.210307,-0.380496,-0.257675,0.183755,-0.412206,-0.231832,0.213899,-0.421362,-0.181262,0.233806,-0.417410,-0.227182
2026-07-16 16:31:00.461,37.099965,0.000000,0.000000,0.000000,0.308926,-0.393620,-0.257992,0.111781,-0.369436,-0.257820,0.210354,-0.381528,-0.257906,0.183982,-0.412249,-0.232031,0.213142,-0.422154,-0.182286,0.233852,-0.418442,-0.227412
2026-07-16 16:31:00.561,37.199965,0.000000,0.000000,0.000000,0.308972,-0.394652,-0.258223,0.111907,-0.369454,-0.258054,0.210440,-0.382053,-0.258138,0.184028,-0.413282,-0.232262,0.213398,-0.422163,-0.183234,0.234144,-0.418502,-0.227606
2026-07-16 16:31:00.661,37.299964,0.000000,0.000000,0.000000,0.308833,-0.391555,-0.257531,0.111768,-0.366357,-0.257362,0.210301,-0.378956,-0.257446,0.184069,-0.409196,-0.231539,0.213248,-0.419017,-0.183358,0.234005,-0.415405,-0.226914
2026-07-16 16:31:00.761,37.399964,0.000000,0.000000,0.000000,0.309208,-0.391633,-0.257765,0.111814,-0.367389,-0.257593,0.210511,-0.379511,-0.257679,0.184115,-0.410228,-0.231769,0.212283,-0.420833,-0.183664,0.233252,-0.416244,-0.227123
2026-07-16 16:31:00.861,37.499964,0.000000,0.000000,0.000000,0.308695,-0.388458,-0.256839,0.111550,-0.364274,-0.256667,0.210122,-0.376366,-0.256753,0.184723,-0.406290,-0.230868,0.211078,-0.417440,-0.183630,0.233066,-0.412114,-0.226200
2026-07-16 16:31:00.961,37.599964,0.000000,0.000000,0.000000,0.308787,-0.390522,-0.257300,0.111722,-0.365324,-0.257131,0.210255,-0.377923,-0.257216,0.184816,-0.408355,-0.231330,0.211378,-0.418480,-0.184811,0.233403,-0.413206,-0.226624
2026-07-16 16:31:01.061,37.699964,0.000000,0.000000,0.000000,0.308736,-0.397671,-0.258681,0.112000,-0.371519,-0.258515,0.210368,-0.384595,-0.258598,0.185094,-0.414550,-0.232713,0.210647,-0.425459,-0.186267,0.233681,-0.419401,-0.228008
2026-07-16 16:31:01.161,37.799964,0.000000,0.000000,0.000000,0.309537,-0.390678,-0.257769,0.111814,-0.367389,-0.257593,0.210676,-0.379034,-0.257681,0.185089,-0.409432,-0.231760,0.210452,-0.421281,-0.186159,0.232452,-0.416050,-0.227101
2026-07-16 16:31:01.261,37.899964,0.000000,0.000000,0.000000,0.308926,-0.393620,-0.257992,0.111781,-0.369436,-0.257820,0.210354,-0.381528,-0.257906,0.185135,-0.410464,-0.231990,0.209707,-0.422122,-0.186368,0.232741,-0.416110,-0.227294
2026-07-16 16:31:01.361,37.999964,0.000000,0.000000,0.000000,0.308695,-0.388458,-0.256839,0.111550,-0.364274,-0.256667,0.210122,-0.376366,-0.256753,0.184904,-0.405302,-0.230837,0.209475,-0.416960,-0.185215,0.232510,-0.410948,-0.226141
2026-07-16 16:31:01.461,38.099964,0.000000,0.000000,0.000000,0.308695,-0.388458,-0.256839,0.111629,-0.363259,-0.256670,0.210162,-0.375859,-0.256755,0.184904,-0.405302,-0.230837,0.209690,-0.415983,-0.185121,0.232510,-0.410948,-0.226141
2026-07-16 16:31:01.561,38.199964,0.000000,0.000000,0.000000,0.309069,-0.388535,-0.257073,0.111596,-0.365307,-0.256897,0.210333,-0.376921,-0.256985,0.184950,-0.406334,-0.231068,0.209522,-0.417992,-0.185445,0.232799,-0.411007,-0.226335
2026-07-16 16:31:01.661,38.299963,0.000000,0.000000,0.000000,0.309116,-0.389568,-0.257304,0.111642,-0.366339,-0.257128,0.210379,-0.377954,-0.257216,0.184997,-0.407367,-0.231298,0.209558,-0.418976,-0.186490,0.232602,-0.413013,-0.226603
2026-07-16 16:31:01.761,38.399963,0.000000,0.000000,0.000000,0.308972,-0.394652,-0.258223,0.111987,-0.368439,-0.258057,0.210480,-0.381545,-0.258140,0.185171,-0.411448,-0.233038,0.210534,-0.423297,-0.187434,0.232788,-0.417142,-0.227525
2026-07-16 16:31:01.861,38.499963,0.000000,0.000000,0.000000,0.308880,-0.392587,-0.257762,0.111735,-0.368404,-0.257589,0.210307,-0.380496,-0.257675,0.184898,-0.410372,-0.232607,0.210225,-0.422209,-0.187064,0.232685,-0.415029,-0.227887
2026-07-16 16:31:01.961,38.599963,0.000000,0.000000,0.000000,0.308880,-0.392587,-0.257762,0.111735,-0.368404,-0.257589,0.210307,-0.380496,-0.257675,0.184105,-0.410180,-0.232585,0.210215,-0.422161,-0.187877,0.233241,-0.416195,-0.227945
2026-07-16 16:31:02.061,38.699963,0.000000,0.000000,0.000000,0.308926,-0.393620,-0.257992,0.111781,-0.369436,-0.257820,0.210354,-0.381528,-0.257906,0.184151,-0.411212,-0.232816,0.210261,-0.423193,-0.188108,0.233288,-0.417227,-0.228176
2026-07-16 16:31:02.161,38.799963,0.000000,0.000000,0.000000,0.308741,-0.389490,-0.257070,0.111596,-0.365307,-0.256897,0.210168,-0.377398,-0.256983,0.183172,-0.406891,-0.231872,0.209860,-0.420040,-0.187276,0.233102,-0.413098,-0.227253
2026-07-16 16:31:02.261,38.899963,0.000000,0.000000,0.000000,0.309440,-0.396795,-0.258918,0.111887,-0.374581,-0.258739,0.210663,-0.385688,-0.258829,0.183364,-0.416139,-0.233747,0.210004,-0.429227,-0.190023,0.233473,-0.421357,-0.229098
2026-07-16 16:31:02.361,38.999963,0.000000,0.000000,0.000000,0.309111,-0.397749,-0.258915,0.111967,-0.373566,-0.258742,0.210539,-0.385658,-0.258829,0.182572,-0.415947,-0.233726,0.211009,-0.428442,-0.189954,0.234273,-0.421550,-0.229120
2026-07-16 16:31:02.461,39.099963,0.000000,0.000000,0.000000,0.308972,-0.394652,-0.258223,0.111828,-0.370469,-0.258050,0.210400,-0.382560,-0.258137,0.182423,-0.412802,-0.233849,0.210871,-0.425344,-0.189262,0.234134,-0.418453,-0.228428
2026-07-16 16:31:02.561,39.199963,0.000000,0.000000,0.000000,0.308648,-0.387425,-0.256608,0.111583,-0.362227,-0.256439,0.210116,-0.374826,-0.256524,0.182099,-0.405575,-0.232234,0.210546,-0.418117,-0.187648,0.233809,-0.411226,-0.226814
2026-07-16 16:31:02.661,39.299963,0.000000,0.000000,0.000000,0.308787,-0.390522,-0.257300,0.111642,-0.366339,-0.257128,0.210215,-0.378431,-0.257214,0.182060,-0.409661,-0.232955,0.210685,-0.421215,-0.188340,0.233703,-0.415296,-0.227542
2026-07-16 16:31:02.761,39.399962,0.000000,0.000000,0.000000,0.308833,-0.391555,-0.257531,0.111609,-0.368387,-0.257355,0.210221,-0.379971,-0.257443,0.181315,-0.410502,-0.233165,0.209943,-0.422056,-0.188549,0.233749,-0.416328,-0.227772
2026-07-16 16:31:02.861,39.499962,0.000000,0.000000,0.000000,0.308903,-0.393103,-0.257877,0.111838,-0.367905,-0.257708,0.210370,-0.380504,-0.257792,0.182176,-0.412242,-0.233532,0.210012,-0.423605,-0.188895,0.234064,-0.416904,-0.228082
2026-07-16 16:31:02.961,39.599962,0.000000,0.000000,0.000000,0.309116,-0.389568,-0.257304,0.111722,-0.365324,-0.257131,0.210419,-0.377446,-0.257218,0.181269,-0.409470,-0.232934,0.209896,-0.421024,-0.188318,0.233703,-0.415296,-0.227542
2026-07-16 16:31:03.061,39.699962,0.000000,0.000000,0.000000,0.309111,-0.397749,-0.258915,0.111967,-0.373566,-0.258742,0.210539,-0.385658,-0.258829,0.181769,-0.415707,-0.234519,0.209431,-0.428060,-0.189911,0.234027,-0.422523,-0.229156
2026-07-16 16:31:03.161,39.799962,0.000000,0.000000,0.000000,0.309208,-0.391633,-0.257765,0.111814,-0.367389,-0.257593,0.210511,-0.379511,-0.257679,0.181372,-0.411583,-0.232582,0.208635,-0.421778,-0.187834,0.233796,-0.417361,-0.228003
2026-07-16 16:31:03.261,39.899962,0.000000,0.000000,0.000000,0.308695,-0.388458,-0.256839,0.111629,-0.363259,-0.256670,0.210162,-0.375859,-0.256755,0.181978,-0.407645,-0.231680,0.207447,-0.418435,-0.186982,0.233610,-0.413231,-0.227081
2026-07-16 16:31:03.361,39.999962,0.000000,0.000000,0.000000,0.309394,-0.395762,-0.258688,0.112000,-0.371519,-0.258515,0.210697,-0.383641,-0.258601,0.181733,-0.414723,-0.233474,0.207817,-0.426694,-0.188827,0.233981,-0.421490,-0.228926
2026-07-16 16:31:03.461,40.099962,0.000000,0.000000,0.000000,0.309347,-0.394730,-0.258457,0.111874,-0.371501,-0.258281,0.210611,-0.383116,-0.258369,0.181687,-0.413691,-0.233243,0.207088,-0.424982,-0.188529,0.233935,-0.420458,-0.228695
2026-07-16 16:31:03.561,40.199962,0.000000,0.000000,0.000000,0.309019,-0.395684,-0.258453,0.111874,-0.371501,-0.258281,0.210446,-0.383593,-0.258367,0.181687,-0.413691,-0.233243,0.206193,-0.425280,-0.188553,0.234180,-0.419485,-0.228659
2026-07-16 16:31:03.661,40.299962,0.000000,0.000000,0.000000,0.308880,-0.392587,-0.257762,0.111814,-0.367389,-0.257593,0.210347,-0.379988,-0.257677,0.181548,-0.410594,-0.232551,0.205265,-0.421992,-0.187840,0.233796,-0.417361,-0.228003
2026-07-16 16:31:03.761,40.399961,0.000000,0.000000,0.000000,0.308706,-0.388509,-0.255973,0.111629,-0.363259,-0.256670,0.210167,-0.375884,-0.256322,0.181363,-0.406464,-0.231629,0.204870,-0.418841,-0.187009,0.233365,-0.414204,-0.227117
2026-07-16 16:31:03.861,40.499961,0.000000,0.000000,0.000000,0.308798,-0.390574,-0.256435,0.111801,-0.364309,-0.257135,0.210300,-0.377442,-0.256785,0.181456,-0.408529,-0.232090,0.203967,-0.421693,-0.187540,0.233458,-0.416268,-0.227578
2026-07-16 16:31:03.961,40.599961,0.000000,0.000000,0.000000,0.309301,-0.393698,-0.258226,0.111828,-0.370469,-0.258050,0.210564,-0.382083,-0.258138,0.180673,-0.413457,-0.233021,0.203365,-0.425632,-0.188441,0.233643,-0.420398,-0.228501
2026-07-16 16:31:04.061,40.699961,0.000000,0.000000,0.000000,0.309497,-0.397879,-0.258282,0.112172,-0.372569,-0.258980,0.210835,-0.385224,-0.258631,0.180683,-0.418576,-0.233974,0.203550,-0.429762,-0.189364,0.233828,-0.424528,-0.229423
2026-07-16 16:31:04.161,40.799961,0.000000,0.000000,0.000000,0.309255,-0.392665,-0.257996,0.111861,-0.368421,-0.257823,0.210558,-0.380543,-0.257910,0.179651,-0.413174,-0.233612,0.202532,-0.424410,-0.188189,0.233597,-0.419366,-0.228270
2026-07-16 16:31:04.261,40.899961,0.000000,0.000000,0.000000,0.308366,-0.391429,-0.257742,0.111814,-0.367389,-0.257593,0.210090,-0.379409,-0.257667,0.179605,-0.412142,-0.233382,0.202496,-0.423425,-0.187149,0.233550,-0.418333,-0.228039
2026-07-16 16:31:04.361,40.999961,0.000000,0.000000,0.000000,0.307803,-0.395403,-0.258196,0.111907,-0.369454,-0.258054,0.209855,-0.382429,-0.258125,0.179697,-0.414207,-0.233843,0.202598,-0.425538,-0.186801,0.233643,-0.420398,-0.228501
2026-07-16 16:31:04.461,41.099961,0.000000,0.000000,0.000000,0.309255,-0.392665,-0.257996,0.111781,-0.369436,-0.257820,0.210518,-0.381051,-0.257908,0.179651,-0.413174,-0.233612,0.202769,-0.423576,-0.185667,0.234394,-0.419558,-0.228292
2026-07-16 16:31:04.561,41.199961,0.000000,0.000000,0.000000,0.309347,-0.394730,-0.258457,0.111953,-0.370486,-0.258285,0.210650,-0.382608,-0.258371,0.179754,-0.415288,-0.233261,0.202882,-0.425737,-0.184507,0.234487,-0.421623,-0.228753
2026-07-16 16:31:04.661,41.299961,0.000000,0.000000,0.000000,0.307853,-0.388254,-0.256816,0.111470,-0.365289,-0.256663,0.209662,-0.376772,-0.256740,0.179255,-0.409051,-0.231677,0.202785,-0.417628,-0.181173,0.234163,-0.414396,-0.227138
2026-07-16 16:31:04.761,41.399961,0.000000,0.000000,0.000000,0.308038,-0.392384,-0.257739,0.111814,-0.367389,-0.257593,0.209926,-0.379886,-0.257666,0.179615,-0.412190,-0.232569,0.202784,-0.422833,-0.180574,0.234348,-0.418526,-0.228061
2026-07-16 16:31:04.861,41.499960,0.000000,0.000000,0.000000,0.308601,-0.388409,-0.257285,0.111722,-0.365324,-0.257131,0.210161,-0.376867,-0.257208,0.180323,-0.410365,-0.231317,0.203708,-0.420077,-0.178410,0.235063,-0.416703,-0.226801
2026-07-16 16:31:04.961,41.599960,0.000000,0.000000,0.000000,0.309019,-0.395684,-0.258453,0.112033,-0.369471,-0.258288,0.210526,-0.382578,-0.258371,0.180554,-0.415527,-0.232470,0.204331,-0.427481,-0.178172,0.235295,-0.421865,-0.227954
2026-07-16 16:31:05.061,41.699960,0.000000,0.000000,0.000000,0.307946,-0.390319,-0.257278,0.111722,-0.365324,-0.257131,0.209834,-0.377822,-0.257204,0.180498,-0.409375,-0.231285,0.204757,-0.419532,-0.174265,0.235063,-0.416703,-0.226801
2026-07-16 16:31:05.161,41.799960,0.000000,0.000000,0.000000,0.308752,-0.389541,-0.256204,0.111676,-0.364292,-0.256901,0.210214,-0.376917,-0.256552,0.181253,-0.408583,-0.230262,0.205521,-0.418788,-0.172430,0.235265,-0.414699,-0.226533
2026-07-16 16:31:05.261,41.899960,0.000000,0.000000,0.000000,0.308551,-0.395559,-0.258665,0.112079,-0.370504,-0.258519,0.210315,-0.383031,-0.258592,0.181577,-0.415810,-0.231877,0.205436,-0.428017,-0.173457,0.235599,-0.421974,-0.227326
2026-07-16 16:31:05.361,41.999960,0.000000,0.000000,0.000000,0.308741,-0.389490,-0.257070,0.111676,-0.364292,-0.256901,0.210208,-0.376891,-0.256985,0.182045,-0.408774,-0.230284,0.205920,-0.421077,-0.170243,0.236074,-0.414941,-0.225733
2026-07-16 16:31:05.461,42.099960,0.000000,0.000000,0.000000,0.308412,-0.392461,-0.257973,0.111781,-0.369436,-0.257820,0.210097,-0.380949,-0.257896,0.182230,-0.412904,-0.231206,0.206116,-0.425255,-0.170355,0.236010,-0.420042,-0.226694
2026-07-16 16:31:05.561,42.199960,0.000000,0.000000,0.000000,0.308180,-0.387299,-0.256820,0.111629,-0.363259,-0.256670,0.209905,-0.375279,-0.256745,0.182009,-0.407790,-0.229239,0.206894,-0.419355,-0.168296,0.236027,-0.413908,-0.225503
2026-07-16 16:31:05.661,42.299960,0.000000,0.000000,0.000000,0.308412,-0.392461,-0.257973,0.111781,-0.369436,-0.257820,0.210097,-0.380949,-0.257896,0.182240,-0.412952,-0.230393,0.207126,-0.424517,-0.169449,0.236269,-0.419119,-0.225834
2026-07-16 16:31:05.761,42.399960,0.000000,0.000000,0.000000,0.308319,-0.390397,-0.257512,0.111689,-0.367372,-0.257359,0.210004,-0.378884,-0.257435,0.182147,-0.410887,-0.229931,0.207033,-0.422453,-0.168988,0.235368,-0.416812,-0.226173
2026-07-16 16:31:05.861,42.499959,0.000000,0.000000,0.000000,0.308038,-0.392384,-0.257739,0.111814,-0.367389,-0.257593,0.209926,-0.379886,-0.257666,0.182194,-0.411920,-0.230162,0.207302,-0.422557,-0.168289,0.235964,-0.419010,-0.226463
2026-07-16 16:31:05.961,42.599959,0.000000,0.000000,0.000000,0.307946,-0.390319,-0.257278,0.111722,-0.365324,-0.257131,0.209834,-0.377822,-0.257204,0.182101,-0.409855,-0.229701,0.207209,-0.420493,-0.167828,0.236120,-0.415973,-0.225964
2026-07-16 16:31:06.061,42.699959,0.000000,0.000000,0.000000,0.308319,-0.390397,-0.257512,0.111689,-0.367372,-0.257359,0.210004,-0.378884,-0.257435,0.182147,-0.410887,-0.229931,0.207256,-0.421525,-0.168059,0.236166,-0.417006,-0.226195
2026-07-16 16:31:06.161,42.799959,0.000000,0.000000,0.000000,0.308983,-0.394704,-0.257357,0.111828,-0.370469,-0.258050,0.210405,-0.382586,-0.257704,0.182286,-0.413985,-0.230623,0.207395,-0.424622,-0.168751,0.236316,-0.420152,-0.226065
2026-07-16 16:31:06.261,42.899959,0.000000,0.000000,0.000000,0.309122,-0.397801,-0.258049,0.111967,-0.373566,-0.258742,0.210544,-0.385683,-0.258396,0.182425,-0.417082,-0.231315,0.207533,-0.427719,-0.169443,0.236444,-0.423200,-0.227578
2026-07-16 16:31:06.361,42.999959,0.000000,0.000000,0.000000,0.308880,-0.392587,-0.257762,0.111814,-0.367389,-0.257593,0.210347,-0.379988,-0.257677,0.182194,-0.411920,-0.230162,0.207292,-0.422509,-0.169102,0.235964,-0.419010,-0.226463
2026-07-16 16:31:06.461,43.099959,0.000000,0.000000,0.000000,0.308706,-0.388509,-0.255973,0.111550,-0.364274,-0.256667,0.210128,-0.376392,-0.256320,0.181217,-0.407599,-0.229218,0.205894,-0.420141,-0.168391,0.235779,-0.414880,-0.225541
2026-07-16 16:31:06.561,43.199959,0.000000,0.000000,0.000000,0.308131,-0.394448,-0.258200,0.111907,-0.369454,-0.258054,0.210019,-0.381951,-0.258127,0.181485,-0.413745,-0.231415,0.206172,-0.426335,-0.169775,0.236057,-0.421074,-0.226925
2026-07-16 16:31:06.661,43.299959,0.000000,0.000000,0.000000,0.309030,-0.395736,-0.257588,0.111953,-0.370486,-0.258285,0.210492,-0.383111,-0.257936,0.181541,-0.414826,-0.230832,0.206219,-0.427368,-0.170006,0.236103,-0.422107,-0.227155
2026-07-16 16:31:06.761,43.399959,0.000000,0.000000,0.000000,0.308316,-0.398578,-0.259123,0.112092,-0.373584,-0.258976,0.210204,-0.386081,-0.259050,0.181680,-0.417923,-0.231524,0.206568,-0.429489,-0.170581,0.236490,-0.424232,-0.227809
2026-07-16 16:31:06.861,43.499959,0.000000,0.000000,0.000000,0.307853,-0.388254,-0.256816,0.111629,-0.363259,-0.256670,0.209741,-0.375757,-0.256743,0.181030,-0.408540,-0.230064,0.205894,-0.420141,-0.168391,0.235779,-0.414880,-0.225541
2026-07-16 16:31:06.961,43.599958,0.000000,0.000000,0.000000,0.309169,-0.398833,-0.258280,0.112092,-0.373584,-0.258976,0.210630,-0.386208,-0.258628,0.181494,-0.418864,-0.232370,0.206358,-0.430465,-0.170698,0.236242,-0.425204,-0.227847
2026-07-16 16:31:07.061,43.699958,0.000000,0.000000,0.000000,0.308798,-0.390574,-0.256435,0.111722,-0.365324,-0.257131,0.210260,-0.377949,-0.256783,0.181123,-0.410605,-0.230525,0.205409,-0.421039,-0.168715,0.235871,-0.416945,-0.226002
2026-07-16 16:31:07.161,43.799958,0.000000,0.000000,0.000000,0.308038,-0.392384,-0.257739,0.111814,-0.367389,-0.257593,0.209926,-0.379886,-0.257666,0.180426,-0.412478,-0.230965,0.205292,-0.424080,-0.169293,0.235964,-0.419010,-0.226463
2026-07-16 16:31:07.261,43.899958,0.000000,0.000000,0.000000,0.308085,-0.393416,-0.257969,0.111861,-0.368421,-0.257823,0.209973,-0.380919,-0.257896,0.180472,-0.413511,-0.231196,0.205328,-0.425064,-0.170334,0.236010,-0.420042,-0.226694
2026-07-16 16:31:07.361,43.999958,0.000000,0.000000,0.000000,0.309127,-0.389620,-0.256437,0.111801,-0.364309,-0.257135,0.210464,-0.376964,-0.256786,0.180508,-0.409424,-0.230471,0.205409,-0.421039,-0.168715,0.235871,-0.416945,-0.226002
2026-07-16 16:31:07.461,44.099958,0.000000,0.000000,0.000000,0.307992,-0.391351,-0.257508,0.111689,-0.367372,-0.257359,0.209840,-0.379361,-0.257433,0.180467,-0.410951,-0.230718,0.205455,-0.422071,-0.168945,0.235918,-0.417977,-0.226233
2026-07-16 16:31:07.561,44.199958,0.000000,0.000000,0.000000,0.308787,-0.390522,-0.257300,0.111642,-0.366339,-0.257128,0.210215,-0.378431,-0.257214,0.180333,-0.410414,-0.230504,0.205619,-0.420062,-0.168598,0.235871,-0.416945,-0.226002
2026-07-16 16:31:07.661,44.299958,0.000000,0.000000,0.000000,0.309173,-0.390652,-0.256668,0.111768,-0.366357,-0.257362,0.210471,-0.378504,-0.257015,0.180379,-0.411446,-0.230735,0.204875,-0.420903,-0.168807,0.235918,-0.417977,-0.226233
2026-07-16 16:31:07.761,44.399958,0.000000,0.000000,0.000000,0.308741,-0.389490,-0.257070,0.111676,-0.364292,-0.256901,0.210208,-0.376891,-0.256985,0.180287,-0.409381,-0.230273,0.204574,-0.419815,-0.168463,0.235576,-0.416884,-0.225810
2026-07-16 16:31:07.861,44.499958,0.000000,0.000000,0.000000,0.308706,-0.388509,-0.255973,0.111629,-0.363259,-0.256670,0.210167,-0.375884,-0.256322,0.180240,-0.408349,-0.230043,0.204632,-0.418294,-0.168174,0.235779,-0.414880,-0.225541
2026-07-16 16:31:07.961,44.599957,0.000000,0.000000,0.000000,0.307899,-0.389286,-0.257047,0.111676,-0.364292,-0.256901,0.209787,-0.376789,-0.256974,0.180287,-0.409381,-0.230273,0.204782,-0.418838,-0.168346,0.235825,-0.415912,-0.225772
2026-07-16 16:31:08.061,44.699957,0.000000,0.000000,0.000000,0.309122,-0.397801,-0.258049,0.112046,-0.372551,-0.258746,0.210584,-0.385176,-0.258397,0.180833,-0.416651,-0.232086,0.205153,-0.427098,-0.170191,0.235947,-0.425143,-0.227655
2026-07-16 16:31:08.161,44.799957,0.000000,0.000000,0.000000,0.308085,-0.393416,-0.257969,0.111861,-0.368421,-0.257823,0.209973,-0.380919,-0.257896,0.180472,-0.413511,-0.231196,0.204968,-0.422968,-0.169269,0.236010,-0.420042,-0.226694
2026-07-16 16:31:08.261,44.899957,0.000000,0.000000,0.000000,0.307946,-0.390319,-0.257278,0.111642,-0.366339,-0.257128,0.209794,-0.378329,-0.257203,0.180333,-0.410414,-0.230504,0.204829,-0.419871,-0.168577,0.235871,-0.416945,-0.226002
2026-07-16 16:31:08.361,44.999957,0.000000,0.000000,0.000000,0.308316,-0.398578,-0.259123,0.112172,-0.372569,-0.258980,0.210244,-0.385573,-0.259051,0.180703,-0.418673,-0.232349,0.204990,-0.429107,-0.170538,0.235993,-0.426175,-0.227886
2026-07-16 16:31:08.461,45.099957,0.000000,0.000000,0.000000,0.308085,-0.393416,-0.257969,0.111861,-0.368421,-0.257823,0.209973,-0.380919,-0.257896,0.180472,-0.413511,-0.231196,0.204550,-0.424922,-0.169502,0.236010,-0.420042,-0.226694
2026-07-16 16:31:08.561,45.199957,0.000000,0.000000,0.000000,0.308880,-0.392587,-0.257762,0.111814,-0.367389,-0.257593,0.210347,-0.379988,-0.257677,0.180426,-0.412478,-0.230965,0.204713,-0.422913,-0.169155,0.235964,-0.419010,-0.226463
2026-07-16 16:31:08.661,45.299957,0.000000,0.000000,0.000000,0.308223,-0.396513,-0.258661,0.111920,-0.372534,-0.258512,0.210072,-0.384524,-0.258587,0.180786,-0.415618,-0.231855,0.205107,-0.426065,-0.169960,0.236149,-0.423139,-0.227386
2026-07-16 16:31:08.761,45.399957,0.000000,0.000000,0.000000,0.308038,-0.392384,-0.257739,0.111814,-0.367389,-0.257593,0.209926,-0.379886,-0.257666,0.180426,-0.412478,-0.230965,0.204713,-0.422913,-0.169155,0.235964,-0.419010,-0.226463
2026-07-16 16:31:08.861,45.499957,0.000000,0.000000,0.000000,0.308273,-0.389364,-0.257281,0.111801,-0.364309,-0.257135,0.210037,-0.376837,-0.257208,0.180333,-0.410414,-0.230504,0.204724,-0.420359,-0.168635,0.235871,-0.416945,-0.226002
2026-07-16 16:31:08.961,45.599957,0.000000,0.000000,0.000000,0.308695,-0.388458,-0.256839,0.111629,-0.363259,-0.256670,0.210162,-0.375859,-0.256755,0.180240,-0.408349,-0.230043,0.204736,-0.417806,-0.168115,0.235779,-0.414880,-0.225541
2026-07-16 16:31:09.061,45.699956,0.000000,0.000000,0.000000,0.308659,-0.387477,-0.255743,0.111503,-0.363242,-0.256436,0.210081,-0.375359,-0.256089,0.180194,-0.407316,-0.229812,0.203702,-0.417608,-0.167169,0.235732,-0.413847,-0.225310
2026-07-16 16:31:09.161,45.799956,0.000000,0.000000,0.000000,0.308787,-0.390522,-0.257300,0.111642,-0.366339,-0.257128,0.210215,-0.378431,-0.257214,0.180508,-0.409424,-0.230471,0.204049,-0.419728,-0.167743,0.235623,-0.417916,-0.226041
2026-07-16 16:31:09.261,45.899956,0.000000,0.000000,0.000000,0.308891,-0.392639,-0.256896,0.111735,-0.368404,-0.257589,0.210313,-0.380521,-0.257243,0.180601,-0.411489,-0.230933,0.204142,-0.421793,-0.168204,0.235964,-0.419010,-0.226463
2026-07-16 16:31:09.361,45.999956,0.000000,0.000000,0.000000,0.308798,-0.390574,-0.256435,0.111722,-0.365324,-0.257131,0.210260,-0.377949,-0.256783,0.180333,-0.410414,-0.230504,0.204049,-0.419728,-0.167743,0.235871,-0.416945,-0.226002
2026-07-16 16:31:09.461,46.099956,0.000000,0.000000,0.000000,0.307711,-0.393338,-0.257735,0.111974,-0.365359,-0.257600,0.209842,-0.379349,-0.257667,0.180426,-0.412478,-0.230965,0.203934,-0.422770,-0.168322,0.235715,-0.419981,-0.226502
2026-07-16 16:31:09.561,46.199956,0.000000,0.000000,0.000000,0.307526,-0.389209,-0.256813,0.111629,-0.363259,-0.256670,0.209577,-0.376234,-0.256741,0.180240,-0.408349,-0.230043,0.203749,-0.418640,-0.167399,0.235779,-0.414880,-0.225541
2026-07-16 16:31:09.661,46.299956,0.000000,0.000000,0.000000,0.308880,-0.392587,-0.257762,0.111735,-0.368404,-0.257589,0.210307,-0.380496,-0.257675,0.180601,-0.411489,-0.230933,0.204142,-0.421793,-0.168204,0.235715,-0.419981,-0.226502
2026-07-16 16:31:09.761,46.399956,0.000000,0.000000,0.000000,0.309520,-0.398395,-0.258398,0.112195,-0.373085,-0.259095,0.210858,-0.385740,-0.258746,0.180727,-0.419189,-0.232464,0.204235,-0.429481,-0.169821,0.236265,-0.425720,-0.227963
2026-07-16 16:31:09.861,46.499956,0.000000,0.000000,0.000000,0.309301,-0.393698,-0.258226,0.111907,-0.369454,-0.258054,0.210604,-0.381576,-0.258140,0.180518,-0.414543,-0.231427,0.204026,-0.424835,-0.168783,0.236057,-0.421074,-0.226925
2026-07-16 16:31:09.961,46.599956,0.000000,0.000000,0.000000,0.307899,-0.389286,-0.257047,0.111596,-0.365307,-0.256897,0.209748,-0.377297,-0.256972,0.180462,-0.408391,-0.230241,0.203795,-0.419673,-0.167630,0.235576,-0.416884,-0.225810
2026-07-16 16:31:10.061,46.699955,0.000000,0.000000,0.000000,0.307618,-0.391274,-0.257274,0.111722,-0.365324,-0.257131,0.209670,-0.378299,-0.257203,0.180333,-0.410414,-0.230504,0.204049,-0.419728,-0.167743,0.235871,-0.416945,-0.226002
2026-07-16 16:31:10.161,46.799955,0.000000,0.000000,0.000000,0.308937,-0.393671,-0.257127,0.111781,-0.369436,-0.257820,0.210359,-0.381554,-0.257473,0.180472,-0.413511,-0.231196,0.203398,-0.422634,-0.168413,0.235762,-0.421013,-0.226732
2026-07-16 16:31:10.261,46.899955,0.000000,0.000000,0.000000,0.308459,-0.391477,-0.257297,0.111642,-0.366339,-0.257128,0.210051,-0.378908,-0.257212,0.180508,-0.409424,-0.230471,0.204049,-0.419728,-0.167743,0.235871,-0.416945,-0.226002
2026-07-16 16:31:10.361,46.999955,0.000000,0.000000,0.000000,0.308038,-0.392384,-0.257739,0.111735,-0.368404,-0.257589,0.209887,-0.380394,-0.257664,0.179635,-0.412287,-0.230944,0.203351,-0.421602,-0.168183,0.235964,-0.419010,-0.226463
2026-07-16 16:31:10.461,47.099955,0.000000,0.000000,0.000000,0.307992,-0.391351,-0.257508,0.111768,-0.366357,-0.257362,0.209880,-0.378854,-0.257435,0.179589,-0.411255,-0.230713,0.203888,-0.421738,-0.168091,0.235669,-0.418949,-0.226271
2026-07-16 16:31:10.561,47.199955,0.000000,0.000000,0.000000,0.308319,-0.390397,-0.257512,0.111768,-0.366357,-0.257362,0.210044,-0.378377,-0.257437,0.179589,-0.411255,-0.230713,0.203888,-0.421738,-0.168091,0.235669,-0.418949,-0.226271
2026-07-16 16:31:10.661,47.299955,0.000000,0.000000,0.000000,0.308180,-0.387299,-0.256820,0.111550,-0.364274,-0.256667,0.209865,-0.375787,-0.256743,0.179625,-0.407168,-0.229989,0.203541,-0.419617,-0.167517,0.235530,-0.415851,-0.225579
2026-07-16 16:31:10.761,47.399955,0.000000,0.000000,0.000000,0.307853,-0.388254,-0.256816,0.111550,-0.364274,-0.256667,0.209701,-0.376264,-0.256741,0.179450,-0.408158,-0.230021,0.203749,-0.418640,-0.167399,0.235779,-0.414880,-0.225541
2026-07-16 16:31:10.861,47.499955,0.000000,0.000000,0.000000,0.307853,-0.388254,-0.256816,0.111470,-0.365289,-0.256663,0.209662,-0.376772,-0.256740,0.179450,-0.408158,-0.230021,0.203956,-0.417663,-0.167281,0.235530,-0.415851,-0.225579
2026-07-16 16:31:10.961,47.599955,0.000000,0.000000,0.000000,0.307853,-0.388254,-0.256816,0.111629,-0.363259,-0.256670,0.209741,-0.375757,-0.256743,0.179450,-0.408158,-0.230021,0.203738,-0.418592,-0.168211,0.235530,-0.415851,-0.225579
2026-07-16 16:31:11.061,47.699955,0.000000,0.000000,0.000000,0.308273,-0.389364,-0.257281,0.111722,-0.365324,-0.257131,0.209997,-0.377344,-0.257206,0.179543,-0.410222,-0.230483,0.203831,-0.420657,-0.168672,0.235623,-0.417916,-0.226041
2026-07-16 16:31:11.161,47.799954,0.000000,0.000000,0.000000,0.308470,-0.391528,-0.256432,0.111642,-0.366339,-0.257128,0.210056,-0.378934,-0.256780,0.179630,-0.409727,-0.230466,0.203831,-0.420657,-0.168672,0.235623,-0.417916,-0.226041
2026-07-16 16:31:11.261,47.899954,0.000000,0.000000,0.000000,0.308319,-0.390397,-0.257512,0.111689,-0.367372,-0.257359,0.210004,-0.378884,-0.257435,0.179589,-0.411255,-0.230713,0.203877,-0.421689,-0.168903,0.235918,-0.417977,-0.226233
2026-07-16 16:31:11.361,47.999954,0.000000,0.000000,0.000000,0.307946,-0.390319,-0.257278,0.111722,-0.365324,-0.257131,0.209834,-0.377822,-0.257204,0.179543,-0.410222,-0.230483,0.203831,-0.420657,-0.168672,0.235623,-0.417916,-0.226041
2026-07-16 16:31:11.461,48.099954,0.000000,0.000000,0.000000,0.308844,-0.391606,-0.256665,0.111689,-0.367372,-0.257359,0.210267,-0.379489,-0.257012,0.179589,-0.411255,-0.230713,0.203877,-0.421689,-0.168903,0.235793,-0.418463,-0.226252
2026-07-16 16:31:11.561,48.199954,0.000000,0.000000,0.000000,0.309440,-0.396795,-0.258918,0.111967,-0.373566,-0.258742,0.210703,-0.385180,-0.258830,0.179857,-0.417401,-0.232910,0.204155,-0.427884,-0.170286,0.236071,-0.424657,-0.227636
2026-07-16 16:31:11.661,48.299954,0.000000,0.000000,0.000000,0.308223,-0.396513,-0.258661,0.112000,-0.371519,-0.258515,0.210112,-0.384016,-0.258588,0.179821,-0.416417,-0.231866,0.204109,-0.426851,-0.170056,0.236149,-0.423139,-0.227386
2026-07-16 16:31:11.761,48.399954,0.000000,0.000000,0.000000,0.309127,-0.389620,-0.256437,0.111801,-0.364309,-0.257135,0.210464,-0.376964,-0.256786,0.179543,-0.410222,-0.230483,0.204039,-0.419680,-0.168555,0.235871,-0.416945,-0.226002
2026-07-16 16:31:11.861,48.499954,0.000000,0.000000,0.000000,0.307853,-0.388254,-0.256816,0.111550,-0.364274,-0.256667,0.209701,-0.376264,-0.256741,0.179450,-0.408158,-0.230021,0.203738,-0.418592,-0.168211,0.235530,-0.415851,-0.225579
2026-07-16 16:31:11.961,48.599954,0.000000,0.000000,0.000000,0.308787,-0.390522,-0.257300,0.111642,-0.366339,-0.257128,0.210215,-0.378431,-0.257214,0.179543,-0.410222,-0.230483,0.203831,-0.420657,-0.168672,0.235871,-0.416945,-0.226002
2026-07-16 16:31:12.061,48.699954,0.000000,0.000000,0.000000,0.308613,-0.386444,-0.255512,0.111457,-0.362210,-0.256205,0.210035,-0.374327,-0.255859,0.179358,-0.406093,-0.229560,0.203438,-0.417504,-0.167866,0.235686,-0.412815,-0.225080
2026-07-16 16:31:12.161,48.799953,0.000000,0.000000,0.000000,0.308177,-0.395481,-0.258431,0.111953,-0.370486,-0.258285,0.210065,-0.382984,-0.258358,0.179764,-0.415336,-0.232448,0.204062,-0.425819,-0.169825,0.236103,-0.422107,-0.227155
2026-07-16 16:31:12.261,48.899953,0.000000,0.000000,0.000000,0.308085,-0.393416,-0.257969,0.111702,-0.370451,-0.257816,0.209893,-0.381934,-0.257893,0.179682,-0.413320,-0.231175,0.204188,-0.422825,-0.168435,0.235762,-0.421013,-0.226732
2026-07-16 16:31:12.361,48.999953,0.000000,0.000000,0.000000,0.309219,-0.391684,-0.256899,0.111735,-0.368404,-0.257589,0.210477,-0.380044,-0.257244,0.179625,-0.412239,-0.231756,0.203934,-0.422770,-0.168322,0.235954,-0.418961,-0.227284
2026-07-16 16:31:12.461,49.099953,0.000000,0.000000,0.000000,0.309127,-0.389620,-0.256437,0.111722,-0.365324,-0.257131,0.210424,-0.377472,-0.256784,0.179543,-0.410222,-0.230483,0.203841,-0.420705,-0.167860,0.235871,-0.416945,-0.226002
2026-07-16 16:31:12.561,49.199953,0.000000,0.000000,0.000000,0.307992,-0.391351,-0.257508,0.111768,-0.366357,-0.257362,0.209880,-0.378854,-0.257435,0.179589,-0.411255,-0.230713,0.203888,-0.421738,-0.168091,0.235659,-0.418900,-0.227090
2026-07-16 16:31:12.661,49.299953,0.000000,0.000000,0.000000,0.308085,-0.393416,-0.257969,0.111781,-0.369436,-0.257820,0.209933,-0.381426,-0.257895,0.179682,-0.413320,-0.231175,0.203980,-0.423802,-0.168552,0.235762,-0.421013,-0.226732
2026-07-16 16:31:12.761,49.399953,0.000000,0.000000,0.000000,0.307899,-0.389286,-0.257047,0.111596,-0.365307,-0.256897,0.209748,-0.377297,-0.256972,0.179497,-0.409190,-0.230252,0.204013,-0.418744,-0.166699,0.235825,-0.415912,-0.225772
2026-07-16 16:31:12.861,49.499953,0.000000,0.000000,0.000000,0.307946,-0.390319,-0.257278,0.111722,-0.365324,-0.257131,0.209834,-0.377822,-0.257204,0.179543,-0.410222,-0.230483,0.203851,-0.420754,-0.167049,0.235623,-0.417916,-0.226041
2026-07-16 16:31:12.961,49.599953,0.000000,0.000000,0.000000,0.308316,-0.398578,-0.259123,0.112092,-0.373584,-0.258976,0.210204,-0.386081,-0.259050,0.179913,-0.418482,-0.232328,0.204222,-0.429013,-0.168894,0.236242,-0.425204,-0.227847
2026-07-16 16:31:13.061,49.699953,0.000000,0.000000,0.000000,0.308270,-0.397546,-0.258892,0.111967,-0.373566,-0.258742,0.210118,-0.385556,-0.258817,0.179867,-0.417449,-0.232097,0.204279,-0.427492,-0.168604,0.236195,-0.424172,-0.227617
2026-07-16 16:31:13.161,49.799953,0.000000,0.000000,0.000000,0.307992,-0.391351,-0.257508,0.111689,-0.367372,-0.257359,0.209840,-0.379361,-0.257433,0.179589,-0.411255,-0.230713,0.204106,-0.420809,-0.167161,0.235918,-0.417977,-0.226233
2026-07-16 16:31:13.261,49.899952,0.000000,0.000000,0.000000,0.307946,-0.390319,-0.257278,0.111722,-0.365324,-0.257131,0.209834,-0.377822,-0.257204,0.179543,-0.410222,-0.230483,0.203851,-0.420754,-0.167049,0.235623,-0.417916,-0.226041
2026-07-16 16:31:13.361,49.999952,0.000000,0.000000,0.000000,0.308131,-0.394448,-0.258200,0.111828,-0.370469,-0.258050,0.209979,-0.382459,-0.258125,0.179728,-0.414352,-0.231405,0.204255,-0.423955,-0.167040,0.236046,-0.421025,-0.227745
2026-07-16 16:31:13.461,50.099952,0.000000,0.000000,0.000000,0.307711,-0.393338,-0.257735,0.111735,-0.368404,-0.257589,0.209723,-0.380871,-0.257662,0.179635,-0.412287,-0.230944,0.203954,-0.422867,-0.166699,0.235964,-0.419010,-0.226463
2026-07-16 16:31:13.561,50.199952,0.000000,0.000000,0.000000,0.307853,-0.388254,-0.256816,0.111550,-0.364274,-0.256667,0.209701,-0.376264,-0.256741,0.179450,-0.408158,-0.230021,0.203769,-0.418737,-0.165776,0.235779,-0.414880,-0.225541
2026-07-16 16:31:13.661,50.299952,0.000000,0.000000,0.000000,0.309030,-0.395736,-0.257588,0.111874,-0.371501,-0.258281,0.210452,-0.383619,-0.257934,0.179774,-0.415384,-0.231636,0.204301,-0.424987,-0.167271,0.236103,-0.422107,-0.227155
2026-07-16 16:31:13.761,50.399952,0.000000,0.000000,0.000000,0.307760,-0.386189,-0.256355,0.111378,-0.363225,-0.256202,0.209569,-0.374707,-0.256278,0.179358,-0.406093,-0.229560,0.203677,-0.416672,-0.165315,0.235686,-0.412815,-0.225080
2026-07-16 16:31:13.861,50.499952,0.000000,0.000000,0.000000,0.308273,-0.389364,-0.257281,0.111642,-0.366339,-0.257128,0.209958,-0.377852,-0.257204,0.179543,-0.410222,-0.230483,0.204080,-0.419873,-0.165305,0.235871,-0.416945,-0.226002
2026-07-16 16:31:13.961,50.599952,0.000000,0.000000,0.000000,0.308752,-0.389541,-0.256204,0.111517,-0.366322,-0.256894,0.210134,-0.377932,-0.256549,0.179497,-0.409190,-0.230252,0.203930,-0.419329,-0.165135,0.235576,-0.416884,-0.225810
2026-07-16 16:31:14.061,50.699952,0.000000,0.000000,0.000000,0.308690,-0.398656,-0.259357,0.112059,-0.375631,-0.259204,0.210374,-0.387143,-0.259280,0.179960,-0.419514,-0.232558,0.204289,-0.430142,-0.167502,0.236288,-0.426236,-0.228078
2026-07-16 16:31:14.161,50.799952,0.000000,0.000000,0.000000,0.309127,-0.389620,-0.256437,0.111642,-0.366339,-0.257128,0.210385,-0.377979,-0.256783,0.179543,-0.410222,-0.230483,0.204090,-0.419922,-0.164492,0.236669,-0.417138,-0.226024
2026-07-16 16:31:14.261,50.899951,0.000000,0.000000,0.000000,0.308926,-0.393620,-0.257992,0.111702,-0.370451,-0.257816,0.210314,-0.382036,-0.257904,0.179682,-0.413320,-0.231175,0.204239,-0.423067,-0.164372,0.236010,-0.420042,-0.226694
2026-07-16 16:31:14.361,50.999951,0.000000,0.000000,0.000000,0.308038,-0.392384,-0.257739,0.111814,-0.367389,-0.257593,0.209926,-0.379886,-0.257666,0.179635,-0.412287,-0.230944,0.203777,-0.423988,-0.164388,0.236762,-0.419202,-0.226485
2026-07-16 16:31:14.461,51.099951,0.000000,0.000000,0.000000,0.308752,-0.389541,-0.256204,0.111755,-0.363277,-0.256904,0.210253,-0.376409,-0.256554,0.179497,-0.409190,-0.230252,0.203857,-0.419963,-0.162761,0.236623,-0.416105,-0.225793
2026-07-16 16:31:14.561,51.199951,0.000000,0.000000,0.000000,0.308736,-0.397671,-0.258681,0.112000,-0.371519,-0.258515,0.210368,-0.384595,-0.258598,0.179831,-0.416465,-0.231054,0.203983,-0.428214,-0.163689,0.236947,-0.423332,-0.227408
2026-07-16 16:31:14.661,51.299951,0.000000,0.000000,0.000000,0.308085,-0.393416,-0.257969,0.111861,-0.368421,-0.257823,0.209973,-0.380919,-0.257896,0.180482,-0.413559,-0.230383,0.203855,-0.425165,-0.162187,0.236808,-0.420235,-0.226716
2026-07-16 16:31:14.761,51.399951,0.000000,0.000000,0.000000,0.308180,-0.387299,-0.256820,0.111550,-0.364274,-0.256667,0.209865,-0.375787,-0.256743,0.180251,-0.408397,-0.229230,0.203425,-0.421028,-0.160351,0.236576,-0.415073,-0.225563
2026-07-16 16:31:14.861,51.499951,0.000000,0.000000,0.000000,0.308833,-0.391555,-0.257531,0.111848,-0.365342,-0.257365,0.210341,-0.378448,-0.257448,0.180390,-0.411494,-0.229922,0.203793,-0.423245,-0.159295,0.236166,-0.417006,-0.226195
2026-07-16 16:31:14.961,51.599951,0.000000,0.000000,0.000000,0.308937,-0.393671,-0.257127,0.111861,-0.368421,-0.257823,0.210399,-0.381046,-0.257475,0.180482,-0.413559,-0.230383,0.203896,-0.425358,-0.158946,0.236808,-0.420235,-0.226716
2026-07-16 16:31:15.061,51.699951,0.000000,0.000000,0.000000,0.308085,-0.393416,-0.257969,0.111781,-0.369436,-0.257820,0.209933,-0.381426,-0.257895,0.180482,-0.413559,-0.230383,0.204114,-0.424430,-0.158003,0.236269,-0.419119,-0.225834
2026-07-16 16:31:15.161,51.799951,0.000000,0.000000,0.000000,0.308937,-0.393671,-0.257127,0.111781,-0.369436,-0.257820,0.210359,-0.381554,-0.257473,0.180492,-0.413607,-0.229571,0.203698,-0.426383,-0.158267,0.237068,-0.419312,-0.225856
2026-07-16 16:31:15.261,51.899951,0.000000,0.000000,0.000000,0.309266,-0.392717,-0.257129,0.111861,-0.368421,-0.257823,0.210563,-0.380569,-0.257476,0.181283,-0.413799,-0.229592,0.203438,-0.423800,-0.157104,0.236269,-0.419119,-0.225834
2026-07-16 16:31:15.361,51.999950,0.000000,0.000000,0.000000,0.308844,-0.391606,-0.256665,0.111768,-0.366357,-0.257362,0.210306,-0.378981,-0.257014,0.181190,-0.411734,-0.229131,0.202839,-0.424224,-0.156166,0.236177,-0.417054,-0.225373
2026-07-16 16:31:15.461,52.099950,0.000000,0.000000,0.000000,0.307946,-0.390319,-0.257278,0.111642,-0.366339,-0.257128,0.209794,-0.378329,-0.257203,0.181144,-0.410701,-0.228900,0.202417,-0.421048,-0.155645,0.236130,-0.416022,-0.225142
2026-07-16 16:31:15.561,52.199950,0.000000,0.000000,0.000000,0.309169,-0.398833,-0.258280,0.112092,-0.373584,-0.258976,0.210630,-0.386208,-0.258628,0.181514,-0.418961,-0.230745,0.202994,-0.428331,-0.157356,0.236501,-0.424281,-0.226988
2026-07-16 16:31:15.661,52.299950,0.000000,0.000000,0.000000,0.308177,-0.395481,-0.258431,0.111953,-0.370486,-0.258285,0.210065,-0.382984,-0.258358,0.181375,-0.415863,-0.230053,0.202433,-0.427139,-0.157743,0.236362,-0.421184,-0.226296
2026-07-16 16:31:15.761,52.399950,0.000000,0.000000,0.000000,0.309440,-0.396795,-0.258918,0.111967,-0.373566,-0.258742,0.210703,-0.385180,-0.258830,0.181468,-0.417928,-0.230515,0.202721,-0.428178,-0.158883,0.236454,-0.423249,-0.226757
2026-07-16 16:31:15.861,52.499950,0.000000,0.000000,0.000000,0.308891,-0.392639,-0.256896,0.111814,-0.367389,-0.257593,0.210353,-0.380014,-0.257244,0.180436,-0.412527,-0.230153,0.202057,-0.424873,-0.159613,0.235974,-0.419058,-0.225643
2026-07-16 16:31:15.961,52.599950,0.000000,0.000000,0.000000,0.307526,-0.389209,-0.256813,0.111629,-0.363259,-0.256670,0.209577,-0.376234,-0.256741,0.180251,-0.408397,-0.229230,0.202057,-0.419670,-0.160181,0.235789,-0.414929,-0.224721
2026-07-16 16:31:16.061,52.699950,0.000000,0.000000,0.000000,0.307760,-0.386189,-0.256355,0.111457,-0.362210,-0.256205,0.209609,-0.374199,-0.256280,0.180158,-0.406332,-0.228769,0.201739,-0.418486,-0.161466,0.235696,-0.412864,-0.224259
2026-07-16 16:31:16.161,52.799950,0.000000,0.000000,0.000000,0.308609,-0.394625,-0.257124,0.111781,-0.369436,-0.257820,0.210195,-0.382031,-0.257472,0.179682,-0.413320,-0.231175,0.201245,-0.425378,-0.165487,0.236010,-0.420042,-0.226694
2026-07-16 16:31:16.261,52.899950,0.000000,0.000000,0.000000,0.308551,-0.393542,-0.257758,0.111735,-0.368404,-0.257589,0.210143,-0.380973,-0.257674,0.179635,-0.412287,-0.230944,0.201168,-0.424201,-0.167684,0.235715,-0.419981,-0.226502
2026-07-16 16:31:16.361,52.999949,0.000000,0.000000,0.000000,0.308891,-0.392639,-0.256896,0.111735,-0.368404,-0.257589,0.210313,-0.380521,-0.257243,0.179451,-0.413229,-0.231788,0.201148,-0.424105,-0.169303,0.235715,-0.419981,-0.226502
2026-07-16 16:31:16.461,53.099949,0.000000,0.000000,0.000000,0.307618,-0.391274,-0.257274,0.111722,-0.365324,-0.257131,0.209670,-0.378299,-0.257203,0.178569,-0.410973,-0.231305,0.200830,-0.422922,-0.170574,0.235623,-0.417916,-0.226041
2026-07-16 16:31:16.561,53.199949,0.000000,0.000000,0.000000,0.307664,-0.392306,-0.257505,0.111768,-0.366357,-0.257362,0.209716,-0.379331,-0.257433,0.178605,-0.411957,-0.232347,0.201847,-0.423070,-0.172330,0.234625,-0.419728,-0.226288
2026-07-16 16:31:16.661,53.299949,0.000000,0.000000,0.000000,0.308131,-0.394448,-0.258200,0.111907,-0.369454,-0.258054,0.210019,-0.381951,-0.258127,0.178744,-0.415055,-0.233039,0.201976,-0.426119,-0.173832,0.234754,-0.422776,-0.227798
2026-07-16 16:31:16.761,53.399949,0.000000,0.000000,0.000000,0.307946,-0.390319,-0.257278,0.111722,-0.365324,-0.257131,0.209834,-0.377822,-0.257204,0.177770,-0.410734,-0.232095,0.202567,-0.422132,-0.173740,0.234321,-0.419618,-0.226913
2026-07-16 16:31:16.861,53.499949,0.000000,0.000000,0.000000,0.307850,-0.396436,-0.258427,0.111953,-0.370486,-0.258285,0.209902,-0.383461,-0.258356,0.178001,-0.415896,-0.233249,0.202799,-0.427294,-0.174893,0.234552,-0.424780,-0.228066
2026-07-16 16:31:16.961,53.599949,0.000000,0.000000,0.000000,0.308983,-0.394704,-0.257357,0.111828,-0.370469,-0.258050,0.210405,-0.382586,-0.257704,0.178917,-0.414064,-0.233009,0.202639,-0.426702,-0.175526,0.234506,-0.423748,-0.227835
2026-07-16 16:31:17.061,53.699949,0.000000,0.000000,0.000000,0.307757,-0.394371,-0.257966,0.111781,-0.369436,-0.257820,0.209769,-0.381904,-0.257893,0.178871,-0.413032,-0.232778,0.202706,-0.425229,-0.174432,0.234707,-0.421744,-0.227567
2026-07-16 16:31:17.161,53.799949,0.000000,0.000000,0.000000,0.308937,-0.393671,-0.257127,0.111861,-0.368421,-0.257823,0.210399,-0.381046,-0.257475,0.178881,-0.413080,-0.231966,0.203493,-0.425419,-0.174453,0.234460,-0.422716,-0.227605
2026-07-16 16:31:17.261,53.899949,0.000000,0.000000,0.000000,0.309266,-0.392717,-0.257129,0.111781,-0.369436,-0.257820,0.210523,-0.381077,-0.257474,0.178968,-0.412585,-0.231950,0.203701,-0.424442,-0.174343,0.234718,-0.421792,-0.226749
2026-07-16 16:31:17.361,53.999949,0.000000,0.000000,0.000000,0.308180,-0.387299,-0.256820,0.111629,-0.363259,-0.256670,0.209905,-0.375279,-0.256745,0.179440,-0.408109,-0.230834,0.203469,-0.419280,-0.173190,0.234486,-0.416631,-0.225596
2026-07-16 16:31:17.461,54.099948,0.000000,0.000000,0.000000,0.308937,-0.393671,-0.257127,0.111861,-0.368421,-0.257823,0.210399,-0.381046,-0.257475,0.179846,-0.412281,-0.231956,0.204499,-0.424680,-0.173554,0.234718,-0.421792,-0.226749
2026-07-16 16:31:17.561,54.199948,0.000000,0.000000,0.000000,0.308706,-0.388509,-0.255973,0.111550,-0.364274,-0.256667,0.210128,-0.376392,-0.256320,0.179625,-0.407168,-0.229989,0.204267,-0.419518,-0.172401,0.234486,-0.416631,-0.225596
2026-07-16 16:31:17.661,54.299948,0.000000,0.000000,0.000000,0.308548,-0.403740,-0.260276,0.112244,-0.379761,-0.260126,0.210396,-0.391750,-0.260201,0.181110,-0.422845,-0.233470,0.204972,-0.435053,-0.175050,0.235428,-0.431145,-0.229017
2026-07-16 16:31:17.761,54.399948,0.000000,0.000000,0.000000,0.307946,-0.390319,-0.257278,0.111563,-0.367354,-0.257124,0.209754,-0.378837,-0.257201,0.180508,-0.409424,-0.230471,0.205368,-0.420845,-0.171961,0.234826,-0.417724,-0.226019
2026-07-16 16:31:17.861,54.499948,0.000000,0.000000,0.000000,0.308983,-0.394704,-0.257357,0.111748,-0.371484,-0.258047,0.210366,-0.383094,-0.257702,0.180694,-0.413554,-0.231394,0.205553,-0.424975,-0.172883,0.235011,-0.421853,-0.226942
2026-07-16 16:31:17.961,54.599948,0.000000,0.000000,0.000000,0.308983,-0.394704,-0.257357,0.111828,-0.370469,-0.258050,0.210405,-0.382586,-0.257704,0.181485,-0.413745,-0.231415,0.206342,-0.425166,-0.172904,0.235011,-0.421853,-0.226942
2026-07-16 16:31:18.061,54.699948,0.000000,0.000000,0.000000,0.308926,-0.393620,-0.257992,0.111861,-0.368421,-0.257823,0.210393,-0.381020,-0.257908,0.181439,-0.412712,-0.231185,0.206507,-0.423157,-0.172562,0.234965,-0.420821,-0.226711
2026-07-16 16:31:18.161,54.799948,0.000000,0.000000,0.000000,0.308891,-0.392639,-0.256896,0.111814,-0.367389,-0.257593,0.210353,-0.380014,-0.257244,0.181392,-0.411680,-0.230954,0.207250,-0.422315,-0.172352,0.234919,-0.419788,-0.226480
2026-07-16 16:31:18.261,54.899948,0.000000,0.000000,0.000000,0.308752,-0.389541,-0.256204,0.111596,-0.365307,-0.256897,0.210174,-0.377424,-0.256551,0.181253,-0.408583,-0.230262,0.206900,-0.420194,-0.171773,0.235027,-0.415719,-0.225750
2026-07-16 16:31:18.361,54.999948,0.000000,0.000000,0.000000,0.307760,-0.386189,-0.256355,0.111457,-0.362210,-0.256205,0.209609,-0.374199,-0.256280,0.181728,-0.406666,-0.229624,0.207763,-0.416312,-0.170990,0.234888,-0.412622,-0.225058
2026-07-16 16:31:18.461,55.099947,0.000000,0.000000,0.000000,0.308377,-0.389463,-0.255971,0.111629,-0.363259,-0.256670,0.210003,-0.376361,-0.256321,0.181998,-0.407742,-0.230053,0.207855,-0.418377,-0.171451,0.234734,-0.415659,-0.225558
2026-07-16 16:31:18.561,55.199947,0.000000,0.000000,0.000000,0.308038,-0.392384,-0.257739,0.111894,-0.366374,-0.257596,0.209966,-0.379379,-0.257667,0.182194,-0.411920,-0.230162,0.208831,-0.422698,-0.172395,0.235166,-0.418817,-0.226442
2026-07-16 16:31:18.661,55.299947,0.000000,0.000000,0.000000,0.308331,-0.388431,-0.255740,0.111503,-0.363242,-0.256436,0.209917,-0.375836,-0.256088,0.181952,-0.406709,-0.229822,0.208599,-0.417536,-0.171242,0.234687,-0.414626,-0.225327
2026-07-16 16:31:18.761,55.399947,0.000000,0.000000,0.000000,0.308983,-0.394704,-0.257357,0.111828,-0.370469,-0.258050,0.210405,-0.382586,-0.257704,0.182276,-0.413936,-0.231437,0.208923,-0.424762,-0.172856,0.234461,-0.420689,-0.226882
2026-07-16 16:31:18.861,55.499947,0.000000,0.000000,0.000000,0.308983,-0.394704,-0.257357,0.111828,-0.370469,-0.258050,0.210405,-0.382586,-0.257704,0.182276,-0.413936,-0.231437,0.209713,-0.424954,-0.172878,0.234461,-0.420689,-0.226882
2026-07-16 16:31:18.961,55.599947,0.000000,0.000000,0.000000,0.307850,-0.396436,-0.258427,0.111874,-0.371501,-0.258281,0.209862,-0.383968,-0.258354,0.182333,-0.415017,-0.230854,0.209749,-0.425938,-0.173921,0.234508,-0.421721,-0.227112
2026-07-16 16:31:19.061,55.699947,0.000000,0.000000,0.000000,0.308972,-0.394652,-0.258223,0.111828,-0.370469,-0.258050,0.210400,-0.382560,-0.258137,0.182454,-0.412947,-0.231404,0.209703,-0.424905,-0.173690,0.234461,-0.420689,-0.226882
2026-07-16 16:31:19.161,55.799947,0.000000,0.000000,0.000000,0.308844,-0.391606,-0.256665,0.111768,-0.366357,-0.257362,0.210306,-0.378981,-0.257014,0.182939,-0.411079,-0.229953,0.210354,-0.421999,-0.173020,0.234322,-0.417591,-0.226190
2026-07-16 16:31:19.261,55.899947,0.000000,0.000000,0.000000,0.308891,-0.392639,-0.256896,0.111814,-0.367389,-0.257593,0.210353,-0.380014,-0.257244,0.182985,-0.412111,-0.230183,0.210184,-0.424007,-0.173361,0.234369,-0.418624,-0.226420
2026-07-16 16:31:19.361,55.999947,0.000000,0.000000,0.000000,0.309358,-0.394782,-0.257590,0.111874,-0.371501,-0.258281,0.210616,-0.383141,-0.257936,0.183114,-0.415160,-0.231689,0.211329,-0.426320,-0.173964,0.234508,-0.421721,-0.227112
2026-07-16 16:31:19.461,56.099946,0.000000,0.000000,0.000000,0.307711,-0.393338,-0.257735,0.111735,-0.368404,-0.257589,0.209723,-0.380871,-0.257662,0.182975,-0.412063,-0.230997,0.211180,-0.423174,-0.174085,0.234369,-0.418624,-0.226420
2026-07-16 16:31:19.561,56.199946,0.000000,0.000000,0.000000,0.309034,-0.387555,-0.255976,0.111550,-0.364274,-0.256667,0.210292,-0.375915,-0.256321,0.182789,-0.407933,-0.230074,0.211567,-0.420210,-0.173293,0.234184,-0.414494,-0.225498
2026-07-16 16:31:19.661,56.299946,0.000000,0.000000,0.000000,0.308609,-0.394625,-0.257124,0.111781,-0.369436,-0.257820,0.210195,-0.382031,-0.257472,0.183021,-0.413095,-0.231228,0.211788,-0.425324,-0.175258,0.234415,-0.419656,-0.226651
2026-07-16 16:31:19.761,56.399946,0.000000,0.000000,0.000000,0.307946,-0.390319,-0.257278,0.111722,-0.365324,-0.257131,0.209834,-0.377822,-0.257204,0.182882,-0.409998,-0.230536,0.212647,-0.421395,-0.175291,0.234276,-0.416559,-0.225959
2026-07-16 16:31:19.861,56.499946,0.000000,0.000000,0.000000,0.308798,-0.390574,-0.256435,0.111642,-0.366339,-0.257128,0.210220,-0.378457,-0.256781,0.182882,-0.409998,-0.230536,0.212418,-0.422321,-0.176210,0.234276,-0.416559,-0.225959
2026-07-16 16:31:19.961,56.599946,0.000000,0.000000,0.000000,0.308470,-0.391528,-0.256432,0.111722,-0.365324,-0.257131,0.210096,-0.378426,-0.256782,0.182882,-0.409998,-0.230536,0.213417,-0.421489,-0.176938,0.234523,-0.415587,-0.225921
2026-07-16 16:31:20.061,56.699946,0.000000,0.000000,0.000000,0.308609,-0.394625,-0.257124,0.111702,-0.370451,-0.257816,0.210155,-0.382538,-0.257470,0.183011,-0.413047,-0.232041,0.213766,-0.423563,-0.178338,0.234405,-0.419607,-0.227471
2026-07-16 16:31:20.161,56.799946,0.000000,0.000000,0.000000,0.309173,-0.390652,-0.256668,0.111689,-0.367372,-0.257359,0.210431,-0.379012,-0.257013,0.183107,-0.410041,-0.230734,0.213883,-0.420475,-0.178587,0.234322,-0.417591,-0.226190
2026-07-16 16:31:20.261,56.899946,0.000000,0.000000,0.000000,0.308840,-0.399788,-0.258277,0.112013,-0.374599,-0.258973,0.210426,-0.387193,-0.258625,0.183421,-0.417220,-0.233163,0.214989,-0.427845,-0.181038,0.234647,-0.424818,-0.227804
2026-07-16 16:31:20.361,56.999946,0.000000,0.000000,0.000000,0.309076,-0.396768,-0.257819,0.111920,-0.372534,-0.258512,0.210498,-0.384651,-0.258165,0.183150,-0.416144,-0.232733,0.214094,-0.425540,-0.181370,0.234790,-0.421732,-0.228126
2026-07-16 16:31:20.461,57.099946,0.000000,0.000000,0.000000,0.308695,-0.388458,-0.256839,0.111550,-0.364274,-0.256667,0.210122,-0.376366,-0.256753,0.182958,-0.406896,-0.230857,0.213834,-0.416794,-0.179475,0.234173,-0.414445,-0.226318
2026-07-16 16:31:20.561,57.199945,0.000000,0.000000,0.000000,0.309158,-0.398782,-0.259145,0.112092,-0.373584,-0.258976,0.210625,-0.386183,-0.259061,0.184223,-0.417460,-0.232370,0.214397,-0.426582,-0.182546,0.234084,-0.423604,-0.228566
2026-07-16 16:31:20.661,57.299945,0.000000,0.000000,0.000000,0.308695,-0.388458,-0.256839,0.111550,-0.364274,-0.256667,0.210122,-0.376366,-0.256753,0.183581,-0.408124,-0.230096,0.212911,-0.416992,-0.181133,0.233621,-0.413280,-0.226259
2026-07-16 16:31:20.761,57.399945,0.000000,0.000000,0.000000,0.309255,-0.392665,-0.257996,0.111861,-0.368421,-0.257823,0.210558,-0.380543,-0.257910,0.183992,-0.412298,-0.231217,0.212558,-0.420939,-0.182982,0.234098,-0.417470,-0.227375
2026-07-16 16:31:20.861,57.499945,0.000000,0.000000,0.000000,0.308926,-0.393620,-0.257992,0.111702,-0.370451,-0.257816,0.210314,-0.382036,-0.257904,0.183992,-0.412298,-0.231217,0.212340,-0.421914,-0.183080,0.233852,-0.418442,-0.227412
2026-07-16 16:31:20.961,57.599945,0.000000,0.000000,0.000000,0.309116,-0.389568,-0.257304,0.111642,-0.366339,-0.257128,0.210379,-0.377954,-0.257216,0.184033,-0.408212,-0.230492,0.211398,-0.418577,-0.183181,0.233959,-0.414372,-0.226683
2026-07-16 16:31:21.061,57.699945,0.000000,0.000000,0.000000,0.309394,-0.395762,-0.258688,0.111920,-0.372534,-0.258512,0.210657,-0.384148,-0.258600,0.184923,-0.415587,-0.231930,0.211676,-0.424771,-0.184565,0.233437,-0.420374,-0.228045
2026-07-16 16:31:21.161,57.799945,0.000000,0.000000,0.000000,0.309023,-0.387503,-0.256843,0.111629,-0.363259,-0.256670,0.210326,-0.375381,-0.256756,0.184553,-0.407327,-0.230085,0.210503,-0.416272,-0.183513,0.233066,-0.412114,-0.226200
2026-07-16 16:31:21.261,57.899945,0.000000,0.000000,0.000000,0.308088,-0.385235,-0.256359,0.111537,-0.361195,-0.256209,0.209812,-0.373215,-0.256284,0.184630,-0.404226,-0.230407,0.210194,-0.415183,-0.183147,0.232974,-0.410049,-0.225739
2026-07-16 16:31:21.361,57.999945,0.000000,0.000000,0.000000,0.308930,-0.385438,-0.256381,0.111457,-0.362210,-0.256205,0.210194,-0.373824,-0.256293,0.184630,-0.404226,-0.230407,0.210302,-0.414695,-0.183100,0.232974,-0.410049,-0.225739
2026-07-16 16:31:21.461,58.099945,0.000000,0.000000,0.000000,0.308787,-0.390522,-0.257300,0.111642,-0.366339,-0.257128,0.210215,-0.378431,-0.257214,0.184997,-0.407367,-0.231298,0.210380,-0.419313,-0.184070,0.233159,-0.414179,-0.226662
2026-07-16 16:31:21.561,58.199944,0.000000,0.000000,0.000000,0.309019,-0.395684,-0.258453,0.111874,-0.371501,-0.258281,0.210446,-0.383593,-0.258367,0.185047,-0.413517,-0.232483,0.210827,-0.423499,-0.185128,0.233391,-0.419341,-0.227815
2026-07-16 16:31:21.661,58.299944,0.000000,0.000000,0.000000,0.309533,-0.398860,-0.259380,0.112059,-0.375631,-0.259204,0.210796,-0.387245,-0.259292,0.185233,-0.417647,-0.233405,0.210796,-0.428605,-0.186146,0.233576,-0.423471,-0.228737
2026-07-16 16:31:21.761,58.399944,0.000000,0.000000,0.000000,0.309116,-0.389568,-0.257304,0.111722,-0.365324,-0.257131,0.210419,-0.377446,-0.257218,0.184202,-0.407175,-0.231277,0.210153,-0.420241,-0.184978,0.233403,-0.413206,-0.226624
2026-07-16 16:31:21.861,58.499944,0.000000,0.000000,0.000000,0.308602,-0.386393,-0.256378,0.111537,-0.361195,-0.256209,0.210069,-0.373794,-0.256293,0.183657,-0.405022,-0.230417,0.210184,-0.415135,-0.183961,0.232730,-0.411022,-0.225776
2026-07-16 16:31:21.961,58.599944,0.000000,0.000000,0.000000,0.308787,-0.390522,-0.257300,0.111642,-0.366339,-0.257128,0.210215,-0.378431,-0.257214,0.183843,-0.409152,-0.231339,0.211150,-0.419408,-0.185719,0.233159,-0.414179,-0.226662
2026-07-16 16:31:22.061,58.699944,0.000000,0.000000,0.000000,0.308880,-0.392587,-0.257762,0.111814,-0.367389,-0.257593,0.210347,-0.379988,-0.257677,0.183133,-0.410977,-0.232594,0.211026,-0.422448,-0.186273,0.233796,-0.417361,-0.228003
2026-07-16 16:31:22.161,58.799944,0.000000,0.000000,0.000000,0.308880,-0.392587,-0.257762,0.111894,-0.366374,-0.257596,0.210387,-0.379481,-0.257679,0.183133,-0.410977,-0.232594,0.211016,-0.422400,-0.187086,0.233796,-0.417361,-0.228003
2026-07-16 16:31:22.261,58.899944,0.000000,0.000000,0.000000,0.309116,-0.389568,-0.257304,0.111642,-0.366339,-0.257128,0.210379,-0.377954,-0.257216,0.182861,-0.409901,-0.232163,0.210696,-0.421263,-0.187528,0.233703,-0.415296,-0.227542
2026-07-16 16:31:22.361,58.999944,0.000000,0.000000,0.000000,0.309266,-0.392717,-0.257129,0.111781,-0.369436,-0.257820,0.210523,-0.381077,-0.257474,0.182209,-0.412807,-0.232834,0.210834,-0.424360,-0.188220,0.233842,-0.418393,-0.228234
2026-07-16 16:31:22.461,59.099944,0.000000,0.000000,0.000000,0.309347,-0.394730,-0.258457,0.111874,-0.371501,-0.258281,0.210611,-0.383116,-0.258369,0.182302,-0.414872,-0.233295,0.210927,-0.426425,-0.188681,0.233935,-0.420458,-0.228695
2026-07-16 16:31:22.561,59.199944,0.000000,0.000000,0.000000,0.308412,-0.390444,-0.257066,0.111676,-0.364292,-0.256901,0.210044,-0.377368,-0.256983,0.182024,-0.408677,-0.231911,0.210432,-0.421207,-0.187389,0.233657,-0.414263,-0.227311
2026-07-16 16:31:22.661,59.299943,0.000000,0.000000,0.000000,0.308787,-0.390522,-0.257300,0.111801,-0.364309,-0.257135,0.210294,-0.377416,-0.257218,0.181279,-0.409518,-0.232120,0.210479,-0.422239,-0.187619,0.233703,-0.415296,-0.227542
2026-07-16 16:31:22.761,59.399943,0.000000,0.000000,0.000000,0.308690,-0.396639,-0.258450,0.111953,-0.370486,-0.258285,0.210322,-0.383563,-0.258367,0.181334,-0.415670,-0.233304,0.209922,-0.427211,-0.188751,0.233689,-0.421430,-0.228731
2026-07-16 16:31:22.861,59.499943,0.000000,0.000000,0.000000,0.308787,-0.390522,-0.257300,0.111722,-0.365324,-0.257131,0.210255,-0.377923,-0.257216,0.181279,-0.409518,-0.232120,0.209691,-0.422049,-0.187598,0.233703,-0.415296,-0.227542
2026-07-16 16:31:22.961,59.599943,0.000000,0.000000,0.000000,0.308880,-0.392587,-0.257762,0.111814,-0.367389,-0.257593,0.210347,-0.379988,-0.257677,0.181372,-0.411583,-0.232582,0.209999,-0.423137,-0.187968,0.233550,-0.418333,-0.228039
2026-07-16 16:31:23.061,59.699943,0.000000,0.000000,0.000000,0.308857,-0.392071,-0.257646,0.111712,-0.367888,-0.257474,0.210284,-0.379979,-0.257560,0.181348,-0.411067,-0.232466,0.209187,-0.422430,-0.187831,0.233527,-0.417817,-0.227924
2026-07-16 16:31:23.161,59.799943,0.000000,0.000000,0.000000,0.308844,-0.391606,-0.256665,0.111609,-0.368387,-0.257355,0.210227,-0.379996,-0.257010,0.181325,-0.410551,-0.232351,0.209174,-0.421962,-0.186905,0.233749,-0.416328,-0.227772
2026-07-16 16:31:23.261,59.899943,0.000000,0.000000,0.000000,0.308926,-0.393620,-0.257992,0.111781,-0.369436,-0.257820,0.210354,-0.381528,-0.257906,0.181418,-0.412616,-0.232812,0.208692,-0.422859,-0.187252,0.233597,-0.419366,-0.228270
2026-07-16 16:31:23.361,59.999943,0.000000,0.000000,0.000000,0.309116,-0.389568,-0.257304,0.111722,-0.365324,-0.257131,0.210419,-0.377446,-0.257218,0.182070,-0.409710,-0.232142,0.207763,-0.419571,-0.186539,0.233703,-0.415296,-0.227542
2026-07-16 16:31:23.461,60.099943,0.000000,0.000000,0.000000,0.309162,-0.390600,-0.257535,0.111768,-0.366357,-0.257362,0.210465,-0.378478,-0.257448,0.182116,-0.410742,-0.232372,0.206807,-0.421390,-0.186841,0.233504,-0.417301,-0.227809
2026-07-16 16:31:23.561,60.199943,0.000000,0.000000,0.000000,0.309208,-0.391633,-0.257765,0.111814,-0.367389,-0.257593,0.210511,-0.379511,-0.257679,0.181372,-0.411583,-0.232582,0.206275,-0.421254,-0.186958,0.233796,-0.417361,-0.228003
2026-07-16 16:31:23.661,60.299942,0.000000,0.000000,0.000000,0.308648,-0.387425,-0.256608,0.111503,-0.363242,-0.256436,0.210076,-0.375334,-0.256522,0.181140,-0.406421,-0.231428,0.205833,-0.417069,-0.185897,0.233319,-0.413171,-0.226886
2026-07-16 16:31:23.761,60.399942,0.000000,0.000000,0.000000,0.307899,-0.389286,-0.257047,0.111676,-0.364292,-0.256901,0.209787,-0.376789,-0.256974,0.181233,-0.408486,-0.231890,0.205136,-0.418943,-0.186337,0.233411,-0.415236,-0.227347
2026-07-16 16:31:23.861,60.499942,0.000000,0.000000,0.000000,0.309162,-0.390600,-0.257535,0.111609,-0.368387,-0.257355,0.210386,-0.379493,-0.257445,0.181325,-0.410551,-0.232351,0.204232,-0.421795,-0.186869,0.233504,-0.417301,-0.227809
2026-07-16 16:31:23.961,60.599942,0.000000,0.000000,0.000000,0.308798,-0.390574,-0.256435,0.111642,-0.366339,-0.257128,0.210220,-0.378457,-0.256781,0.181102,-0.410508,-0.232151,0.204185,-0.420763,-0.186638,0.233458,-0.416268,-0.227578
2026-07-16 16:31:24.061,60.699942,0.000000,0.000000,0.000000,0.308972,-0.394652,-0.258223,0.111828,-0.370469,-0.258050,0.210400,-0.382560,-0.258137,0.180673,-0.413457,-0.233021,0.203375,-0.425681,-0.187632,0.233643,-0.420398,-0.228501
2026-07-16 16:31:24.161,60.799942,0.000000,0.000000,0.000000,0.308659,-0.387477,-0.255743,0.111583,-0.362227,-0.256439,0.210121,-0.374852,-0.256091,0.180163,-0.407171,-0.232250,0.202844,-0.419432,-0.186110,0.233319,-0.413171,-0.226886
2026-07-16 16:31:24.261,60.899942,0.000000,0.000000,0.000000,0.309208,-0.391633,-0.257765,0.111735,-0.368404,-0.257589,0.210472,-0.380018,-0.257677,0.180395,-0.412333,-0.233403,0.202496,-0.423425,-0.187149,0.234348,-0.418526,-0.228061
2026-07-16 16:31:24.361,60.999942,0.000000,0.000000,0.000000,0.308891,-0.392639,-0.256896,0.111735,-0.368404,-0.257589,0.210313,-0.380521,-0.257243,0.179430,-0.413132,-0.233411,0.202300,-0.424452,-0.186434,0.234348,-0.418526,-0.228061
2026-07-16 16:31:24.461,61.099942,0.000000,0.000000,0.000000,0.308880,-0.392587,-0.257762,0.111814,-0.367389,-0.257593,0.210347,-0.379988,-0.257677,0.179430,-0.413132,-0.233411,0.202310,-0.424500,-0.185625,0.234102,-0.419498,-0.228097
2026-07-16 16:31:24.561,61.199942,0.000000,0.000000,0.000000,0.308798,-0.390574,-0.256435,0.111642,-0.366339,-0.257128,0.210220,-0.378457,-0.256781,0.179348,-0.411116,-0.232138,0.202444,-0.421553,-0.183451,0.234009,-0.417433,-0.227636
2026-07-16 16:31:24.661,61.299942,0.000000,0.000000,0.000000,0.308787,-0.390522,-0.257300,0.111642,-0.366339,-0.257128,0.210215,-0.378431,-0.257214,0.179522,-0.410126,-0.232108,0.203251,-0.421840,-0.181854,0.234009,-0.417433,-0.227636
2026-07-16 16:31:24.761,61.399941,0.000000,0.000000,0.000000,0.308937,-0.393671,-0.257127,0.111861,-0.368421,-0.257823,0.210399,-0.381046,-0.257475,0.179661,-0.413223,-0.232800,0.203608,-0.424007,-0.181636,0.234148,-0.420531,-0.228328
2026-07-16 16:31:24.861,61.499941,0.000000,0.000000,0.000000,0.308690,-0.396639,-0.258450,0.111874,-0.371501,-0.258281,0.210282,-0.384070,-0.258365,0.180554,-0.415527,-0.232470,0.203732,-0.426217,-0.179666,0.234497,-0.421672,-0.227932
2026-07-16 16:31:24.961,61.599941,0.000000,0.000000,0.000000,0.308844,-0.391606,-0.256665,0.111768,-0.366357,-0.257362,0.210306,-0.378981,-0.257014,0.180369,-0.411397,-0.231547,0.204355,-0.422374,-0.177144,0.235110,-0.417735,-0.227032
2026-07-16 16:31:25.061,61.699941,0.000000,0.000000,0.000000,0.308659,-0.387477,-0.255743,0.111583,-0.362227,-0.256439,0.210121,-0.374852,-0.256091,0.180974,-0.407459,-0.230646,0.204200,-0.418389,-0.173791,0.234924,-0.413606,-0.226109
2026-07-16 16:31:25.161,61.799941,0.000000,0.000000,0.000000,0.308880,-0.392587,-0.257762,0.111735,-0.368404,-0.257589,0.210307,-0.380496,-0.257675,0.181216,-0.412669,-0.230987,0.205650,-0.421837,-0.173935,0.235156,-0.418768,-0.227262
2026-07-16 16:31:25.261,61.899941,0.000000,0.000000,0.000000,0.308551,-0.395559,-0.258665,0.112000,-0.371519,-0.258515,0.210275,-0.383539,-0.258590,0.182191,-0.416990,-0.231931,0.205646,-0.427040,-0.173344,0.236139,-0.423090,-0.228206
2026-07-16 16:31:25.361,61.999941,0.000000,0.000000,0.000000,0.308798,-0.390574,-0.256435,0.111642,-0.366339,-0.257128,0.210220,-0.378457,-0.256781,0.182091,-0.409807,-0.230514,0.205967,-0.422109,-0.170473,0.235321,-0.415780,-0.225942
2026-07-16 16:31:25.461,62.099941,0.000000,0.000000,0.000000,0.307992,-0.391351,-0.257508,0.111768,-0.366357,-0.257362,0.209880,-0.378854,-0.257435,0.182147,-0.410887,-0.229931,0.206023,-0.423190,-0.169894,0.235368,-0.416812,-0.226173
2026-07-16 16:31:25.561,62.199941,0.000000,0.000000,0.000000,0.308227,-0.388332,-0.257050,0.111676,-0.364292,-0.256901,0.209951,-0.376312,-0.256976,0.182055,-0.408823,-0.229470,0.206363,-0.419221,-0.168389,0.235275,-0.414748,-0.225712
2026-07-16 16:31:25.661,62.299941,0.000000,0.000000,0.000000,0.308891,-0.392639,-0.256896,0.111814,-0.367389,-0.257593,0.210353,-0.380014,-0.257244,0.182194,-0.411920,-0.230162,0.207080,-0.423485,-0.169219,0.235414,-0.417845,-0.226404
2026-07-16 16:31:25.761,62.399940,0.000000,0.000000,0.000000,0.308833,-0.391555,-0.257531,0.111768,-0.366357,-0.257362,0.210301,-0.378956,-0.257446,0.182760,-0.412067,-0.229986,0.207150,-0.422013,-0.168118,0.235368,-0.416812,-0.226173
2026-07-16 16:31:25.861,62.499940,0.000000,0.000000,0.000000,0.308706,-0.388509,-0.255973,0.111550,-0.364274,-0.256667,0.210128,-0.376392,-0.256320,0.182800,-0.407982,-0.229261,0.206905,-0.419404,-0.167485,0.235229,-0.413715,-0.225481
2026-07-16 16:31:25.961,62.599940,0.000000,0.000000,0.000000,0.307711,-0.393338,-0.257735,0.111814,-0.367389,-0.257593,0.209763,-0.380364,-0.257664,0.182985,-0.412111,-0.230183,0.207302,-0.422557,-0.168289,0.235414,-0.417845,-0.226404
2026-07-16 16:31:26.061,62.699940,0.000000,0.000000,0.000000,0.308516,-0.392561,-0.256663,0.111768,-0.366357,-0.257362,0.210142,-0.379459,-0.257012,0.182147,-0.410887,-0.229931,0.207044,-0.422501,-0.168176,0.235368,-0.416812,-0.226173
2026-07-16 16:31:26.161,62.799940,0.000000,0.000000,0.000000,0.308458,-0.393494,-0.258204,0.111907,-0.369454,-0.258054,0.210183,-0.381474,-0.258129,0.182286,-0.413985,-0.230623,0.207182,-0.425598,-0.168868,0.235506,-0.419910,-0.226865
2026-07-16 16:31:26.261,62.899940,0.000000,0.000000,0.000000,0.308458,-0.393494,-0.258204,0.111907,-0.369454,-0.258054,0.210183,-0.381474,-0.258129,0.182109,-0.414974,-0.230657,0.207182,-0.425598,-0.168868,0.235259,-0.420881,-0.226903
2026-07-16 16:31:26.361,62.999940,0.000000,0.000000,0.000000,0.308798,-0.390574,-0.256435,0.111642,-0.366339,-0.257128,0.210220,-0.378457,-0.256781,0.182101,-0.409855,-0.229701,0.206997,-0.421468,-0.167946,0.235074,-0.416752,-0.225981
2026-07-16 16:31:26.461,63.099940,0.000000,0.000000,0.000000,0.308366,-0.391429,-0.257742,0.111814,-0.367389,-0.257593,0.210090,-0.379409,-0.257667,0.182016,-0.412909,-0.230195,0.206301,-0.423342,-0.168386,0.235166,-0.418817,-0.226442
2026-07-16 16:31:26.561,63.199940,0.000000,0.000000,0.000000,0.308937,-0.393671,-0.257127,0.111940,-0.367406,-0.257827,0.210439,-0.380539,-0.257477,0.182062,-0.413941,-0.230426,0.206337,-0.424327,-0.169428,0.235460,-0.418877,-0.226634
2026-07-16 16:31:26.661,63.299940,0.000000,0.000000,0.000000,0.308937,-0.393671,-0.257127,0.111861,-0.368421,-0.257823,0.210399,-0.381046,-0.257475,0.181439,-0.412712,-0.231185,0.206337,-0.424327,-0.169428,0.235460,-0.418877,-0.226634
2026-07-16 16:31:26.761,63.399940,0.000000,0.000000,0.000000,0.307946,-0.390319,-0.257278,0.111722,-0.365324,-0.257131,0.209834,-0.377822,-0.257204,0.181310,-0.409664,-0.229679,0.206409,-0.420253,-0.168619,0.235074,-0.416752,-0.225981
2026-07-16 16:31:26.861,63.499939,0.000000,0.000000,0.000000,0.308798,-0.390574,-0.256435,0.111642,-0.366339,-0.257128,0.210220,-0.378457,-0.256781,0.181123,-0.410605,-0.230525,0.206198,-0.421229,-0.168736,0.235074,-0.416752,-0.225981
2026-07-16 16:31:26.961,63.599939,0.000000,0.000000,0.000000,0.309266,-0.392717,-0.257129,0.111861,-0.368421,-0.257823,0.210563,-0.380569,-0.257476,0.181272,-0.413750,-0.230405,0.206126,-0.425303,-0.169544,0.235213,-0.419849,-0.226673
2026-07-16 16:31:27.061,63.699939,0.000000,0.000000,0.000000,0.308409,-0.400643,-0.259584,0.112185,-0.375648,-0.259438,0.210297,-0.388146,-0.259511,0.181586,-0.420929,-0.232832,0.205872,-0.431363,-0.171021,0.235537,-0.427076,-0.228287
2026-07-16 16:31:27.161,63.799939,0.000000,0.000000,0.000000,0.308038,-0.392384,-0.257739,0.111814,-0.367389,-0.257593,0.209926,-0.379886,-0.257666,0.181216,-0.412669,-0.230987,0.205292,-0.424080,-0.169293,0.235964,-0.419010,-0.226463
2026-07-16 16:31:27.261,63.899939,0.000000,0.000000,0.000000,0.308659,-0.387477,-0.255743,0.111503,-0.363242,-0.256436,0.210081,-0.375359,-0.256089,0.180984,-0.407507,-0.229833,0.205060,-0.418918,-0.168139,0.235732,-0.413847,-0.225310
2026-07-16 16:31:27.361,63.999939,0.000000,0.000000,0.000000,0.308377,-0.389463,-0.255971,0.111550,-0.364274,-0.256667,0.209963,-0.376869,-0.256319,0.181030,-0.408540,-0.230064,0.205106,-0.419950,-0.168370,0.235779,-0.414880,-0.225541
2026-07-16 16:31:27.461,64.099939,0.000000,0.000000,0.000000,0.307757,-0.394371,-0.257966,0.111861,-0.368421,-0.257823,0.209809,-0.381396,-0.257895,0.180472,-0.413511,-0.231196,0.205548,-0.424136,-0.169407,0.236010,-0.420042,-0.226694
2026-07-16 16:31:27.561,64.199939,0.000000,0.000000,0.000000,0.308419,-0.398677,-0.257814,0.112079,-0.370504,-0.258519,0.210249,-0.384590,-0.258166,0.180611,-0.416608,-0.231888,0.205477,-0.428210,-0.170215,0.236149,-0.423139,-0.227386
2026-07-16 16:31:27.661,64.299939,0.000000,0.000000,0.000000,0.308284,-0.387399,-0.255510,0.111457,-0.362210,-0.256205,0.209871,-0.374804,-0.255858,0.180148,-0.406284,-0.229581,0.205434,-0.415932,-0.167675,0.235686,-0.412815,-0.225080
2026-07-16 16:31:27.761,64.399939,0.000000,0.000000,0.000000,0.309023,-0.387503,-0.256843,0.111550,-0.364274,-0.256667,0.210286,-0.375889,-0.256755,0.180240,-0.408349,-0.230043,0.205421,-0.418485,-0.168195,0.235779,-0.414880,-0.225541
2026-07-16 16:31:27.861,64.499938,0.000000,0.000000,0.000000,0.308695,-0.388458,-0.256839,0.111629,-0.363259,-0.256670,0.210162,-0.375859,-0.256755,0.180240,-0.408349,-0.230043,0.205316,-0.418974,-0.168253,0.235779,-0.414880,-0.225541
2026-07-16 16:31:27.961,64.599938,0.000000,0.000000,0.000000,0.308655,-0.395658,-0.257355,0.111987,-0.368439,-0.258057,0.210321,-0.382048,-0.257706,0.180518,-0.414543,-0.231427,0.204805,-0.424977,-0.169616,0.236057,-0.421074,-0.226925
2026-07-16 16:31:28.061,64.699938,0.000000,0.000000,0.000000,0.308516,-0.392561,-0.256663,0.111689,-0.367372,-0.257359,0.210102,-0.379966,-0.257011,0.180379,-0.411446,-0.230735,0.204666,-0.421880,-0.168924,0.235918,-0.417977,-0.226233
2026-07-16 16:31:28.161,64.799938,0.000000,0.000000,0.000000,0.308706,-0.388509,-0.255973,0.111629,-0.363259,-0.256670,0.210167,-0.375884,-0.256322,0.180240,-0.408349,-0.230043,0.204527,-0.418783,-0.168232,0.235779,-0.414880,-0.225541
2026-07-16 16:31:28.261,64.899938,0.000000,0.000000,0.000000,0.309069,-0.388535,-0.257073,0.111517,-0.366322,-0.256894,0.210293,-0.377429,-0.256984,0.180287,-0.409381,-0.230273,0.204574,-0.419815,-0.168463,0.235576,-0.416884,-0.225810
2026-07-16 16:31:28.361,64.999938,0.000000,0.000000,0.000000,0.308085,-0.393416,-0.257969,0.111781,-0.369436,-0.257820,0.209933,-0.381426,-0.257895,0.180472,-0.413511,-0.231196,0.204759,-0.423945,-0.169385,0.236010,-0.420042,-0.226694
2026-07-16 16:31:28.461,65.099938,0.000000,0.000000,0.000000,0.308983,-0.394704,-0.257357,0.111828,-0.370469,-0.258050,0.210405,-0.382586,-0.257704,0.180518,-0.414543,-0.231427,0.204805,-0.424977,-0.169616,0.236057,-0.421074,-0.226925
2026-07-16 16:31:28.561,65.199938,0.000000,0.000000,0.000000,0.307618,-0.391274,-0.257274,0.111722,-0.365324,-0.257131,0.209670,-0.378299,-0.257203,0.180333,-0.410414,-0.230504,0.204620,-0.420848,-0.168693,0.235871,-0.416945,-0.226002
2026-07-16 16:31:28.661,65.299938,0.000000,0.000000,0.000000,0.308926,-0.393620,-0.257992,0.111861,-0.368421,-0.257823,0.210393,-0.381020,-0.257908,0.180472,-0.413511,-0.231196,0.204759,-0.423945,-0.169385,0.236010,-0.420042,-0.226694
2026-07-16 16:31:28.761,65.399938,0.000000,0.000000,0.000000,0.308377,-0.389463,-0.255971,0.111629,-0.363259,-0.256670,0.210003,-0.376361,-0.256321,0.180240,-0.408349,-0.230043,0.204527,-0.418783,-0.168232,0.235779,-0.414880,-0.225541
2026-07-16 16:31:28.861,65.499938,0.000000,0.000000,0.000000,0.309173,-0.390652,-0.256668,0.111689,-0.367372,-0.257359,0.210431,-0.379012,-0.257013,0.180379,-0.411446,-0.230735,0.204666,-0.421880,-0.168924,0.235793,-0.418463,-0.226252
2026-07-16 16:31:28.961,65.599937,0.000000,0.000000,0.000000,0.309173,-0.390652,-0.256668,0.111609,-0.368387,-0.257355,0.210391,-0.379519,-0.257011,0.180379,-0.411446,-0.230735,0.204666,-0.421880,-0.168924,0.235918,-0.417977,-0.226233
2026-07-16 16:31:29.061,65.699937,0.000000,0.000000,0.000000,0.308891,-0.392639,-0.256896,0.111814,-0.367389,-0.257593,0.210353,-0.380014,-0.257244,0.180426,-0.412478,-0.230965,0.204713,-0.422913,-0.169155,0.235964,-0.419010,-0.226463
2026-07-16 16:31:29.161,65.799937,0.000000,0.000000,0.000000,0.308706,-0.388509,-0.255973,0.111550,-0.364274,-0.256667,0.210128,-0.376392,-0.256320,0.180240,-0.408349,-0.230043,0.204527,-0.418783,-0.168232,0.235779,-0.414880,-0.225541
2026-07-16 16:31:29.261,65.899937,0.000000,0.000000,0.000000,0.308736,-0.397671,-0.258681,0.111920,-0.372534,-0.258512,0.210328,-0.385103,-0.258596,0.180611,-0.416608,-0.231888,0.204908,-0.427091,-0.169266,0.236149,-0.423139,-0.227386
2026-07-16 16:31:29.361,65.999937,0.000000,0.000000,0.000000,0.309335,-0.394265,-0.257475,0.111930,-0.369970,-0.258169,0.210633,-0.382118,-0.257822,0.180541,-0.415059,-0.231542,0.204839,-0.425542,-0.168920,0.236080,-0.421591,-0.227040
2026-07-16 16:31:29.461,66.099937,0.000000,0.000000,0.000000,0.308787,-0.390522,-0.257300,0.111642,-0.366339,-0.257128,0.210215,-0.378431,-0.257214,0.180333,-0.410414,-0.230504,0.204049,-0.419728,-0.167743,0.235871,-0.416945,-0.226002
2026-07-16 16:31:29.561,66.199937,0.000000,0.000000,0.000000,0.307760,-0.386189,-0.256355,0.111537,-0.361195,-0.256209,0.209648,-0.373692,-0.256282,0.180148,-0.406284,-0.229581,0.203656,-0.416576,-0.166938,0.235686,-0.412815,-0.225080
2026-07-16 16:31:29.661,66.299937,0.000000,0.000000,0.000000,0.308223,-0.396513,-0.258661,0.112000,-0.371519,-0.258515,0.210112,-0.384016,-0.258588,0.180611,-0.416608,-0.231888,0.204119,-0.426900,-0.169244,0.235901,-0.424111,-0.227424
2026-07-16 16:31:29.761,66.399937,0.000000,0.000000,0.000000,0.307992,-0.391351,-0.257508,0.111689,-0.367372,-0.257359,0.209840,-0.379361,-0.257433,0.180379,-0.411446,-0.230735,0.203888,-0.421738,-0.168091,0.235918,-0.417977,-0.226233
2026-07-16 16:31:29.861,66.499937,0.000000,0.000000,0.000000,0.309019,-0.395684,-0.258453,0.111874,-0.371501,-0.258281,0.210446,-0.383593,-0.258367,0.180565,-0.415576,-0.231657,0.204073,-0.425867,-0.169014,0.236103,-0.422107,-0.227155
2026-07-16 16:31:29.961,66.599936,0.000000,0.000000,0.000000,0.308409,-0.400643,-0.259584,0.112105,-0.376663,-0.259434,0.210257,-0.388653,-0.259509,0.180796,-0.420738,-0.232810,0.204304,-0.431029,-0.170167,0.236334,-0.427269,-0.228309
2026-07-16 16:31:30.061,66.699936,0.000000,0.000000,0.000000,0.308833,-0.391555,-0.257531,0.111689,-0.367372,-0.257359,0.210261,-0.379463,-0.257445,0.180379,-0.411446,-0.230735,0.204095,-0.420761,-0.167973,0.235918,-0.417977,-0.226233
2026-07-16 16:31:30.161,66.799936,0.000000,0.000000,0.000000,0.308798,-0.390574,-0.256435,0.111642,-0.366339,-0.257128,0.210220,-0.378457,-0.256781,0.180333,-0.410414,-0.230504,0.204049,-0.419728,-0.167743,0.235623,-0.417916,-0.226041
2026-07-16 16:31:30.261,66.899936,0.000000,0.000000,0.000000,0.309169,-0.398833,-0.258280,0.112092,-0.373584,-0.258976,0.210630,-0.386208,-0.258628,0.180703,-0.418673,-0.232349,0.204212,-0.428965,-0.169706,0.236242,-0.425204,-0.227847
2026-07-16 16:31:30.361,66.999936,0.000000,0.000000,0.000000,0.308972,-0.394652,-0.258223,0.111828,-0.370469,-0.258050,0.210400,-0.382560,-0.258137,0.180518,-0.414543,-0.231427,0.204026,-0.424835,-0.168783,0.236057,-0.421074,-0.226925
2026-07-16 16:31:30.461,67.099936,0.000000,0.000000,0.000000,0.308798,-0.390574,-0.256435,0.111642,-0.366339,-0.257128,0.210220,-0.378457,-0.256781,0.180333,-0.410414,-0.230504,0.204049,-0.419728,-0.167743,0.235871,-0.416945,-0.226002
2026-07-16 16:31:30.561,67.199936,0.000000,0.000000,0.000000,0.308609,-0.394625,-0.257124,0.111861,-0.368421,-0.257823,0.210235,-0.381523,-0.257474,0.180472,-0.413511,-0.231196,0.203980,-0.423802,-0.168552,0.236010,-0.420042,-0.226694
2026-07-16 16:31:30.661,67.299936,0.000000,0.000000,0.000000,0.307946,-0.390319,-0.257278,0.111642,-0.366339,-0.257128,0.209794,-0.378329,-0.257203,0.180333,-0.410414,-0.230504,0.203841,-0.420705,-0.167860,0.235623,-0.417916,-0.226041
2026-07-16 16:31:30.761,67.399936,0.000000,0.000000,0.000000,0.309030,-0.395736,-0.257588,0.111874,-0.371501,-0.258281,0.210452,-0.383619,-0.257934,0.180565,-0.415576,-0.231657,0.204073,-0.425867,-0.169014,0.235854,-0.423078,-0.227194
2026-07-16 16:31:30.861,67.499936,0.000000,0.000000,0.000000,0.308983,-0.394704,-0.257357,0.111828,-0.370469,-0.258050,0.210405,-0.382586,-0.257704,0.180518,-0.414543,-0.231427,0.204016,-0.424787,-0.169594,0.236057,-0.421074,-0.226925
2026-07-16 16:31:30.961,67.599936,0.000000,0.000000,0.000000,0.308798,-0.390574,-0.256435,0.111563,-0.367354,-0.257124,0.210180,-0.378964,-0.256780,0.180157,-0.411403,-0.230537,0.203831,-0.420657,-0.168672,0.235623,-0.417916,-0.226041
2026-07-16 16:31:31.061,67.699935,0.000000,0.000000,0.000000,0.308706,-0.388509,-0.255973,0.111550,-0.364274,-0.256667,0.210128,-0.376392,-0.256320,0.180240,-0.408349,-0.230043,0.204527,-0.418783,-0.168232,0.235530,-0.415851,-0.225579
2026-07-16 16:31:31.161,67.799935,0.000000,0.000000,0.000000,0.309169,-0.398833,-0.258280,0.112092,-0.373584,-0.258976,0.210630,-0.386208,-0.258628,0.179913,-0.418482,-0.232328,0.203994,-0.429893,-0.170634,0.235993,-0.426175,-0.227886
2026-07-16 16:31:31.261,67.899935,0.000000,0.000000,0.000000,0.308937,-0.393671,-0.257127,0.111781,-0.369436,-0.257820,0.210359,-0.381554,-0.257473,0.180472,-0.413511,-0.231196,0.204550,-0.424922,-0.169502,0.235762,-0.421013,-0.226732
2026-07-16 16:31:31.361,67.999935,0.000000,0.000000,0.000000,0.308470,-0.391528,-0.256432,0.111642,-0.366339,-0.257128,0.210056,-0.378934,-0.256780,0.179543,-0.410222,-0.230483,0.204411,-0.421825,-0.168810,0.235623,-0.417916,-0.226041
2026-07-16 16:31:31.461,68.099935,0.000000,0.000000,0.000000,0.308423,-0.390496,-0.256202,0.111596,-0.365307,-0.256897,0.210010,-0.377901,-0.256549,0.179497,-0.409190,-0.230252,0.203785,-0.419624,-0.168441,0.235566,-0.416835,-0.226629
2026-07-16 16:31:31.561,68.199935,0.000000,0.000000,0.000000,0.308223,-0.396513,-0.258661,0.111920,-0.372534,-0.258512,0.210072,-0.384524,-0.258587,0.179821,-0.416417,-0.231866,0.204316,-0.425874,-0.169939,0.235890,-0.424062,-0.228244
2026-07-16 16:31:31.661,68.299935,0.000000,0.000000,0.000000,0.309173,-0.390652,-0.256668,0.111689,-0.367372,-0.257359,0.210431,-0.379012,-0.257013,0.179589,-0.411255,-0.230713,0.203877,-0.421689,-0.168903,0.235659,-0.418900,-0.227090
2026-07-16 16:31:31.761,68.399935,0.000000,0.000000,0.000000,0.308706,-0.388509,-0.255973,0.111629,-0.363259,-0.256670,0.210167,-0.375884,-0.256322,0.179450,-0.408158,-0.230021,0.203738,-0.418592,-0.168211,0.235520,-0.415803,-0.226398
2026-07-16 16:31:31.861,68.499935,0.000000,0.000000,0.000000,0.308470,-0.391528,-0.256432,0.111722,-0.365324,-0.257131,0.210096,-0.378426,-0.256782,0.179543,-0.410222,-0.230483,0.203831,-0.420657,-0.168672,0.235871,-0.416945,-0.226002
2026-07-16 16:31:31.961,68.599935,0.000000,0.000000,0.000000,0.309065,-0.396717,-0.258684,0.111920,-0.372534,-0.258512,0.210493,-0.384625,-0.258598,0.179821,-0.416417,-0.231866,0.204109,-0.426851,-0.170056,0.235890,-0.424062,-0.228244
2026-07-16 16:31:32.061,68.699934,0.000000,0.000000,0.000000,0.307664,-0.392306,-0.257505,0.111768,-0.366357,-0.257362,0.209716,-0.379331,-0.257433,0.179589,-0.411255,-0.230713,0.203877,-0.421689,-0.168903,0.235669,-0.418949,-0.226271
2026-07-16 16:31:32.161,68.799934,0.000000,0.000000,0.000000,0.308844,-0.391606,-0.256665,0.111689,-0.367372,-0.257359,0.210267,-0.379489,-0.257012,0.179589,-0.411255,-0.230713,0.203877,-0.421689,-0.168903,0.235669,-0.418949,-0.226271
2026-07-16 16:31:32.261,68.899934,0.000000,0.000000,0.000000,0.308937,-0.393671,-0.257127,0.111781,-0.369436,-0.257820,0.210359,-0.381554,-0.257473,0.179682,-0.413320,-0.231175,0.203970,-0.423754,-0.169364,0.235762,-0.421013,-0.226732
2026-07-16 16:31:32.361,68.999934,0.000000,0.000000,0.000000,0.307992,-0.391351,-0.257508,0.111689,-0.367372,-0.257359,0.209840,-0.379361,-0.257433,0.179589,-0.411255,-0.230713,0.203877,-0.421689,-0.168903,0.235659,-0.418900,-0.227090
2026-07-16 16:31:32.461,69.099934,0.000000,0.000000,0.000000,0.307946,-0.390319,-0.257278,0.111563,-0.367354,-0.257124,0.209754,-0.378837,-0.257201,0.179543,-0.410222,-0.230483,0.204049,-0.419728,-0.167743,0.235612,-0.417867,-0.226860
2026-07-16 16:31:32.561,69.199934,0.000000,0.000000,0.000000,0.308551,-0.393542,-0.257758,0.111735,-0.368404,-0.257589,0.210143,-0.380973,-0.257674,0.179635,-0.412287,-0.230944,0.203934,-0.422770,-0.168322,0.235964,-0.419010,-0.226463
2026-07-16 16:31:32.661,69.299934,0.000000,0.000000,0.000000,0.309266,-0.392717,-0.257129,0.111781,-0.369436,-0.257820,0.210523,-0.381077,-0.257474,0.179682,-0.413320,-0.231175,0.203980,-0.423802,-0.168552,0.235751,-0.420965,-0.227552
2026-07-16 16:31:32.761,69.399934,0.000000,0.000000,0.000000,0.308602,-0.386393,-0.256378,0.111537,-0.361195,-0.256209,0.210069,-0.373794,-0.256293,0.179358,-0.406093,-0.229560,0.203864,-0.415599,-0.166820,0.235427,-0.413738,-0.225937
2026-07-16 16:31:32.861,69.499934,0.000000,0.000000,0.000000,0.308783,-0.398704,-0.258911,0.111967,-0.373566,-0.258742,0.210375,-0.386135,-0.258827,0.179867,-0.417449,-0.232097,0.204383,-0.427003,-0.168544,0.235947,-0.425143,-0.227655
2026-07-16 16:31:32.961,69.599934,0.000000,0.000000,0.000000,0.308470,-0.391528,-0.256432,0.111722,-0.365324,-0.257131,0.210096,-0.378426,-0.256782,0.179543,-0.410222,-0.230483,0.204059,-0.419777,-0.166930,0.235623,-0.417916,-0.226041
2026-07-16 16:31:33.061,69.699934,0.000000,0.000000,0.000000,0.308038,-0.392384,-0.257739,0.111655,-0.369419,-0.257586,0.209847,-0.380901,-0.257662,0.179635,-0.412287,-0.230944,0.203944,-0.422818,-0.167510,0.235715,-0.419981,-0.226502
2026-07-16 16:31:33.161,69.799933,0.000000,0.000000,0.000000,0.308234,-0.394547,-0.256891,0.111814,-0.367389,-0.257593,0.210024,-0.380968,-0.257242,0.179635,-0.412287,-0.230944,0.204152,-0.421841,-0.167391,0.235964,-0.419010,-0.226463
2026-07-16 16:31:33.261,69.899933,0.000000,0.000000,0.000000,0.308926,-0.393620,-0.257992,0.111781,-0.369436,-0.257820,0.210354,-0.381528,-0.257906,0.179682,-0.413320,-0.231175,0.203990,-0.423851,-0.167741,0.235762,-0.421013,-0.226732
2026-07-16 16:31:33.361,69.999933,0.000000,0.000000,0.000000,0.309579,-0.399892,-0.259610,0.112185,-0.375648,-0.259438,0.210882,-0.387770,-0.259524,0.180006,-0.420547,-0.232789,0.204315,-0.431078,-0.169355,0.236086,-0.428240,-0.228347
2026-07-16 16:31:33.461,70.099933,0.000000,0.000000,0.000000,0.308741,-0.389490,-0.257070,0.111596,-0.365307,-0.256897,0.210168,-0.377398,-0.256983,0.179497,-0.409190,-0.230252,0.204023,-0.418793,-0.165887,0.235825,-0.415912,-0.225772
2026-07-16 16:31:33.561,70.199933,0.000000,0.000000,0.000000,0.308695,-0.388458,-0.256839,0.111550,-0.364274,-0.256667,0.210122,-0.376366,-0.256753,0.179450,-0.408158,-0.230021,0.203977,-0.417760,-0.165656,0.235530,-0.415851,-0.225579
2026-07-16 16:31:33.661,70.299933,0.000000,0.000000,0.000000,0.308798,-0.390574,-0.256435,0.111642,-0.366339,-0.257128,0.210220,-0.378457,-0.256781,0.179543,-0.410222,-0.230483,0.203862,-0.420802,-0.166237,0.235871,-0.416945,-0.226002
2026-07-16 16:31:33.761,70.399933,0.000000,0.000000,0.000000,0.308695,-0.388458,-0.256839,0.111550,-0.364274,-0.256667,0.210122,-0.376366,-0.256753,0.179450,-0.408158,-0.230021,0.203769,-0.418737,-0.165776,0.235530,-0.415851,-0.225579
2026-07-16 16:31:33.861,70.499933,0.000000,0.000000,0.000000,0.308926,-0.393620,-0.257992,0.111781,-0.369436,-0.257820,0.210354,-0.381528,-0.257906,0.179682,-0.413320,-0.231175,0.203793,-0.424876,-0.167049,0.236010,-0.420042,-0.226694
2026-07-16 16:31:33.961,70.599933,0.000000,0.000000,0.000000,0.309405,-0.395814,-0.257821,0.111920,-0.372534,-0.258512,0.210662,-0.384174,-0.258166,0.179821,-0.416417,-0.231866,0.205148,-0.426259,-0.166710,0.235901,-0.424111,-0.227424
2026-07-16 16:31:34.061,70.699933,0.000000,0.000000,0.000000,0.308798,-0.390574,-0.256435,0.111642,-0.366339,-0.257128,0.210220,-0.378457,-0.256781,0.179543,-0.410222,-0.230483,0.204661,-0.421041,-0.165447,0.235623,-0.417916,-0.226041
2026-07-16 16:31:34.161,70.799932,0.000000,0.000000,0.000000,0.308331,-0.388431,-0.255740,0.111503,-0.363242,-0.256436,0.209917,-0.375836,-0.256088,0.179404,-0.407125,-0.229791,0.204741,-0.417016,-0.163822,0.235732,-0.413847,-0.225310
2026-07-16 16:31:34.261,70.899932,0.000000,0.000000,0.000000,0.307899,-0.389286,-0.257047,0.111596,-0.365307,-0.256897,0.209748,-0.377297,-0.256972,0.180287,-0.409381,-0.230273,0.204635,-0.420105,-0.163594,0.235825,-0.415912,-0.225772
2026-07-16 16:31:34.361,70.999932,0.000000,0.000000,0.000000,0.308562,-0.393593,-0.256894,0.111814,-0.367389,-0.257593,0.210188,-0.380491,-0.257243,0.180426,-0.412478,-0.230965,0.204193,-0.422035,-0.164141,0.235964,-0.419010,-0.226463
2026-07-16 16:31:34.461,71.099932,0.000000,0.000000,0.000000,0.308937,-0.393671,-0.257127,0.111781,-0.369436,-0.257820,0.210359,-0.381554,-0.257473,0.180307,-0.414549,-0.230417,0.204042,-0.424092,-0.163683,0.236010,-0.420042,-0.226694
2026-07-16 16:31:34.561,71.199932,0.000000,0.000000,0.000000,0.308598,-0.394574,-0.257989,0.111861,-0.368421,-0.257823,0.210229,-0.381498,-0.257906,0.180482,-0.413559,-0.230383,0.204052,-0.424141,-0.162872,0.236010,-0.420042,-0.226694
2026-07-16 16:31:34.661,71.299932,0.000000,0.000000,0.000000,0.307992,-0.391351,-0.257508,0.111768,-0.366357,-0.257362,0.209880,-0.378854,-0.257435,0.180214,-0.412484,-0.229956,0.203554,-0.424077,-0.161852,0.235918,-0.417977,-0.226233
2026-07-16 16:31:34.761,71.399932,0.000000,0.000000,0.000000,0.309208,-0.391633,-0.257765,0.111814,-0.367389,-0.257593,0.210511,-0.379511,-0.257679,0.180436,-0.412527,-0.230153,0.203621,-0.425206,-0.160465,0.236762,-0.419202,-0.226485
2026-07-16 16:31:34.861,71.499932,0.000000,0.000000,0.000000,0.309023,-0.387503,-0.256843,0.111629,-0.363259,-0.256670,0.210326,-0.375381,-0.256756,0.180251,-0.408397,-0.229230,0.203446,-0.421124,-0.158733,0.236027,-0.413908,-0.225503
2026-07-16 16:31:34.961,71.599932,0.000000,0.000000,0.000000,0.308470,-0.391528,-0.256432,0.111801,-0.364309,-0.257135,0.210136,-0.377919,-0.256784,0.180343,-0.410462,-0.229691,0.203549,-0.423237,-0.158385,0.236120,-0.415973,-0.225964
2026-07-16 16:31:35.061,71.699932,0.000000,0.000000,0.000000,0.308988,-0.386522,-0.255745,0.111662,-0.361212,-0.256443,0.210325,-0.373867,-0.256094,0.180215,-0.407413,-0.228187,0.203410,-0.420140,-0.157693,0.235991,-0.412925,-0.224451
2026-07-16 16:31:35.161,71.799932,0.000000,0.000000,0.000000,0.308926,-0.393620,-0.257992,0.111861,-0.368421,-0.257823,0.210393,-0.381020,-0.257908,0.180492,-0.413607,-0.229571,0.203698,-0.426383,-0.158267,0.237068,-0.419312,-0.225856
2026-07-16 16:31:35.261,71.899931,0.000000,0.000000,0.000000,0.309358,-0.394782,-0.257590,0.111953,-0.370486,-0.258285,0.210656,-0.382634,-0.257937,0.181375,-0.415863,-0.230053,0.203221,-0.427329,-0.157765,0.236362,-0.421184,-0.226296
2026-07-16 16:31:35.361,71.999931,0.000000,0.000000,0.000000,0.307572,-0.390241,-0.257043,0.111676,-0.364292,-0.256901,0.209624,-0.377266,-0.256972,0.181097,-0.409669,-0.228670,0.203150,-0.420158,-0.156248,0.236084,-0.414990,-0.224912
2026-07-16 16:31:35.461,72.099931,0.000000,0.000000,0.000000,0.308972,-0.394652,-0.258223,0.111907,-0.369454,-0.258054,0.210440,-0.382053,-0.258138,0.181329,-0.414831,-0.229823,0.202387,-0.426106,-0.157513,0.236316,-0.420152,-0.226065
2026-07-16 16:31:35.561,72.199931,0.000000,0.000000,0.000000,0.309301,-0.393698,-0.258226,0.111828,-0.370469,-0.258050,0.210564,-0.382083,-0.258138,0.181329,-0.414831,-0.229823,0.202387,-0.426106,-0.157513,0.236316,-0.420152,-0.226065
2026-07-16 16:31:35.661,72.299931,0.000000,0.000000,0.000000,0.309173,-0.390652,-0.256668,0.111689,-0.367372,-0.257359,0.210431,-0.379012,-0.257013,0.181190,-0.411734,-0.229131,0.202453,-0.422032,-0.156688,0.236177,-0.417054,-0.225373
2026-07-16 16:31:35.761,72.399931,0.000000,0.000000,0.000000,0.308695,-0.388458,-0.256839,0.111550,-0.364274,-0.256667,0.210122,-0.376366,-0.256753,0.181051,-0.408637,-0.228439,0.201720,-0.417719,-0.156654,0.236038,-0.413957,-0.224681
2026-07-16 16:31:35.861,72.499931,0.000000,0.000000,0.000000,0.308972,-0.394652,-0.258223,0.111828,-0.370469,-0.258050,0.210400,-0.382560,-0.258137,0.180539,-0.414640,-0.229801,0.202356,-0.425961,-0.159944,0.236316,-0.420152,-0.226065
2026-07-16 16:31:35.961,72.599931,0.000000,0.000000,0.000000,0.308926,-0.393620,-0.257992,0.111781,-0.369436,-0.257820,0.210354,-0.381528,-0.257906,0.180482,-0.413559,-0.230383,0.202289,-0.424832,-0.161334,0.236269,-0.419119,-0.225834
2026-07-16 16:31:36.061,72.699931,0.000000,0.000000,0.000000,0.308787,-0.390522,-0.257300,0.111642,-0.366339,-0.257128,0.210215,-0.378431,-0.257214,0.180343,-0.410462,-0.229691,0.202129,-0.421639,-0.162263,0.235882,-0.416994,-0.225182
2026-07-16 16:31:36.161,72.799931,0.000000,0.000000,0.000000,0.308880,-0.392587,-0.257762,0.111735,-0.368404,-0.257589,0.210307,-0.380496,-0.257675,0.180426,-0.412478,-0.230965,0.201986,-0.424536,-0.165278,0.235964,-0.419010,-0.226463
2026-07-16 16:31:36.261,72.899930,0.000000,0.000000,0.000000,0.307946,-0.390319,-0.257278,0.111642,-0.366339,-0.257128,0.209794,-0.378329,-0.257203,0.179543,-0.410222,-0.230483,0.202284,-0.420420,-0.166195,0.235623,-0.417916,-0.226041
2026-07-16 16:31:36.361,72.999930,0.000000,0.000000,0.000000,0.308470,-0.391528,-0.256432,0.111642,-0.366339,-0.257128,0.210056,-0.378934,-0.256780,0.179358,-0.411164,-0.231327,0.201842,-0.422230,-0.168863,0.235374,-0.418888,-0.226079
2026-07-16 16:31:36.461,73.099930,0.000000,0.000000,0.000000,0.308613,-0.386444,-0.255512,0.111537,-0.361195,-0.256209,0.210075,-0.373819,-0.255861,0.178557,-0.405853,-0.230351,0.201636,-0.418004,-0.169559,0.234940,-0.415730,-0.225195
2026-07-16 16:31:36.561,73.199930,0.000000,0.000000,0.000000,0.309034,-0.387555,-0.255976,0.111629,-0.363259,-0.256670,0.210332,-0.375407,-0.256323,0.178477,-0.408908,-0.230844,0.201708,-0.419973,-0.171638,0.234486,-0.416631,-0.225596
2026-07-16 16:31:36.661,73.299930,0.000000,0.000000,0.000000,0.308609,-0.394625,-0.257124,0.111861,-0.368421,-0.257823,0.210235,-0.381523,-0.257474,0.178698,-0.414022,-0.232809,0.202716,-0.425277,-0.173622,0.234707,-0.421744,-0.227567
2026-07-16 16:31:36.761,73.399930,0.000000,0.000000,0.000000,0.308752,-0.389541,-0.256204,0.111596,-0.365307,-0.256897,0.210174,-0.377424,-0.256551,0.178513,-0.409892,-0.231886,0.202521,-0.421099,-0.173509,0.234522,-0.417614,-0.226645
2026-07-16 16:31:36.861,73.499930,0.000000,0.000000,0.000000,0.307899,-0.389286,-0.257047,0.111596,-0.365307,-0.256897,0.209748,-0.377297,-0.256972,0.178513,-0.409892,-0.231886,0.202511,-0.421051,-0.174318,0.234275,-0.418586,-0.226682
2026-07-16 16:31:36.961,73.599930,0.000000,0.000000,0.000000,0.309266,-0.392717,-0.257129,0.111781,-0.369436,-0.257820,0.210523,-0.381077,-0.257474,0.178698,-0.414022,-0.232809,0.203275,-0.426348,-0.175371,0.234460,-0.422716,-0.227605
2026-07-16 16:31:37.061,73.699930,0.000000,0.000000,0.000000,0.308609,-0.394625,-0.257124,0.111781,-0.369436,-0.257820,0.210195,-0.382031,-0.257472,0.178881,-0.413080,-0.231966,0.203483,-0.425371,-0.175262,0.234707,-0.421744,-0.227567
2026-07-16 16:31:37.161,73.799930,0.000000,0.000000,0.000000,0.307946,-0.390319,-0.257278,0.111642,-0.366339,-0.257128,0.209794,-0.378329,-0.257203,0.178742,-0.409983,-0.231274,0.203344,-0.422274,-0.174570,0.234579,-0.418695,-0.226057
2026-07-16 16:31:37.261,73.899930,0.000000,0.000000,0.000000,0.308844,-0.391606,-0.256665,0.111689,-0.367372,-0.257359,0.210267,-0.379489,-0.257012,0.178789,-0.411015,-0.231504,0.203608,-0.422377,-0.173881,0.234625,-0.419728,-0.226288
2026-07-16 16:31:37.361,73.999929,0.000000,0.000000,0.000000,0.308937,-0.393671,-0.257127,0.111861,-0.368421,-0.257823,0.210399,-0.381046,-0.257475,0.179672,-0.413271,-0.231987,0.204280,-0.425609,-0.174474,0.234718,-0.421792,-0.226749
2026-07-16 16:31:37.461,74.099929,0.000000,0.000000,0.000000,0.309173,-0.390652,-0.256668,0.111689,-0.367372,-0.257359,0.210431,-0.379012,-0.257013,0.179753,-0.410216,-0.231494,0.204406,-0.422616,-0.173092,0.234625,-0.419728,-0.226288
2026-07-16 16:31:37.561,74.199929,0.000000,0.000000,0.000000,0.308470,-0.391528,-0.256432,0.111801,-0.364309,-0.257135,0.210136,-0.377919,-0.256784,0.179717,-0.409233,-0.230450,0.204360,-0.421583,-0.172862,0.234579,-0.418695,-0.226057
2026-07-16 16:31:37.661,74.299929,0.000000,0.000000,0.000000,0.308752,-0.389541,-0.256204,0.111596,-0.365307,-0.256897,0.210174,-0.377424,-0.256551,0.180287,-0.409381,-0.230273,0.205112,-0.420790,-0.171842,0.234532,-0.417663,-0.225827
2026-07-16 16:31:37.761,74.399929,0.000000,0.000000,0.000000,0.309543,-0.398911,-0.258513,0.112139,-0.374616,-0.259207,0.210841,-0.386764,-0.258860,0.180925,-0.418716,-0.232547,0.205575,-0.431114,-0.174148,0.234996,-0.427987,-0.228133
2026-07-16 16:31:37.861,74.499929,0.000000,0.000000,0.000000,0.308470,-0.391528,-0.256432,0.111722,-0.365324,-0.257131,0.210096,-0.378426,-0.256782,0.180508,-0.409424,-0.230471,0.206167,-0.421084,-0.171170,0.234826,-0.417724,-0.226019
2026-07-16 16:31:37.961,74.599929,0.000000,0.000000,0.000000,0.308706,-0.388509,-0.255973,0.111550,-0.364274,-0.256667,0.210128,-0.376392,-0.256320,0.180416,-0.407359,-0.230010,0.206285,-0.418043,-0.170596,0.234734,-0.415659,-0.225558
2026-07-16 16:31:38.061,74.699929,0.000000,0.000000,0.000000,0.308701,-0.396690,-0.257585,0.111874,-0.371501,-0.258281,0.210288,-0.384096,-0.257933,0.181531,-0.414777,-0.231646,0.207188,-0.426437,-0.172345,0.235058,-0.422886,-0.227172
2026-07-16 16:31:38.161,74.799929,0.000000,0.000000,0.000000,0.308366,-0.389412,-0.256835,0.111629,-0.363259,-0.256670,0.209998,-0.376336,-0.256753,0.181217,-0.407599,-0.229218,0.207075,-0.418234,-0.170617,0.234981,-0.414687,-0.225519
2026-07-16 16:31:38.261,74.899929,0.000000,0.000000,0.000000,0.308377,-0.389463,-0.255971,0.111550,-0.364274,-0.256667,0.209963,-0.376869,-0.256319,0.181207,-0.407550,-0.230032,0.207866,-0.418425,-0.170639,0.234734,-0.415659,-0.225558
2026-07-16 16:31:38.361,74.999928,0.000000,0.000000,0.000000,0.309030,-0.395736,-0.257588,0.111874,-0.371501,-0.258281,0.210452,-0.383619,-0.257934,0.181531,-0.414777,-0.231646,0.208190,-0.425652,-0.172253,0.234261,-0.422693,-0.227151
2026-07-16 16:31:38.461,75.099928,0.000000,0.000000,0.000000,0.308141,-0.392483,-0.256430,0.111642,-0.366339,-0.257128,0.209892,-0.379411,-0.256779,0.181310,-0.409664,-0.229679,0.208748,-0.420681,-0.171121,0.234826,-0.417724,-0.226019
2026-07-16 16:31:38.561,75.199928,0.000000,0.000000,0.000000,0.308423,-0.390496,-0.256202,0.111596,-0.365307,-0.256897,0.210010,-0.377901,-0.256549,0.181264,-0.408631,-0.229449,0.208702,-0.419649,-0.170891,0.235027,-0.415719,-0.225750
2026-07-16 16:31:38.661,75.299928,0.000000,0.000000,0.000000,0.308833,-0.391555,-0.257531,0.111689,-0.367372,-0.257359,0.210261,-0.379463,-0.257445,0.181970,-0.411876,-0.229965,0.209574,-0.421856,-0.172186,0.235120,-0.417784,-0.226211
2026-07-16 16:31:38.761,75.399928,0.000000,0.000000,0.000000,0.309030,-0.395736,-0.257588,0.111953,-0.370486,-0.258285,0.210492,-0.383111,-0.257936,0.182155,-0.416006,-0.230887,0.209760,-0.425986,-0.173108,0.235305,-0.421914,-0.227134
2026-07-16 16:31:38.861,75.499928,0.000000,0.000000,0.000000,0.308655,-0.395658,-0.257355,0.111828,-0.370469,-0.258050,0.210241,-0.383063,-0.257703,0.182286,-0.413985,-0.230623,0.209713,-0.424954,-0.172878,0.235259,-0.420881,-0.226903
2026-07-16 16:31:38.961,75.599928,0.000000,0.000000,0.000000,0.307526,-0.389209,-0.256813,0.111629,-0.363259,-0.256670,0.209577,-0.376234,-0.256741,0.181821,-0.408731,-0.230086,0.210226,-0.418950,-0.171515,0.234981,-0.414687,-0.225519
2026-07-16 16:31:39.061,75.699928,0.000000,0.000000,0.000000,0.308470,-0.391528,-0.256432,0.111722,-0.365324,-0.257131,0.210096,-0.378426,-0.256782,0.182101,-0.409855,-0.229701,0.210318,-0.421015,-0.171977,0.234276,-0.416559,-0.225959
2026-07-16 16:31:39.161,75.799928,0.000000,0.000000,0.000000,0.308695,-0.388458,-0.256839,0.111550,-0.364274,-0.256667,0.210122,-0.376366,-0.256753,0.181998,-0.407742,-0.230053,0.209999,-0.419877,-0.172439,0.234184,-0.414494,-0.225498
2026-07-16 16:31:39.261,75.899928,0.000000,0.000000,0.000000,0.309065,-0.396717,-0.258684,0.112079,-0.370504,-0.258519,0.210572,-0.383610,-0.258601,0.182369,-0.416001,-0.231898,0.211376,-0.427352,-0.174194,0.235352,-0.422946,-0.227364
2026-07-16 16:31:39.361,75.999928,0.000000,0.000000,0.000000,0.308752,-0.389541,-0.256204,0.111676,-0.364292,-0.256901,0.210214,-0.376917,-0.256552,0.182055,-0.408823,-0.229470,0.211052,-0.420125,-0.172580,0.234230,-0.415526,-0.225728
2026-07-16 16:31:39.461,76.099927,0.000000,0.000000,0.000000,0.309065,-0.396717,-0.258684,0.112000,-0.371519,-0.258515,0.210532,-0.384118,-0.258600,0.182369,-0.416001,-0.231898,0.212166,-0.427543,-0.174216,0.234554,-0.422753,-0.227343
2026-07-16 16:31:39.561,76.199927,0.000000,0.000000,0.000000,0.308284,-0.387399,-0.255510,0.111378,-0.363225,-0.256202,0.209831,-0.375312,-0.255856,0.181906,-0.405677,-0.229592,0.211692,-0.417171,-0.172722,0.234888,-0.412622,-0.225058
2026-07-16 16:31:39.661,76.299927,0.000000,0.000000,0.000000,0.308798,-0.390574,-0.256435,0.111642,-0.366339,-0.257128,0.210220,-0.378457,-0.256781,0.182091,-0.409807,-0.230514,0.212658,-0.421443,-0.174479,0.234276,-0.416559,-0.225959
2026-07-16 16:31:39.761,76.399927,0.000000,0.000000,0.000000,0.308701,-0.396690,-0.257585,0.111874,-0.371501,-0.258281,0.210288,-0.384096,-0.257933,0.182322,-0.414969,-0.231667,0.212889,-0.426605,-0.175632,0.234508,-0.421721,-0.227112
2026-07-16 16:31:39.861,76.499927,0.000000,0.000000,0.000000,0.308655,-0.395658,-0.257355,0.111828,-0.370469,-0.258050,0.210241,-0.383063,-0.257703,0.183067,-0.414128,-0.231458,0.213623,-0.425715,-0.176235,0.234461,-0.420689,-0.226882
2026-07-16 16:31:39.961,76.599927,0.000000,0.000000,0.000000,0.309250,-0.400847,-0.259607,0.112105,-0.376663,-0.259434,0.210678,-0.388755,-0.259520,0.183166,-0.421311,-0.232875,0.213890,-0.431862,-0.178432,0.234739,-0.426883,-0.228265
2026-07-16 16:31:40.061,76.699927,0.000000,0.000000,0.000000,0.308085,-0.393416,-0.257969,0.111781,-0.369436,-0.257820,0.209933,-0.381426,-0.257895,0.182842,-0.414084,-0.231260,0.214789,-0.422829,-0.177440,0.234405,-0.419607,-0.227471
2026-07-16 16:31:40.161,76.799927,0.000000,0.000000,0.000000,0.309250,-0.400847,-0.259607,0.112185,-0.375648,-0.259438,0.210718,-0.388247,-0.259522,0.183345,-0.420322,-0.232842,0.215324,-0.429033,-0.179766,0.234729,-0.426834,-0.229086
2026-07-16 16:31:40.261,76.899927,0.000000,0.000000,0.000000,0.308459,-0.391477,-0.257297,0.111642,-0.366339,-0.257128,0.210051,-0.378908,-0.257212,0.182882,-0.409998,-0.230536,0.214629,-0.419634,-0.178378,0.234266,-0.416510,-0.226779
2026-07-16 16:31:40.361,76.999927,0.000000,0.000000,0.000000,0.308983,-0.394704,-0.257357,0.111828,-0.370469,-0.258050,0.210405,-0.382586,-0.257704,0.183067,-0.414128,-0.231458,0.214804,-0.423716,-0.180116,0.234461,-0.420689,-0.226882
2026-07-16 16:31:40.461,77.099926,0.000000,0.000000,0.000000,0.308505,-0.392509,-0.257527,0.111609,-0.368387,-0.257355,0.210057,-0.380448,-0.257441,0.182928,-0.411030,-0.230766,0.213863,-0.420378,-0.180217,0.234322,-0.417591,-0.226190
2026-07-16 16:31:40.561,77.199926,0.000000,0.000000,0.000000,0.309030,-0.395736,-0.257588,0.111874,-0.371501,-0.258281,0.210452,-0.383619,-0.257934,0.183292,-0.414171,-0.231656,0.214268,-0.423533,-0.181039,0.234754,-0.420749,-0.227074
2026-07-16 16:31:40.661,77.299926,0.000000,0.000000,0.000000,0.308844,-0.391606,-0.256665,0.111768,-0.366357,-0.257362,0.210306,-0.378981,-0.257014,0.183719,-0.411222,-0.230788,0.213279,-0.419163,-0.180910,0.233525,-0.417398,-0.226168
2026-07-16 16:31:40.761,77.399926,0.000000,0.000000,0.000000,0.308412,-0.390444,-0.257066,0.111596,-0.365307,-0.256897,0.210004,-0.377876,-0.256982,0.183627,-0.409157,-0.230326,0.213176,-0.417049,-0.181265,0.233678,-0.414361,-0.225668
2026-07-16 16:31:40.861,77.499926,0.000000,0.000000,0.000000,0.308470,-0.391528,-0.256432,0.111642,-0.366339,-0.257128,0.210056,-0.378934,-0.256780,0.183853,-0.409201,-0.230525,0.212429,-0.417890,-0.181474,0.233479,-0.416366,-0.225937
2026-07-16 16:31:40.961,77.599926,0.000000,0.000000,0.000000,0.309204,-0.399814,-0.259376,0.111980,-0.376646,-0.259200,0.210592,-0.388230,-0.259288,0.184270,-0.418492,-0.232600,0.212836,-0.427133,-0.184366,0.234141,-0.424685,-0.227975
2026-07-16 16:31:41.061,77.699926,0.000000,0.000000,0.000000,0.308844,-0.391606,-0.256665,0.111689,-0.367372,-0.257359,0.210267,-0.379489,-0.257012,0.184079,-0.409244,-0.230723,0.211455,-0.419658,-0.182597,0.233770,-0.416426,-0.226130
2026-07-16 16:31:41.161,77.799926,0.000000,0.000000,0.000000,0.308983,-0.394704,-0.257357,0.111748,-0.371484,-0.258047,0.210366,-0.383094,-0.257702,0.184038,-0.413330,-0.231447,0.211584,-0.422707,-0.184104,0.234154,-0.418551,-0.226783
2026-07-16 16:31:41.261,77.899926,0.000000,0.000000,0.000000,0.308972,-0.394652,-0.258223,0.111828,-0.370469,-0.258050,0.210400,-0.382560,-0.258137,0.184218,-0.412342,-0.231415,0.211584,-0.422707,-0.184104,0.233909,-0.419523,-0.226822
2026-07-16 16:31:41.361,77.999926,0.000000,0.000000,0.000000,0.309486,-0.397827,-0.259149,0.112092,-0.373584,-0.258976,0.210789,-0.385705,-0.259063,0.184223,-0.417460,-0.232370,0.211552,-0.427812,-0.185123,0.234340,-0.422681,-0.227706
2026-07-16 16:31:41.461,78.099926,0.000000,0.000000,0.000000,0.309069,-0.388535,-0.257073,0.111517,-0.366322,-0.256894,0.210293,-0.377429,-0.256984,0.184166,-0.406191,-0.230229,0.211352,-0.417544,-0.182950,0.233113,-0.413147,-0.226431
2026-07-16 16:31:41.561,78.199925,0.000000,0.000000,0.000000,0.309312,-0.393749,-0.257360,0.111828,-0.370469,-0.258050,0.210570,-0.382109,-0.257705,0.184218,-0.412342,-0.231415,0.210565,-0.423443,-0.184993,0.234144,-0.418502,-0.227606
2026-07-16 16:31:41.661,78.299925,0.000000,0.000000,0.000000,0.309255,-0.392665,-0.257996,0.111781,-0.369436,-0.257820,0.210518,-0.381051,-0.257908,0.184172,-0.411309,-0.231184,0.210519,-0.422410,-0.184762,0.233298,-0.417276,-0.227353
2026-07-16 16:31:41.761,78.399925,0.000000,0.000000,0.000000,0.309301,-0.393698,-0.258226,0.111828,-0.370469,-0.258050,0.210564,-0.382083,-0.258138,0.184038,-0.413330,-0.231447,0.211356,-0.423634,-0.185014,0.234144,-0.418502,-0.227606
2026-07-16 16:31:41.861,78.499925,0.000000,0.000000,0.000000,0.308695,-0.388458,-0.256839,0.111470,-0.365289,-0.256663,0.210082,-0.376874,-0.256751,0.183750,-0.407087,-0.230878,0.211078,-0.417440,-0.183630,0.233866,-0.412308,-0.226222
2026-07-16 16:31:41.961,78.599925,0.000000,0.000000,0.000000,0.308926,-0.393620,-0.257992,0.111861,-0.368421,-0.257823,0.210393,-0.381020,-0.257908,0.183189,-0.412058,-0.232010,0.211082,-0.423529,-0.185691,0.234098,-0.417470,-0.227375
2026-07-16 16:31:42.061,78.699925,0.000000,0.000000,0.000000,0.308829,-0.399736,-0.259142,0.112013,-0.374599,-0.258973,0.210421,-0.387167,-0.259057,0.183411,-0.417171,-0.233978,0.211314,-0.428691,-0.186845,0.234084,-0.423604,-0.228566
2026-07-16 16:31:42.161,78.799925,0.000000,0.000000,0.000000,0.308880,-0.392587,-0.257762,0.111814,-0.367389,-0.257593,0.210347,-0.379988,-0.257677,0.182954,-0.411966,-0.232624,0.211026,-0.422448,-0.186273,0.233806,-0.417410,-0.227182
2026-07-16 16:31:42.261,78.899925,0.000000,0.000000,0.000000,0.308598,-0.394574,-0.257989,0.111940,-0.367406,-0.257827,0.210269,-0.380990,-0.257908,0.182387,-0.411818,-0.232803,0.211852,-0.423623,-0.187338,0.233597,-0.419366,-0.228270
2026-07-16 16:31:42.361,78.999925,0.000000,0.000000,0.000000,0.308926,-0.393620,-0.257992,0.111781,-0.369436,-0.257820,0.210354,-0.381528,-0.257906,0.182209,-0.412807,-0.232834,0.211634,-0.424599,-0.187430,0.233597,-0.419366,-0.228270
2026-07-16 16:31:42.461,79.099925,0.000000,0.000000,0.000000,0.308598,-0.394574,-0.257989,0.111940,-0.367406,-0.257827,0.210269,-0.380990,-0.257908,0.182387,-0.411818,-0.232803,0.211634,-0.424599,-0.187430,0.233842,-0.418393,-0.228234
2026-07-16 16:31:42.561,79.199924,0.000000,0.000000,0.000000,0.308977,-0.386471,-0.256612,0.111503,-0.363242,-0.256436,0.210240,-0.374856,-0.256524,0.181140,-0.406421,-0.231428,0.211356,-0.418405,-0.186046,0.233319,-0.413171,-0.226886
2026-07-16 16:31:42.661,79.299924,0.000000,0.000000,0.000000,0.308880,-0.392587,-0.257762,0.111814,-0.367389,-0.257593,0.210347,-0.379988,-0.257677,0.181361,-0.411535,-0.233395,0.210788,-0.423328,-0.187990,0.233550,-0.418333,-0.228039
2026-07-16 16:31:42.761,79.399924,0.000000,0.000000,0.000000,0.308366,-0.389412,-0.256835,0.111550,-0.364274,-0.256667,0.209958,-0.376843,-0.256751,0.181186,-0.407454,-0.231659,0.210613,-0.419247,-0.186255,0.233365,-0.414204,-0.227117
2026-07-16 16:31:42.861,79.499924,0.000000,0.000000,0.000000,0.308787,-0.390522,-0.257300,0.111642,-0.366339,-0.257128,0.210215,-0.378431,-0.257214,0.181269,-0.409470,-0.232934,0.210706,-0.421311,-0.186717,0.233458,-0.416268,-0.227578
2026-07-16 16:31:42.961,79.599924,0.000000,0.000000,0.000000,0.309116,-0.389568,-0.257304,0.111642,-0.366339,-0.257128,0.210379,-0.377954,-0.257216,0.181279,-0.409518,-0.232120,0.209701,-0.422097,-0.186788,0.233458,-0.416268,-0.227578
2026-07-16 16:31:43.061,79.699924,0.000000,0.000000,0.000000,0.308736,-0.397671,-0.258681,0.112079,-0.370504,-0.258519,0.210408,-0.384087,-0.258600,0.181557,-0.415713,-0.233504,0.209979,-0.428291,-0.188171,0.233736,-0.422463,-0.228962
2026-07-16 16:31:43.161,79.799924,0.000000,0.000000,0.000000,0.308752,-0.389541,-0.256204,0.111596,-0.365307,-0.256897,0.210174,-0.377424,-0.256551,0.181233,-0.408486,-0.231890,0.209092,-0.419946,-0.185632,0.233411,-0.415236,-0.227347
2026-07-16 16:31:43.261,79.899924,0.000000,0.000000,0.000000,0.309019,-0.395684,-0.258453,0.111953,-0.370486,-0.258285,0.210486,-0.383085,-0.258369,0.181511,-0.414680,-0.233273,0.209370,-0.426140,-0.187016,0.233689,-0.421430,-0.228731
2026-07-16 16:31:43.361,79.999924,0.000000,0.000000,0.000000,0.308833,-0.391555,-0.257531,0.111768,-0.366357,-0.257362,0.210301,-0.378956,-0.257446,0.181325,-0.410551,-0.232351,0.208395,-0.421820,-0.186072,0.233504,-0.417301,-0.227809
2026-07-16 16:31:43.461,80.099924,0.000000,0.000000,0.000000,0.308787,-0.390522,-0.257300,0.111642,-0.366339,-0.257128,0.210215,-0.378431,-0.257214,0.181279,-0.409518,-0.232120,0.207560,-0.420596,-0.185820,0.233458,-0.416268,-0.227578
2026-07-16 16:31:43.561,80.199924,0.000000,0.000000,0.000000,0.308459,-0.391477,-0.257297,0.111642,-0.366339,-0.257128,0.210051,-0.378908,-0.257212,0.181279,-0.409518,-0.232120,0.206771,-0.420406,-0.185798,0.233458,-0.416268,-0.227578
2026-07-16 16:31:43.661,80.299923,0.000000,0.000000,0.000000,0.309019,-0.395684,-0.258453,0.111794,-0.372516,-0.258278,0.210407,-0.384100,-0.258366,0.181511,-0.414680,-0.233273,0.206424,-0.424399,-0.186837,0.233689,-0.421430,-0.228731
2026-07-16 16:31:43.761,80.399923,0.000000,0.000000,0.000000,0.309169,-0.398833,-0.258280,0.112013,-0.374599,-0.258973,0.210591,-0.386716,-0.258626,0.181650,-0.417778,-0.233965,0.206563,-0.427496,-0.187529,0.233828,-0.424528,-0.229423
2026-07-16 16:31:43.861,80.499923,0.000000,0.000000,0.000000,0.308423,-0.390496,-0.256202,0.111755,-0.363277,-0.256904,0.210089,-0.376886,-0.256553,0.180442,-0.408295,-0.231868,0.205136,-0.418943,-0.186337,0.233411,-0.415236,-0.227347
2026-07-16 16:31:43.961,80.599923,0.000000,0.000000,0.000000,0.308798,-0.390574,-0.256435,0.111722,-0.365324,-0.257131,0.210260,-0.377949,-0.256783,0.180488,-0.409327,-0.232099,0.204973,-0.420954,-0.186660,0.233458,-0.416268,-0.227578
2026-07-16 16:31:44.061,80.699923,0.000000,0.000000,0.000000,0.309111,-0.397749,-0.258915,0.112046,-0.372551,-0.258746,0.210579,-0.385150,-0.258830,0.180626,-0.417495,-0.234556,0.204509,-0.427990,-0.188253,0.233782,-0.423495,-0.229192
2026-07-16 16:31:44.161,80.799923,0.000000,0.000000,0.000000,0.308880,-0.392587,-0.257762,0.111735,-0.368404,-0.257589,0.210307,-0.380496,-0.257675,0.179605,-0.412142,-0.233382,0.204069,-0.423806,-0.187192,0.233550,-0.418333,-0.228039
2026-07-16 16:31:44.261,80.899923,0.000000,0.000000,0.000000,0.308602,-0.386393,-0.256378,0.111537,-0.361195,-0.256209,0.210069,-0.373794,-0.256293,0.179327,-0.405948,-0.231998,0.202807,-0.418448,-0.185071,0.233824,-0.413304,-0.226713
2026-07-16 16:31:44.361,80.999923,0.000000,0.000000,0.000000,0.308602,-0.386393,-0.256378,0.111457,-0.362210,-0.256205,0.210030,-0.374301,-0.256292,0.179152,-0.406938,-0.232027,0.203015,-0.417469,-0.184977,0.233824,-0.413304,-0.226713
2026-07-16 16:31:44.461,81.099923,0.000000,0.000000,0.000000,0.308833,-0.391555,-0.257531,0.111609,-0.368387,-0.257355,0.210221,-0.379971,-0.257443,0.179384,-0.412100,-0.233180,0.203257,-0.422680,-0.185321,0.234055,-0.418466,-0.227866
2026-07-16 16:31:44.561,81.199923,0.000000,0.000000,0.000000,0.308562,-0.393593,-0.256894,0.111814,-0.367389,-0.257593,0.210188,-0.380491,-0.257243,0.179605,-0.412142,-0.233382,0.203313,-0.423760,-0.184743,0.234348,-0.418526,-0.228061
2026-07-16 16:31:44.661,81.299922,0.000000,0.000000,0.000000,0.309065,-0.396717,-0.258684,0.111920,-0.372534,-0.258512,0.210493,-0.384625,-0.258598,0.179800,-0.416320,-0.233492,0.203519,-0.427986,-0.184047,0.234287,-0.423628,-0.229020
2026-07-16 16:31:44.761,81.399922,0.000000,0.000000,0.000000,0.308787,-0.390522,-0.257300,0.111642,-0.366339,-0.257128,0.210215,-0.378431,-0.257214,0.179522,-0.410126,-0.232108,0.203469,-0.420910,-0.180944,0.234266,-0.416510,-0.226779
2026-07-16 16:31:44.861,81.499922,0.000000,0.000000,0.000000,0.308516,-0.392561,-0.256663,0.111768,-0.366357,-0.257362,0.210142,-0.379459,-0.257012,0.179569,-0.411158,-0.232338,0.204115,-0.423207,-0.179678,0.235110,-0.417735,-0.227032
2026-07-16 16:31:44.961,81.599922,0.000000,0.000000,0.000000,0.308798,-0.390574,-0.256435,0.111801,-0.364309,-0.257135,0.210300,-0.377442,-0.256785,0.180323,-0.410365,-0.231317,0.204090,-0.422271,-0.177829,0.235063,-0.416703,-0.226801
2026-07-16 16:31:45.061,81.699922,0.000000,0.000000,0.000000,0.308787,-0.390522,-0.257300,0.111722,-0.365324,-0.257131,0.210255,-0.377923,-0.257216,0.180498,-0.409375,-0.231285,0.204907,-0.422606,-0.175422,0.235063,-0.416703,-0.226801
2026-07-16 16:31:45.161,81.799922,0.000000,0.000000,0.000000,0.308798,-0.390574,-0.256435,0.111642,-0.366339,-0.257128,0.210220,-0.378457,-0.256781,0.181113,-0.410556,-0.231338,0.205137,-0.421726,-0.173694,0.235063,-0.416703,-0.226801
2026-07-16 16:31:45.261,81.899922,0.000000,0.000000,0.000000,0.308648,-0.387425,-0.256608,0.111503,-0.363242,-0.256436,0.210076,-0.375334,-0.256522,0.181161,-0.406518,-0.229801,0.205596,-0.419892,-0.171514,0.235182,-0.412683,-0.225250
2026-07-16 16:31:45.361,81.999922,0.000000,0.000000,0.000000,0.308937,-0.393671,-0.257127,0.111861,-0.368421,-0.257823,0.210399,-0.381046,-0.257475,0.182230,-0.412904,-0.231206,0.206095,-0.425158,-0.171976,0.235213,-0.419849,-0.226673
2026-07-16 16:31:45.461,82.099922,0.000000,0.000000,0.000000,0.309069,-0.388535,-0.257073,0.111676,-0.364292,-0.256901,0.210372,-0.376414,-0.256987,0.182222,-0.407785,-0.230251,0.205709,-0.422053,-0.170357,0.235825,-0.415912,-0.225772
2026-07-16 16:31:45.561,82.199922,0.000000,0.000000,0.000000,0.308926,-0.393620,-0.257992,0.111781,-0.369436,-0.257820,0.210354,-0.381528,-0.257906,0.182230,-0.412904,-0.231206,0.206904,-0.425445,-0.170376,0.236010,-0.420042,-0.226694
2026-07-16 16:31:45.661,82.299922,0.000000,0.000000,0.000000,0.310144,-0.393901,-0.258249,0.111907,-0.369454,-0.258054,0.211025,-0.381678,-0.258152,0.182276,-0.413936,-0.231437,0.207384,-0.424574,-0.169563,0.235506,-0.419910,-0.226865
2026-07-16 16:31:45.761,82.399921,0.000000,0.000000,0.000000,0.309030,-0.395736,-0.257588,0.111794,-0.372516,-0.258278,0.210412,-0.384126,-0.257933,0.182333,-0.415017,-0.230854,0.207219,-0.426582,-0.169911,0.235553,-0.420942,-0.227095
2026-07-16 16:31:45.861,82.499921,0.000000,0.000000,0.000000,0.308937,-0.393671,-0.257127,0.111781,-0.369436,-0.257820,0.210359,-0.381554,-0.257473,0.182230,-0.412904,-0.231206,0.207126,-0.424517,-0.169449,0.235460,-0.418877,-0.226634
2026-07-16 16:31:45.961,82.599921,0.000000,0.000000,0.000000,0.308706,-0.388509,-0.255973,0.111470,-0.365289,-0.256663,0.210088,-0.376899,-0.256318,0.181998,-0.407742,-0.230053,0.207106,-0.418379,-0.168180,0.235779,-0.414880,-0.225541
2026-07-16 16:31:46.061,82.699921,0.000000,0.000000,0.000000,0.308706,-0.388509,-0.255973,0.111470,-0.365289,-0.256663,0.210088,-0.376899,-0.256318,0.182009,-0.407790,-0.229239,0.207117,-0.418428,-0.167367,0.235229,-0.413715,-0.225481
2026-07-16 16:31:46.161,82.799921,0.000000,0.000000,0.000000,0.308602,-0.386393,-0.256378,0.111537,-0.361195,-0.256209,0.210069,-0.373794,-0.256293,0.181906,-0.405677,-0.229592,0.206812,-0.417339,-0.167023,0.234888,-0.412622,-0.225058
2026-07-16 16:31:46.261,82.899921,0.000000,0.000000,0.000000,0.309019,-0.395684,-0.258453,0.111874,-0.371501,-0.258281,0.210446,-0.383593,-0.258367,0.182322,-0.414969,-0.231667,0.207219,-0.426582,-0.169911,0.235429,-0.421428,-0.227115
2026-07-16 16:31:46.361,82.999921,0.000000,0.000000,0.000000,0.308655,-0.395658,-0.257355,0.111828,-0.370469,-0.258050,0.210241,-0.383063,-0.257703,0.182276,-0.413936,-0.231437,0.207172,-0.425550,-0.169680,0.235259,-0.420881,-0.226903
2026-07-16 16:31:46.461,83.099921,0.000000,0.000000,0.000000,0.308003,-0.391403,-0.256643,0.111689,-0.367372,-0.257359,0.209846,-0.379387,-0.257001,0.182137,-0.410839,-0.230745,0.207033,-0.422453,-0.168988,0.235918,-0.417977,-0.226233
2026-07-16 16:31:46.561,83.199921,0.000000,0.000000,0.000000,0.308833,-0.391555,-0.257531,0.111689,-0.367372,-0.257359,0.210261,-0.379463,-0.257445,0.181959,-0.411828,-0.230777,0.206821,-0.423429,-0.169105,0.235918,-0.417977,-0.226233
2026-07-16 16:31:46.661,83.299921,0.000000,0.000000,0.000000,0.308602,-0.386393,-0.256378,0.111378,-0.363225,-0.256202,0.209990,-0.374809,-0.256290,0.181114,-0.405486,-0.229570,0.206378,-0.419243,-0.168068,0.235686,-0.412815,-0.225080
2026-07-16 16:31:46.761,83.399920,0.000000,0.000000,0.000000,0.308926,-0.393620,-0.257992,0.111781,-0.369436,-0.257820,0.210354,-0.381528,-0.257906,0.181439,-0.412712,-0.231185,0.206116,-0.425255,-0.170355,0.235213,-0.419849,-0.226673
2026-07-16 16:31:46.861,83.499920,0.000000,0.000000,0.000000,0.308366,-0.389412,-0.256835,0.111550,-0.364274,-0.256667,0.209958,-0.376843,-0.256751,0.181030,-0.408540,-0.230064,0.205673,-0.421069,-0.169317,0.234981,-0.414687,-0.225519
2026-07-16 16:31:46.961,83.599920,0.000000,0.000000,0.000000,0.308648,-0.387425,-0.256608,0.111503,-0.363242,-0.256436,0.210076,-0.375334,-0.256522,0.180984,-0.407507,-0.229833,0.205627,-0.420036,-0.169087,0.234935,-0.413654,-0.225289
2026-07-16 16:31:47.061,83.699920,0.000000,0.000000,0.000000,0.307572,-0.390241,-0.257043,0.111676,-0.364292,-0.256901,0.209624,-0.377266,-0.256972,0.181077,-0.409572,-0.230295,0.205930,-0.421125,-0.169432,0.235825,-0.415912,-0.225772
2026-07-16 16:31:47.161,83.799920,0.000000,0.000000,0.000000,0.308833,-0.391555,-0.257531,0.111689,-0.367372,-0.257359,0.210261,-0.379463,-0.257445,0.181169,-0.411637,-0.230756,0.205812,-0.424166,-0.170009,0.235918,-0.417977,-0.226233
2026-07-16 16:31:47.261,83.899920,0.000000,0.000000,0.000000,0.308798,-0.390574,-0.256435,0.111642,-0.366339,-0.257128,0.210220,-0.378457,-0.256781,0.181300,-0.409615,-0.230493,0.205189,-0.421967,-0.169642,0.235074,-0.416752,-0.225981
2026-07-16 16:31:47.361,83.999920,0.000000,0.000000,0.000000,0.308470,-0.391528,-0.256432,0.111642,-0.366339,-0.257128,0.210056,-0.378934,-0.256780,0.180333,-0.410414,-0.230504,0.204979,-0.422943,-0.169757,0.235871,-0.416945,-0.226002
2026-07-16 16:31:47.461,84.099920,0.000000,0.000000,0.000000,0.308926,-0.393620,-0.257992,0.111781,-0.369436,-0.257820,0.210354,-0.381528,-0.257906,0.180647,-0.412521,-0.231163,0.205328,-0.425064,-0.170334,0.236010,-0.420042,-0.226694
2026-07-16 16:31:47.561,84.199920,0.000000,0.000000,0.000000,0.308154,-0.394965,-0.258315,0.111851,-0.370985,-0.258166,0.210002,-0.382975,-0.258241,0.180541,-0.415059,-0.231542,0.205397,-0.426613,-0.170679,0.235831,-0.422562,-0.227078
2026-07-16 16:31:47.661,84.299920,0.000000,0.000000,0.000000,0.308191,-0.387351,-0.255953,0.111550,-0.364274,-0.256667,0.209871,-0.375813,-0.256310,0.180240,-0.408349,-0.230043,0.205096,-0.419902,-0.169180,0.235779,-0.414880,-0.225541
2026-07-16 16:31:47.761,84.399920,0.000000,0.000000,0.000000,0.308234,-0.396565,-0.257796,0.112000,-0.371519,-0.258515,0.210117,-0.384042,-0.258155,0.180611,-0.416608,-0.231888,0.205467,-0.428161,-0.171025,0.236149,-0.423139,-0.227386
2026-07-16 16:31:47.861,84.499919,0.000000,0.000000,0.000000,0.307942,-0.398500,-0.258888,0.112046,-0.372551,-0.258746,0.209994,-0.385526,-0.258817,0.180657,-0.417640,-0.232118,0.205723,-0.428217,-0.171141,0.236195,-0.424172,-0.227617
2026-07-16 16:31:47.961,84.599919,0.000000,0.000000,0.000000,0.308695,-0.388458,-0.256839,0.111550,-0.364274,-0.256667,0.210122,-0.376366,-0.256753,0.180240,-0.408349,-0.230043,0.205096,-0.419902,-0.169180,0.235779,-0.414880,-0.225541
2026-07-16 16:31:48.061,84.699919,0.000000,0.000000,0.000000,0.308844,-0.391606,-0.256665,0.111689,-0.367372,-0.257359,0.210267,-0.379489,-0.257012,0.180379,-0.411446,-0.230735,0.205235,-0.422999,-0.169872,0.235918,-0.417977,-0.226233
2026-07-16 16:31:48.161,84.799919,0.000000,0.000000,0.000000,0.308891,-0.392639,-0.256896,0.111735,-0.368404,-0.257589,0.210313,-0.380521,-0.257243,0.180426,-0.412478,-0.230965,0.204494,-0.423841,-0.170082,0.235964,-0.419010,-0.226463
2026-07-16 16:31:48.261,84.899919,0.000000,0.000000,0.000000,0.308695,-0.388458,-0.256839,0.111550,-0.364274,-0.256667,0.210122,-0.376366,-0.256753,0.180240,-0.408349,-0.230043,0.204517,-0.418735,-0.169043,0.234981,-0.414687,-0.225519
2026-07-16 16:31:48.361,84.999919,0.000000,0.000000,0.000000,0.308562,-0.393593,-0.256894,0.111735,-0.368404,-0.257589,0.210149,-0.380999,-0.257241,0.180426,-0.412478,-0.230965,0.204494,-0.423841,-0.170082,0.235964,-0.419010,-0.226463
2026-07-16 16:31:48.461,85.099919,0.000000,0.000000,0.000000,0.308844,-0.391606,-0.256665,0.111689,-0.367372,-0.257359,0.210267,-0.379489,-0.257012,0.180379,-0.411446,-0.230735,0.204447,-0.422809,-0.169851,0.235918,-0.417977,-0.226233
2026-07-16 16:31:48.561,85.199919,0.000000,0.000000,0.000000,0.308095,-0.393468,-0.257104,0.111781,-0.369436,-0.257820,0.209938,-0.381452,-0.257462,0.180472,-0.413511,-0.231196,0.204759,-0.423945,-0.169385,0.236010,-0.420042,-0.226694
2026-07-16 16:31:48.661,85.299919,0.000000,0.000000,0.000000,0.308551,-0.393542,-0.257758,0.111735,-0.368404,-0.257589,0.210143,-0.380973,-0.257674,0.180601,-0.411489,-0.230933,0.204504,-0.423889,-0.169271,0.235715,-0.419981,-0.226502
2026-07-16 16:31:48.761,85.399919,0.000000,0.000000,0.000000,0.308833,-0.391555,-0.257531,0.111848,-0.365342,-0.257365,0.210341,-0.378448,-0.257448,0.180555,-0.410456,-0.230702,0.204457,-0.422857,-0.169041,0.235918,-0.417977,-0.226233
2026-07-16 16:31:48.861,85.499918,0.000000,0.000000,0.000000,0.308844,-0.391606,-0.256665,0.111689,-0.367372,-0.257359,0.210267,-0.379489,-0.257012,0.180555,-0.410456,-0.230702,0.204666,-0.421880,-0.168924,0.235918,-0.417977,-0.226233
2026-07-16 16:31:48.961,85.599918,0.000000,0.000000,0.000000,0.308926,-0.393620,-0.257992,0.111861,-0.368421,-0.257823,0.210393,-0.381020,-0.257908,0.180472,-0.413511,-0.231196,0.204550,-0.424922,-0.169502,0.236010,-0.420042,-0.226694
2026-07-16 16:31:49.061,85.699918,0.000000,0.000000,0.000000,0.308459,-0.391477,-0.257297,0.111642,-0.366339,-0.257128,0.210051,-0.378908,-0.257212,0.180333,-0.410414,-0.230504,0.204620,-0.420848,-0.168693,0.235871,-0.416945,-0.226002
2026-07-16 16:31:49.161,85.799918,0.000000,0.000000,0.000000,0.308695,-0.388458,-0.256839,0.111629,-0.363259,-0.256670,0.210162,-0.375859,-0.256755,0.180240,-0.408349,-0.230043,0.204319,-0.419760,-0.168349,0.235779,-0.414880,-0.225541
2026-07-16 16:31:49.261,85.899918,0.000000,0.000000,0.000000,0.308412,-0.390444,-0.257066,0.111596,-0.365307,-0.256897,0.210004,-0.377876,-0.256982,0.180287,-0.409381,-0.230273,0.204574,-0.419815,-0.168463,0.235825,-0.415912,-0.225772
2026-07-16 16:31:49.361,85.999918,0.000000,0.000000,0.000000,0.308880,-0.392587,-0.257762,0.111655,-0.369419,-0.257586,0.210268,-0.381003,-0.257674,0.180426,-0.412478,-0.230965,0.204504,-0.423889,-0.169271,0.235964,-0.419010,-0.226463
2026-07-16 16:31:49.461,86.099918,0.000000,0.000000,0.000000,0.308926,-0.393620,-0.257992,0.111781,-0.369436,-0.257820,0.210354,-0.381528,-0.257906,0.180472,-0.413511,-0.231196,0.204759,-0.423945,-0.169385,0.236010,-0.420042,-0.226694
2026-07-16 16:31:49.561,86.199918,0.000000,0.000000,0.000000,0.309076,-0.396768,-0.257819,0.111920,-0.372534,-0.258512,0.210498,-0.384651,-0.258165,0.180611,-0.416608,-0.231888,0.204689,-0.428019,-0.170194,0.236149,-0.423139,-0.227386
2026-07-16 16:31:49.661,86.299918,0.000000,0.000000,0.000000,0.308459,-0.391477,-0.257297,0.111642,-0.366339,-0.257128,0.210051,-0.378908,-0.257212,0.180333,-0.410414,-0.230504,0.204411,-0.421825,-0.168810,0.235871,-0.416945,-0.226002
2026-07-16 16:31:49.761,86.399918,0.000000,0.000000,0.000000,0.308798,-0.390574,-0.256435,0.111563,-0.367354,-0.257124,0.210180,-0.378964,-0.256780,0.180333,-0.410414,-0.230504,0.204630,-0.420896,-0.167882,0.235871,-0.416945,-0.226002
2026-07-16 16:31:49.861,86.499918,0.000000,0.000000,0.000000,0.309122,-0.397801,-0.258049,0.112046,-0.372551,-0.258746,0.210584,-0.385176,-0.258397,0.180657,-0.417640,-0.232118,0.204954,-0.428123,-0.169496,0.236195,-0.424172,-0.227617
2026-07-16 16:31:49.961,86.599917,0.000000,0.000000,0.000000,0.309065,-0.396717,-0.258684,0.111920,-0.372534,-0.258512,0.210493,-0.384625,-0.258598,0.180611,-0.416608,-0.231888,0.204119,-0.426900,-0.169244,0.236149,-0.423139,-0.227386
2026-07-16 16:31:50.061,86.699917,0.000000,0.000000,0.000000,0.308844,-0.391606,-0.256665,0.111768,-0.366357,-0.257362,0.210306,-0.378981,-0.257014,0.180379,-0.411446,-0.230735,0.203888,-0.421738,-0.168091,0.235669,-0.418949,-0.226271
2026-07-16 16:31:50.161,86.799917,0.000000,0.000000,0.000000,0.308752,-0.389541,-0.256204,0.111676,-0.364292,-0.256901,0.210214,-0.376917,-0.256552,0.180287,-0.409381,-0.230273,0.203795,-0.419673,-0.167630,0.235825,-0.415912,-0.225772
2026-07-16 16:31:50.261,86.899917,0.000000,0.000000,0.000000,0.308937,-0.393671,-0.257127,0.111781,-0.369436,-0.257820,0.210359,-0.381554,-0.257473,0.180472,-0.413511,-0.231196,0.204188,-0.422825,-0.168435,0.236010,-0.420042,-0.226694
2026-07-16 16:31:50.361,86.999917,0.000000,0.000000,0.000000,0.308366,-0.389412,-0.256835,0.111550,-0.364274,-0.256667,0.209958,-0.376843,-0.256751,0.180240,-0.408349,-0.230043,0.203738,-0.418592,-0.168211,0.235779,-0.414880,-0.225541
2026-07-16 16:31:50.461,87.099917,0.000000,0.000000,0.000000,0.308281,-0.397597,-0.258026,0.111887,-0.374581,-0.258739,0.210084,-0.386089,-0.258383,0.180657,-0.417640,-0.232118,0.204165,-0.427932,-0.169475,0.236195,-0.424172,-0.227617
2026-07-16 16:31:50.561,87.199917,0.000000,0.000000,0.000000,0.308937,-0.393671,-0.257127,0.111861,-0.368421,-0.257823,0.210399,-0.381046,-0.257475,0.180472,-0.413511,-0.231196,0.203970,-0.423754,-0.169364,0.236010,-0.420042,-0.226694
2026-07-16 16:31:50.661,87.299917,0.000000,0.000000,0.000000,0.308880,-0.392587,-0.257762,0.111735,-0.368404,-0.257589,0.210307,-0.380496,-0.257675,0.180426,-0.412478,-0.230965,0.203716,-0.423699,-0.169250,0.235964,-0.419010,-0.226463
2026-07-16 16:31:50.761,87.399917,0.000000,0.000000,0.000000,0.308551,-0.393542,-0.257758,0.111814,-0.367389,-0.257593,0.210183,-0.380465,-0.257675,0.180426,-0.412478,-0.230965,0.203716,-0.423699,-0.169250,0.235964,-0.419010,-0.226463
2026-07-16 16:31:50.861,87.499917,0.000000,0.000000,0.000000,0.309116,-0.389568,-0.257304,0.111563,-0.367354,-0.257124,0.210339,-0.378461,-0.257214,0.180333,-0.410414,-0.230504,0.204411,-0.421825,-0.168810,0.235871,-0.416945,-0.226002
2026-07-16 16:31:50.961,87.599916,0.000000,0.000000,0.000000,0.308003,-0.391403,-0.256643,0.111689,-0.367372,-0.257359,0.209846,-0.379387,-0.257001,0.179589,-0.411255,-0.230713,0.203670,-0.422666,-0.169019,0.235669,-0.418949,-0.226271
2026-07-16 16:31:51.061,87.699916,0.000000,0.000000,0.000000,0.308983,-0.394704,-0.257357,0.111828,-0.370469,-0.258050,0.210405,-0.382586,-0.257704,0.180518,-0.414543,-0.231427,0.204805,-0.424977,-0.169616,0.235808,-0.422046,-0.226963
2026-07-16 16:31:51.161,87.799916,0.000000,0.000000,0.000000,0.308095,-0.393468,-0.257104,0.111781,-0.369436,-0.257820,0.209938,-0.381452,-0.257462,0.180472,-0.413511,-0.231196,0.204550,-0.424922,-0.169502,0.236010,-0.420042,-0.226694
2026-07-16 16:31:51.261,87.899916,0.000000,0.000000,0.000000,0.308470,-0.391528,-0.256432,0.111642,-0.366339,-0.257128,0.210056,-0.378934,-0.256780,0.179543,-0.410222,-0.230483,0.204620,-0.420848,-0.168693,0.235623,-0.417916,-0.226041
2026-07-16 16:31:51.361,87.999916,0.000000,0.000000,0.000000,0.309019,-0.395684,-0.258453,0.111953,-0.370486,-0.258285,0.210486,-0.383085,-0.258369,0.179764,-0.415336,-0.232448,0.204643,-0.426986,-0.169963,0.235854,-0.423078,-0.227194
2026-07-16 16:31:51.461,88.099916,0.000000,0.000000,0.000000,0.308049,-0.392435,-0.256873,0.111735,-0.368404,-0.257589,0.209892,-0.380420,-0.257231,0.179625,-0.412239,-0.231756,0.204713,-0.422913,-0.169155,0.235964,-0.419010,-0.226463
2026-07-16 16:31:51.561,88.199916,0.000000,0.000000,0.000000,0.308983,-0.394704,-0.257357,0.111907,-0.369454,-0.258054,0.210445,-0.382079,-0.257706,0.179728,-0.414352,-0.231405,0.204596,-0.425954,-0.169732,0.236057,-0.421074,-0.226925
2026-07-16 16:31:51.661,88.299916,0.000000,0.000000,0.000000,0.308562,-0.393593,-0.256894,0.111735,-0.368404,-0.257589,0.210149,-0.380999,-0.257241,0.179625,-0.412239,-0.231756,0.204504,-0.423889,-0.169271,0.235964,-0.419010,-0.226463
2026-07-16 16:31:51.761,88.399916,0.000000,0.000000,0.000000,0.308891,-0.392639,-0.256896,0.111735,-0.368404,-0.257589,0.210313,-0.380521,-0.257243,0.179625,-0.412239,-0.231756,0.204504,-0.423889,-0.169271,0.235715,-0.419981,-0.226502
2026-07-16 16:31:51.861,88.499916,0.000000,0.000000,0.000000,0.308644,-0.395606,-0.258219,0.111748,-0.371484,-0.258047,0.210196,-0.383545,-0.258133,0.179718,-0.414304,-0.232218,0.204016,-0.424787,-0.169594,0.236057,-0.421074,-0.226925
2026-07-16 16:31:51.961,88.599916,0.000000,0.000000,0.000000,0.308926,-0.393620,-0.257992,0.111781,-0.369436,-0.257820,0.210354,-0.381528,-0.257906,0.179672,-0.413271,-0.231987,0.203762,-0.424731,-0.169480,0.235762,-0.421013,-0.226732
2026-07-16 16:31:52.061,88.699915,0.000000,0.000000,0.000000,0.309019,-0.395684,-0.258453,0.111953,-0.370486,-0.258285,0.210486,-0.383085,-0.258369,0.179764,-0.415336,-0.232448,0.203855,-0.426796,-0.169942,0.236103,-0.422107,-0.227155
2026-07-16 16:31:52.161,88.799915,0.000000,0.000000,0.000000,0.309451,-0.396846,-0.258052,0.111967,-0.373566,-0.258742,0.210709,-0.385206,-0.258397,0.180031,-0.416411,-0.232878,0.204155,-0.427884,-0.170286,0.236071,-0.424657,-0.227636
2026-07-16 16:31:52.261,88.899915,0.000000,0.000000,0.000000,0.307526,-0.389209,-0.256813,0.111629,-0.363259,-0.256670,0.209577,-0.376234,-0.256741,0.179440,-0.408109,-0.230834,0.203738,-0.418592,-0.168211,0.235779,-0.414880,-0.225541
2026-07-16 16:31:52.361,88.999915,0.000000,0.000000,0.000000,0.308366,-0.389412,-0.256835,0.111550,-0.364274,-0.256667,0.209958,-0.376843,-0.256751,0.179440,-0.408109,-0.230834,0.203842,-0.418104,-0.168152,0.235530,-0.415851,-0.225579
2026-07-16 16:31:52.461,89.099915,0.000000,0.000000,0.000000,0.308844,-0.391606,-0.256665,0.111689,-0.367372,-0.257359,0.210267,-0.379489,-0.257012,0.179579,-0.411206,-0.231526,0.204666,-0.421880,-0.168924,0.235918,-0.417977,-0.226233
2026-07-16 16:31:52.561,89.199915,0.000000,0.000000,0.000000,0.308891,-0.392639,-0.256896,0.111735,-0.368404,-0.257589,0.210313,-0.380521,-0.257243,0.179635,-0.412287,-0.230944,0.204038,-0.422282,-0.168263,0.235964,-0.419010,-0.226463
2026-07-16 16:31:52.661,89.299915,0.000000,0.000000,0.000000,0.308470,-0.391528,-0.256432,0.111563,-0.367354,-0.257124,0.210016,-0.379441,-0.256778,0.179533,-0.410174,-0.231295,0.203841,-0.420705,-0.167860,0.235871,-0.416945,-0.226002
2026-07-16 16:31:52.761,89.399915,0.000000,0.000000,0.000000,0.308937,-0.393671,-0.257127,0.111781,-0.369436,-0.257820,0.210359,-0.381554,-0.257473,0.179682,-0.413320,-0.231175,0.203980,-0.423802,-0.168552,0.235762,-0.421013,-0.226732
2026-07-16 16:31:52.861,89.499915,0.000000,0.000000,0.000000,0.308273,-0.387347,-0.256374,0.111457,-0.362210,-0.256205,0.209865,-0.374778,-0.256290,0.179358,-0.406093,-0.229560,0.204654,-0.415790,-0.166841,0.235686,-0.412815,-0.225080
2026-07-16 16:31:52.961,89.599915,0.000000,0.000000,0.000000,0.308833,-0.391555,-0.257531,0.111689,-0.367372,-0.257359,0.210261,-0.379463,-0.257445,0.179589,-0.411255,-0.230713,0.204468,-0.422905,-0.168230,0.235669,-0.418949,-0.226271
2026-07-16 16:31:53.061,89.699914,0.000000,0.000000,0.000000,0.308377,-0.389463,-0.255971,0.111629,-0.363259,-0.256670,0.210003,-0.376361,-0.256321,0.179450,-0.408158,-0.230021,0.204339,-0.419856,-0.166728,0.235779,-0.414880,-0.225541
2026-07-16 16:31:53.161,89.799914,0.000000,0.000000,0.000000,0.308598,-0.394574,-0.257989,0.111781,-0.369436,-0.257820,0.210189,-0.382005,-0.257904,0.179682,-0.413320,-0.231175,0.204779,-0.424042,-0.167762,0.235762,-0.421013,-0.226732
2026-07-16 16:31:53.261,89.899914,0.000000,0.000000,0.000000,0.308516,-0.392561,-0.256663,0.111609,-0.368387,-0.257355,0.210063,-0.380474,-0.257009,0.179589,-0.411255,-0.230713,0.204478,-0.422953,-0.167420,0.235918,-0.417977,-0.226233
2026-07-16 16:31:53.361,89.999914,0.000000,0.000000,0.000000,0.308551,-0.393542,-0.257758,0.111735,-0.368404,-0.257589,0.210143,-0.380973,-0.257674,0.179635,-0.412287,-0.230944,0.204733,-0.423009,-0.167532,0.235715,-0.419981,-0.226502
2026-07-16 16:31:53.461,90.099914,0.000000,0.000000,0.000000,0.308459,-0.391477,-0.257297,0.111563,-0.367354,-0.257124,0.210011,-0.379416,-0.257211,0.179543,-0.410222,-0.230483,0.204059,-0.419777,-0.166930,0.235623,-0.417916,-0.226041
2026-07-16 16:31:53.561,90.199914,0.000000,0.000000,0.000000,0.308551,-0.393542,-0.257758,0.111655,-0.369419,-0.257586,0.210103,-0.381480,-0.257672,0.179635,-0.412287,-0.230944,0.204733,-0.423009,-0.167532,0.235715,-0.419981,-0.226502
2026-07-16 16:31:53.661,90.299914,0.000000,0.000000,0.000000,0.308741,-0.389490,-0.257070,0.111596,-0.365307,-0.256897,0.210168,-0.377398,-0.256983,0.179497,-0.409190,-0.230252,0.204813,-0.418984,-0.165908,0.235825,-0.415912,-0.225772
2026-07-16 16:31:53.761,90.399914,0.000000,0.000000,0.000000,0.308833,-0.391555,-0.257531,0.111689,-0.367372,-0.257359,0.210261,-0.379463,-0.257445,0.179764,-0.410265,-0.230681,0.204697,-0.422025,-0.166489,0.235918,-0.417977,-0.226233
2026-07-16 16:31:53.861,90.499914,0.000000,0.000000,0.000000,0.308284,-0.387399,-0.255510,0.111537,-0.361195,-0.256209,0.209910,-0.374297,-0.255859,0.179532,-0.405103,-0.229527,0.204257,-0.417840,-0.165456,0.235686,-0.412815,-0.225080
2026-07-16 16:31:53.961,90.599914,0.000000,0.000000,0.000000,0.308470,-0.391528,-0.256432,0.111722,-0.365324,-0.257131,0.210096,-0.378426,-0.256782,0.179543,-0.410222,-0.230483,0.204651,-0.420993,-0.166259,0.235871,-0.416945,-0.226002
2026-07-16 16:31:54.061,90.699914,0.000000,0.000000,0.000000,0.308003,-0.391403,-0.256643,0.111689,-0.367372,-0.257359,0.209846,-0.379387,-0.257001,0.179589,-0.411255,-0.230713,0.204707,-0.422073,-0.165678,0.235669,-0.418949,-0.226271
2026-07-16 16:31:54.161,90.799913,0.000000,0.000000,0.000000,0.308844,-0.391606,-0.256665,0.111768,-0.366357,-0.257362,0.210306,-0.378981,-0.257014,0.180379,-0.411446,-0.230735,0.204707,-0.422073,-0.165678,0.235918,-0.417977,-0.226233
2026-07-16 16:31:54.261,90.899913,0.000000,0.000000,0.000000,0.308556,-0.385360,-0.256147,0.111490,-0.360162,-0.255978,0.210023,-0.372761,-0.256063,0.179311,-0.405060,-0.229329,0.204649,-0.414951,-0.163360,0.235640,-0.411783,-0.224849
2026-07-16 16:31:54.361,90.999913,0.000000,0.000000,0.000000,0.308926,-0.393620,-0.257992,0.111781,-0.369436,-0.257820,0.210354,-0.381528,-0.257906,0.180472,-0.413511,-0.231196,0.204821,-0.424235,-0.164516,0.236010,-0.420042,-0.226694
2026-07-16 16:31:54.461,91.099913,0.000000,0.000000,0.000000,0.308741,-0.389490,-0.257070,0.111676,-0.364292,-0.256901,0.210208,-0.376891,-0.256985,0.180287,-0.409381,-0.230273,0.204646,-0.420153,-0.162782,0.235825,-0.415912,-0.225772
2026-07-16 16:31:54.561,91.199913,0.000000,0.000000,0.000000,0.308798,-0.390574,-0.256435,0.111642,-0.366339,-0.257128,0.210220,-0.378457,-0.256781,0.180157,-0.411403,-0.230537,0.204702,-0.421234,-0.162201,0.235871,-0.416945,-0.226002
2026-07-16 16:31:54.661,91.299913,0.000000,0.000000,0.000000,0.308741,-0.389490,-0.257070,0.111676,-0.364292,-0.256901,0.210208,-0.376891,-0.256985,0.180297,-0.409429,-0.229461,0.204248,-0.422202,-0.161412,0.235825,-0.415912,-0.225772
2026-07-16 16:31:54.761,91.399913,0.000000,0.000000,0.000000,0.309069,-0.388535,-0.257073,0.111596,-0.365307,-0.256897,0.210333,-0.376921,-0.256985,0.180297,-0.409429,-0.229461,0.204468,-0.421275,-0.160475,0.235825,-0.415912,-0.225772
2026-07-16 16:31:54.861,91.499913,0.000000,0.000000,0.000000,0.309069,-0.388535,-0.257073,0.111676,-0.364292,-0.256901,0.210372,-0.376414,-0.256987,0.180297,-0.409429,-0.229461,0.204488,-0.421371,-0.158855,0.235825,-0.415912,-0.225772
2026-07-16 16:31:54.961,91.599913,0.000000,0.000000,0.000000,0.308787,-0.390522,-0.257300,0.111722,-0.365324,-0.257131,0.210255,-0.377923,-0.257216,0.180343,-0.410462,-0.229691,0.204545,-0.422452,-0.158275,0.235882,-0.416994,-0.225182
2026-07-16 16:31:55.061,91.699913,0.000000,0.000000,0.000000,0.308833,-0.391555,-0.257531,0.111689,-0.367372,-0.257359,0.210261,-0.379463,-0.257445,0.180390,-0.411494,-0.229922,0.203803,-0.423294,-0.158484,0.236042,-0.417491,-0.226214
2026-07-16 16:31:55.161,91.799912,0.000000,0.000000,0.000000,0.308926,-0.393620,-0.257992,0.111781,-0.369436,-0.257820,0.210354,-0.381528,-0.257906,0.181283,-0.413799,-0.229592,0.203698,-0.426383,-0.158267,0.236269,-0.419119,-0.225834
2026-07-16 16:31:55.261,91.899912,0.000000,0.000000,0.000000,0.308844,-0.391606,-0.256665,0.111689,-0.367372,-0.257359,0.210267,-0.379489,-0.257012,0.181190,-0.411734,-0.229131,0.203824,-0.423390,-0.156864,0.236177,-0.417054,-0.225373
2026-07-16 16:31:55.361,91.999912,0.000000,0.000000,0.000000,0.308983,-0.394704,-0.257357,0.111907,-0.369454,-0.258054,0.210445,-0.382079,-0.257706,0.181329,-0.414831,-0.229823,0.203381,-0.425320,-0.157401,0.236316,-0.420152,-0.226065
2026-07-16 16:31:55.461,92.099912,0.000000,0.000000,0.000000,0.308366,-0.389412,-0.256835,0.111629,-0.363259,-0.256670,0.209998,-0.376336,-0.256753,0.181051,-0.408637,-0.228439,0.203310,-0.418150,-0.155884,0.236038,-0.413957,-0.224681
2026-07-16 16:31:55.561,92.199912,0.000000,0.000000,0.000000,0.308787,-0.390522,-0.257300,0.111642,-0.366339,-0.257128,0.210215,-0.378431,-0.257214,0.181144,-0.410701,-0.228900,0.203403,-0.420214,-0.156345,0.236130,-0.416022,-0.225142
2026-07-16 16:31:55.661,92.299912,0.000000,0.000000,0.000000,0.308880,-0.392587,-0.257762,0.111655,-0.369419,-0.257586,0.210268,-0.381003,-0.257674,0.181236,-0.412766,-0.229362,0.202284,-0.423993,-0.157862,0.236223,-0.418087,-0.225604
2026-07-16 16:31:55.761,92.399912,0.000000,0.000000,0.000000,0.309019,-0.395684,-0.258453,0.111874,-0.371501,-0.258281,0.210446,-0.383593,-0.258367,0.181375,-0.415863,-0.230053,0.202412,-0.427042,-0.159364,0.236113,-0.422156,-0.226335
2026-07-16 16:31:55.861,92.499912,0.000000,0.000000,0.000000,0.308787,-0.390522,-0.257300,0.111642,-0.366339,-0.257128,0.210215,-0.378431,-0.257214,0.180354,-0.410510,-0.228879,0.201955,-0.422760,-0.159961,0.235882,-0.416994,-0.225182
2026-07-16 16:31:55.961,92.599912,0.000000,0.000000,0.000000,0.308926,-0.393620,-0.257992,0.111781,-0.369436,-0.257820,0.210354,-0.381528,-0.257906,0.180482,-0.413559,-0.230383,0.202279,-0.424784,-0.162144,0.236269,-0.419119,-0.225834
2026-07-16 16:31:56.061,92.699912,0.000000,0.000000,0.000000,0.308598,-0.394574,-0.257989,0.111861,-0.368421,-0.257823,0.210229,-0.381498,-0.257906,0.180482,-0.413559,-0.230383,0.202052,-0.425665,-0.163890,0.236021,-0.420091,-0.225874
2026-07-16 16:31:56.161,92.799911,0.000000,0.000000,0.000000,0.308880,-0.392587,-0.257762,0.111814,-0.367389,-0.257593,0.210347,-0.379988,-0.257677,0.179635,-0.412287,-0.230944,0.202181,-0.423511,-0.165966,0.235715,-0.419981,-0.226502
2026-07-16 16:31:56.261,92.899911,0.000000,0.000000,0.000000,0.308459,-0.391477,-0.257297,0.111563,-0.367354,-0.257124,0.210011,-0.379416,-0.257211,0.179368,-0.411212,-0.230515,0.201852,-0.422279,-0.168053,0.235623,-0.417916,-0.226041
2026-07-16 16:31:56.361,92.999911,0.000000,0.000000,0.000000,0.308983,-0.394704,-0.257357,0.111828,-0.370469,-0.258050,0.210405,-0.382586,-0.257704,0.178928,-0.414113,-0.232196,0.202017,-0.426312,-0.170594,0.235808,-0.422046,-0.226963
2026-07-16 16:31:56.461,93.099911,0.000000,0.000000,0.000000,0.309065,-0.396717,-0.258684,0.112000,-0.371519,-0.258515,0.210532,-0.384118,-0.258600,0.178847,-0.417168,-0.232689,0.203082,-0.427493,-0.172582,0.235652,-0.425082,-0.227463
2026-07-16 16:31:56.561,93.199911,0.000000,0.000000,0.000000,0.308937,-0.393671,-0.257127,0.111781,-0.369436,-0.257820,0.210359,-0.381554,-0.257473,0.178708,-0.414070,-0.231997,0.203140,-0.423370,-0.172588,0.234594,-0.422278,-0.226768
2026-07-16 16:31:56.661,93.299911,0.000000,0.000000,0.000000,0.308459,-0.391477,-0.257297,0.111642,-0.366339,-0.257128,0.210051,-0.378908,-0.257212,0.178559,-0.410925,-0.232117,0.202361,-0.423109,-0.173850,0.235374,-0.418888,-0.226079
2026-07-16 16:31:56.761,93.399911,0.000000,0.000000,0.000000,0.308844,-0.391606,-0.256665,0.111768,-0.366357,-0.257362,0.210306,-0.378981,-0.257014,0.178779,-0.410967,-0.232317,0.202407,-0.424142,-0.174080,0.234615,-0.419679,-0.227106
2026-07-16 16:31:56.861,93.499911,0.000000,0.000000,0.000000,0.309208,-0.391633,-0.257765,0.111735,-0.368404,-0.257589,0.210472,-0.380018,-0.257677,0.178651,-0.412990,-0.232578,0.203436,-0.424339,-0.175031,0.234414,-0.421683,-0.227374
2026-07-16 16:31:56.961,93.599911,0.000000,0.000000,0.000000,0.308609,-0.394625,-0.257124,0.111781,-0.369436,-0.257820,0.210195,-0.382031,-0.257472,0.178871,-0.413032,-0.232778,0.203275,-0.426348,-0.175371,0.234470,-0.422764,-0.226788
2026-07-16 16:31:57.061,93.699911,0.000000,0.000000,0.000000,0.308562,-0.393593,-0.256894,0.111655,-0.369419,-0.257586,0.210109,-0.381506,-0.257240,0.178651,-0.412990,-0.232578,0.203436,-0.424339,-0.175031,0.234414,-0.421683,-0.227374
2026-07-16 16:31:57.161,93.799911,0.000000,0.000000,0.000000,0.309312,-0.393749,-0.257360,0.111748,-0.371484,-0.258047,0.210530,-0.382617,-0.257703,0.178754,-0.415103,-0.232228,0.203529,-0.426403,-0.175493,0.234516,-0.423797,-0.227018
2026-07-16 16:31:57.261,93.899910,0.000000,0.000000,0.000000,0.308412,-0.390444,-0.257066,0.111596,-0.365307,-0.256897,0.210004,-0.377876,-0.256982,0.178696,-0.408951,-0.231043,0.204095,-0.421480,-0.173552,0.234532,-0.417663,-0.225827
2026-07-16 16:31:57.361,93.999910,0.000000,0.000000,0.000000,0.308798,-0.390574,-0.256435,0.111642,-0.366339,-0.257128,0.210220,-0.378457,-0.256781,0.179533,-0.410174,-0.231295,0.204350,-0.421535,-0.173672,0.234579,-0.418695,-0.226057
2026-07-16 16:31:57.461,94.099910,0.000000,0.000000,0.000000,0.308983,-0.394704,-0.257357,0.111828,-0.370469,-0.258050,0.210405,-0.382586,-0.257704,0.179892,-0.413314,-0.232186,0.204545,-0.425713,-0.173784,0.234764,-0.422825,-0.226980
2026-07-16 16:31:57.561,94.199910,0.000000,0.000000,0.000000,0.308880,-0.392587,-0.257762,0.111814,-0.367389,-0.257593,0.210347,-0.379988,-0.257677,0.179810,-0.411297,-0.230911,0.205240,-0.423839,-0.173344,0.234919,-0.419788,-0.226480
2026-07-16 16:31:57.661,94.299910,0.000000,0.000000,0.000000,0.308833,-0.391555,-0.257531,0.111609,-0.368387,-0.257355,0.210221,-0.379971,-0.257443,0.179764,-0.410265,-0.230681,0.205204,-0.422854,-0.172303,0.234873,-0.418756,-0.226250
2026-07-16 16:31:57.761,94.399910,0.000000,0.000000,0.000000,0.308783,-0.398704,-0.258911,0.111967,-0.373566,-0.258742,0.210375,-0.386135,-0.258827,0.180657,-0.417640,-0.232118,0.206270,-0.429239,-0.173709,0.235150,-0.424950,-0.227633
2026-07-16 16:31:57.861,94.499910,0.000000,0.000000,0.000000,0.309266,-0.392717,-0.257129,0.111702,-0.370451,-0.257816,0.210484,-0.381584,-0.257473,0.180647,-0.412521,-0.231163,0.206296,-0.424133,-0.172674,0.234965,-0.420821,-0.226711
2026-07-16 16:31:57.961,94.599910,0.000000,0.000000,0.000000,0.308983,-0.394704,-0.257357,0.111828,-0.370469,-0.258050,0.210405,-0.382586,-0.257704,0.180694,-0.413554,-0.231394,0.207141,-0.425405,-0.172114,0.235011,-0.421853,-0.226942
2026-07-16 16:31:58.061,94.699910,0.000000,0.000000,0.000000,0.308562,-0.393593,-0.256894,0.111735,-0.368404,-0.257589,0.210149,-0.380999,-0.257241,0.180601,-0.411489,-0.230933,0.207049,-0.423340,-0.171653,0.234919,-0.419788,-0.226480
2026-07-16 16:31:58.161,94.799910,0.000000,0.000000,0.000000,0.308003,-0.391403,-0.256643,0.111689,-0.367372,-0.257359,0.209846,-0.379387,-0.257001,0.181180,-0.411685,-0.229943,0.207898,-0.422010,-0.171387,0.234873,-0.418756,-0.226250
2026-07-16 16:31:58.261,94.899909,0.000000,0.000000,0.000000,0.308752,-0.389541,-0.256204,0.111676,-0.364292,-0.256901,0.210214,-0.376917,-0.256552,0.181264,-0.408631,-0.229449,0.207912,-0.419458,-0.170869,0.234780,-0.416691,-0.225788
2026-07-16 16:31:58.361,94.999909,0.000000,0.000000,0.000000,0.307536,-0.389260,-0.255948,0.111629,-0.363259,-0.256670,0.209583,-0.376260,-0.256309,0.181217,-0.407599,-0.229218,0.208442,-0.419592,-0.170773,0.234734,-0.415659,-0.225558
2026-07-16 16:31:58.461,95.099909,0.000000,0.000000,0.000000,0.309030,-0.395736,-0.257588,0.111874,-0.371501,-0.258281,0.210452,-0.383619,-0.257934,0.181531,-0.414777,-0.231646,0.208980,-0.425843,-0.172274,0.235305,-0.421914,-0.227134
2026-07-16 16:31:58.561,95.199909,0.000000,0.000000,0.000000,0.308695,-0.388458,-0.256839,0.111629,-0.363259,-0.256670,0.210162,-0.375859,-0.256755,0.181217,-0.407599,-0.229218,0.208645,-0.418568,-0.171473,0.234981,-0.414687,-0.225519
2026-07-16 16:31:58.661,95.299909,0.000000,0.000000,0.000000,0.308377,-0.389463,-0.255971,0.111470,-0.365289,-0.256663,0.209924,-0.377376,-0.256317,0.182009,-0.407790,-0.229239,0.209435,-0.418759,-0.171494,0.234184,-0.414494,-0.225498
2026-07-16 16:31:58.761,95.399909,0.000000,0.000000,0.000000,0.308648,-0.387425,-0.256608,0.111503,-0.363242,-0.256436,0.210076,-0.375334,-0.256522,0.181785,-0.407747,-0.229042,0.209389,-0.417727,-0.171263,0.234935,-0.413654,-0.225289
2026-07-16 16:31:58.861,95.499909,0.000000,0.000000,0.000000,0.309347,-0.394730,-0.258457,0.111953,-0.370486,-0.258285,0.210650,-0.382608,-0.258371,0.182322,-0.414969,-0.231667,0.210550,-0.426177,-0.173130,0.235305,-0.421914,-0.227134
2026-07-16 16:31:58.961,95.599909,0.000000,0.000000,0.000000,0.308983,-0.394704,-0.257357,0.111828,-0.370469,-0.258050,0.210405,-0.382586,-0.257704,0.182286,-0.413985,-0.230623,0.210503,-0.425145,-0.172899,0.235259,-0.420881,-0.226903
2026-07-16 16:31:59.061,95.699909,0.000000,0.000000,0.000000,0.308972,-0.394652,-0.258223,0.111828,-0.370469,-0.258050,0.210400,-0.382560,-0.258137,0.182276,-0.413936,-0.231437,0.210503,-0.425145,-0.172899,0.234461,-0.420689,-0.226882
2026-07-16 16:31:59.161,95.799909,0.000000,0.000000,0.000000,0.308516,-0.392561,-0.256663,0.111689,-0.367372,-0.257359,0.210102,-0.379966,-0.257011,0.182137,-0.410839,-0.230745,0.211155,-0.422238,-0.172229,0.234322,-0.417591,-0.226190
2026-07-16 16:31:59.261,95.899909,0.000000,0.000000,0.000000,0.309030,-0.395736,-0.257588,0.111874,-0.371501,-0.258281,0.210452,-0.383619,-0.257934,0.182333,-0.415017,-0.230854,0.211329,-0.426320,-0.173964,0.235305,-0.421914,-0.227134
2026-07-16 16:31:59.361,95.999908,0.000000,0.000000,0.000000,0.309030,-0.395736,-0.257588,0.111874,-0.371501,-0.258281,0.210452,-0.383619,-0.257934,0.182333,-0.415017,-0.230854,0.212120,-0.426511,-0.173985,0.235305,-0.421914,-0.227134
2026-07-16 16:31:59.461,96.099908,0.000000,0.000000,0.000000,0.308844,-0.391606,-0.256665,0.111768,-0.366357,-0.257362,0.210306,-0.378981,-0.257014,0.182137,-0.410839,-0.230745,0.211934,-0.422381,-0.173063,0.234322,-0.417591,-0.226190
2026-07-16 16:31:59.561,96.199908,0.000000,0.000000,0.000000,0.308752,-0.389541,-0.256204,0.111596,-0.365307,-0.256897,0.210174,-0.377424,-0.256551,0.182846,-0.409014,-0.229491,0.212622,-0.420459,-0.173435,0.234230,-0.415526,-0.225728
2026-07-16 16:31:59.661,96.299908,0.000000,0.000000,0.000000,0.308926,-0.393620,-0.257992,0.111861,-0.368421,-0.257823,0.210393,-0.381020,-0.257908,0.182230,-0.412904,-0.231206,0.212796,-0.424540,-0.175170,0.235213,-0.419849,-0.226673
2026-07-16 16:31:59.761,96.399908,0.000000,0.000000,0.000000,0.308844,-0.391606,-0.256665,0.111689,-0.367372,-0.257359,0.210267,-0.379489,-0.257012,0.182137,-0.410839,-0.230745,0.213494,-0.422666,-0.174731,0.234322,-0.417591,-0.226190
2026-07-16 16:31:59.861,96.499908,0.000000,0.000000,0.000000,0.308706,-0.388509,-0.255973,0.111550,-0.364274,-0.256667,0.210128,-0.376392,-0.256320,0.182611,-0.408922,-0.230107,0.213345,-0.419521,-0.174851,0.234184,-0.414494,-0.225498
2026-07-16 16:31:59.961,96.599908,0.000000,0.000000,0.000000,0.308787,-0.390522,-0.257300,0.111642,-0.366339,-0.257128,0.210215,-0.378431,-0.257214,0.182882,-0.409998,-0.230536,0.214439,-0.420754,-0.176040,0.234276,-0.416559,-0.225959
2026-07-16 16:32:00.061,96.699908,0.000000,0.000000,0.000000,0.308937,-0.393671,-0.257127,0.111781,-0.369436,-0.257820,0.210359,-0.381554,-0.257473,0.183021,-0.413095,-0.231228,0.214567,-0.423803,-0.177546,0.234405,-0.419607,-0.227471
2026-07-16 16:32:00.161,96.799908,0.000000,0.000000,0.000000,0.308284,-0.387399,-0.255510,0.111457,-0.362210,-0.256205,0.209871,-0.374804,-0.255858,0.182518,-0.406857,-0.229646,0.214011,-0.417502,-0.176849,0.234091,-0.412429,-0.225036
2026-07-16 16:32:00.261,96.899908,0.000000,0.000000,0.000000,0.308609,-0.394625,-0.257124,0.111781,-0.369436,-0.257820,0.210195,-0.382031,-0.257472,0.182842,-0.414084,-0.231260,0.214768,-0.422732,-0.179070,0.234415,-0.419656,-0.226651
2026-07-16 16:32:00.361,96.999907,0.000000,0.000000,0.000000,0.308798,-0.390574,-0.256435,0.111722,-0.365324,-0.257131,0.210260,-0.377949,-0.256783,0.182882,-0.409998,-0.230536,0.214619,-0.419586,-0.179193,0.234276,-0.416559,-0.225959
2026-07-16 16:32:00.461,97.099907,0.000000,0.000000,0.000000,0.308706,-0.388509,-0.255973,0.111550,-0.364274,-0.256667,0.210128,-0.376392,-0.256320,0.182789,-0.407933,-0.230074,0.213944,-0.416306,-0.179424,0.234184,-0.414494,-0.225498
2026-07-16 16:32:00.561,97.199907,0.000000,0.000000,0.000000,0.308798,-0.390574,-0.256435,0.111722,-0.365324,-0.257131,0.210260,-0.377949,-0.256783,0.182882,-0.409998,-0.230536,0.213816,-0.419346,-0.179986,0.233479,-0.416366,-0.225937
2026-07-16 16:32:00.661,97.299907,0.000000,0.000000,0.000000,0.308798,-0.390574,-0.256435,0.111642,-0.366339,-0.257128,0.210220,-0.378457,-0.256781,0.183061,-0.409009,-0.230503,0.213014,-0.419106,-0.180780,0.233724,-0.415394,-0.225899
2026-07-16 16:32:00.761,97.399907,0.000000,0.000000,0.000000,0.308752,-0.389541,-0.256204,0.111596,-0.365307,-0.256897,0.210174,-0.377424,-0.256551,0.183627,-0.409157,-0.230326,0.213176,-0.417049,-0.181265,0.233678,-0.414361,-0.225668
2026-07-16 16:32:00.861,97.499907,0.000000,0.000000,0.000000,0.308891,-0.392639,-0.256896,0.111735,-0.368404,-0.257589,0.210313,-0.380521,-0.257243,0.183946,-0.411265,-0.230986,0.212522,-0.419955,-0.181936,0.233816,-0.417459,-0.226360
2026-07-16 16:32:00.961,97.599907,0.000000,0.000000,0.000000,0.309266,-0.392717,-0.257129,0.111781,-0.369436,-0.257820,0.210523,-0.381077,-0.257474,0.183992,-0.412298,-0.231217,0.212558,-0.420939,-0.182982,0.233617,-0.419463,-0.226629
2026-07-16 16:32:01.061,97.699907,0.000000,0.000000,0.000000,0.308659,-0.387477,-0.255743,0.111503,-0.363242,-0.256436,0.210081,-0.375359,-0.256089,0.183714,-0.406103,-0.229833,0.211487,-0.414552,-0.181577,0.232542,-0.413076,-0.225224
2026-07-16 16:32:01.161,97.799907,0.000000,0.000000,0.000000,0.308798,-0.390574,-0.256435,0.111642,-0.366339,-0.257128,0.210220,-0.378457,-0.256781,0.183853,-0.409201,-0.230525,0.211398,-0.418577,-0.183181,0.233724,-0.415394,-0.225899
2026-07-16 16:32:01.261,97.899907,0.000000,0.000000,0.000000,0.308701,-0.396690,-0.257585,0.111874,-0.371501,-0.258281,0.210288,-0.384096,-0.257933,0.184084,-0.414363,-0.231678,0.211630,-0.423739,-0.184334,0.233955,-0.420556,-0.227052
2026-07-16 16:32:01.361,97.999907,0.000000,0.000000,0.000000,0.309219,-0.391684,-0.256899,0.111735,-0.368404,-0.257589,0.210477,-0.380044,-0.257244,0.184035,-0.410771,-0.230970,0.211274,-0.421618,-0.183739,0.233018,-0.417265,-0.226339
2026-07-16 16:32:01.461,98.099906,0.000000,0.000000,0.000000,0.308752,-0.389541,-0.256204,0.111676,-0.364292,-0.256901,0.210214,-0.376917,-0.256552,0.183986,-0.407180,-0.230262,0.211352,-0.417544,-0.182950,0.233923,-0.413389,-0.225630
2026-07-16 16:32:01.561,98.199906,0.000000,0.000000,0.000000,0.308775,-0.390058,-0.256319,0.111619,-0.365823,-0.257013,0.210197,-0.377940,-0.256666,0.184010,-0.407696,-0.230377,0.211158,-0.419037,-0.183162,0.233701,-0.414877,-0.225784
2026-07-16 16:32:01.661,98.299906,0.000000,0.000000,0.000000,0.308891,-0.392639,-0.256896,0.111814,-0.367389,-0.257593,0.210353,-0.380014,-0.257244,0.183946,-0.411265,-0.230986,0.211274,-0.421618,-0.183739,0.233816,-0.417459,-0.226360
2026-07-16 16:32:01.761,98.399906,0.000000,0.000000,0.000000,0.309127,-0.389620,-0.256437,0.111642,-0.366339,-0.257128,0.210385,-0.377979,-0.256783,0.183853,-0.409201,-0.230525,0.211171,-0.419504,-0.184091,0.233713,-0.415345,-0.226720
2026-07-16 16:32:01.861,98.499906,0.000000,0.000000,0.000000,0.308926,-0.393620,-0.257992,0.111781,-0.369436,-0.257820,0.210354,-0.381528,-0.257906,0.183982,-0.412249,-0.232031,0.211310,-0.422602,-0.184783,0.233852,-0.418442,-0.227412
2026-07-16 16:32:01.961,98.599906,0.000000,0.000000,0.000000,0.308284,-0.387399,-0.255510,0.111457,-0.362210,-0.256205,0.209871,-0.374804,-0.255858,0.182865,-0.404831,-0.230395,0.210758,-0.416302,-0.184077,0.233528,-0.411215,-0.225798
2026-07-16 16:32:02.061,98.699906,0.000000,0.000000,0.000000,0.308926,-0.393620,-0.257992,0.111781,-0.369436,-0.257820,0.210354,-0.381528,-0.257906,0.183189,-0.412058,-0.232010,0.211082,-0.423529,-0.185691,0.233852,-0.418442,-0.227412
2026-07-16 16:32:02.161,98.799906,0.000000,0.000000,0.000000,0.309111,-0.397749,-0.258915,0.111967,-0.373566,-0.258742,0.210539,-0.385658,-0.258829,0.183185,-0.417128,-0.233778,0.212047,-0.427802,-0.187448,0.234038,-0.422572,-0.228335
2026-07-16 16:32:02.261,98.899906,0.000000,0.000000,0.000000,0.308880,-0.392587,-0.257762,0.111814,-0.367389,-0.257593,0.210347,-0.379988,-0.257677,0.182163,-0.411775,-0.232603,0.211598,-0.423615,-0.186388,0.233550,-0.418333,-0.228039
2026-07-16 16:32:02.361,98.999906,0.000000,0.000000,0.000000,0.309034,-0.387555,-0.255976,0.111470,-0.365289,-0.256663,0.210252,-0.376422,-0.256320,0.181978,-0.407645,-0.231680,0.211402,-0.419437,-0.186277,0.233365,-0.414204,-0.227117
2026-07-16 16:32:02.461,99.099905,0.000000,0.000000,0.000000,0.308787,-0.390522,-0.257300,0.111642,-0.366339,-0.257128,0.210215,-0.378431,-0.257214,0.182159,-0.409215,-0.232127,0.211495,-0.421502,-0.186738,0.233703,-0.415296,-0.227542
2026-07-16 16:32:02.561,99.199905,0.000000,0.000000,0.000000,0.308937,-0.393671,-0.257127,0.111861,-0.368421,-0.257823,0.210399,-0.381046,-0.257475,0.182031,-0.413796,-0.232864,0.211405,-0.425527,-0.188333,0.233597,-0.419366,-0.228270
2026-07-16 16:32:02.661,99.299905,0.000000,0.000000,0.000000,0.308505,-0.392509,-0.257527,0.111689,-0.367372,-0.257359,0.210097,-0.379940,-0.257443,0.181325,-0.410551,-0.232351,0.211313,-0.423462,-0.187871,0.233504,-0.417301,-0.227809
2026-07-16 16:32:02.761,99.399905,0.000000,0.000000,0.000000,0.308655,-0.395658,-0.257355,0.111907,-0.369454,-0.258054,0.210281,-0.382556,-0.257704,0.181277,-0.414589,-0.233886,0.210664,-0.426369,-0.188542,0.233643,-0.420398,-0.228501
2026-07-16 16:32:02.861,99.499905,0.000000,0.000000,0.000000,0.309116,-0.389568,-0.257304,0.111722,-0.365324,-0.257131,0.210419,-0.377446,-0.257218,0.181269,-0.409470,-0.232934,0.210696,-0.421263,-0.187528,0.233458,-0.416268,-0.227578
2026-07-16 16:32:02.961,99.599905,0.000000,0.000000,0.000000,0.308926,-0.393620,-0.257992,0.111781,-0.369436,-0.257820,0.210354,-0.381528,-0.257906,0.181408,-0.412567,-0.233626,0.209840,-0.425194,-0.187479,0.233597,-0.419366,-0.228270
2026-07-16 16:32:03.061,99.699905,0.000000,0.000000,0.000000,0.309019,-0.395684,-0.258453,0.111874,-0.371501,-0.258281,0.210446,-0.383593,-0.258367,0.181511,-0.414680,-0.233273,0.210148,-0.426283,-0.187849,0.233689,-0.421430,-0.228731
2026-07-16 16:32:03.161,99.799905,0.000000,0.000000,0.000000,0.308706,-0.388509,-0.255973,0.111629,-0.363259,-0.256670,0.210167,-0.375884,-0.256322,0.181186,-0.407454,-0.231659,0.208820,-0.419842,-0.186305,0.233365,-0.414204,-0.227117
2026-07-16 16:32:03.261,99.899905,0.000000,0.000000,0.000000,0.308926,-0.393620,-0.257992,0.111622,-0.371466,-0.257813,0.210274,-0.382543,-0.257903,0.181418,-0.412616,-0.232812,0.209062,-0.425052,-0.186648,0.233597,-0.419366,-0.228270
2026-07-16 16:32:03.361,99.999905,0.000000,0.000000,0.000000,0.308798,-0.390574,-0.256435,0.111642,-0.366339,-0.257128,0.210220,-0.378457,-0.256781,0.181279,-0.409518,-0.232120,0.208349,-0.420787,-0.185841,0.233458,-0.416268,-0.227578
2026-07-16 16:32:03.461,100.099905,0.000000,0.000000,0.000000,0.309076,-0.396768,-0.257819,0.111920,-0.372534,-0.258512,0.210498,-0.384651,-0.258165,0.181645,-0.415218,-0.233489,0.207838,-0.426791,-0.187204,0.233736,-0.422463,-0.228962
2026-07-16 16:32:03.561,100.199904,0.000000,0.000000,0.000000,0.308609,-0.394625,-0.257124,0.111861,-0.368421,-0.257823,0.210235,-0.381523,-0.257474,0.181418,-0.412616,-0.232812,0.206910,-0.423503,-0.186490,0.233597,-0.419366,-0.228270
2026-07-16 16:32:03.661,100.299904,0.000000,0.000000,0.000000,0.309076,-0.396768,-0.257819,0.111920,-0.372534,-0.258512,0.210498,-0.384651,-0.258165,0.181557,-0.415713,-0.233504,0.206260,-0.426409,-0.187161,0.233736,-0.422463,-0.228962
2026-07-16 16:32:03.761,100.399904,0.000000,0.000000,0.000000,0.308602,-0.386393,-0.256378,0.111457,-0.362210,-0.256205,0.210030,-0.374301,-0.256292,0.181094,-0.405389,-0.231198,0.205576,-0.417015,-0.185758,0.233038,-0.413160,-0.225872
2026-07-16 16:32:03.861,100.499904,0.000000,0.000000,0.000000,0.308937,-0.393671,-0.257127,0.111781,-0.369436,-0.257820,0.210359,-0.381554,-0.257473,0.180627,-0.412424,-0.232791,0.205322,-0.423073,-0.187259,0.233351,-0.420338,-0.228306
2026-07-16 16:32:03.961,100.599904,0.000000,0.000000,0.000000,0.308880,-0.392587,-0.257762,0.111735,-0.368404,-0.257589,0.210307,-0.380496,-0.257675,0.180570,-0.411343,-0.233374,0.204278,-0.422828,-0.187100,0.233305,-0.419306,-0.228076
2026-07-16 16:32:04.061,100.699904,0.000000,0.000000,0.000000,0.308516,-0.392561,-0.256663,0.111689,-0.367372,-0.257359,0.210102,-0.379966,-0.257011,0.180348,-0.411301,-0.233172,0.204023,-0.422774,-0.186961,0.233259,-0.418273,-0.227845
2026-07-16 16:32:04.161,100.799904,0.000000,0.000000,0.000000,0.309019,-0.395684,-0.258453,0.111953,-0.370486,-0.258285,0.210486,-0.383085,-0.258369,0.179744,-0.415239,-0.234074,0.204208,-0.426903,-0.187884,0.233444,-0.422403,-0.228767
2026-07-16 16:32:04.261,100.899904,0.000000,0.000000,0.000000,0.309358,-0.394782,-0.257590,0.111874,-0.371501,-0.258281,0.210616,-0.383141,-0.257936,0.179744,-0.415239,-0.234074,0.203432,-0.426761,-0.187053,0.233444,-0.422403,-0.228767
2026-07-16 16:32:04.361,100.999904,0.000000,0.000000,0.000000,0.308706,-0.388509,-0.255973,0.111550,-0.364274,-0.256667,0.210128,-0.376392,-0.256320,0.179245,-0.409003,-0.232488,0.203118,-0.419583,-0.184629,0.233916,-0.415369,-0.227175
2026-07-16 16:32:04.461,101.099904,0.000000,0.000000,0.000000,0.308644,-0.395606,-0.258219,0.111748,-0.371484,-0.258047,0.210196,-0.383545,-0.258133,0.179697,-0.414207,-0.233843,0.203198,-0.426803,-0.185300,0.234194,-0.421563,-0.228558
2026-07-16 16:32:04.561,101.199903,0.000000,0.000000,0.000000,0.308787,-0.390522,-0.257300,0.111642,-0.366339,-0.257128,0.210215,-0.378431,-0.257214,0.179338,-0.411067,-0.232950,0.203231,-0.421744,-0.183472,0.234255,-0.416461,-0.227600
2026-07-16 16:32:04.661,101.299903,0.000000,0.000000,0.000000,0.308609,-0.394625,-0.257124,0.111781,-0.369436,-0.257820,0.210195,-0.382031,-0.257472,0.179487,-0.414213,-0.232830,0.203390,-0.424937,-0.182546,0.234148,-0.420531,-0.228328
2026-07-16 16:32:04.761,101.399903,0.000000,0.000000,0.000000,0.308412,-0.390444,-0.257066,0.111596,-0.365307,-0.256897,0.210004,-0.377876,-0.256982,0.179302,-0.410083,-0.231908,0.203018,-0.421882,-0.180106,0.234209,-0.415429,-0.227369
2026-07-16 16:32:04.861,101.499903,0.000000,0.000000,0.000000,0.308366,-0.389412,-0.256835,0.111629,-0.363259,-0.256670,0.209998,-0.376336,-0.256753,0.179430,-0.408061,-0.231647,0.204195,-0.419181,-0.178073,0.234723,-0.415610,-0.226377
2026-07-16 16:32:04.961,101.599903,0.000000,0.000000,0.000000,0.308330,-0.390448,-0.256645,0.111689,-0.367372,-0.257359,0.210010,-0.378910,-0.257002,0.180369,-0.411397,-0.231547,0.204146,-0.423352,-0.177250,0.234862,-0.418707,-0.227069
2026-07-16 16:32:05.061,101.699903,0.000000,0.000000,0.000000,0.308937,-0.393671,-0.257127,0.111781,-0.369436,-0.257820,0.210359,-0.381554,-0.257473,0.181252,-0.413653,-0.232030,0.204468,-0.424536,-0.175985,0.235202,-0.419800,-0.227493
2026-07-16 16:32:05.161,101.799903,0.000000,0.000000,0.000000,0.308551,-0.393542,-0.257758,0.111735,-0.368404,-0.257589,0.210143,-0.380973,-0.257674,0.181205,-0.412621,-0.231799,0.205450,-0.422862,-0.173233,0.235166,-0.418817,-0.226442
2026-07-16 16:32:05.261,101.899903,0.000000,0.000000,0.000000,0.308562,-0.393593,-0.256894,0.111655,-0.369419,-0.257586,0.210109,-0.381506,-0.257240,0.181392,-0.411680,-0.230954,0.206028,-0.424029,-0.173366,0.235414,-0.417845,-0.226404
2026-07-16 16:32:05.361,101.999903,0.000000,0.000000,0.000000,0.309358,-0.394782,-0.257590,0.111874,-0.371501,-0.258281,0.210616,-0.383141,-0.257936,0.182322,-0.414969,-0.231667,0.205977,-0.428199,-0.172550,0.235305,-0.421914,-0.227134
2026-07-16 16:32:05.461,102.099903,0.000000,0.000000,0.000000,0.308551,-0.393542,-0.257758,0.111814,-0.367389,-0.257593,0.210183,-0.380465,-0.257675,0.182183,-0.411871,-0.230976,0.205848,-0.425150,-0.171049,0.235964,-0.419010,-0.226463
2026-07-16 16:32:05.561,102.199903,0.000000,0.000000,0.000000,0.308644,-0.395606,-0.258219,0.111828,-0.370469,-0.258050,0.210236,-0.383038,-0.258135,0.182276,-0.413936,-0.231437,0.206162,-0.426287,-0.170586,0.235506,-0.419910,-0.226865
2026-07-16 16:32:05.661,102.299902,0.000000,0.000000,0.000000,0.309034,-0.387555,-0.255976,0.111629,-0.363259,-0.256670,0.210332,-0.375407,-0.256323,0.182789,-0.407933,-0.230074,0.206884,-0.419307,-0.169108,0.235229,-0.413715,-0.225481
2026-07-16 16:32:05.761,102.399902,0.000000,0.000000,0.000000,0.309076,-0.396768,-0.257819,0.112079,-0.370504,-0.258519,0.210578,-0.383636,-0.258169,0.182546,-0.415012,-0.231866,0.207053,-0.428591,-0.170258,0.235599,-0.421974,-0.227326
2026-07-16 16:32:05.861,102.499902,0.000000,0.000000,0.000000,0.308602,-0.386393,-0.256378,0.111537,-0.361195,-0.256209,0.210069,-0.373794,-0.256293,0.182083,-0.404688,-0.229559,0.206378,-0.419243,-0.168068,0.235136,-0.411650,-0.225020
2026-07-16 16:32:05.961,102.599902,0.000000,0.000000,0.000000,0.308690,-0.396639,-0.258450,0.111874,-0.371501,-0.258281,0.210282,-0.384070,-0.258365,0.183114,-0.415160,-0.231689,0.207219,-0.426582,-0.169911,0.235553,-0.420942,-0.227095
2026-07-16 16:32:06.061,102.699902,0.000000,0.000000,0.000000,0.308787,-0.390522,-0.257300,0.111642,-0.366339,-0.257128,0.210215,-0.378431,-0.257214,0.182091,-0.409807,-0.230514,0.206785,-0.422444,-0.168064,0.235197,-0.416266,-0.225961
2026-07-16 16:32:06.161,102.799902,0.000000,0.000000,0.000000,0.308602,-0.386393,-0.256378,0.111457,-0.362210,-0.256205,0.210030,-0.374301,-0.256292,0.181906,-0.405677,-0.229592,0.206600,-0.418315,-0.167141,0.235136,-0.411650,-0.225020
2026-07-16 16:32:06.261,102.899902,0.000000,0.000000,0.000000,0.308833,-0.391555,-0.257531,0.111689,-0.367372,-0.257359,0.210261,-0.379463,-0.257445,0.182137,-0.410839,-0.230745,0.206927,-0.422940,-0.169046,0.235120,-0.417784,-0.226211
2026-07-16 16:32:06.361,102.999902,0.000000,0.000000,0.000000,0.308690,-0.396639,-0.258450,0.111874,-0.371501,-0.258281,0.210282,-0.384070,-0.258365,0.182322,-0.414969,-0.231667,0.207007,-0.427558,-0.170027,0.235305,-0.421914,-0.227134
2026-07-16 16:32:06.461,103.099902,0.000000,0.000000,0.000000,0.308556,-0.385360,-0.256147,0.111411,-0.361177,-0.255975,0.209983,-0.373269,-0.256061,0.181682,-0.405634,-0.229394,0.206331,-0.418210,-0.167837,0.234842,-0.411590,-0.224827
2026-07-16 16:32:06.561,103.199902,0.000000,0.000000,0.000000,0.309023,-0.387503,-0.256843,0.111550,-0.364274,-0.256667,0.210286,-0.375889,-0.256755,0.181821,-0.408731,-0.230086,0.205684,-0.421117,-0.168508,0.235229,-0.413715,-0.225481
2026-07-16 16:32:06.661,103.299901,0.000000,0.000000,0.000000,0.309116,-0.389568,-0.257304,0.111642,-0.366339,-0.257128,0.210379,-0.377954,-0.257216,0.181300,-0.409615,-0.230493,0.205776,-0.423182,-0.168969,0.235871,-0.416945,-0.226002
2026-07-16 16:32:06.761,103.399901,0.000000,0.000000,0.000000,0.308366,-0.389412,-0.256835,0.111629,-0.363259,-0.256670,0.209998,-0.376336,-0.256753,0.181030,-0.408540,-0.230064,0.205673,-0.421069,-0.169317,0.234981,-0.414687,-0.225519
2026-07-16 16:32:06.861,103.499901,0.000000,0.000000,0.000000,0.309255,-0.392665,-0.257996,0.111861,-0.368421,-0.257823,0.210558,-0.380543,-0.257910,0.181262,-0.413702,-0.231217,0.205905,-0.426231,-0.170470,0.235213,-0.419849,-0.226673
2026-07-16 16:32:06.961,103.599901,0.000000,0.000000,0.000000,0.308377,-0.389463,-0.255971,0.111629,-0.363259,-0.256670,0.210003,-0.376361,-0.256321,0.181030,-0.408540,-0.230064,0.205673,-0.421069,-0.169317,0.234981,-0.414687,-0.225519
2026-07-16 16:32:07.061,103.699901,0.000000,0.000000,0.000000,0.308937,-0.393671,-0.257127,0.111781,-0.369436,-0.257820,0.210359,-0.381554,-0.257473,0.181262,-0.413702,-0.231217,0.205905,-0.426231,-0.170470,0.235213,-0.419849,-0.226673
2026-07-16 16:32:07.161,103.799901,0.000000,0.000000,0.000000,0.307946,-0.390319,-0.257278,0.111563,-0.367354,-0.257124,0.209754,-0.378837,-0.257201,0.181123,-0.410605,-0.230525,0.205766,-0.423134,-0.169778,0.235074,-0.416752,-0.225981
2026-07-16 16:32:07.261,103.899901,0.000000,0.000000,0.000000,0.308926,-0.393620,-0.257992,0.111781,-0.369436,-0.257820,0.210354,-0.381528,-0.257906,0.181262,-0.413702,-0.231217,0.205118,-0.426041,-0.170449,0.235213,-0.419849,-0.226673
2026-07-16 16:32:07.361,103.999901,0.000000,0.000000,0.000000,0.308459,-0.391477,-0.257297,0.111722,-0.365324,-0.257131,0.210090,-0.378401,-0.257214,0.180333,-0.410414,-0.230504,0.204979,-0.422943,-0.169757,0.235871,-0.416945,-0.226002
2026-07-16 16:32:07.461,104.099901,0.000000,0.000000,0.000000,0.308706,-0.388509,-0.255973,0.111629,-0.363259,-0.256670,0.210167,-0.375884,-0.256322,0.180240,-0.408349,-0.230043,0.204886,-0.420879,-0.169296,0.234981,-0.414687,-0.225519
2026-07-16 16:32:07.561,104.199901,0.000000,0.000000,0.000000,0.308613,-0.386444,-0.255512,0.111457,-0.362210,-0.256205,0.210035,-0.374327,-0.255859,0.180148,-0.406284,-0.229581,0.204794,-0.418814,-0.168835,0.234888,-0.412622,-0.225058
2026-07-16 16:32:07.661,104.299901,0.000000,0.000000,0.000000,0.308648,-0.387425,-0.256608,0.111503,-0.363242,-0.256436,0.210076,-0.375334,-0.256522,0.180194,-0.407316,-0.229812,0.205260,-0.417893,-0.168834,0.234935,-0.413654,-0.225289
2026-07-16 16:32:07.761,104.399900,0.000000,0.000000,0.000000,0.308613,-0.386444,-0.255512,0.111378,-0.363225,-0.256202,0.209995,-0.374834,-0.255857,0.180323,-0.405294,-0.229549,0.204794,-0.418814,-0.168835,0.234888,-0.412622,-0.225058
2026-07-16 16:32:07.861,104.499900,0.000000,0.000000,0.000000,0.309111,-0.397749,-0.258915,0.112046,-0.372551,-0.258746,0.210579,-0.385150,-0.258830,0.180657,-0.417640,-0.232118,0.205513,-0.429194,-0.171256,0.236195,-0.424172,-0.227617
2026-07-16 16:32:07.961,104.599900,0.000000,0.000000,0.000000,0.308690,-0.396639,-0.258450,0.111874,-0.371501,-0.258281,0.210282,-0.384070,-0.258365,0.180565,-0.415576,-0.231657,0.205420,-0.427129,-0.170795,0.235854,-0.423078,-0.227194
2026-07-16 16:32:08.061,104.699900,0.000000,0.000000,0.000000,0.308706,-0.388509,-0.255973,0.111550,-0.364274,-0.256667,0.210128,-0.376392,-0.256320,0.180240,-0.408349,-0.230043,0.205306,-0.418925,-0.169065,0.234981,-0.414687,-0.225519
2026-07-16 16:32:08.161,104.799900,0.000000,0.000000,0.000000,0.308794,-0.398755,-0.258047,0.112046,-0.372551,-0.258746,0.210420,-0.385653,-0.258396,0.180657,-0.417640,-0.232118,0.204725,-0.429003,-0.171235,0.235398,-0.423979,-0.227595
2026-07-16 16:32:08.261,104.899900,0.000000,0.000000,0.000000,0.308798,-0.390574,-0.256435,0.111642,-0.366339,-0.257128,0.210220,-0.378457,-0.256781,0.180333,-0.410414,-0.230504,0.204401,-0.421776,-0.169620,0.235074,-0.416752,-0.225981
2026-07-16 16:32:08.361,104.999900,0.000000,0.000000,0.000000,0.308891,-0.392639,-0.256896,0.111735,-0.368404,-0.257589,0.210313,-0.380521,-0.257243,0.180426,-0.412478,-0.230965,0.204494,-0.423841,-0.170082,0.234919,-0.419788,-0.226480
2026-07-16 16:32:08.461,105.099900,0.000000,0.000000,0.000000,0.308937,-0.393671,-0.257127,0.111781,-0.369436,-0.257820,0.210359,-0.381554,-0.257473,0.180472,-0.413511,-0.231196,0.204550,-0.424922,-0.169502,0.236010,-0.420042,-0.226694
2026-07-16 16:32:08.561,105.199900,0.000000,0.000000,0.000000,0.308880,-0.392587,-0.257762,0.111735,-0.368404,-0.257589,0.210307,-0.380496,-0.257675,0.180426,-0.412478,-0.230965,0.204494,-0.423841,-0.170082,0.235964,-0.419010,-0.226463
2026-07-16 16:32:08.661,105.299900,0.000000,0.000000,0.000000,0.308695,-0.388458,-0.256839,0.111550,-0.364274,-0.256667,0.210122,-0.376366,-0.256753,0.180240,-0.408349,-0.230043,0.204527,-0.418783,-0.168232,0.234981,-0.414687,-0.225519
2026-07-16 16:32:08.761,105.399899,0.000000,0.000000,0.000000,0.308798,-0.390574,-0.256435,0.111563,-0.367354,-0.257124,0.210180,-0.378964,-0.256780,0.180333,-0.410414,-0.230504,0.204202,-0.422801,-0.168927,0.235074,-0.416752,-0.225981
2026-07-16 16:32:08.861,105.499899,0.000000,0.000000,0.000000,0.308366,-0.389412,-0.256835,0.111550,-0.364274,-0.256667,0.209958,-0.376843,-0.256751,0.180240,-0.408349,-0.230043,0.204319,-0.419760,-0.168349,0.234981,-0.414687,-0.225519
2026-07-16 16:32:08.961,105.599899,0.000000,0.000000,0.000000,0.308787,-0.390522,-0.257300,0.111563,-0.367354,-0.257124,0.210175,-0.378938,-0.257212,0.180333,-0.410414,-0.230504,0.204202,-0.422801,-0.168927,0.235074,-0.416752,-0.225981
2026-07-16 16:32:09.061,105.699899,0.000000,0.000000,0.000000,0.308891,-0.392639,-0.256896,0.111735,-0.368404,-0.257589,0.210313,-0.380521,-0.257243,0.180426,-0.412478,-0.230965,0.204504,-0.423889,-0.169271,0.235964,-0.419010,-0.226463
2026-07-16 16:32:09.161,105.799899,0.000000,0.000000,0.000000,0.308829,-0.399736,-0.259142,0.112092,-0.373584,-0.258976,0.210461,-0.386660,-0.259059,0.180703,-0.418673,-0.232349,0.204782,-0.430084,-0.170655,0.235444,-0.425011,-0.227826
2026-07-16 16:32:09.261,105.899899,0.000000,0.000000,0.000000,0.308972,-0.394652,-0.258223,0.111828,-0.370469,-0.258050,0.210400,-0.382560,-0.258137,0.180518,-0.414543,-0.231427,0.204805,-0.424977,-0.169616,0.235259,-0.420881,-0.226903
2026-07-16 16:32:09.361,105.999899,0.000000,0.000000,0.000000,0.308655,-0.395658,-0.257355,0.111907,-0.369454,-0.258054,0.210281,-0.382556,-0.257704,0.180518,-0.414543,-0.231427,0.204596,-0.425954,-0.169732,0.235259,-0.420881,-0.226903
2026-07-16 16:32:09.461,106.099899,0.000000,0.000000,0.000000,0.308926,-0.393620,-0.257992,0.111702,-0.370451,-0.257816,0.210314,-0.382036,-0.257904,0.180472,-0.413511,-0.231196,0.204654,-0.424433,-0.169443,0.236010,-0.420042,-0.226694
2026-07-16 16:32:09.561,106.199899,0.000000,0.000000,0.000000,0.308833,-0.391555,-0.257531,0.111768,-0.366357,-0.257362,0.210301,-0.378956,-0.257446,0.180379,-0.411446,-0.230735,0.204457,-0.422857,-0.169041,0.235120,-0.417784,-0.226211
2026-07-16 16:32:09.661,106.299899,0.000000,0.000000,0.000000,0.308844,-0.391606,-0.256665,0.111689,-0.367372,-0.257359,0.210267,-0.379489,-0.257012,0.180379,-0.411446,-0.230735,0.204457,-0.422857,-0.169041,0.235120,-0.417784,-0.226211
2026-07-16 16:32:09.761,106.399899,0.000000,0.000000,0.000000,0.308598,-0.394574,-0.257989,0.111781,-0.369436,-0.257820,0.210189,-0.382005,-0.257904,0.180472,-0.413511,-0.231196,0.203970,-0.423754,-0.169364,0.236010,-0.420042,-0.226694
2026-07-16 16:32:09.861,106.499898,0.000000,0.000000,0.000000,0.308833,-0.391555,-0.257531,0.111689,-0.367372,-0.257359,0.210261,-0.379463,-0.257445,0.180379,-0.411446,-0.230735,0.203877,-0.421689,-0.168903,0.235120,-0.417784,-0.226211
2026-07-16 16:32:09.961,106.599898,0.000000,0.000000,0.000000,0.308609,-0.394625,-0.257124,0.111702,-0.370451,-0.257816,0.210155,-0.382538,-0.257470,0.180647,-0.412521,-0.231163,0.203980,-0.423802,-0.168552,0.236010,-0.420042,-0.226694
2026-07-16 16:32:10.061,106.699898,0.000000,0.000000,0.000000,0.308505,-0.392509,-0.257527,0.111689,-0.367372,-0.257359,0.210097,-0.379940,-0.257443,0.180379,-0.411446,-0.230735,0.203888,-0.421738,-0.168091,0.235120,-0.417784,-0.226211
2026-07-16 16:32:10.161,106.799898,0.000000,0.000000,0.000000,0.308273,-0.387347,-0.256374,0.111378,-0.363225,-0.256202,0.209825,-0.375286,-0.256288,0.180148,-0.406284,-0.229581,0.203656,-0.416576,-0.166938,0.235686,-0.412815,-0.225080
2026-07-16 16:32:10.261,106.899898,0.000000,0.000000,0.000000,0.308562,-0.393593,-0.256894,0.111814,-0.367389,-0.257593,0.210188,-0.380491,-0.257243,0.180426,-0.412478,-0.230965,0.203924,-0.422722,-0.169133,0.235166,-0.418817,-0.226442
2026-07-16 16:32:10.361,106.999898,0.000000,0.000000,0.000000,0.308366,-0.389412,-0.256835,0.111629,-0.363259,-0.256670,0.209998,-0.376336,-0.256753,0.180240,-0.408349,-0.230043,0.203738,-0.418592,-0.168211,0.234981,-0.414687,-0.225519
2026-07-16 16:32:10.461,107.099898,0.000000,0.000000,0.000000,0.308787,-0.390522,-0.257300,0.111722,-0.365324,-0.257131,0.210255,-0.377923,-0.257216,0.180333,-0.410414,-0.230504,0.203623,-0.421634,-0.168789,0.235871,-0.416945,-0.226002
2026-07-16 16:32:10.561,107.199898,0.000000,0.000000,0.000000,0.308701,-0.396690,-0.257585,0.111953,-0.370486,-0.258285,0.210327,-0.383588,-0.257935,0.180565,-0.415576,-0.231657,0.204062,-0.425819,-0.169825,0.235305,-0.421914,-0.227134
2026-07-16 16:32:10.661,107.299898,0.000000,0.000000,0.000000,0.308690,-0.396639,-0.258450,0.111874,-0.371501,-0.258281,0.210282,-0.384070,-0.258365,0.180565,-0.415576,-0.231657,0.204062,-0.425819,-0.169825,0.236103,-0.422107,-0.227155
2026-07-16 16:32:10.761,107.399898,0.000000,0.000000,0.000000,0.309158,-0.398782,-0.259145,0.112013,-0.374599,-0.258973,0.210585,-0.386690,-0.259059,0.180703,-0.418673,-0.232349,0.203994,-0.429893,-0.170634,0.236242,-0.425204,-0.227847
2026-07-16 16:32:10.861,107.499897,0.000000,0.000000,0.000000,0.308937,-0.393671,-0.257127,0.111781,-0.369436,-0.257820,0.210359,-0.381554,-0.257473,0.179682,-0.413320,-0.231175,0.203762,-0.424731,-0.169480,0.235213,-0.419849,-0.226673
2026-07-16 16:32:10.961,107.599897,0.000000,0.000000,0.000000,0.308598,-0.394574,-0.257989,0.111781,-0.369436,-0.257820,0.210189,-0.382005,-0.257904,0.180472,-0.413511,-0.231196,0.203762,-0.424731,-0.169480,0.236010,-0.420042,-0.226694
2026-07-16 16:32:11.061,107.699897,0.000000,0.000000,0.000000,0.308690,-0.396639,-0.258450,0.111874,-0.371501,-0.258281,0.210282,-0.384070,-0.258365,0.179774,-0.415384,-0.231636,0.204643,-0.426986,-0.169963,0.235854,-0.423078,-0.227194
2026-07-16 16:32:11.161,107.799897,0.000000,0.000000,0.000000,0.308988,-0.386522,-0.255745,0.111503,-0.363242,-0.256436,0.210246,-0.374882,-0.256091,0.179394,-0.407077,-0.230603,0.204272,-0.418727,-0.168118,0.235732,-0.413847,-0.225310
2026-07-16 16:32:11.261,107.899897,0.000000,0.000000,0.000000,0.308551,-0.393542,-0.257758,0.111735,-0.368404,-0.257589,0.210143,-0.380973,-0.257674,0.179625,-0.412239,-0.231756,0.204504,-0.423889,-0.169271,0.235715,-0.419981,-0.226502
2026-07-16 16:32:11.361,107.999897,0.000000,0.000000,0.000000,0.308844,-0.391606,-0.256665,0.111609,-0.368387,-0.257355,0.210227,-0.379996,-0.257010,0.179579,-0.411206,-0.231526,0.204457,-0.422857,-0.169041,0.235669,-0.418949,-0.226271
2026-07-16 16:32:11.461,108.099897,0.000000,0.000000,0.000000,0.308891,-0.392639,-0.256896,0.111814,-0.367389,-0.257593,0.210353,-0.380014,-0.257244,0.179625,-0.412239,-0.231756,0.204713,-0.422913,-0.169155,0.235715,-0.419981,-0.226502
2026-07-16 16:32:11.561,108.199897,0.000000,0.000000,0.000000,0.309127,-0.389620,-0.256437,0.111642,-0.366339,-0.257128,0.210385,-0.377979,-0.256783,0.179533,-0.410174,-0.231295,0.204620,-0.420848,-0.168693,0.235623,-0.417916,-0.226041
2026-07-16 16:32:11.661,108.299897,0.000000,0.000000,0.000000,0.308362,-0.397593,-0.258446,0.111874,-0.371501,-0.258281,0.210118,-0.384547,-0.258364,0.179764,-0.415336,-0.232448,0.204851,-0.426010,-0.169846,0.236103,-0.422107,-0.227155
2026-07-16 16:32:11.761,108.399897,0.000000,0.000000,0.000000,0.309065,-0.396717,-0.258684,0.111920,-0.372534,-0.258512,0.210493,-0.384625,-0.258598,0.179810,-0.416369,-0.232679,0.204898,-0.427042,-0.170077,0.235901,-0.424111,-0.227424
2026-07-16 16:32:11.861,108.499897,0.000000,0.000000,0.000000,0.308787,-0.390522,-0.257300,0.111642,-0.366339,-0.257128,0.210215,-0.378431,-0.257214,0.179533,-0.410174,-0.231295,0.203831,-0.420657,-0.168672,0.235623,-0.417916,-0.226041
2026-07-16 16:32:11.961,108.599896,0.000000,0.000000,0.000000,0.308551,-0.393542,-0.257758,0.111814,-0.367389,-0.257593,0.210183,-0.380465,-0.257675,0.179625,-0.412239,-0.231756,0.203924,-0.422722,-0.169133,0.235964,-0.419010,-0.226463
2026-07-16 16:32:12.061,108.699896,0.000000,0.000000,0.000000,0.308598,-0.394574,-0.257989,0.111702,-0.370451,-0.257816,0.210150,-0.382513,-0.257902,0.179497,-0.414261,-0.232019,0.203762,-0.424731,-0.169480,0.235762,-0.421013,-0.226732
2026-07-16 16:32:12.161,108.799896,0.000000,0.000000,0.000000,0.308609,-0.394625,-0.257124,0.111781,-0.369436,-0.257820,0.210195,-0.382031,-0.257472,0.179672,-0.413271,-0.231987,0.203762,-0.424731,-0.169480,0.235762,-0.421013,-0.226732
2026-07-16 16:32:12.261,108.899896,0.000000,0.000000,0.000000,0.308648,-0.387425,-0.256608,0.111583,-0.362227,-0.256439,0.210116,-0.374826,-0.256524,0.179394,-0.407077,-0.230603,0.203692,-0.417560,-0.167980,0.235484,-0.414819,-0.225349
2026-07-16 16:32:12.361,108.999896,0.000000,0.000000,0.000000,0.309019,-0.395684,-0.258453,0.111874,-0.371501,-0.258281,0.210446,-0.383593,-0.258367,0.179764,-0.415336,-0.232448,0.204062,-0.425819,-0.169825,0.235854,-0.423078,-0.227194
2026-07-16 16:32:12.461,109.099896,0.000000,0.000000,0.000000,0.308648,-0.387425,-0.256608,0.111424,-0.364257,-0.256432,0.210036,-0.375841,-0.256520,0.179394,-0.407077,-0.230603,0.203588,-0.418048,-0.168038,0.235484,-0.414819,-0.225349
2026-07-16 16:32:12.561,109.199896,0.000000,0.000000,0.000000,0.308459,-0.391477,-0.257297,0.111642,-0.366339,-0.257128,0.210051,-0.378908,-0.257212,0.179533,-0.410174,-0.231295,0.204049,-0.419728,-0.167743,0.235871,-0.416945,-0.226002
2026-07-16 16:32:12.661,109.299896,0.000000,0.000000,0.000000,0.308983,-0.394704,-0.257357,0.111828,-0.370469,-0.258050,0.210405,-0.382586,-0.257704,0.179718,-0.414304,-0.232218,0.204026,-0.424835,-0.168783,0.235808,-0.422046,-0.226963
2026-07-16 16:32:12.761,109.399896,0.000000,0.000000,0.000000,0.308505,-0.392509,-0.257527,0.111609,-0.368387,-0.257355,0.210057,-0.380448,-0.257441,0.179579,-0.411206,-0.231526,0.203888,-0.421738,-0.168091,0.235669,-0.418949,-0.226271
2026-07-16 16:32:12.861,109.499896,0.000000,0.000000,0.000000,0.309169,-0.398833,-0.258280,0.112013,-0.374599,-0.258973,0.210591,-0.386716,-0.258626,0.179903,-0.418433,-0.233140,0.204004,-0.429941,-0.169823,0.235993,-0.426175,-0.227886
2026-07-16 16:32:12.961,109.599895,0.000000,0.000000,0.000000,0.308926,-0.393620,-0.257992,0.111702,-0.370451,-0.257816,0.210314,-0.382036,-0.257904,0.179682,-0.413320,-0.231175,0.204188,-0.422825,-0.168435,0.235762,-0.421013,-0.226732
2026-07-16 16:32:13.061,109.699895,0.000000,0.000000,0.000000,0.308736,-0.397671,-0.258681,0.111920,-0.372534,-0.258512,0.210328,-0.385103,-0.258596,0.179821,-0.416417,-0.231866,0.204918,-0.427139,-0.168454,0.235901,-0.424111,-0.227424
2026-07-16 16:32:13.161,109.799895,0.000000,0.000000,0.000000,0.308423,-0.390496,-0.256202,0.111596,-0.365307,-0.256897,0.210010,-0.377901,-0.256549,0.179486,-0.409142,-0.231065,0.203597,-0.420698,-0.166937,0.235576,-0.416884,-0.225810
2026-07-16 16:32:13.261,109.899895,0.000000,0.000000,0.000000,0.308551,-0.393542,-0.257758,0.111735,-0.368404,-0.257589,0.210143,-0.380973,-0.257674,0.179625,-0.412239,-0.231756,0.203944,-0.422818,-0.167510,0.235964,-0.419010,-0.226463
2026-07-16 16:32:13.361,109.999895,0.000000,0.000000,0.000000,0.308701,-0.396690,-0.257585,0.111953,-0.370486,-0.258285,0.210327,-0.383588,-0.257935,0.179774,-0.415384,-0.231636,0.204083,-0.425916,-0.168202,0.235854,-0.423078,-0.227194
2026-07-16 16:32:13.461,110.099895,0.000000,0.000000,0.000000,0.308937,-0.393671,-0.257127,0.111702,-0.370451,-0.257816,0.210319,-0.382061,-0.257471,0.179682,-0.413320,-0.231175,0.203990,-0.423851,-0.167741,0.236010,-0.420042,-0.226694
2026-07-16 16:32:13.561,110.199895,0.000000,0.000000,0.000000,0.308655,-0.395658,-0.257355,0.111828,-0.370469,-0.258050,0.210241,-0.383063,-0.257703,0.179718,-0.414304,-0.232218,0.204826,-0.425074,-0.167993,0.235808,-0.422046,-0.226963
2026-07-16 16:32:13.661,110.299895,0.000000,0.000000,0.000000,0.308644,-0.395606,-0.258219,0.111828,-0.370469,-0.258050,0.210236,-0.383038,-0.258135,0.179728,-0.414352,-0.231405,0.204836,-0.425122,-0.167181,0.235808,-0.422046,-0.226963
2026-07-16 16:32:13.761,110.399895,0.000000,0.000000,0.000000,0.308926,-0.393620,-0.257992,0.111861,-0.368421,-0.257823,0.210393,-0.381020,-0.257908,0.179682,-0.413320,-0.231175,0.204581,-0.425066,-0.167071,0.235886,-0.420528,-0.226713
2026-07-16 16:32:13.861,110.499895,0.000000,0.000000,0.000000,0.308833,-0.391555,-0.257531,0.111609,-0.368387,-0.257355,0.210221,-0.379971,-0.257443,0.179589,-0.411255,-0.230713,0.204697,-0.422025,-0.166489,0.235793,-0.418463,-0.226252
2026-07-16 16:32:13.961,110.599895,0.000000,0.000000,0.000000,0.308602,-0.386393,-0.256378,0.111378,-0.363225,-0.256202,0.209990,-0.374809,-0.256290,0.179358,-0.406093,-0.229560,0.204466,-0.416863,-0.165336,0.235438,-0.413787,-0.225118
2026-07-16 16:32:14.061,110.699894,0.000000,0.000000,0.000000,0.309116,-0.389568,-0.257304,0.111642,-0.366339,-0.257128,0.210379,-0.377954,-0.257216,0.179543,-0.410222,-0.230483,0.204452,-0.422017,-0.165568,0.235623,-0.417916,-0.226041
2026-07-16 16:32:14.161,110.799894,0.000000,0.000000,0.000000,0.308844,-0.391606,-0.256665,0.111689,-0.367372,-0.257359,0.210267,-0.379489,-0.257012,0.179589,-0.411255,-0.230713,0.204603,-0.422562,-0.165738,0.235918,-0.417977,-0.226233
2026-07-16 16:32:14.261,110.899894,0.000000,0.000000,0.000000,0.308833,-0.391555,-0.257531,0.111689,-0.367372,-0.257359,0.210261,-0.379463,-0.257445,0.179589,-0.411255,-0.230713,0.204718,-0.422122,-0.164866,0.235918,-0.417977,-0.226233
2026-07-16 16:32:14.361,110.999894,0.000000,0.000000,0.000000,0.308718,-0.388974,-0.256954,0.111573,-0.364791,-0.256782,0.210145,-0.376882,-0.256868,0.180264,-0.408865,-0.230158,0.204612,-0.419589,-0.163478,0.235802,-0.415396,-0.225656
2026-07-16 16:32:14.461,111.099894,0.000000,0.000000,0.000000,0.308695,-0.388458,-0.256839,0.111550,-0.364274,-0.256667,0.210122,-0.376366,-0.256753,0.180240,-0.408349,-0.230043,0.204390,-0.420097,-0.162676,0.235779,-0.414880,-0.225541
2026-07-16 16:32:14.561,111.199894,0.000000,0.000000,0.000000,0.308844,-0.391606,-0.256665,0.111689,-0.367372,-0.257359,0.210267,-0.379489,-0.257012,0.180379,-0.411446,-0.230735,0.204540,-0.423243,-0.162558,0.235918,-0.417977,-0.226233
2026-07-16 16:32:14.661,111.299894,0.000000,0.000000,0.000000,0.309065,-0.396717,-0.258684,0.111920,-0.372534,-0.258512,0.210493,-0.384625,-0.258598,0.180611,-0.416608,-0.231888,0.204781,-0.428453,-0.162900,0.236149,-0.423139,-0.227386
2026-07-16 16:32:14.761,111.399894,0.000000,0.000000,0.000000,0.308741,-0.389490,-0.257070,0.111676,-0.364292,-0.256901,0.210208,-0.376891,-0.256985,0.180297,-0.409429,-0.229461,0.204468,-0.421275,-0.160475,0.235825,-0.415912,-0.225772
2026-07-16 16:32:14.861,111.499894,0.000000,0.000000,0.000000,0.308926,-0.393620,-0.257992,0.111781,-0.369436,-0.257820,0.210354,-0.381528,-0.257906,0.181272,-0.413750,-0.230405,0.203678,-0.426286,-0.159886,0.236010,-0.420042,-0.226694
2026-07-16 16:32:14.961,111.599894,0.000000,0.000000,0.000000,0.308844,-0.391606,-0.256665,0.111689,-0.367372,-0.257359,0.210267,-0.379489,-0.257012,0.181180,-0.411685,-0.229943,0.203585,-0.424222,-0.159425,0.236166,-0.417006,-0.226195
2026-07-16 16:32:15.061,111.699893,0.000000,0.000000,0.000000,0.308844,-0.391606,-0.256665,0.111689,-0.367372,-0.257359,0.210267,-0.379489,-0.257012,0.181180,-0.411685,-0.229943,0.203595,-0.424270,-0.158615,0.235928,-0.418026,-0.225413
2026-07-16 16:32:15.161,111.799893,0.000000,0.000000,0.000000,0.308891,-0.392639,-0.256896,0.111814,-0.367389,-0.257593,0.210353,-0.380014,-0.257244,0.181226,-0.412718,-0.230174,0.203652,-0.425350,-0.158037,0.236223,-0.418087,-0.225604
2026-07-16 16:32:15.261,111.899893,0.000000,0.000000,0.000000,0.308972,-0.394652,-0.258223,0.111828,-0.370469,-0.258050,0.210400,-0.382560,-0.258137,0.181329,-0.414831,-0.229823,0.203164,-0.426249,-0.158345,0.236316,-0.420152,-0.226065
2026-07-16 16:32:15.361,111.999893,0.000000,0.000000,0.000000,0.308787,-0.390522,-0.257300,0.111642,-0.366339,-0.257128,0.210215,-0.378431,-0.257214,0.181144,-0.410701,-0.228900,0.202989,-0.422167,-0.156612,0.236130,-0.416022,-0.225142
2026-07-16 16:32:15.461,112.099893,0.000000,0.000000,0.000000,0.309034,-0.387555,-0.255976,0.111550,-0.364274,-0.256667,0.210292,-0.375915,-0.256321,0.181051,-0.408637,-0.228439,0.203104,-0.419126,-0.156017,0.236038,-0.413957,-0.224681
2026-07-16 16:32:15.561,112.199893,0.000000,0.000000,0.000000,0.308926,-0.393620,-0.257992,0.111940,-0.367406,-0.257827,0.210433,-0.380513,-0.257909,0.181283,-0.413799,-0.229592,0.202546,-0.424097,-0.157149,0.236269,-0.419119,-0.225834
2026-07-16 16:32:15.661,112.299893,0.000000,0.000000,0.000000,0.308648,-0.387425,-0.256608,0.111424,-0.364257,-0.256432,0.210036,-0.375841,-0.256520,0.181005,-0.407604,-0.228208,0.202258,-0.417854,-0.156577,0.235991,-0.412925,-0.224451
2026-07-16 16:32:15.761,112.399893,0.000000,0.000000,0.000000,0.308937,-0.393671,-0.257127,0.111781,-0.369436,-0.257820,0.210359,-0.381554,-0.257473,0.181106,-0.414788,-0.229627,0.202731,-0.423024,-0.158641,0.236269,-0.419119,-0.225834
2026-07-16 16:32:15.861,112.499893,0.000000,0.000000,0.000000,0.308880,-0.392587,-0.257762,0.111814,-0.367389,-0.257593,0.210347,-0.379988,-0.257677,0.181226,-0.412718,-0.230174,0.202253,-0.423848,-0.160293,0.235974,-0.419058,-0.225643
2026-07-16 16:32:15.961,112.599893,0.000000,0.000000,0.000000,0.308284,-0.387399,-0.255510,0.111537,-0.361195,-0.256209,0.209910,-0.374297,-0.255859,0.180158,-0.406332,-0.228769,0.201954,-0.417557,-0.160530,0.235696,-0.412864,-0.224259
2026-07-16 16:32:16.061,112.699893,0.000000,0.000000,0.000000,0.308937,-0.393671,-0.257127,0.111861,-0.368421,-0.257823,0.210399,-0.381046,-0.257475,0.180482,-0.413559,-0.230383,0.202052,-0.425665,-0.163890,0.236021,-0.420091,-0.225874
2026-07-16 16:32:16.161,112.799892,0.000000,0.000000,0.000000,0.308891,-0.392639,-0.256896,0.111735,-0.368404,-0.257589,0.210313,-0.380521,-0.257243,0.180426,-0.412478,-0.230965,0.202387,-0.422533,-0.165845,0.235715,-0.419981,-0.226502
2026-07-16 16:32:16.261,112.899892,0.000000,0.000000,0.000000,0.308423,-0.390496,-0.256202,0.111676,-0.364292,-0.256901,0.210049,-0.377394,-0.256551,0.179486,-0.409142,-0.231065,0.201816,-0.421294,-0.167013,0.235576,-0.416884,-0.225810
2026-07-16 16:32:16.361,112.999892,0.000000,0.000000,0.000000,0.308366,-0.389412,-0.256835,0.111470,-0.365289,-0.256663,0.209918,-0.377351,-0.256749,0.179266,-0.409099,-0.230865,0.201533,-0.421095,-0.169326,0.234734,-0.415659,-0.225558
2026-07-16 16:32:16.461,113.099892,0.000000,0.000000,0.000000,0.308505,-0.392509,-0.257527,0.111689,-0.367372,-0.257359,0.210097,-0.379940,-0.257443,0.178615,-0.412006,-0.231536,0.201857,-0.423118,-0.171521,0.234873,-0.418756,-0.226250
2026-07-16 16:32:16.561,113.199892,0.000000,0.000000,0.000000,0.308412,-0.390444,-0.257066,0.111517,-0.366322,-0.256894,0.209964,-0.378383,-0.256980,0.178523,-0.409941,-0.231075,0.202531,-0.421147,-0.172700,0.235079,-0.418827,-0.225886
2026-07-16 16:32:16.661,113.299892,0.000000,0.000000,0.000000,0.308787,-0.390522,-0.257300,0.111563,-0.367354,-0.257124,0.210175,-0.378938,-0.257212,0.178559,-0.410925,-0.232117,0.202567,-0.422132,-0.173740,0.234331,-0.419667,-0.226096
2026-07-16 16:32:16.761,113.399892,0.000000,0.000000,0.000000,0.308423,-0.390496,-0.256202,0.111596,-0.365307,-0.256897,0.210010,-0.377901,-0.256549,0.178513,-0.409892,-0.231886,0.202304,-0.422029,-0.174427,0.234532,-0.417663,-0.225827
2026-07-16 16:32:16.861,113.499892,0.000000,0.000000,0.000000,0.308562,-0.393593,-0.256894,0.111655,-0.369419,-0.257586,0.210109,-0.381506,-0.257240,0.178651,-0.412990,-0.232578,0.202649,-0.424148,-0.175010,0.234166,-0.422655,-0.227411
2026-07-16 16:32:16.961,113.599892,0.000000,0.000000,0.000000,0.308412,-0.390444,-0.257066,0.111676,-0.364292,-0.256901,0.210044,-0.377368,-0.256983,0.178686,-0.408902,-0.231856,0.203297,-0.421241,-0.174340,0.234285,-0.418635,-0.225865
2026-07-16 16:32:17.061,113.699892,0.000000,0.000000,0.000000,0.308695,-0.388458,-0.256839,0.111550,-0.364274,-0.256667,0.210122,-0.376366,-0.256753,0.178650,-0.407918,-0.230813,0.203251,-0.420209,-0.174109,0.234239,-0.417602,-0.225634
2026-07-16 16:32:17.161,113.799891,0.000000,0.000000,0.000000,0.308926,-0.393620,-0.257992,0.111781,-0.369436,-0.257820,0.210354,-0.381528,-0.257906,0.178881,-0.413080,-0.231966,0.203483,-0.425371,-0.175262,0.234470,-0.422764,-0.226788
2026-07-16 16:32:17.261,113.899891,0.000000,0.000000,0.000000,0.308598,-0.394574,-0.257989,0.111702,-0.370451,-0.257816,0.210150,-0.382513,-0.257902,0.179672,-0.413271,-0.231987,0.204270,-0.425561,-0.175283,0.234718,-0.421792,-0.226749
2026-07-16 16:32:17.361,113.999891,0.000000,0.000000,0.000000,0.308926,-0.393620,-0.257992,0.111702,-0.370451,-0.257816,0.210314,-0.382036,-0.257904,0.179672,-0.413271,-0.231987,0.204488,-0.424632,-0.174364,0.234594,-0.422278,-0.226768
2026-07-16 16:32:17.461,114.099891,0.000000,0.000000,0.000000,0.308922,-0.401801,-0.259603,0.112185,-0.375648,-0.259438,0.210553,-0.388725,-0.259520,0.179996,-0.420498,-0.233602,0.204823,-0.431907,-0.175168,0.235042,-0.429019,-0.228364
2026-07-16 16:32:17.561,114.199891,0.000000,0.000000,0.000000,0.308706,-0.388509,-0.255973,0.111550,-0.364274,-0.256667,0.210128,-0.376392,-0.256320,0.179625,-0.407168,-0.229989,0.205055,-0.419709,-0.172422,0.234486,-0.416631,-0.225596
2026-07-16 16:32:17.661,114.299891,0.000000,0.000000,0.000000,0.308937,-0.393671,-0.257127,0.111781,-0.369436,-0.257820,0.210359,-0.381554,-0.257473,0.180472,-0.413511,-0.231196,0.205297,-0.424919,-0.172765,0.234965,-0.420821,-0.226711
2026-07-16 16:32:17.761,114.399891,0.000000,0.000000,0.000000,0.308798,-0.390574,-0.256435,0.111563,-0.367354,-0.257124,0.210180,-0.378964,-0.256780,0.180333,-0.410414,-0.230504,0.205946,-0.422013,-0.172094,0.234579,-0.418695,-0.226057
2026-07-16 16:32:17.861,114.499891,0.000000,0.000000,0.000000,0.308551,-0.393542,-0.257758,0.111735,-0.368404,-0.257589,0.210143,-0.380973,-0.257674,0.180601,-0.411489,-0.230933,0.206249,-0.423101,-0.172443,0.234919,-0.419788,-0.226480
2026-07-16 16:32:17.961,114.599891,0.000000,0.000000,0.000000,0.309076,-0.396768,-0.257819,0.111920,-0.372534,-0.258512,0.210498,-0.384651,-0.258165,0.180786,-0.415618,-0.231855,0.206445,-0.427279,-0.172554,0.235104,-0.423918,-0.227403
2026-07-16 16:32:18.061,114.699891,0.000000,0.000000,0.000000,0.308798,-0.390574,-0.256435,0.111722,-0.365324,-0.257131,0.210260,-0.377949,-0.256783,0.180508,-0.409424,-0.230471,0.206956,-0.421275,-0.171192,0.234826,-0.417724,-0.226019
2026-07-16 16:32:18.161,114.799891,0.000000,0.000000,0.000000,0.308273,-0.387347,-0.256374,0.111537,-0.361195,-0.256209,0.209905,-0.374271,-0.256291,0.180948,-0.406523,-0.228790,0.207773,-0.416360,-0.170177,0.234888,-0.412622,-0.225058
2026-07-16 16:32:18.261,114.899890,0.000000,0.000000,0.000000,0.309019,-0.395684,-0.258453,0.111874,-0.371501,-0.258281,0.210446,-0.383593,-0.258367,0.181365,-0.415815,-0.230866,0.207977,-0.426628,-0.172366,0.235058,-0.422886,-0.227172
2026-07-16 16:32:18.361,114.999890,0.000000,0.000000,0.000000,0.308891,-0.392639,-0.256896,0.111894,-0.366374,-0.257596,0.210392,-0.379506,-0.257246,0.181216,-0.412669,-0.230987,0.208841,-0.422746,-0.171583,0.234919,-0.419788,-0.226480
2026-07-16 16:32:18.461,115.099890,0.000000,0.000000,0.000000,0.309312,-0.393749,-0.257360,0.111828,-0.370469,-0.258050,0.210570,-0.382109,-0.257705,0.181319,-0.414783,-0.230635,0.208933,-0.424811,-0.172044,0.235011,-0.421853,-0.226942
2026-07-16 16:32:18.561,115.199890,0.000000,0.000000,0.000000,0.308695,-0.388458,-0.256839,0.111550,-0.364274,-0.256667,0.210122,-0.376366,-0.256753,0.181217,-0.407599,-0.229218,0.208442,-0.419592,-0.170773,0.234981,-0.414687,-0.225519
2026-07-16 16:32:18.661,115.299890,0.000000,0.000000,0.000000,0.308798,-0.390574,-0.256435,0.111642,-0.366339,-0.257128,0.210220,-0.378457,-0.256781,0.181923,-0.410844,-0.229734,0.209538,-0.420872,-0.171143,0.234276,-0.416559,-0.225959
2026-07-16 16:32:18.761,115.399890,0.000000,0.000000,0.000000,0.308377,-0.389463,-0.255971,0.111550,-0.364274,-0.256667,0.209963,-0.376869,-0.256319,0.181831,-0.408779,-0.229273,0.209435,-0.418759,-0.171494,0.234184,-0.414494,-0.225498
2026-07-16 16:32:18.861,115.499890,0.000000,0.000000,0.000000,0.308516,-0.392561,-0.256663,0.111689,-0.367372,-0.257359,0.210102,-0.379966,-0.257011,0.181959,-0.411828,-0.230777,0.209574,-0.421856,-0.172186,0.234322,-0.417591,-0.226190
2026-07-16 16:32:18.961,115.599890,0.000000,0.000000,0.000000,0.308798,-0.390574,-0.256435,0.111642,-0.366339,-0.257128,0.210220,-0.378457,-0.256781,0.181923,-0.410844,-0.229734,0.210318,-0.421015,-0.171977,0.234276,-0.416559,-0.225959
2026-07-16 16:32:19.061,115.699890,0.000000,0.000000,0.000000,0.308983,-0.394704,-0.257357,0.111828,-0.370469,-0.258050,0.210405,-0.382586,-0.257704,0.182109,-0.414974,-0.230657,0.210503,-0.425145,-0.172899,0.235259,-0.420881,-0.226903
2026-07-16 16:32:19.161,115.799890,0.000000,0.000000,0.000000,0.308741,-0.389490,-0.257070,0.111596,-0.365307,-0.256897,0.210168,-0.377398,-0.256983,0.182055,-0.408823,-0.229470,0.211062,-0.420174,-0.171767,0.235027,-0.415719,-0.225750
2026-07-16 16:32:19.261,115.899889,0.000000,0.000000,0.000000,0.308459,-0.391477,-0.257297,0.111642,-0.366339,-0.257128,0.210051,-0.378908,-0.257212,0.181913,-0.410796,-0.230547,0.211098,-0.421158,-0.172811,0.235074,-0.416752,-0.225981
2026-07-16 16:32:19.361,115.999889,0.000000,0.000000,0.000000,0.308516,-0.392561,-0.256663,0.111689,-0.367372,-0.257359,0.210102,-0.379966,-0.257011,0.182147,-0.410887,-0.229931,0.211144,-0.422190,-0.173041,0.234322,-0.417591,-0.226190
2026-07-16 16:32:19.461,116.099889,0.000000,0.000000,0.000000,0.308141,-0.392483,-0.256430,0.111642,-0.366339,-0.257128,0.209892,-0.379411,-0.256779,0.182091,-0.409807,-0.230514,0.211670,-0.422324,-0.172943,0.235074,-0.416752,-0.225981
2026-07-16 16:32:19.561,116.199889,0.000000,0.000000,0.000000,0.309019,-0.395684,-0.258453,0.111953,-0.370486,-0.258285,0.210486,-0.383085,-0.258369,0.182322,-0.414969,-0.231667,0.212899,-0.426653,-0.174819,0.235305,-0.421914,-0.227134
2026-07-16 16:32:19.661,116.299889,0.000000,0.000000,0.000000,0.308130,-0.392431,-0.257293,0.111563,-0.367354,-0.257124,0.209846,-0.379893,-0.257209,0.182091,-0.409807,-0.230514,0.212668,-0.421491,-0.173666,0.235074,-0.416752,-0.225981
2026-07-16 16:32:19.761,116.399889,0.000000,0.000000,0.000000,0.308377,-0.389463,-0.255971,0.111550,-0.364274,-0.256667,0.209963,-0.376869,-0.256319,0.181998,-0.407742,-0.230053,0.213355,-0.419569,-0.174039,0.234184,-0.414494,-0.225498
2026-07-16 16:32:19.861,116.499889,0.000000,0.000000,0.000000,0.308412,-0.390444,-0.257066,0.111596,-0.365307,-0.256897,0.210004,-0.377876,-0.256982,0.182045,-0.408774,-0.230284,0.213391,-0.420553,-0.175082,0.234230,-0.415526,-0.225728
2026-07-16 16:32:19.961,116.599889,0.000000,0.000000,0.000000,0.308787,-0.390522,-0.257300,0.111642,-0.366339,-0.257128,0.210215,-0.378431,-0.257214,0.182703,-0.410987,-0.230568,0.214217,-0.421728,-0.176147,0.234276,-0.416559,-0.225959
2026-07-16 16:32:20.061,116.699889,0.000000,0.000000,0.000000,0.308880,-0.392587,-0.257762,0.111735,-0.368404,-0.257589,0.210307,-0.380496,-0.257675,0.182975,-0.412063,-0.230997,0.214299,-0.423745,-0.177420,0.234369,-0.418624,-0.226420
2026-07-16 16:32:20.161,116.799889,0.000000,0.000000,0.000000,0.308423,-0.390496,-0.256202,0.111517,-0.366322,-0.256894,0.209970,-0.378409,-0.256548,0.182657,-0.409954,-0.230338,0.214372,-0.419625,-0.177437,0.234230,-0.415526,-0.225728
2026-07-16 16:32:20.261,116.899889,0.000000,0.000000,0.000000,0.308840,-0.399788,-0.258277,0.111933,-0.375614,-0.258969,0.210387,-0.387701,-0.258623,0.183074,-0.419246,-0.232413,0.215000,-0.427894,-0.180223,0.234647,-0.424818,-0.227804
2026-07-16 16:32:20.361,116.999888,0.000000,0.000000,0.000000,0.308423,-0.390496,-0.256202,0.111676,-0.364292,-0.256901,0.210049,-0.377394,-0.256551,0.182657,-0.409954,-0.230338,0.214794,-0.417579,-0.178860,0.234230,-0.415526,-0.225728
2026-07-16 16:32:20.461,117.099888,0.000000,0.000000,0.000000,0.308655,-0.395658,-0.257355,0.111828,-0.370469,-0.258050,0.210241,-0.383063,-0.257703,0.183067,-0.414128,-0.231458,0.214012,-0.423524,-0.180094,0.234461,-0.420689,-0.226882
2026-07-16 16:32:20.561,117.199888,0.000000,0.000000,0.000000,0.308844,-0.391606,-0.256665,0.111609,-0.368387,-0.257355,0.210227,-0.379996,-0.257010,0.182928,-0.411030,-0.230766,0.213863,-0.420378,-0.180217,0.234322,-0.417591,-0.226190
2026-07-16 16:32:20.661,117.299888,0.000000,0.000000,0.000000,0.308891,-0.392639,-0.256896,0.111814,-0.367389,-0.257593,0.210353,-0.380014,-0.257244,0.182975,-0.412063,-0.230997,0.213106,-0.421170,-0.181241,0.233571,-0.418431,-0.226399
2026-07-16 16:32:20.761,117.399888,0.000000,0.000000,0.000000,0.308829,-0.399736,-0.259142,0.112013,-0.374599,-0.258973,0.210421,-0.387167,-0.259057,0.184044,-0.418449,-0.232402,0.213604,-0.426390,-0.182525,0.233849,-0.424625,-0.227783
2026-07-16 16:32:20.861,117.499888,0.000000,0.000000,0.000000,0.308798,-0.390574,-0.256435,0.111563,-0.367354,-0.257124,0.210180,-0.378964,-0.256780,0.183673,-0.410189,-0.230557,0.212429,-0.417890,-0.181474,0.233479,-0.416366,-0.225937
2026-07-16 16:32:20.961,117.599888,0.000000,0.000000,0.000000,0.308695,-0.388458,-0.256839,0.111550,-0.364274,-0.256667,0.210122,-0.376366,-0.256753,0.183760,-0.407136,-0.230063,0.212119,-0.416801,-0.181112,0.233386,-0.414301,-0.225476
2026-07-16 16:32:21.061,117.699888,0.000000,0.000000,0.000000,0.308377,-0.389463,-0.255971,0.111629,-0.363259,-0.256670,0.210003,-0.376361,-0.256321,0.183760,-0.407136,-0.230063,0.211316,-0.416561,-0.181905,0.233631,-0.413329,-0.225438
2026-07-16 16:32:21.161,117.799888,0.000000,0.000000,0.000000,0.309394,-0.395762,-0.258688,0.111920,-0.372534,-0.258512,0.210657,-0.384148,-0.258600,0.184311,-0.414406,-0.231876,0.211686,-0.424820,-0.183750,0.234247,-0.420616,-0.227244
2026-07-16 16:32:21.261,117.899888,0.000000,0.000000,0.000000,0.308505,-0.392509,-0.257527,0.111768,-0.366357,-0.257362,0.210137,-0.379433,-0.257445,0.184079,-0.409244,-0.230723,0.211445,-0.419609,-0.183412,0.233770,-0.416426,-0.226130
2026-07-16 16:32:21.361,117.999887,0.000000,0.000000,0.000000,0.308798,-0.390574,-0.256435,0.111642,-0.366339,-0.257128,0.210220,-0.378457,-0.256781,0.183853,-0.409201,-0.230525,0.211181,-0.419553,-0.183278,0.233724,-0.415394,-0.225899
2026-07-16 16:32:21.461,118.099887,0.000000,0.000000,0.000000,0.308741,-0.389490,-0.257070,0.111596,-0.365307,-0.256897,0.210168,-0.377398,-0.256983,0.183897,-0.407674,-0.230278,0.211352,-0.417544,-0.182950,0.233923,-0.413389,-0.225630
2026-07-16 16:32:21.561,118.199887,0.000000,0.000000,0.000000,0.308972,-0.394652,-0.258223,0.111828,-0.370469,-0.258050,0.210400,-0.382560,-0.258137,0.184038,-0.413330,-0.231447,0.211584,-0.422707,-0.184104,0.233909,-0.419523,-0.226822
2026-07-16 16:32:21.661,118.299887,0.000000,0.000000,0.000000,0.308798,-0.390574,-0.256435,0.111722,-0.365324,-0.257131,0.210260,-0.377949,-0.256783,0.183853,-0.409201,-0.230525,0.211181,-0.419553,-0.183278,0.233724,-0.415394,-0.225899
2026-07-16 16:32:21.761,118.399887,0.000000,0.000000,0.000000,0.308695,-0.388458,-0.256839,0.111550,-0.364274,-0.256667,0.210122,-0.376366,-0.256753,0.183760,-0.407136,-0.230063,0.211089,-0.417488,-0.182816,0.232833,-0.413136,-0.225416
2026-07-16 16:32:21.861,118.499887,0.000000,0.000000,0.000000,0.308741,-0.389490,-0.257070,0.111596,-0.365307,-0.256897,0.210168,-0.377398,-0.256983,0.183796,-0.408120,-0.231109,0.211125,-0.418472,-0.183861,0.233422,-0.415285,-0.226527
2026-07-16 16:32:21.961,118.599887,0.000000,0.000000,0.000000,0.308880,-0.392587,-0.257762,0.111735,-0.368404,-0.257589,0.210307,-0.380496,-0.257675,0.183143,-0.411025,-0.231779,0.211046,-0.422545,-0.184648,0.233561,-0.418382,-0.227219
2026-07-16 16:32:22.061,118.699887,0.000000,0.000000,0.000000,0.308891,-0.392639,-0.256896,0.111655,-0.369419,-0.257586,0.210273,-0.381029,-0.257241,0.183143,-0.411025,-0.231779,0.211036,-0.422497,-0.185461,0.233806,-0.417410,-0.227182
2026-07-16 16:32:22.161,118.799887,0.000000,0.000000,0.000000,0.308459,-0.391477,-0.257297,0.111642,-0.366339,-0.257128,0.210051,-0.378908,-0.257212,0.182070,-0.409710,-0.232142,0.211515,-0.421599,-0.185115,0.233468,-0.416317,-0.226758
2026-07-16 16:32:22.261,118.899887,0.000000,0.000000,0.000000,0.308551,-0.393542,-0.257758,0.111814,-0.367389,-0.257593,0.210183,-0.380465,-0.257675,0.182163,-0.411775,-0.232603,0.211816,-0.422640,-0.186295,0.233550,-0.418333,-0.228039
2026-07-16 16:32:22.361,118.999887,0.000000,0.000000,0.000000,0.308520,-0.384379,-0.255051,0.111364,-0.360145,-0.255744,0.209942,-0.372262,-0.255397,0.181792,-0.403515,-0.230758,0.211227,-0.415356,-0.184543,0.233180,-0.410074,-0.226194
2026-07-16 16:32:22.461,119.099886,0.000000,0.000000,0.000000,0.308459,-0.391477,-0.257297,0.111563,-0.367354,-0.257124,0.210011,-0.379416,-0.257211,0.182070,-0.409710,-0.232142,0.211277,-0.422478,-0.186830,0.233458,-0.416268,-0.227578
2026-07-16 16:32:22.561,119.199886,0.000000,0.000000,0.000000,0.308470,-0.391528,-0.256432,0.111563,-0.367354,-0.257124,0.210016,-0.379441,-0.256778,0.181279,-0.409518,-0.232120,0.211277,-0.422478,-0.186830,0.234255,-0.416461,-0.227600
2026-07-16 16:32:22.661,119.299886,0.000000,0.000000,0.000000,0.308752,-0.389541,-0.256204,0.111596,-0.365307,-0.256897,0.210174,-0.377424,-0.256551,0.181233,-0.408486,-0.231890,0.211449,-0.420470,-0.186507,0.234209,-0.415429,-0.227369
2026-07-16 16:32:22.761,119.399886,0.000000,0.000000,0.000000,0.308366,-0.389412,-0.256835,0.111629,-0.363259,-0.256670,0.209998,-0.376336,-0.256753,0.181010,-0.408443,-0.231689,0.210396,-0.420223,-0.186348,0.234409,-0.413424,-0.227102
2026-07-16 16:32:22.861,119.499886,0.000000,0.000000,0.000000,0.308833,-0.391555,-0.257531,0.111689,-0.367372,-0.257359,0.210261,-0.379463,-0.257445,0.181149,-0.411540,-0.232381,0.210535,-0.423320,-0.187040,0.234302,-0.417494,-0.227830
2026-07-16 16:32:22.961,119.599886,0.000000,0.000000,0.000000,0.308273,-0.387347,-0.256374,0.111457,-0.362210,-0.256205,0.209865,-0.374778,-0.256290,0.180917,-0.406378,-0.231228,0.210304,-0.418158,-0.185886,0.234070,-0.412332,-0.226677
2026-07-16 16:32:23.061,119.699886,0.000000,0.000000,0.000000,0.308644,-0.395606,-0.258219,0.111828,-0.370469,-0.258050,0.210236,-0.383038,-0.258135,0.181288,-0.414637,-0.233073,0.209886,-0.426227,-0.187710,0.233398,-0.421370,-0.228537
2026-07-16 16:32:23.161,119.799886,0.000000,0.000000,0.000000,0.310010,-0.399037,-0.258303,0.111933,-0.375614,-0.258969,0.210972,-0.387325,-0.258636,0.181650,-0.417778,-0.233965,0.210082,-0.430404,-0.187822,0.233583,-0.425500,-0.229459
2026-07-16 16:32:23.261,119.899886,0.000000,0.000000,0.000000,0.309019,-0.395684,-0.258453,0.111874,-0.371501,-0.258281,0.210446,-0.383593,-0.258367,0.181511,-0.414680,-0.233273,0.209370,-0.426140,-0.187016,0.233689,-0.421430,-0.228731
2026-07-16 16:32:23.361,119.999886,0.000000,0.000000,0.000000,0.308695,-0.388458,-0.256839,0.111550,-0.364274,-0.256667,0.210122,-0.376366,-0.256753,0.181186,-0.407454,-0.231659,0.208256,-0.418722,-0.185380,0.233365,-0.414204,-0.227117
2026-07-16 16:32:23.461,120.099885,0.000000,0.000000,0.000000,0.308891,-0.392639,-0.256896,0.111735,-0.368404,-0.257589,0.210313,-0.380521,-0.257243,0.181372,-0.411583,-0.232582,0.207440,-0.423638,-0.186374,0.233305,-0.419306,-0.228076
2026-07-16 16:32:23.561,120.199885,0.000000,0.000000,0.000000,0.308926,-0.393620,-0.257992,0.111781,-0.369436,-0.257820,0.210354,-0.381528,-0.257906,0.181418,-0.412616,-0.232812,0.207699,-0.423694,-0.186512,0.233597,-0.419366,-0.228270
2026-07-16 16:32:23.661,120.299885,0.000000,0.000000,0.000000,0.309173,-0.390652,-0.256668,0.111689,-0.367372,-0.257359,0.210431,-0.379012,-0.257013,0.181502,-0.409561,-0.232321,0.206817,-0.421438,-0.186029,0.233504,-0.417301,-0.227809
2026-07-16 16:32:23.761,120.399885,0.000000,0.000000,0.000000,0.308880,-0.392587,-0.257762,0.111655,-0.369419,-0.257586,0.210268,-0.381003,-0.257674,0.180580,-0.411392,-0.232560,0.205864,-0.423257,-0.186332,0.233305,-0.419306,-0.228076
2026-07-16 16:32:23.861,120.499885,0.000000,0.000000,0.000000,0.308941,-0.385490,-0.255515,0.111537,-0.361195,-0.256209,0.210239,-0.373342,-0.255862,0.180303,-0.405197,-0.231176,0.205008,-0.415894,-0.184833,0.233027,-0.413111,-0.226692
2026-07-16 16:32:23.961,120.599885,0.000000,0.000000,0.000000,0.308648,-0.387425,-0.256608,0.111503,-0.363242,-0.256436,0.210076,-0.375334,-0.256522,0.180173,-0.407219,-0.231437,0.205054,-0.416927,-0.185064,0.233073,-0.414143,-0.226922
2026-07-16 16:32:24.061,120.699885,0.000000,0.000000,0.000000,0.308551,-0.393542,-0.257758,0.111655,-0.369419,-0.257586,0.210103,-0.381480,-0.257672,0.180405,-0.412382,-0.232590,0.204288,-0.422876,-0.186289,0.233305,-0.419306,-0.228076
2026-07-16 16:32:24.161,120.799885,0.000000,0.000000,0.000000,0.308891,-0.392639,-0.256896,0.111814,-0.367389,-0.257593,0.210353,-0.380014,-0.257244,0.179605,-0.412142,-0.233382,0.204080,-0.423854,-0.186383,0.233060,-0.420278,-0.228112
2026-07-16 16:32:24.261,120.899885,0.000000,0.000000,0.000000,0.308798,-0.390574,-0.256435,0.111642,-0.366339,-0.257128,0.210220,-0.378457,-0.256781,0.179512,-0.410077,-0.232920,0.203408,-0.420621,-0.185807,0.233212,-0.417241,-0.227614
2026-07-16 16:32:24.361,120.999885,0.000000,0.000000,0.000000,0.308695,-0.388458,-0.256839,0.111470,-0.365289,-0.256663,0.210082,-0.376874,-0.256751,0.179245,-0.409003,-0.232488,0.203118,-0.419583,-0.184629,0.233670,-0.416341,-0.227211
2026-07-16 16:32:24.461,121.099885,0.000000,0.000000,0.000000,0.309111,-0.397749,-0.258915,0.111967,-0.373566,-0.258742,0.210539,-0.385658,-0.258829,0.179662,-0.418294,-0.234564,0.203130,-0.430879,-0.186087,0.234087,-0.425632,-0.229286
2026-07-16 16:32:24.561,121.199884,0.000000,0.000000,0.000000,0.308690,-0.396639,-0.258450,0.111874,-0.371501,-0.258281,0.210282,-0.384070,-0.258365,0.179569,-0.416229,-0.234103,0.203255,-0.427884,-0.184722,0.234240,-0.422595,-0.228789
2026-07-16 16:32:24.661,121.299884,0.000000,0.000000,0.000000,0.308880,-0.392587,-0.257762,0.111735,-0.368404,-0.257589,0.210307,-0.380496,-0.257675,0.179615,-0.412190,-0.232569,0.203552,-0.422927,-0.182216,0.234102,-0.419498,-0.228097
2026-07-16 16:32:24.761,121.399884,0.000000,0.000000,0.000000,0.308798,-0.390574,-0.256435,0.111642,-0.366339,-0.257128,0.210220,-0.378457,-0.256781,0.179522,-0.410126,-0.232108,0.204059,-0.422127,-0.180256,0.234019,-0.417482,-0.226817
2026-07-16 16:32:24.861,121.499884,0.000000,0.000000,0.000000,0.308459,-0.391477,-0.257297,0.111563,-0.367354,-0.257124,0.210011,-0.379416,-0.257211,0.180312,-0.410317,-0.232129,0.204079,-0.422223,-0.178638,0.234266,-0.416510,-0.226779
2026-07-16 16:32:24.961,121.599884,0.000000,0.000000,0.000000,0.308690,-0.396639,-0.258450,0.111794,-0.372516,-0.258278,0.210242,-0.384578,-0.258364,0.180554,-0.415527,-0.232470,0.204331,-0.427481,-0.178172,0.235047,-0.422837,-0.227991
2026-07-16 16:32:25.061,121.699884,0.000000,0.000000,0.000000,0.308695,-0.388458,-0.256839,0.111550,-0.364274,-0.256667,0.210122,-0.376366,-0.256753,0.181020,-0.408491,-0.230877,0.205024,-0.419564,-0.174853,0.234723,-0.415610,-0.226377
2026-07-16 16:32:25.161,121.799884,0.000000,0.000000,0.000000,0.308926,-0.393620,-0.257992,0.111861,-0.368421,-0.257823,0.210393,-0.381020,-0.257908,0.181252,-0.413653,-0.232030,0.205067,-0.425800,-0.174495,0.235213,-0.419849,-0.226673
2026-07-16 16:32:25.261,121.899884,0.000000,0.000000,0.000000,0.308752,-0.389541,-0.256204,0.111596,-0.365307,-0.256897,0.210174,-0.377424,-0.256551,0.181867,-0.409763,-0.230316,0.205689,-0.421957,-0.171976,0.235027,-0.415719,-0.225750
2026-07-16 16:32:25.361,121.999884,0.000000,0.000000,0.000000,0.309111,-0.397749,-0.258915,0.111967,-0.373566,-0.258742,0.210539,-0.385658,-0.258829,0.182415,-0.417033,-0.232129,0.206070,-0.430264,-0.173011,0.235398,-0.423979,-0.227595
2026-07-16 16:32:25.461,122.099884,0.000000,0.000000,0.000000,0.309023,-0.387503,-0.256843,0.111470,-0.365289,-0.256663,0.210247,-0.376396,-0.256753,0.181998,-0.407742,-0.230053,0.206450,-0.421211,-0.170148,0.235229,-0.413715,-0.225481
2026-07-16 16:32:25.561,122.199883,0.000000,0.000000,0.000000,0.308891,-0.392639,-0.256896,0.111735,-0.368404,-0.257589,0.210313,-0.380521,-0.257243,0.182975,-0.412063,-0.230997,0.206645,-0.425389,-0.170261,0.235166,-0.418817,-0.226442
2026-07-16 16:32:25.661,122.299883,0.000000,0.000000,0.000000,0.308972,-0.394652,-0.258223,0.111828,-0.370469,-0.258050,0.210400,-0.382560,-0.258137,0.183067,-0.414128,-0.231458,0.206960,-0.426526,-0.169796,0.235506,-0.419910,-0.226865
2026-07-16 16:32:25.761,122.399883,0.000000,0.000000,0.000000,0.308690,-0.396639,-0.258450,0.111953,-0.370486,-0.258285,0.210322,-0.383563,-0.258367,0.183114,-0.415160,-0.231689,0.207219,-0.426582,-0.169911,0.235553,-0.420942,-0.227095
2026-07-16 16:32:25.861,122.499883,0.000000,0.000000,0.000000,0.308783,-0.398704,-0.258911,0.112046,-0.372551,-0.258746,0.210414,-0.385627,-0.258828,0.182415,-0.417033,-0.232129,0.207311,-0.428647,-0.170372,0.235645,-0.423007,-0.227557
2026-07-16 16:32:25.961,122.599883,0.000000,0.000000,0.000000,0.308926,-0.393620,-0.257992,0.111702,-0.370451,-0.257816,0.210314,-0.382036,-0.257904,0.182230,-0.412904,-0.231206,0.207338,-0.423541,-0.169333,0.235460,-0.418877,-0.226634
2026-07-16 16:32:26.061,122.699883,0.000000,0.000000,0.000000,0.308833,-0.391555,-0.257531,0.111689,-0.367372,-0.257359,0.210261,-0.379463,-0.257445,0.182137,-0.410839,-0.230745,0.207033,-0.422453,-0.168988,0.235120,-0.417784,-0.226211
2026-07-16 16:32:26.161,122.799883,0.000000,0.000000,0.000000,0.308752,-0.389541,-0.256204,0.111676,-0.364292,-0.256901,0.210214,-0.376917,-0.256552,0.182045,-0.408774,-0.230284,0.206517,-0.422340,-0.168760,0.235027,-0.415719,-0.225750
2026-07-16 16:32:26.261,122.899883,0.000000,0.000000,0.000000,0.308598,-0.394574,-0.257989,0.111781,-0.369436,-0.257820,0.210189,-0.382005,-0.257904,0.182230,-0.412904,-0.231206,0.206914,-0.425493,-0.169566,0.235213,-0.419849,-0.226673
2026-07-16 16:32:26.361,122.999883,0.000000,0.000000,0.000000,0.309158,-0.398782,-0.259145,0.112013,-0.374599,-0.258973,0.210585,-0.386690,-0.259059,0.182461,-0.418066,-0.232359,0.207145,-0.430655,-0.170719,0.235444,-0.425011,-0.227826
2026-07-16 16:32:26.461,123.099883,0.000000,0.000000,0.000000,0.308695,-0.388458,-0.256839,0.111550,-0.364274,-0.256667,0.210122,-0.376366,-0.256753,0.181998,-0.407742,-0.230053,0.206894,-0.419355,-0.168296,0.234981,-0.414687,-0.225519
2026-07-16 16:32:26.561,123.199883,0.000000,0.000000,0.000000,0.308598,-0.394574,-0.257989,0.111781,-0.369436,-0.257820,0.210189,-0.382005,-0.257904,0.182230,-0.412904,-0.231206,0.206914,-0.425493,-0.169566,0.235213,-0.419849,-0.226673
2026-07-16 16:32:26.661,123.299882,0.000000,0.000000,0.000000,0.308470,-0.391528,-0.256432,0.111722,-0.365324,-0.257131,0.210096,-0.378426,-0.256782,0.182091,-0.409807,-0.230514,0.205977,-0.422157,-0.169663,0.235074,-0.416752,-0.225981
2026-07-16 16:32:26.761,123.399882,0.000000,0.000000,0.000000,0.309019,-0.395684,-0.258453,0.111874,-0.371501,-0.258281,0.210446,-0.383593,-0.258367,0.181355,-0.415767,-0.231679,0.206419,-0.426343,-0.170701,0.235305,-0.421914,-0.227134
2026-07-16 16:32:26.861,123.499882,0.000000,0.000000,0.000000,0.308794,-0.398755,-0.258047,0.111967,-0.373566,-0.258742,0.210380,-0.386161,-0.258394,0.181447,-0.417831,-0.232140,0.206301,-0.429384,-0.171277,0.236195,-0.424172,-0.227617
2026-07-16 16:32:26.961,123.599882,0.000000,0.000000,0.000000,0.308926,-0.393620,-0.257992,0.111781,-0.369436,-0.257820,0.210354,-0.381528,-0.257906,0.181262,-0.413702,-0.231217,0.205905,-0.426231,-0.170470,0.235213,-0.419849,-0.226673
2026-07-16 16:32:27.061,123.699882,0.000000,0.000000,0.000000,0.308787,-0.390522,-0.257300,0.111722,-0.365324,-0.257131,0.210255,-0.377923,-0.257216,0.181123,-0.410605,-0.230525,0.205766,-0.423134,-0.169778,0.235623,-0.417916,-0.226041
2026-07-16 16:32:27.161,123.799882,0.000000,0.000000,0.000000,0.309208,-0.391633,-0.257765,0.111735,-0.368404,-0.257589,0.210472,-0.380018,-0.257677,0.181216,-0.412669,-0.230987,0.205072,-0.425008,-0.170218,0.235964,-0.419010,-0.226463
2026-07-16 16:32:27.261,123.899882,0.000000,0.000000,0.000000,0.308891,-0.392639,-0.256896,0.111735,-0.368404,-0.257589,0.210313,-0.380521,-0.257243,0.181216,-0.412669,-0.230987,0.205072,-0.425008,-0.170218,0.235964,-0.419010,-0.226463
2026-07-16 16:32:27.361,123.999882,0.000000,0.000000,0.000000,0.309122,-0.397801,-0.258049,0.112046,-0.372551,-0.258746,0.210584,-0.385176,-0.258397,0.180657,-0.417640,-0.232118,0.205303,-0.430170,-0.171372,0.235398,-0.423979,-0.227595
2026-07-16 16:32:27.461,124.099882,0.000000,0.000000,0.000000,0.308366,-0.389412,-0.256835,0.111550,-0.364274,-0.256667,0.209958,-0.376843,-0.256751,0.180240,-0.408349,-0.230043,0.204886,-0.420879,-0.169296,0.235779,-0.414880,-0.225541
2026-07-16 16:32:27.561,124.199882,0.000000,0.000000,0.000000,0.308678,-0.396174,-0.257470,0.111771,-0.372000,-0.258162,0.210225,-0.384087,-0.257816,0.180541,-0.415059,-0.231542,0.205187,-0.427589,-0.170795,0.236080,-0.421591,-0.227040
2026-07-16 16:32:27.661,124.299881,0.000000,0.000000,0.000000,0.308798,-0.390574,-0.256435,0.111563,-0.367354,-0.257124,0.210180,-0.378964,-0.256780,0.180333,-0.410414,-0.230504,0.204979,-0.422943,-0.169757,0.235871,-0.416945,-0.226002
2026-07-16 16:32:27.761,124.399881,0.000000,0.000000,0.000000,0.308833,-0.391555,-0.257531,0.111609,-0.368387,-0.257355,0.210221,-0.379971,-0.257443,0.180379,-0.411446,-0.230735,0.205235,-0.422999,-0.169872,0.235918,-0.417977,-0.226233
2026-07-16 16:32:27.861,124.499881,0.000000,0.000000,0.000000,0.308459,-0.391477,-0.257297,0.111722,-0.365324,-0.257131,0.210090,-0.378401,-0.257214,0.180333,-0.410414,-0.230504,0.204401,-0.421776,-0.169620,0.235871,-0.416945,-0.226002
2026-07-16 16:32:27.961,124.599881,0.000000,0.000000,0.000000,0.308516,-0.392561,-0.256663,0.111609,-0.368387,-0.257355,0.210063,-0.380474,-0.257009,0.180379,-0.411446,-0.230735,0.204447,-0.422809,-0.169851,0.235918,-0.417977,-0.226233
2026-07-16 16:32:28.061,124.699881,0.000000,0.000000,0.000000,0.308516,-0.392561,-0.256663,0.111768,-0.366357,-0.257362,0.210142,-0.379459,-0.257012,0.180379,-0.411446,-0.230735,0.204447,-0.422809,-0.169851,0.235918,-0.417977,-0.226233
2026-07-16 16:32:28.161,124.799881,0.000000,0.000000,0.000000,0.308273,-0.387347,-0.256374,0.111457,-0.362210,-0.256205,0.209865,-0.374778,-0.256290,0.180148,-0.406284,-0.229581,0.204007,-0.418623,-0.168813,0.235686,-0.412815,-0.225080
2026-07-16 16:32:28.261,124.899881,0.000000,0.000000,0.000000,0.308412,-0.390444,-0.257066,0.111517,-0.366322,-0.256894,0.209964,-0.378383,-0.256980,0.180287,-0.409381,-0.230273,0.204250,-0.421232,-0.169447,0.235825,-0.415912,-0.225772
2026-07-16 16:32:28.361,124.999881,0.000000,0.000000,0.000000,0.309444,-0.386596,-0.256401,0.111378,-0.363225,-0.256202,0.210411,-0.374910,-0.256301,0.180148,-0.406284,-0.229581,0.204007,-0.418623,-0.168813,0.235686,-0.412815,-0.225080
2026-07-16 16:32:28.461,125.099881,0.000000,0.000000,0.000000,0.308706,-0.388509,-0.255973,0.111550,-0.364274,-0.256667,0.210128,-0.376392,-0.256320,0.180240,-0.408349,-0.230043,0.204100,-0.420688,-0.169275,0.235779,-0.414880,-0.225541
2026-07-16 16:32:28.561,125.199881,0.000000,0.000000,0.000000,0.308752,-0.389541,-0.256204,0.111596,-0.365307,-0.256897,0.210174,-0.377424,-0.256551,0.180287,-0.409381,-0.230273,0.204156,-0.421769,-0.168696,0.235825,-0.415912,-0.225772
2026-07-16 16:32:28.661,125.299881,0.000000,0.000000,0.000000,0.309440,-0.396795,-0.258918,0.111967,-0.373566,-0.258742,0.210703,-0.385180,-0.258830,0.180657,-0.417640,-0.232118,0.204735,-0.429051,-0.170424,0.236195,-0.424172,-0.227617
2026-07-16 16:32:28.761,125.399880,0.000000,0.000000,0.000000,0.308787,-0.390522,-0.257300,0.111801,-0.364309,-0.257135,0.210294,-0.377416,-0.257218,0.180333,-0.410414,-0.230504,0.204411,-0.421825,-0.168810,0.235871,-0.416945,-0.226002
2026-07-16 16:32:28.861,125.499880,0.000000,0.000000,0.000000,0.308602,-0.386393,-0.256378,0.111537,-0.361195,-0.256209,0.210069,-0.373794,-0.256293,0.180148,-0.406284,-0.229581,0.204226,-0.417695,-0.167887,0.235438,-0.413787,-0.225118
2026-07-16 16:32:28.961,125.599880,0.000000,0.000000,0.000000,0.308412,-0.390444,-0.257066,0.111596,-0.365307,-0.256897,0.210004,-0.377876,-0.256982,0.180287,-0.409381,-0.230273,0.204365,-0.420792,-0.168579,0.235027,-0.415719,-0.225750
2026-07-16 16:32:29.061,125.699880,0.000000,0.000000,0.000000,0.308787,-0.390522,-0.257300,0.111642,-0.366339,-0.257128,0.210215,-0.378431,-0.257214,0.180333,-0.410414,-0.230504,0.204411,-0.421825,-0.168810,0.235871,-0.416945,-0.226002
2026-07-16 16:32:29.161,125.799880,0.000000,0.000000,0.000000,0.308787,-0.390522,-0.257300,0.111642,-0.366339,-0.257128,0.210215,-0.378431,-0.257214,0.180333,-0.410414,-0.230504,0.204202,-0.422801,-0.168927,0.235871,-0.416945,-0.226002
2026-07-16 16:32:29.261,125.899880,0.000000,0.000000,0.000000,0.308377,-0.389463,-0.255971,0.111550,-0.364274,-0.256667,0.209963,-0.376869,-0.256319,0.180240,-0.408349,-0.230043,0.204110,-0.420736,-0.168465,0.235779,-0.414880,-0.225541
2026-07-16 16:32:29.361,125.999880,0.000000,0.000000,0.000000,0.308787,-0.390522,-0.257300,0.111642,-0.366339,-0.257128,0.210215,-0.378431,-0.257214,0.180333,-0.410414,-0.230504,0.204202,-0.422801,-0.168927,0.235871,-0.416945,-0.226002
2026-07-16 16:32:29.461,126.099880,0.000000,0.000000,0.000000,0.308598,-0.394574,-0.257989,0.111702,-0.370451,-0.257816,0.210150,-0.382513,-0.257902,0.180472,-0.413511,-0.231196,0.203762,-0.424731,-0.169480,0.236010,-0.420042,-0.226694
2026-07-16 16:32:29.561,126.199880,0.000000,0.000000,0.000000,0.308470,-0.391528,-0.256432,0.111722,-0.365324,-0.257131,0.210096,-0.378426,-0.256782,0.180333,-0.410414,-0.230504,0.203831,-0.420657,-0.168672,0.235871,-0.416945,-0.226002
2026-07-16 16:32:29.661,126.299880,0.000000,0.000000,0.000000,0.308366,-0.389412,-0.256835,0.111550,-0.364274,-0.256667,0.209958,-0.376843,-0.256751,0.180240,-0.408349,-0.230043,0.203531,-0.419569,-0.168327,0.235779,-0.414880,-0.225541
2026-07-16 16:32:29.761,126.399879,0.000000,0.000000,0.000000,0.308833,-0.391555,-0.257531,0.111689,-0.367372,-0.257359,0.210261,-0.379463,-0.257445,0.180379,-0.411446,-0.230735,0.203877,-0.421689,-0.168903,0.235918,-0.417977,-0.226233
2026-07-16 16:32:29.861,126.499879,0.000000,0.000000,0.000000,0.308176,-0.393464,-0.257524,0.111609,-0.368387,-0.257355,0.209893,-0.380925,-0.257439,0.180379,-0.411446,-0.230735,0.203670,-0.422666,-0.169019,0.235918,-0.417977,-0.226233
2026-07-16 16:32:29.961,126.599879,0.000000,0.000000,0.000000,0.309019,-0.395684,-0.258453,0.111953,-0.370486,-0.258285,0.210486,-0.383085,-0.258369,0.180565,-0.415576,-0.231657,0.203855,-0.426796,-0.169942,0.236103,-0.422107,-0.227155
2026-07-16 16:32:30.061,126.699879,0.000000,0.000000,0.000000,0.307910,-0.389338,-0.256181,0.111596,-0.365307,-0.256897,0.209753,-0.377322,-0.256539,0.180287,-0.409381,-0.230273,0.203785,-0.419624,-0.168441,0.235825,-0.415912,-0.225772
2026-07-16 16:32:30.161,126.799879,0.000000,0.000000,0.000000,0.308741,-0.389490,-0.257070,0.111517,-0.366322,-0.256894,0.210129,-0.377906,-0.256982,0.180287,-0.409381,-0.230273,0.203785,-0.419624,-0.168441,0.235825,-0.415912,-0.225772
2026-07-16 16:32:30.261,126.899879,0.000000,0.000000,0.000000,0.309030,-0.395736,-0.257588,0.111794,-0.372516,-0.258278,0.210412,-0.384126,-0.257933,0.180565,-0.415576,-0.231657,0.204062,-0.425819,-0.169825,0.236103,-0.422107,-0.227155
2026-07-16 16:32:30.361,126.999879,0.000000,0.000000,0.000000,0.308701,-0.396690,-0.257585,0.111874,-0.371501,-0.258281,0.210288,-0.384096,-0.257933,0.180565,-0.415576,-0.231657,0.203855,-0.426796,-0.169942,0.236103,-0.422107,-0.227155
2026-07-16 16:32:30.461,127.099879,0.000000,0.000000,0.000000,0.308926,-0.393620,-0.257992,0.111781,-0.369436,-0.257820,0.210354,-0.381528,-0.257906,0.180472,-0.413511,-0.231196,0.203970,-0.423754,-0.169364,0.236010,-0.420042,-0.226694
2026-07-16 16:32:30.561,127.199879,0.000000,0.000000,0.000000,0.309116,-0.389568,-0.257304,0.111801,-0.364309,-0.257135,0.210459,-0.376939,-0.257219,0.180333,-0.410414,-0.230504,0.203623,-0.421634,-0.168789,0.235871,-0.416945,-0.226002
2026-07-16 16:32:30.661,127.299879,0.000000,0.000000,0.000000,0.308926,-0.393620,-0.257992,0.111781,-0.369436,-0.257820,0.210354,-0.381528,-0.257906,0.180472,-0.413511,-0.231196,0.203762,-0.424731,-0.169480,0.235762,-0.421013,-0.226732
2026-07-16 16:32:30.761,127.399879,0.000000,0.000000,0.000000,0.308377,-0.389463,-0.255971,0.111550,-0.364274,-0.256667,0.209963,-0.376869,-0.256319,0.180240,-0.408349,-0.230043,0.203531,-0.419569,-0.168327,0.235779,-0.414880,-0.225541
2026-07-16 16:32:30.861,127.499878,0.000000,0.000000,0.000000,0.308516,-0.392561,-0.256663,0.111768,-0.366357,-0.257362,0.210142,-0.379459,-0.257012,0.180379,-0.411446,-0.230735,0.203670,-0.422666,-0.169019,0.235669,-0.418949,-0.226271
2026-07-16 16:32:30.961,127.599878,0.000000,0.000000,0.000000,0.308423,-0.390496,-0.256202,0.111596,-0.365307,-0.256897,0.210010,-0.377901,-0.256549,0.180287,-0.409381,-0.230273,0.203369,-0.421578,-0.168675,0.235701,-0.416398,-0.225791
2026-07-16 16:32:31.061,127.699878,0.000000,0.000000,0.000000,0.309019,-0.395684,-0.258453,0.111874,-0.371501,-0.258281,0.210446,-0.383593,-0.258367,0.179774,-0.415384,-0.231636,0.204062,-0.425819,-0.169825,0.235854,-0.423078,-0.227194
2026-07-16 16:32:31.161,127.799878,0.000000,0.000000,0.000000,0.308706,-0.388509,-0.255973,0.111629,-0.363259,-0.256670,0.210167,-0.375884,-0.256322,0.179450,-0.408158,-0.230021,0.203531,-0.419569,-0.168327,0.235530,-0.415851,-0.225579
2026-07-16 16:32:31.261,127.899878,0.000000,0.000000,0.000000,0.308926,-0.393620,-0.257992,0.111781,-0.369436,-0.257820,0.210354,-0.381528,-0.257906,0.180472,-0.413511,-0.231196,0.203970,-0.423754,-0.169364,0.235762,-0.421013,-0.226732
2026-07-16 16:32:31.361,127.999878,0.000000,0.000000,0.000000,0.308551,-0.393542,-0.257758,0.111735,-0.368404,-0.257589,0.210143,-0.380973,-0.257674,0.179635,-0.412287,-0.230944,0.204504,-0.423889,-0.169271,0.235715,-0.419981,-0.226502
2026-07-16 16:32:31.461,128.099878,0.000000,0.000000,0.000000,0.308598,-0.394574,-0.257989,0.111861,-0.368421,-0.257823,0.210229,-0.381498,-0.257906,0.179672,-0.413271,-0.231987,0.203762,-0.424731,-0.169480,0.236010,-0.420042,-0.226694
2026-07-16 16:32:31.561,128.199878,0.000000,0.000000,0.000000,0.309023,-0.387503,-0.256843,0.111550,-0.364274,-0.256667,0.210286,-0.375889,-0.256755,0.179440,-0.408109,-0.230834,0.204319,-0.419760,-0.168349,0.235779,-0.414880,-0.225541
2026-07-16 16:32:31.661,128.299878,0.000000,0.000000,0.000000,0.308505,-0.392509,-0.257527,0.111768,-0.366357,-0.257362,0.210137,-0.379433,-0.257445,0.179579,-0.411206,-0.231526,0.203877,-0.421689,-0.168903,0.235669,-0.418949,-0.226271
2026-07-16 16:32:31.761,128.399878,0.000000,0.000000,0.000000,0.308459,-0.391477,-0.257297,0.111642,-0.366339,-0.257128,0.210051,-0.378908,-0.257212,0.179533,-0.410174,-0.231295,0.203831,-0.420657,-0.168672,0.235623,-0.417916,-0.226041
2026-07-16 16:32:31.861,128.499877,0.000000,0.000000,0.000000,0.308459,-0.391477,-0.257297,0.111642,-0.366339,-0.257128,0.210051,-0.378908,-0.257212,0.179543,-0.410222,-0.230483,0.203831,-0.420657,-0.168672,0.235374,-0.418888,-0.226079
2026-07-16 16:32:31.961,128.599877,0.000000,0.000000,0.000000,0.308505,-0.392509,-0.257527,0.111768,-0.366357,-0.257362,0.210137,-0.379433,-0.257445,0.179579,-0.411206,-0.231526,0.203670,-0.422666,-0.169019,0.235669,-0.418949,-0.226271
2026-07-16 16:32:32.061,128.699877,0.000000,0.000000,0.000000,0.308690,-0.396639,-0.258450,0.111874,-0.371501,-0.258281,0.210282,-0.384070,-0.258365,0.179764,-0.415336,-0.232448,0.203855,-0.426796,-0.169942,0.235854,-0.423078,-0.227194
2026-07-16 16:32:32.161,128.799877,0.000000,0.000000,0.000000,0.308695,-0.388458,-0.256839,0.111629,-0.363259,-0.256670,0.210162,-0.375859,-0.256755,0.179440,-0.408109,-0.230834,0.203738,-0.418592,-0.168211,0.235654,-0.415366,-0.225560
2026-07-16 16:32:32.261,128.899877,0.000000,0.000000,0.000000,0.308551,-0.393542,-0.257758,0.111655,-0.369419,-0.257586,0.210103,-0.381480,-0.257672,0.179635,-0.412287,-0.230944,0.203924,-0.422722,-0.169133,0.235715,-0.419981,-0.226502
2026-07-16 16:32:32.361,128.999877,0.000000,0.000000,0.000000,0.308926,-0.393620,-0.257992,0.111781,-0.369436,-0.257820,0.210354,-0.381528,-0.257906,0.179672,-0.413271,-0.231987,0.203970,-0.423754,-0.169364,0.235762,-0.421013,-0.226732
2026-07-16 16:32:32.461,129.099877,0.000000,0.000000,0.000000,0.308926,-0.393620,-0.257992,0.111781,-0.369436,-0.257820,0.210354,-0.381528,-0.257906,0.179672,-0.413271,-0.231987,0.203970,-0.423754,-0.169364,0.235762,-0.421013,-0.226732
2026-07-16 16:32:32.561,129.199877,0.000000,0.000000,0.000000,0.309019,-0.395684,-0.258453,0.111794,-0.372516,-0.258278,0.210407,-0.384100,-0.258366,0.179764,-0.415336,-0.232448,0.203865,-0.426844,-0.169131,0.235854,-0.423078,-0.227194
2026-07-16 16:32:32.661,129.299877,0.000000,0.000000,0.000000,0.308366,-0.389412,-0.256835,0.111629,-0.363259,-0.256670,0.209998,-0.376336,-0.256753,0.179450,-0.408158,-0.230021,0.203956,-0.417663,-0.167281,0.235779,-0.414880,-0.225541
2026-07-16 16:32:32.761,129.399877,0.000000,0.000000,0.000000,0.308695,-0.388458,-0.256839,0.111550,-0.364274,-0.256667,0.210122,-0.376366,-0.256753,0.179440,-0.408109,-0.230834,0.203541,-0.419617,-0.167517,0.235530,-0.415851,-0.225579
2026-07-16 16:32:32.861,129.499876,0.000000,0.000000,0.000000,0.308609,-0.394625,-0.257124,0.111861,-0.368421,-0.257823,0.210235,-0.381523,-0.257474,0.179682,-0.413320,-0.231175,0.203980,-0.423802,-0.168552,0.236010,-0.420042,-0.226694
2026-07-16 16:32:32.961,129.599876,0.000000,0.000000,0.000000,0.308609,-0.394625,-0.257124,0.111781,-0.369436,-0.257820,0.210195,-0.382031,-0.257472,0.179682,-0.413320,-0.231175,0.203990,-0.423851,-0.167741,0.235762,-0.421013,-0.226732
2026-07-16 16:32:33.061,129.699876,0.000000,0.000000,0.000000,0.308752,-0.389541,-0.256204,0.111517,-0.366322,-0.256894,0.210134,-0.377932,-0.256549,0.179497,-0.409190,-0.230252,0.203805,-0.419721,-0.166818,0.235576,-0.416884,-0.225810
2026-07-16 16:32:33.161,129.799876,0.000000,0.000000,0.000000,0.308690,-0.396639,-0.258450,0.112033,-0.369471,-0.258288,0.210362,-0.383055,-0.258369,0.179774,-0.415384,-0.231636,0.204872,-0.426106,-0.168223,0.235854,-0.423078,-0.227194
2026-07-16 16:32:33.261,129.899876,0.000000,0.000000,0.000000,0.308926,-0.393620,-0.257992,0.111861,-0.368421,-0.257823,0.210393,-0.381020,-0.257908,0.179672,-0.413271,-0.231987,0.203990,-0.423851,-0.167741,0.235762,-0.421013,-0.226732
2026-07-16 16:32:33.361,129.999876,0.000000,0.000000,0.000000,0.308459,-0.391477,-0.257297,0.111642,-0.366339,-0.257128,0.210051,-0.378908,-0.257212,0.179543,-0.410222,-0.230483,0.203644,-0.421730,-0.167168,0.235623,-0.417916,-0.226041
2026-07-16 16:32:33.461,130.099876,0.000000,0.000000,0.000000,0.308366,-0.389412,-0.256835,0.111560,-0.364324,-0.255826,0.209963,-0.376868,-0.256331,0.179450,-0.408158,-0.230021,0.203759,-0.418689,-0.166588,0.235530,-0.415851,-0.225579
2026-07-16 16:32:33.561,130.199876,0.000000,0.000000,0.000000,0.308470,-0.391528,-0.256432,0.111653,-0.366389,-0.256288,0.210061,-0.378959,-0.256360,0.179543,-0.410222,-0.230483,0.203851,-0.420754,-0.167049,0.235623,-0.417916,-0.226041
2026-07-16 16:32:33.661,130.299876,0.000000,0.000000,0.000000,0.308926,-0.393620,-0.257992,0.111861,-0.368421,-0.257823,0.210393,-0.381020,-0.257908,0.179682,-0.413320,-0.231175,0.203990,-0.423851,-0.167741,0.235762,-0.421013,-0.226732
2026-07-16 16:32:33.761,130.399876,0.000000,0.000000,0.000000,0.308926,-0.393620,-0.257992,0.111781,-0.369436,-0.257820,0.210354,-0.381528,-0.257906,0.179682,-0.413320,-0.231175,0.204999,-0.423113,-0.166831,0.235762,-0.421013,-0.226732
2026-07-16 16:32:33.861,130.499876,0.000000,0.000000,0.000000,0.309030,-0.395736,-0.257588,0.111874,-0.371501,-0.258281,0.210452,-0.383619,-0.257934,0.179774,-0.415384,-0.231636,0.204093,-0.425964,-0.167391,0.235854,-0.423078,-0.227194
2026-07-16 16:32:33.961,130.599875,0.000000,0.000000,0.000000,0.308829,-0.399736,-0.259142,0.112092,-0.373584,-0.258976,0.210461,-0.386660,-0.259059,0.179913,-0.418482,-0.232328,0.205021,-0.429252,-0.168104,0.235993,-0.426175,-0.227886
2026-07-16 16:32:34.061,130.699875,0.000000,0.000000,0.000000,0.308598,-0.394574,-0.257989,0.111861,-0.368421,-0.257823,0.210229,-0.381498,-0.257906,0.179682,-0.413320,-0.231175,0.205009,-0.423162,-0.166018,0.235762,-0.421013,-0.226732
2026-07-16 16:32:34.161,130.799875,0.000000,0.000000,0.000000,0.308891,-0.392639,-0.256896,0.111735,-0.368404,-0.257589,0.210313,-0.380521,-0.257243,0.180426,-0.412478,-0.230965,0.204555,-0.424131,-0.165219,0.235964,-0.419010,-0.226463
2026-07-16 16:32:34.261,130.899875,0.000000,0.000000,0.000000,0.308983,-0.394704,-0.257357,0.111828,-0.370469,-0.258050,0.210405,-0.382586,-0.257704,0.180518,-0.414543,-0.231427,0.205065,-0.424243,-0.165436,0.236057,-0.421074,-0.226925
2026-07-16 16:32:34.361,130.999875,0.000000,0.000000,0.000000,0.308706,-0.388509,-0.255973,0.111550,-0.364274,-0.256667,0.210128,-0.376392,-0.256320,0.180240,-0.408349,-0.230043,0.204380,-0.420049,-0.163486,0.235779,-0.414880,-0.225541
2026-07-16 16:32:34.461,131.099875,0.000000,0.000000,0.000000,0.308505,-0.392509,-0.257527,0.111689,-0.367372,-0.257359,0.210097,-0.379940,-0.257443,0.180379,-0.411446,-0.230735,0.204529,-0.423195,-0.163368,0.235918,-0.417977,-0.226233
2026-07-16 16:32:34.561,131.199875,0.000000,0.000000,0.000000,0.308459,-0.391477,-0.257297,0.111642,-0.366339,-0.257128,0.210051,-0.378908,-0.257212,0.180333,-0.410414,-0.230504,0.204493,-0.422210,-0.162327,0.235871,-0.416945,-0.226002
2026-07-16 16:32:34.661,131.299875,0.000000,0.000000,0.000000,0.308787,-0.390522,-0.257300,0.111642,-0.366339,-0.257128,0.210215,-0.378431,-0.257214,0.180333,-0.410414,-0.230504,0.203508,-0.423045,-0.161622,0.235871,-0.416945,-0.226002
2026-07-16 16:32:34.761,131.399875,0.000000,0.000000,0.000000,0.308752,-0.389541,-0.256204,0.111517,-0.366322,-0.256894,0.210134,-0.377932,-0.256549,0.181087,-0.409620,-0.229482,0.203472,-0.422060,-0.160582,0.235825,-0.415912,-0.225772
2026-07-16 16:32:34.861,131.499875,0.000000,0.000000,0.000000,0.308459,-0.391477,-0.257297,0.111642,-0.366339,-0.257128,0.210051,-0.378908,-0.257212,0.180343,-0.410462,-0.229691,0.203528,-0.423141,-0.160003,0.235871,-0.416945,-0.226002
2026-07-16 16:32:34.961,131.599874,0.000000,0.000000,0.000000,0.309215,-0.399866,-0.258510,0.112059,-0.375631,-0.259204,0.210637,-0.387748,-0.258857,0.181550,-0.419945,-0.231789,0.204742,-0.432671,-0.161291,0.236288,-0.426236,-0.228078
2026-07-16 16:32:35.061,131.699874,0.000000,0.000000,0.000000,0.309208,-0.391633,-0.257765,0.111655,-0.369419,-0.257586,0.210432,-0.380526,-0.257675,0.181226,-0.412718,-0.230174,0.203849,-0.424326,-0.158715,0.235974,-0.419058,-0.225643
2026-07-16 16:32:35.161,131.799874,0.000000,0.000000,0.000000,0.308695,-0.388458,-0.256839,0.111550,-0.364274,-0.256667,0.210122,-0.376366,-0.256753,0.181041,-0.408588,-0.229252,0.203248,-0.422149,-0.158054,0.236038,-0.413957,-0.224681
2026-07-16 16:32:35.261,131.899874,0.000000,0.000000,0.000000,0.308798,-0.390574,-0.256435,0.111722,-0.365324,-0.257131,0.210260,-0.377949,-0.256783,0.181144,-0.410701,-0.228900,0.203871,-0.421821,-0.157377,0.236130,-0.416022,-0.225142
2026-07-16 16:32:35.361,131.999874,0.000000,0.000000,0.000000,0.309069,-0.388535,-0.257073,0.111596,-0.365307,-0.256897,0.210333,-0.376921,-0.256985,0.181097,-0.409669,-0.228670,0.202943,-0.421135,-0.156381,0.236084,-0.414990,-0.224912
2026-07-16 16:32:35.461,132.099874,0.000000,0.000000,0.000000,0.308695,-0.388458,-0.256839,0.111550,-0.364274,-0.256667,0.210122,-0.376366,-0.256753,0.181051,-0.408637,-0.228439,0.203310,-0.418150,-0.155884,0.236038,-0.413957,-0.224681
2026-07-16 16:32:35.561,132.199874,0.000000,0.000000,0.000000,0.309266,-0.392717,-0.257129,0.111781,-0.369436,-0.257820,0.210523,-0.381077,-0.257474,0.181283,-0.413799,-0.229592,0.202340,-0.425074,-0.157282,0.236269,-0.419119,-0.225834
2026-07-16 16:32:35.661,132.299874,0.000000,0.000000,0.000000,0.308695,-0.388458,-0.256839,0.111550,-0.364274,-0.256667,0.210122,-0.376366,-0.256753,0.181051,-0.408637,-0.228439,0.202510,-0.417910,-0.156675,0.235789,-0.414929,-0.224721
2026-07-16 16:32:35.761,132.399874,0.000000,0.000000,0.000000,0.308926,-0.393620,-0.257992,0.111781,-0.369436,-0.257820,0.210354,-0.381528,-0.257906,0.181283,-0.413799,-0.229592,0.202525,-0.424001,-0.158772,0.236269,-0.419119,-0.225834
2026-07-16 16:32:35.861,132.499874,0.000000,0.000000,0.000000,0.308787,-0.390522,-0.257300,0.111722,-0.365324,-0.257131,0.210255,-0.377923,-0.257216,0.181133,-0.410653,-0.229713,0.202171,-0.421832,-0.159021,0.235882,-0.416994,-0.225182
2026-07-16 16:32:35.961,132.599874,0.000000,0.000000,0.000000,0.309030,-0.395736,-0.257588,0.111874,-0.371501,-0.258281,0.210452,-0.383619,-0.257934,0.180575,-0.415624,-0.230845,0.202371,-0.426849,-0.162606,0.236113,-0.422156,-0.226335
2026-07-16 16:32:36.061,132.699873,0.000000,0.000000,0.000000,0.308798,-0.390574,-0.256435,0.111722,-0.365324,-0.257131,0.210260,-0.377949,-0.256783,0.180168,-0.411451,-0.229725,0.202119,-0.421591,-0.163073,0.235882,-0.416994,-0.225182
2026-07-16 16:32:36.161,132.799873,0.000000,0.000000,0.000000,0.308829,-0.399736,-0.259142,0.112013,-0.374599,-0.258973,0.210421,-0.387167,-0.259057,0.180528,-0.419662,-0.232382,0.202264,-0.430731,-0.166661,0.236004,-0.426224,-0.227066
2026-07-16 16:32:36.261,132.899873,0.000000,0.000000,0.000000,0.308798,-0.390574,-0.256435,0.111642,-0.366339,-0.257128,0.210220,-0.378457,-0.256781,0.179543,-0.410222,-0.230483,0.201862,-0.422327,-0.167244,0.235623,-0.417916,-0.226041
2026-07-16 16:32:36.361,132.999873,0.000000,0.000000,0.000000,0.308926,-0.393620,-0.257992,0.111702,-0.370451,-0.257816,0.210314,-0.382036,-0.257904,0.179497,-0.414261,-0.232019,0.201765,-0.426257,-0.170479,0.235513,-0.421985,-0.226771
2026-07-16 16:32:36.461,133.099873,0.000000,0.000000,0.000000,0.308423,-0.390496,-0.256202,0.111596,-0.365307,-0.256897,0.210010,-0.377901,-0.256549,0.178523,-0.409941,-0.231075,0.202552,-0.421244,-0.171081,0.235328,-0.417855,-0.225848
2026-07-16 16:32:36.561,133.199873,0.000000,0.000000,0.000000,0.308551,-0.393542,-0.257758,0.111746,-0.368454,-0.256749,0.210148,-0.380998,-0.257253,0.178662,-0.413038,-0.231767,0.202680,-0.424293,-0.172582,0.234424,-0.421732,-0.226557
2026-07-16 16:32:36.661,133.299873,0.000000,0.000000,0.000000,0.308366,-0.389412,-0.256835,0.111550,-0.364274,-0.256667,0.209958,-0.376843,-0.256751,0.178466,-0.408860,-0.231656,0.202268,-0.421044,-0.173388,0.234239,-0.417602,-0.225634
2026-07-16 16:32:36.761,133.399873,0.000000,0.000000,0.000000,0.309169,-0.398833,-0.258280,0.112013,-0.374599,-0.258973,0.210591,-0.386716,-0.258626,0.178929,-0.419184,-0.233962,0.202721,-0.431320,-0.176503,0.234702,-0.427926,-0.227941
2026-07-16 16:32:36.861,133.499873,0.000000,0.000000,0.000000,0.308130,-0.392431,-0.257293,0.111483,-0.368369,-0.257121,0.209807,-0.380400,-0.257207,0.178559,-0.410925,-0.232117,0.202557,-0.422083,-0.174549,0.234197,-0.420104,-0.226931
2026-07-16 16:32:36.961,133.599873,0.000000,0.000000,0.000000,0.308736,-0.397671,-0.258681,0.111920,-0.372534,-0.258512,0.210328,-0.385103,-0.258596,0.178837,-0.417119,-0.233501,0.203622,-0.428468,-0.175954,0.234599,-0.425813,-0.228296
2026-07-16 16:32:37.061,133.699872,0.000000,0.000000,0.000000,0.309111,-0.397749,-0.258915,0.111967,-0.373566,-0.258742,0.210539,-0.385658,-0.258829,0.178893,-0.418200,-0.232920,0.203668,-0.429501,-0.176185,0.234903,-0.425922,-0.227672
2026-07-16 16:32:37.161,133.799872,0.000000,0.000000,0.000000,0.308787,-0.390522,-0.257300,0.111642,-0.366339,-0.257128,0.210215,-0.378431,-0.257214,0.178742,-0.409983,-0.231274,0.203344,-0.422274,-0.174570,0.234331,-0.419667,-0.226096
2026-07-16 16:32:37.261,133.899872,0.000000,0.000000,0.000000,0.308505,-0.392509,-0.257527,0.111689,-0.367372,-0.257359,0.210097,-0.379940,-0.257443,0.178789,-0.411015,-0.231504,0.204177,-0.423496,-0.174822,0.234625,-0.419728,-0.226288
2026-07-16 16:32:37.361,133.999872,0.000000,0.000000,0.000000,0.308038,-0.390366,-0.256832,0.111629,-0.363259,-0.256670,0.209833,-0.376813,-0.256751,0.179440,-0.408109,-0.230834,0.204048,-0.420447,-0.173321,0.234486,-0.416631,-0.225596
2026-07-16 16:32:37.461,134.099872,0.000000,0.000000,0.000000,0.290240,-0.424352,-0.235908,0.094628,-0.390719,-0.237034,0.192434,-0.407536,-0.236471,0.160891,-0.436546,-0.208993,0.185481,-0.446436,-0.150184,0.215614,-0.446848,-0.203574
2026-07-16 16:32:37.561,134.199872,0.000000,0.000000,0.000000,0.308926,-0.393620,-0.257992,0.111861,-0.368421,-0.257823,0.210393,-0.381020,-0.257908,0.179856,-0.412330,-0.231142,0.205287,-0.424871,-0.173575,0.234965,-0.420821,-0.226711
2026-07-16 16:32:37.661,134.299872,0.000000,0.000000,0.000000,0.308655,-0.395658,-0.257355,0.111748,-0.371484,-0.258047,0.210201,-0.383571,-0.257701,0.179815,-0.413857,-0.231389,0.205133,-0.426928,-0.173108,0.235011,-0.421853,-0.226942
2026-07-16 16:32:37.761,134.399872,0.000000,0.000000,0.000000,0.308829,-0.399736,-0.259142,0.112013,-0.374599,-0.258973,0.210421,-0.387167,-0.259057,0.180703,-0.418673,-0.232349,0.206316,-0.430272,-0.173939,0.235197,-0.425983,-0.227864
2026-07-16 16:32:37.861,134.499872,0.000000,0.000000,0.000000,0.308598,-0.394574,-0.257989,0.111781,-0.369436,-0.257820,0.210189,-0.382005,-0.257904,0.180472,-0.413511,-0.231196,0.206306,-0.424182,-0.171862,0.234718,-0.421792,-0.226749
2026-07-16 16:32:37.961,134.599872,0.000000,0.000000,0.000000,0.308695,-0.388458,-0.256839,0.111470,-0.365289,-0.256663,0.210082,-0.376874,-0.256751,0.180416,-0.407359,-0.230010,0.206864,-0.419210,-0.170731,0.234734,-0.415659,-0.225558
2026-07-16 16:32:38.061,134.699872,0.000000,0.000000,0.000000,0.308470,-0.391528,-0.256432,0.111642,-0.366339,-0.257128,0.210056,-0.378934,-0.256780,0.180508,-0.409424,-0.230471,0.206956,-0.421275,-0.171192,0.234826,-0.417724,-0.226019
2026-07-16 16:32:38.161,134.799871,0.000000,0.000000,0.000000,0.309076,-0.396768,-0.257819,0.111841,-0.373549,-0.258508,0.210458,-0.385159,-0.258163,0.181411,-0.416847,-0.231097,0.208236,-0.426685,-0.172484,0.235104,-0.423918,-0.227403
2026-07-16 16:32:38.261,134.899871,0.000000,0.000000,0.000000,0.308551,-0.393542,-0.257758,0.111735,-0.368404,-0.257589,0.210143,-0.380973,-0.257674,0.181403,-0.411729,-0.230140,0.207838,-0.423531,-0.171674,0.234919,-0.419788,-0.226480
2026-07-16 16:32:38.361,134.999871,0.000000,0.000000,0.000000,0.308470,-0.391528,-0.256432,0.111642,-0.366339,-0.257128,0.210056,-0.378934,-0.256780,0.181310,-0.409664,-0.229679,0.208748,-0.420681,-0.171121,0.235074,-0.416752,-0.225981
2026-07-16 16:32:38.461,135.099871,0.000000,0.000000,0.000000,0.308798,-0.390574,-0.256435,0.111563,-0.367354,-0.257124,0.210180,-0.378964,-0.256780,0.181123,-0.410605,-0.230525,0.208748,-0.420681,-0.171121,0.234950,-0.417238,-0.226000
2026-07-16 16:32:38.561,135.199871,0.000000,0.000000,0.000000,0.308655,-0.395658,-0.257355,0.111828,-0.370469,-0.258050,0.210241,-0.383063,-0.257703,0.182098,-0.414925,-0.231469,0.209713,-0.424954,-0.172878,0.235259,-0.420881,-0.226903
2026-07-16 16:32:38.661,135.299871,0.000000,0.000000,0.000000,0.308284,-0.387399,-0.255510,0.111457,-0.362210,-0.256205,0.209871,-0.374804,-0.255858,0.181738,-0.406714,-0.228812,0.209343,-0.416694,-0.171033,0.234888,-0.412622,-0.225058
2026-07-16 16:32:38.761,135.399871,0.000000,0.000000,0.000000,0.308926,-0.393620,-0.257992,0.111781,-0.369436,-0.257820,0.210354,-0.381528,-0.257906,0.182062,-0.413941,-0.230426,0.209667,-0.423921,-0.172647,0.234415,-0.419656,-0.226651
2026-07-16 16:32:38.861,135.499871,0.000000,0.000000,0.000000,0.308320,-0.388379,-0.256605,0.111583,-0.362227,-0.256439,0.209951,-0.375303,-0.256522,0.181785,-0.407747,-0.229042,0.210179,-0.417918,-0.171285,0.234014,-0.413948,-0.225286
2026-07-16 16:32:38.961,135.599871,0.000000,0.000000,0.000000,0.308798,-0.390574,-0.256435,0.111722,-0.365324,-0.257131,0.210260,-0.377949,-0.256783,0.181923,-0.410844,-0.229734,0.210102,-0.421990,-0.172089,0.235074,-0.416752,-0.225981
2026-07-16 16:32:39.061,135.699871,0.000000,0.000000,0.000000,0.309019,-0.395684,-0.258453,0.112033,-0.369471,-0.258288,0.210526,-0.382578,-0.258371,0.182155,-0.416006,-0.230887,0.210333,-0.427152,-0.173242,0.235305,-0.421914,-0.227134
2026-07-16 16:32:39.161,135.799870,0.000000,0.000000,0.000000,0.308794,-0.398755,-0.258047,0.111967,-0.373566,-0.258742,0.210380,-0.386161,-0.258394,0.182248,-0.418071,-0.231349,0.211432,-0.428433,-0.173612,0.235150,-0.424950,-0.227633
2026-07-16 16:32:39.261,135.899870,0.000000,0.000000,0.000000,0.309030,-0.395736,-0.257588,0.111874,-0.371501,-0.258281,0.210452,-0.383619,-0.257934,0.182333,-0.415017,-0.230854,0.211112,-0.427295,-0.174075,0.235058,-0.422886,-0.227172
2026-07-16 16:32:39.361,135.999870,0.000000,0.000000,0.000000,0.309255,-0.392665,-0.257996,0.111781,-0.369436,-0.257820,0.210518,-0.381051,-0.257908,0.182052,-0.413893,-0.231239,0.211346,-0.423767,-0.173447,0.234415,-0.419656,-0.226651
2026-07-16 16:32:39.461,136.099870,0.000000,0.000000,0.000000,0.308176,-0.393464,-0.257524,0.111689,-0.367372,-0.257359,0.209933,-0.380418,-0.257441,0.182137,-0.410839,-0.230745,0.211934,-0.422381,-0.173063,0.234322,-0.417591,-0.226190
2026-07-16 16:32:39.561,136.199870,0.000000,0.000000,0.000000,0.308787,-0.390522,-0.257300,0.111642,-0.366339,-0.257128,0.210215,-0.378431,-0.257214,0.182091,-0.409807,-0.230514,0.211659,-0.422275,-0.173754,0.235074,-0.416752,-0.225981
2026-07-16 16:32:39.661,136.299870,0.000000,0.000000,0.000000,0.308937,-0.393671,-0.257127,0.111861,-0.368421,-0.257823,0.210399,-0.381046,-0.257475,0.182230,-0.412904,-0.231206,0.212796,-0.424540,-0.175170,0.235213,-0.419849,-0.226673
2026-07-16 16:32:39.761,136.399870,0.000000,0.000000,0.000000,0.308609,-0.394625,-0.257124,0.111702,-0.370451,-0.257816,0.210155,-0.382538,-0.257470,0.182230,-0.412904,-0.231206,0.213587,-0.424731,-0.175192,0.234415,-0.419656,-0.226651
2026-07-16 16:32:39.861,136.499870,0.000000,0.000000,0.000000,0.308972,-0.394652,-0.258223,0.111828,-0.370469,-0.258050,0.210400,-0.382560,-0.258137,0.182888,-0.415116,-0.231491,0.213843,-0.424741,-0.176128,0.234461,-0.420689,-0.226882
2026-07-16 16:32:39.961,136.599870,0.000000,0.000000,0.000000,0.308366,-0.389412,-0.256835,0.111560,-0.364324,-0.255826,0.209963,-0.376868,-0.256331,0.182611,-0.408922,-0.230107,0.213555,-0.418498,-0.175557,0.234184,-0.414494,-0.225498
2026-07-16 16:32:40.061,136.699870,0.000000,0.000000,0.000000,0.309030,-0.395736,-0.257588,0.111874,-0.371501,-0.258281,0.210452,-0.383619,-0.257934,0.182935,-0.416149,-0.231721,0.214438,-0.426842,-0.178112,0.234508,-0.421721,-0.227112
2026-07-16 16:32:40.161,136.799870,0.000000,0.000000,0.000000,0.308655,-0.395658,-0.257355,0.111907,-0.369454,-0.258054,0.210281,-0.382556,-0.257704,0.183067,-0.414128,-0.231458,0.214603,-0.424787,-0.178590,0.234451,-0.420640,-0.227702
2026-07-16 16:32:40.261,136.899869,0.000000,0.000000,0.000000,0.308798,-0.390574,-0.256435,0.111653,-0.366389,-0.256288,0.210226,-0.378482,-0.256361,0.182703,-0.410987,-0.230568,0.214629,-0.419634,-0.178378,0.234266,-0.416510,-0.226779
2026-07-16 16:32:40.361,136.999869,0.000000,0.000000,0.000000,0.308659,-0.387477,-0.255743,0.111503,-0.363242,-0.256436,0.210081,-0.375359,-0.256089,0.182564,-0.407889,-0.229876,0.214480,-0.416489,-0.178501,0.234137,-0.413462,-0.225267
2026-07-16 16:32:40.461,137.099869,0.000000,0.000000,0.000000,0.308829,-0.399736,-0.259142,0.112013,-0.374599,-0.258973,0.210421,-0.387167,-0.259057,0.183252,-0.418257,-0.232381,0.213977,-0.428628,-0.181119,0.234647,-0.424818,-0.227804
2026-07-16 16:32:40.561,137.199869,0.000000,0.000000,0.000000,0.308377,-0.389463,-0.255971,0.111550,-0.364274,-0.256667,0.209963,-0.376869,-0.256319,0.182789,-0.407933,-0.230074,0.213724,-0.417281,-0.179525,0.234184,-0.414494,-0.225498
2026-07-16 16:32:40.661,137.299869,0.000000,0.000000,0.000000,0.308787,-0.390522,-0.257300,0.111642,-0.366339,-0.257128,0.210215,-0.378431,-0.257214,0.183673,-0.410189,-0.230557,0.213014,-0.419106,-0.180780,0.233468,-0.416317,-0.226758
2026-07-16 16:32:40.761,137.399869,0.000000,0.000000,0.000000,0.309111,-0.397749,-0.258915,0.111967,-0.373566,-0.258742,0.210539,-0.385658,-0.258829,0.183997,-0.417416,-0.232172,0.213557,-0.425357,-0.182294,0.233803,-0.423593,-0.227552
2026-07-16 16:32:40.861,137.499869,0.000000,0.000000,0.000000,0.308937,-0.393671,-0.257127,0.111781,-0.369436,-0.257820,0.210359,-0.381554,-0.257473,0.183992,-0.412298,-0.231217,0.212568,-0.420987,-0.182166,0.233863,-0.418491,-0.226591
2026-07-16 16:32:40.961,137.599869,0.000000,0.000000,0.000000,0.308798,-0.390574,-0.256435,0.111642,-0.366339,-0.257128,0.210220,-0.378457,-0.256781,0.183673,-0.410189,-0.230557,0.212211,-0.418866,-0.181573,0.233724,-0.415394,-0.225899
2026-07-16 16:32:41.061,137.699869,0.000000,0.000000,0.000000,0.308972,-0.394652,-0.258223,0.111907,-0.369454,-0.258054,0.210440,-0.382053,-0.258138,0.184038,-0.413330,-0.231447,0.211594,-0.422755,-0.183289,0.233909,-0.419523,-0.226822
2026-07-16 16:32:41.161,137.799869,0.000000,0.000000,0.000000,0.308787,-0.390522,-0.257300,0.111642,-0.366339,-0.257128,0.210215,-0.378431,-0.257214,0.183853,-0.409201,-0.230525,0.211409,-0.418625,-0.182366,0.233479,-0.416366,-0.225937
2026-07-16 16:32:41.261,137.899868,0.000000,0.000000,0.000000,0.308598,-0.394574,-0.257989,0.111781,-0.369436,-0.257820,0.210189,-0.382005,-0.257904,0.183992,-0.412298,-0.231217,0.211320,-0.422650,-0.183970,0.233064,-0.418298,-0.226569
2026-07-16 16:32:41.361,137.999868,0.000000,0.000000,0.000000,0.309640,-0.390777,-0.256458,0.111642,-0.366339,-0.257128,0.210641,-0.378558,-0.256793,0.183853,-0.409201,-0.230525,0.211398,-0.418577,-0.183181,0.233724,-0.415394,-0.225899
2026-07-16 16:32:41.461,138.099868,0.000000,0.000000,0.000000,0.309122,-0.397801,-0.258049,0.111967,-0.373566,-0.258742,0.210544,-0.385683,-0.258396,0.184177,-0.416427,-0.232139,0.211722,-0.425804,-0.184796,0.234293,-0.421648,-0.227475
2026-07-16 16:32:41.561,138.199868,0.000000,0.000000,0.000000,0.308798,-0.390574,-0.256435,0.111653,-0.366389,-0.256288,0.210226,-0.378482,-0.256361,0.183853,-0.409201,-0.230525,0.211398,-0.418577,-0.183181,0.233724,-0.415394,-0.225899
2026-07-16 16:32:41.661,138.299868,0.000000,0.000000,0.000000,0.309127,-0.389620,-0.256437,0.111642,-0.366339,-0.257128,0.210385,-0.377979,-0.256783,0.183853,-0.409201,-0.230525,0.211398,-0.418577,-0.183181,0.233724,-0.415394,-0.225899
2026-07-16 16:32:41.761,138.399868,0.000000,0.000000,0.000000,0.309173,-0.390652,-0.256668,0.111689,-0.367372,-0.257359,0.210431,-0.379012,-0.257013,0.183899,-0.410233,-0.230755,0.211445,-0.419609,-0.183412,0.232972,-0.416233,-0.226108
2026-07-16 16:32:41.861,138.499868,0.000000,0.000000,0.000000,0.308798,-0.390574,-0.256435,0.111642,-0.366339,-0.257128,0.210220,-0.378457,-0.256781,0.183663,-0.410141,-0.231371,0.211171,-0.419504,-0.184091,0.233713,-0.415345,-0.226720
2026-07-16 16:32:41.961,138.599868,0.000000,0.000000,0.000000,0.309261,-0.400898,-0.258741,0.112026,-0.377678,-0.259431,0.210644,-0.389288,-0.259086,0.183335,-0.420274,-0.233656,0.211417,-0.430804,-0.186493,0.233931,-0.426641,-0.229064
2026-07-16 16:32:42.061,138.699868,0.000000,0.000000,0.000000,0.308366,-0.389412,-0.256835,0.111470,-0.365289,-0.256663,0.209918,-0.377351,-0.256749,0.182779,-0.407885,-0.230888,0.211641,-0.418558,-0.184560,0.233376,-0.414252,-0.226296
2026-07-16 16:32:42.161,138.799868,0.000000,0.000000,0.000000,0.308551,-0.393542,-0.257758,0.111735,-0.368404,-0.257589,0.210143,-0.380973,-0.257674,0.182954,-0.411966,-0.232624,0.211816,-0.422640,-0.186295,0.233561,-0.418382,-0.227219
2026-07-16 16:32:42.261,138.899868,0.000000,0.000000,0.000000,0.308880,-0.392587,-0.257762,0.111814,-0.367389,-0.257593,0.210347,-0.379988,-0.257677,0.182163,-0.411775,-0.232603,0.211816,-0.422640,-0.186295,0.233550,-0.418333,-0.228039
2026-07-16 16:32:42.361,138.999867,0.000000,0.000000,0.000000,0.308706,-0.388509,-0.255973,0.111629,-0.363259,-0.256670,0.210167,-0.375884,-0.256322,0.182155,-0.406656,-0.231650,0.211194,-0.420461,-0.185559,0.233365,-0.414204,-0.227117
2026-07-16 16:32:42.461,139.099867,0.000000,0.000000,0.000000,0.308880,-0.392587,-0.257762,0.111735,-0.368404,-0.257589,0.210307,-0.380496,-0.257675,0.182163,-0.411775,-0.232603,0.211587,-0.423567,-0.187199,0.233550,-0.418333,-0.228039
2026-07-16 16:32:42.561,139.199867,0.000000,0.000000,0.000000,0.309019,-0.395684,-0.258453,0.111794,-0.372516,-0.258278,0.210407,-0.384100,-0.258366,0.181511,-0.414680,-0.233273,0.211726,-0.426664,-0.187891,0.233689,-0.421430,-0.228731
2026-07-16 16:32:42.661,139.299867,0.000000,0.000000,0.000000,0.308880,-0.392587,-0.257762,0.111735,-0.368404,-0.257589,0.210307,-0.380496,-0.257675,0.181372,-0.411583,-0.232582,0.211369,-0.424543,-0.187291,0.233550,-0.418333,-0.228039
2026-07-16 16:32:42.761,139.399867,0.000000,0.000000,0.000000,0.309030,-0.395736,-0.257588,0.111874,-0.371501,-0.258281,0.210452,-0.383619,-0.257934,0.181334,-0.415670,-0.233304,0.210720,-0.427449,-0.187962,0.233689,-0.421430,-0.228731
2026-07-16 16:32:42.861,139.499867,0.000000,0.000000,0.000000,0.308695,-0.388458,-0.256839,0.111550,-0.364274,-0.256667,0.210122,-0.376366,-0.256753,0.181010,-0.408443,-0.231689,0.210396,-0.420223,-0.186348,0.234163,-0.414396,-0.227138
2026-07-16 16:32:42.961,139.599867,0.000000,0.000000,0.000000,0.308377,-0.389463,-0.255971,0.111550,-0.364274,-0.256667,0.209963,-0.376869,-0.256319,0.181010,-0.408443,-0.231689,0.209608,-0.420032,-0.186326,0.233120,-0.415176,-0.227153
2026-07-16 16:32:43.061,139.699867,0.000000,0.000000,0.000000,0.308701,-0.396690,-0.257585,0.111874,-0.371501,-0.258281,0.210288,-0.384096,-0.257933,0.181511,-0.414680,-0.233273,0.210148,-0.426283,-0.187849,0.233689,-0.421430,-0.228731
2026-07-16 16:32:43.161,139.799867,0.000000,0.000000,0.000000,0.308926,-0.393620,-0.257992,0.111861,-0.368421,-0.257823,0.210393,-0.381020,-0.257908,0.181418,-0.412616,-0.232812,0.209277,-0.424075,-0.186554,0.233474,-0.419852,-0.228288
2026-07-16 16:32:43.261,139.899867,0.000000,0.000000,0.000000,0.308937,-0.393671,-0.257127,0.111622,-0.371466,-0.257813,0.210280,-0.382569,-0.257470,0.181418,-0.412616,-0.232812,0.209062,-0.425052,-0.186648,0.233597,-0.419366,-0.228270
2026-07-16 16:32:43.361,139.999866,0.000000,0.000000,0.000000,0.308273,-0.387347,-0.256374,0.111457,-0.362210,-0.256205,0.209865,-0.374778,-0.256290,0.181094,-0.405389,-0.231198,0.207950,-0.417634,-0.185012,0.233272,-0.412139,-0.226656
2026-07-16 16:32:43.461,140.099866,0.000000,0.000000,0.000000,0.308551,-0.393542,-0.257758,0.111735,-0.368404,-0.257589,0.210143,-0.380973,-0.257674,0.181372,-0.411583,-0.232582,0.207653,-0.422661,-0.186281,0.233305,-0.419306,-0.228076
2026-07-16 16:32:43.561,140.199866,0.000000,0.000000,0.000000,0.308505,-0.392509,-0.257527,0.111779,-0.366407,-0.256521,0.210142,-0.379458,-0.257024,0.181325,-0.410551,-0.232351,0.207394,-0.422606,-0.186144,0.233514,-0.417350,-0.226988
2026-07-16 16:32:43.661,140.299866,0.000000,0.000000,0.000000,0.308609,-0.394625,-0.257124,0.111781,-0.369436,-0.257820,0.210195,-0.382031,-0.257472,0.181241,-0.413605,-0.232842,0.206910,-0.423503,-0.186490,0.233351,-0.420338,-0.228306
2026-07-16 16:32:43.761,140.399866,0.000000,0.000000,0.000000,0.308844,-0.391606,-0.256665,0.111609,-0.368387,-0.257355,0.210227,-0.379996,-0.257010,0.181325,-0.410551,-0.232351,0.206028,-0.421247,-0.186008,0.233269,-0.418322,-0.227026
2026-07-16 16:32:43.861,140.499866,0.000000,0.000000,0.000000,0.308412,-0.390444,-0.257066,0.111596,-0.365307,-0.256897,0.210004,-0.377876,-0.256982,0.180266,-0.409284,-0.231899,0.204937,-0.419969,-0.185619,0.233176,-0.416257,-0.226564
2026-07-16 16:32:43.961,140.599866,0.000000,0.000000,0.000000,0.308741,-0.389490,-0.257070,0.111676,-0.364292,-0.256901,0.210208,-0.376891,-0.256985,0.180266,-0.409284,-0.231899,0.204937,-0.419969,-0.185619,0.233166,-0.416208,-0.227384
2026-07-16 16:32:44.061,140.699866,0.000000,0.000000,0.000000,0.308891,-0.392639,-0.256896,0.111814,-0.367389,-0.257593,0.210353,-0.380014,-0.257244,0.180395,-0.412333,-0.233403,0.204288,-0.422876,-0.186289,0.233305,-0.419306,-0.228076
2026-07-16 16:32:44.161,140.799866,0.000000,0.000000,0.000000,0.308470,-0.391528,-0.256432,0.111642,-0.366339,-0.257128,0.210056,-0.378934,-0.256780,0.180302,-0.410268,-0.232942,0.203987,-0.421789,-0.185921,0.233212,-0.417241,-0.227614
2026-07-16 16:32:44.261,140.899866,0.000000,0.000000,0.000000,0.308695,-0.388458,-0.256839,0.111470,-0.365289,-0.256663,0.210082,-0.376874,-0.256751,0.179419,-0.408012,-0.232459,0.203108,-0.419534,-0.185439,0.233120,-0.415176,-0.227153
2026-07-16 16:32:44.361,140.999866,0.000000,0.000000,0.000000,0.308741,-0.389490,-0.257070,0.111517,-0.366322,-0.256894,0.210129,-0.377906,-0.256982,0.179291,-0.410035,-0.232719,0.203164,-0.420615,-0.184860,0.233166,-0.416208,-0.227384
2026-07-16 16:32:44.461,141.099865,0.000000,0.000000,0.000000,0.308366,-0.389412,-0.256835,0.111550,-0.364274,-0.256667,0.209958,-0.376843,-0.256751,0.179245,-0.409003,-0.232488,0.202713,-0.421587,-0.184012,0.233916,-0.415369,-0.227175
2026-07-16 16:32:44.561,141.199865,0.000000,0.000000,0.000000,0.308798,-0.390574,-0.256435,0.111642,-0.366339,-0.257128,0.210220,-0.378457,-0.256781,0.179338,-0.411067,-0.232950,0.203231,-0.421744,-0.183472,0.234255,-0.416461,-0.227600
2026-07-16 16:32:44.661,141.299865,0.000000,0.000000,0.000000,0.308972,-0.394652,-0.258223,0.111828,-0.370469,-0.258050,0.210400,-0.382560,-0.258137,0.179697,-0.414207,-0.233843,0.203437,-0.425970,-0.182776,0.234194,-0.421563,-0.228558
2026-07-16 16:32:44.761,141.399865,0.000000,0.000000,0.000000,0.308787,-0.390522,-0.257300,0.111642,-0.366339,-0.257128,0.210215,-0.378431,-0.257214,0.179348,-0.411116,-0.232138,0.203262,-0.421888,-0.181044,0.234009,-0.417433,-0.227636
2026-07-16 16:32:44.861,141.499865,0.000000,0.000000,0.000000,0.308598,-0.394574,-0.257989,0.111781,-0.369436,-0.257820,0.210189,-0.382005,-0.257904,0.180451,-0.413414,-0.232821,0.204208,-0.425272,-0.180139,0.234955,-0.420772,-0.227530
2026-07-16 16:32:44.961,141.599865,0.000000,0.000000,0.000000,0.308505,-0.392509,-0.257527,0.111689,-0.367372,-0.257359,0.210097,-0.379940,-0.257443,0.180369,-0.411397,-0.231547,0.204146,-0.423352,-0.177250,0.234862,-0.418707,-0.227069
2026-07-16 16:32:45.061,141.699865,0.000000,0.000000,0.000000,0.308972,-0.394652,-0.258223,0.111907,-0.369454,-0.258054,0.210440,-0.382053,-0.258138,0.181298,-0.414686,-0.232261,0.205092,-0.426736,-0.176345,0.235249,-0.420833,-0.227723
2026-07-16 16:32:45.161,141.799865,0.000000,0.000000,0.000000,0.308412,-0.390444,-0.257066,0.111517,-0.366322,-0.256894,0.209964,-0.378383,-0.256980,0.181066,-0.409524,-0.231107,0.204881,-0.421670,-0.173573,0.235027,-0.415719,-0.225750
2026-07-16 16:32:45.261,141.899865,0.000000,0.000000,0.000000,0.308609,-0.394625,-0.257124,0.111861,-0.368421,-0.257823,0.210235,-0.381523,-0.257474,0.182230,-0.412904,-0.231206,0.205864,-0.426038,-0.173707,0.235460,-0.418877,-0.226634
2026-07-16 16:32:45.361,141.999865,0.000000,0.000000,0.000000,0.308787,-0.390522,-0.257300,0.111722,-0.365324,-0.257131,0.210255,-0.377923,-0.257216,0.182091,-0.409807,-0.230514,0.205745,-0.423037,-0.171397,0.235871,-0.416945,-0.226002
2026-07-16 16:32:45.461,142.099864,0.000000,0.000000,0.000000,0.309116,-0.389568,-0.257304,0.111642,-0.366339,-0.257128,0.210379,-0.377954,-0.257216,0.182091,-0.409807,-0.230514,0.205756,-0.423085,-0.170588,0.235074,-0.416752,-0.225981
2026-07-16 16:32:45.561,142.199864,0.000000,0.000000,0.000000,0.308598,-0.394574,-0.257989,0.111781,-0.369436,-0.257820,0.210189,-0.382005,-0.257904,0.182230,-0.412904,-0.231206,0.206692,-0.426421,-0.170492,0.235213,-0.419849,-0.226673
2026-07-16 16:32:45.661,142.299864,0.000000,0.000000,0.000000,0.308695,-0.388458,-0.256839,0.111629,-0.363259,-0.256670,0.210162,-0.375859,-0.256755,0.181998,-0.407742,-0.230053,0.206672,-0.420283,-0.169223,0.235229,-0.413715,-0.225481
2026-07-16 16:32:45.761,142.399864,0.000000,0.000000,0.000000,0.308423,-0.390496,-0.256202,0.111596,-0.365307,-0.256897,0.210010,-0.377901,-0.256549,0.182836,-0.408965,-0.230305,0.207153,-0.419412,-0.168410,0.235275,-0.414748,-0.225712
2026-07-16 16:32:45.861,142.499864,0.000000,0.000000,0.000000,0.309204,-0.399814,-0.259376,0.111980,-0.376646,-0.259200,0.210592,-0.388230,-0.259288,0.182508,-0.419098,-0.232590,0.207192,-0.431688,-0.170950,0.235738,-0.425072,-0.228018
2026-07-16 16:32:45.961,142.599864,0.000000,0.000000,0.000000,0.308412,-0.390444,-0.257066,0.111596,-0.365307,-0.256897,0.210004,-0.377876,-0.256982,0.182045,-0.408774,-0.230284,0.206729,-0.421364,-0.168643,0.235275,-0.414748,-0.225712
2026-07-16 16:32:46.061,142.699864,0.000000,0.000000,0.000000,0.308833,-0.391555,-0.257531,0.111689,-0.367372,-0.257359,0.210261,-0.379463,-0.257445,0.182137,-0.410839,-0.230745,0.207245,-0.421477,-0.168871,0.235120,-0.417784,-0.226211
2026-07-16 16:32:46.161,142.799864,0.000000,0.000000,0.000000,0.308926,-0.393620,-0.257992,0.111861,-0.368421,-0.257823,0.210393,-0.381020,-0.257908,0.182230,-0.412904,-0.231206,0.207126,-0.424517,-0.169449,0.235460,-0.418877,-0.226634
2026-07-16 16:32:46.261,142.899864,0.000000,0.000000,0.000000,0.308505,-0.392509,-0.257527,0.111689,-0.367372,-0.257359,0.210097,-0.379940,-0.257443,0.182137,-0.410839,-0.230745,0.207033,-0.422453,-0.168988,0.235120,-0.417784,-0.226211
2026-07-16 16:32:46.361,142.999864,0.000000,0.000000,0.000000,0.308459,-0.391477,-0.257297,0.111642,-0.366339,-0.257128,0.210051,-0.378908,-0.257212,0.182091,-0.409807,-0.230514,0.206775,-0.422396,-0.168874,0.235074,-0.416752,-0.225981
2026-07-16 16:32:46.461,143.099864,0.000000,0.000000,0.000000,0.308562,-0.393593,-0.256894,0.111735,-0.368404,-0.257589,0.210149,-0.380999,-0.257241,0.182006,-0.412860,-0.231008,0.206656,-0.425437,-0.169452,0.235166,-0.418817,-0.226442
2026-07-16 16:32:46.561,143.199863,0.000000,0.000000,0.000000,0.308459,-0.391477,-0.257297,0.111642,-0.366339,-0.257128,0.210051,-0.378908,-0.257212,0.181913,-0.410796,-0.230547,0.206765,-0.422348,-0.169684,0.235074,-0.416752,-0.225981
2026-07-16 16:32:46.661,143.299863,0.000000,0.000000,0.000000,0.307945,-0.388302,-0.256371,0.111457,-0.362210,-0.256205,0.209701,-0.375256,-0.256288,0.180938,-0.406475,-0.229603,0.205581,-0.419004,-0.168856,0.235686,-0.412815,-0.225080
2026-07-16 16:32:46.761,143.399863,0.000000,0.000000,0.000000,0.308695,-0.388458,-0.256839,0.111470,-0.365289,-0.256663,0.210082,-0.376874,-0.256751,0.181207,-0.407550,-0.230032,0.206095,-0.419116,-0.169086,0.234981,-0.414687,-0.225519
2026-07-16 16:32:46.861,143.499863,0.000000,0.000000,0.000000,0.308695,-0.388458,-0.256839,0.111629,-0.363259,-0.256670,0.210162,-0.375859,-0.256755,0.181030,-0.408540,-0.230064,0.205673,-0.421069,-0.169317,0.234981,-0.414687,-0.225519
2026-07-16 16:32:46.961,143.599863,0.000000,0.000000,0.000000,0.308833,-0.391555,-0.257531,0.111689,-0.367372,-0.257359,0.210261,-0.379463,-0.257445,0.181169,-0.411637,-0.230756,0.205812,-0.424166,-0.170009,0.235120,-0.417784,-0.226211
2026-07-16 16:32:47.061,143.699863,0.000000,0.000000,0.000000,0.308598,-0.394574,-0.257989,0.111702,-0.370451,-0.257816,0.210150,-0.382513,-0.257902,0.181439,-0.412712,-0.231185,0.205905,-0.426231,-0.170470,0.235213,-0.419849,-0.226673
2026-07-16 16:32:47.161,143.799863,0.000000,0.000000,0.000000,0.308787,-0.390522,-0.257300,0.111642,-0.366339,-0.257128,0.210215,-0.378431,-0.257214,0.180333,-0.410414,-0.230504,0.205766,-0.423134,-0.169778,0.235871,-0.416945,-0.226002
2026-07-16 16:32:47.261,143.899863,0.000000,0.000000,0.000000,0.308833,-0.391555,-0.257531,0.111689,-0.367372,-0.257359,0.210261,-0.379463,-0.257445,0.181169,-0.411637,-0.230756,0.205025,-0.423976,-0.169988,0.235120,-0.417784,-0.226211
2026-07-16 16:32:47.361,143.999863,0.000000,0.000000,0.000000,0.308505,-0.392509,-0.257527,0.111768,-0.366357,-0.257362,0.210137,-0.379433,-0.257445,0.180379,-0.411446,-0.230735,0.205025,-0.423976,-0.169988,0.235120,-0.417784,-0.226211
2026-07-16 16:32:47.461,144.099863,0.000000,0.000000,0.000000,0.308833,-0.391555,-0.257531,0.111689,-0.367372,-0.257359,0.210261,-0.379463,-0.257445,0.180379,-0.411446,-0.230735,0.205235,-0.422999,-0.169872,0.235120,-0.417784,-0.226211
2026-07-16 16:32:47.561,144.199862,0.000000,0.000000,0.000000,0.308787,-0.390522,-0.257300,0.111563,-0.367354,-0.257124,0.210175,-0.378938,-0.257212,0.180333,-0.410414,-0.230504,0.204979,-0.422943,-0.169757,0.235871,-0.416945,-0.226002
2026-07-16 16:32:47.661,144.299862,0.000000,0.000000,0.000000,0.308880,-0.392587,-0.257762,0.111735,-0.368404,-0.257589,0.210307,-0.380496,-0.257675,0.180426,-0.412478,-0.230965,0.205072,-0.425008,-0.170218,0.235166,-0.418817,-0.226442
2026-07-16 16:32:47.761,144.399862,0.000000,0.000000,0.000000,0.308459,-0.391477,-0.257297,0.111563,-0.367354,-0.257124,0.210011,-0.379416,-0.257211,0.180333,-0.410414,-0.230504,0.205189,-0.421967,-0.169642,0.235871,-0.416945,-0.226002
2026-07-16 16:32:47.861,144.499862,0.000000,0.000000,0.000000,0.308551,-0.393542,-0.257758,0.111735,-0.368404,-0.257589,0.210143,-0.380973,-0.257674,0.180426,-0.412478,-0.230965,0.205281,-0.424032,-0.170103,0.235964,-0.419010,-0.226463
2026-07-16 16:32:47.961,144.599862,0.000000,0.000000,0.000000,0.308412,-0.390444,-0.257066,0.111596,-0.365307,-0.256897,0.210004,-0.377876,-0.256982,0.180287,-0.409381,-0.230273,0.205143,-0.420934,-0.169411,0.235825,-0.415912,-0.225772
2026-07-16 16:32:48.061,144.699862,0.000000,0.000000,0.000000,0.309019,-0.395684,-0.258453,0.111874,-0.371501,-0.258281,0.210446,-0.383593,-0.258367,0.180565,-0.415576,-0.231657,0.205211,-0.428105,-0.170910,0.235854,-0.423078,-0.227194
2026-07-16 16:32:48.161,144.799862,0.000000,0.000000,0.000000,0.308366,-0.389412,-0.256835,0.111550,-0.364274,-0.256667,0.209958,-0.376843,-0.256751,0.180240,-0.408349,-0.230043,0.204308,-0.419711,-0.169159,0.235779,-0.414880,-0.225541
2026-07-16 16:32:48.261,144.899862,0.000000,0.000000,0.000000,0.308783,-0.398704,-0.258911,0.112046,-0.372551,-0.258746,0.210414,-0.385627,-0.258828,0.180657,-0.417640,-0.232118,0.204516,-0.429980,-0.171350,0.236195,-0.424172,-0.227617
2026-07-16 16:32:48.361,144.999862,0.000000,0.000000,0.000000,0.308505,-0.392509,-0.257527,0.111689,-0.367372,-0.257359,0.210097,-0.379940,-0.257443,0.180379,-0.411446,-0.230735,0.204447,-0.422809,-0.169851,0.235918,-0.417977,-0.226233
2026-07-16 16:32:48.461,145.099862,0.000000,0.000000,0.000000,0.308695,-0.388458,-0.256839,0.111550,-0.364274,-0.256667,0.210122,-0.376366,-0.256753,0.180240,-0.408349,-0.230043,0.204308,-0.419711,-0.169159,0.234981,-0.414687,-0.225519
2026-07-16 16:32:48.561,145.199862,0.000000,0.000000,0.000000,0.308273,-0.387347,-0.256374,0.111457,-0.362210,-0.256205,0.209865,-0.374778,-0.256290,0.180148,-0.406284,-0.229581,0.204226,-0.417695,-0.167887,0.235686,-0.412815,-0.225080
2026-07-16 16:32:48.661,145.299861,0.000000,0.000000,0.000000,0.308412,-0.390444,-0.257066,0.111596,-0.365307,-0.256897,0.210004,-0.377876,-0.256982,0.180287,-0.409381,-0.230273,0.204365,-0.420792,-0.168579,0.235027,-0.415719,-0.225750
2026-07-16 16:32:48.761,145.399861,0.000000,0.000000,0.000000,0.309266,-0.392717,-0.257129,0.111781,-0.369436,-0.257820,0.210523,-0.381077,-0.257474,0.180472,-0.413511,-0.231196,0.204341,-0.425898,-0.169618,0.236010,-0.420042,-0.226694
2026-07-16 16:32:48.861,145.499861,0.000000,0.000000,0.000000,0.308695,-0.388458,-0.256839,0.111629,-0.363259,-0.256670,0.210162,-0.375859,-0.256755,0.180240,-0.408349,-0.230043,0.204110,-0.420736,-0.168465,0.235779,-0.414880,-0.225541
2026-07-16 16:32:48.961,145.599861,0.000000,0.000000,0.000000,0.308644,-0.395606,-0.258219,0.111828,-0.370469,-0.258050,0.210236,-0.383038,-0.258135,0.180518,-0.414543,-0.231427,0.204596,-0.425954,-0.169732,0.236057,-0.421074,-0.226925
2026-07-16 16:32:49.061,145.699861,0.000000,0.000000,0.000000,0.308880,-0.392587,-0.257762,0.111735,-0.368404,-0.257589,0.210307,-0.380496,-0.257675,0.180426,-0.412478,-0.230965,0.204295,-0.424866,-0.169388,0.235964,-0.419010,-0.226463
2026-07-16 16:32:49.161,145.799861,0.000000,0.000000,0.000000,0.308320,-0.388379,-0.256605,0.111503,-0.363242,-0.256436,0.209912,-0.375811,-0.256520,0.180194,-0.407316,-0.229812,0.204063,-0.419704,-0.168235,0.234935,-0.413654,-0.225289
2026-07-16 16:32:49.261,145.899861,0.000000,0.000000,0.000000,0.308926,-0.393620,-0.257992,0.111781,-0.369436,-0.257820,0.210354,-0.381528,-0.257906,0.180472,-0.413511,-0.231196,0.204550,-0.424922,-0.169502,0.236010,-0.420042,-0.226694
2026-07-16 16:32:49.361,145.999861,0.000000,0.000000,0.000000,0.308880,-0.392587,-0.257762,0.111735,-0.368404,-0.257589,0.210307,-0.380496,-0.257675,0.180426,-0.412478,-0.230965,0.204295,-0.424866,-0.169388,0.235715,-0.419981,-0.226502
2026-07-16 16:32:49.461,146.099861,0.000000,0.000000,0.000000,0.309686,-0.391810,-0.256688,0.111689,-0.367372,-0.257359,0.210687,-0.379591,-0.257023,0.180379,-0.411446,-0.230735,0.204457,-0.422857,-0.169041,0.235669,-0.418949,-0.226271
2026-07-16 16:32:49.561,146.199861,0.000000,0.000000,0.000000,0.308833,-0.391555,-0.257531,0.111689,-0.367372,-0.257359,0.210261,-0.379463,-0.257445,0.180379,-0.411446,-0.230735,0.204457,-0.422857,-0.169041,0.235120,-0.417784,-0.226211
2026-07-16 16:32:49.661,146.299860,0.000000,0.000000,0.000000,0.308880,-0.392587,-0.257762,0.111814,-0.367389,-0.257593,0.210347,-0.379988,-0.257677,0.180426,-0.412478,-0.230965,0.203716,-0.423699,-0.169250,0.235964,-0.419010,-0.226463
2026-07-16 16:32:49.761,146.399860,0.000000,0.000000,0.000000,0.308505,-0.392509,-0.257527,0.111689,-0.367372,-0.257359,0.210097,-0.379940,-0.257443,0.180379,-0.411446,-0.230735,0.203670,-0.422666,-0.169019,0.235120,-0.417784,-0.226211
2026-07-16 16:32:49.861,146.499860,0.000000,0.000000,0.000000,0.308273,-0.387347,-0.256374,0.111537,-0.361195,-0.256209,0.209905,-0.374271,-0.256291,0.180148,-0.406284,-0.229581,0.203438,-0.417504,-0.167866,0.235686,-0.412815,-0.225080
2026-07-16 16:32:49.961,146.599860,0.000000,0.000000,0.000000,0.308609,-0.394625,-0.257124,0.111781,-0.369436,-0.257820,0.210195,-0.382031,-0.257472,0.180472,-0.413511,-0.231196,0.203970,-0.423754,-0.169364,0.236010,-0.420042,-0.226694
2026-07-16 16:32:50.061,146.699860,0.000000,0.000000,0.000000,0.308926,-0.393620,-0.257992,0.111781,-0.369436,-0.257820,0.210354,-0.381528,-0.257906,0.180472,-0.413511,-0.231196,0.203762,-0.424731,-0.169480,0.235762,-0.421013,-0.226732
2026-07-16 16:32:50.161,146.799860,0.000000,0.000000,0.000000,0.308598,-0.394574,-0.257989,0.111702,-0.370451,-0.257816,0.210150,-0.382513,-0.257902,0.180472,-0.413511,-0.231196,0.203970,-0.423754,-0.169364,0.235762,-0.421013,-0.226732
2026-07-16 16:32:50.261,146.899860,0.000000,0.000000,0.000000,0.308609,-0.394625,-0.257124,0.111781,-0.369436,-0.257820,0.210195,-0.382031,-0.257472,0.180472,-0.413511,-0.231196,0.203970,-0.423754,-0.169364,0.235762,-0.421013,-0.226732
2026-07-16 16:32:50.361,146.999860,0.000000,0.000000,0.000000,0.308926,-0.393620,-0.257992,0.111940,-0.367406,-0.257827,0.210433,-0.380513,-0.257909,0.180472,-0.413511,-0.231196,0.203762,-0.424731,-0.169480,0.235762,-0.421013,-0.226732
2026-07-16 16:32:50.461,147.099860,0.000000,0.000000,0.000000,0.308412,-0.390444,-0.257066,0.111517,-0.366322,-0.256894,0.209964,-0.378383,-0.256980,0.180287,-0.409381,-0.230273,0.203785,-0.419624,-0.168441,0.235825,-0.415912,-0.225772
2026-07-16 16:32:50.561,147.199860,0.000000,0.000000,0.000000,0.308459,-0.391477,-0.257297,0.111642,-0.366339,-0.257128,0.210051,-0.378908,-0.257212,0.180333,-0.410414,-0.230504,0.203831,-0.420657,-0.168672,0.235871,-0.416945,-0.226002
2026-07-16 16:32:50.661,147.299860,0.000000,0.000000,0.000000,0.308505,-0.392509,-0.257527,0.111609,-0.368387,-0.257355,0.210057,-0.380448,-0.257441,0.180379,-0.411446,-0.230735,0.203670,-0.422666,-0.169019,0.235669,-0.418949,-0.226271
2026-07-16 16:32:50.761,147.399859,0.000000,0.000000,0.000000,0.308840,-0.399788,-0.258277,0.112092,-0.373584,-0.258976,0.210466,-0.386686,-0.258627,0.180703,-0.418673,-0.232349,0.203994,-0.429893,-0.170634,0.235993,-0.426175,-0.227886
2026-07-16 16:32:50.861,147.499859,0.000000,0.000000,0.000000,0.308223,-0.394496,-0.257754,0.111735,-0.368404,-0.257589,0.209979,-0.381450,-0.257672,0.180426,-0.412478,-0.230965,0.204295,-0.424866,-0.169388,0.235964,-0.419010,-0.226463
2026-07-16 16:32:50.961,147.599859,0.000000,0.000000,0.000000,0.308366,-0.389412,-0.256835,0.111470,-0.365289,-0.256663,0.209918,-0.377351,-0.256749,0.180240,-0.408349,-0.230043,0.204214,-0.420248,-0.168407,0.235530,-0.415851,-0.225579
2026-07-16 16:32:51.061,147.699859,0.000000,0.000000,0.000000,0.308926,-0.393620,-0.257992,0.111781,-0.369436,-0.257820,0.210354,-0.381528,-0.257906,0.180472,-0.413511,-0.231196,0.204550,-0.424922,-0.169502,0.235762,-0.421013,-0.226732
2026-07-16 16:32:51.161,147.799859,0.000000,0.000000,0.000000,0.308598,-0.394574,-0.257989,0.111781,-0.369436,-0.257820,0.210189,-0.382005,-0.257904,0.179507,-0.414309,-0.231207,0.204550,-0.424922,-0.169502,0.235762,-0.421013,-0.226732
2026-07-16 16:32:51.261,147.899859,0.000000,0.000000,0.000000,0.308459,-0.391477,-0.257297,0.111642,-0.366339,-0.257128,0.210051,-0.378908,-0.257212,0.179543,-0.410222,-0.230483,0.204620,-0.420848,-0.168693,0.235623,-0.417916,-0.226041
2026-07-16 16:32:51.361,147.999859,0.000000,0.000000,0.000000,0.308880,-0.392587,-0.257762,0.111655,-0.369419,-0.257586,0.210268,-0.381003,-0.257674,0.179625,-0.412239,-0.231756,0.204504,-0.423889,-0.169271,0.235715,-0.419981,-0.226502
2026-07-16 16:32:51.461,148.099859,0.000000,0.000000,0.000000,0.308598,-0.394574,-0.257989,0.111781,-0.369436,-0.257820,0.210189,-0.382005,-0.257904,0.179682,-0.413320,-0.231175,0.204759,-0.423945,-0.169385,0.235762,-0.421013,-0.226732
2026-07-16 16:32:51.561,148.199859,0.000000,0.000000,0.000000,0.308741,-0.389490,-0.257070,0.111596,-0.365307,-0.256897,0.210168,-0.377398,-0.256983,0.179497,-0.409190,-0.230252,0.204365,-0.420792,-0.168579,0.235576,-0.416884,-0.225810
2026-07-16 16:32:51.661,148.299859,0.000000,0.000000,0.000000,0.308412,-0.390444,-0.257066,0.111596,-0.365307,-0.256897,0.210004,-0.377876,-0.256982,0.179486,-0.409142,-0.231065,0.204260,-0.421280,-0.168638,0.235825,-0.415912,-0.225772
2026-07-16 16:32:51.761,148.399858,0.000000,0.000000,0.000000,0.308505,-0.392509,-0.257527,0.111609,-0.368387,-0.257355,0.210057,-0.380448,-0.257441,0.179579,-0.411206,-0.231526,0.203877,-0.421689,-0.168903,0.235669,-0.418949,-0.226271
2026-07-16 16:32:51.861,148.499858,0.000000,0.000000,0.000000,0.308598,-0.394574,-0.257989,0.111702,-0.370451,-0.257816,0.210150,-0.382513,-0.257902,0.179672,-0.413271,-0.231987,0.204759,-0.423945,-0.169385,0.235762,-0.421013,-0.226732
2026-07-16 16:32:51.961,148.599858,0.000000,0.000000,0.000000,0.308501,-0.400691,-0.259138,0.112092,-0.373584,-0.258976,0.210296,-0.387137,-0.259057,0.179903,-0.418433,-0.233140,0.204201,-0.428916,-0.170517,0.235993,-0.426175,-0.227886
2026-07-16 16:32:52.061,148.699858,0.000000,0.000000,0.000000,0.308470,-0.391528,-0.256432,0.111642,-0.366339,-0.257128,0.210056,-0.378934,-0.256780,0.179533,-0.410174,-0.231295,0.203831,-0.420657,-0.168672,0.235623,-0.417916,-0.226041
2026-07-16 16:32:52.161,148.799858,0.000000,0.000000,0.000000,0.290186,-0.414947,-0.235245,0.094471,-0.382325,-0.235442,0.192329,-0.398636,-0.235343,0.160853,-0.427142,-0.207464,0.185229,-0.434870,-0.144471,0.216649,-0.436706,-0.202080
2026-07-16 16:32:52.261,148.899858,0.000000,0.000000,0.000000,0.309069,-0.388535,-0.257073,0.111517,-0.366322,-0.256894,0.210293,-0.377429,-0.256984,0.179497,-0.409190,-0.230252,0.203785,-0.419624,-0.168441,0.235576,-0.416884,-0.225810
2026-07-16 16:32:52.361,148.999858,0.000000,0.000000,0.000000,0.308695,-0.388458,-0.256839,0.111629,-0.363259,-0.256670,0.210162,-0.375859,-0.256755,0.179440,-0.408109,-0.230834,0.203738,-0.418592,-0.168211,0.235530,-0.415851,-0.225579
2026-07-16 16:32:52.461,149.099858,0.000000,0.000000,0.000000,0.309218,-0.389667,-0.255994,0.111629,-0.363259,-0.256670,0.210423,-0.376463,-0.256332,0.179440,-0.408109,-0.230834,0.203531,-0.419569,-0.168327,0.235530,-0.415851,-0.225579
2026-07-16 16:32:52.561,149.199858,0.000000,0.000000,0.000000,0.308833,-0.391555,-0.257531,0.111609,-0.368387,-0.257355,0.210221,-0.379971,-0.257443,0.179579,-0.411206,-0.231526,0.203888,-0.421738,-0.168091,0.235918,-0.417977,-0.226233
2026-07-16 16:32:52.661,149.299858,0.000000,0.000000,0.000000,0.308551,-0.393542,-0.257758,0.111735,-0.368404,-0.257589,0.210143,-0.380973,-0.257674,0.179625,-0.412239,-0.231756,0.203934,-0.422770,-0.168322,0.235964,-0.419010,-0.226463
2026-07-16 16:32:52.761,149.399858,0.000000,0.000000,0.000000,0.308690,-0.396639,-0.258450,0.111874,-0.371501,-0.258281,0.210282,-0.384070,-0.258365,0.179764,-0.415336,-0.232448,0.203865,-0.426844,-0.169131,0.236103,-0.422107,-0.227155
2026-07-16 16:32:52.861,149.499857,0.000000,0.000000,0.000000,0.308833,-0.391555,-0.257531,0.111689,-0.367372,-0.257359,0.210261,-0.379463,-0.257445,0.179579,-0.411206,-0.231526,0.203888,-0.421738,-0.168091,0.235669,-0.418949,-0.226271
2026-07-16 16:32:52.961,149.599857,0.000000,0.000000,0.000000,0.308551,-0.393542,-0.257758,0.111655,-0.369419,-0.257586,0.210103,-0.381480,-0.257672,0.179625,-0.412239,-0.231756,0.204514,-0.423938,-0.168461,0.235715,-0.419981,-0.226502
2026-07-16 16:32:53.061,149.699857,0.000000,0.000000,0.000000,0.309218,-0.389667,-0.255994,0.111470,-0.365289,-0.256663,0.210344,-0.377478,-0.256328,0.179450,-0.408158,-0.230021,0.204548,-0.418880,-0.166609,0.235530,-0.415851,-0.225579
2026-07-16 16:32:53.161,149.799857,0.000000,0.000000,0.000000,0.308644,-0.395606,-0.258219,0.111907,-0.369454,-0.258054,0.210275,-0.382530,-0.258137,0.179728,-0.414352,-0.231405,0.204037,-0.424883,-0.167971,0.236057,-0.421074,-0.226925
2026-07-16 16:32:53.261,149.899857,0.000000,0.000000,0.000000,0.308366,-0.389412,-0.256835,0.111550,-0.364274,-0.256667,0.209958,-0.376843,-0.256751,0.179450,-0.408158,-0.230021,0.203655,-0.419177,-0.166647,0.235530,-0.415851,-0.225579
2026-07-16 16:32:53.361,149.999857,0.000000,0.000000,0.000000,0.308459,-0.391477,-0.257297,0.111722,-0.365324,-0.257131,0.210090,-0.378401,-0.257214,0.179533,-0.410174,-0.231295,0.203851,-0.420754,-0.167049,0.235871,-0.416945,-0.226002
2026-07-16 16:32:53.461,150.099857,0.000000,0.000000,0.000000,0.308412,-0.390444,-0.257066,0.111676,-0.364292,-0.256901,0.210044,-0.377368,-0.256983,0.179497,-0.409190,-0.230252,0.203805,-0.419721,-0.166818,0.235576,-0.416884,-0.225810
2026-07-16 16:32:53.561,150.199857,0.000000,0.000000,0.000000,0.309019,-0.395684,-0.258453,0.111953,-0.370486,-0.258285,0.210486,-0.383085,-0.258369,0.179774,-0.415384,-0.231636,0.204291,-0.424939,-0.168083,0.235854,-0.423078,-0.227194
2026-07-16 16:32:53.661,150.299857,0.000000,0.000000,0.000000,0.308412,-0.390444,-0.257066,0.111596,-0.365307,-0.256897,0.210004,-0.377876,-0.256982,0.179497,-0.409190,-0.230252,0.204594,-0.419912,-0.166840,0.235576,-0.416884,-0.225810
2026-07-16 16:32:53.761,150.399857,0.000000,0.000000,0.000000,0.308833,-0.391555,-0.257531,0.111689,-0.367372,-0.257359,0.210261,-0.379463,-0.257445,0.179589,-0.411255,-0.230713,0.204697,-0.422025,-0.166489,0.235669,-0.418949,-0.226271
2026-07-16 16:32:53.861,150.499856,0.000000,0.000000,0.000000,0.308315,-0.396561,-0.258216,0.111748,-0.371484,-0.258047,0.210032,-0.384022,-0.258131,0.179728,-0.414352,-0.231405,0.204627,-0.426099,-0.167301,0.236057,-0.421074,-0.226925
2026-07-16 16:32:53.961,150.599856,0.000000,0.000000,0.000000,0.308695,-0.388458,-0.256839,0.111550,-0.364274,-0.256667,0.210122,-0.376366,-0.256753,0.179450,-0.408158,-0.230021,0.204767,-0.417951,-0.165678,0.235779,-0.414880,-0.225541
2026-07-16 16:32:54.061,150.699856,0.000000,0.000000,0.000000,0.308320,-0.388379,-0.256605,0.111424,-0.364257,-0.256432,0.209872,-0.376318,-0.256519,0.180194,-0.407316,-0.229812,0.204522,-0.417944,-0.164755,0.235732,-0.413847,-0.225310
2026-07-16 16:32:54.161,150.799856,0.000000,0.000000,0.000000,0.308695,-0.388458,-0.256839,0.111550,-0.364274,-0.256667,0.210122,-0.376366,-0.256753,0.180240,-0.408349,-0.230043,0.204360,-0.419953,-0.165107,0.235779,-0.414880,-0.225541
2026-07-16 16:32:54.261,150.899856,0.000000,0.000000,0.000000,0.290551,-0.414008,-0.235306,0.094471,-0.382325,-0.235442,0.192511,-0.398167,-0.235374,0.161650,-0.427366,-0.206665,0.186330,-0.434124,-0.140358,0.216934,-0.435744,-0.202100
2026-07-16 16:32:54.361,150.999856,0.000000,0.000000,0.000000,0.308833,-0.391555,-0.257531,0.111609,-0.368387,-0.257355,0.210221,-0.379971,-0.257443,0.180379,-0.411446,-0.230735,0.204519,-0.423146,-0.164178,0.235918,-0.417977,-0.226233
2026-07-16 16:32:54.461,151.099856,0.000000,0.000000,0.000000,0.308690,-0.396639,-0.258450,0.111953,-0.370486,-0.258285,0.210322,-0.383563,-0.258367,0.180565,-0.415576,-0.231657,0.205132,-0.425372,-0.164042,0.236103,-0.422107,-0.227155
2026-07-16 16:32:54.561,151.199856,0.000000,0.000000,0.000000,0.308891,-0.392639,-0.256896,0.111655,-0.369419,-0.257586,0.210273,-0.381029,-0.257241,0.180426,-0.412478,-0.230965,0.204586,-0.424275,-0.162788,0.235964,-0.419010,-0.226463
2026-07-16 16:32:54.661,151.299856,0.000000,0.000000,0.000000,0.309019,-0.395684,-0.258453,0.111794,-0.372516,-0.258278,0.210407,-0.384100,-0.258366,0.180575,-0.415624,-0.230845,0.204155,-0.426254,-0.162522,0.236103,-0.422107,-0.227155
2026-07-16 16:32:54.761,151.399856,0.000000,0.000000,0.000000,0.309019,-0.395684,-0.258453,0.111874,-0.371501,-0.258281,0.210446,-0.383593,-0.258367,0.180575,-0.415624,-0.230845,0.203750,-0.428255,-0.161966,0.236103,-0.422107,-0.227155
2026-07-16 16:32:54.861,151.499856,0.000000,0.000000,0.000000,0.308937,-0.393671,-0.257127,0.111781,-0.369436,-0.257820,0.210359,-0.381554,-0.257473,0.181272,-0.413750,-0.230405,0.203667,-0.426238,-0.160695,0.236010,-0.420042,-0.226694
2026-07-16 16:32:54.961,151.599855,0.000000,0.000000,0.000000,0.309019,-0.395684,-0.258453,0.111953,-0.370486,-0.258285,0.210486,-0.383085,-0.258369,0.181365,-0.415815,-0.230866,0.203978,-0.427375,-0.160217,0.236103,-0.422107,-0.227155
2026-07-16 16:32:55.061,151.699855,0.000000,0.000000,0.000000,0.308787,-0.390522,-0.257300,0.111563,-0.367354,-0.257124,0.210175,-0.378938,-0.257212,0.181133,-0.410653,-0.229713,0.203549,-0.423237,-0.158385,0.235871,-0.416945,-0.226002
2026-07-16 16:32:55.161,151.799855,0.000000,0.000000,0.000000,0.308655,-0.395658,-0.257355,0.111828,-0.370469,-0.258050,0.210241,-0.383063,-0.257703,0.181319,-0.414783,-0.230635,0.203734,-0.427367,-0.159307,0.236067,-0.421123,-0.226104
2026-07-16 16:32:55.261,151.899855,0.000000,0.000000,0.000000,0.308459,-0.391477,-0.257297,0.111642,-0.366339,-0.257128,0.210051,-0.378908,-0.257212,0.181144,-0.410701,-0.228900,0.202979,-0.422119,-0.157422,0.236130,-0.416022,-0.225142
2026-07-16 16:32:55.361,151.999855,0.000000,0.000000,0.000000,0.308505,-0.392509,-0.257527,0.111609,-0.368387,-0.257355,0.210057,-0.380448,-0.257441,0.181190,-0.411734,-0.229131,0.203242,-0.422223,-0.156709,0.236177,-0.417054,-0.225373
2026-07-16 16:32:55.461,152.099855,0.000000,0.000000,0.000000,0.308787,-0.390522,-0.257300,0.111563,-0.367354,-0.257124,0.210175,-0.378938,-0.257212,0.181144,-0.410701,-0.228900,0.203196,-0.421191,-0.156478,0.236130,-0.416022,-0.225142
2026-07-16 16:32:55.561,152.199855,0.000000,0.000000,0.000000,0.308598,-0.394574,-0.257989,0.111781,-0.369436,-0.257820,0.210189,-0.382005,-0.257904,0.181283,-0.413799,-0.229592,0.202752,-0.423121,-0.157016,0.236269,-0.419119,-0.225834
2026-07-16 16:32:55.661,152.299855,0.000000,0.000000,0.000000,0.308926,-0.393620,-0.257992,0.111861,-0.368421,-0.257823,0.210393,-0.381020,-0.257908,0.181283,-0.413799,-0.229592,0.202536,-0.424049,-0.157960,0.236269,-0.419119,-0.225834
2026-07-16 16:32:55.761,152.399855,0.000000,0.000000,0.000000,0.309030,-0.395736,-0.257588,0.111874,-0.371501,-0.258281,0.210452,-0.383619,-0.257934,0.181375,-0.415863,-0.230053,0.202207,-0.428019,-0.159495,0.236362,-0.421184,-0.226296
2026-07-16 16:32:55.861,152.499855,0.000000,0.000000,0.000000,0.308574,-0.394058,-0.257873,0.111838,-0.367905,-0.257708,0.210206,-0.380982,-0.257791,0.181249,-0.413234,-0.230289,0.202070,-0.425341,-0.160537,0.236246,-0.418603,-0.225719
2026-07-16 16:32:55.961,152.599854,0.000000,0.000000,0.000000,0.308706,-0.388509,-0.255973,0.111550,-0.364274,-0.256667,0.210128,-0.376392,-0.256320,0.181041,-0.408588,-0.229252,0.201841,-0.420599,-0.161118,0.235789,-0.414929,-0.224721
2026-07-16 16:32:56.061,152.699854,0.000000,0.000000,0.000000,0.308926,-0.393620,-0.257992,0.111781,-0.369436,-0.257820,0.210354,-0.381528,-0.257906,0.180307,-0.414549,-0.230417,0.202464,-0.423711,-0.163641,0.236021,-0.420091,-0.225874
2026-07-16 16:32:56.161,152.799854,0.000000,0.000000,0.000000,0.308690,-0.396639,-0.258450,0.111874,-0.371501,-0.258281,0.210282,-0.384070,-0.258365,0.180565,-0.415576,-0.231657,0.202125,-0.427633,-0.165969,0.235865,-0.423127,-0.226374
2026-07-16 16:32:56.261,152.899854,0.000000,0.000000,0.000000,0.308551,-0.393542,-0.257758,0.111814,-0.367389,-0.257593,0.210183,-0.380465,-0.257675,0.179635,-0.412287,-0.230944,0.201955,-0.424392,-0.167705,0.235715,-0.419981,-0.226502
2026-07-16 16:32:56.361,152.999854,0.000000,0.000000,0.000000,0.308362,-0.397593,-0.258446,0.111794,-0.372516,-0.258278,0.210078,-0.385055,-0.258362,0.179590,-0.416326,-0.232480,0.202063,-0.427344,-0.170825,0.235606,-0.424050,-0.227232
2026-07-16 16:32:56.461,153.099854,0.000000,0.000000,0.000000,0.308412,-0.390444,-0.257066,0.111676,-0.364292,-0.256901,0.210044,-0.377368,-0.256983,0.178523,-0.409941,-0.231075,0.202552,-0.421244,-0.171081,0.235328,-0.417855,-0.225848
2026-07-16 16:32:56.561,153.199854,0.000000,0.000000,0.000000,0.309918,-0.396972,-0.257841,0.111851,-0.373599,-0.257669,0.210884,-0.385285,-0.257755,0.178847,-0.417168,-0.232689,0.203072,-0.427445,-0.173393,0.235652,-0.425082,-0.227463
2026-07-16 16:32:56.661,153.299854,0.000000,0.000000,0.000000,0.308551,-0.393542,-0.257758,0.111735,-0.368404,-0.257589,0.210143,-0.380973,-0.257674,0.178651,-0.412990,-0.232578,0.202660,-0.424196,-0.174201,0.234671,-0.420760,-0.226519
2026-07-16 16:32:56.761,153.399854,0.000000,0.000000,0.000000,0.308331,-0.388431,-0.255740,0.111503,-0.363242,-0.256436,0.209917,-0.375836,-0.256088,0.178420,-0.407828,-0.231425,0.202418,-0.418986,-0.173857,0.234192,-0.416570,-0.225404
2026-07-16 16:32:56.861,153.499854,0.000000,0.000000,0.000000,0.308470,-0.391528,-0.256432,0.111653,-0.366389,-0.256288,0.210061,-0.378959,-0.256360,0.178559,-0.410925,-0.232117,0.202557,-0.422083,-0.174549,0.234321,-0.419618,-0.226913
2026-07-16 16:32:56.961,153.599854,0.000000,0.000000,0.000000,0.308366,-0.389412,-0.256835,0.111470,-0.365289,-0.256663,0.209918,-0.377351,-0.256749,0.178466,-0.408860,-0.231656,0.203044,-0.421186,-0.174218,0.234228,-0.417554,-0.226451
2026-07-16 16:32:57.061,153.699853,0.000000,0.000000,0.000000,0.308787,-0.390522,-0.257300,0.111563,-0.367354,-0.257124,0.210175,-0.378938,-0.257212,0.178559,-0.410925,-0.232117,0.203344,-0.422274,-0.174570,0.234568,-0.418647,-0.226875
2026-07-16 16:32:57.161,153.799853,0.000000,0.000000,0.000000,0.308516,-0.392561,-0.256663,0.111689,-0.367372,-0.257359,0.210102,-0.379966,-0.257011,0.178789,-0.411015,-0.231504,0.203390,-0.423306,-0.174801,0.234625,-0.419728,-0.226288
2026-07-16 16:32:57.261,153.899853,0.000000,0.000000,0.000000,0.308787,-0.390522,-0.257300,0.111642,-0.366339,-0.257128,0.210215,-0.378431,-0.257214,0.178742,-0.409983,-0.231274,0.204131,-0.422464,-0.174592,0.234455,-0.419181,-0.226076
2026-07-16 16:32:57.361,153.999853,0.000000,0.000000,0.000000,0.308695,-0.388458,-0.256839,0.111550,-0.364274,-0.256667,0.210122,-0.376366,-0.256753,0.179440,-0.408109,-0.230834,0.204048,-0.420447,-0.173321,0.234486,-0.416631,-0.225596
2026-07-16 16:32:57.461,154.099853,0.000000,0.000000,0.000000,0.308833,-0.391555,-0.257531,0.111609,-0.368387,-0.257355,0.210221,-0.379971,-0.257443,0.179579,-0.411206,-0.231526,0.204396,-0.422567,-0.173903,0.234625,-0.419728,-0.226288
2026-07-16 16:32:57.561,154.199853,0.000000,0.000000,0.000000,0.309593,-0.389745,-0.256227,0.111596,-0.365307,-0.256897,0.210595,-0.377526,-0.256562,0.179671,-0.408200,-0.230219,0.204892,-0.421718,-0.172764,0.234532,-0.417663,-0.225827
2026-07-16 16:32:57.661,154.299853,0.000000,0.000000,0.000000,0.308695,-0.388458,-0.256839,0.111629,-0.363259,-0.256670,0.210162,-0.375859,-0.256755,0.180240,-0.408349,-0.230043,0.205065,-0.419757,-0.171611,0.234734,-0.415659,-0.225558
2026-07-16 16:32:57.761,154.399853,0.000000,0.000000,0.000000,0.308602,-0.386393,-0.256378,0.111378,-0.363225,-0.256202,0.209990,-0.374809,-0.256290,0.180148,-0.406284,-0.229581,0.205761,-0.417883,-0.171172,0.234641,-0.413594,-0.225096
2026-07-16 16:32:57.861,154.499853,0.000000,0.000000,0.000000,0.308844,-0.391606,-0.256665,0.111609,-0.368387,-0.257355,0.210227,-0.379996,-0.257010,0.180379,-0.411446,-0.230735,0.206003,-0.423093,-0.171514,0.235120,-0.417784,-0.226211
2026-07-16 16:32:57.961,154.599853,0.000000,0.000000,0.000000,0.308130,-0.392431,-0.257293,0.111642,-0.366339,-0.257128,0.209886,-0.379385,-0.257210,0.180343,-0.410462,-0.229691,0.206956,-0.421275,-0.171192,0.234826,-0.417724,-0.226019
2026-07-16 16:32:58.061,154.699852,0.000000,0.000000,0.000000,0.308880,-0.392587,-0.257762,0.111814,-0.367389,-0.257593,0.210347,-0.379988,-0.257677,0.180601,-0.411489,-0.230933,0.207049,-0.423340,-0.171653,0.234919,-0.419788,-0.226480
2026-07-16 16:32:58.161,154.799852,0.000000,0.000000,0.000000,0.308598,-0.394574,-0.257989,0.111861,-0.368421,-0.257823,0.210229,-0.381498,-0.257906,0.181272,-0.413750,-0.230405,0.207884,-0.424563,-0.171905,0.234718,-0.421792,-0.226749
2026-07-16 16:32:58.261,154.899852,0.000000,0.000000,0.000000,0.308690,-0.396639,-0.258450,0.111794,-0.372516,-0.258278,0.210242,-0.384578,-0.258364,0.181365,-0.415815,-0.230866,0.207977,-0.426628,-0.172366,0.234810,-0.423857,-0.227210
2026-07-16 16:32:58.361,154.999852,0.000000,0.000000,0.000000,0.308320,-0.388379,-0.256605,0.111583,-0.362227,-0.256439,0.209951,-0.375303,-0.256522,0.180994,-0.407556,-0.229021,0.208395,-0.418560,-0.170543,0.234440,-0.415598,-0.225365
2026-07-16 16:32:58.461,155.099852,0.000000,0.000000,0.000000,0.308741,-0.389490,-0.257070,0.111596,-0.365307,-0.256897,0.210168,-0.377398,-0.256983,0.181087,-0.409620,-0.229482,0.208702,-0.419649,-0.170891,0.234780,-0.416691,-0.225788
2026-07-16 16:32:58.561,155.199852,0.000000,0.000000,0.000000,0.308690,-0.396639,-0.258450,0.111953,-0.370486,-0.258285,0.210322,-0.383563,-0.258367,0.181541,-0.414826,-0.230832,0.208970,-0.425795,-0.173087,0.235305,-0.421914,-0.227134
2026-07-16 16:32:58.661,155.299852,0.000000,0.000000,0.000000,0.308459,-0.391477,-0.257297,0.111642,-0.366339,-0.257128,0.210051,-0.378908,-0.257212,0.181923,-0.410844,-0.229734,0.209313,-0.421799,-0.172067,0.234826,-0.417724,-0.226019
2026-07-16 16:32:58.761,155.399852,0.000000,0.000000,0.000000,0.308562,-0.393593,-0.256894,0.111655,-0.369419,-0.257586,0.210109,-0.381506,-0.257240,0.182016,-0.412909,-0.230195,0.209621,-0.422889,-0.172417,0.234919,-0.419788,-0.226480
2026-07-16 16:32:58.861,155.499852,0.000000,0.000000,0.000000,0.308470,-0.391528,-0.256432,0.111573,-0.367404,-0.256285,0.210022,-0.379466,-0.256359,0.181913,-0.410796,-0.230547,0.210318,-0.421015,-0.171977,0.234276,-0.416559,-0.225959
2026-07-16 16:32:58.961,155.599852,0.000000,0.000000,0.000000,0.308983,-0.394704,-0.257357,0.111828,-0.370469,-0.258050,0.210405,-0.382586,-0.257704,0.182109,-0.414974,-0.230657,0.210503,-0.425145,-0.172899,0.235011,-0.421853,-0.226942
2026-07-16 16:32:59.061,155.699852,0.000000,0.000000,0.000000,0.308926,-0.393620,-0.257992,0.111861,-0.368421,-0.257823,0.210393,-0.381020,-0.257908,0.182240,-0.412952,-0.230393,0.210241,-0.425087,-0.172781,0.234415,-0.419656,-0.226651
2026-07-16 16:32:59.161,155.799851,0.000000,0.000000,0.000000,0.308187,-0.393515,-0.256660,0.111689,-0.367372,-0.257359,0.209938,-0.380443,-0.257009,0.181970,-0.411876,-0.229965,0.211144,-0.422190,-0.173041,0.235120,-0.417784,-0.226211
2026-07-16 16:32:59.261,155.899851,0.000000,0.000000,0.000000,0.308598,-0.394574,-0.257989,0.111702,-0.370451,-0.257816,0.210150,-0.382513,-0.257902,0.182240,-0.412952,-0.230393,0.211020,-0.425230,-0.173613,0.235213,-0.419849,-0.226673
2026-07-16 16:32:59.361,155.999851,0.000000,0.000000,0.000000,0.308794,-0.398755,-0.258047,0.111887,-0.374581,-0.258739,0.210340,-0.386668,-0.258393,0.182425,-0.417082,-0.231315,0.212212,-0.428576,-0.174446,0.235398,-0.423979,-0.227595
2026-07-16 16:32:59.461,156.099851,0.000000,0.000000,0.000000,0.309023,-0.387503,-0.256843,0.111550,-0.364274,-0.256667,0.210286,-0.375889,-0.256755,0.181821,-0.408731,-0.230086,0.211785,-0.419236,-0.173183,0.234981,-0.414687,-0.225519
2026-07-16 16:32:59.561,156.199851,0.000000,0.000000,0.000000,0.308880,-0.392587,-0.257762,0.111735,-0.368404,-0.257589,0.210307,-0.380496,-0.257675,0.182183,-0.411871,-0.230976,0.212760,-0.423556,-0.174127,0.235166,-0.418817,-0.226442
2026-07-16 16:32:59.661,156.299851,0.000000,0.000000,0.000000,0.308562,-0.393593,-0.256894,0.111735,-0.368404,-0.257589,0.210149,-0.380999,-0.257241,0.182796,-0.413052,-0.231029,0.212750,-0.423508,-0.174940,0.234369,-0.418624,-0.226420
2026-07-16 16:32:59.761,156.399851,0.000000,0.000000,0.000000,0.308470,-0.391528,-0.256432,0.111642,-0.366339,-0.257128,0.210056,-0.378934,-0.256780,0.182703,-0.410987,-0.230568,0.213437,-0.421586,-0.175313,0.234276,-0.416559,-0.225959
2026-07-16 16:32:59.861,156.499851,0.000000,0.000000,0.000000,0.308331,-0.388431,-0.255740,0.111424,-0.364257,-0.256432,0.209877,-0.376344,-0.256086,0.182564,-0.407889,-0.229876,0.213298,-0.418488,-0.174621,0.234137,-0.413462,-0.225267
2026-07-16 16:32:59.961,156.599851,0.000000,0.000000,0.000000,0.308787,-0.390522,-0.257300,0.111642,-0.366339,-0.257128,0.210215,-0.378431,-0.257214,0.182703,-0.410987,-0.230568,0.214439,-0.420754,-0.176040,0.234276,-0.416559,-0.225959
2026-07-16 16:33:00.061,156.699851,0.000000,0.000000,0.000000,0.308141,-0.392483,-0.256430,0.111642,-0.366339,-0.257128,0.209892,-0.379411,-0.256779,0.182703,-0.410987,-0.230568,0.214428,-0.420706,-0.176854,0.234266,-0.416510,-0.226779
2026-07-16 16:33:00.161,156.799850,0.000000,0.000000,0.000000,0.308833,-0.391555,-0.257531,0.111768,-0.366357,-0.257362,0.210301,-0.378956,-0.257446,0.182750,-0.412019,-0.230799,0.214686,-0.420715,-0.177794,0.234312,-0.417542,-0.227010
2026-07-16 16:33:00.261,156.899850,0.000000,0.000000,0.000000,0.308366,-0.389412,-0.256835,0.111550,-0.364274,-0.256667,0.209958,-0.376843,-0.256751,0.182611,-0.408922,-0.230107,0.214537,-0.417570,-0.177917,0.234173,-0.414445,-0.226318
2026-07-16 16:33:00.361,156.999850,0.000000,0.000000,0.000000,0.308972,-0.394652,-0.258223,0.111828,-0.370469,-0.258050,0.210400,-0.382560,-0.258137,0.182978,-0.414622,-0.231474,0.214804,-0.423716,-0.180116,0.234461,-0.420689,-0.226882
2026-07-16 16:33:00.461,157.099850,0.000000,0.000000,0.000000,0.308516,-0.392561,-0.256663,0.111689,-0.367372,-0.257359,0.210102,-0.379966,-0.257011,0.182928,-0.411030,-0.230766,0.213653,-0.421401,-0.179504,0.234322,-0.417591,-0.226190
2026-07-16 16:33:00.561,157.199850,0.000000,0.000000,0.000000,0.308880,-0.392587,-0.257762,0.111735,-0.368404,-0.257589,0.210307,-0.380496,-0.257675,0.182975,-0.412063,-0.230997,0.214129,-0.420436,-0.180347,0.234369,-0.418624,-0.226420
2026-07-16 16:33:00.661,157.299850,0.000000,0.000000,0.000000,0.308972,-0.394652,-0.258223,0.111748,-0.371484,-0.258047,0.210360,-0.383068,-0.258135,0.183858,-0.414319,-0.231480,0.213199,-0.423235,-0.181702,0.233664,-0.420496,-0.226860
2026-07-16 16:33:00.761,157.399850,0.000000,0.000000,0.000000,0.308412,-0.390444,-0.257066,0.111676,-0.364292,-0.256901,0.210044,-0.377368,-0.256983,0.183627,-0.409157,-0.230326,0.213187,-0.417098,-0.180449,0.233432,-0.415334,-0.225707
2026-07-16 16:33:00.861,157.499850,0.000000,0.000000,0.000000,0.308844,-0.391606,-0.256665,0.111609,-0.368387,-0.257355,0.210227,-0.379996,-0.257010,0.183719,-0.411222,-0.230788,0.212257,-0.419898,-0.181804,0.233525,-0.417398,-0.226168
2026-07-16 16:33:00.961,157.599850,0.000000,0.000000,0.000000,0.308459,-0.391477,-0.257297,0.111563,-0.367354,-0.257124,0.210011,-0.379416,-0.257211,0.183673,-0.410189,-0.230557,0.212211,-0.418866,-0.181573,0.233479,-0.416366,-0.225937
2026-07-16 16:33:01.061,157.699850,0.000000,0.000000,0.000000,0.308412,-0.390444,-0.257066,0.111517,-0.366322,-0.256894,0.209964,-0.378383,-0.256980,0.183807,-0.408168,-0.230294,0.211362,-0.417593,-0.182136,0.233432,-0.415334,-0.225707
2026-07-16 16:33:01.161,157.799850,0.000000,0.000000,0.000000,0.308602,-0.386393,-0.256378,0.111457,-0.362210,-0.256205,0.210030,-0.374301,-0.256292,0.183668,-0.405071,-0.229602,0.211223,-0.414496,-0.181444,0.233539,-0.411264,-0.224976
2026-07-16 16:33:01.261,157.899849,0.000000,0.000000,0.000000,0.309019,-0.395684,-0.258453,0.111794,-0.372516,-0.258278,0.210407,-0.384100,-0.258366,0.183905,-0.415351,-0.231710,0.211630,-0.423739,-0.184334,0.233710,-0.421528,-0.227091
2026-07-16 16:33:01.361,157.999849,0.000000,0.000000,0.000000,0.308844,-0.391606,-0.256665,0.111689,-0.367372,-0.257359,0.210267,-0.379489,-0.257012,0.183899,-0.410233,-0.230755,0.211445,-0.419609,-0.183412,0.233770,-0.416426,-0.226130
2026-07-16 16:33:01.461,158.099849,0.000000,0.000000,0.000000,0.309116,-0.389568,-0.257304,0.111653,-0.366389,-0.256288,0.210384,-0.377979,-0.256796,0.183853,-0.409201,-0.230525,0.211398,-0.418577,-0.183181,0.233724,-0.415394,-0.225899
2026-07-16 16:33:01.561,158.199849,0.000000,0.000000,0.000000,0.308926,-0.393620,-0.257992,0.111781,-0.369436,-0.257820,0.210354,-0.381528,-0.257906,0.184172,-0.411309,-0.231184,0.211320,-0.422650,-0.183970,0.233064,-0.418298,-0.226569
2026-07-16 16:33:01.661,158.299849,0.000000,0.000000,0.000000,0.308366,-0.389412,-0.256835,0.111550,-0.364274,-0.256667,0.209958,-0.376843,-0.256751,0.183760,-0.407136,-0.230063,0.211306,-0.416512,-0.182720,0.233386,-0.414301,-0.225476
2026-07-16 16:33:01.761,158.399849,0.000000,0.000000,0.000000,0.308880,-0.392587,-0.257762,0.111655,-0.369419,-0.257586,0.210268,-0.381003,-0.257674,0.183946,-0.411265,-0.230986,0.211274,-0.421618,-0.183739,0.233816,-0.417459,-0.226360
2026-07-16 16:33:01.861,158.499849,0.000000,0.000000,0.000000,0.308366,-0.389412,-0.256835,0.111550,-0.364274,-0.256667,0.209958,-0.376843,-0.256751,0.183570,-0.408076,-0.230910,0.210861,-0.418416,-0.183726,0.233621,-0.413280,-0.226259
2026-07-16 16:33:01.961,158.599849,0.000000,0.000000,0.000000,0.308459,-0.391477,-0.257297,0.111642,-0.366339,-0.257128,0.210051,-0.378908,-0.257212,0.183663,-0.410141,-0.231371,0.210954,-0.420480,-0.184187,0.233713,-0.415345,-0.226720
2026-07-16 16:33:02.061,158.699849,0.000000,0.000000,0.000000,0.308736,-0.397671,-0.258681,0.111920,-0.372534,-0.258512,0.210328,-0.385103,-0.258596,0.183150,-0.416144,-0.232733,0.211221,-0.426626,-0.186383,0.233746,-0.422512,-0.228142
2026-07-16 16:33:02.161,158.799849,0.000000,0.000000,0.000000,0.309019,-0.395684,-0.258453,0.111874,-0.371501,-0.258281,0.210446,-0.383593,-0.258367,0.182914,-0.416052,-0.233347,0.211737,-0.426712,-0.187080,0.233700,-0.421479,-0.227911
2026-07-16 16:33:02.261,158.899848,0.000000,0.000000,0.000000,0.308412,-0.390444,-0.257066,0.111676,-0.364292,-0.256901,0.210044,-0.377368,-0.256983,0.182024,-0.408677,-0.231911,0.211459,-0.420518,-0.185696,0.233411,-0.415236,-0.227347
2026-07-16 16:33:02.361,158.999848,0.000000,0.000000,0.000000,0.308366,-0.389412,-0.256835,0.111550,-0.364274,-0.256667,0.209958,-0.376843,-0.256751,0.181978,-0.407645,-0.231680,0.211184,-0.420413,-0.186369,0.233365,-0.414204,-0.227117
2026-07-16 16:33:02.461,159.099848,0.000000,0.000000,0.000000,0.308690,-0.396639,-0.258450,0.111874,-0.371501,-0.258281,0.210282,-0.384070,-0.258365,0.182302,-0.414872,-0.233295,0.211726,-0.426664,-0.187891,0.233689,-0.421430,-0.228731
2026-07-16 16:33:02.561,159.199848,0.000000,0.000000,0.000000,0.308787,-0.390522,-0.257300,0.111642,-0.366339,-0.257128,0.210215,-0.378431,-0.257214,0.182070,-0.409710,-0.232142,0.211277,-0.422478,-0.186830,0.233458,-0.416268,-0.227578
2026-07-16 16:33:02.661,159.299848,0.000000,0.000000,0.000000,0.308644,-0.395606,-0.258219,0.111748,-0.371484,-0.258047,0.210196,-0.383545,-0.258133,0.181464,-0.413648,-0.233043,0.211452,-0.426559,-0.188563,0.233643,-0.420398,-0.228501
2026-07-16 16:33:02.761,159.399848,0.000000,0.000000,0.000000,0.308598,-0.394574,-0.257989,0.111781,-0.369436,-0.257820,0.210189,-0.382005,-0.257904,0.181408,-0.412567,-0.233626,0.210400,-0.426313,-0.188402,0.234394,-0.419558,-0.228292
2026-07-16 16:33:02.861,159.499848,0.000000,0.000000,0.000000,0.308412,-0.390444,-0.257066,0.111517,-0.366322,-0.256894,0.209964,-0.378383,-0.256980,0.181233,-0.408486,-0.231890,0.210442,-0.421255,-0.186578,0.233411,-0.415236,-0.227347
2026-07-16 16:33:02.961,159.599848,0.000000,0.000000,0.000000,0.308926,-0.393620,-0.257992,0.111792,-0.369486,-0.256980,0.210359,-0.381553,-0.257486,0.181408,-0.412567,-0.233626,0.209840,-0.425194,-0.187479,0.233597,-0.419366,-0.228270
2026-07-16 16:33:03.061,159.699848,0.000000,0.000000,0.000000,0.308556,-0.385360,-0.256147,0.111411,-0.361177,-0.255975,0.209983,-0.373269,-0.256061,0.181037,-0.404308,-0.231781,0.209469,-0.416935,-0.185634,0.233226,-0.411106,-0.226425
2026-07-16 16:33:03.161,159.799848,0.000000,0.000000,0.000000,0.308695,-0.388458,-0.256839,0.111470,-0.365289,-0.256663,0.210082,-0.376874,-0.256751,0.181098,-0.407948,-0.231674,0.208831,-0.419890,-0.185495,0.233365,-0.414204,-0.227117
2026-07-16 16:33:03.261,159.899848,0.000000,0.000000,0.000000,0.309019,-0.395684,-0.258453,0.111874,-0.371501,-0.258281,0.210446,-0.383593,-0.258367,0.181511,-0.414680,-0.233273,0.209370,-0.426140,-0.187016,0.233689,-0.421430,-0.228731
2026-07-16 16:33:03.361,159.999847,0.000000,0.000000,0.000000,0.308787,-0.390522,-0.257300,0.111563,-0.367354,-0.257124,0.210175,-0.378938,-0.257212,0.181279,-0.409518,-0.232120,0.208135,-0.421764,-0.185935,0.233458,-0.416268,-0.227578
2026-07-16 16:33:03.461,160.099847,0.000000,0.000000,0.000000,0.308833,-0.391555,-0.257531,0.111689,-0.367372,-0.257359,0.210261,-0.379463,-0.257445,0.181325,-0.410551,-0.232351,0.207606,-0.421629,-0.186050,0.233504,-0.417301,-0.227809
2026-07-16 16:33:03.561,160.199847,0.000000,0.000000,0.000000,0.308459,-0.391477,-0.257297,0.111642,-0.366339,-0.257128,0.210051,-0.378908,-0.257212,0.181279,-0.409518,-0.232120,0.206771,-0.420406,-0.185798,0.233458,-0.416268,-0.227578
2026-07-16 16:33:03.661,160.299847,0.000000,0.000000,0.000000,0.308787,-0.390522,-0.257300,0.111642,-0.366339,-0.257128,0.210215,-0.378431,-0.257214,0.181279,-0.409518,-0.232120,0.205771,-0.421192,-0.185871,0.233468,-0.416317,-0.226758
2026-07-16 16:33:03.761,160.399847,0.000000,0.000000,0.000000,0.308598,-0.394574,-0.257989,0.111702,-0.370451,-0.257816,0.210150,-0.382513,-0.257902,0.181418,-0.412616,-0.232812,0.206121,-0.423312,-0.186469,0.233351,-0.420338,-0.228306
2026-07-16 16:33:03.861,160.499847,0.000000,0.000000,0.000000,0.308366,-0.389412,-0.256835,0.111629,-0.363259,-0.256670,0.209998,-0.376336,-0.256753,0.180395,-0.407262,-0.231638,0.205100,-0.417959,-0.185294,0.233365,-0.414204,-0.227117
2026-07-16 16:33:03.961,160.599847,0.000000,0.000000,0.000000,0.308937,-0.393671,-0.257127,0.111781,-0.369436,-0.257820,0.210359,-0.381554,-0.257473,0.180616,-0.412376,-0.233604,0.205112,-0.424051,-0.187351,0.233351,-0.420338,-0.228306
2026-07-16 16:33:04.061,160.699847,0.000000,0.000000,0.000000,0.308695,-0.388458,-0.256839,0.111550,-0.364274,-0.256667,0.210122,-0.376366,-0.256753,0.180220,-0.408252,-0.231668,0.204093,-0.418698,-0.186177,0.233120,-0.415176,-0.227153
2026-07-16 16:33:04.161,160.799847,0.000000,0.000000,0.000000,0.308972,-0.394652,-0.258223,0.111828,-0.370469,-0.258050,0.210400,-0.382560,-0.258137,0.179697,-0.414207,-0.233843,0.204381,-0.424941,-0.186750,0.233398,-0.421370,-0.228537
2026-07-16 16:33:04.261,160.899847,0.000000,0.000000,0.000000,0.308659,-0.387477,-0.255743,0.111503,-0.363242,-0.256436,0.210081,-0.375359,-0.256089,0.179373,-0.406980,-0.232228,0.203061,-0.418502,-0.185208,0.233073,-0.414143,-0.226922
2026-07-16 16:33:04.361,160.999846,0.000000,0.000000,0.000000,0.308884,-0.384406,-0.256151,0.111490,-0.360162,-0.255978,0.210187,-0.372284,-0.256064,0.179106,-0.405905,-0.231796,0.202979,-0.416485,-0.183938,0.233777,-0.412271,-0.226483
2026-07-16 16:33:04.461,161.099846,0.000000,0.000000,0.000000,0.308926,-0.393620,-0.257992,0.111861,-0.368421,-0.257823,0.210393,-0.381020,-0.257908,0.179477,-0.414165,-0.233642,0.203152,-0.425771,-0.185069,0.234148,-0.420531,-0.228328
2026-07-16 16:33:04.561,161.199846,0.000000,0.000000,0.000000,0.308551,-0.393542,-0.257758,0.111735,-0.368404,-0.257589,0.210143,-0.380973,-0.257674,0.179430,-0.413132,-0.233411,0.203106,-0.424739,-0.184838,0.234348,-0.418526,-0.228061
2026-07-16 16:33:04.661,161.299846,0.000000,0.000000,0.000000,0.308598,-0.394574,-0.257989,0.111781,-0.369436,-0.257820,0.210189,-0.382005,-0.257904,0.179477,-0.414165,-0.233642,0.203380,-0.424889,-0.183355,0.234394,-0.419558,-0.228292
2026-07-16 16:33:04.761,161.399846,0.000000,0.000000,0.000000,0.308505,-0.392509,-0.257527,0.111689,-0.367372,-0.257359,0.210097,-0.379940,-0.257443,0.179394,-0.412148,-0.232369,0.203308,-0.422921,-0.181275,0.234302,-0.417494,-0.227830
2026-07-16 16:33:04.861,161.499846,0.000000,0.000000,0.000000,0.308787,-0.390522,-0.257300,0.111642,-0.366339,-0.257128,0.210215,-0.378431,-0.257214,0.180137,-0.411306,-0.232160,0.203860,-0.423153,-0.179549,0.234019,-0.417482,-0.226817
2026-07-16 16:33:04.961,161.599846,0.000000,0.000000,0.000000,0.309019,-0.395684,-0.258453,0.111874,-0.371501,-0.258281,0.210446,-0.383593,-0.258367,0.180554,-0.415527,-0.232470,0.204112,-0.428411,-0.179086,0.235047,-0.422837,-0.227991
2026-07-16 16:33:05.061,161.699846,0.000000,0.000000,0.000000,0.308320,-0.388379,-0.256605,0.111503,-0.363242,-0.256436,0.209912,-0.375811,-0.256520,0.180974,-0.407459,-0.230646,0.204758,-0.419461,-0.175539,0.234677,-0.414577,-0.226146
2026-07-16 16:33:05.161,161.799846,0.000000,0.000000,0.000000,0.308736,-0.397671,-0.258681,0.111841,-0.373549,-0.258508,0.210289,-0.385610,-0.258594,0.181391,-0.416751,-0.232722,0.205195,-0.428849,-0.175997,0.235589,-0.421926,-0.228148
2026-07-16 16:33:05.261,161.899846,0.000000,0.000000,0.000000,0.308598,-0.394574,-0.257989,0.111781,-0.369436,-0.257820,0.210189,-0.382005,-0.257904,0.181252,-0.413653,-0.232030,0.205077,-0.425848,-0.173686,0.235213,-0.419849,-0.226673
2026-07-16 16:33:05.361,161.999846,0.000000,0.000000,0.000000,0.308695,-0.388458,-0.256839,0.111470,-0.365289,-0.256663,0.210082,-0.376874,-0.256751,0.181821,-0.408731,-0.230086,0.204856,-0.420734,-0.171724,0.235105,-0.414201,-0.225500
2026-07-16 16:33:05.461,162.099845,0.000000,0.000000,0.000000,0.309255,-0.392665,-0.257996,0.111702,-0.370451,-0.257816,0.210478,-0.381558,-0.257906,0.182230,-0.412904,-0.231206,0.205884,-0.426134,-0.172089,0.235460,-0.418877,-0.226634
2026-07-16 16:33:05.561,162.199845,0.000000,0.000000,0.000000,0.308412,-0.390444,-0.257066,0.111596,-0.365307,-0.256897,0.210004,-0.377876,-0.256982,0.182222,-0.407785,-0.230251,0.205720,-0.422101,-0.169548,0.235275,-0.414748,-0.225712
2026-07-16 16:33:05.661,162.299845,0.000000,0.000000,0.000000,0.308551,-0.393542,-0.257758,0.111735,-0.368404,-0.257589,0.210143,-0.380973,-0.257674,0.182975,-0.412063,-0.230997,0.206069,-0.424222,-0.170124,0.235424,-0.417894,-0.225582
2026-07-16 16:33:05.761,162.399845,0.000000,0.000000,0.000000,0.309297,-0.401879,-0.259837,0.112231,-0.376681,-0.259668,0.210764,-0.389280,-0.259753,0.183391,-0.421354,-0.233073,0.207168,-0.434193,-0.172279,0.236391,-0.428350,-0.227719
2026-07-16 16:33:05.861,162.499845,0.000000,0.000000,0.000000,0.308366,-0.389412,-0.256835,0.111550,-0.364274,-0.256667,0.209958,-0.376843,-0.256751,0.181998,-0.407742,-0.230053,0.206894,-0.419355,-0.168296,0.235105,-0.414201,-0.225500
2026-07-16 16:33:05.961,162.599845,0.000000,0.000000,0.000000,0.308787,-0.390522,-0.257300,0.111563,-0.367354,-0.257124,0.210175,-0.378938,-0.257212,0.182091,-0.409807,-0.230514,0.206987,-0.421420,-0.168757,0.235321,-0.415780,-0.225942
2026-07-16 16:33:06.061,162.699845,0.000000,0.000000,0.000000,0.308787,-0.390522,-0.257300,0.111642,-0.366339,-0.257128,0.210215,-0.378431,-0.257214,0.182180,-0.409312,-0.230498,0.206775,-0.422396,-0.168874,0.235321,-0.415780,-0.225942
2026-07-16 16:33:06.161,162.799845,0.000000,0.000000,0.000000,0.308505,-0.392509,-0.257527,0.111689,-0.367372,-0.257359,0.210097,-0.379940,-0.257443,0.182137,-0.410839,-0.230745,0.206821,-0.423429,-0.169105,0.235120,-0.417784,-0.226211
2026-07-16 16:33:06.261,162.899845,0.000000,0.000000,0.000000,0.308690,-0.396639,-0.258450,0.111953,-0.370486,-0.258285,0.210322,-0.383563,-0.258367,0.182322,-0.414969,-0.231667,0.207007,-0.427558,-0.170027,0.235553,-0.420942,-0.227095
2026-07-16 16:33:06.361,162.999845,0.000000,0.000000,0.000000,0.308695,-0.388458,-0.256839,0.111550,-0.364274,-0.256667,0.210122,-0.376366,-0.256753,0.181998,-0.407742,-0.230053,0.205894,-0.420141,-0.168391,0.235229,-0.413715,-0.225481
2026-07-16 16:33:06.461,163.099844,0.000000,0.000000,0.000000,0.308366,-0.389412,-0.256835,0.111470,-0.365289,-0.256663,0.209918,-0.377351,-0.256749,0.181998,-0.407742,-0.230053,0.205894,-0.420141,-0.168391,0.235229,-0.413715,-0.225481
2026-07-16 16:33:06.561,163.199844,0.000000,0.000000,0.000000,0.308787,-0.390522,-0.257300,0.111563,-0.367354,-0.257124,0.210175,-0.378938,-0.257212,0.182091,-0.409807,-0.230514,0.205766,-0.423134,-0.169778,0.235074,-0.416752,-0.225981
2026-07-16 16:33:06.661,163.299844,0.000000,0.000000,0.000000,0.308880,-0.392587,-0.257762,0.111735,-0.368404,-0.257589,0.210307,-0.380496,-0.257675,0.181392,-0.411680,-0.230954,0.206069,-0.424222,-0.170124,0.235414,-0.417845,-0.226404
2026-07-16 16:33:06.761,163.399844,0.000000,0.000000,0.000000,0.308690,-0.396639,-0.258450,0.111794,-0.372516,-0.258278,0.210242,-0.384578,-0.258364,0.181355,-0.415767,-0.231679,0.205997,-0.428296,-0.170932,0.235305,-0.421914,-0.227134
2026-07-16 16:33:06.861,163.499844,0.000000,0.000000,0.000000,0.308736,-0.397671,-0.258681,0.111841,-0.373549,-0.258508,0.210289,-0.385610,-0.258594,0.181577,-0.415810,-0.231877,0.206044,-0.429328,-0.171162,0.235352,-0.422946,-0.227364
2026-07-16 16:33:06.961,163.599844,0.000000,0.000000,0.000000,0.308695,-0.388458,-0.256839,0.111470,-0.365289,-0.256663,0.210082,-0.376874,-0.256751,0.181030,-0.408540,-0.230064,0.205673,-0.421069,-0.169317,0.234981,-0.414687,-0.225519
2026-07-16 16:33:07.061,163.699844,0.000000,0.000000,0.000000,0.308366,-0.389412,-0.256835,0.111550,-0.364274,-0.256667,0.209958,-0.376843,-0.256751,0.181207,-0.407550,-0.230032,0.204886,-0.420879,-0.169296,0.234981,-0.414687,-0.225519
2026-07-16 16:33:07.161,163.799844,0.000000,0.000000,0.000000,0.308366,-0.389412,-0.256835,0.111550,-0.364274,-0.256667,0.209958,-0.376843,-0.256751,0.181030,-0.408540,-0.230064,0.204886,-0.420879,-0.169296,0.234981,-0.414687,-0.225519
2026-07-16 16:33:07.261,163.899844,0.000000,0.000000,0.000000,0.308741,-0.389490,-0.257070,0.111437,-0.367337,-0.256890,0.210089,-0.378413,-0.256980,0.181077,-0.409572,-0.230295,0.204933,-0.421911,-0.169527,0.235027,-0.415719,-0.225750
2026-07-16 16:33:07.361,163.999844,0.000000,0.000000,0.000000,0.308459,-0.391477,-0.257297,0.111642,-0.366339,-0.257128,0.210051,-0.378908,-0.257212,0.181123,-0.410605,-0.230525,0.204979,-0.422943,-0.169757,0.235074,-0.416752,-0.225981
2026-07-16 16:33:07.461,164.099844,0.000000,0.000000,0.000000,0.308366,-0.389412,-0.256835,0.111550,-0.364274,-0.256667,0.209958,-0.376843,-0.256751,0.180240,-0.408349,-0.230043,0.205096,-0.419902,-0.169180,0.234981,-0.414687,-0.225519
2026-07-16 16:33:07.561,164.199843,0.000000,0.000000,0.000000,0.308598,-0.394574,-0.257989,0.111861,-0.368421,-0.257823,0.210229,-0.381498,-0.257906,0.180472,-0.413511,-0.231196,0.204540,-0.424873,-0.170312,0.235213,-0.419849,-0.226673
2026-07-16 16:33:07.661,164.299843,0.000000,0.000000,0.000000,0.308551,-0.393542,-0.257758,0.111735,-0.368404,-0.257589,0.210143,-0.380973,-0.257674,0.180426,-0.412478,-0.230965,0.204285,-0.424818,-0.170197,0.235166,-0.418817,-0.226442
2026-07-16 16:33:07.761,164.399843,0.000000,0.000000,0.000000,0.308829,-0.399736,-0.259142,0.112013,-0.374599,-0.258973,0.210421,-0.387167,-0.259057,0.180703,-0.418673,-0.232349,0.204563,-0.431012,-0.171581,0.235444,-0.425011,-0.227826
2026-07-16 16:33:07.861,164.499843,0.000000,0.000000,0.000000,0.309255,-0.392665,-0.257996,0.111702,-0.370451,-0.257816,0.210478,-0.381558,-0.257906,0.180472,-0.413511,-0.231196,0.204540,-0.424873,-0.170312,0.235213,-0.419849,-0.226673
2026-07-16 16:33:07.961,164.599843,0.000000,0.000000,0.000000,0.308366,-0.389412,-0.256835,0.111470,-0.365289,-0.256663,0.209918,-0.377351,-0.256749,0.180240,-0.408349,-0.230043,0.204308,-0.419711,-0.169159,0.234981,-0.414687,-0.225519
2026-07-16 16:33:08.061,164.699843,0.000000,0.000000,0.000000,0.308598,-0.394574,-0.257989,0.111702,-0.370451,-0.257816,0.210150,-0.382513,-0.257902,0.180472,-0.413511,-0.231196,0.204540,-0.424873,-0.170312,0.236010,-0.420042,-0.226694
2026-07-16 16:33:08.161,164.799843,0.000000,0.000000,0.000000,0.308602,-0.386393,-0.256378,0.111457,-0.362210,-0.256205,0.210030,-0.374301,-0.256292,0.180148,-0.406284,-0.229581,0.204216,-0.417647,-0.168698,0.234888,-0.412622,-0.225058
2026-07-16 16:33:08.261,164.899843,0.000000,0.000000,0.000000,0.308787,-0.390522,-0.257300,0.111642,-0.366339,-0.257128,0.210215,-0.378431,-0.257214,0.180333,-0.410414,-0.230504,0.204401,-0.421776,-0.169620,0.235074,-0.416752,-0.225981
2026-07-16 16:33:08.361,164.999843,0.000000,0.000000,0.000000,0.309076,-0.396768,-0.257819,0.111841,-0.373549,-0.258508,0.210458,-0.385159,-0.258163,0.180611,-0.416608,-0.231888,0.204679,-0.427971,-0.171004,0.235352,-0.422946,-0.227364
2026-07-16 16:33:08.461,165.099843,0.000000,0.000000,0.000000,0.308551,-0.393542,-0.257758,0.111576,-0.370434,-0.257582,0.210064,-0.381988,-0.257670,0.180426,-0.412478,-0.230965,0.204285,-0.424818,-0.170197,0.235166,-0.418817,-0.226442
2026-07-16 16:33:08.561,165.199842,0.000000,0.000000,0.000000,0.308366,-0.389412,-0.256835,0.111550,-0.364274,-0.256667,0.209958,-0.376843,-0.256751,0.180240,-0.408349,-0.230043,0.204100,-0.420688,-0.169275,0.234981,-0.414687,-0.225519
2026-07-16 16:33:08.661,165.299842,0.000000,0.000000,0.000000,0.308459,-0.391477,-0.257297,0.111642,-0.366339,-0.257128,0.210051,-0.378908,-0.257212,0.180333,-0.410414,-0.230504,0.204202,-0.422801,-0.168927,0.235074,-0.416752,-0.225981
2026-07-16 16:33:08.761,165.399842,0.000000,0.000000,0.000000,0.308459,-0.391477,-0.257297,0.111563,-0.367354,-0.257124,0.210011,-0.379416,-0.257211,0.180333,-0.410414,-0.230504,0.204411,-0.421825,-0.168810,0.235074,-0.416752,-0.225981
2026-07-16 16:33:08.861,165.499842,0.000000,0.000000,0.000000,0.308972,-0.394652,-0.258223,0.111907,-0.369454,-0.258054,0.210440,-0.382053,-0.258138,0.180518,-0.414543,-0.231427,0.204596,-0.425954,-0.169732,0.236057,-0.421074,-0.226925
2026-07-16 16:33:08.961,165.599842,0.000000,0.000000,0.000000,0.308741,-0.389490,-0.257070,0.111596,-0.365307,-0.256897,0.210168,-0.377398,-0.256983,0.180287,-0.409381,-0.230273,0.204365,-0.420792,-0.168579,0.235027,-0.415719,-0.225750
2026-07-16 16:33:09.061,165.699842,0.000000,0.000000,0.000000,0.308505,-0.392509,-0.257527,0.111609,-0.368387,-0.257355,0.210057,-0.380448,-0.257441,0.180379,-0.411446,-0.230735,0.204457,-0.422857,-0.169041,0.235120,-0.417784,-0.226211
2026-07-16 16:33:09.161,165.799842,0.000000,0.000000,0.000000,0.309065,-0.396717,-0.258684,0.112000,-0.371519,-0.258515,0.210532,-0.384118,-0.258600,0.180611,-0.416608,-0.231888,0.204689,-0.428019,-0.170194,0.235352,-0.422946,-0.227364
2026-07-16 16:33:09.261,165.899842,0.000000,0.000000,0.000000,0.308598,-0.394574,-0.257989,0.111702,-0.370451,-0.257816,0.210150,-0.382513,-0.257902,0.180472,-0.413511,-0.231196,0.204341,-0.425898,-0.169618,0.235213,-0.419849,-0.226673
2026-07-16 16:33:09.361,165.999842,0.000000,0.000000,0.000000,0.308787,-0.390522,-0.257300,0.111642,-0.366339,-0.257128,0.210215,-0.378431,-0.257214,0.180333,-0.410414,-0.230504,0.204411,-0.421825,-0.168810,0.235074,-0.416752,-0.225981
2026-07-16 16:33:09.461,166.099842,0.000000,0.000000,0.000000,0.308690,-0.396639,-0.258450,0.111794,-0.372516,-0.258278,0.210242,-0.384578,-0.258364,0.180565,-0.415576,-0.231657,0.204643,-0.426986,-0.169963,0.235058,-0.422886,-0.227172
2026-07-16 16:33:09.561,166.199841,0.000000,0.000000,0.000000,0.308787,-0.390522,-0.257300,0.111642,-0.366339,-0.257128,0.210215,-0.378431,-0.257214,0.180333,-0.410414,-0.230504,0.203623,-0.421634,-0.168789,0.235074,-0.416752,-0.225981
2026-07-16 16:33:09.661,166.299841,0.000000,0.000000,0.000000,0.308937,-0.393671,-0.257127,0.111861,-0.368421,-0.257823,0.210399,-0.381046,-0.257475,0.180472,-0.413511,-0.231196,0.203762,-0.424731,-0.169480,0.235213,-0.419849,-0.226673
2026-07-16 16:33:09.761,166.399841,0.000000,0.000000,0.000000,0.308331,-0.388431,-0.255740,0.111503,-0.363242,-0.256436,0.209917,-0.375836,-0.256088,0.180194,-0.407316,-0.229812,0.203692,-0.417560,-0.167980,0.234935,-0.413654,-0.225289
2026-07-16 16:33:09.861,166.499841,0.000000,0.000000,0.000000,0.308269,-0.395528,-0.257985,0.111781,-0.369436,-0.257820,0.210025,-0.382482,-0.257902,0.180472,-0.413511,-0.231196,0.203970,-0.423754,-0.169364,0.235213,-0.419849,-0.226673
2026-07-16 16:33:09.961,166.599841,0.000000,0.000000,0.000000,0.308598,-0.394574,-0.257989,0.111781,-0.369436,-0.257820,0.210189,-0.382005,-0.257904,0.180472,-0.413511,-0.231196,0.203970,-0.423754,-0.169364,0.235213,-0.419849,-0.226673
2026-07-16 16:33:10.061,166.699841,0.000000,0.000000,0.000000,0.308505,-0.392509,-0.257527,0.111689,-0.367372,-0.257359,0.210097,-0.379940,-0.257443,0.180379,-0.411446,-0.230735,0.203773,-0.422178,-0.168961,0.235120,-0.417784,-0.226211
2026-07-16 16:33:10.161,166.799841,0.000000,0.000000,0.000000,0.308899,-0.401285,-0.259488,0.112082,-0.376147,-0.259319,0.210490,-0.388716,-0.259403,0.180773,-0.420221,-0.232695,0.204063,-0.431442,-0.170980,0.235514,-0.426560,-0.228172
2026-07-16 16:33:10.261,166.899841,0.000000,0.000000,0.000000,0.308926,-0.393620,-0.257992,0.111702,-0.370451,-0.257816,0.210314,-0.382036,-0.257904,0.180472,-0.413511,-0.231196,0.203762,-0.424731,-0.169480,0.235213,-0.419849,-0.226673
2026-07-16 16:33:10.361,166.999841,0.000000,0.000000,0.000000,0.308227,-0.386315,-0.256144,0.111411,-0.361177,-0.255975,0.209819,-0.373746,-0.256059,0.180101,-0.405251,-0.229351,0.203392,-0.416472,-0.167635,0.234842,-0.411590,-0.224827
2026-07-16 16:33:10.461,167.099841,0.000000,0.000000,0.000000,0.308833,-0.391555,-0.257531,0.111689,-0.367372,-0.257359,0.210261,-0.379463,-0.257445,0.180379,-0.411446,-0.230735,0.203670,-0.422666,-0.169019,0.234873,-0.418756,-0.226250
2026-07-16 16:33:10.561,167.199841,0.000000,0.000000,0.000000,0.308459,-0.391477,-0.257297,0.111642,-0.366339,-0.257128,0.210051,-0.378908,-0.257212,0.180333,-0.410414,-0.230504,0.203831,-0.420657,-0.168672,0.235074,-0.416752,-0.225981
2026-07-16 16:33:10.661,167.299840,0.000000,0.000000,0.000000,0.308038,-0.390366,-0.256832,0.111550,-0.364274,-0.256667,0.209794,-0.377320,-0.256749,0.179450,-0.408158,-0.230021,0.203531,-0.419569,-0.168327,0.235530,-0.415851,-0.225579
2026-07-16 16:33:10.761,167.399840,0.000000,0.000000,0.000000,0.308926,-0.393620,-0.257992,0.111781,-0.369436,-0.257820,0.210354,-0.381528,-0.257906,0.180472,-0.413511,-0.231196,0.203970,-0.423754,-0.169364,0.235213,-0.419849,-0.226673
2026-07-16 16:33:10.861,167.499840,0.000000,0.000000,0.000000,0.308516,-0.392561,-0.256663,0.111689,-0.367372,-0.257359,0.210102,-0.379966,-0.257011,0.180379,-0.411446,-0.230735,0.203670,-0.422666,-0.169019,0.235918,-0.417977,-0.226233
2026-07-16 16:33:10.961,167.599840,0.000000,0.000000,0.000000,0.308366,-0.389412,-0.256835,0.111470,-0.365289,-0.256663,0.209918,-0.377351,-0.256749,0.179450,-0.408158,-0.230021,0.203531,-0.419569,-0.168327,0.235530,-0.415851,-0.225579
2026-07-16 16:33:11.061,167.699840,0.000000,0.000000,0.000000,0.308695,-0.388458,-0.256839,0.111550,-0.364274,-0.256667,0.210122,-0.376366,-0.256753,0.179440,-0.408109,-0.230834,0.203531,-0.419569,-0.168327,0.235530,-0.415851,-0.225579
2026-07-16 16:33:11.161,167.799840,0.000000,0.000000,0.000000,0.308741,-0.389490,-0.257070,0.111596,-0.365307,-0.256897,0.210168,-0.377398,-0.256983,0.179486,-0.409142,-0.231065,0.203785,-0.419624,-0.168441,0.235576,-0.416884,-0.225810
2026-07-16 16:33:11.261,167.899840,0.000000,0.000000,0.000000,0.308926,-0.393620,-0.257992,0.111781,-0.369436,-0.257820,0.210354,-0.381528,-0.257906,0.179672,-0.413271,-0.231987,0.203970,-0.423754,-0.169364,0.236010,-0.420042,-0.226694
2026-07-16 16:33:11.361,167.999840,0.000000,0.000000,0.000000,0.308926,-0.393620,-0.257992,0.111861,-0.368421,-0.257823,0.210393,-0.381020,-0.257908,0.179672,-0.413271,-0.231987,0.203554,-0.425708,-0.169597,0.236010,-0.420042,-0.226694
2026-07-16 16:33:11.461,168.099840,0.000000,0.000000,0.000000,0.308459,-0.391477,-0.257297,0.111563,-0.367354,-0.257124,0.210011,-0.379416,-0.257211,0.179533,-0.410174,-0.231295,0.204620,-0.420848,-0.168693,0.235871,-0.416945,-0.226002
2026-07-16 16:33:11.561,168.199840,0.000000,0.000000,0.000000,0.308787,-0.390522,-0.257300,0.111722,-0.365324,-0.257131,0.210255,-0.377923,-0.257216,0.179533,-0.410174,-0.231295,0.203821,-0.420609,-0.169483,0.235623,-0.417916,-0.226041
2026-07-16 16:33:11.661,168.299839,0.000000,0.000000,0.000000,0.308459,-0.391477,-0.257297,0.111642,-0.366339,-0.257128,0.210051,-0.378908,-0.257212,0.179533,-0.410174,-0.231295,0.203821,-0.420609,-0.169483,0.235871,-0.416945,-0.226002
2026-07-16 16:33:11.761,168.399839,0.000000,0.000000,0.000000,0.308505,-0.392509,-0.257527,0.111609,-0.368387,-0.257355,0.210057,-0.380448,-0.257441,0.179579,-0.411206,-0.231526,0.203659,-0.422618,-0.169830,0.235669,-0.418949,-0.226271
2026-07-16 16:33:11.861,168.499839,0.000000,0.000000,0.000000,0.309019,-0.395684,-0.258453,0.111805,-0.372566,-0.257438,0.210412,-0.384125,-0.257946,0.179590,-0.416326,-0.232480,0.203855,-0.426796,-0.169942,0.236103,-0.422107,-0.227155
2026-07-16 16:33:11.961,168.599839,0.000000,0.000000,0.000000,0.309158,-0.398782,-0.259145,0.112013,-0.374599,-0.258973,0.210585,-0.386690,-0.259059,0.179903,-0.418433,-0.233140,0.204201,-0.428916,-0.170517,0.236242,-0.425204,-0.227847
2026-07-16 16:33:12.061,168.699839,0.000000,0.000000,0.000000,0.308366,-0.389412,-0.256835,0.111550,-0.364274,-0.256667,0.209958,-0.376843,-0.256751,0.179266,-0.409099,-0.230865,0.203738,-0.418592,-0.168211,0.235530,-0.415851,-0.225579
2026-07-16 16:33:12.161,168.799839,0.000000,0.000000,0.000000,0.308459,-0.391477,-0.257297,0.111642,-0.366339,-0.257128,0.210051,-0.378908,-0.257212,0.179533,-0.410174,-0.231295,0.203831,-0.420657,-0.168672,0.235747,-0.417430,-0.226021
2026-07-16 16:33:12.261,168.899839,0.000000,0.000000,0.000000,0.308741,-0.389490,-0.257070,0.111676,-0.364292,-0.256901,0.210208,-0.376891,-0.256985,0.179486,-0.409142,-0.231065,0.203577,-0.420601,-0.168558,0.235576,-0.416884,-0.225810
2026-07-16 16:33:12.361,168.999839,0.000000,0.000000,0.000000,0.308690,-0.396639,-0.258450,0.111794,-0.372516,-0.258278,0.210242,-0.384578,-0.258364,0.179764,-0.415336,-0.232448,0.203855,-0.426796,-0.169942,0.235854,-0.423078,-0.227194
2026-07-16 16:33:12.461,169.099839,0.000000,0.000000,0.000000,0.308412,-0.390444,-0.257066,0.111596,-0.365307,-0.256897,0.210004,-0.377876,-0.256982,0.179486,-0.409142,-0.231065,0.203785,-0.419624,-0.168441,0.235576,-0.416884,-0.225810
2026-07-16 16:33:12.561,169.199839,0.000000,0.000000,0.000000,0.308972,-0.394652,-0.258223,0.111748,-0.371484,-0.258047,0.210360,-0.383068,-0.258135,0.179718,-0.414304,-0.232218,0.203808,-0.425764,-0.169711,0.235808,-0.422046,-0.226963
2026-07-16 16:33:12.661,169.299839,0.000000,0.000000,0.000000,0.308690,-0.396639,-0.258450,0.111794,-0.372516,-0.258278,0.210242,-0.384578,-0.258364,0.179764,-0.415336,-0.232448,0.204073,-0.425867,-0.169014,0.236103,-0.422107,-0.227155
2026-07-16 16:33:12.761,169.399838,0.000000,0.000000,0.000000,0.309111,-0.397749,-0.258915,0.111967,-0.373566,-0.258742,0.210539,-0.385658,-0.258829,0.179857,-0.417401,-0.232910,0.204165,-0.427932,-0.169475,0.235947,-0.425143,-0.227655
2026-07-16 16:33:12.861,169.499838,0.000000,0.000000,0.000000,0.308505,-0.392509,-0.257527,0.111609,-0.368387,-0.257355,0.210057,-0.380448,-0.257441,0.179579,-0.411206,-0.231526,0.203680,-0.422715,-0.168209,0.235669,-0.418949,-0.226271
2026-07-16 16:33:12.961,169.599838,0.000000,0.000000,0.000000,0.308690,-0.396639,-0.258450,0.111874,-0.371501,-0.258281,0.210282,-0.384070,-0.258365,0.179764,-0.415336,-0.232448,0.204073,-0.425867,-0.169014,0.235854,-0.423078,-0.227194
2026-07-16 16:33:13.061,169.699838,0.000000,0.000000,0.000000,0.308320,-0.388379,-0.256605,0.111424,-0.364257,-0.256432,0.209872,-0.376318,-0.256519,0.179394,-0.407077,-0.230603,0.203702,-0.417608,-0.167169,0.235732,-0.413847,-0.225310
2026-07-16 16:33:13.161,169.799838,0.000000,0.000000,0.000000,0.308972,-0.394652,-0.258223,0.111828,-0.370469,-0.258050,0.210400,-0.382560,-0.258137,0.179718,-0.414304,-0.232218,0.204037,-0.424883,-0.167971,0.235808,-0.422046,-0.226963
2026-07-16 16:33:13.261,169.899838,0.000000,0.000000,0.000000,0.308598,-0.394574,-0.257989,0.111781,-0.369436,-0.257820,0.210189,-0.382005,-0.257904,0.179672,-0.413271,-0.231987,0.203990,-0.423851,-0.167741,0.235762,-0.421013,-0.226732
2026-07-16 16:33:13.361,169.999838,0.000000,0.000000,0.000000,0.308690,-0.396639,-0.258450,0.111874,-0.371501,-0.258281,0.210282,-0.384070,-0.258365,0.179764,-0.415336,-0.232448,0.204083,-0.425916,-0.168202,0.235854,-0.423078,-0.227194
2026-07-16 16:33:13.461,170.099838,0.000000,0.000000,0.000000,0.308690,-0.396639,-0.258450,0.111874,-0.371501,-0.258281,0.210282,-0.384070,-0.258365,0.179764,-0.415336,-0.232448,0.204083,-0.425916,-0.168202,0.235854,-0.423078,-0.227194
2026-07-16 16:33:13.561,170.199838,0.000000,0.000000,0.000000,0.308505,-0.392509,-0.257527,0.111689,-0.367372,-0.257359,0.210097,-0.379940,-0.257443,0.179579,-0.411206,-0.231526,0.203898,-0.421786,-0.167280,0.235669,-0.418949,-0.226271
2026-07-16 16:33:13.661,170.299838,0.000000,0.000000,0.000000,0.308648,-0.387425,-0.256608,0.111503,-0.363242,-0.256436,0.210076,-0.375334,-0.256522,0.179394,-0.407077,-0.230603,0.203713,-0.417656,-0.166357,0.235484,-0.414819,-0.225349
2026-07-16 16:33:13.761,170.399837,0.000000,0.000000,0.000000,0.308695,-0.388458,-0.256839,0.111550,-0.364274,-0.256667,0.210122,-0.376366,-0.256753,0.179440,-0.408109,-0.230834,0.203759,-0.418689,-0.166588,0.235530,-0.415851,-0.225579
2026-07-16 16:33:13.861,170.499837,0.000000,0.000000,0.000000,0.308505,-0.392509,-0.257527,0.111689,-0.367372,-0.257359,0.210097,-0.379940,-0.257443,0.179589,-0.411255,-0.230713,0.204697,-0.422025,-0.166489,0.235669,-0.418949,-0.226271
2026-07-16 16:33:13.961,170.599837,0.000000,0.000000,0.000000,0.308880,-0.392587,-0.257762,0.111735,-0.368404,-0.257589,0.210307,-0.380496,-0.257675,0.179635,-0.412287,-0.230944,0.203954,-0.422867,-0.166699,0.235964,-0.419010,-0.226463
2026-07-16 16:33:14.061,170.699837,0.000000,0.000000,0.000000,0.308690,-0.396639,-0.258450,0.111874,-0.371501,-0.258281,0.210282,-0.384070,-0.258365,0.179774,-0.415384,-0.231636,0.204301,-0.424987,-0.167271,0.235854,-0.423078,-0.227194
2026-07-16 16:33:14.161,170.799837,0.000000,0.000000,0.000000,0.308412,-0.390444,-0.257066,0.111596,-0.365307,-0.256897,0.210004,-0.377876,-0.256982,0.179497,-0.409190,-0.230252,0.204406,-0.420985,-0.165338,0.235576,-0.416884,-0.225810
2026-07-16 16:33:14.261,170.899837,0.000000,0.000000,0.000000,0.308787,-0.390522,-0.257300,0.111563,-0.367354,-0.257124,0.210175,-0.378938,-0.257212,0.180333,-0.410414,-0.230504,0.204463,-0.422066,-0.164758,0.235871,-0.416945,-0.226002
2026-07-16 16:33:14.361,170.999837,0.000000,0.000000,0.000000,0.308833,-0.391555,-0.257531,0.111689,-0.367372,-0.257359,0.210261,-0.379463,-0.257445,0.180379,-0.411446,-0.230735,0.204926,-0.421145,-0.164744,0.235918,-0.417977,-0.226233
2026-07-16 16:33:14.461,171.099837,0.000000,0.000000,0.000000,0.308736,-0.397671,-0.258681,0.111841,-0.373549,-0.258508,0.210289,-0.385610,-0.258594,0.180611,-0.416608,-0.231888,0.204855,-0.427820,-0.165270,0.236149,-0.423139,-0.227386
2026-07-16 16:33:14.561,171.199837,0.000000,0.000000,0.000000,0.308598,-0.394574,-0.257989,0.111702,-0.370451,-0.257816,0.210150,-0.382513,-0.257902,0.180472,-0.413511,-0.231196,0.203834,-0.425069,-0.163808,0.236808,-0.420235,-0.226716
2026-07-16 16:33:14.661,171.299837,0.000000,0.000000,0.000000,0.308690,-0.396639,-0.258450,0.111794,-0.372516,-0.258278,0.210242,-0.384578,-0.258364,0.180565,-0.415576,-0.231657,0.203937,-0.427182,-0.163459,0.236103,-0.422107,-0.227155
2026-07-16 16:33:14.761,171.399837,0.000000,0.000000,0.000000,0.308701,-0.396690,-0.257585,0.111953,-0.370486,-0.258285,0.210327,-0.383588,-0.257935,0.180575,-0.415624,-0.230845,0.203854,-0.427767,-0.161902,0.236103,-0.422107,-0.227155
2026-07-16 16:33:14.861,171.499836,0.000000,0.000000,0.000000,0.308602,-0.386393,-0.256378,0.111537,-0.361195,-0.256209,0.210069,-0.373794,-0.256293,0.180948,-0.406523,-0.228790,0.203343,-0.419011,-0.159081,0.235686,-0.412815,-0.225080
2026-07-16 16:33:14.961,171.599836,0.000000,0.000000,0.000000,0.308926,-0.393620,-0.257992,0.111702,-0.370451,-0.257816,0.210314,-0.382036,-0.257904,0.181096,-0.414739,-0.230438,0.203885,-0.425310,-0.159756,0.236010,-0.420042,-0.226694
2026-07-16 16:33:15.061,171.699836,0.000000,0.000000,0.000000,0.308459,-0.391477,-0.257297,0.111563,-0.367354,-0.257124,0.210011,-0.379416,-0.257211,0.181133,-0.410653,-0.229713,0.203549,-0.423237,-0.158385,0.235871,-0.416945,-0.226002
2026-07-16 16:33:15.161,171.799836,0.000000,0.000000,0.000000,0.308602,-0.386393,-0.256378,0.111457,-0.362210,-0.256205,0.210030,-0.374301,-0.256292,0.180948,-0.406523,-0.228790,0.203364,-0.419108,-0.157462,0.235696,-0.412864,-0.224259
2026-07-16 16:33:15.261,171.899836,0.000000,0.000000,0.000000,0.308505,-0.392509,-0.257527,0.111689,-0.367372,-0.257359,0.210097,-0.379940,-0.257443,0.181190,-0.411734,-0.229131,0.202819,-0.424128,-0.157785,0.236177,-0.417054,-0.225373
2026-07-16 16:33:15.361,171.999836,0.000000,0.000000,0.000000,0.308551,-0.393542,-0.257758,0.111735,-0.368404,-0.257589,0.210143,-0.380973,-0.257674,0.181236,-0.412766,-0.229362,0.203278,-0.423207,-0.157751,0.236223,-0.418087,-0.225604
2026-07-16 16:33:15.461,172.099836,0.000000,0.000000,0.000000,0.308880,-0.392587,-0.257762,0.111735,-0.368404,-0.257589,0.210307,-0.380496,-0.257675,0.181236,-0.412766,-0.229362,0.202294,-0.424041,-0.157052,0.235974,-0.419058,-0.225643
2026-07-16 16:33:15.561,172.199836,0.000000,0.000000,0.000000,0.308829,-0.399736,-0.259142,0.112092,-0.373584,-0.258976,0.210461,-0.386660,-0.259059,0.181514,-0.418961,-0.230745,0.202572,-0.430236,-0.158435,0.236501,-0.424281,-0.226988
2026-07-16 16:33:15.661,172.299836,0.000000,0.000000,0.000000,0.308459,-0.391477,-0.257297,0.111642,-0.366339,-0.257128,0.210051,-0.378908,-0.257212,0.180967,-0.411691,-0.228935,0.202397,-0.420952,-0.157268,0.236130,-0.416022,-0.225142
2026-07-16 16:33:15.761,172.399836,0.000000,0.000000,0.000000,0.308644,-0.395606,-0.258219,0.111987,-0.368439,-0.258057,0.210315,-0.382023,-0.258138,0.181329,-0.414831,-0.229823,0.202366,-0.426010,-0.159134,0.236316,-0.420152,-0.226065
2026-07-16 16:33:15.861,172.499835,0.000000,0.000000,0.000000,0.308787,-0.390522,-0.257300,0.111642,-0.366339,-0.257128,0.210215,-0.378431,-0.257214,0.181133,-0.410653,-0.229713,0.201955,-0.422760,-0.159961,0.235882,-0.416994,-0.225182
2026-07-16 16:33:15.961,172.599835,0.000000,0.000000,0.000000,0.308269,-0.395528,-0.257985,0.111940,-0.367406,-0.257827,0.210105,-0.381467,-0.257906,0.181272,-0.413750,-0.230405,0.202073,-0.425761,-0.162271,0.236021,-0.420091,-0.225874
2026-07-16 16:33:16.061,172.699835,0.000000,0.000000,0.000000,0.308690,-0.396639,-0.258450,0.111953,-0.370486,-0.258285,0.210322,-0.383563,-0.258367,0.180399,-0.416613,-0.230878,0.201939,-0.428707,-0.164475,0.236113,-0.422156,-0.226335
2026-07-16 16:33:16.161,172.799835,0.000000,0.000000,0.000000,0.308893,-0.386162,-0.276875,0.111639,-0.363057,-0.274023,0.210266,-0.374609,-0.275449,0.180607,-0.408820,-0.249909,0.202952,-0.422406,-0.185698,0.236141,-0.415218,-0.246158
2026-07-16 16:33:16.261,172.899835,0.000000,0.000000,0.000000,0.309547,-0.388713,-0.255996,0.111470,-0.365289,-0.256663,0.210509,-0.377001,-0.256330,0.179440,-0.408109,-0.230834,0.201554,-0.421191,-0.167710,0.235282,-0.416823,-0.225618
2026-07-16 16:33:16.361,172.999835,0.000000,0.000000,0.000000,0.308609,-0.394625,-0.257124,0.111702,-0.370451,-0.257816,0.210155,-0.382538,-0.257470,0.179497,-0.414261,-0.232019,0.201765,-0.426257,-0.170479,0.235513,-0.421985,-0.226771
2026-07-16 16:33:16.461,173.099835,0.000000,0.000000,0.000000,0.308690,-0.396639,-0.258450,0.111874,-0.371501,-0.258281,0.210282,-0.384070,-0.258365,0.178801,-0.416135,-0.232458,0.202043,-0.427248,-0.172444,0.235606,-0.424050,-0.227232
2026-07-16 16:33:16.561,173.199835,0.000000,0.000000,0.000000,0.308366,-0.389412,-0.256835,0.111550,-0.364274,-0.256667,0.209958,-0.376843,-0.256751,0.178477,-0.408908,-0.230844,0.201698,-0.419925,-0.172448,0.234239,-0.417602,-0.225634
2026-07-16 16:33:16.661,173.299835,0.000000,0.000000,0.000000,0.308690,-0.396639,-0.258450,0.111874,-0.371501,-0.258281,0.210282,-0.384070,-0.258365,0.178790,-0.416087,-0.233270,0.202799,-0.427294,-0.174893,0.234563,-0.424829,-0.227249
2026-07-16 16:33:16.761,173.399835,0.000000,0.000000,0.000000,0.308787,-0.390522,-0.257300,0.111642,-0.366339,-0.257128,0.210215,-0.378431,-0.257214,0.178386,-0.411915,-0.232147,0.202557,-0.422083,-0.174549,0.234568,-0.418647,-0.226875
2026-07-16 16:33:16.861,173.499835,0.000000,0.000000,0.000000,0.308366,-0.389412,-0.256835,0.111550,-0.364274,-0.256667,0.209958,-0.376843,-0.256751,0.178466,-0.408860,-0.231656,0.203241,-0.420161,-0.174918,0.234228,-0.417554,-0.226451
2026-07-16 16:33:16.961,173.599834,0.000000,0.000000,0.000000,0.308787,-0.390522,-0.257300,0.111642,-0.366339,-0.257128,0.210215,-0.378431,-0.257214,0.178559,-0.410925,-0.232117,0.203126,-0.423203,-0.175487,0.234073,-0.420590,-0.226950
2026-07-16 16:33:17.061,173.699834,0.000000,0.000000,0.000000,0.308459,-0.391477,-0.257297,0.111563,-0.367354,-0.257124,0.210011,-0.379416,-0.257211,0.178732,-0.409935,-0.232086,0.203333,-0.422226,-0.175379,0.234579,-0.418695,-0.226057
2026-07-16 16:33:17.161,173.799834,0.000000,0.000000,0.000000,0.308459,-0.391477,-0.257297,0.111563,-0.367354,-0.257124,0.210011,-0.379416,-0.257211,0.179533,-0.410174,-0.231295,0.203344,-0.422274,-0.174570,0.234455,-0.419181,-0.226076
2026-07-16 16:33:17.261,173.899834,0.000000,0.000000,0.000000,0.308412,-0.390444,-0.257066,0.111596,-0.365307,-0.256897,0.210004,-0.377876,-0.256982,0.179486,-0.409142,-0.231065,0.204084,-0.421432,-0.174361,0.234532,-0.417663,-0.225827
2026-07-16 16:33:17.361,173.999834,0.000000,0.000000,0.000000,0.308701,-0.396690,-0.257585,0.111874,-0.371501,-0.258281,0.210288,-0.384096,-0.257933,0.179764,-0.415336,-0.232448,0.204362,-0.427626,-0.175745,0.234810,-0.423857,-0.227210
2026-07-16 16:33:17.461,174.099834,0.000000,0.000000,0.000000,0.309019,-0.395684,-0.258453,0.111874,-0.371501,-0.258281,0.210446,-0.383593,-0.258367,0.179764,-0.415336,-0.232448,0.204372,-0.427674,-0.174935,0.234810,-0.423857,-0.227210
2026-07-16 16:33:17.561,174.199834,0.000000,0.000000,0.000000,0.309019,-0.395684,-0.258453,0.111794,-0.372516,-0.258278,0.210407,-0.384100,-0.258366,0.179851,-0.414841,-0.232433,0.204591,-0.426745,-0.174015,0.234810,-0.423857,-0.227210
2026-07-16 16:33:17.661,174.299834,0.000000,0.000000,0.000000,0.308706,-0.388509,-0.255973,0.111550,-0.364274,-0.256667,0.210128,-0.376392,-0.256320,0.180240,-0.408349,-0.230043,0.204845,-0.420686,-0.172533,0.234486,-0.416631,-0.225596
2026-07-16 16:33:17.761,174.399834,0.000000,0.000000,0.000000,0.308695,-0.388458,-0.256839,0.111550,-0.364274,-0.256667,0.210122,-0.376366,-0.256753,0.180240,-0.408349,-0.230043,0.205275,-0.418780,-0.171499,0.234486,-0.416631,-0.225596
2026-07-16 16:33:17.861,174.499834,0.000000,0.000000,0.000000,0.308320,-0.388379,-0.256605,0.111424,-0.364257,-0.256432,0.209872,-0.376318,-0.256519,0.180370,-0.406327,-0.229780,0.206018,-0.417939,-0.171290,0.234440,-0.415598,-0.225365
2026-07-16 16:33:17.961,174.599833,0.000000,0.000000,0.000000,0.308505,-0.392509,-0.257527,0.111768,-0.366357,-0.257362,0.210137,-0.379433,-0.257445,0.180555,-0.410456,-0.230702,0.206424,-0.421140,-0.171288,0.234873,-0.418756,-0.226250
2026-07-16 16:33:18.061,174.699833,0.000000,0.000000,0.000000,0.308741,-0.389490,-0.257070,0.111676,-0.364292,-0.256901,0.210208,-0.376891,-0.256985,0.180287,-0.409381,-0.230273,0.206910,-0.420243,-0.170961,0.234780,-0.416691,-0.225788
2026-07-16 16:33:18.161,174.799833,0.000000,0.000000,0.000000,0.308084,-0.391399,-0.257062,0.111596,-0.365307,-0.256897,0.209840,-0.378353,-0.256980,0.181077,-0.409572,-0.230295,0.207699,-0.420434,-0.170983,0.234780,-0.416691,-0.225788
2026-07-16 16:33:18.261,174.899833,0.000000,0.000000,0.000000,0.308377,-0.389463,-0.255971,0.111629,-0.363259,-0.256670,0.210003,-0.376361,-0.256321,0.181030,-0.408540,-0.230064,0.207866,-0.418425,-0.170639,0.234734,-0.415659,-0.225558
2026-07-16 16:33:18.361,174.999833,0.000000,0.000000,0.000000,0.308598,-0.394574,-0.257989,0.111781,-0.369436,-0.257820,0.210189,-0.382005,-0.257904,0.181272,-0.413750,-0.230405,0.208673,-0.424754,-0.171926,0.234965,-0.420821,-0.226711
2026-07-16 16:33:18.461,175.099833,0.000000,0.000000,0.000000,0.308048,-0.390418,-0.255968,0.111550,-0.364274,-0.256667,0.209799,-0.377346,-0.256318,0.181041,-0.408588,-0.229252,0.208656,-0.418616,-0.170660,0.234734,-0.415659,-0.225558
2026-07-16 16:33:18.561,175.199833,0.000000,0.000000,0.000000,0.308470,-0.391528,-0.256432,0.111563,-0.367354,-0.257124,0.210016,-0.379441,-0.256778,0.181310,-0.409664,-0.229679,0.208524,-0.421609,-0.172046,0.234826,-0.417724,-0.226019
2026-07-16 16:33:18.661,175.299833,0.000000,0.000000,0.000000,0.308412,-0.390444,-0.257066,0.111596,-0.365307,-0.256897,0.210004,-0.377876,-0.256982,0.181877,-0.409812,-0.229504,0.209267,-0.420767,-0.171837,0.235027,-0.415719,-0.225750
2026-07-16 16:33:18.761,175.399833,0.000000,0.000000,0.000000,0.308459,-0.391477,-0.257297,0.111642,-0.366339,-0.257128,0.210051,-0.378908,-0.257212,0.181923,-0.410844,-0.229734,0.209528,-0.420824,-0.171955,0.234826,-0.417724,-0.226019
2026-07-16 16:33:18.861,175.499833,0.000000,0.000000,0.000000,0.308273,-0.387347,-0.256374,0.111537,-0.361195,-0.256209,0.209905,-0.374271,-0.256291,0.181738,-0.406714,-0.228812,0.209343,-0.416694,-0.171033,0.234641,-0.413594,-0.225096
2026-07-16 16:33:18.961,175.599833,0.000000,0.000000,0.000000,0.308701,-0.396690,-0.257585,0.111874,-0.371501,-0.258281,0.210288,-0.384096,-0.257933,0.182155,-0.416006,-0.230887,0.210550,-0.426177,-0.173130,0.235305,-0.421914,-0.227134
2026-07-16 16:33:19.061,175.699832,0.000000,0.000000,0.000000,0.308038,-0.390366,-0.256832,0.111470,-0.365289,-0.256663,0.209754,-0.377828,-0.256747,0.181821,-0.408731,-0.230086,0.210226,-0.418950,-0.171515,0.234981,-0.414687,-0.225519
2026-07-16 16:33:19.161,175.799832,0.000000,0.000000,0.000000,0.308331,-0.388431,-0.255740,0.111583,-0.362227,-0.256439,0.209957,-0.375329,-0.256090,0.181962,-0.406758,-0.229009,0.210752,-0.419084,-0.171418,0.234687,-0.414626,-0.225327
2026-07-16 16:33:19.261,175.899832,0.000000,0.000000,0.000000,0.309065,-0.396717,-0.258684,0.111841,-0.373549,-0.258508,0.210453,-0.385133,-0.258596,0.182379,-0.416049,-0.231084,0.211376,-0.427352,-0.174194,0.234554,-0.422753,-0.227343
2026-07-16 16:33:19.361,175.999832,0.000000,0.000000,0.000000,0.308741,-0.389490,-0.257070,0.111596,-0.365307,-0.256897,0.210168,-0.377398,-0.256983,0.181877,-0.409812,-0.229504,0.211623,-0.421291,-0.172712,0.235027,-0.415719,-0.225750
2026-07-16 16:33:19.461,176.099832,0.000000,0.000000,0.000000,0.308644,-0.395606,-0.258219,0.111748,-0.371484,-0.258047,0.210196,-0.383545,-0.258133,0.182098,-0.414925,-0.231469,0.211855,-0.426453,-0.173865,0.235011,-0.421853,-0.226942
2026-07-16 16:33:19.561,176.199832,0.000000,0.000000,0.000000,0.309065,-0.396717,-0.258684,0.111920,-0.372534,-0.258512,0.210493,-0.384625,-0.258598,0.182191,-0.416990,-0.231931,0.212946,-0.427686,-0.175050,0.235104,-0.423918,-0.227403
2026-07-16 16:33:19.661,176.299832,0.000000,0.000000,0.000000,0.308598,-0.394574,-0.257989,0.111702,-0.370451,-0.257816,0.210150,-0.382513,-0.257902,0.182230,-0.412904,-0.231206,0.212796,-0.424540,-0.175170,0.234965,-0.420821,-0.226711
2026-07-16 16:33:19.761,176.399832,0.000000,0.000000,0.000000,0.308562,-0.393593,-0.256894,0.111735,-0.368404,-0.257589,0.210149,-0.380999,-0.257241,0.182183,-0.411871,-0.230976,0.213540,-0.423699,-0.174961,0.234919,-0.419788,-0.226480
2026-07-16 16:33:19.861,176.499832,0.000000,0.000000,0.000000,0.308377,-0.389463,-0.255971,0.111550,-0.364274,-0.256667,0.209963,-0.376869,-0.256319,0.182611,-0.408922,-0.230107,0.213345,-0.419521,-0.174851,0.234184,-0.414494,-0.225498
2026-07-16 16:33:19.961,176.599832,0.000000,0.000000,0.000000,0.308598,-0.394574,-0.257989,0.111781,-0.369436,-0.257820,0.210189,-0.382005,-0.257904,0.182842,-0.414084,-0.231260,0.213566,-0.424635,-0.176817,0.234415,-0.419656,-0.226651
2026-07-16 16:33:20.061,176.699831,0.000000,0.000000,0.000000,0.308926,-0.393620,-0.257992,0.111702,-0.370451,-0.257816,0.210314,-0.382036,-0.257904,0.182842,-0.414084,-0.231260,0.214567,-0.423803,-0.177546,0.234405,-0.419607,-0.227471
2026-07-16 16:33:20.161,176.799831,0.000000,0.000000,0.000000,0.309019,-0.395684,-0.258453,0.111794,-0.372516,-0.258278,0.210407,-0.384100,-0.258366,0.182935,-0.416149,-0.231721,0.214650,-0.425819,-0.178821,0.234497,-0.421672,-0.227932
2026-07-16 16:33:20.261,176.899831,0.000000,0.000000,0.000000,0.308787,-0.390522,-0.257300,0.111563,-0.367354,-0.257124,0.210175,-0.378938,-0.257212,0.182703,-0.410987,-0.230568,0.214629,-0.419634,-0.178378,0.234266,-0.416510,-0.226779
2026-07-16 16:33:20.361,176.999831,0.000000,0.000000,0.000000,0.308459,-0.391477,-0.257297,0.111722,-0.365324,-0.257131,0.210090,-0.378401,-0.257214,0.182882,-0.409998,-0.230536,0.214619,-0.419586,-0.179193,0.234276,-0.416559,-0.225959
2026-07-16 16:33:20.461,177.099831,0.000000,0.000000,0.000000,0.308130,-0.392431,-0.257293,0.111563,-0.367354,-0.257124,0.209846,-0.379893,-0.257209,0.182882,-0.409998,-0.230536,0.213827,-0.419394,-0.179172,0.234276,-0.416559,-0.225959
2026-07-16 16:33:20.561,177.199831,0.000000,0.000000,0.000000,0.308516,-0.392561,-0.256663,0.111609,-0.368387,-0.257355,0.210063,-0.380474,-0.257009,0.182928,-0.411030,-0.230766,0.213863,-0.420378,-0.180217,0.234322,-0.417591,-0.226190
2026-07-16 16:33:20.661,177.299831,0.000000,0.000000,0.000000,0.308505,-0.392509,-0.257527,0.111689,-0.367372,-0.257359,0.210097,-0.379940,-0.257443,0.183719,-0.411222,-0.230788,0.213060,-0.420138,-0.181010,0.233525,-0.417398,-0.226168
2026-07-16 16:33:20.761,177.399831,0.000000,0.000000,0.000000,0.309019,-0.395684,-0.258453,0.111874,-0.371501,-0.258281,0.210446,-0.383593,-0.258367,0.183905,-0.415351,-0.231710,0.213465,-0.423292,-0.181833,0.233710,-0.421528,-0.227091
2026-07-16 16:33:20.861,177.499831,0.000000,0.000000,0.000000,0.308833,-0.391555,-0.257531,0.111609,-0.368387,-0.257355,0.210221,-0.379971,-0.257443,0.183719,-0.411222,-0.230788,0.212257,-0.419898,-0.181804,0.233525,-0.417398,-0.226168
2026-07-16 16:33:20.961,177.599831,0.000000,0.000000,0.000000,0.290575,-0.416099,-0.234779,0.094480,-0.384415,-0.235782,0.192527,-0.400257,-0.235280,0.165004,-0.429363,-0.207089,0.193563,-0.436246,-0.158658,0.214574,-0.437161,-0.202396
2026-07-16 16:33:21.061,177.699831,0.000000,0.000000,0.000000,0.309255,-0.392665,-0.257996,0.111861,-0.368421,-0.257823,0.210558,-0.380543,-0.257910,0.183992,-0.412298,-0.231217,0.211548,-0.421723,-0.183058,0.233617,-0.419463,-0.226629
2026-07-16 16:33:21.161,177.799830,0.000000,0.000000,0.000000,0.308459,-0.391477,-0.257297,0.111642,-0.366339,-0.257128,0.210051,-0.378908,-0.257212,0.183853,-0.409201,-0.230525,0.211409,-0.418625,-0.182366,0.233724,-0.415394,-0.225899
2026-07-16 16:33:21.261,177.899830,0.000000,0.000000,0.000000,0.308741,-0.389490,-0.257070,0.111596,-0.365307,-0.256897,0.210168,-0.377398,-0.256983,0.183807,-0.408168,-0.230294,0.211135,-0.418520,-0.183047,0.233678,-0.414361,-0.225668
2026-07-16 16:33:21.361,177.999830,0.000000,0.000000,0.000000,0.309301,-0.393698,-0.258226,0.111828,-0.370469,-0.258050,0.210564,-0.382083,-0.258138,0.184038,-0.413330,-0.231447,0.211366,-0.423683,-0.184200,0.233664,-0.420496,-0.226860
2026-07-16 16:33:21.461,178.099830,0.000000,0.000000,0.000000,0.309023,-0.387503,-0.256843,0.111470,-0.365289,-0.256663,0.210247,-0.376396,-0.256753,0.183760,-0.407136,-0.230063,0.211306,-0.416512,-0.182720,0.232833,-0.413136,-0.225416
2026-07-16 16:33:21.561,178.199830,0.000000,0.000000,0.000000,0.309065,-0.396717,-0.258684,0.111841,-0.373549,-0.258508,0.210453,-0.385133,-0.258596,0.184131,-0.415395,-0.231909,0.211676,-0.424771,-0.184565,0.234002,-0.421588,-0.227283
2026-07-16 16:33:21.661,178.299830,0.000000,0.000000,0.000000,0.308787,-0.390522,-0.257300,0.111642,-0.366339,-0.257128,0.210215,-0.378431,-0.257214,0.183853,-0.409201,-0.230525,0.211181,-0.419553,-0.183278,0.233724,-0.415394,-0.225899
2026-07-16 16:33:21.761,178.399830,0.000000,0.000000,0.000000,0.308648,-0.387425,-0.256608,0.111503,-0.363242,-0.256436,0.210076,-0.375334,-0.256522,0.183534,-0.407092,-0.229865,0.211042,-0.416456,-0.182586,0.233340,-0.413269,-0.225246
2026-07-16 16:33:21.861,178.499830,0.000000,0.000000,0.000000,0.309116,-0.389568,-0.257304,0.111642,-0.366339,-0.257128,0.210379,-0.377954,-0.257216,0.183663,-0.410141,-0.231371,0.210964,-0.420529,-0.183374,0.233468,-0.416317,-0.226758
2026-07-16 16:33:21.961,178.599830,0.000000,0.000000,0.000000,0.309111,-0.397749,-0.258915,0.111967,-0.373566,-0.258742,0.210539,-0.385658,-0.258829,0.183196,-0.417176,-0.232964,0.211278,-0.427707,-0.185801,0.233792,-0.423544,-0.228372
2026-07-16 16:33:22.061,178.699830,0.000000,0.000000,0.000000,0.308926,-0.393620,-0.257992,0.111861,-0.368421,-0.257823,0.210393,-0.381020,-0.257908,0.183011,-0.413047,-0.232041,0.211883,-0.423769,-0.184900,0.233607,-0.419414,-0.227450
2026-07-16 16:33:22.161,178.799829,0.000000,0.000000,0.000000,0.308598,-0.394574,-0.257989,0.111781,-0.369436,-0.257820,0.210189,-0.382005,-0.257904,0.183011,-0.413047,-0.232041,0.211654,-0.424696,-0.185807,0.233852,-0.418442,-0.227412
2026-07-16 16:33:22.261,178.899829,0.000000,0.000000,0.000000,0.309019,-0.395684,-0.258453,0.111794,-0.372516,-0.258278,0.210407,-0.384100,-0.258366,0.182302,-0.414872,-0.233295,0.211737,-0.426712,-0.187080,0.233689,-0.421430,-0.228731
2026-07-16 16:33:22.361,178.999829,0.000000,0.000000,0.000000,0.308787,-0.390522,-0.257300,0.111642,-0.366339,-0.257128,0.210215,-0.378431,-0.257214,0.182070,-0.409710,-0.232142,0.211287,-0.422526,-0.186020,0.233458,-0.416268,-0.227578
2026-07-16 16:33:22.461,179.099829,0.000000,0.000000,0.000000,0.308459,-0.391477,-0.257297,0.111563,-0.367354,-0.257124,0.210011,-0.379416,-0.257211,0.181279,-0.409518,-0.232120,0.211277,-0.422478,-0.186830,0.233458,-0.416268,-0.227578
2026-07-16 16:33:22.561,179.199829,0.000000,0.000000,0.000000,0.308602,-0.386393,-0.256378,0.111457,-0.362210,-0.256205,0.210030,-0.374301,-0.256292,0.180917,-0.406378,-0.231228,0.211310,-0.417373,-0.185816,0.233518,-0.411166,-0.226619
2026-07-16 16:33:22.661,179.299829,0.000000,0.000000,0.000000,0.308787,-0.390522,-0.257300,0.111642,-0.366339,-0.257128,0.210215,-0.378431,-0.257214,0.181102,-0.410508,-0.232151,0.211277,-0.422478,-0.186830,0.234255,-0.416461,-0.227600
2026-07-16 16:33:22.761,179.399829,0.000000,0.000000,0.000000,0.289852,-0.423201,-0.236372,0.094619,-0.388629,-0.236695,0.192235,-0.405915,-0.236534,0.162432,-0.434899,-0.209496,0.191707,-0.445125,-0.163708,0.215072,-0.443570,-0.204881
2026-07-16 16:33:22.861,179.499829,0.000000,0.000000,0.000000,0.308787,-0.390522,-0.257300,0.111563,-0.367354,-0.257124,0.210175,-0.378938,-0.257212,0.181102,-0.410508,-0.232151,0.210489,-0.422288,-0.186809,0.234255,-0.416461,-0.227600
2026-07-16 16:33:22.961,179.599829,0.000000,0.000000,0.000000,0.308741,-0.389490,-0.257070,0.111676,-0.364292,-0.256901,0.210208,-0.376891,-0.256985,0.181222,-0.408437,-0.232703,0.210442,-0.421255,-0.186578,0.234209,-0.415429,-0.227369
2026-07-16 16:33:23.061,179.699829,0.000000,0.000000,0.000000,0.308366,-0.389412,-0.256835,0.111550,-0.364274,-0.256667,0.209958,-0.376843,-0.256751,0.181010,-0.408443,-0.231689,0.209619,-0.420080,-0.185516,0.234163,-0.414396,-0.227138
2026-07-16 16:33:23.161,179.799829,0.000000,0.000000,0.000000,0.308482,-0.391993,-0.257412,0.111666,-0.366855,-0.257243,0.210074,-0.379424,-0.257328,0.181126,-0.411024,-0.232266,0.209734,-0.422661,-0.186092,0.233236,-0.417757,-0.227730
2026-07-16 16:33:23.261,179.899828,0.000000,0.000000,0.000000,0.308644,-0.395606,-0.258219,0.111669,-0.372499,-0.258043,0.210156,-0.384053,-0.258131,0.181288,-0.414637,-0.233073,0.209323,-0.425108,-0.186785,0.233398,-0.421370,-0.228537
2026-07-16 16:33:23.361,179.999828,0.000000,0.000000,0.000000,0.308880,-0.392587,-0.257762,0.111735,-0.368404,-0.257589,0.210307,-0.380496,-0.257675,0.181372,-0.411583,-0.232582,0.208442,-0.422852,-0.186302,0.233550,-0.418333,-0.228039
2026-07-16 16:33:23.461,180.099828,0.000000,0.000000,0.000000,0.308551,-0.393542,-0.257758,0.111735,-0.368404,-0.257589,0.210143,-0.380973,-0.257674,0.181372,-0.411583,-0.232582,0.207440,-0.423638,-0.186374,0.233550,-0.418333,-0.228039
2026-07-16 16:33:23.561,180.199828,0.000000,0.000000,0.000000,0.308417,-0.382263,-0.255455,0.111272,-0.358080,-0.255283,0.209844,-0.370171,-0.255369,0.180732,-0.402248,-0.230305,0.206401,-0.412146,-0.183953,0.232842,-0.408981,-0.225769
2026-07-16 16:33:23.661,180.299828,0.000000,0.000000,0.000000,0.308459,-0.391477,-0.257297,0.111563,-0.367354,-0.257124,0.210011,-0.379416,-0.257211,0.181279,-0.409518,-0.232120,0.206559,-0.421383,-0.185892,0.233212,-0.417241,-0.227614
2026-07-16 16:33:23.761,180.399828,0.000000,0.000000,0.000000,0.309019,-0.395684,-0.258453,0.111874,-0.371501,-0.258281,0.210446,-0.383593,-0.258367,0.181511,-0.414680,-0.233273,0.206003,-0.426354,-0.187024,0.233444,-0.422403,-0.228767
2026-07-16 16:33:23.861,180.499828,0.000000,0.000000,0.000000,0.308598,-0.394574,-0.257989,0.111702,-0.370451,-0.257816,0.210150,-0.382513,-0.257902,0.180627,-0.412424,-0.232791,0.205332,-0.423121,-0.186448,0.233351,-0.420338,-0.228306
2026-07-16 16:33:23.961,180.599828,0.000000,0.000000,0.000000,0.308690,-0.396639,-0.258450,0.111874,-0.371501,-0.258281,0.210282,-0.384070,-0.258365,0.180544,-0.415479,-0.233282,0.205634,-0.424208,-0.186815,0.233444,-0.422403,-0.228767
2026-07-16 16:33:24.061,180.699828,0.000000,0.000000,0.000000,0.308320,-0.388379,-0.256605,0.111424,-0.364257,-0.256432,0.209872,-0.376318,-0.256519,0.180163,-0.407171,-0.232250,0.203848,-0.418692,-0.185229,0.233073,-0.414143,-0.226922
2026-07-16 16:33:24.161,180.799828,0.000000,0.000000,0.000000,0.308798,-0.390574,-0.256435,0.111563,-0.367354,-0.257124,0.210180,-0.378964,-0.256780,0.180302,-0.410268,-0.232942,0.204195,-0.420811,-0.185828,0.233212,-0.417241,-0.227614
2026-07-16 16:33:24.261,180.899827,0.000000,0.000000,0.000000,0.308695,-0.388458,-0.256839,0.111550,-0.364274,-0.256667,0.210122,-0.376366,-0.256753,0.179245,-0.409003,-0.232488,0.203108,-0.419534,-0.185439,0.233120,-0.415176,-0.227153
2026-07-16 16:33:24.361,180.999827,0.000000,0.000000,0.000000,0.308505,-0.392509,-0.257527,0.111609,-0.368387,-0.257355,0.210057,-0.380448,-0.257441,0.179384,-0.412100,-0.233180,0.203257,-0.422680,-0.185321,0.233259,-0.418273,-0.227845
2026-07-16 16:33:24.461,181.099827,0.000000,0.000000,0.000000,0.308690,-0.396639,-0.258450,0.111794,-0.372516,-0.258278,0.210242,-0.384578,-0.258364,0.179569,-0.416229,-0.234103,0.203442,-0.426809,-0.186244,0.234240,-0.422595,-0.228789
2026-07-16 16:33:24.561,181.199827,0.000000,0.000000,0.000000,0.308459,-0.391477,-0.257297,0.111642,-0.366339,-0.257128,0.210051,-0.378908,-0.257212,0.179338,-0.411067,-0.232950,0.203221,-0.421696,-0.184281,0.233763,-0.418406,-0.227672
2026-07-16 16:33:24.661,181.299827,0.000000,0.000000,0.000000,0.308926,-0.393620,-0.257992,0.111781,-0.369436,-0.257820,0.210354,-0.381528,-0.257906,0.179477,-0.414165,-0.233642,0.203958,-0.426057,-0.183474,0.234394,-0.419558,-0.228292
2026-07-16 16:33:24.761,181.399827,0.000000,0.000000,0.000000,0.308551,-0.393542,-0.257758,0.111655,-0.369419,-0.257586,0.210103,-0.381480,-0.257672,0.179440,-0.413181,-0.232599,0.203933,-0.425121,-0.181627,0.234102,-0.419498,-0.228097
2026-07-16 16:33:24.861,181.499827,0.000000,0.000000,0.000000,0.309023,-0.387503,-0.256843,0.111470,-0.365289,-0.256663,0.210247,-0.376396,-0.256753,0.180220,-0.408252,-0.231668,0.203768,-0.421088,-0.179088,0.233927,-0.415417,-0.226355
2026-07-16 16:33:24.961,181.599827,0.000000,0.000000,0.000000,0.308598,-0.394574,-0.257989,0.111702,-0.370451,-0.257816,0.210150,-0.382513,-0.257902,0.180462,-0.413462,-0.232008,0.205026,-0.425607,-0.177733,0.234955,-0.420772,-0.227530
2026-07-16 16:33:25.061,181.699827,0.000000,0.000000,0.000000,0.308551,-0.393542,-0.257758,0.111735,-0.368404,-0.257589,0.210143,-0.380973,-0.257674,0.181205,-0.412621,-0.231799,0.205000,-0.424671,-0.175883,0.234908,-0.419740,-0.227299
2026-07-16 16:33:25.161,181.799827,0.000000,0.000000,0.000000,0.308972,-0.394652,-0.258223,0.111828,-0.370469,-0.258050,0.210400,-0.382560,-0.258137,0.181298,-0.414686,-0.232261,0.205113,-0.426832,-0.174726,0.235259,-0.420881,-0.226903
2026-07-16 16:33:25.261,181.899827,0.000000,0.000000,0.000000,0.308833,-0.391555,-0.257531,0.111689,-0.367372,-0.257359,0.210261,-0.379463,-0.257445,0.181959,-0.411828,-0.230777,0.205666,-0.424462,-0.173302,0.235120,-0.417784,-0.226211
2026-07-16 16:33:25.361,181.999826,0.000000,0.000000,0.000000,0.308598,-0.394574,-0.257989,0.111702,-0.370451,-0.257816,0.210150,-0.382513,-0.257902,0.182230,-0.412904,-0.231206,0.205884,-0.426134,-0.172089,0.235460,-0.418877,-0.226634
2026-07-16 16:33:25.461,182.099826,0.000000,0.000000,0.000000,0.308598,-0.394574,-0.257989,0.111781,-0.369436,-0.257820,0.210189,-0.382005,-0.257904,0.182230,-0.412904,-0.231206,0.205895,-0.426183,-0.171280,0.235460,-0.418877,-0.226634
2026-07-16 16:33:25.561,182.199826,0.000000,0.000000,0.000000,0.308320,-0.388379,-0.256605,0.111424,-0.364257,-0.256432,0.209872,-0.376318,-0.256519,0.181952,-0.406709,-0.229822,0.206414,-0.420227,-0.169108,0.234935,-0.413654,-0.225289
2026-07-16 16:33:25.661,182.299826,0.000000,0.000000,0.000000,0.308695,-0.388458,-0.256839,0.111629,-0.363259,-0.256670,0.210162,-0.375859,-0.256755,0.181998,-0.407742,-0.230053,0.206672,-0.420283,-0.169223,0.234981,-0.414687,-0.225519
2026-07-16 16:33:25.761,182.399826,0.000000,0.000000,0.000000,0.308609,-0.394625,-0.257124,0.111781,-0.369436,-0.257820,0.210195,-0.382031,-0.257472,0.182230,-0.412904,-0.231206,0.206904,-0.425445,-0.170376,0.235213,-0.419849,-0.226673
2026-07-16 16:33:25.861,182.499826,0.000000,0.000000,0.000000,0.308880,-0.392587,-0.257762,0.111655,-0.369419,-0.257586,0.210268,-0.381003,-0.257674,0.182975,-0.412063,-0.230997,0.206656,-0.425437,-0.169452,0.235166,-0.418817,-0.226442
2026-07-16 16:33:25.961,182.599826,0.000000,0.000000,0.000000,0.308598,-0.394574,-0.257989,0.111781,-0.369436,-0.257820,0.210189,-0.382005,-0.257904,0.182230,-0.412904,-0.231206,0.207126,-0.424517,-0.169449,0.235460,-0.418877,-0.226634
2026-07-16 16:33:26.061,182.699826,0.000000,0.000000,0.000000,0.308690,-0.396639,-0.258450,0.111874,-0.371501,-0.258281,0.210282,-0.384070,-0.258365,0.182322,-0.414969,-0.231667,0.207007,-0.427558,-0.170027,0.235305,-0.421914,-0.227134
2026-07-16 16:33:26.161,182.799826,0.000000,0.000000,0.000000,0.308273,-0.387347,-0.256374,0.111457,-0.362210,-0.256205,0.209865,-0.374778,-0.256290,0.181916,-0.405725,-0.228778,0.206802,-0.417291,-0.167835,0.235136,-0.411650,-0.225020
2026-07-16 16:33:26.261,182.899826,0.000000,0.000000,0.000000,0.308598,-0.394574,-0.257989,0.111702,-0.370451,-0.257816,0.210150,-0.382513,-0.257902,0.182230,-0.412904,-0.231206,0.206702,-0.426469,-0.169682,0.235213,-0.419849,-0.226673
2026-07-16 16:33:26.361,182.999825,0.000000,0.000000,0.000000,0.308551,-0.393542,-0.257758,0.111735,-0.368404,-0.257589,0.210143,-0.380973,-0.257674,0.182183,-0.411871,-0.230976,0.206656,-0.425437,-0.169452,0.235166,-0.418817,-0.226442
2026-07-16 16:33:26.461,183.099825,0.000000,0.000000,0.000000,0.308741,-0.389490,-0.257070,0.111517,-0.366322,-0.256894,0.210129,-0.377906,-0.256982,0.181867,-0.409763,-0.230316,0.206506,-0.422292,-0.169569,0.235027,-0.415719,-0.225750
2026-07-16 16:33:26.561,183.199825,0.000000,0.000000,0.000000,0.308038,-0.390366,-0.256832,0.111550,-0.364274,-0.256667,0.209794,-0.377320,-0.256749,0.181821,-0.408731,-0.230086,0.205884,-0.420093,-0.169202,0.234981,-0.414687,-0.225519
2026-07-16 16:33:26.661,183.299825,0.000000,0.000000,0.000000,0.308273,-0.387347,-0.256374,0.111378,-0.363225,-0.256202,0.209825,-0.375286,-0.256288,0.181728,-0.406666,-0.229624,0.205581,-0.419004,-0.168856,0.234888,-0.412622,-0.225058
2026-07-16 16:33:26.761,183.399825,0.000000,0.000000,0.000000,0.308736,-0.397671,-0.258681,0.111920,-0.372534,-0.258512,0.210328,-0.385103,-0.258596,0.181577,-0.415810,-0.231877,0.206255,-0.428352,-0.171047,0.235352,-0.422946,-0.227364
2026-07-16 16:33:26.861,183.499825,0.000000,0.000000,0.000000,0.308412,-0.390444,-0.257066,0.111596,-0.365307,-0.256897,0.210004,-0.377876,-0.256982,0.181077,-0.409572,-0.230295,0.205930,-0.421125,-0.169432,0.235027,-0.415719,-0.225750
2026-07-16 16:33:26.961,183.599825,0.000000,0.000000,0.000000,0.308972,-0.394652,-0.258223,0.111748,-0.371484,-0.258047,0.210360,-0.383068,-0.258135,0.181308,-0.414734,-0.231448,0.205951,-0.427263,-0.170701,0.235259,-0.420881,-0.226903
2026-07-16 16:33:27.061,183.699825,0.000000,0.000000,0.000000,0.308787,-0.390522,-0.257300,0.111563,-0.367354,-0.257124,0.210175,-0.378938,-0.257212,0.181123,-0.410605,-0.230525,0.204979,-0.422943,-0.169757,0.235074,-0.416752,-0.225981
2026-07-16 16:33:27.161,183.799825,0.000000,0.000000,0.000000,0.309158,-0.398782,-0.259145,0.111933,-0.375614,-0.258969,0.210545,-0.387198,-0.259057,0.181494,-0.418864,-0.232370,0.205349,-0.431203,-0.171602,0.236242,-0.425204,-0.227847
2026-07-16 16:33:27.261,183.899825,0.000000,0.000000,0.000000,0.308459,-0.391477,-0.257297,0.111642,-0.366339,-0.257128,0.210051,-0.378908,-0.257212,0.181123,-0.410605,-0.230525,0.204979,-0.422943,-0.169757,0.235871,-0.416945,-0.226002
2026-07-16 16:33:27.361,183.999825,0.000000,0.000000,0.000000,0.308695,-0.388458,-0.256839,0.111550,-0.364274,-0.256667,0.210122,-0.376366,-0.256753,0.181030,-0.408540,-0.230064,0.204886,-0.420879,-0.169296,0.234981,-0.414687,-0.225519
2026-07-16 16:33:27.461,184.099824,0.000000,0.000000,0.000000,0.308644,-0.395606,-0.258219,0.111828,-0.370469,-0.258050,0.210236,-0.383038,-0.258135,0.180694,-0.413554,-0.231394,0.205164,-0.427073,-0.170680,0.235259,-0.420881,-0.226903
2026-07-16 16:33:27.561,184.199824,0.000000,0.000000,0.000000,0.308320,-0.388379,-0.256605,0.111503,-0.363242,-0.256436,0.209912,-0.375811,-0.256520,0.180194,-0.407316,-0.229812,0.204840,-0.419846,-0.169065,0.234935,-0.413654,-0.225289
2026-07-16 16:33:27.661,184.299824,0.000000,0.000000,0.000000,0.308459,-0.391477,-0.257297,0.111722,-0.365324,-0.257131,0.210090,-0.378401,-0.257214,0.180333,-0.410414,-0.230504,0.204979,-0.422943,-0.169757,0.235871,-0.416945,-0.226002
2026-07-16 16:33:27.761,184.399824,0.000000,0.000000,0.000000,0.308551,-0.393542,-0.257758,0.111735,-0.368404,-0.257589,0.210143,-0.380973,-0.257674,0.180426,-0.412478,-0.230965,0.205281,-0.424032,-0.170103,0.235166,-0.418817,-0.226442
2026-07-16 16:33:27.861,184.499824,0.000000,0.000000,0.000000,0.308459,-0.391477,-0.257297,0.111563,-0.367354,-0.257124,0.210011,-0.379416,-0.257211,0.180333,-0.410414,-0.230504,0.205189,-0.421967,-0.169642,0.235074,-0.416752,-0.225981
2026-07-16 16:33:27.961,184.599824,0.000000,0.000000,0.000000,0.308516,-0.392561,-0.256663,0.111689,-0.367372,-0.257359,0.210102,-0.379966,-0.257011,0.180379,-0.411446,-0.230735,0.204447,-0.422809,-0.169851,0.235669,-0.418949,-0.226271
2026-07-16 16:33:28.061,184.699824,0.000000,0.000000,0.000000,0.308551,-0.393542,-0.257758,0.111735,-0.368404,-0.257589,0.210143,-0.380973,-0.257674,0.180426,-0.412478,-0.230965,0.204285,-0.424818,-0.170197,0.234919,-0.419788,-0.226480
2026-07-16 16:33:28.161,184.799824,0.000000,0.000000,0.000000,0.308551,-0.393542,-0.257758,0.111735,-0.368404,-0.257589,0.210143,-0.380973,-0.257674,0.180426,-0.412478,-0.230965,0.204389,-0.424329,-0.170139,0.235166,-0.418817,-0.226442
2026-07-16 16:33:28.261,184.899824,0.000000,0.000000,0.000000,0.308972,-0.394652,-0.258223,0.111748,-0.371484,-0.258047,0.210360,-0.383068,-0.258135,0.180518,-0.414543,-0.231427,0.204377,-0.426883,-0.170658,0.235259,-0.420881,-0.226903
2026-07-16 16:33:28.361,184.999824,0.000000,0.000000,0.000000,0.308551,-0.393542,-0.257758,0.111655,-0.369419,-0.257586,0.210103,-0.381480,-0.257672,0.180426,-0.412478,-0.230965,0.204285,-0.424818,-0.170197,0.235166,-0.418817,-0.226442
2026-07-16 16:33:28.461,185.099823,0.000000,0.000000,0.000000,0.308130,-0.392431,-0.257293,0.111642,-0.366339,-0.257128,0.209886,-0.379385,-0.257210,0.180333,-0.410414,-0.230504,0.204192,-0.422753,-0.169736,0.235074,-0.416752,-0.225981
2026-07-16 16:33:28.561,185.199823,0.000000,0.000000,0.000000,0.308598,-0.394574,-0.257989,0.111781,-0.369436,-0.257820,0.210189,-0.382005,-0.257904,0.180472,-0.413511,-0.231196,0.204540,-0.424873,-0.170312,0.235213,-0.419849,-0.226673
2026-07-16 16:33:28.661,185.299823,0.000000,0.000000,0.000000,0.308505,-0.392509,-0.257527,0.111609,-0.368387,-0.257355,0.210057,-0.380448,-0.257441,0.180379,-0.411446,-0.230735,0.204457,-0.422857,-0.169041,0.235918,-0.417977,-0.226233
2026-07-16 16:33:28.761,185.399823,0.000000,0.000000,0.000000,0.308598,-0.394574,-0.257989,0.111781,-0.369436,-0.257820,0.210189,-0.382005,-0.257904,0.180472,-0.413511,-0.231196,0.204341,-0.425898,-0.169618,0.234965,-0.420821,-0.226711
2026-07-16 16:33:28.861,185.499823,0.000000,0.000000,0.000000,0.308598,-0.394574,-0.257989,0.111702,-0.370451,-0.257816,0.210150,-0.382513,-0.257902,0.180472,-0.413511,-0.231196,0.204550,-0.424922,-0.169502,0.235213,-0.419849,-0.226673
2026-07-16 16:33:28.961,185.599823,0.000000,0.000000,0.000000,0.308459,-0.391477,-0.257297,0.111642,-0.366339,-0.257128,0.210051,-0.378908,-0.257212,0.180333,-0.410414,-0.230504,0.204411,-0.421825,-0.168810,0.235074,-0.416752,-0.225981
2026-07-16 16:33:29.061,185.699823,0.000000,0.000000,0.000000,0.308598,-0.394574,-0.257989,0.111781,-0.369436,-0.257820,0.210189,-0.382005,-0.257904,0.180472,-0.413511,-0.231196,0.204341,-0.425898,-0.169618,0.235213,-0.419849,-0.226673
2026-07-16 16:33:29.161,185.799823,0.000000,0.000000,0.000000,0.308459,-0.391477,-0.257297,0.111642,-0.366339,-0.257128,0.210051,-0.378908,-0.257212,0.180333,-0.410414,-0.230504,0.204202,-0.422801,-0.168927,0.235074,-0.416752,-0.225981
2026-07-16 16:33:29.261,185.899823,0.000000,0.000000,0.000000,0.308741,-0.389490,-0.257070,0.111596,-0.365307,-0.256897,0.210168,-0.377398,-0.256983,0.180287,-0.409381,-0.230273,0.204156,-0.421769,-0.168696,0.234780,-0.416691,-0.225788
2026-07-16 16:33:29.361,185.999823,0.000000,0.000000,0.000000,0.308787,-0.390522,-0.257300,0.111563,-0.367354,-0.257124,0.210175,-0.378938,-0.257212,0.180333,-0.410414,-0.230504,0.204411,-0.421825,-0.168810,0.235074,-0.416752,-0.225981
2026-07-16 16:33:29.461,186.099823,0.000000,0.000000,0.000000,0.308787,-0.390522,-0.257300,0.111642,-0.366339,-0.257128,0.210215,-0.378431,-0.257214,0.180333,-0.410414,-0.230504,0.204411,-0.421825,-0.168810,0.235074,-0.416752,-0.225981
2026-07-16 16:33:29.561,186.199822,0.000000,0.000000,0.000000,0.307991,-0.389334,-0.256601,0.111503,-0.363242,-0.256436,0.209747,-0.376288,-0.256519,0.180194,-0.407316,-0.229812,0.204063,-0.419704,-0.168235,0.234687,-0.414626,-0.225327
2026-07-16 16:33:29.661,186.299822,0.000000,0.000000,0.000000,0.309255,-0.392665,-0.257996,0.111702,-0.370451,-0.257816,0.210478,-0.381558,-0.257906,0.180472,-0.413511,-0.231196,0.203554,-0.425708,-0.169597,0.235213,-0.419849,-0.226673
2026-07-16 16:33:29.761,186.399822,0.000000,0.000000,0.000000,0.308690,-0.396639,-0.258450,0.111794,-0.372516,-0.258278,0.210242,-0.384578,-0.258364,0.180565,-0.415576,-0.231657,0.203855,-0.426796,-0.169942,0.235305,-0.421914,-0.227134
2026-07-16 16:33:29.861,186.499822,0.000000,0.000000,0.000000,0.308833,-0.391555,-0.257531,0.111768,-0.366357,-0.257362,0.210301,-0.378956,-0.257446,0.180379,-0.411446,-0.230735,0.203877,-0.421689,-0.168903,0.235669,-0.418949,-0.226271
2026-07-16 16:33:29.961,186.599822,0.000000,0.000000,0.000000,0.308505,-0.392509,-0.257527,0.111609,-0.368387,-0.257355,0.210057,-0.380448,-0.257441,0.180379,-0.411446,-0.230735,0.203670,-0.422666,-0.169019,0.235120,-0.417784,-0.226211
2026-07-16 16:33:30.061,186.699822,0.000000,0.000000,0.000000,0.308509,-0.384328,-0.255916,0.111364,-0.360145,-0.255744,0.209937,-0.372236,-0.255830,0.180055,-0.404219,-0.229120,0.203138,-0.416416,-0.167521,0.234796,-0.410557,-0.224597
2026-07-16 16:33:30.161,186.799822,0.000000,0.000000,0.000000,0.308992,-0.388205,-0.277420,0.111664,-0.366116,-0.274606,0.210328,-0.377160,-0.276013,0.180877,-0.409875,-0.250382,0.204759,-0.423521,-0.189385,0.235686,-0.416103,-0.246591
2026-07-16 16:33:30.261,186.899822,0.000000,0.000000,0.000000,0.308412,-0.390444,-0.257066,0.111596,-0.365307,-0.256897,0.210004,-0.377876,-0.256982,0.180287,-0.409381,-0.230273,0.203577,-0.420601,-0.168558,0.235576,-0.416884,-0.225810
2026-07-16 16:33:30.361,186.999822,0.000000,0.000000,0.000000,0.308787,-0.390522,-0.257300,0.111642,-0.366339,-0.257128,0.210215,-0.378431,-0.257214,0.180333,-0.410414,-0.230504,0.203623,-0.421634,-0.168789,0.235074,-0.416752,-0.225981
2026-07-16 16:33:30.461,187.099822,0.000000,0.000000,0.000000,0.308926,-0.393620,-0.257992,0.111781,-0.369436,-0.257820,0.210354,-0.381528,-0.257906,0.180472,-0.413511,-0.231196,0.203762,-0.424731,-0.169480,0.235762,-0.421013,-0.226732
2026-07-16 16:33:30.561,187.199821,0.000000,0.000000,0.000000,0.308412,-0.390444,-0.257066,0.111517,-0.366322,-0.256894,0.209964,-0.378383,-0.256980,0.180287,-0.409381,-0.230273,0.203577,-0.420601,-0.168558,0.235027,-0.415719,-0.225750
2026-07-16 16:33:30.661,187.299821,0.000000,0.000000,0.000000,0.308505,-0.392509,-0.257527,0.111689,-0.367372,-0.257359,0.210097,-0.379940,-0.257443,0.180379,-0.411446,-0.230735,0.203670,-0.422666,-0.169019,0.235918,-0.417977,-0.226233
2026-07-16 16:33:30.761,187.399821,0.000000,0.000000,0.000000,0.308412,-0.390444,-0.257066,0.111596,-0.365307,-0.256897,0.210004,-0.377876,-0.256982,0.180287,-0.409381,-0.230273,0.203785,-0.419624,-0.168441,0.234780,-0.416691,-0.225788
2026-07-16 16:33:30.861,187.499821,0.000000,0.000000,0.000000,0.308366,-0.389412,-0.256835,0.111550,-0.364274,-0.256667,0.209958,-0.376843,-0.256751,0.180065,-0.409338,-0.230075,0.203323,-0.420546,-0.168444,0.235530,-0.415851,-0.225579
2026-07-16 16:33:30.961,187.599821,0.000000,0.000000,0.000000,0.308644,-0.395606,-0.258219,0.111828,-0.370469,-0.258050,0.210236,-0.383038,-0.258135,0.180518,-0.414543,-0.231427,0.203808,-0.425764,-0.169711,0.236057,-0.421074,-0.226925
2026-07-16 16:33:31.061,187.699821,0.000000,0.000000,0.000000,0.308833,-0.391555,-0.257531,0.111689,-0.367372,-0.257359,0.210261,-0.379463,-0.257445,0.179589,-0.411255,-0.230713,0.204666,-0.421880,-0.168924,0.235669,-0.418949,-0.226271
2026-07-16 16:33:31.161,187.799821,0.000000,0.000000,0.000000,0.308223,-0.379964,-0.275000,0.111293,-0.355905,-0.272114,0.209758,-0.367934,-0.273557,0.180432,-0.400678,-0.247928,0.204898,-0.415482,-0.187123,0.235795,-0.408065,-0.244250
2026-07-16 16:33:31.261,187.899821,0.000000,0.000000,0.000000,0.308320,-0.388379,-0.256605,0.111503,-0.363242,-0.256436,0.209912,-0.375811,-0.256520,0.179404,-0.407125,-0.229791,0.204481,-0.417750,-0.168001,0.235732,-0.413847,-0.225310
2026-07-16 16:33:31.361,187.999821,0.000000,0.000000,0.000000,0.308459,-0.391477,-0.257297,0.111642,-0.366339,-0.257128,0.210051,-0.378908,-0.257212,0.179533,-0.410174,-0.231295,0.204411,-0.421825,-0.168810,0.235871,-0.416945,-0.226002
2026-07-16 16:33:31.461,188.099821,0.000000,0.000000,0.000000,0.308880,-0.392587,-0.257762,0.111746,-0.368454,-0.256749,0.210313,-0.380521,-0.257255,0.179451,-0.413229,-0.231788,0.204713,-0.422913,-0.169155,0.235964,-0.419010,-0.226463
2026-07-16 16:33:31.561,188.199821,0.000000,0.000000,0.000000,0.308602,-0.386393,-0.256378,0.111457,-0.362210,-0.256205,0.210030,-0.374301,-0.256292,0.179347,-0.406044,-0.230373,0.203428,-0.417456,-0.168676,0.235438,-0.413787,-0.225118
2026-07-16 16:33:31.661,188.299820,0.000000,0.000000,0.000000,0.308505,-0.392509,-0.257527,0.111609,-0.368387,-0.257355,0.210057,-0.380448,-0.257441,0.179579,-0.411206,-0.231526,0.204447,-0.422809,-0.169851,0.235669,-0.418949,-0.226271
2026-07-16 16:33:31.761,188.399820,0.000000,0.000000,0.000000,0.308690,-0.396639,-0.258450,0.111794,-0.372516,-0.258278,0.210242,-0.384578,-0.258364,0.179764,-0.415336,-0.232448,0.203844,-0.426748,-0.170752,0.236103,-0.422107,-0.227155
2026-07-16 16:33:31.861,188.499820,0.000000,0.000000,0.000000,0.308598,-0.394574,-0.257989,0.111702,-0.370451,-0.257816,0.210150,-0.382513,-0.257902,0.179497,-0.414261,-0.232019,0.203752,-0.424683,-0.170291,0.235762,-0.421013,-0.226732
2026-07-16 16:33:31.961,188.599820,0.000000,0.000000,0.000000,0.308174,-0.378943,-0.274727,0.111244,-0.354883,-0.271842,0.209709,-0.366913,-0.273285,0.179404,-0.400378,-0.248501,0.204265,-0.413303,-0.186660,0.235745,-0.407043,-0.243978
2026-07-16 16:33:32.061,188.699820,0.000000,0.000000,0.000000,0.308829,-0.399736,-0.259142,0.112092,-0.373584,-0.258976,0.210461,-0.386660,-0.259059,0.179903,-0.418433,-0.233140,0.203983,-0.429845,-0.171444,0.236242,-0.425204,-0.227847
2026-07-16 16:33:32.161,188.799820,0.000000,0.000000,0.000000,0.308459,-0.391477,-0.257297,0.111563,-0.367354,-0.257124,0.210011,-0.379416,-0.257211,0.179533,-0.410174,-0.231295,0.203831,-0.420657,-0.168672,0.235623,-0.417916,-0.226041
2026-07-16 16:33:32.261,188.899820,0.000000,0.000000,0.000000,0.309065,-0.396717,-0.258684,0.111841,-0.373549,-0.258508,0.210453,-0.385133,-0.258596,0.179810,-0.416369,-0.232679,0.203901,-0.427828,-0.170172,0.235901,-0.424111,-0.227424
2026-07-16 16:33:32.361,188.999820,0.000000,0.000000,0.000000,0.308273,-0.387347,-0.256374,0.111457,-0.362210,-0.256205,0.209865,-0.374778,-0.256290,0.179347,-0.406044,-0.230373,0.203646,-0.416527,-0.167749,0.235189,-0.414758,-0.225156
2026-07-16 16:33:32.461,189.099820,0.000000,0.000000,0.000000,0.308598,-0.394574,-0.257989,0.111781,-0.369436,-0.257820,0.210189,-0.382005,-0.257904,0.179672,-0.413271,-0.231987,0.203762,-0.424731,-0.169480,0.235762,-0.421013,-0.226732
2026-07-16 16:33:32.561,189.199820,0.000000,0.000000,0.000000,0.308787,-0.390522,-0.257300,0.111642,-0.366339,-0.257128,0.210215,-0.378431,-0.257214,0.179533,-0.410174,-0.231295,0.203623,-0.421634,-0.168789,0.235623,-0.417916,-0.226041
2026-07-16 16:33:32.661,189.299819,0.000000,0.000000,0.000000,0.308690,-0.396639,-0.258450,0.111874,-0.371501,-0.258281,0.210282,-0.384070,-0.258365,0.179764,-0.415336,-0.232448,0.203865,-0.426844,-0.169131,0.235854,-0.423078,-0.227194
2026-07-16 16:33:32.761,189.399819,0.000000,0.000000,0.000000,0.308084,-0.391399,-0.257062,0.111596,-0.365307,-0.256897,0.209840,-0.378353,-0.256980,0.179486,-0.409142,-0.231065,0.203587,-0.420650,-0.167748,0.235576,-0.416884,-0.225810
2026-07-16 16:33:32.861,189.499819,0.000000,0.000000,0.000000,0.308459,-0.391477,-0.257297,0.111642,-0.366339,-0.257128,0.210051,-0.378908,-0.257212,0.179543,-0.410222,-0.230483,0.203841,-0.420705,-0.167860,0.235623,-0.417916,-0.226041
2026-07-16 16:33:32.961,189.599819,0.000000,0.000000,0.000000,0.308412,-0.390444,-0.257066,0.111517,-0.366322,-0.256894,0.209964,-0.378383,-0.256980,0.179486,-0.409142,-0.231065,0.203587,-0.420650,-0.167748,0.235576,-0.416884,-0.225810
2026-07-16 16:33:33.061,189.699819,0.000000,0.000000,0.000000,0.308412,-0.390444,-0.257066,0.111517,-0.366322,-0.256894,0.209964,-0.378383,-0.256980,0.179497,-0.409190,-0.230252,0.203795,-0.419673,-0.167630,0.235576,-0.416884,-0.225810
2026-07-16 16:33:33.161,189.799819,0.000000,0.000000,0.000000,0.308695,-0.388458,-0.256839,0.111550,-0.364274,-0.256667,0.210122,-0.376366,-0.256753,0.179440,-0.408109,-0.230834,0.203759,-0.418689,-0.166588,0.235530,-0.415851,-0.225579
2026-07-16 16:33:33.261,189.899819,0.000000,0.000000,0.000000,0.308320,-0.388379,-0.256605,0.111424,-0.364257,-0.256432,0.209872,-0.376318,-0.256519,0.179404,-0.407125,-0.229791,0.203713,-0.417656,-0.166357,0.235484,-0.414819,-0.225349
2026-07-16 16:33:33.361,189.999819,0.000000,0.000000,0.000000,0.308787,-0.390522,-0.257300,0.111563,-0.367354,-0.257124,0.210175,-0.378938,-0.257212,0.179543,-0.410222,-0.230483,0.203851,-0.420754,-0.167049,0.235623,-0.417916,-0.226041
2026-07-16 16:33:33.461,190.099819,0.000000,0.000000,0.000000,0.308926,-0.393620,-0.257992,0.111792,-0.369486,-0.256980,0.210359,-0.381553,-0.257486,0.179682,-0.413320,-0.231175,0.203783,-0.424828,-0.167860,0.235762,-0.421013,-0.226732
2026-07-16 16:33:33.561,190.199819,0.000000,0.000000,0.000000,0.308690,-0.396639,-0.258450,0.111874,-0.371501,-0.258281,0.210282,-0.384070,-0.258365,0.179774,-0.415384,-0.231636,0.203875,-0.426892,-0.168321,0.235854,-0.423078,-0.227194
2026-07-16 16:33:33.661,190.299819,0.000000,0.000000,0.000000,0.308273,-0.387347,-0.256374,0.111616,-0.360180,-0.256212,0.209945,-0.373763,-0.256293,0.179347,-0.406044,-0.230373,0.204455,-0.416815,-0.166148,0.235686,-0.412815,-0.225080
2026-07-16 16:33:33.761,190.399818,0.000000,0.000000,0.000000,0.308273,-0.387347,-0.256374,0.111457,-0.362210,-0.256205,0.209865,-0.374778,-0.256290,0.179358,-0.406093,-0.229560,0.204466,-0.416863,-0.165336,0.235438,-0.413787,-0.225118
2026-07-16 16:33:33.861,190.499818,0.000000,0.000000,0.000000,0.308509,-0.384328,-0.255916,0.111205,-0.362175,-0.255737,0.209857,-0.373251,-0.255827,0.179265,-0.404028,-0.229099,0.204164,-0.415775,-0.164995,0.235593,-0.410750,-0.224618
2026-07-16 16:33:33.961,190.599818,0.000000,0.000000,0.000000,0.308084,-0.391399,-0.257062,0.111517,-0.366322,-0.256894,0.209800,-0.378860,-0.256978,0.180111,-0.410371,-0.230306,0.204396,-0.420937,-0.166148,0.235576,-0.416884,-0.225810
2026-07-16 16:33:34.061,190.699818,0.000000,0.000000,0.000000,0.308459,-0.391477,-0.257297,0.111642,-0.366339,-0.257128,0.210051,-0.378908,-0.257212,0.180157,-0.411403,-0.230537,0.204452,-0.422017,-0.165568,0.235871,-0.416945,-0.226002
2026-07-16 16:33:34.161,190.799818,0.000000,0.000000,0.000000,0.308320,-0.388379,-0.256605,0.111503,-0.363242,-0.256436,0.209912,-0.375811,-0.256520,0.179404,-0.407125,-0.229791,0.204313,-0.418920,-0.164876,0.235732,-0.413847,-0.225310
2026-07-16 16:33:34.261,190.899818,0.000000,0.000000,0.000000,0.308798,-0.390574,-0.256435,0.111733,-0.365374,-0.256290,0.210265,-0.377974,-0.256362,0.180333,-0.410414,-0.230504,0.204463,-0.422066,-0.164758,0.235871,-0.416945,-0.226002
2026-07-16 16:33:34.361,190.999818,0.000000,0.000000,0.000000,0.307945,-0.388302,-0.256371,0.111378,-0.363225,-0.256202,0.209661,-0.375763,-0.256286,0.180148,-0.406284,-0.229581,0.204486,-0.416960,-0.163713,0.235686,-0.412815,-0.225080
2026-07-16 16:33:34.461,191.099818,0.000000,0.000000,0.000000,0.308174,-0.378943,-0.274727,0.111169,-0.355898,-0.271880,0.209672,-0.367420,-0.273304,0.180382,-0.399657,-0.247656,0.205159,-0.413979,-0.181850,0.235989,-0.406073,-0.243901
2026-07-16 16:33:34.561,191.199818,0.000000,0.000000,0.000000,0.308787,-0.390522,-0.257300,0.111563,-0.367354,-0.257124,0.210175,-0.378938,-0.257212,0.180333,-0.410414,-0.230504,0.204483,-0.422162,-0.163137,0.235871,-0.416945,-0.226002
2026-07-16 16:33:34.661,191.299818,0.000000,0.000000,0.000000,0.308880,-0.392587,-0.257762,0.111655,-0.369419,-0.257586,0.210268,-0.381003,-0.257674,0.180436,-0.412527,-0.230153,0.204795,-0.423299,-0.162663,0.235964,-0.419010,-0.226463
2026-07-16 16:33:34.761,191.399817,0.000000,0.000000,0.000000,0.308459,-0.391477,-0.257297,0.111642,-0.366339,-0.257128,0.210051,-0.378908,-0.257212,0.181133,-0.410653,-0.229713,0.203518,-0.423093,-0.160813,0.235871,-0.416945,-0.226002
2026-07-16 16:33:34.861,191.499817,0.000000,0.000000,0.000000,0.308273,-0.387347,-0.256374,0.111378,-0.363225,-0.256202,0.209825,-0.375286,-0.256288,0.180948,-0.406523,-0.228790,0.203343,-0.419011,-0.159081,0.235686,-0.412815,-0.225080
2026-07-16 16:33:34.961,191.599817,0.000000,0.000000,0.000000,0.308412,-0.390444,-0.257066,0.111596,-0.365307,-0.256897,0.210004,-0.377876,-0.256982,0.181087,-0.409620,-0.229482,0.203492,-0.422157,-0.158963,0.235825,-0.415912,-0.225772
2026-07-16 16:33:35.061,191.699817,0.000000,0.000000,0.000000,0.308926,-0.393620,-0.257992,0.111781,-0.369436,-0.257820,0.210354,-0.381528,-0.257906,0.181272,-0.413750,-0.230405,0.203470,-0.427263,-0.160016,0.236259,-0.419070,-0.226656
2026-07-16 16:33:35.161,191.799817,0.000000,0.000000,0.000000,0.308366,-0.389412,-0.256835,0.111629,-0.363259,-0.256670,0.209998,-0.376336,-0.256753,0.181051,-0.408637,-0.228439,0.203248,-0.422149,-0.158054,0.235789,-0.414929,-0.224721
2026-07-16 16:33:35.261,191.899817,0.000000,0.000000,0.000000,0.308741,-0.389490,-0.257070,0.111596,-0.365307,-0.256897,0.210168,-0.377398,-0.256983,0.181097,-0.409669,-0.228670,0.202726,-0.422063,-0.157323,0.236084,-0.414990,-0.224912
2026-07-16 16:33:35.361,191.999817,0.000000,0.000000,0.000000,0.308690,-0.396639,-0.258450,0.111874,-0.371501,-0.258281,0.210282,-0.384070,-0.258365,0.181375,-0.415863,-0.230053,0.203211,-0.427281,-0.158575,0.236113,-0.422156,-0.226335
2026-07-16 16:33:35.461,192.099817,0.000000,0.000000,0.000000,0.308598,-0.394574,-0.257989,0.111781,-0.369436,-0.257820,0.210189,-0.382005,-0.257904,0.181283,-0.413799,-0.229592,0.203542,-0.423312,-0.157037,0.236021,-0.420091,-0.225874
2026-07-16 16:33:35.561,192.199817,0.000000,0.000000,0.000000,0.308880,-0.392587,-0.257762,0.111735,-0.368404,-0.257589,0.210307,-0.380496,-0.257675,0.181236,-0.412766,-0.229362,0.202706,-0.422088,-0.156785,0.236223,-0.418087,-0.225604
2026-07-16 16:33:35.661,192.299817,0.000000,0.000000,0.000000,0.308787,-0.390522,-0.257300,0.111642,-0.366339,-0.257128,0.210215,-0.378431,-0.257214,0.181144,-0.410701,-0.228900,0.202397,-0.420952,-0.157268,0.236006,-0.416508,-0.225162
2026-07-16 16:33:35.761,192.399817,0.000000,0.000000,0.000000,0.308880,-0.392587,-0.257762,0.111655,-0.369419,-0.257586,0.210268,-0.381003,-0.257674,0.181236,-0.412766,-0.229362,0.202376,-0.423456,-0.158607,0.236223,-0.418087,-0.225604
2026-07-16 16:33:35.861,192.499816,0.000000,0.000000,0.000000,0.308972,-0.394652,-0.258223,0.111748,-0.371484,-0.258047,0.210360,-0.383068,-0.258135,0.181319,-0.414783,-0.230635,0.202346,-0.425913,-0.160754,0.236067,-0.421123,-0.226104
2026-07-16 16:33:35.961,192.599816,0.000000,0.000000,0.000000,0.308273,-0.387347,-0.256374,0.111378,-0.363225,-0.256202,0.209825,-0.375286,-0.256288,0.180772,-0.407513,-0.228824,0.201954,-0.417557,-0.160530,0.235696,-0.412864,-0.224259
2026-07-16 16:33:36.061,192.699816,0.000000,0.000000,0.000000,0.308972,-0.394652,-0.258223,0.111987,-0.368439,-0.258057,0.210480,-0.381545,-0.258140,0.180528,-0.414592,-0.230614,0.202099,-0.426697,-0.164120,0.236067,-0.421123,-0.226104
2026-07-16 16:33:36.161,192.799816,0.000000,0.000000,0.000000,0.308833,-0.391555,-0.257531,0.111609,-0.368387,-0.257355,0.210221,-0.379971,-0.257443,0.180379,-0.411446,-0.230735,0.201929,-0.423455,-0.165856,0.235669,-0.418949,-0.226271
2026-07-16 16:33:36.261,192.899816,0.000000,0.000000,0.000000,0.308551,-0.393542,-0.257758,0.111735,-0.368404,-0.257589,0.210143,-0.380973,-0.257674,0.179635,-0.412287,-0.230944,0.201739,-0.425321,-0.168633,0.235467,-0.420953,-0.226540
2026-07-16 16:33:36.361,192.999816,0.000000,0.000000,0.000000,0.308362,-0.397593,-0.258446,0.111874,-0.371501,-0.258281,0.210118,-0.384547,-0.258364,0.179590,-0.416326,-0.232480,0.201960,-0.427833,-0.170883,0.235606,-0.424050,-0.227232
2026-07-16 16:33:36.461,193.099816,0.000000,0.000000,0.000000,0.308366,-0.389412,-0.256835,0.111550,-0.364274,-0.256667,0.209958,-0.376843,-0.256751,0.178477,-0.408908,-0.230844,0.201718,-0.420021,-0.170829,0.235033,-0.417794,-0.225656
2026-07-16 16:33:36.561,193.199816,0.000000,0.000000,0.000000,0.308366,-0.389412,-0.256835,0.111550,-0.364274,-0.256667,0.209958,-0.376843,-0.256751,0.178477,-0.408908,-0.230844,0.201698,-0.419925,-0.172448,0.234239,-0.417602,-0.225634
2026-07-16 16:33:36.661,193.299816,0.000000,0.000000,0.000000,0.308602,-0.386393,-0.256378,0.111378,-0.363225,-0.256202,0.209990,-0.374809,-0.256290,0.178374,-0.406795,-0.231194,0.202382,-0.418002,-0.172817,0.234146,-0.415537,-0.225173
2026-07-16 16:33:36.761,193.399816,0.000000,0.000000,0.000000,0.308833,-0.391555,-0.257531,0.111689,-0.367372,-0.257359,0.210261,-0.379463,-0.257445,0.178605,-0.411957,-0.232347,0.202397,-0.424093,-0.174889,0.234367,-0.420651,-0.227143
2026-07-16 16:33:36.861,193.499815,0.000000,0.000000,0.000000,0.308829,-0.399736,-0.259142,0.111933,-0.375614,-0.258969,0.210381,-0.387675,-0.259056,0.178929,-0.419184,-0.233962,0.202927,-0.430343,-0.176394,0.234691,-0.427878,-0.228758
2026-07-16 16:33:36.961,193.599815,0.000000,0.000000,0.000000,0.308408,-0.398626,-0.258677,0.112000,-0.371519,-0.258515,0.210204,-0.385072,-0.258596,0.179010,-0.416129,-0.233470,0.202824,-0.428230,-0.176742,0.234599,-0.425813,-0.228296
2026-07-16 16:33:37.061,193.699815,0.000000,0.000000,0.000000,0.308459,-0.391477,-0.257297,0.111563,-0.367354,-0.257124,0.210011,-0.379416,-0.257211,0.178569,-0.410973,-0.231305,0.203333,-0.422226,-0.175379,0.234331,-0.419667,-0.226096
2026-07-16 16:33:37.161,193.799815,0.000000,0.000000,0.000000,0.309171,-0.388634,-0.255763,0.111583,-0.362227,-0.256439,0.210377,-0.375431,-0.256101,0.178430,-0.407876,-0.230613,0.203205,-0.419176,-0.173878,0.234192,-0.416570,-0.225404
2026-07-16 16:33:37.261,193.899815,0.000000,0.000000,0.000000,0.308690,-0.396639,-0.258450,0.111874,-0.371501,-0.258281,0.210282,-0.384070,-0.258365,0.178974,-0.415145,-0.232427,0.204362,-0.427626,-0.175745,0.234810,-0.423857,-0.227210
2026-07-16 16:33:37.361,193.999815,0.000000,0.000000,0.000000,0.309019,-0.395684,-0.258453,0.111874,-0.371501,-0.258281,0.210446,-0.383593,-0.258367,0.179764,-0.415336,-0.232448,0.204372,-0.427674,-0.174935,0.234810,-0.423857,-0.227210
2026-07-16 16:33:37.461,194.099815,0.000000,0.000000,0.000000,0.307991,-0.389334,-0.256601,0.111424,-0.364257,-0.256432,0.209708,-0.376795,-0.256517,0.179394,-0.407077,-0.230603,0.204002,-0.419415,-0.173090,0.234440,-0.415598,-0.225365
2026-07-16 16:33:37.561,194.199815,0.000000,0.000000,0.000000,0.308366,-0.389412,-0.256835,0.111550,-0.364274,-0.256667,0.209958,-0.376843,-0.256751,0.179450,-0.408158,-0.230021,0.204059,-0.420496,-0.172512,0.234486,-0.416631,-0.225596
2026-07-16 16:33:37.661,194.299815,0.000000,0.000000,0.000000,0.308690,-0.396639,-0.258450,0.111794,-0.372516,-0.258278,0.210242,-0.384578,-0.258364,0.179949,-0.414395,-0.231603,0.205390,-0.426984,-0.173226,0.234810,-0.423857,-0.227210
2026-07-16 16:33:37.761,194.399815,0.000000,0.000000,0.000000,0.308598,-0.394574,-0.257989,0.111781,-0.369436,-0.257820,0.210189,-0.382005,-0.257904,0.180472,-0.413511,-0.231196,0.206085,-0.425110,-0.172786,0.234718,-0.421792,-0.226749
2026-07-16 16:33:37.861,194.499815,0.000000,0.000000,0.000000,0.308366,-0.389412,-0.256835,0.111550,-0.364274,-0.256667,0.209958,-0.376843,-0.256751,0.180240,-0.408349,-0.230043,0.206075,-0.419020,-0.170709,0.234486,-0.416631,-0.225596
2026-07-16 16:33:37.961,194.599814,0.000000,0.000000,0.000000,0.308176,-0.393464,-0.257524,0.111689,-0.367372,-0.257359,0.209933,-0.380418,-0.257441,0.180379,-0.411446,-0.230735,0.206790,-0.423284,-0.171536,0.234873,-0.418756,-0.226250
2026-07-16 16:33:38.061,194.699814,0.000000,0.000000,0.000000,0.308435,-0.390960,-0.257181,0.111540,-0.366838,-0.257009,0.209988,-0.378899,-0.257095,0.181110,-0.410137,-0.229597,0.206933,-0.420759,-0.171076,0.234556,-0.418179,-0.225942
2026-07-16 16:33:38.161,194.799814,0.000000,0.000000,0.000000,0.308602,-0.386393,-0.256378,0.111457,-0.362210,-0.256205,0.210030,-0.374301,-0.256292,0.180948,-0.406523,-0.228790,0.207560,-0.417336,-0.170291,0.234641,-0.413594,-0.225096
2026-07-16 16:33:38.261,194.899814,0.000000,0.000000,0.000000,0.309019,-0.395684,-0.258453,0.111794,-0.372516,-0.258278,0.210407,-0.384100,-0.258366,0.181365,-0.415815,-0.230866,0.207977,-0.426628,-0.172366,0.235058,-0.422886,-0.227172
2026-07-16 16:33:38.361,194.999814,0.000000,0.000000,0.000000,0.308609,-0.394625,-0.257124,0.111861,-0.368421,-0.257823,0.210235,-0.381523,-0.257474,0.181272,-0.413750,-0.230405,0.208663,-0.424706,-0.172738,0.234965,-0.420821,-0.226711
2026-07-16 16:33:38.461,195.099814,0.000000,0.000000,0.000000,0.308598,-0.394574,-0.257989,0.111781,-0.369436,-0.257820,0.210189,-0.382005,-0.257904,0.181272,-0.413750,-0.230405,0.208877,-0.423730,-0.172626,0.234965,-0.420821,-0.226711
2026-07-16 16:33:38.561,195.199814,0.000000,0.000000,0.000000,0.308516,-0.392561,-0.256663,0.111689,-0.367372,-0.257359,0.210102,-0.379966,-0.257011,0.181356,-0.410696,-0.229910,0.208784,-0.421665,-0.172165,0.234873,-0.418756,-0.226250
2026-07-16 16:33:38.661,195.299814,0.000000,0.000000,0.000000,0.308562,-0.393593,-0.256894,0.111655,-0.369419,-0.257586,0.210109,-0.381506,-0.257240,0.182006,-0.412860,-0.231008,0.209621,-0.422889,-0.172417,0.234369,-0.418624,-0.226420
2026-07-16 16:33:38.761,195.399814,0.000000,0.000000,0.000000,0.308505,-0.392509,-0.257527,0.111768,-0.366357,-0.257362,0.210137,-0.379433,-0.257445,0.181970,-0.411876,-0.229965,0.209359,-0.422832,-0.172298,0.234076,-0.418563,-0.226228
2026-07-16 16:33:38.861,195.499814,0.000000,0.000000,0.000000,0.308459,-0.391477,-0.257297,0.111642,-0.366339,-0.257128,0.210051,-0.378908,-0.257212,0.181923,-0.410844,-0.229734,0.210102,-0.421990,-0.172089,0.234276,-0.416559,-0.225959
2026-07-16 16:33:38.961,195.599813,0.000000,0.000000,0.000000,0.308690,-0.396639,-0.258450,0.111874,-0.371501,-0.258281,0.210282,-0.384070,-0.258365,0.182155,-0.416006,-0.230887,0.210333,-0.427152,-0.173242,0.234508,-0.421721,-0.227112
2026-07-16 16:33:39.061,195.699813,0.000000,0.000000,0.000000,0.308926,-0.393620,-0.257992,0.111781,-0.369436,-0.257820,0.210354,-0.381528,-0.257906,0.182052,-0.413893,-0.231239,0.210231,-0.425039,-0.173592,0.235213,-0.419849,-0.226673
2026-07-16 16:33:39.161,195.799813,0.000000,0.000000,0.000000,0.309019,-0.395684,-0.258453,0.111794,-0.372516,-0.258278,0.210407,-0.384100,-0.258366,0.182333,-0.415017,-0.230854,0.211112,-0.427295,-0.174075,0.234508,-0.421721,-0.227112
2026-07-16 16:33:39.261,195.899813,0.000000,0.000000,0.000000,0.308609,-0.394625,-0.257124,0.111861,-0.368421,-0.257823,0.210235,-0.381523,-0.257474,0.182062,-0.413941,-0.230426,0.211237,-0.424255,-0.173503,0.234965,-0.420821,-0.226711
2026-07-16 16:33:39.361,195.999813,0.000000,0.000000,0.000000,0.308787,-0.390522,-0.257300,0.111563,-0.367354,-0.257124,0.210175,-0.378938,-0.257212,0.182091,-0.409807,-0.230514,0.211098,-0.421158,-0.172811,0.235074,-0.416752,-0.225981
2026-07-16 16:33:39.461,196.099813,0.000000,0.000000,0.000000,0.308130,-0.392431,-0.257293,0.111722,-0.365324,-0.257131,0.209926,-0.378878,-0.257212,0.182101,-0.409855,-0.229701,0.211878,-0.421300,-0.173645,0.235074,-0.416752,-0.225981
2026-07-16 16:33:39.561,196.199813,0.000000,0.000000,0.000000,0.308690,-0.396639,-0.258450,0.111874,-0.371501,-0.258281,0.210282,-0.384070,-0.258365,0.182145,-0.415958,-0.231700,0.212109,-0.426462,-0.174798,0.235305,-0.421914,-0.227134
2026-07-16 16:33:39.661,196.299813,0.000000,0.000000,0.000000,0.308280,-0.395580,-0.257122,0.111781,-0.369436,-0.257820,0.210031,-0.382508,-0.257471,0.182842,-0.414084,-0.231260,0.212796,-0.424540,-0.175170,0.234415,-0.419656,-0.226651
2026-07-16 16:33:39.761,196.399813,0.000000,0.000000,0.000000,0.308798,-0.390574,-0.256435,0.111563,-0.367354,-0.257124,0.210180,-0.378964,-0.256780,0.181913,-0.410796,-0.230547,0.212647,-0.421395,-0.175291,0.234276,-0.416559,-0.225959
2026-07-16 16:33:39.861,196.499813,0.000000,0.000000,0.000000,0.308412,-0.390444,-0.257066,0.111527,-0.366372,-0.256055,0.209970,-0.378408,-0.256560,0.182657,-0.409954,-0.230338,0.213391,-0.420553,-0.175082,0.234230,-0.415526,-0.225728
2026-07-16 16:33:39.961,196.599813,0.000000,0.000000,0.000000,0.308377,-0.389463,-0.255971,0.111550,-0.364274,-0.256667,0.209963,-0.376869,-0.256319,0.182611,-0.408922,-0.230107,0.213555,-0.418498,-0.175557,0.234184,-0.414494,-0.225498
2026-07-16 16:33:40.061,196.699812,0.000000,0.000000,0.000000,0.308609,-0.394625,-0.257124,0.111781,-0.369436,-0.257820,0.210195,-0.382031,-0.257472,0.182842,-0.414084,-0.231260,0.214346,-0.424777,-0.177651,0.234415,-0.419656,-0.226651
2026-07-16 16:33:40.161,196.799812,0.000000,0.000000,0.000000,0.308598,-0.394574,-0.257989,0.111702,-0.370451,-0.257816,0.210150,-0.382513,-0.257902,0.182842,-0.414084,-0.231260,0.214778,-0.422780,-0.178255,0.234405,-0.419607,-0.227471
2026-07-16 16:33:40.261,196.899812,0.000000,0.000000,0.000000,0.308470,-0.391528,-0.256432,0.111722,-0.365324,-0.257131,0.210096,-0.378426,-0.256782,0.182703,-0.410987,-0.230568,0.214629,-0.419634,-0.178378,0.234276,-0.416559,-0.225959
2026-07-16 16:33:40.361,196.999812,0.000000,0.000000,0.000000,0.308833,-0.391555,-0.257531,0.111609,-0.368387,-0.257355,0.210221,-0.379971,-0.257443,0.182750,-0.412019,-0.230799,0.213653,-0.421401,-0.179504,0.234322,-0.417591,-0.226190
2026-07-16 16:33:40.461,197.099812,0.000000,0.000000,0.000000,0.308459,-0.391477,-0.257297,0.111642,-0.366339,-0.257128,0.210051,-0.378908,-0.257212,0.182882,-0.409998,-0.230536,0.213827,-0.419394,-0.179172,0.234276,-0.416559,-0.225959
2026-07-16 16:33:40.561,197.199812,0.000000,0.000000,0.000000,0.308926,-0.393620,-0.257992,0.111792,-0.369486,-0.256980,0.210359,-0.381553,-0.257486,0.183021,-0.413095,-0.231228,0.213955,-0.422443,-0.180678,0.234415,-0.419656,-0.226651
2026-07-16 16:33:40.661,197.299812,0.000000,0.000000,0.000000,0.308273,-0.387347,-0.256374,0.111378,-0.363225,-0.256202,0.209825,-0.375286,-0.256288,0.182697,-0.405868,-0.229613,0.212829,-0.414976,-0.179857,0.233293,-0.412236,-0.225015
2026-07-16 16:33:40.761,197.399812,0.000000,0.000000,0.000000,0.308752,-0.389541,-0.256204,0.111596,-0.365307,-0.256897,0.210174,-0.377424,-0.256551,0.183627,-0.409157,-0.230326,0.213187,-0.417098,-0.180449,0.233432,-0.415334,-0.225707
2026-07-16 16:33:40.861,197.499812,0.000000,0.000000,0.000000,0.308613,-0.386444,-0.255512,0.111378,-0.363225,-0.256202,0.209995,-0.374834,-0.255857,0.183488,-0.406060,-0.229635,0.212026,-0.414736,-0.180650,0.233293,-0.412236,-0.225015
2026-07-16 16:33:40.961,197.599812,0.000000,0.000000,0.000000,0.308798,-0.390574,-0.256435,0.111642,-0.366339,-0.257128,0.210220,-0.378457,-0.256781,0.183673,-0.410189,-0.230557,0.212419,-0.417841,-0.182290,0.233479,-0.416366,-0.225937
2026-07-16 16:33:41.061,197.699811,0.000000,0.000000,0.000000,0.308459,-0.391477,-0.257297,0.111563,-0.367354,-0.257124,0.210011,-0.379416,-0.257211,0.183673,-0.410189,-0.230557,0.211409,-0.418625,-0.182366,0.233479,-0.416366,-0.225937
2026-07-16 16:33:41.161,197.799811,0.000000,0.000000,0.000000,0.308787,-0.390522,-0.257300,0.111563,-0.367354,-0.257124,0.210175,-0.378938,-0.257212,0.183853,-0.409201,-0.230525,0.211409,-0.418625,-0.182366,0.233479,-0.416366,-0.225937
2026-07-16 16:33:41.261,197.899811,0.000000,0.000000,0.000000,0.308833,-0.391555,-0.257531,0.111689,-0.367372,-0.257359,0.210261,-0.379463,-0.257445,0.183899,-0.410233,-0.230755,0.211227,-0.420585,-0.183508,0.233770,-0.416426,-0.226130
2026-07-16 16:33:41.361,197.999811,0.000000,0.000000,0.000000,0.308741,-0.389490,-0.257070,0.111596,-0.365307,-0.256897,0.210168,-0.377398,-0.256983,0.183807,-0.408168,-0.230294,0.211352,-0.417544,-0.182950,0.233678,-0.414361,-0.225668
2026-07-16 16:33:41.461,198.099811,0.000000,0.000000,0.000000,0.308227,-0.386315,-0.256144,0.111411,-0.361177,-0.255975,0.209819,-0.373746,-0.256059,0.183621,-0.404038,-0.229371,0.210950,-0.414391,-0.182125,0.233492,-0.410232,-0.224746
2026-07-16 16:33:41.561,198.199811,0.000000,0.000000,0.000000,0.308787,-0.390522,-0.257300,0.111642,-0.366339,-0.257128,0.210215,-0.378431,-0.257214,0.183853,-0.409201,-0.230525,0.210390,-0.419362,-0.183256,0.232925,-0.415201,-0.225877
2026-07-16 16:33:41.661,198.299811,0.000000,0.000000,0.000000,0.309158,-0.398782,-0.259145,0.112023,-0.374649,-0.258133,0.210591,-0.386715,-0.258639,0.184223,-0.417460,-0.232370,0.211552,-0.427812,-0.185123,0.234094,-0.423653,-0.227744
2026-07-16 16:33:41.761,198.399811,0.000000,0.000000,0.000000,0.308644,-0.395606,-0.258219,0.111828,-0.370469,-0.258050,0.210236,-0.383038,-0.258135,0.184038,-0.413330,-0.231447,0.211149,-0.424658,-0.184297,0.233653,-0.420447,-0.227680
2026-07-16 16:33:41.861,198.499811,0.000000,0.000000,0.000000,0.308741,-0.389490,-0.257070,0.111596,-0.365307,-0.256897,0.210168,-0.377398,-0.256983,0.183617,-0.409108,-0.231140,0.210907,-0.419448,-0.183956,0.233422,-0.415285,-0.226527
2026-07-16 16:33:41.961,198.599811,0.000000,0.000000,0.000000,0.308787,-0.390522,-0.257300,0.111642,-0.366339,-0.257128,0.210215,-0.378431,-0.257214,0.183663,-0.410141,-0.231371,0.210954,-0.420480,-0.184187,0.233468,-0.416317,-0.226758
2026-07-16 16:33:42.061,198.699811,0.000000,0.000000,0.000000,0.308690,-0.396639,-0.258450,0.111874,-0.371501,-0.258281,0.210282,-0.384070,-0.258365,0.183103,-0.415111,-0.232503,0.210958,-0.426570,-0.186247,0.233700,-0.421479,-0.227911
2026-07-16 16:33:42.161,198.799810,0.000000,0.000000,0.000000,0.308598,-0.394574,-0.257989,0.111781,-0.369436,-0.257820,0.210189,-0.382005,-0.257904,0.183000,-0.412998,-0.232855,0.211644,-0.424648,-0.186619,0.233607,-0.419414,-0.227450
2026-07-16 16:33:42.261,198.899810,0.000000,0.000000,0.000000,0.308366,-0.389412,-0.256835,0.111550,-0.364274,-0.256667,0.209958,-0.376843,-0.256751,0.181978,-0.407645,-0.231680,0.211413,-0.419486,-0.185465,0.233365,-0.414204,-0.227117
2026-07-16 16:33:42.361,198.999810,0.000000,0.000000,0.000000,0.308459,-0.391477,-0.257297,0.111563,-0.367354,-0.257124,0.210011,-0.379416,-0.257211,0.182070,-0.409710,-0.232142,0.211505,-0.421550,-0.185927,0.233212,-0.417241,-0.227614
2026-07-16 16:33:42.461,199.099810,0.000000,0.000000,0.000000,0.308833,-0.391555,-0.257531,0.111609,-0.368387,-0.257355,0.210221,-0.379971,-0.257443,0.182116,-0.410742,-0.232372,0.211323,-0.423510,-0.187061,0.233504,-0.417301,-0.227809
2026-07-16 16:33:42.561,199.199810,0.000000,0.000000,0.000000,0.308130,-0.392431,-0.257293,0.111563,-0.367354,-0.257124,0.209846,-0.379893,-0.257209,0.181279,-0.409518,-0.232120,0.211277,-0.422478,-0.186830,0.233212,-0.417241,-0.227614
2026-07-16 16:33:42.661,199.299810,0.000000,0.000000,0.000000,0.308366,-0.389412,-0.256835,0.111470,-0.365289,-0.256663,0.209918,-0.377351,-0.256749,0.181186,-0.407454,-0.231659,0.210396,-0.420223,-0.186348,0.233365,-0.414204,-0.227117
2026-07-16 16:33:42.761,199.399810,0.000000,0.000000,0.000000,0.308459,-0.391477,-0.257297,0.111563,-0.367354,-0.257124,0.210011,-0.379416,-0.257211,0.181102,-0.410508,-0.232151,0.210489,-0.422288,-0.186809,0.234009,-0.417433,-0.227636
2026-07-16 16:33:42.861,199.499810,0.000000,0.000000,0.000000,0.308787,-0.390522,-0.257300,0.111563,-0.367354,-0.257124,0.210175,-0.378938,-0.257212,0.181102,-0.410508,-0.232151,0.210489,-0.422288,-0.186809,0.234255,-0.416461,-0.227600
2026-07-16 16:33:42.961,199.599810,0.000000,0.000000,0.000000,0.309019,-0.395684,-0.258453,0.111794,-0.372516,-0.258278,0.210407,-0.384100,-0.258366,0.181334,-0.415670,-0.233304,0.210720,-0.427449,-0.187962,0.234240,-0.422595,-0.228789
2026-07-16 16:33:43.061,199.699810,0.000000,0.000000,0.000000,0.308880,-0.392587,-0.257762,0.111735,-0.368404,-0.257589,0.210307,-0.380496,-0.257675,0.181195,-0.412573,-0.232612,0.209793,-0.424162,-0.187249,0.233428,-0.418819,-0.228057
2026-07-16 16:33:43.161,199.799809,0.000000,0.000000,0.000000,0.308787,-0.390522,-0.257300,0.111642,-0.366339,-0.257128,0.210215,-0.378431,-0.257214,0.181102,-0.410508,-0.232151,0.209138,-0.420978,-0.185863,0.233212,-0.417241,-0.227614
2026-07-16 16:33:43.261,199.899809,0.000000,0.000000,0.000000,0.308273,-0.387347,-0.256374,0.111468,-0.362260,-0.255365,0.209871,-0.374803,-0.255870,0.181094,-0.405389,-0.231198,0.208738,-0.417825,-0.185033,0.233272,-0.412139,-0.226656
2026-07-16 16:33:43.361,199.999809,0.000000,0.000000,0.000000,0.308273,-0.387347,-0.256374,0.111378,-0.363225,-0.256202,0.209825,-0.375286,-0.256288,0.180917,-0.406378,-0.231228,0.207950,-0.417634,-0.185012,0.233272,-0.412139,-0.226656
2026-07-16 16:33:43.461,200.099809,0.000000,0.000000,0.000000,0.308695,-0.388458,-0.256839,0.111470,-0.365289,-0.256663,0.210082,-0.376874,-0.256751,0.181010,-0.408443,-0.231689,0.207255,-0.419509,-0.185452,0.233365,-0.414204,-0.227117
2026-07-16 16:33:43.561,200.199809,0.000000,0.000000,0.000000,0.308366,-0.389412,-0.256835,0.111550,-0.364274,-0.256667,0.209958,-0.376843,-0.256751,0.181010,-0.408443,-0.231689,0.206678,-0.418341,-0.185337,0.233120,-0.415176,-0.227153
2026-07-16 16:33:43.661,200.299809,0.000000,0.000000,0.000000,0.309019,-0.395684,-0.258453,0.111794,-0.372516,-0.258278,0.210407,-0.384100,-0.258366,0.181334,-0.415670,-0.233304,0.206791,-0.426545,-0.187045,0.233321,-0.422889,-0.228785
2026-07-16 16:33:43.761,200.399809,0.000000,0.000000,0.000000,0.309019,-0.395684,-0.258453,0.111874,-0.371501,-0.258281,0.210446,-0.383593,-0.258367,0.181334,-0.415670,-0.233304,0.206003,-0.426354,-0.187024,0.233454,-0.422452,-0.227948
2026-07-16 16:33:43.861,200.499809,0.000000,0.000000,0.000000,0.308741,-0.389490,-0.257070,0.111517,-0.366322,-0.256894,0.210129,-0.377906,-0.256982,0.180442,-0.408295,-0.231868,0.204937,-0.419969,-0.185619,0.233043,-0.416695,-0.227402
2026-07-16 16:33:43.961,200.599809,0.000000,0.000000,0.000000,0.308130,-0.392431,-0.257293,0.111642,-0.366339,-0.257128,0.209886,-0.379385,-0.257210,0.180312,-0.410317,-0.232129,0.204983,-0.421002,-0.185849,0.233212,-0.417241,-0.227614
2026-07-16 16:33:44.061,200.699809,0.000000,0.000000,0.000000,0.290575,-0.416099,-0.234779,0.094362,-0.385424,-0.235718,0.192468,-0.400761,-0.235249,0.161629,-0.429453,-0.208632,0.185461,-0.438130,-0.161930,0.214262,-0.438122,-0.204017
2026-07-16 16:33:44.161,200.799809,0.000000,0.000000,0.000000,0.308551,-0.393542,-0.257758,0.111735,-0.368404,-0.257589,0.210143,-0.380973,-0.257674,0.180395,-0.412333,-0.233403,0.204080,-0.423854,-0.186383,0.233305,-0.419306,-0.228076
2026-07-16 16:33:44.261,200.899808,0.000000,0.000000,0.000000,0.308459,-0.391477,-0.257297,0.111642,-0.366339,-0.257128,0.210051,-0.378908,-0.257212,0.179338,-0.411067,-0.232950,0.203200,-0.421599,-0.185900,0.232967,-0.418213,-0.227650
2026-07-16 16:33:44.361,200.999808,0.000000,0.000000,0.000000,0.308412,-0.390444,-0.257066,0.111517,-0.366322,-0.256894,0.209964,-0.378383,-0.256980,0.179291,-0.410035,-0.232719,0.203164,-0.420615,-0.184860,0.232921,-0.417181,-0.227420
2026-07-16 16:33:44.461,201.099808,0.000000,0.000000,0.000000,0.308741,-0.389490,-0.257070,0.111596,-0.365307,-0.256897,0.210168,-0.377398,-0.256983,0.179291,-0.410035,-0.232719,0.202967,-0.421641,-0.184147,0.233470,-0.418345,-0.227477
2026-07-16 16:33:44.561,201.199808,0.000000,0.000000,0.000000,0.308598,-0.394574,-0.257989,0.111781,-0.369436,-0.257820,0.210189,-0.382005,-0.257904,0.179302,-0.415155,-0.233671,0.203162,-0.425819,-0.184261,0.234394,-0.419558,-0.228292
2026-07-16 16:33:44.661,201.299808,0.000000,0.000000,0.000000,0.308227,-0.386315,-0.256144,0.111331,-0.362192,-0.255971,0.209779,-0.374253,-0.256057,0.179106,-0.405905,-0.231796,0.202802,-0.417608,-0.181608,0.233777,-0.412271,-0.226483
2026-07-16 16:33:44.761,201.399808,0.000000,0.000000,0.000000,0.308362,-0.397593,-0.258446,0.111874,-0.371501,-0.258281,0.210118,-0.384547,-0.258364,0.179579,-0.416278,-0.233291,0.204072,-0.428218,-0.182319,0.234240,-0.422595,-0.228789
2026-07-16 16:33:44.861,201.499808,0.000000,0.000000,0.000000,0.308787,-0.390522,-0.257300,0.111563,-0.367354,-0.257124,0.210175,-0.378938,-0.257212,0.180137,-0.411306,-0.232160,0.203652,-0.424130,-0.179652,0.234568,-0.418647,-0.226875
2026-07-16 16:33:44.961,201.599808,0.000000,0.000000,0.000000,0.308505,-0.392509,-0.257527,0.111689,-0.367372,-0.257359,0.210097,-0.379940,-0.257443,0.180369,-0.411397,-0.231547,0.204136,-0.423304,-0.178059,0.234862,-0.418707,-0.227069
2026-07-16 16:33:45.061,201.699808,0.000000,0.000000,0.000000,0.308880,-0.392587,-0.257762,0.111735,-0.368404,-0.257589,0.210307,-0.380496,-0.257675,0.181205,-0.412621,-0.231799,0.204790,-0.425648,-0.175991,0.235156,-0.418768,-0.227262
2026-07-16 16:33:45.161,201.799808,0.000000,0.000000,0.000000,0.308551,-0.393542,-0.257758,0.111735,-0.368404,-0.257589,0.210143,-0.380973,-0.257674,0.181205,-0.412621,-0.231799,0.204811,-0.425744,-0.174375,0.235166,-0.418817,-0.226442
2026-07-16 16:33:45.261,201.899807,0.000000,0.000000,0.000000,0.308459,-0.391477,-0.257297,0.111642,-0.366339,-0.257128,0.210051,-0.378908,-0.257212,0.181913,-0.410796,-0.230547,0.204938,-0.422751,-0.172994,0.235074,-0.416752,-0.225981
2026-07-16 16:33:45.361,201.999807,0.000000,0.000000,0.000000,0.308130,-0.392431,-0.257293,0.111563,-0.367354,-0.257124,0.209846,-0.379893,-0.257209,0.182091,-0.409807,-0.230514,0.205745,-0.423037,-0.171397,0.235871,-0.416945,-0.226002
2026-07-16 16:33:45.461,202.099807,0.000000,0.000000,0.000000,0.308648,-0.387425,-0.256608,0.111503,-0.363242,-0.256436,0.210076,-0.375334,-0.256522,0.181952,-0.406709,-0.229822,0.205617,-0.419988,-0.169896,0.234935,-0.413654,-0.225289
2026-07-16 16:33:45.561,202.199807,0.000000,0.000000,0.000000,0.308736,-0.397671,-0.258681,0.111841,-0.373549,-0.258508,0.210289,-0.385610,-0.258594,0.182369,-0.416001,-0.231898,0.206831,-0.429518,-0.171184,0.235599,-0.421974,-0.227326
2026-07-16 16:33:45.661,202.299807,0.000000,0.000000,0.000000,0.308736,-0.397671,-0.258681,0.112000,-0.371519,-0.258515,0.210368,-0.384595,-0.258598,0.182369,-0.416001,-0.231898,0.207043,-0.428542,-0.171068,0.235352,-0.422946,-0.227364
2026-07-16 16:33:45.761,202.399807,0.000000,0.000000,0.000000,0.308459,-0.391477,-0.257297,0.111642,-0.366339,-0.257128,0.210051,-0.378908,-0.257212,0.182091,-0.409807,-0.230514,0.206775,-0.422396,-0.168874,0.235074,-0.416752,-0.225981
2026-07-16 16:33:45.861,202.499807,0.000000,0.000000,0.000000,0.308833,-0.391555,-0.257531,0.111689,-0.367372,-0.257359,0.210261,-0.379463,-0.257445,0.182137,-0.410839,-0.230745,0.206599,-0.424356,-0.170030,0.235368,-0.416812,-0.226173
2026-07-16 16:33:45.961,202.599807,0.000000,0.000000,0.000000,0.308038,-0.390366,-0.256832,0.111550,-0.364274,-0.256667,0.209794,-0.377320,-0.256749,0.181998,-0.407742,-0.230053,0.206470,-0.421307,-0.168529,0.235229,-0.413715,-0.225481
2026-07-16 16:33:46.061,202.699807,0.000000,0.000000,0.000000,0.308741,-0.389490,-0.257070,0.111596,-0.365307,-0.256897,0.210168,-0.377398,-0.256983,0.182045,-0.408774,-0.230284,0.206729,-0.421364,-0.168643,0.235275,-0.414748,-0.225712
2026-07-16 16:33:46.161,202.799807,0.000000,0.000000,0.000000,0.308926,-0.393620,-0.257992,0.111781,-0.369436,-0.257820,0.210354,-0.381528,-0.257906,0.182230,-0.412904,-0.231206,0.206914,-0.425493,-0.169566,0.235213,-0.419849,-0.226673
2026-07-16 16:33:46.261,202.899806,0.000000,0.000000,0.000000,0.308505,-0.392509,-0.257527,0.111609,-0.368387,-0.257355,0.210057,-0.380448,-0.257441,0.182137,-0.410839,-0.230745,0.206821,-0.423429,-0.169105,0.235368,-0.416812,-0.226173
2026-07-16 16:33:46.361,202.999806,0.000000,0.000000,0.000000,0.308922,-0.401801,-0.259603,0.112026,-0.377678,-0.259431,0.210474,-0.389740,-0.259517,0.182376,-0.421120,-0.232853,0.206440,-0.432481,-0.171969,0.235537,-0.427076,-0.228287
2026-07-16 16:33:46.461,203.099806,0.000000,0.000000,0.000000,0.308320,-0.388379,-0.256605,0.111424,-0.364257,-0.256432,0.209872,-0.376318,-0.256519,0.181774,-0.407698,-0.229855,0.205838,-0.419060,-0.168971,0.234935,-0.413654,-0.225289
2026-07-16 16:33:46.561,203.199806,0.000000,0.000000,0.000000,0.308320,-0.388379,-0.256605,0.111424,-0.364257,-0.256432,0.209872,-0.376318,-0.256519,0.181774,-0.407698,-0.229855,0.206049,-0.418084,-0.168856,0.234935,-0.413654,-0.225289
2026-07-16 16:33:46.661,203.299806,0.000000,0.000000,0.000000,0.308602,-0.386393,-0.256378,0.111378,-0.363225,-0.256202,0.209990,-0.374809,-0.256290,0.181728,-0.406666,-0.229624,0.206002,-0.417051,-0.168625,0.234888,-0.412622,-0.225058
2026-07-16 16:33:46.761,203.399806,0.000000,0.000000,0.000000,0.308412,-0.390444,-0.257066,0.111596,-0.365307,-0.256897,0.210004,-0.377876,-0.256982,0.181077,-0.409572,-0.230295,0.205720,-0.422101,-0.169548,0.235027,-0.415719,-0.225750
2026-07-16 16:33:46.861,203.499806,0.000000,0.000000,0.000000,0.308926,-0.393620,-0.257992,0.111781,-0.369436,-0.257820,0.210354,-0.381528,-0.257906,0.181262,-0.413702,-0.231217,0.205905,-0.426231,-0.170470,0.235213,-0.419849,-0.226673
2026-07-16 16:33:46.961,203.599806,0.000000,0.000000,0.000000,0.308695,-0.388458,-0.256839,0.111470,-0.365289,-0.256663,0.210082,-0.376874,-0.256751,0.181030,-0.408540,-0.230064,0.205673,-0.421069,-0.169317,0.234981,-0.414687,-0.225519
2026-07-16 16:33:47.061,203.699806,0.000000,0.000000,0.000000,0.308174,-0.378943,-0.274727,0.111169,-0.355898,-0.271880,0.209672,-0.367420,-0.273304,0.181173,-0.399843,-0.247692,0.205825,-0.413592,-0.187539,0.235191,-0.405885,-0.243865
2026-07-16 16:33:47.161,203.799806,0.000000,0.000000,0.000000,0.308174,-0.378943,-0.274727,0.111244,-0.354883,-0.271842,0.209709,-0.366913,-0.273285,0.181173,-0.399843,-0.247692,0.205807,-0.413510,-0.188347,0.235191,-0.405885,-0.243865
2026-07-16 16:33:47.261,203.899806,0.000000,0.000000,0.000000,0.308741,-0.389490,-0.257070,0.111596,-0.365307,-0.256897,0.210168,-0.377398,-0.256983,0.180287,-0.409381,-0.230273,0.205132,-0.420886,-0.170221,0.235027,-0.415719,-0.225750
2026-07-16 16:33:47.361,203.999805,0.000000,0.000000,0.000000,0.308644,-0.395606,-0.258219,0.111828,-0.370469,-0.258050,0.210236,-0.383038,-0.258135,0.180694,-0.413554,-0.231394,0.205364,-0.426048,-0.171375,0.235259,-0.420881,-0.226903
2026-07-16 16:33:47.461,204.099805,0.000000,0.000000,0.000000,0.308223,-0.379964,-0.275000,0.111219,-0.356919,-0.272152,0.209721,-0.368442,-0.273576,0.181222,-0.400864,-0.247964,0.205857,-0.414532,-0.188619,0.235241,-0.406907,-0.244137
2026-07-16 16:33:47.561,204.199805,0.000000,0.000000,0.000000,0.308598,-0.394574,-0.257989,0.111781,-0.369436,-0.257820,0.210189,-0.382005,-0.257904,0.180472,-0.413511,-0.231196,0.205317,-0.425016,-0.171144,0.235213,-0.419849,-0.226673
2026-07-16 16:33:47.661,204.299805,0.000000,0.000000,0.000000,0.308505,-0.392509,-0.257527,0.111689,-0.367372,-0.257359,0.210097,-0.379940,-0.257443,0.180379,-0.411446,-0.230735,0.204228,-0.423737,-0.170776,0.235120,-0.417784,-0.226211
2026-07-16 16:33:47.761,204.399805,0.000000,0.000000,0.000000,0.308505,-0.392509,-0.257527,0.111609,-0.368387,-0.257355,0.210057,-0.380448,-0.257441,0.180379,-0.411446,-0.230735,0.204238,-0.423785,-0.169966,0.235120,-0.417784,-0.226211
2026-07-16 16:33:47.861,204.499805,0.000000,0.000000,0.000000,0.308130,-0.392431,-0.257293,0.111563,-0.367354,-0.257124,0.209846,-0.379893,-0.257209,0.180333,-0.410414,-0.230504,0.204401,-0.421776,-0.169620,0.235074,-0.416752,-0.225981
2026-07-16 16:33:47.961,204.599805,0.000000,0.000000,0.000000,0.308320,-0.388379,-0.256605,0.111424,-0.364257,-0.256432,0.209872,-0.376318,-0.256519,0.180194,-0.407316,-0.229812,0.204262,-0.418679,-0.168928,0.234935,-0.413654,-0.225289
2026-07-16 16:33:48.061,204.699805,0.000000,0.000000,0.000000,0.308736,-0.397671,-0.258681,0.111841,-0.373549,-0.258508,0.210289,-0.385610,-0.258594,0.180611,-0.416608,-0.231888,0.204470,-0.428948,-0.171120,0.235352,-0.422946,-0.227364
2026-07-16 16:33:48.161,204.799805,0.000000,0.000000,0.000000,0.308602,-0.386393,-0.256378,0.111378,-0.363225,-0.256202,0.209990,-0.374809,-0.256290,0.180148,-0.406284,-0.229581,0.204216,-0.417647,-0.168698,0.234888,-0.412622,-0.225058
2026-07-16 16:33:48.261,204.899805,0.000000,0.000000,0.000000,0.308551,-0.393542,-0.257758,0.111735,-0.368404,-0.257589,0.210143,-0.380973,-0.257674,0.180426,-0.412478,-0.230965,0.204285,-0.424818,-0.170197,0.235166,-0.418817,-0.226442
2026-07-16 16:33:48.361,204.999804,0.000000,0.000000,0.000000,0.308176,-0.393464,-0.257524,0.111689,-0.367372,-0.257359,0.209933,-0.380418,-0.257441,0.180379,-0.411446,-0.230735,0.204447,-0.422809,-0.169851,0.235120,-0.417784,-0.226211
2026-07-16 16:33:48.461,205.099804,0.000000,0.000000,0.000000,0.308551,-0.393542,-0.257758,0.111814,-0.367389,-0.257593,0.210183,-0.380465,-0.257675,0.180426,-0.412478,-0.230965,0.204285,-0.424818,-0.170197,0.235166,-0.418817,-0.226442
2026-07-16 16:33:48.561,205.199804,0.000000,0.000000,0.000000,0.308459,-0.391477,-0.257297,0.111563,-0.367354,-0.257124,0.210011,-0.379416,-0.257211,0.180333,-0.410414,-0.230504,0.204401,-0.421776,-0.169620,0.235074,-0.416752,-0.225981
2026-07-16 16:33:48.661,205.299804,0.000000,0.000000,0.000000,0.308459,-0.391477,-0.257297,0.111483,-0.368369,-0.257121,0.209971,-0.379923,-0.257209,0.180333,-0.410414,-0.230504,0.204192,-0.422753,-0.169736,0.234826,-0.417724,-0.226019
2026-07-16 16:33:48.761,205.399804,0.000000,0.000000,0.000000,0.308366,-0.389412,-0.256835,0.111550,-0.364274,-0.256667,0.209958,-0.376843,-0.256751,0.180240,-0.408349,-0.230043,0.204100,-0.420688,-0.169275,0.234981,-0.414687,-0.225519
2026-07-16 16:33:48.861,205.499804,0.000000,0.000000,0.000000,0.308273,-0.387347,-0.256374,0.111378,-0.363225,-0.256202,0.209825,-0.375286,-0.256288,0.180148,-0.406284,-0.229581,0.204216,-0.417647,-0.168698,0.234888,-0.412622,-0.225058
2026-07-16 16:33:48.961,205.599804,0.000000,0.000000,0.000000,0.308412,-0.390444,-0.257066,0.111596,-0.365307,-0.256897,0.210004,-0.377876,-0.256982,0.180287,-0.409381,-0.230273,0.204146,-0.421721,-0.169505,0.234780,-0.416691,-0.225788
2026-07-16 16:33:49.061,205.699804,0.000000,0.000000,0.000000,0.308648,-0.387425,-0.256608,0.111583,-0.362227,-0.256439,0.210116,-0.374826,-0.256524,0.180194,-0.407316,-0.229812,0.204053,-0.419656,-0.169044,0.234935,-0.413654,-0.225289
2026-07-16 16:33:49.161,205.799804,0.000000,0.000000,0.000000,0.308130,-0.392431,-0.257293,0.111642,-0.366339,-0.257128,0.209886,-0.379385,-0.257210,0.180333,-0.410414,-0.230504,0.204202,-0.422801,-0.168927,0.234950,-0.417238,-0.226000
2026-07-16 16:33:49.261,205.899804,0.000000,0.000000,0.000000,0.309019,-0.395684,-0.258453,0.111874,-0.371501,-0.258281,0.210446,-0.383593,-0.258367,0.180565,-0.415576,-0.231657,0.204643,-0.426986,-0.169963,0.235305,-0.421914,-0.227134
2026-07-16 16:33:49.361,205.999804,0.000000,0.000000,0.000000,0.308366,-0.389412,-0.256835,0.111470,-0.365289,-0.256663,0.209918,-0.377351,-0.256749,0.180240,-0.408349,-0.230043,0.203323,-0.420546,-0.168444,0.234981,-0.414687,-0.225519
2026-07-16 16:33:49.461,206.099803,0.000000,0.000000,0.000000,0.308695,-0.388458,-0.256839,0.111550,-0.364274,-0.256667,0.210122,-0.376366,-0.256753,0.180240,-0.408349,-0.230043,0.203531,-0.419569,-0.168327,0.234981,-0.414687,-0.225519
2026-07-16 16:33:49.561,206.199803,0.000000,0.000000,0.000000,0.308505,-0.392509,-0.257527,0.111689,-0.367372,-0.257359,0.210097,-0.379940,-0.257443,0.180379,-0.411446,-0.230735,0.203670,-0.422666,-0.169019,0.234873,-0.418756,-0.226250
2026-07-16 16:33:49.661,206.299803,0.000000,0.000000,0.000000,0.308269,-0.395528,-0.257985,0.111702,-0.370451,-0.257816,0.209985,-0.382990,-0.257901,0.180472,-0.413511,-0.231196,0.203554,-0.425708,-0.169597,0.235213,-0.419849,-0.226673
2026-07-16 16:33:49.761,206.399803,0.000000,0.000000,0.000000,0.308551,-0.393542,-0.257758,0.111735,-0.368404,-0.257589,0.210143,-0.380973,-0.257674,0.180426,-0.412478,-0.230965,0.203716,-0.423699,-0.169250,0.235166,-0.418817,-0.226442
2026-07-16 16:33:49.861,206.499803,0.000000,0.000000,0.000000,0.308551,-0.393542,-0.257758,0.111735,-0.368404,-0.257589,0.210143,-0.380973,-0.257674,0.180426,-0.412478,-0.230965,0.203716,-0.423699,-0.169250,0.235166,-0.418817,-0.226442
2026-07-16 16:33:49.961,206.599803,0.000000,0.000000,0.000000,0.308366,-0.389412,-0.256835,0.111470,-0.365289,-0.256663,0.209918,-0.377351,-0.256749,0.180240,-0.408349,-0.230043,0.203323,-0.420546,-0.168444,0.234981,-0.414687,-0.225519
2026-07-16 16:33:50.061,206.699803,0.000000,0.000000,0.000000,0.308366,-0.389412,-0.256835,0.111470,-0.365289,-0.256663,0.209918,-0.377351,-0.256749,0.180240,-0.408349,-0.230043,0.203531,-0.419569,-0.168327,0.234981,-0.414687,-0.225519
2026-07-16 16:33:50.161,206.799803,0.000000,0.000000,0.000000,0.308412,-0.390444,-0.257066,0.111517,-0.366322,-0.256894,0.209964,-0.378383,-0.256980,0.180287,-0.409381,-0.230273,0.203577,-0.420601,-0.168558,0.235027,-0.415719,-0.225750
2026-07-16 16:33:50.261,206.899803,0.000000,0.000000,0.000000,0.308130,-0.392431,-0.257293,0.111642,-0.366339,-0.257128,0.209886,-0.379385,-0.257210,0.180333,-0.410414,-0.230504,0.203623,-0.421634,-0.168789,0.235074,-0.416752,-0.225981
2026-07-16 16:33:50.361,206.999803,0.000000,0.000000,0.000000,0.307991,-0.389334,-0.256601,0.111503,-0.363242,-0.256436,0.209747,-0.376288,-0.256519,0.180194,-0.407316,-0.229812,0.203484,-0.418537,-0.168097,0.235484,-0.414819,-0.225349
2026-07-16 16:33:50.461,207.099802,0.000000,0.000000,0.000000,0.308644,-0.395606,-0.258219,0.111828,-0.370469,-0.258050,0.210236,-0.383038,-0.258135,0.180518,-0.414543,-0.231427,0.203601,-0.426741,-0.169828,0.235259,-0.420881,-0.226903
2026-07-16 16:33:50.561,207.199802,0.000000,0.000000,0.000000,0.308787,-0.390522,-0.257300,0.111642,-0.366339,-0.257128,0.210215,-0.378431,-0.257214,0.180333,-0.410414,-0.230504,0.203416,-0.422611,-0.168905,0.235074,-0.416752,-0.225981
2026-07-16 16:33:50.661,207.299802,0.000000,0.000000,0.000000,0.308459,-0.391477,-0.257297,0.111722,-0.365324,-0.257131,0.210090,-0.378401,-0.257214,0.180333,-0.410414,-0.230504,0.203416,-0.422611,-0.168905,0.235623,-0.417916,-0.226041
2026-07-16 16:33:50.761,207.399802,0.000000,0.000000,0.000000,0.308084,-0.391399,-0.257062,0.111596,-0.365307,-0.256897,0.209840,-0.378353,-0.256980,0.180111,-0.410371,-0.230306,0.203785,-0.419624,-0.168441,0.235576,-0.416884,-0.225810
2026-07-16 16:33:50.861,207.499802,0.000000,0.000000,0.000000,0.308644,-0.395606,-0.258219,0.111907,-0.369454,-0.258054,0.210275,-0.382530,-0.258137,0.180518,-0.414543,-0.231427,0.203808,-0.425764,-0.169711,0.235808,-0.422046,-0.226963
2026-07-16 16:33:50.961,207.599802,0.000000,0.000000,0.000000,0.308598,-0.394574,-0.257989,0.111861,-0.368421,-0.257823,0.210229,-0.381498,-0.257906,0.180296,-0.414500,-0.231228,0.203544,-0.425660,-0.170406,0.235762,-0.421013,-0.226732
2026-07-16 16:33:51.061,207.699802,0.000000,0.000000,0.000000,0.309030,-0.395736,-0.257588,0.111794,-0.372516,-0.258278,0.210412,-0.384126,-0.257933,0.180565,-0.415576,-0.231657,0.203637,-0.427725,-0.170868,0.235854,-0.423078,-0.227194
2026-07-16 16:33:51.161,207.799802,0.000000,0.000000,0.000000,0.308701,-0.396690,-0.257585,0.111953,-0.370486,-0.258285,0.210327,-0.383588,-0.257935,0.180389,-0.416565,-0.231690,0.203844,-0.426748,-0.170752,0.235854,-0.423078,-0.227194
2026-07-16 16:33:51.261,207.899802,0.000000,0.000000,0.000000,0.308349,-0.374922,-0.273876,0.111021,-0.352832,-0.271062,0.209685,-0.363877,-0.272469,0.180045,-0.397498,-0.247719,0.204099,-0.410155,-0.186649,0.235597,-0.403978,-0.243160
2026-07-16 16:33:51.361,207.999802,0.000000,0.000000,0.000000,0.308459,-0.391477,-0.257297,0.111722,-0.365324,-0.257131,0.210090,-0.378401,-0.257214,0.180333,-0.410414,-0.230504,0.203613,-0.421586,-0.169599,0.235623,-0.417916,-0.226041
2026-07-16 16:33:51.461,208.099802,0.000000,0.000000,0.000000,0.308926,-0.393620,-0.257992,0.111781,-0.369436,-0.257820,0.210354,-0.381528,-0.257906,0.179682,-0.413320,-0.231175,0.203752,-0.424683,-0.170291,0.235762,-0.421013,-0.226732
2026-07-16 16:33:51.561,208.199801,0.000000,0.000000,0.000000,0.308505,-0.392509,-0.257527,0.111689,-0.367372,-0.257359,0.210097,-0.379940,-0.257443,0.179492,-0.411701,-0.231542,0.203659,-0.422618,-0.169830,0.235669,-0.418949,-0.226271
2026-07-16 16:33:51.661,208.299801,0.000000,0.000000,0.000000,0.308366,-0.389412,-0.256835,0.111470,-0.365289,-0.256663,0.209918,-0.377351,-0.256749,0.179440,-0.408109,-0.230834,0.203520,-0.419521,-0.169138,0.235530,-0.415851,-0.225579
2026-07-16 16:33:51.761,208.399801,0.000000,0.000000,0.000000,0.308833,-0.391555,-0.257531,0.111609,-0.368387,-0.257355,0.210221,-0.379971,-0.257443,0.179404,-0.412196,-0.231557,0.203452,-0.423595,-0.169945,0.235669,-0.418949,-0.226271
2026-07-16 16:33:51.861,208.499801,0.000000,0.000000,0.000000,0.308320,-0.388379,-0.256605,0.111503,-0.363242,-0.256436,0.209912,-0.375811,-0.256520,0.179219,-0.408067,-0.230635,0.203474,-0.418488,-0.168907,0.235484,-0.414819,-0.225349
2026-07-16 16:33:51.961,208.599801,0.000000,0.000000,0.000000,0.308038,-0.390366,-0.256832,0.111470,-0.365289,-0.256663,0.209754,-0.377828,-0.256747,0.179440,-0.408109,-0.230834,0.203520,-0.419521,-0.169138,0.235530,-0.415851,-0.225579
2026-07-16 16:33:52.061,208.699801,0.000000,0.000000,0.000000,0.308273,-0.387347,-0.256374,0.111378,-0.363225,-0.256202,0.209825,-0.375286,-0.256288,0.179347,-0.406044,-0.230373,0.203646,-0.416527,-0.167749,0.235438,-0.413787,-0.225118
2026-07-16 16:33:52.161,208.799801,0.000000,0.000000,0.000000,0.308459,-0.391477,-0.257297,0.111642,-0.366339,-0.257128,0.210051,-0.378908,-0.257212,0.179358,-0.411164,-0.231327,0.203623,-0.421634,-0.168789,0.235623,-0.417916,-0.226041
2026-07-16 16:33:52.261,208.899801,0.000000,0.000000,0.000000,0.308598,-0.394574,-0.257989,0.111702,-0.370451,-0.257816,0.210150,-0.382513,-0.257902,0.179672,-0.413271,-0.231987,0.203762,-0.424731,-0.169480,0.235762,-0.421013,-0.226732
2026-07-16 16:33:52.361,208.999801,0.000000,0.000000,0.000000,0.308459,-0.391477,-0.257297,0.111722,-0.365324,-0.257131,0.210090,-0.378401,-0.257214,0.179358,-0.411164,-0.231327,0.203831,-0.420657,-0.168672,0.235374,-0.418888,-0.226079
2026-07-16 16:33:52.461,209.099801,0.000000,0.000000,0.000000,0.308459,-0.391477,-0.257297,0.111642,-0.366339,-0.257128,0.210051,-0.378908,-0.257212,0.179533,-0.410174,-0.231295,0.203831,-0.420657,-0.168672,0.235623,-0.417916,-0.226041
2026-07-16 16:33:52.561,209.199800,0.000000,0.000000,0.000000,0.308787,-0.390522,-0.257300,0.111642,-0.366339,-0.257128,0.210215,-0.378431,-0.257214,0.179358,-0.411164,-0.231327,0.203623,-0.421634,-0.168789,0.235623,-0.417916,-0.226041
2026-07-16 16:33:52.661,209.299800,0.000000,0.000000,0.000000,0.308505,-0.392509,-0.257527,0.111689,-0.367372,-0.257359,0.210097,-0.379940,-0.257443,0.179579,-0.411206,-0.231526,0.203877,-0.421689,-0.168903,0.235421,-0.419920,-0.226309
2026-07-16 16:33:52.761,209.399800,0.000000,0.000000,0.000000,0.308273,-0.387347,-0.256374,0.111457,-0.362210,-0.256205,0.209865,-0.374778,-0.256290,0.179347,-0.406044,-0.230373,0.203864,-0.415599,-0.166820,0.235313,-0.414272,-0.225137
2026-07-16 16:33:52.861,209.499800,0.000000,0.000000,0.000000,0.308551,-0.393542,-0.257758,0.111735,-0.368404,-0.257589,0.210143,-0.380973,-0.257674,0.179635,-0.412287,-0.230944,0.203934,-0.422770,-0.168322,0.235715,-0.419981,-0.226502
2026-07-16 16:33:52.961,209.599800,0.000000,0.000000,0.000000,0.308459,-0.391477,-0.257297,0.111642,-0.366339,-0.257128,0.210051,-0.378908,-0.257212,0.179533,-0.410174,-0.231295,0.203633,-0.421682,-0.167978,0.235374,-0.418888,-0.226079
2026-07-16 16:33:53.061,209.699800,0.000000,0.000000,0.000000,0.308505,-0.392509,-0.257527,0.111689,-0.367372,-0.257359,0.210097,-0.379940,-0.257443,0.179579,-0.411206,-0.231526,0.203888,-0.421738,-0.168091,0.235421,-0.419920,-0.226309
2026-07-16 16:33:53.161,209.799800,0.000000,0.000000,0.000000,0.308598,-0.394574,-0.257989,0.111781,-0.369436,-0.257820,0.210189,-0.382005,-0.257904,0.179672,-0.413271,-0.231987,0.203980,-0.423802,-0.168552,0.235762,-0.421013,-0.226732
2026-07-16 16:33:53.261,209.899800,0.000000,0.000000,0.000000,0.308602,-0.386393,-0.256378,0.111537,-0.361195,-0.256209,0.210069,-0.373794,-0.256293,0.179358,-0.406093,-0.229560,0.203666,-0.416624,-0.166126,0.235438,-0.413787,-0.225118
2026-07-16 16:33:53.361,209.999800,0.000000,0.000000,0.000000,0.308695,-0.388458,-0.256839,0.111550,-0.364274,-0.256667,0.210122,-0.376366,-0.256753,0.179450,-0.408158,-0.230021,0.203551,-0.419666,-0.166707,0.235530,-0.415851,-0.225579
2026-07-16 16:33:53.461,210.099800,0.000000,0.000000,0.000000,0.309019,-0.395684,-0.258453,0.111874,-0.371501,-0.258281,0.210446,-0.383593,-0.258367,0.179774,-0.415384,-0.231636,0.203875,-0.426892,-0.168321,0.236103,-0.422107,-0.227155
2026-07-16 16:33:53.561,210.199800,0.000000,0.000000,0.000000,0.308038,-0.390366,-0.256832,0.111550,-0.364274,-0.256667,0.209794,-0.377320,-0.256749,0.179440,-0.408109,-0.230834,0.203759,-0.418689,-0.166588,0.235530,-0.415851,-0.225579
2026-07-16 16:33:53.661,210.299799,0.000000,0.000000,0.000000,0.308598,-0.394574,-0.257989,0.111861,-0.368421,-0.257823,0.210229,-0.381498,-0.257906,0.179682,-0.413320,-0.231175,0.203990,-0.423851,-0.167741,0.235762,-0.421013,-0.226732
2026-07-16 16:33:53.761,210.399799,0.000000,0.000000,0.000000,0.308598,-0.394574,-0.257989,0.111781,-0.369436,-0.257820,0.210189,-0.382005,-0.257904,0.179682,-0.413320,-0.231175,0.204779,-0.424042,-0.167762,0.236010,-0.420042,-0.226694
2026-07-16 16:33:53.861,210.499799,0.000000,0.000000,0.000000,0.308972,-0.394652,-0.258223,0.111828,-0.370469,-0.258050,0.210400,-0.382560,-0.258137,0.179728,-0.414352,-0.231405,0.204836,-0.425122,-0.167181,0.235808,-0.422046,-0.226963
2026-07-16 16:33:53.961,210.599799,0.000000,0.000000,0.000000,0.308459,-0.391477,-0.257297,0.111642,-0.366339,-0.257128,0.210051,-0.378908,-0.257212,0.179543,-0.410222,-0.230483,0.204442,-0.421969,-0.166379,0.235623,-0.417916,-0.226041
2026-07-16 16:33:54.061,210.699799,0.000000,0.000000,0.000000,0.309019,-0.395684,-0.258453,0.111794,-0.372516,-0.258278,0.210407,-0.384100,-0.258366,0.180565,-0.415576,-0.231657,0.204674,-0.427131,-0.167532,0.235854,-0.423078,-0.227194
2026-07-16 16:33:54.161,210.799799,0.000000,0.000000,0.000000,0.308741,-0.389490,-0.257070,0.111596,-0.365307,-0.256897,0.210168,-0.377398,-0.256983,0.180287,-0.409381,-0.230273,0.204406,-0.420985,-0.165338,0.235576,-0.416884,-0.225810
2026-07-16 16:33:54.261,210.899799,0.000000,0.000000,0.000000,0.308459,-0.391477,-0.257297,0.111722,-0.365324,-0.257131,0.210090,-0.378401,-0.257214,0.180333,-0.410414,-0.230504,0.204463,-0.422066,-0.164758,0.235747,-0.417430,-0.226021
2026-07-16 16:33:54.361,210.999799,0.000000,0.000000,0.000000,0.308690,-0.396639,-0.258450,0.111874,-0.371501,-0.258281,0.210282,-0.384070,-0.258365,0.180565,-0.415576,-0.231657,0.204694,-0.427228,-0.165911,0.236103,-0.422107,-0.227155
2026-07-16 16:33:54.461,211.099799,0.000000,0.000000,0.000000,0.308399,-0.375943,-0.274149,0.111070,-0.353854,-0.271335,0.209735,-0.364899,-0.272742,0.180283,-0.397613,-0.247111,0.204475,-0.410778,-0.181107,0.235646,-0.405000,-0.243433
2026-07-16 16:33:54.561,211.199799,0.000000,0.000000,0.000000,0.308648,-0.387425,-0.256608,0.111503,-0.363242,-0.256436,0.210076,-0.375334,-0.256522,0.180019,-0.408306,-0.229845,0.203556,-0.418874,-0.162424,0.235732,-0.413847,-0.225310
2026-07-16 16:33:54.661,211.299798,0.000000,0.000000,0.000000,0.308459,-0.391477,-0.257297,0.111563,-0.367354,-0.257124,0.210011,-0.379416,-0.257211,0.180168,-0.411451,-0.229725,0.203716,-0.422068,-0.161495,0.235871,-0.416945,-0.226002
2026-07-16 16:33:54.761,211.399798,0.000000,0.000000,0.000000,0.308459,-0.391477,-0.257297,0.111563,-0.367354,-0.257124,0.210011,-0.379416,-0.257211,0.180957,-0.411642,-0.229746,0.203518,-0.423093,-0.160813,0.235871,-0.416945,-0.226002
2026-07-16 16:33:54.861,211.499798,0.000000,0.000000,0.000000,0.309019,-0.395684,-0.258453,0.111874,-0.371501,-0.258281,0.210446,-0.383593,-0.258367,0.181188,-0.416804,-0.230900,0.203760,-0.428303,-0.161156,0.236103,-0.422107,-0.227155
2026-07-16 16:33:54.961,211.599798,0.000000,0.000000,0.000000,0.308551,-0.393542,-0.257758,0.111814,-0.367389,-0.257593,0.210183,-0.380465,-0.257675,0.181226,-0.412718,-0.230174,0.203631,-0.425254,-0.159655,0.235964,-0.419010,-0.226463
2026-07-16 16:33:55.061,211.699798,0.000000,0.000000,0.000000,0.308366,-0.389412,-0.256835,0.111550,-0.364274,-0.256667,0.209958,-0.376843,-0.256751,0.181041,-0.408588,-0.229252,0.203446,-0.421124,-0.158733,0.235789,-0.414929,-0.224721
2026-07-16 16:33:55.161,211.799798,0.000000,0.000000,0.000000,0.308596,-0.380031,-0.275239,0.111343,-0.356927,-0.272387,0.209970,-0.368479,-0.273813,0.181307,-0.402050,-0.246617,0.204184,-0.418351,-0.177046,0.236350,-0.407229,-0.243551
2026-07-16 16:33:55.261,211.899798,0.000000,0.000000,0.000000,0.308787,-0.390522,-0.257300,0.111642,-0.366339,-0.257128,0.210215,-0.378431,-0.257214,0.181144,-0.410701,-0.228900,0.202979,-0.422119,-0.157422,0.235882,-0.416994,-0.225182
2026-07-16 16:33:55.361,211.999798,0.000000,0.000000,0.000000,0.308741,-0.389490,-0.257070,0.111437,-0.367337,-0.256890,0.210089,-0.378413,-0.256980,0.181097,-0.409669,-0.228670,0.202933,-0.421086,-0.157191,0.236084,-0.414990,-0.224912
2026-07-16 16:33:55.461,212.099798,0.000000,0.000000,0.000000,0.308787,-0.390522,-0.257300,0.111642,-0.366339,-0.257128,0.210215,-0.378431,-0.257214,0.180967,-0.411691,-0.228935,0.202989,-0.422167,-0.156612,0.236130,-0.416022,-0.225142
2026-07-16 16:33:55.561,212.199798,0.000000,0.000000,0.000000,0.308880,-0.392587,-0.257762,0.111655,-0.369419,-0.257586,0.210268,-0.381003,-0.257674,0.181236,-0.412766,-0.229362,0.202911,-0.421112,-0.156652,0.235974,-0.419058,-0.225643
2026-07-16 16:33:55.661,212.299798,0.000000,0.000000,0.000000,0.308602,-0.386393,-0.256378,0.111457,-0.362210,-0.256205,0.210030,-0.374301,-0.256292,0.180958,-0.406572,-0.227978,0.202212,-0.416822,-0.156346,0.235821,-0.412378,-0.224240
2026-07-16 16:33:55.761,212.399797,0.000000,0.000000,0.000000,0.308551,-0.393542,-0.257758,0.111735,-0.368404,-0.257589,0.210143,-0.380973,-0.257674,0.181226,-0.412718,-0.230174,0.202479,-0.422968,-0.158541,0.235974,-0.419058,-0.225643
2026-07-16 16:33:55.861,212.499797,0.000000,0.000000,0.000000,0.290555,-0.415053,-0.235476,0.094358,-0.384379,-0.235549,0.192456,-0.399716,-0.235512,0.162451,-0.428634,-0.206035,0.183590,-0.436458,-0.135741,0.216954,-0.436790,-0.201448
2026-07-16 16:33:55.961,212.599797,0.000000,0.000000,0.000000,0.309019,-0.395684,-0.258453,0.111794,-0.372516,-0.258278,0.210407,-0.384100,-0.258366,0.181365,-0.415815,-0.230866,0.202371,-0.426849,-0.162606,0.236113,-0.422156,-0.226335
2026-07-16 16:33:56.061,212.699797,0.000000,0.000000,0.000000,0.308741,-0.389490,-0.257070,0.111517,-0.366322,-0.256894,0.210129,-0.377906,-0.256982,0.180121,-0.410419,-0.229494,0.201867,-0.421535,-0.162967,0.235835,-0.415961,-0.224951
2026-07-16 16:33:56.161,212.799797,0.000000,0.000000,0.000000,0.308366,-0.389412,-0.256835,0.111550,-0.364274,-0.256667,0.209958,-0.376843,-0.256751,0.180065,-0.409338,-0.230075,0.201790,-0.420358,-0.165164,0.235541,-0.415900,-0.224760
2026-07-16 16:33:56.261,212.899797,0.000000,0.000000,0.000000,0.308598,-0.394574,-0.257989,0.111781,-0.369436,-0.257820,0.210189,-0.382005,-0.257904,0.179682,-0.413320,-0.231175,0.202001,-0.425424,-0.167936,0.235513,-0.421985,-0.226771
2026-07-16 16:33:56.361,212.999797,0.000000,0.000000,0.000000,0.308223,-0.394496,-0.257754,0.111735,-0.368404,-0.257589,0.209979,-0.381450,-0.257672,0.179451,-0.413229,-0.231788,0.201719,-0.425225,-0.170249,0.235218,-0.421924,-0.226578
2026-07-16 16:33:56.461,213.099797,0.000000,0.000000,0.000000,0.308505,-0.392509,-0.257527,0.111689,-0.367372,-0.257359,0.210097,-0.379940,-0.257443,0.179404,-0.412196,-0.231557,0.201857,-0.423118,-0.171521,0.234625,-0.419728,-0.226288
2026-07-16 16:33:56.561,213.199797,0.000000,0.000000,0.000000,0.308366,-0.389412,-0.256835,0.111629,-0.363259,-0.256670,0.209998,-0.376336,-0.256753,0.178477,-0.408908,-0.230844,0.201492,-0.420903,-0.172559,0.234239,-0.417602,-0.225634
2026-07-16 16:33:56.661,213.299797,0.000000,0.000000,0.000000,0.309019,-0.395684,-0.258453,0.111794,-0.372516,-0.258278,0.210407,-0.384100,-0.258366,0.178790,-0.416087,-0.233270,0.202799,-0.427294,-0.174893,0.234315,-0.425801,-0.227287
2026-07-16 16:33:56.761,213.399796,0.000000,0.000000,0.000000,0.308273,-0.387347,-0.256374,0.111457,-0.362210,-0.256205,0.209865,-0.374778,-0.256290,0.178374,-0.406795,-0.231194,0.202372,-0.417954,-0.173626,0.233888,-0.416461,-0.226027
2026-07-16 16:33:56.861,213.499796,0.000000,0.000000,0.000000,0.308644,-0.395606,-0.258219,0.111748,-0.371484,-0.258047,0.210196,-0.383545,-0.258133,0.178571,-0.416045,-0.233070,0.202525,-0.427143,-0.176389,0.234506,-0.423748,-0.227835
2026-07-16 16:33:56.961,213.599796,0.000000,0.000000,0.000000,0.308362,-0.397593,-0.258446,0.111874,-0.371501,-0.258281,0.210118,-0.384547,-0.258364,0.178790,-0.416087,-0.233270,0.202572,-0.428175,-0.176619,0.234305,-0.425752,-0.228103
2026-07-16 16:33:57.061,213.699796,0.000000,0.000000,0.000000,0.308598,-0.394574,-0.257989,0.111702,-0.370451,-0.257816,0.210150,-0.382513,-0.257902,0.178708,-0.414070,-0.231997,0.203472,-0.425323,-0.176071,0.234470,-0.422764,-0.226788
2026-07-16 16:33:57.161,213.799796,0.000000,0.000000,0.000000,0.308412,-0.390444,-0.257066,0.111676,-0.364292,-0.256901,0.210044,-0.377368,-0.256983,0.178696,-0.408951,-0.231043,0.203297,-0.421241,-0.174340,0.234285,-0.418635,-0.225865
2026-07-16 16:33:57.261,213.899796,0.000000,0.000000,0.000000,0.308602,-0.386393,-0.256378,0.111457,-0.362210,-0.256205,0.210030,-0.374301,-0.256292,0.178557,-0.405853,-0.230351,0.203945,-0.418334,-0.173669,0.234146,-0.415537,-0.225173
2026-07-16 16:33:57.361,213.999796,0.000000,0.000000,0.000000,0.308798,-0.390574,-0.256435,0.111653,-0.366389,-0.256288,0.210226,-0.378482,-0.256361,0.179533,-0.410174,-0.231295,0.204141,-0.422512,-0.173782,0.234331,-0.419667,-0.226096
2026-07-16 16:33:57.461,214.099796,0.000000,0.000000,0.000000,0.308880,-0.392587,-0.257762,0.111814,-0.367389,-0.257593,0.210347,-0.379988,-0.257677,0.179625,-0.412239,-0.231756,0.204442,-0.423600,-0.174133,0.234424,-0.421732,-0.226557
2026-07-16 16:33:57.561,214.199796,0.000000,0.000000,0.000000,0.308644,-0.395606,-0.258219,0.111748,-0.371484,-0.258047,0.210196,-0.383545,-0.258133,0.179728,-0.414352,-0.231405,0.204545,-0.425713,-0.173784,0.234764,-0.422825,-0.226980
2026-07-16 16:33:57.661,214.299796,0.000000,0.000000,0.000000,0.308972,-0.394652,-0.258223,0.111828,-0.370469,-0.258050,0.210400,-0.382560,-0.258137,0.180518,-0.414543,-0.231427,0.205333,-0.425903,-0.173806,0.234764,-0.422825,-0.226980
2026-07-16 16:33:57.761,214.399796,0.000000,0.000000,0.000000,0.308505,-0.392509,-0.257527,0.111768,-0.366357,-0.257362,0.210137,-0.379433,-0.257445,0.180379,-0.411446,-0.230735,0.205992,-0.423045,-0.172325,0.234625,-0.419728,-0.226288
2026-07-16 16:33:57.861,214.499795,0.000000,0.000000,0.000000,0.308787,-0.390522,-0.257300,0.111563,-0.367354,-0.257124,0.210175,-0.378938,-0.257212,0.180333,-0.410414,-0.230504,0.206157,-0.421036,-0.171982,0.234826,-0.417724,-0.226019
2026-07-16 16:33:57.961,214.599795,0.000000,0.000000,0.000000,0.290216,-0.422261,-0.236434,0.094501,-0.389639,-0.236631,0.192359,-0.405950,-0.236532,0.161893,-0.433697,-0.207880,0.188088,-0.444040,-0.148212,0.215890,-0.443796,-0.203254
2026-07-16 16:33:58.061,214.699795,0.000000,0.000000,0.000000,0.308459,-0.391477,-0.257297,0.111642,-0.366339,-0.257128,0.210051,-0.378908,-0.257212,0.181123,-0.410605,-0.230525,0.206956,-0.421275,-0.171192,0.234826,-0.417724,-0.226019
2026-07-16 16:33:58.161,214.799795,0.000000,0.000000,0.000000,0.308459,-0.391477,-0.257297,0.111573,-0.367404,-0.256285,0.210016,-0.379441,-0.256791,0.181123,-0.410605,-0.230525,0.207745,-0.421466,-0.171213,0.234826,-0.417724,-0.226019
2026-07-16 16:33:58.261,214.899795,0.000000,0.000000,0.000000,0.308598,-0.394574,-0.257989,0.111781,-0.369436,-0.257820,0.210189,-0.382005,-0.257904,0.181272,-0.413750,-0.230405,0.208097,-0.423587,-0.171792,0.234965,-0.420821,-0.226711
2026-07-16 16:33:58.361,214.999795,0.000000,0.000000,0.000000,0.308741,-0.389490,-0.257070,0.111596,-0.365307,-0.256897,0.210168,-0.377398,-0.256983,0.181087,-0.409620,-0.229482,0.208264,-0.421552,-0.171927,0.234532,-0.417663,-0.225827
2026-07-16 16:33:58.461,215.099795,0.000000,0.000000,0.000000,0.308366,-0.389412,-0.256835,0.111470,-0.365289,-0.256663,0.209918,-0.377351,-0.256749,0.181217,-0.407599,-0.229218,0.208645,-0.418568,-0.171473,0.234184,-0.414494,-0.225498
2026-07-16 16:33:58.561,215.199795,0.000000,0.000000,0.000000,0.308038,-0.390366,-0.256832,0.111550,-0.364274,-0.256667,0.209794,-0.377320,-0.256749,0.181831,-0.408779,-0.229273,0.208431,-0.419544,-0.171585,0.234981,-0.414687,-0.225519
2026-07-16 16:33:58.661,215.299795,0.000000,0.000000,0.000000,0.308423,-0.390496,-0.256202,0.111596,-0.365307,-0.256897,0.210010,-0.377901,-0.256549,0.181877,-0.409812,-0.229504,0.209482,-0.419791,-0.171725,0.233983,-0.416498,-0.225767
2026-07-16 16:33:58.761,215.399795,0.000000,0.000000,0.000000,0.308690,-0.396639,-0.258450,0.111794,-0.372516,-0.258278,0.210242,-0.384578,-0.258364,0.182155,-0.416006,-0.230887,0.209760,-0.425986,-0.173108,0.234261,-0.422693,-0.227151
2026-07-16 16:33:58.861,215.499794,0.000000,0.000000,0.000000,0.308412,-0.390444,-0.257066,0.111517,-0.366322,-0.256894,0.209964,-0.378383,-0.256980,0.181867,-0.409763,-0.230316,0.209267,-0.420767,-0.171837,0.234780,-0.416691,-0.225788
2026-07-16 16:33:58.961,215.599794,0.000000,0.000000,0.000000,0.308598,-0.394574,-0.257989,0.111792,-0.369486,-0.256980,0.210195,-0.382030,-0.257484,0.182062,-0.413941,-0.230426,0.210457,-0.424112,-0.172669,0.234415,-0.419656,-0.226651
2026-07-16 16:33:59.061,215.699794,0.000000,0.000000,0.000000,0.308598,-0.394574,-0.257989,0.111702,-0.370451,-0.257816,0.210150,-0.382513,-0.257902,0.182230,-0.412904,-0.231206,0.210231,-0.425039,-0.173592,0.234415,-0.419656,-0.226651
2026-07-16 16:33:59.161,215.799794,0.000000,0.000000,0.000000,0.308320,-0.388379,-0.256605,0.111503,-0.363242,-0.256436,0.209912,-0.375811,-0.256520,0.181962,-0.406758,-0.229009,0.210742,-0.419035,-0.172230,0.234935,-0.413654,-0.225289
2026-07-16 16:33:59.261,215.899794,0.000000,0.000000,0.000000,0.308399,-0.375943,-0.274149,0.111145,-0.352839,-0.271297,0.209772,-0.364391,-0.272723,0.181865,-0.397985,-0.247183,0.211390,-0.411547,-0.190326,0.234971,-0.404327,-0.243358
2026-07-16 16:33:59.361,215.999794,0.000000,0.000000,0.000000,0.309204,-0.399814,-0.259376,0.112059,-0.375631,-0.259204,0.210632,-0.387722,-0.259290,0.182340,-0.420136,-0.231810,0.212305,-0.430640,-0.174908,0.234693,-0.425851,-0.228035
2026-07-16 16:33:59.461,216.099794,0.000000,0.000000,0.000000,0.308833,-0.391555,-0.257531,0.111609,-0.368387,-0.257355,0.210221,-0.379971,-0.257443,0.181959,-0.411828,-0.230777,0.211924,-0.422333,-0.173875,0.234322,-0.417591,-0.226190
2026-07-16 16:33:59.561,216.199794,0.000000,0.000000,0.000000,0.308273,-0.387347,-0.256374,0.111378,-0.363225,-0.256202,0.209825,-0.375286,-0.256288,0.181906,-0.405677,-0.229592,0.211692,-0.417171,-0.172722,0.234888,-0.412622,-0.225058
2026-07-16 16:33:59.661,216.299794,0.000000,0.000000,0.000000,0.308435,-0.390960,-0.257181,0.111540,-0.366838,-0.257009,0.209988,-0.378899,-0.257095,0.181890,-0.410279,-0.230431,0.212634,-0.420927,-0.174363,0.235051,-0.416235,-0.225865
2026-07-16 16:33:59.761,216.399794,0.000000,0.000000,0.000000,0.308470,-0.391528,-0.256432,0.111563,-0.367354,-0.257124,0.210016,-0.379441,-0.256778,0.182703,-0.410987,-0.230568,0.212647,-0.421395,-0.175291,0.234276,-0.416559,-0.225959
2026-07-16 16:33:59.861,216.499794,0.000000,0.000000,0.000000,0.308741,-0.389490,-0.257070,0.111596,-0.365307,-0.256897,0.210168,-0.377398,-0.256983,0.182657,-0.409954,-0.230338,0.213391,-0.420553,-0.175082,0.234230,-0.415526,-0.225728
2026-07-16 16:33:59.961,216.599793,0.000000,0.000000,0.000000,0.308366,-0.389412,-0.256835,0.111550,-0.364274,-0.256667,0.209958,-0.376843,-0.256751,0.182611,-0.408922,-0.230107,0.213334,-0.419473,-0.175664,0.234184,-0.414494,-0.225498
2026-07-16 16:34:00.061,216.699793,0.000000,0.000000,0.000000,0.308787,-0.390522,-0.257300,0.111642,-0.366339,-0.257128,0.210215,-0.378431,-0.257214,0.182703,-0.410987,-0.230568,0.214207,-0.421680,-0.176959,0.234276,-0.416559,-0.225959
2026-07-16 16:34:00.161,216.799793,0.000000,0.000000,0.000000,0.308690,-0.396639,-0.258450,0.111805,-0.372566,-0.257438,0.210248,-0.384603,-0.257944,0.182935,-0.416149,-0.231721,0.214871,-0.424845,-0.178717,0.234497,-0.421672,-0.227932
2026-07-16 16:34:00.261,216.899793,0.000000,0.000000,0.000000,0.308448,-0.376965,-0.274422,0.111120,-0.354876,-0.271607,0.209784,-0.365920,-0.273014,0.182705,-0.399192,-0.247491,0.214910,-0.410797,-0.196120,0.234326,-0.404593,-0.244373
2026-07-16 16:34:00.361,216.999793,0.000000,0.000000,0.000000,0.309266,-0.392717,-0.257129,0.111702,-0.370451,-0.257816,0.210484,-0.381584,-0.257473,0.182842,-0.414084,-0.231260,0.213855,-0.422979,-0.179914,0.234415,-0.419656,-0.226651
2026-07-16 16:34:00.461,217.099793,0.000000,0.000000,0.000000,0.308567,-0.385412,-0.255282,0.111411,-0.361177,-0.255975,0.209989,-0.373294,-0.255628,0.182650,-0.404836,-0.229383,0.213585,-0.414184,-0.178833,0.234045,-0.411397,-0.224806
2026-07-16 16:34:00.561,217.199793,0.000000,0.000000,0.000000,0.308880,-0.392587,-0.257762,0.111735,-0.368404,-0.257589,0.210307,-0.380496,-0.257675,0.182975,-0.412063,-0.230997,0.213909,-0.421411,-0.180448,0.234369,-0.418624,-0.226420
2026-07-16 16:34:00.661,217.299793,0.000000,0.000000,0.000000,0.308741,-0.389490,-0.257070,0.111596,-0.365307,-0.256897,0.210168,-0.377398,-0.256983,0.183627,-0.409157,-0.230326,0.212967,-0.418073,-0.180549,0.233432,-0.415334,-0.225707
2026-07-16 16:34:00.761,217.399793,0.000000,0.000000,0.000000,0.290559,-0.416098,-0.235646,0.094480,-0.384415,-0.235782,0.192519,-0.400256,-0.235714,0.165004,-0.429363,-0.207089,0.194362,-0.436470,-0.157857,0.214574,-0.437161,-0.202396
2026-07-16 16:34:00.861,217.499793,0.000000,0.000000,0.000000,0.308880,-0.392587,-0.257762,0.111666,-0.369469,-0.256747,0.210273,-0.381028,-0.257254,0.183766,-0.412254,-0.231018,0.212304,-0.420930,-0.182034,0.233571,-0.418431,-0.226399
2026-07-16 16:34:00.961,217.599792,0.000000,0.000000,0.000000,0.308787,-0.390522,-0.257300,0.111563,-0.367354,-0.257124,0.210175,-0.378938,-0.257212,0.183673,-0.410189,-0.230557,0.211409,-0.418625,-0.182366,0.233479,-0.416366,-0.225937
2026-07-16 16:34:01.061,217.699792,0.000000,0.000000,0.000000,0.308227,-0.386315,-0.256144,0.111331,-0.362192,-0.255971,0.209779,-0.374253,-0.256057,0.183621,-0.404038,-0.229371,0.211177,-0.413463,-0.181213,0.233247,-0.411204,-0.224784
2026-07-16 16:34:01.161,217.799792,0.000000,0.000000,0.000000,0.308459,-0.391477,-0.257297,0.111642,-0.366339,-0.257128,0.210051,-0.378908,-0.257212,0.183853,-0.409201,-0.230525,0.211409,-0.418625,-0.182366,0.233479,-0.416366,-0.225937
2026-07-16 16:34:01.261,217.899792,0.000000,0.000000,0.000000,0.308833,-0.391555,-0.257531,0.111609,-0.368387,-0.257355,0.210221,-0.379971,-0.257443,0.183899,-0.410233,-0.230755,0.211445,-0.419609,-0.183412,0.232972,-0.416233,-0.226108
2026-07-16 16:34:01.361,217.999792,0.000000,0.000000,0.000000,0.308659,-0.387477,-0.255743,0.111503,-0.363242,-0.256436,0.210081,-0.375359,-0.256089,0.183714,-0.406103,-0.229833,0.211259,-0.415480,-0.182489,0.233585,-0.412296,-0.225207
2026-07-16 16:34:01.460,218.099792,0.000000,0.000000,0.000000,0.308234,-0.394547,-0.256891,0.111735,-0.368404,-0.257589,0.209984,-0.381476,-0.257240,0.183946,-0.411265,-0.230986,0.211274,-0.421618,-0.183739,0.233816,-0.417459,-0.226360
2026-07-16 16:34:01.560,218.199792,0.000000,0.000000,0.000000,0.308787,-0.390522,-0.257300,0.111563,-0.367354,-0.257124,0.210175,-0.378938,-0.257212,0.183853,-0.409201,-0.230525,0.211181,-0.419553,-0.183278,0.233601,-0.415880,-0.225918
2026-07-16 16:34:01.660,218.299792,0.000000,0.000000,0.000000,0.308505,-0.392509,-0.257527,0.111530,-0.369402,-0.257352,0.210017,-0.380955,-0.257439,0.183899,-0.410233,-0.230755,0.211227,-0.420585,-0.183508,0.233770,-0.416426,-0.226130
2026-07-16 16:34:01.760,218.399792,0.000000,0.000000,0.000000,0.308891,-0.392639,-0.256896,0.111825,-0.367439,-0.256751,0.210358,-0.380039,-0.256824,0.183946,-0.411265,-0.230986,0.211057,-0.422594,-0.183836,0.233806,-0.417410,-0.227182
2026-07-16 16:34:01.860,218.499792,0.000000,0.000000,0.000000,0.308621,-0.395090,-0.258104,0.111884,-0.368938,-0.257939,0.210252,-0.382014,-0.258021,0.183825,-0.413754,-0.232178,0.211333,-0.423118,-0.184899,0.233630,-0.419931,-0.227565
2026-07-16 16:34:01.960,218.599792,0.000000,0.000000,0.000000,0.308741,-0.389490,-0.257070,0.111596,-0.365307,-0.256897,0.210168,-0.377398,-0.256983,0.183617,-0.409108,-0.231140,0.210907,-0.419448,-0.183956,0.233422,-0.415285,-0.226527
2026-07-16 16:34:02.060,218.699791,0.000000,0.000000,0.000000,0.308972,-0.394652,-0.258223,0.111828,-0.370469,-0.258050,0.210400,-0.382560,-0.258137,0.183057,-0.414079,-0.232272,0.210912,-0.425538,-0.186016,0.233653,-0.420447,-0.227680
2026-07-16 16:34:02.160,218.799791,0.000000,0.000000,0.000000,0.308320,-0.388379,-0.256605,0.111424,-0.364257,-0.256432,0.209872,-0.376318,-0.256519,0.182544,-0.407793,-0.231501,0.211595,-0.417526,-0.184329,0.233329,-0.413220,-0.226066
2026-07-16 16:34:02.260,218.899791,0.000000,0.000000,0.000000,0.308741,-0.389490,-0.257070,0.111596,-0.365307,-0.256897,0.210168,-0.377398,-0.256983,0.182024,-0.408677,-0.231911,0.211459,-0.420518,-0.185696,0.233411,-0.415236,-0.227347
2026-07-16 16:34:02.360,218.999791,0.000000,0.000000,0.000000,0.309065,-0.396717,-0.258684,0.111920,-0.372534,-0.258512,0.210493,-0.384625,-0.258598,0.182348,-0.415904,-0.233525,0.211565,-0.428721,-0.187404,0.233736,-0.422463,-0.228962
2026-07-16 16:34:02.460,219.099791,0.000000,0.000000,0.000000,0.308412,-0.390444,-0.257066,0.111517,-0.366322,-0.256894,0.209964,-0.378383,-0.256980,0.182024,-0.408677,-0.231911,0.211449,-0.420470,-0.186507,0.233411,-0.415236,-0.227347
2026-07-16 16:34:02.560,219.199791,0.000000,0.000000,0.000000,0.308736,-0.397671,-0.258681,0.111920,-0.372534,-0.258512,0.210328,-0.385103,-0.258596,0.181557,-0.415713,-0.233504,0.211555,-0.428673,-0.188214,0.233736,-0.422463,-0.228962
2026-07-16 16:34:02.660,219.299791,0.000000,0.000000,0.000000,0.308598,-0.394574,-0.257989,0.111781,-0.369436,-0.257820,0.210189,-0.382005,-0.257904,0.181241,-0.413605,-0.232842,0.210411,-0.426361,-0.187593,0.233597,-0.419366,-0.228270
2026-07-16 16:34:02.760,219.399791,0.000000,0.000000,0.000000,0.308366,-0.389412,-0.256835,0.111550,-0.364274,-0.256667,0.209958,-0.376843,-0.256751,0.181000,-0.408395,-0.232502,0.210396,-0.420223,-0.186348,0.234163,-0.414396,-0.227138
2026-07-16 16:34:02.860,219.499791,0.000000,0.000000,0.000000,0.308399,-0.375943,-0.274149,0.111145,-0.352839,-0.271297,0.209772,-0.364391,-0.272723,0.181021,-0.397553,-0.249576,0.210877,-0.411128,-0.204204,0.233460,-0.403301,-0.244882
2026-07-16 16:34:02.960,219.599791,0.000000,0.000000,0.000000,0.308551,-0.393542,-0.257758,0.111655,-0.369419,-0.257586,0.210103,-0.381480,-0.257672,0.181195,-0.412573,-0.232612,0.210581,-0.424352,-0.187270,0.234102,-0.419498,-0.228097
2026-07-16 16:34:03.060,219.699790,0.000000,0.000000,0.000000,0.276574,-0.427164,-0.241903,0.081826,-0.389467,-0.240417,0.179200,-0.408316,-0.241160,0.148636,-0.436066,-0.214212,0.177103,-0.447378,-0.168697,0.200540,-0.445212,-0.210028
2026-07-16 16:34:03.160,219.799790,0.000000,0.000000,0.000000,0.308602,-0.386393,-0.256378,0.111457,-0.362210,-0.256205,0.210030,-0.374301,-0.256292,0.180917,-0.406378,-0.231228,0.208738,-0.417825,-0.185033,0.233272,-0.412139,-0.226656
2026-07-16 16:34:03.260,219.899790,0.000000,0.000000,0.000000,0.308736,-0.397671,-0.258681,0.111920,-0.372534,-0.258512,0.210328,-0.385103,-0.258596,0.181557,-0.415713,-0.233504,0.209416,-0.427173,-0.187246,0.233736,-0.422463,-0.228962
2026-07-16 16:34:03.360,219.999790,0.000000,0.000000,0.000000,0.308598,-0.394574,-0.257989,0.111781,-0.369436,-0.257820,0.210189,-0.382005,-0.257904,0.181418,-0.412616,-0.232812,0.208274,-0.424861,-0.186626,0.233351,-0.420338,-0.228306
2026-07-16 16:34:03.460,220.099790,0.000000,0.000000,0.000000,0.308459,-0.391477,-0.257297,0.111563,-0.367354,-0.257124,0.210011,-0.379416,-0.257211,0.181279,-0.409518,-0.232120,0.207347,-0.421574,-0.185913,0.233212,-0.417241,-0.227614
2026-07-16 16:34:03.560,220.199790,0.000000,0.000000,0.000000,0.308130,-0.392431,-0.257293,0.111563,-0.367354,-0.257124,0.209846,-0.379893,-0.257209,0.181279,-0.409518,-0.232120,0.206559,-0.421383,-0.185892,0.233212,-0.417241,-0.227614
2026-07-16 16:34:03.660,220.299790,0.000000,0.000000,0.000000,0.308366,-0.389412,-0.256835,0.111550,-0.364274,-0.256667,0.209958,-0.376843,-0.256751,0.181186,-0.407454,-0.231659,0.206678,-0.418341,-0.185337,0.233120,-0.415176,-0.227153
2026-07-16 16:34:03.760,220.399790,0.000000,0.000000,0.000000,0.308551,-0.393542,-0.257758,0.111666,-0.369469,-0.256747,0.210109,-0.381505,-0.257252,0.181372,-0.411583,-0.232582,0.205864,-0.423257,-0.186332,0.233561,-0.418382,-0.227219
2026-07-16 16:34:03.860,220.499790,0.000000,0.000000,0.000000,0.308829,-0.399736,-0.259142,0.112013,-0.374599,-0.258973,0.210421,-0.387167,-0.259057,0.180858,-0.417586,-0.233944,0.205354,-0.429261,-0.187694,0.233583,-0.425500,-0.229459
2026-07-16 16:34:03.960,220.599790,0.000000,0.000000,0.000000,0.308505,-0.392509,-0.257527,0.111689,-0.367372,-0.257359,0.210097,-0.379940,-0.257443,0.180534,-0.410359,-0.232329,0.205239,-0.421056,-0.185986,0.233381,-0.417787,-0.227827
2026-07-16 16:34:04.060,220.699790,0.000000,0.000000,0.000000,0.308366,-0.389412,-0.256835,0.111470,-0.365289,-0.256663,0.209918,-0.377351,-0.256749,0.180220,-0.408252,-0.231668,0.204311,-0.417768,-0.185273,0.233120,-0.415176,-0.227153
2026-07-16 16:34:04.160,220.799789,0.000000,0.000000,0.000000,0.308223,-0.394496,-0.257754,0.111655,-0.369419,-0.257586,0.209939,-0.381958,-0.257670,0.180395,-0.412333,-0.233403,0.204288,-0.422876,-0.186289,0.233305,-0.419306,-0.228076
2026-07-16 16:34:04.260,220.899789,0.000000,0.000000,0.000000,0.308551,-0.393542,-0.257758,0.111735,-0.368404,-0.257589,0.210143,-0.380973,-0.257674,0.179430,-0.413132,-0.233411,0.203085,-0.424642,-0.186455,0.233060,-0.420278,-0.228112
2026-07-16 16:34:04.360,220.999789,0.000000,0.000000,0.000000,0.308075,-0.376899,-0.274182,0.111145,-0.352839,-0.271297,0.209610,-0.364869,-0.272739,0.179270,-0.398170,-0.249573,0.203611,-0.410599,-0.202399,0.232978,-0.405244,-0.245031
2026-07-16 16:34:04.460,221.099789,0.000000,0.000000,0.000000,0.308174,-0.378943,-0.274727,0.111244,-0.354883,-0.271842,0.209709,-0.366913,-0.273285,0.179369,-0.400214,-0.250118,0.203710,-0.412642,-0.202944,0.233873,-0.407474,-0.245612
2026-07-16 16:34:04.560,221.199789,0.000000,0.000000,0.000000,0.308366,-0.389412,-0.256835,0.111560,-0.364324,-0.255826,0.209963,-0.376868,-0.256331,0.179245,-0.409003,-0.232488,0.202921,-0.420609,-0.183916,0.233916,-0.415369,-0.227175
2026-07-16 16:34:04.660,221.299789,0.000000,0.000000,0.000000,0.308505,-0.392509,-0.257527,0.111689,-0.367372,-0.257359,0.210097,-0.379940,-0.257443,0.179384,-0.412100,-0.233180,0.203287,-0.422824,-0.182894,0.234055,-0.418466,-0.227866
2026-07-16 16:34:04.760,221.399789,0.000000,0.000000,0.000000,0.308320,-0.388379,-0.256605,0.111424,-0.364257,-0.256432,0.209872,-0.376318,-0.256519,0.179209,-0.408018,-0.231446,0.203910,-0.418981,-0.180374,0.234116,-0.413364,-0.226908
2026-07-16 16:34:04.860,221.499789,0.000000,0.000000,0.000000,0.308787,-0.390522,-0.257300,0.111642,-0.366339,-0.257128,0.210215,-0.378431,-0.257214,0.180137,-0.411306,-0.232160,0.204069,-0.422175,-0.179447,0.234019,-0.417482,-0.226817
2026-07-16 16:34:04.960,221.599789,0.000000,0.000000,0.000000,0.308695,-0.382074,-0.275784,0.111367,-0.359985,-0.272970,0.210031,-0.371030,-0.274377,0.180562,-0.403662,-0.249556,0.204649,-0.418623,-0.196955,0.234885,-0.411831,-0.245924
2026-07-16 16:34:05.060,221.699789,0.000000,0.000000,0.000000,0.308459,-0.391477,-0.257297,0.111642,-0.366339,-0.257128,0.210051,-0.378908,-0.257212,0.181113,-0.410556,-0.231338,0.204110,-0.422368,-0.176210,0.235063,-0.416703,-0.226801
2026-07-16 16:34:05.160,221.799788,0.000000,0.000000,0.000000,0.308648,-0.387425,-0.256608,0.111583,-0.362227,-0.256439,0.210116,-0.374826,-0.256524,0.180974,-0.407459,-0.230646,0.204779,-0.419557,-0.173921,0.234935,-0.413654,-0.225289
2026-07-16 16:34:05.260,221.899788,0.000000,0.000000,0.000000,0.308412,-0.390444,-0.257066,0.111596,-0.365307,-0.256897,0.210004,-0.377876,-0.256982,0.181867,-0.409763,-0.230316,0.205468,-0.422885,-0.172896,0.235027,-0.415719,-0.225750
2026-07-16 16:34:05.360,221.999788,0.000000,0.000000,0.000000,0.308505,-0.392509,-0.257527,0.111689,-0.367372,-0.257359,0.210097,-0.379940,-0.257443,0.181959,-0.411828,-0.230777,0.205781,-0.424021,-0.172437,0.235120,-0.417784,-0.226211
2026-07-16 16:34:05.460,222.099788,0.000000,0.000000,0.000000,0.308787,-0.390522,-0.257300,0.111642,-0.366339,-0.257128,0.210215,-0.378431,-0.257214,0.182091,-0.409807,-0.230514,0.205756,-0.423085,-0.170588,0.235074,-0.416752,-0.225981
2026-07-16 16:34:05.560,222.199788,0.000000,0.000000,0.000000,0.308598,-0.394574,-0.257989,0.111702,-0.370451,-0.257816,0.210150,-0.382513,-0.257902,0.182842,-0.414084,-0.231260,0.206692,-0.426421,-0.170492,0.235213,-0.419849,-0.226673
2026-07-16 16:34:05.660,222.299788,0.000000,0.000000,0.000000,0.308646,-0.381052,-0.275512,0.111467,-0.356934,-0.272622,0.210056,-0.368993,-0.274067,0.183077,-0.402292,-0.248510,0.207342,-0.417999,-0.188583,0.235339,-0.408951,-0.244683
2026-07-16 16:34:05.760,222.399788,0.000000,0.000000,0.000000,0.308459,-0.391477,-0.257297,0.111642,-0.366339,-0.257128,0.210051,-0.378908,-0.257212,0.182703,-0.410987,-0.230568,0.206871,-0.421860,-0.169627,0.235074,-0.416752,-0.225981
2026-07-16 16:34:05.860,222.499788,0.000000,0.000000,0.000000,0.308174,-0.378943,-0.274727,0.111244,-0.354883,-0.271842,0.209709,-0.366913,-0.273285,0.182929,-0.399227,-0.247692,0.207402,-0.413962,-0.187611,0.235191,-0.405885,-0.243865
2026-07-16 16:34:05.960,222.599788,0.000000,0.000000,0.000000,0.308602,-0.386393,-0.256378,0.111378,-0.363225,-0.256202,0.209990,-0.374809,-0.256290,0.182697,-0.405868,-0.229613,0.206579,-0.418218,-0.168762,0.235136,-0.411650,-0.225020
2026-07-16 16:34:06.060,222.699788,0.000000,0.000000,0.000000,0.308412,-0.390444,-0.257066,0.111607,-0.365357,-0.256057,0.210010,-0.377901,-0.256562,0.181867,-0.409763,-0.230316,0.206729,-0.421364,-0.168643,0.235275,-0.414748,-0.225712
2026-07-16 16:34:06.160,222.799788,0.000000,0.000000,0.000000,0.309065,-0.396717,-0.258684,0.111841,-0.373549,-0.258508,0.210453,-0.385133,-0.258596,0.182369,-0.416001,-0.231898,0.206841,-0.429567,-0.170374,0.235352,-0.422946,-0.227364
2026-07-16 16:34:06.260,222.899787,0.000000,0.000000,0.000000,0.308833,-0.391555,-0.257531,0.111689,-0.367372,-0.257359,0.210261,-0.379463,-0.257445,0.182137,-0.410839,-0.230745,0.206609,-0.424405,-0.169221,0.235120,-0.417784,-0.226211
2026-07-16 16:34:06.360,222.999787,0.000000,0.000000,0.000000,0.308787,-0.390522,-0.257300,0.111642,-0.366339,-0.257128,0.210215,-0.378431,-0.257214,0.181923,-0.410844,-0.229734,0.206553,-0.423324,-0.169800,0.235074,-0.416752,-0.225981
2026-07-16 16:34:06.460,223.099787,0.000000,0.000000,0.000000,0.308505,-0.392509,-0.257527,0.111689,-0.367372,-0.257359,0.210097,-0.379940,-0.257443,0.181959,-0.411828,-0.230777,0.205812,-0.424166,-0.170009,0.235244,-0.417298,-0.226192
2026-07-16 16:34:06.560,223.199787,0.000000,0.000000,0.000000,0.308648,-0.387425,-0.256608,0.111503,-0.363242,-0.256436,0.210076,-0.375334,-0.256522,0.181774,-0.407698,-0.229855,0.205627,-0.420036,-0.169087,0.234935,-0.413654,-0.225289
2026-07-16 16:34:06.660,223.299787,0.000000,0.000000,0.000000,0.308505,-0.392509,-0.257527,0.111609,-0.368387,-0.257355,0.210057,-0.380448,-0.257441,0.181959,-0.411828,-0.230777,0.205812,-0.424166,-0.170009,0.235120,-0.417784,-0.226211
2026-07-16 16:34:06.760,223.399787,0.000000,0.000000,0.000000,0.308972,-0.394652,-0.258223,0.111748,-0.371484,-0.258047,0.210360,-0.383068,-0.258135,0.181308,-0.414734,-0.231448,0.205951,-0.427263,-0.170701,0.235259,-0.420881,-0.226903
2026-07-16 16:34:06.860,223.499787,0.000000,0.000000,0.000000,0.308130,-0.392431,-0.257293,0.111642,-0.366339,-0.257128,0.209886,-0.379385,-0.257210,0.181123,-0.410605,-0.230525,0.205766,-0.423134,-0.169778,0.235074,-0.416752,-0.225981
2026-07-16 16:34:06.960,223.599787,0.000000,0.000000,0.000000,0.308736,-0.397671,-0.258681,0.112000,-0.371519,-0.258515,0.210368,-0.384595,-0.258598,0.181401,-0.416799,-0.231909,0.205622,-0.431281,-0.171393,0.235352,-0.422946,-0.227364
2026-07-16 16:34:07.060,223.699787,0.000000,0.000000,0.000000,0.308459,-0.391477,-0.257297,0.111563,-0.367354,-0.257124,0.210011,-0.379416,-0.257211,0.181123,-0.410605,-0.230525,0.204969,-0.422895,-0.170566,0.234826,-0.417724,-0.226019
2026-07-16 16:34:07.160,223.799787,0.000000,0.000000,0.000000,0.308459,-0.391477,-0.257297,0.111642,-0.366339,-0.257128,0.210051,-0.378908,-0.257212,0.181123,-0.410605,-0.230525,0.204969,-0.422895,-0.170566,0.235747,-0.417430,-0.226021
2026-07-16 16:34:07.260,223.899786,0.000000,0.000000,0.000000,0.309065,-0.396717,-0.258684,0.111920,-0.372534,-0.258512,0.210493,-0.384625,-0.258598,0.181401,-0.416799,-0.231909,0.205247,-0.429090,-0.171950,0.235352,-0.422946,-0.227364
2026-07-16 16:34:07.360,223.999786,0.000000,0.000000,0.000000,0.308520,-0.386095,-0.276635,0.111590,-0.362036,-0.273750,0.210055,-0.374065,-0.275193,0.181519,-0.406995,-0.249600,0.205947,-0.421635,-0.190408,0.236092,-0.414196,-0.245886
2026-07-16 16:34:07.460,224.099786,0.000000,0.000000,0.000000,0.308551,-0.393542,-0.257758,0.111655,-0.369419,-0.257586,0.210103,-0.381480,-0.257672,0.181216,-0.412669,-0.230987,0.205061,-0.424960,-0.171028,0.235166,-0.418817,-0.226442
2026-07-16 16:34:07.560,224.199786,0.000000,0.000000,0.000000,0.308695,-0.388458,-0.256839,0.111550,-0.364274,-0.256667,0.210122,-0.376366,-0.256753,0.180240,-0.408349,-0.230043,0.204886,-0.420879,-0.169296,0.235530,-0.415851,-0.225579
2026-07-16 16:34:07.660,224.299786,0.000000,0.000000,0.000000,0.308880,-0.392587,-0.257762,0.111655,-0.369419,-0.257586,0.210268,-0.381003,-0.257674,0.180426,-0.412478,-0.230965,0.205061,-0.424960,-0.171028,0.235166,-0.418817,-0.226442
2026-07-16 16:34:07.760,224.399786,0.000000,0.000000,0.000000,0.308459,-0.391477,-0.257297,0.111653,-0.366389,-0.256288,0.210056,-0.378933,-0.256792,0.180333,-0.410414,-0.230504,0.204192,-0.422753,-0.169736,0.235074,-0.416752,-0.225981
2026-07-16 16:34:07.860,224.499786,0.000000,0.000000,0.000000,0.308787,-0.390522,-0.257300,0.111642,-0.366339,-0.257128,0.210215,-0.378431,-0.257214,0.180333,-0.410414,-0.230504,0.204192,-0.422753,-0.169736,0.235074,-0.416752,-0.225981
2026-07-16 16:34:07.960,224.599786,0.000000,0.000000,0.000000,0.308833,-0.391555,-0.257531,0.111609,-0.368387,-0.257355,0.210221,-0.379971,-0.257443,0.180379,-0.411446,-0.230735,0.204447,-0.422809,-0.169851,0.235120,-0.417784,-0.226211
2026-07-16 16:34:08.060,224.699786,0.000000,0.000000,0.000000,0.308459,-0.391477,-0.257297,0.111642,-0.366339,-0.257128,0.210051,-0.378908,-0.257212,0.180333,-0.410414,-0.230504,0.204192,-0.422753,-0.169736,0.235074,-0.416752,-0.225981
2026-07-16 16:34:08.160,224.799786,0.000000,0.000000,0.000000,0.308598,-0.394574,-0.257989,0.111702,-0.370451,-0.257816,0.210150,-0.382513,-0.257902,0.180472,-0.413511,-0.231196,0.204331,-0.425850,-0.170428,0.235213,-0.419849,-0.226673
2026-07-16 16:34:08.260,224.899786,0.000000,0.000000,0.000000,0.308551,-0.393542,-0.257758,0.111655,-0.369419,-0.257586,0.210103,-0.381480,-0.257672,0.180426,-0.412478,-0.230965,0.204494,-0.423841,-0.170082,0.234919,-0.419788,-0.226480
2026-07-16 16:34:08.360,224.999785,0.000000,0.000000,0.000000,0.308459,-0.391477,-0.257297,0.111483,-0.368369,-0.257121,0.209971,-0.379923,-0.257209,0.180333,-0.410414,-0.230504,0.204192,-0.422753,-0.169736,0.235074,-0.416752,-0.225981
2026-07-16 16:34:08.460,225.099785,0.000000,0.000000,0.000000,0.308644,-0.395606,-0.258219,0.111918,-0.369504,-0.257213,0.210281,-0.382555,-0.257716,0.180518,-0.414543,-0.231427,0.204377,-0.426883,-0.170658,0.235259,-0.420881,-0.226903
2026-07-16 16:34:08.560,225.199785,0.000000,0.000000,0.000000,0.308412,-0.390444,-0.257066,0.111596,-0.365307,-0.256897,0.210004,-0.377876,-0.256982,0.180287,-0.409381,-0.230273,0.204146,-0.421721,-0.169505,0.235027,-0.415719,-0.225750
2026-07-16 16:34:08.660,225.299785,0.000000,0.000000,0.000000,0.308695,-0.388458,-0.256839,0.111550,-0.364274,-0.256667,0.210122,-0.376366,-0.256753,0.180240,-0.408349,-0.230043,0.204100,-0.420688,-0.169275,0.234981,-0.414687,-0.225519
2026-07-16 16:34:08.760,225.399785,0.000000,0.000000,0.000000,0.308741,-0.389490,-0.257070,0.111517,-0.366322,-0.256894,0.210129,-0.377906,-0.256982,0.180287,-0.409381,-0.230273,0.204146,-0.421721,-0.169505,0.235027,-0.415719,-0.225750
2026-07-16 16:34:08.860,225.499785,0.000000,0.000000,0.000000,0.308690,-0.396639,-0.258450,0.111874,-0.371501,-0.258281,0.210282,-0.384070,-0.258365,0.180565,-0.415576,-0.231657,0.204632,-0.426938,-0.170773,0.235305,-0.421914,-0.227134
2026-07-16 16:34:08.960,225.599785,0.000000,0.000000,0.000000,0.308362,-0.397593,-0.258446,0.111794,-0.372516,-0.258278,0.210078,-0.385055,-0.258362,0.180565,-0.415576,-0.231657,0.204424,-0.427915,-0.170889,0.235305,-0.421914,-0.227134
2026-07-16 16:34:09.060,225.699785,0.000000,0.000000,0.000000,0.308505,-0.392509,-0.257527,0.111689,-0.367372,-0.257359,0.210097,-0.379940,-0.257443,0.180379,-0.411446,-0.230735,0.204238,-0.423785,-0.169966,0.235120,-0.417784,-0.226211
2026-07-16 16:34:09.160,225.799785,0.000000,0.000000,0.000000,0.308926,-0.393620,-0.257992,0.111702,-0.370451,-0.257816,0.210314,-0.382036,-0.257904,0.180472,-0.413511,-0.231196,0.204331,-0.425850,-0.170428,0.234965,-0.420821,-0.226711
2026-07-16 16:34:09.260,225.899785,0.000000,0.000000,0.000000,0.308926,-0.393620,-0.257992,0.111792,-0.369486,-0.256980,0.210359,-0.381553,-0.257486,0.180472,-0.413511,-0.231196,0.204341,-0.425898,-0.169618,0.235213,-0.419849,-0.226673
2026-07-16 16:34:09.360,225.999784,0.000000,0.000000,0.000000,0.308644,-0.395606,-0.258219,0.111748,-0.371484,-0.258047,0.210196,-0.383545,-0.258133,0.180518,-0.414543,-0.231427,0.204377,-0.426883,-0.170658,0.235259,-0.420881,-0.226903
2026-07-16 16:34:09.460,226.099784,0.000000,0.000000,0.000000,0.308038,-0.390366,-0.256832,0.111550,-0.364274,-0.256667,0.209794,-0.377320,-0.256749,0.180240,-0.408349,-0.230043,0.204319,-0.419760,-0.168349,0.234981,-0.414687,-0.225519
2026-07-16 16:34:09.560,226.199784,0.000000,0.000000,0.000000,0.308509,-0.384328,-0.255916,0.111364,-0.360145,-0.255744,0.209937,-0.372236,-0.255830,0.180055,-0.404219,-0.229120,0.203925,-0.416607,-0.167543,0.234796,-0.410557,-0.224597
2026-07-16 16:34:09.660,226.299784,0.000000,0.000000,0.000000,0.308926,-0.393620,-0.257992,0.111702,-0.370451,-0.257816,0.210314,-0.382036,-0.257904,0.180472,-0.413511,-0.231196,0.204550,-0.424922,-0.169502,0.235213,-0.419849,-0.226673
2026-07-16 16:34:09.760,226.399784,0.000000,0.000000,0.000000,0.308551,-0.393542,-0.257758,0.111655,-0.369419,-0.257586,0.210103,-0.381480,-0.257672,0.180426,-0.412478,-0.230965,0.203716,-0.423699,-0.169250,0.235166,-0.418817,-0.226442
2026-07-16 16:34:09.860,226.499784,0.000000,0.000000,0.000000,0.308320,-0.388379,-0.256605,0.111424,-0.364257,-0.256432,0.209872,-0.376318,-0.256519,0.180194,-0.407316,-0.229812,0.203484,-0.418537,-0.168097,0.234935,-0.413654,-0.225289
2026-07-16 16:34:09.960,226.599784,0.000000,0.000000,0.000000,0.308551,-0.393542,-0.257758,0.111735,-0.368404,-0.257589,0.210143,-0.380973,-0.257674,0.180426,-0.412478,-0.230965,0.203508,-0.424676,-0.169367,0.235166,-0.418817,-0.226442
2026-07-16 16:34:10.060,226.699784,0.000000,0.000000,0.000000,0.308741,-0.389490,-0.257070,0.111596,-0.365307,-0.256897,0.210168,-0.377398,-0.256983,0.180287,-0.409381,-0.230273,0.203577,-0.420601,-0.168558,0.234780,-0.416691,-0.225788
2026-07-16 16:34:10.160,226.799784,0.000000,0.000000,0.000000,0.307976,-0.374855,-0.273637,0.111064,-0.350880,-0.269914,0.209520,-0.362868,-0.271776,0.180184,-0.395569,-0.246565,0.204067,-0.409215,-0.185569,0.234750,-0.402769,-0.242851
2026-07-16 16:34:10.260,226.899784,0.000000,0.000000,0.000000,0.308646,-0.381052,-0.275512,0.111392,-0.357948,-0.272660,0.210019,-0.369500,-0.274086,0.180530,-0.402722,-0.248473,0.204413,-0.416368,-0.187477,0.235096,-0.409921,-0.244759
2026-07-16 16:34:10.360,226.999784,0.000000,0.000000,0.000000,0.308787,-0.390522,-0.257300,0.111563,-0.367354,-0.257124,0.210175,-0.378938,-0.257212,0.180333,-0.410414,-0.230504,0.203623,-0.421634,-0.168789,0.235623,-0.417916,-0.226041
2026-07-16 16:34:10.460,227.099783,0.000000,0.000000,0.000000,0.308598,-0.394574,-0.257989,0.111702,-0.370451,-0.257816,0.210150,-0.382513,-0.257902,0.180472,-0.413511,-0.231196,0.203554,-0.425708,-0.169597,0.234965,-0.420821,-0.226711
2026-07-16 16:34:10.560,227.199783,0.000000,0.000000,0.000000,0.308412,-0.390444,-0.257066,0.111517,-0.366322,-0.256894,0.209964,-0.378383,-0.256980,0.180287,-0.409381,-0.230273,0.203577,-0.420601,-0.168558,0.235027,-0.415719,-0.225750
2026-07-16 16:34:10.660,227.299783,0.000000,0.000000,0.000000,0.308366,-0.389412,-0.256835,0.111481,-0.365339,-0.255824,0.209923,-0.377376,-0.256330,0.180240,-0.408349,-0.230043,0.203323,-0.420546,-0.168444,0.234734,-0.415659,-0.225558
2026-07-16 16:34:10.760,227.399783,0.000000,0.000000,0.000000,0.308181,-0.385282,-0.255913,0.111285,-0.361160,-0.255741,0.209733,-0.373221,-0.255827,0.180055,-0.404219,-0.229120,0.203335,-0.415391,-0.168215,0.235345,-0.411722,-0.224657
2026-07-16 16:34:10.860,227.499783,0.000000,0.000000,0.000000,0.308505,-0.392509,-0.257527,0.111609,-0.368387,-0.257355,0.210057,-0.380448,-0.257441,0.180204,-0.412435,-0.230767,0.203659,-0.422618,-0.169830,0.235918,-0.417977,-0.226233
2026-07-16 16:34:10.960,227.599783,0.000000,0.000000,0.000000,0.308320,-0.388379,-0.256605,0.111503,-0.363242,-0.256436,0.209912,-0.375811,-0.256520,0.180019,-0.408306,-0.229845,0.203682,-0.417511,-0.168791,0.235732,-0.413847,-0.225310
2026-07-16 16:34:11.060,227.699783,0.000000,0.000000,0.000000,0.308926,-0.393620,-0.257992,0.111781,-0.369436,-0.257820,0.210354,-0.381528,-0.257906,0.180472,-0.413511,-0.231196,0.203752,-0.424683,-0.170291,0.235762,-0.421013,-0.226732
2026-07-16 16:34:11.160,227.799783,0.000000,0.000000,0.000000,0.308366,-0.389412,-0.256835,0.111709,-0.362244,-0.256674,0.210037,-0.375828,-0.256755,0.180065,-0.409338,-0.230075,0.203313,-0.420498,-0.169253,0.235530,-0.415851,-0.225579
2026-07-16 16:34:11.260,227.899783,0.000000,0.000000,0.000000,0.308787,-0.390522,-0.257300,0.111642,-0.366339,-0.257128,0.210215,-0.378431,-0.257214,0.180147,-0.411355,-0.231348,0.203821,-0.420609,-0.169483,0.235623,-0.417916,-0.226041
2026-07-16 16:34:11.360,227.999783,0.000000,0.000000,0.000000,0.308084,-0.391399,-0.257062,0.111517,-0.366322,-0.256894,0.209800,-0.378860,-0.256978,0.179486,-0.409142,-0.231065,0.203359,-0.421530,-0.169484,0.235576,-0.416884,-0.225810
2026-07-16 16:34:11.460,228.099782,0.000000,0.000000,0.000000,0.308412,-0.390444,-0.257066,0.111596,-0.365307,-0.256897,0.210004,-0.377876,-0.256982,0.179486,-0.409142,-0.231065,0.204355,-0.420744,-0.169390,0.235576,-0.416884,-0.225810
2026-07-16 16:34:11.560,228.199782,0.000000,0.000000,0.000000,0.308269,-0.395528,-0.257985,0.111781,-0.369436,-0.257820,0.210025,-0.382482,-0.257902,0.180286,-0.414452,-0.232040,0.203752,-0.424683,-0.170291,0.235762,-0.421013,-0.226732
2026-07-16 16:34:11.660,228.299782,0.000000,0.000000,0.000000,0.307949,-0.381942,-0.275306,0.111343,-0.356927,-0.272387,0.209646,-0.369434,-0.273846,0.179520,-0.402503,-0.248237,0.204142,-0.416237,-0.188167,0.235844,-0.409087,-0.244523
2026-07-16 16:34:11.760,228.399782,0.000000,0.000000,0.000000,0.308505,-0.392509,-0.257527,0.111609,-0.368387,-0.257355,0.210057,-0.380448,-0.257441,0.179579,-0.411206,-0.231526,0.203452,-0.423595,-0.169945,0.235669,-0.418949,-0.226271
2026-07-16 16:34:11.860,228.499782,0.000000,0.000000,0.000000,0.308448,-0.376965,-0.274422,0.111269,-0.352846,-0.271531,0.209858,-0.364906,-0.272976,0.179524,-0.398367,-0.248157,0.204198,-0.412199,-0.187195,0.235696,-0.406021,-0.243705
2026-07-16 16:34:11.960,228.599782,0.000000,0.000000,0.000000,0.308174,-0.378943,-0.274727,0.111169,-0.355898,-0.271880,0.209672,-0.367420,-0.273304,0.179574,-0.399389,-0.248429,0.204247,-0.413221,-0.187467,0.235745,-0.407043,-0.243978
2026-07-16 16:34:12.060,228.699782,0.000000,0.000000,0.000000,0.308505,-0.392509,-0.257527,0.111689,-0.367372,-0.257359,0.210097,-0.379940,-0.257443,0.179579,-0.411206,-0.231526,0.203659,-0.422618,-0.169830,0.235421,-0.419920,-0.226309
2026-07-16 16:34:12.160,228.799782,0.000000,0.000000,0.000000,0.308690,-0.396639,-0.258450,0.111794,-0.372516,-0.258278,0.210242,-0.384578,-0.258364,0.179764,-0.415336,-0.232448,0.203844,-0.426748,-0.170752,0.235854,-0.423078,-0.227194
2026-07-16 16:34:12.260,228.899782,0.000000,0.000000,0.000000,0.308038,-0.390366,-0.256832,0.111470,-0.365289,-0.256663,0.209754,-0.377828,-0.256747,0.179440,-0.408109,-0.230834,0.203520,-0.419521,-0.169138,0.235530,-0.415851,-0.225579
2026-07-16 16:34:12.360,228.999782,0.000000,0.000000,0.000000,0.308459,-0.391477,-0.257297,0.111653,-0.366389,-0.256288,0.210056,-0.378933,-0.256792,0.179445,-0.410669,-0.231311,0.203623,-0.421634,-0.168789,0.235374,-0.418888,-0.226079
2026-07-16 16:34:12.460,229.099782,0.000000,0.000000,0.000000,0.308176,-0.393464,-0.257524,0.111689,-0.367372,-0.257359,0.209933,-0.380418,-0.257441,0.179579,-0.411206,-0.231526,0.203462,-0.423643,-0.169136,0.235669,-0.418949,-0.226271
2026-07-16 16:34:12.560,229.199781,0.000000,0.000000,0.000000,0.308075,-0.376899,-0.274182,0.111145,-0.352839,-0.271297,0.209610,-0.364869,-0.272739,0.179475,-0.397345,-0.247884,0.204166,-0.411259,-0.186114,0.235646,-0.405000,-0.243433
2026-07-16 16:34:12.660,229.299781,0.000000,0.000000,0.000000,0.308322,-0.382008,-0.275545,0.111318,-0.358963,-0.272698,0.209820,-0.370485,-0.274121,0.179722,-0.402454,-0.249247,0.204617,-0.415396,-0.187322,0.235650,-0.411079,-0.244872
2026-07-16 16:34:12.760,229.399781,0.000000,0.000000,0.000000,0.308787,-0.390522,-0.257300,0.111563,-0.367354,-0.257124,0.210175,-0.378938,-0.257212,0.179358,-0.411164,-0.231327,0.203426,-0.422659,-0.168096,0.235374,-0.418888,-0.226079
2026-07-16 16:34:12.860,229.499781,0.000000,0.000000,0.000000,0.308787,-0.390522,-0.257300,0.111563,-0.367354,-0.257124,0.210175,-0.378938,-0.257212,0.179533,-0.410174,-0.231295,0.203633,-0.421682,-0.167978,0.235623,-0.417916,-0.226041
2026-07-16 16:34:12.960,229.599781,0.000000,0.000000,0.000000,0.308366,-0.389412,-0.256835,0.111470,-0.365289,-0.256663,0.209918,-0.377351,-0.256749,0.179266,-0.409099,-0.230865,0.203541,-0.419617,-0.167517,0.235282,-0.416823,-0.225618
2026-07-16 16:34:13.060,229.699781,0.000000,0.000000,0.000000,0.308505,-0.392509,-0.257527,0.111609,-0.368387,-0.257355,0.210057,-0.380448,-0.257441,0.179579,-0.411206,-0.231526,0.203680,-0.422715,-0.168209,0.235669,-0.418949,-0.226271
2026-07-16 16:34:13.160,229.799781,0.000000,0.000000,0.000000,0.293242,-0.403857,-0.263347,0.097268,-0.373190,-0.261427,0.195255,-0.388524,-0.262387,0.163778,-0.419467,-0.235660,0.188410,-0.430207,-0.173269,0.219811,-0.428073,-0.231683
2026-07-16 16:34:13.260,229.899781,0.000000,0.000000,0.000000,0.308366,-0.389412,-0.256835,0.111550,-0.364274,-0.256667,0.209958,-0.376843,-0.256751,0.179440,-0.408109,-0.230834,0.203749,-0.418640,-0.167399,0.235530,-0.415851,-0.225579
2026-07-16 16:34:13.360,229.999781,0.000000,0.000000,0.000000,0.308174,-0.378943,-0.274727,0.111169,-0.355898,-0.271880,0.209672,-0.367420,-0.273304,0.179591,-0.399471,-0.247620,0.204282,-0.413384,-0.185852,0.235745,-0.407043,-0.243978
2026-07-16 16:34:13.460,230.099781,0.000000,0.000000,0.000000,0.308273,-0.380986,-0.275273,0.111343,-0.356927,-0.272387,0.209808,-0.368956,-0.273830,0.179690,-0.401515,-0.248165,0.204603,-0.414538,-0.185432,0.235844,-0.409087,-0.244523
2026-07-16 16:34:13.560,230.199780,0.000000,0.000000,0.000000,0.308459,-0.391477,-0.257297,0.111642,-0.366339,-0.257128,0.210051,-0.378908,-0.257212,0.179543,-0.410222,-0.230483,0.203851,-0.420754,-0.167049,0.235498,-0.418402,-0.226060
2026-07-16 16:34:13.660,230.299780,0.000000,0.000000,0.000000,0.308273,-0.387347,-0.256374,0.111378,-0.363225,-0.256202,0.209825,-0.375286,-0.256288,0.179358,-0.406093,-0.229560,0.203666,-0.416624,-0.166126,0.235438,-0.413787,-0.225118
2026-07-16 16:34:13.760,230.399780,0.000000,0.000000,0.000000,0.308459,-0.391477,-0.257297,0.111642,-0.366339,-0.257128,0.210051,-0.378908,-0.257212,0.179543,-0.410222,-0.230483,0.204059,-0.419777,-0.166930,0.235623,-0.417916,-0.226041
2026-07-16 16:34:13.860,230.499780,0.000000,0.000000,0.000000,0.308736,-0.397671,-0.258681,0.111931,-0.372584,-0.257672,0.210334,-0.385128,-0.258176,0.179821,-0.416417,-0.231866,0.205127,-0.426162,-0.168335,0.235901,-0.424111,-0.227424
2026-07-16 16:34:13.960,230.599780,0.000000,0.000000,0.000000,0.308227,-0.386315,-0.256144,0.111331,-0.362192,-0.255971,0.209779,-0.374253,-0.256057,0.179926,-0.406241,-0.229383,0.204628,-0.414854,-0.164986,0.235391,-0.412754,-0.224887
2026-07-16 16:34:14.060,230.699780,0.000000,0.000000,0.000000,0.308322,-0.382008,-0.275545,0.111318,-0.358963,-0.272698,0.209820,-0.370485,-0.274121,0.180530,-0.402722,-0.248473,0.205255,-0.416799,-0.185091,0.235894,-0.410109,-0.244796
2026-07-16 16:34:14.160,230.799780,0.000000,0.000000,0.000000,0.308366,-0.389412,-0.256835,0.111470,-0.365289,-0.256663,0.209918,-0.377351,-0.256749,0.180065,-0.409338,-0.230075,0.204568,-0.418976,-0.164986,0.235530,-0.415851,-0.225579
2026-07-16 16:34:14.260,230.899780,0.000000,0.000000,0.000000,0.308551,-0.393542,-0.257758,0.111655,-0.369419,-0.257586,0.210103,-0.381480,-0.257672,0.180426,-0.412478,-0.230965,0.204545,-0.424082,-0.166030,0.235964,-0.419010,-0.226463
2026-07-16 16:34:14.360,230.999780,0.000000,0.000000,0.000000,0.308459,-0.391477,-0.257297,0.111642,-0.366339,-0.257128,0.210051,-0.378908,-0.257212,0.180157,-0.411403,-0.230537,0.204671,-0.421089,-0.164636,0.235871,-0.416945,-0.226002
2026-07-16 16:34:14.460,231.099780,0.000000,0.000000,0.000000,0.308459,-0.391477,-0.257297,0.111563,-0.367354,-0.257124,0.210011,-0.379416,-0.257211,0.180157,-0.411403,-0.230537,0.204682,-0.421138,-0.163824,0.235871,-0.416945,-0.226002
2026-07-16 16:34:14.560,231.199780,0.000000,0.000000,0.000000,0.308551,-0.393542,-0.257758,0.111814,-0.367389,-0.257593,0.210183,-0.380465,-0.257675,0.180426,-0.412478,-0.230965,0.203788,-0.424037,-0.163577,0.235840,-0.419495,-0.226483
2026-07-16 16:34:14.660,231.299779,0.000000,0.000000,0.000000,0.308880,-0.392587,-0.257762,0.111735,-0.368404,-0.257589,0.210307,-0.380496,-0.257675,0.180436,-0.412527,-0.230153,0.203798,-0.424085,-0.162767,0.235964,-0.419010,-0.226463
2026-07-16 16:34:14.760,231.399779,0.000000,0.000000,0.000000,0.308025,-0.375877,-0.273910,0.111095,-0.351817,-0.271024,0.209560,-0.363847,-0.272467,0.180870,-0.397847,-0.246137,0.204275,-0.410973,-0.178574,0.235841,-0.403007,-0.243084
2026-07-16 16:34:14.860,231.499779,0.000000,0.000000,0.000000,0.308459,-0.391477,-0.257297,0.111642,-0.366339,-0.257128,0.210051,-0.378908,-0.257212,0.181133,-0.410653,-0.229713,0.203528,-0.423141,-0.160003,0.235871,-0.416945,-0.226002
2026-07-16 16:34:14.960,231.599779,0.000000,0.000000,0.000000,0.308695,-0.388458,-0.256839,0.111470,-0.365289,-0.256663,0.210082,-0.376874,-0.256751,0.181041,-0.408588,-0.229252,0.203446,-0.421124,-0.158733,0.235779,-0.414880,-0.225541
2026-07-16 16:34:15.060,231.699779,0.000000,0.000000,0.000000,0.308454,-0.399658,-0.258908,0.111967,-0.373566,-0.258742,0.210210,-0.386612,-0.258825,0.181458,-0.417880,-0.231327,0.203655,-0.431392,-0.160938,0.236195,-0.424172,-0.227617
2026-07-16 16:34:15.160,231.799779,0.000000,0.000000,0.000000,0.308926,-0.393620,-0.257992,0.111781,-0.369436,-0.257820,0.210354,-0.381528,-0.257906,0.181272,-0.413750,-0.230405,0.203688,-0.426335,-0.159077,0.236269,-0.419119,-0.225834
2026-07-16 16:34:15.260,231.899779,0.000000,0.000000,0.000000,0.308497,-0.377987,-0.274694,0.111244,-0.354883,-0.271842,0.209871,-0.366435,-0.273268,0.181208,-0.400006,-0.246072,0.203925,-0.413291,-0.175147,0.236251,-0.405185,-0.243006
2026-07-16 16:34:15.360,231.999779,0.000000,0.000000,0.000000,0.308273,-0.387347,-0.256374,0.111457,-0.362210,-0.256205,0.209865,-0.374778,-0.256290,0.180958,-0.406572,-0.227978,0.202794,-0.417989,-0.156499,0.235945,-0.411892,-0.224220
2026-07-16 16:34:15.460,232.099779,0.000000,0.000000,0.000000,0.309111,-0.397749,-0.258915,0.111887,-0.374581,-0.258739,0.210499,-0.386165,-0.258827,0.181468,-0.417928,-0.230515,0.203727,-0.427441,-0.157959,0.236454,-0.423249,-0.226757
2026-07-16 16:34:15.560,232.199779,0.000000,0.000000,0.000000,0.308273,-0.387347,-0.256374,0.111457,-0.362210,-0.256205,0.209865,-0.374778,-0.256290,0.180958,-0.406572,-0.227978,0.202212,-0.416822,-0.156346,0.235696,-0.412864,-0.224259
2026-07-16 16:34:15.660,232.299778,0.000000,0.000000,0.000000,0.308690,-0.396639,-0.258450,0.111794,-0.372516,-0.258278,0.210242,-0.384578,-0.258364,0.181199,-0.416853,-0.230088,0.202628,-0.426114,-0.158422,0.236362,-0.421184,-0.226296
2026-07-16 16:34:15.760,232.399778,0.000000,0.000000,0.000000,0.308322,-0.382008,-0.275545,0.111392,-0.357948,-0.272660,0.209857,-0.369978,-0.274102,0.181357,-0.403072,-0.246890,0.203047,-0.416979,-0.177715,0.236400,-0.408251,-0.243824
2026-07-16 16:34:15.860,232.499778,0.000000,0.000000,0.000000,0.308273,-0.387347,-0.256374,0.111457,-0.362210,-0.256205,0.209865,-0.374778,-0.256290,0.180948,-0.406523,-0.228790,0.201975,-0.417654,-0.158909,0.235696,-0.412864,-0.224259
2026-07-16 16:34:15.960,232.599778,0.000000,0.000000,0.000000,0.308695,-0.388458,-0.256839,0.111550,-0.364274,-0.256667,0.210122,-0.376366,-0.256753,0.181041,-0.408588,-0.229252,0.202047,-0.419622,-0.160991,0.235789,-0.414929,-0.224721
2026-07-16 16:34:16.060,232.699778,0.000000,0.000000,0.000000,0.308412,-0.390444,-0.257066,0.111527,-0.366372,-0.256055,0.209970,-0.378408,-0.256560,0.180121,-0.410419,-0.229494,0.201857,-0.421487,-0.163776,0.235835,-0.415961,-0.224951
2026-07-16 16:34:16.160,232.799778,0.000000,0.000000,0.000000,0.308038,-0.390366,-0.256832,0.111550,-0.364274,-0.256667,0.209794,-0.377320,-0.256749,0.180065,-0.409338,-0.230075,0.201996,-0.419381,-0.165043,0.235541,-0.415900,-0.224760
2026-07-16 16:34:16.260,232.899778,0.000000,0.000000,0.000000,0.308505,-0.392509,-0.257527,0.111689,-0.367372,-0.257359,0.210097,-0.379940,-0.257443,0.179589,-0.411255,-0.230713,0.201693,-0.424288,-0.168402,0.235421,-0.419920,-0.226309
2026-07-16 16:34:16.360,232.999778,0.000000,0.000000,0.000000,0.308598,-0.394574,-0.257989,0.111781,-0.369436,-0.257820,0.210189,-0.382005,-0.257904,0.179497,-0.414261,-0.232019,0.201755,-0.426209,-0.171288,0.235265,-0.422956,-0.226809
2026-07-16 16:34:16.460,233.099778,0.000000,0.000000,0.000000,0.308926,-0.393620,-0.257992,0.111781,-0.369436,-0.257820,0.210354,-0.381528,-0.257906,0.178708,-0.414070,-0.231997,0.201940,-0.425135,-0.172792,0.234718,-0.421792,-0.226749
2026-07-16 16:34:16.560,233.199778,0.000000,0.000000,0.000000,0.308459,-0.391477,-0.257297,0.111563,-0.367354,-0.257124,0.210011,-0.379416,-0.257211,0.178569,-0.410973,-0.231305,0.202371,-0.423157,-0.173042,0.234331,-0.419667,-0.226096
2026-07-16 16:34:16.660,233.299778,0.000000,0.000000,0.000000,0.308833,-0.391555,-0.257531,0.111609,-0.368387,-0.257355,0.210221,-0.379971,-0.257443,0.178605,-0.411957,-0.232347,0.202613,-0.423164,-0.173970,0.234378,-0.420699,-0.226326
2026-07-16 16:34:16.760,233.399777,0.000000,0.000000,0.000000,0.308273,-0.387347,-0.256374,0.111378,-0.363225,-0.256202,0.209825,-0.375286,-0.256288,0.178374,-0.406795,-0.231194,0.202372,-0.417954,-0.173626,0.234136,-0.415489,-0.225990
2026-07-16 16:34:16.860,233.499777,0.000000,0.000000,0.000000,0.308412,-0.390444,-0.257066,0.111527,-0.366372,-0.256055,0.209970,-0.378408,-0.256560,0.178513,-0.409892,-0.231886,0.202304,-0.422029,-0.174427,0.234275,-0.418586,-0.226682
2026-07-16 16:34:16.960,233.599777,0.000000,0.000000,0.000000,0.308459,-0.391477,-0.257297,0.111573,-0.367404,-0.256285,0.210016,-0.379441,-0.256791,0.178559,-0.410925,-0.232117,0.202340,-0.423013,-0.175466,0.234331,-0.419667,-0.226096
2026-07-16 16:34:17.060,233.699777,0.000000,0.000000,0.000000,0.308192,-0.379030,-0.273866,0.111244,-0.354883,-0.271842,0.209718,-0.366956,-0.272854,0.178614,-0.400192,-0.248465,0.203921,-0.413622,-0.193267,0.234201,-0.409686,-0.244984
2026-07-16 16:34:17.160,233.799777,0.000000,0.000000,0.000000,0.308366,-0.389412,-0.256835,0.111391,-0.366304,-0.256660,0.209878,-0.377858,-0.256748,0.178477,-0.408908,-0.230844,0.203251,-0.420209,-0.174109,0.234239,-0.417602,-0.225634
2026-07-16 16:34:17.260,233.899777,0.000000,0.000000,0.000000,0.308787,-0.390522,-0.257300,0.111563,-0.367354,-0.257124,0.210175,-0.378938,-0.257212,0.178742,-0.409983,-0.231274,0.204131,-0.422464,-0.174592,0.234331,-0.419667,-0.226096
2026-07-16 16:34:17.360,233.999777,0.000000,0.000000,0.000000,0.308501,-0.400691,-0.259138,0.111933,-0.375614,-0.258969,0.210217,-0.388152,-0.259054,0.179903,-0.418433,-0.233140,0.204501,-0.430723,-0.176437,0.234702,-0.427926,-0.227941
2026-07-16 16:34:17.460,234.099777,0.000000,0.000000,0.000000,0.308470,-0.391528,-0.256432,0.111642,-0.366339,-0.257128,0.210056,-0.378934,-0.256780,0.179533,-0.410174,-0.231295,0.204350,-0.421535,-0.173672,0.234579,-0.418695,-0.226057
2026-07-16 16:34:17.560,234.199777,0.000000,0.000000,0.000000,0.308690,-0.396639,-0.258450,0.111874,-0.371501,-0.258281,0.210282,-0.384070,-0.258365,0.179949,-0.414395,-0.231603,0.205170,-0.427913,-0.174147,0.234810,-0.423857,-0.227210
2026-07-16 16:34:17.660,234.299777,0.000000,0.000000,0.000000,0.308787,-0.390522,-0.257300,0.111573,-0.367404,-0.256285,0.210180,-0.378963,-0.256793,0.179717,-0.409233,-0.230450,0.205148,-0.421774,-0.172883,0.234579,-0.418695,-0.226057
2026-07-16 16:34:17.760,234.399776,0.000000,0.000000,0.000000,0.308648,-0.387425,-0.256608,0.111424,-0.364257,-0.256432,0.210036,-0.375841,-0.256520,0.180194,-0.407316,-0.229812,0.205019,-0.418725,-0.171381,0.234440,-0.415598,-0.225365
2026-07-16 16:34:17.860,234.499776,0.000000,0.000000,0.000000,0.308366,-0.389412,-0.256835,0.111391,-0.366304,-0.256660,0.209878,-0.377858,-0.256748,0.180416,-0.407359,-0.230010,0.206064,-0.418971,-0.171521,0.234734,-0.415659,-0.225558
2026-07-16 16:34:17.960,234.599776,0.000000,0.000000,0.000000,0.308470,-0.391528,-0.256432,0.111563,-0.367354,-0.257124,0.210016,-0.379441,-0.256778,0.180333,-0.410414,-0.230504,0.206744,-0.422251,-0.171305,0.234826,-0.417724,-0.226019
2026-07-16 16:34:18.060,234.699776,0.000000,0.000000,0.000000,0.308695,-0.388458,-0.256839,0.111550,-0.364274,-0.256667,0.210122,-0.376366,-0.256753,0.181030,-0.408540,-0.230064,0.206864,-0.419210,-0.170731,0.234734,-0.415659,-0.225558
2026-07-16 16:34:18.160,234.799776,0.000000,0.000000,0.000000,0.308038,-0.390366,-0.256832,0.111550,-0.364274,-0.256667,0.209794,-0.377320,-0.256749,0.181041,-0.408588,-0.229252,0.206853,-0.419162,-0.171542,0.234486,-0.416631,-0.225596
2026-07-16 16:34:18.260,234.899776,0.000000,0.000000,0.000000,0.307976,-0.374855,-0.273637,0.110972,-0.351810,-0.270790,0.209474,-0.363333,-0.272213,0.180993,-0.395837,-0.245792,0.208149,-0.408843,-0.188828,0.234507,-0.403739,-0.242928
2026-07-16 16:34:18.360,234.999776,0.000000,0.000000,0.000000,0.308174,-0.378943,-0.274727,0.111169,-0.355898,-0.271880,0.209672,-0.367420,-0.273304,0.181173,-0.399843,-0.247692,0.209137,-0.413116,-0.189955,0.234151,-0.406669,-0.243905
2026-07-16 16:34:18.460,235.099776,0.000000,0.000000,0.000000,0.308459,-0.391477,-0.257297,0.111642,-0.366339,-0.257128,0.210051,-0.378908,-0.257212,0.181123,-0.410605,-0.230525,0.208738,-0.420633,-0.171934,0.234826,-0.417724,-0.226019
2026-07-16 16:34:18.560,235.199776,0.000000,0.000000,0.000000,0.309640,-0.390777,-0.256458,0.111563,-0.367354,-0.257124,0.210601,-0.379066,-0.256791,0.181133,-0.410653,-0.229713,0.208738,-0.420633,-0.171934,0.234826,-0.417724,-0.226019
2026-07-16 16:34:18.660,235.299776,0.000000,0.000000,0.000000,0.308300,-0.373900,-0.273604,0.111046,-0.350796,-0.270752,0.209673,-0.362348,-0.272178,0.181766,-0.395941,-0.246637,0.209940,-0.408243,-0.188750,0.234750,-0.402769,-0.242851
2026-07-16 16:34:18.760,235.399776,0.000000,0.000000,0.000000,0.308609,-0.394625,-0.257124,0.111781,-0.369436,-0.257820,0.210195,-0.382031,-0.257472,0.182062,-0.413941,-0.230426,0.209667,-0.423921,-0.172647,0.234169,-0.420628,-0.226689
2026-07-16 16:34:18.860,235.499775,0.000000,0.000000,0.000000,0.308516,-0.378074,-0.273832,0.111318,-0.353868,-0.271804,0.209917,-0.365971,-0.272818,0.181981,-0.400110,-0.246918,0.210138,-0.412331,-0.189840,0.234948,-0.406856,-0.243941
2026-07-16 16:34:18.960,235.599775,0.000000,0.000000,0.000000,0.308130,-0.392431,-0.257293,0.111642,-0.366339,-0.257128,0.209886,-0.379385,-0.257210,0.181923,-0.410844,-0.229734,0.210092,-0.421942,-0.172900,0.234826,-0.417724,-0.226019
2026-07-16 16:34:19.060,235.699775,0.000000,0.000000,0.000000,0.308366,-0.389412,-0.256835,0.111550,-0.364274,-0.256667,0.209958,-0.376843,-0.256751,0.182009,-0.407790,-0.229239,0.209999,-0.419877,-0.172439,0.233937,-0.415466,-0.225536
2026-07-16 16:34:19.160,235.799775,0.000000,0.000000,0.000000,0.308598,-0.394574,-0.257989,0.111702,-0.370451,-0.257816,0.210150,-0.382513,-0.257902,0.182052,-0.413893,-0.231239,0.210231,-0.425039,-0.173592,0.234169,-0.420628,-0.226689
2026-07-16 16:34:19.260,235.899775,0.000000,0.000000,0.000000,0.308972,-0.394652,-0.258223,0.111748,-0.371484,-0.258047,0.210360,-0.383068,-0.258135,0.182286,-0.413985,-0.230623,0.211066,-0.426262,-0.173844,0.234461,-0.420689,-0.226882
2026-07-16 16:34:19.360,235.999775,0.000000,0.000000,0.000000,0.307926,-0.373833,-0.273364,0.110922,-0.350789,-0.270517,0.209424,-0.362311,-0.271941,0.181907,-0.394013,-0.245482,0.211455,-0.407511,-0.189359,0.234145,-0.400589,-0.242466
2026-07-16 16:34:19.460,236.099775,0.000000,0.000000,0.000000,0.308273,-0.387347,-0.256374,0.111457,-0.362210,-0.256205,0.209865,-0.374778,-0.256290,0.181916,-0.405725,-0.228778,0.211692,-0.417171,-0.172722,0.234091,-0.412429,-0.225036
2026-07-16 16:34:19.560,236.199775,0.000000,0.000000,0.000000,0.308048,-0.390418,-0.255968,0.111470,-0.365289,-0.256663,0.209759,-0.377854,-0.256316,0.182621,-0.408970,-0.229294,0.211785,-0.419236,-0.173183,0.234981,-0.414687,-0.225519
2026-07-16 16:34:19.660,236.299775,0.000000,0.000000,0.000000,0.308459,-0.391477,-0.257297,0.111563,-0.367354,-0.257124,0.210011,-0.379416,-0.257211,0.182703,-0.410987,-0.230568,0.212658,-0.421443,-0.174479,0.234276,-0.416559,-0.225959
2026-07-16 16:34:19.760,236.399775,0.000000,0.000000,0.000000,0.308459,-0.391477,-0.257297,0.111642,-0.366339,-0.257128,0.210051,-0.378908,-0.257212,0.181913,-0.410796,-0.230547,0.213437,-0.421586,-0.175313,0.234276,-0.416559,-0.225959
2026-07-16 16:34:19.860,236.499774,0.000000,0.000000,0.000000,0.308745,-0.383096,-0.276057,0.111491,-0.359992,-0.273205,0.210118,-0.371544,-0.274631,0.183002,-0.405323,-0.249127,0.214251,-0.417959,-0.195432,0.234640,-0.410807,-0.245191
2026-07-16 16:34:19.960,236.599774,0.000000,0.000000,0.000000,0.309640,-0.390777,-0.256458,0.111642,-0.366339,-0.257128,0.210641,-0.378558,-0.256793,0.182703,-0.410987,-0.230568,0.213637,-0.420514,-0.176832,0.234276,-0.416559,-0.225959
2026-07-16 16:34:20.060,236.699774,0.000000,0.000000,0.000000,0.308695,-0.388458,-0.256839,0.111550,-0.364274,-0.256667,0.210122,-0.376366,-0.256753,0.182611,-0.408922,-0.230107,0.214325,-0.418592,-0.177206,0.234173,-0.414445,-0.226318
2026-07-16 16:34:20.160,236.799774,0.000000,0.000000,0.000000,0.308273,-0.387347,-0.256374,0.111457,-0.362210,-0.256205,0.209865,-0.374778,-0.256290,0.182518,-0.406857,-0.229646,0.214233,-0.416528,-0.176745,0.234080,-0.412380,-0.225857
2026-07-16 16:34:20.260,236.899774,0.000000,0.000000,0.000000,0.308505,-0.392509,-0.257527,0.111609,-0.368387,-0.257355,0.210057,-0.380448,-0.257441,0.182750,-0.412019,-0.230799,0.214676,-0.420667,-0.178609,0.234322,-0.417591,-0.226190
2026-07-16 16:34:20.360,236.999774,0.000000,0.000000,0.000000,0.308598,-0.394574,-0.257989,0.111702,-0.370451,-0.257816,0.210150,-0.382513,-0.257902,0.183021,-0.413095,-0.231228,0.213745,-0.423466,-0.179965,0.234415,-0.419656,-0.226651
2026-07-16 16:34:20.460,237.099774,0.000000,0.000000,0.000000,0.308366,-0.389412,-0.256835,0.111470,-0.365289,-0.256663,0.209918,-0.377351,-0.256749,0.182789,-0.407933,-0.230074,0.213724,-0.417281,-0.179525,0.234184,-0.414494,-0.225498
2026-07-16 16:34:20.560,237.199774,0.000000,0.000000,0.000000,0.308273,-0.387347,-0.256374,0.111457,-0.362210,-0.256205,0.209865,-0.374778,-0.256290,0.183308,-0.407048,-0.229667,0.213621,-0.415168,-0.179879,0.233283,-0.412188,-0.225835
2026-07-16 16:34:20.660,237.299774,0.000000,0.000000,0.000000,0.308880,-0.392587,-0.257762,0.111655,-0.369419,-0.257586,0.210268,-0.381003,-0.257674,0.183586,-0.413243,-0.231051,0.213106,-0.421170,-0.181241,0.233561,-0.418382,-0.227219
2026-07-16 16:34:20.760,237.399774,0.000000,0.000000,0.000000,0.308972,-0.394652,-0.258223,0.111828,-0.370469,-0.258050,0.210400,-0.382560,-0.258137,0.183858,-0.414319,-0.231480,0.212396,-0.422995,-0.182496,0.233909,-0.419523,-0.226822
2026-07-16 16:34:20.860,237.499774,0.000000,0.000000,0.000000,0.308459,-0.391477,-0.257297,0.111653,-0.366389,-0.256288,0.210056,-0.378933,-0.256792,0.183673,-0.410189,-0.230557,0.212211,-0.418866,-0.181573,0.233479,-0.416366,-0.225937
2026-07-16 16:34:20.960,237.599773,0.000000,0.000000,0.000000,0.308075,-0.376899,-0.274182,0.111014,-0.354953,-0.270538,0.209545,-0.365926,-0.272360,0.183797,-0.396382,-0.247111,0.211605,-0.408621,-0.199758,0.233496,-0.403467,-0.243247
2026-07-16 16:34:21.060,237.699773,0.000000,0.000000,0.000000,0.308366,-0.389412,-0.256835,0.111470,-0.365289,-0.256663,0.209918,-0.377351,-0.256749,0.183760,-0.407136,-0.230063,0.211533,-0.415585,-0.181807,0.233386,-0.414301,-0.225476
2026-07-16 16:34:21.160,237.799773,0.000000,0.000000,0.000000,0.308174,-0.378943,-0.274727,0.111169,-0.355898,-0.271880,0.209672,-0.367420,-0.273304,0.183896,-0.398425,-0.247656,0.211703,-0.410664,-0.200303,0.233036,-0.404351,-0.243679
2026-07-16 16:34:21.260,237.899773,0.000000,0.000000,0.000000,0.308273,-0.380986,-0.275273,0.111343,-0.356927,-0.272387,0.209808,-0.368956,-0.273830,0.183995,-0.400469,-0.248201,0.211785,-0.412626,-0.201659,0.233693,-0.407554,-0.244337
2026-07-16 16:34:21.360,237.999773,0.000000,0.000000,0.000000,0.308690,-0.396639,-0.258450,0.111874,-0.371501,-0.258281,0.210282,-0.384070,-0.258365,0.184084,-0.414363,-0.231678,0.210622,-0.424524,-0.184409,0.232912,-0.421335,-0.227069
2026-07-16 16:34:21.460,238.099773,0.000000,0.000000,0.000000,0.308609,-0.394625,-0.257124,0.111861,-0.368421,-0.257823,0.210235,-0.381523,-0.257474,0.183992,-0.412298,-0.231217,0.211320,-0.422650,-0.183970,0.233863,-0.418491,-0.226591
2026-07-16 16:34:21.560,238.199773,0.000000,0.000000,0.000000,0.308124,-0.377921,-0.274455,0.111213,-0.353946,-0.270732,0.209668,-0.365933,-0.272593,0.183846,-0.397403,-0.247383,0.210844,-0.409374,-0.200805,0.233786,-0.403517,-0.243443
2026-07-16 16:34:21.660,238.299773,0.000000,0.000000,0.000000,0.308741,-0.389490,-0.257070,0.111596,-0.365307,-0.256897,0.210168,-0.377398,-0.256983,0.183807,-0.408168,-0.230294,0.210128,-0.419305,-0.183122,0.233678,-0.414361,-0.225668
2026-07-16 16:34:21.760,238.399773,0.000000,0.000000,0.000000,0.308880,-0.392587,-0.257762,0.111655,-0.369419,-0.257586,0.210268,-0.381003,-0.257674,0.183766,-0.412254,-0.231018,0.211274,-0.421618,-0.183739,0.233561,-0.418382,-0.227219
2026-07-16 16:34:21.860,238.499773,0.000000,0.000000,0.000000,0.308926,-0.393620,-0.257992,0.111781,-0.369436,-0.257820,0.210354,-0.381528,-0.257906,0.183802,-0.413238,-0.232063,0.211093,-0.423578,-0.184879,0.233607,-0.419414,-0.227450
2026-07-16 16:34:21.960,238.599772,0.000000,0.000000,0.000000,0.308075,-0.376899,-0.274182,0.111145,-0.352839,-0.271297,0.209610,-0.364869,-0.272739,0.183604,-0.397287,-0.247994,0.211356,-0.409429,-0.201513,0.233478,-0.403384,-0.244064
2026-07-16 16:34:22.060,238.699772,0.000000,0.000000,0.000000,0.308690,-0.396639,-0.258450,0.111874,-0.371501,-0.258281,0.210282,-0.384070,-0.258365,0.183103,-0.415111,-0.232503,0.211175,-0.425594,-0.186153,0.233700,-0.421479,-0.227911
2026-07-16 16:34:22.160,238.799772,0.000000,0.000000,0.000000,0.276688,-0.422991,-0.241185,0.081940,-0.385295,-0.239700,0.179314,-0.404143,-0.240442,0.150566,-0.431420,-0.212745,0.179068,-0.442744,-0.167170,0.200674,-0.441049,-0.208489
2026-07-16 16:34:22.260,238.899772,0.000000,0.000000,0.000000,0.308787,-0.390522,-0.257300,0.111563,-0.367354,-0.257124,0.210175,-0.378938,-0.257212,0.182070,-0.409710,-0.232142,0.211287,-0.422526,-0.186020,0.233468,-0.416317,-0.226758
2026-07-16 16:34:22.360,238.999772,0.000000,0.000000,0.000000,0.308501,-0.400691,-0.259138,0.111933,-0.375614,-0.258969,0.210217,-0.388152,-0.259054,0.182441,-0.417969,-0.233987,0.211865,-0.429761,-0.188583,0.233828,-0.424528,-0.229423
2026-07-16 16:34:22.460,239.099772,0.000000,0.000000,0.000000,0.308596,-0.380031,-0.275239,0.111343,-0.356927,-0.272387,0.209970,-0.368479,-0.273813,0.182200,-0.400920,-0.249823,0.211864,-0.415401,-0.205330,0.233658,-0.407388,-0.245972
2026-07-16 16:34:22.560,239.199772,0.000000,0.000000,0.000000,0.308459,-0.391477,-0.257297,0.111573,-0.367404,-0.256285,0.210016,-0.379441,-0.256791,0.181279,-0.409518,-0.232120,0.211277,-0.422478,-0.186830,0.233458,-0.416268,-0.227578
2026-07-16 16:34:22.660,239.299772,0.000000,0.000000,0.000000,0.308412,-0.390444,-0.257066,0.111517,-0.366322,-0.256894,0.209964,-0.378383,-0.256980,0.181144,-0.408981,-0.231905,0.210442,-0.421255,-0.186578,0.234209,-0.415429,-0.227369
2026-07-16 16:34:22.760,239.399772,0.000000,0.000000,0.000000,0.308646,-0.381052,-0.275512,0.111318,-0.358963,-0.272698,0.209982,-0.370008,-0.274105,0.181286,-0.402744,-0.250129,0.211125,-0.416237,-0.205567,0.234506,-0.408598,-0.246281
2026-07-16 16:34:22.860,239.499772,0.000000,0.000000,0.000000,0.308223,-0.379964,-0.275000,0.111219,-0.356919,-0.272152,0.209721,-0.368442,-0.273576,0.181170,-0.400618,-0.250394,0.211026,-0.414193,-0.205022,0.234407,-0.406554,-0.245736
2026-07-16 16:34:22.960,239.599771,0.000000,0.000000,0.000000,0.308412,-0.390444,-0.257066,0.111596,-0.365307,-0.256897,0.210004,-0.377876,-0.256982,0.181222,-0.408437,-0.232703,0.209655,-0.421064,-0.186557,0.233411,-0.415236,-0.227347
2026-07-16 16:34:23.060,239.699771,0.000000,0.000000,0.000000,0.308366,-0.389412,-0.256835,0.111550,-0.364274,-0.256667,0.209958,-0.376843,-0.256751,0.181010,-0.408443,-0.231689,0.209608,-0.420032,-0.186326,0.234163,-0.414396,-0.227138
2026-07-16 16:34:23.160,239.799771,0.000000,0.000000,0.000000,0.308787,-0.390522,-0.257300,0.111642,-0.366339,-0.257128,0.210215,-0.378431,-0.257214,0.181102,-0.410508,-0.232151,0.208923,-0.421955,-0.185956,0.233458,-0.416268,-0.227578
2026-07-16 16:34:23.260,239.899771,0.000000,0.000000,0.000000,0.308459,-0.391477,-0.257297,0.111563,-0.367354,-0.257124,0.210011,-0.379416,-0.257211,0.181102,-0.410508,-0.232151,0.208923,-0.421955,-0.185956,0.233458,-0.416268,-0.227578
2026-07-16 16:34:23.360,239.999771,0.000000,0.000000,0.000000,0.308949,-0.394136,-0.258108,0.111736,-0.371018,-0.257093,0.210342,-0.382577,-0.257600,0.181441,-0.413132,-0.232927,0.208511,-0.424401,-0.186648,0.233375,-0.420854,-0.228421
2026-07-16 16:34:23.460,240.099771,0.000000,0.000000,0.000000,0.308322,-0.382008,-0.275545,0.111392,-0.357948,-0.272660,0.209857,-0.369978,-0.274102,0.181458,-0.401756,-0.250059,0.207988,-0.415578,-0.204616,0.233466,-0.409381,-0.246319
2026-07-16 16:34:23.560,240.199771,0.000000,0.000000,0.000000,0.308130,-0.392431,-0.257293,0.111642,-0.366339,-0.257128,0.209886,-0.379385,-0.257210,0.181102,-0.410508,-0.232151,0.206771,-0.420406,-0.185798,0.233212,-0.417241,-0.227614
2026-07-16 16:34:23.660,240.299771,0.000000,0.000000,0.000000,0.307998,-0.382963,-0.275578,0.111318,-0.358963,-0.272698,0.209658,-0.370963,-0.274138,0.181458,-0.401756,-0.250059,0.207407,-0.414419,-0.204448,0.233484,-0.409464,-0.245503
2026-07-16 16:34:23.760,240.399771,0.000000,0.000000,0.000000,0.308038,-0.390366,-0.256832,0.111550,-0.364274,-0.256667,0.209794,-0.377320,-0.256749,0.181010,-0.408443,-0.231689,0.205679,-0.419128,-0.185409,0.233120,-0.415176,-0.227153
2026-07-16 16:34:23.860,240.499771,0.000000,0.000000,0.000000,0.308174,-0.378943,-0.274727,0.111244,-0.354883,-0.271842,0.209709,-0.366913,-0.273285,0.181138,-0.399679,-0.249311,0.205679,-0.410982,-0.203558,0.233077,-0.407287,-0.245576
2026-07-16 16:34:23.960,240.599771,0.000000,0.000000,0.000000,0.308366,-0.389412,-0.256835,0.111550,-0.364274,-0.256667,0.209958,-0.376843,-0.256751,0.180220,-0.408252,-0.231668,0.204881,-0.418889,-0.186198,0.233120,-0.415176,-0.227153
2026-07-16 16:34:24.060,240.699770,0.000000,0.000000,0.000000,0.308025,-0.375877,-0.273910,0.111170,-0.350803,-0.270986,0.209598,-0.363340,-0.272448,0.180199,-0.396427,-0.248457,0.204519,-0.408624,-0.203644,0.232929,-0.404222,-0.244758
2026-07-16 16:34:24.160,240.799770,0.000000,0.000000,0.000000,0.308644,-0.395606,-0.258219,0.111748,-0.371484,-0.258047,0.210196,-0.383545,-0.258133,0.179697,-0.414207,-0.233843,0.204381,-0.424941,-0.186750,0.233398,-0.421370,-0.228537
2026-07-16 16:34:24.260,240.899770,0.000000,0.000000,0.000000,0.308174,-0.378943,-0.274727,0.111169,-0.355898,-0.271880,0.209672,-0.367420,-0.273304,0.179369,-0.400214,-0.250118,0.203489,-0.413535,-0.203883,0.233318,-0.406316,-0.245502
2026-07-16 16:34:24.360,240.999770,0.000000,0.000000,0.000000,0.308459,-0.391477,-0.257297,0.111642,-0.366339,-0.257128,0.210051,-0.378908,-0.257212,0.179338,-0.411067,-0.232950,0.203210,-0.421647,-0.185091,0.234009,-0.417433,-0.227636
2026-07-16 16:34:24.460,241.099770,0.000000,0.000000,0.000000,0.308459,-0.391477,-0.257297,0.111642,-0.366339,-0.257128,0.210051,-0.378908,-0.257212,0.179338,-0.411067,-0.232950,0.203013,-0.422674,-0.184377,0.234009,-0.417433,-0.227636
2026-07-16 16:34:24.560,241.199770,0.000000,0.000000,0.000000,0.308736,-0.397671,-0.258681,0.111841,-0.373549,-0.258508,0.210289,-0.385610,-0.258594,0.179615,-0.417262,-0.234333,0.203509,-0.427938,-0.184856,0.234287,-0.423628,-0.229020
2026-07-16 16:34:24.660,241.299770,0.000000,0.000000,0.000000,0.308176,-0.393464,-0.257524,0.111689,-0.367372,-0.257359,0.209933,-0.380418,-0.257441,0.179384,-0.412100,-0.233180,0.203090,-0.423850,-0.182183,0.234055,-0.418466,-0.227866
2026-07-16 16:34:24.760,241.399770,0.000000,0.000000,0.000000,0.308741,-0.389490,-0.257070,0.111448,-0.367387,-0.256052,0.210094,-0.378438,-0.256561,0.179302,-0.410083,-0.231908,0.203794,-0.422024,-0.180935,0.233973,-0.416450,-0.226586
2026-07-16 16:34:24.860,241.499770,0.000000,0.000000,0.000000,0.308598,-0.394574,-0.257989,0.111781,-0.369436,-0.257820,0.210189,-0.382005,-0.257904,0.180451,-0.413414,-0.232821,0.203999,-0.426250,-0.180241,0.234955,-0.420772,-0.227530
2026-07-16 16:34:24.960,241.599770,0.000000,0.000000,0.000000,0.308372,-0.383030,-0.275818,0.111367,-0.359985,-0.272970,0.209869,-0.371507,-0.274394,0.180545,-0.403580,-0.250366,0.204649,-0.418623,-0.196955,0.235128,-0.410861,-0.245848
2026-07-16 16:34:25.060,241.699769,0.000000,0.000000,0.000000,0.308644,-0.395606,-0.258219,0.111828,-0.370469,-0.258050,0.210236,-0.383038,-0.258135,0.181298,-0.414686,-0.232261,0.205092,-0.426736,-0.176345,0.235125,-0.421319,-0.227742
2026-07-16 16:34:25.160,241.799769,0.000000,0.000000,0.000000,0.308320,-0.388379,-0.256605,0.111503,-0.363242,-0.256436,0.209912,-0.375811,-0.256520,0.180974,-0.407459,-0.230646,0.204569,-0.420534,-0.174030,0.234935,-0.413654,-0.225289
2026-07-16 16:34:25.260,241.899769,0.000000,0.000000,0.000000,0.308598,-0.394574,-0.257989,0.111781,-0.369436,-0.257820,0.210189,-0.382005,-0.257904,0.182052,-0.413893,-0.231239,0.205653,-0.427015,-0.173819,0.235213,-0.419849,-0.226673
2026-07-16 16:34:25.360,241.999769,0.000000,0.000000,0.000000,0.308372,-0.383030,-0.275818,0.111442,-0.358970,-0.272932,0.209907,-0.371000,-0.274375,0.182162,-0.404116,-0.248818,0.206344,-0.419563,-0.191390,0.236187,-0.410160,-0.244992
2026-07-16 16:34:25.460,242.099769,0.000000,0.000000,0.000000,0.308648,-0.387425,-0.256608,0.111662,-0.361212,-0.256443,0.210155,-0.374319,-0.256526,0.181952,-0.406709,-0.229822,0.205606,-0.419940,-0.170705,0.234935,-0.413654,-0.225289
2026-07-16 16:34:25.560,242.199769,0.000000,0.000000,0.000000,0.308646,-0.381052,-0.275512,0.111318,-0.358963,-0.272698,0.209982,-0.370008,-0.274105,0.182285,-0.402106,-0.248474,0.206537,-0.417732,-0.189353,0.235339,-0.408951,-0.244683
2026-07-16 16:34:25.660,242.299769,0.000000,0.000000,0.000000,0.308038,-0.390366,-0.256832,0.111629,-0.363259,-0.256670,0.209833,-0.376813,-0.256751,0.181998,-0.407742,-0.230053,0.206672,-0.420283,-0.169223,0.235229,-0.413715,-0.225481
2026-07-16 16:34:25.760,242.399769,0.000000,0.000000,0.000000,0.308223,-0.379964,-0.275000,0.111293,-0.355905,-0.272114,0.209758,-0.367934,-0.273557,0.182978,-0.400248,-0.247964,0.207451,-0.414984,-0.187883,0.235484,-0.405936,-0.244061
2026-07-16 16:34:25.860,242.499769,0.000000,0.000000,0.000000,0.309255,-0.392665,-0.257996,0.111702,-0.370451,-0.257816,0.210478,-0.381558,-0.257906,0.182230,-0.412904,-0.231206,0.207116,-0.424469,-0.170261,0.235336,-0.419363,-0.226653
2026-07-16 16:34:25.960,242.599769,0.000000,0.000000,0.000000,0.308833,-0.391555,-0.257531,0.111609,-0.368387,-0.257355,0.210221,-0.379971,-0.257443,0.182750,-0.412019,-0.230799,0.206811,-0.423380,-0.169915,0.235368,-0.416812,-0.226173
2026-07-16 16:34:26.060,242.699769,0.000000,0.000000,0.000000,0.308646,-0.381052,-0.275512,0.111318,-0.358963,-0.272698,0.209982,-0.370008,-0.274105,0.182903,-0.403280,-0.248582,0.207568,-0.417109,-0.187621,0.235339,-0.408951,-0.244683
2026-07-16 16:34:26.160,242.799768,0.000000,0.000000,0.000000,0.308690,-0.396639,-0.258450,0.111794,-0.372516,-0.258278,0.210242,-0.384578,-0.258364,0.182145,-0.415958,-0.231700,0.206795,-0.428534,-0.170144,0.235305,-0.421914,-0.227134
2026-07-16 16:34:26.260,242.899768,0.000000,0.000000,0.000000,0.308174,-0.378943,-0.274727,0.111244,-0.354883,-0.271842,0.209709,-0.366913,-0.273285,0.182050,-0.399534,-0.247692,0.207402,-0.413962,-0.187611,0.235191,-0.405885,-0.243865
2026-07-16 16:34:26.360,242.999768,0.000000,0.000000,0.000000,0.308366,-0.389412,-0.256835,0.111550,-0.364274,-0.256667,0.209958,-0.376843,-0.256751,0.181821,-0.408731,-0.230086,0.206460,-0.421259,-0.169338,0.234981,-0.414687,-0.225519
2026-07-16 16:34:26.460,243.099768,0.000000,0.000000,0.000000,0.308459,-0.391477,-0.257297,0.111573,-0.367404,-0.256285,0.210016,-0.379441,-0.256791,0.181913,-0.410796,-0.230547,0.205871,-0.422645,-0.169721,0.235074,-0.416752,-0.225981
2026-07-16 16:34:26.560,243.199768,0.000000,0.000000,0.000000,0.308459,-0.391477,-0.257297,0.111563,-0.367354,-0.257124,0.210011,-0.379416,-0.257211,0.181913,-0.410796,-0.230547,0.205766,-0.423134,-0.169778,0.235074,-0.416752,-0.225981
2026-07-16 16:34:26.660,243.299768,0.000000,0.000000,0.000000,0.308459,-0.391477,-0.257297,0.111563,-0.367354,-0.257124,0.210011,-0.379416,-0.257211,0.181913,-0.410796,-0.230547,0.205766,-0.423134,-0.169778,0.235074,-0.416752,-0.225981
2026-07-16 16:34:26.760,243.399768,0.000000,0.000000,0.000000,0.308596,-0.380031,-0.275239,0.111417,-0.355912,-0.272349,0.210007,-0.367971,-0.273794,0.181272,-0.401886,-0.248237,0.206505,-0.416792,-0.188274,0.235290,-0.407929,-0.244410
2026-07-16 16:34:26.860,243.499768,0.000000,0.000000,0.000000,0.308421,-0.384052,-0.276090,0.111342,-0.362021,-0.273281,0.209882,-0.373036,-0.274686,0.181420,-0.404952,-0.249055,0.206654,-0.419858,-0.189092,0.235438,-0.410994,-0.245228
2026-07-16 16:34:26.960,243.599768,0.000000,0.000000,0.000000,0.308505,-0.392509,-0.257527,0.111609,-0.368387,-0.257355,0.210057,-0.380448,-0.257441,0.181169,-0.411637,-0.230756,0.205812,-0.424166,-0.170009,0.235918,-0.417977,-0.226233
2026-07-16 16:34:27.060,243.699768,0.000000,0.000000,0.000000,0.308787,-0.390522,-0.257300,0.111563,-0.367354,-0.257124,0.210175,-0.378938,-0.257212,0.181123,-0.410605,-0.230525,0.205756,-0.423085,-0.170588,0.235074,-0.416752,-0.225981
2026-07-16 16:34:27.160,243.799767,0.000000,0.000000,0.000000,0.308598,-0.394574,-0.257989,0.111702,-0.370451,-0.257816,0.210150,-0.382513,-0.257902,0.181262,-0.413702,-0.231217,0.204898,-0.426969,-0.171373,0.235213,-0.419849,-0.226673
2026-07-16 16:34:27.260,243.899767,0.000000,0.000000,0.000000,0.308690,-0.396639,-0.258450,0.111953,-0.370486,-0.258285,0.210322,-0.383563,-0.258367,0.181355,-0.415767,-0.231679,0.205200,-0.428057,-0.171720,0.235305,-0.421914,-0.227134
2026-07-16 16:34:27.360,243.999767,0.000000,0.000000,0.000000,0.308097,-0.385007,-0.276124,0.111566,-0.358977,-0.273167,0.209831,-0.371992,-0.274645,0.181420,-0.404952,-0.249055,0.206054,-0.418619,-0.189709,0.235317,-0.411480,-0.245266
2026-07-16 16:34:27.460,244.099767,0.000000,0.000000,0.000000,0.308366,-0.389412,-0.256835,0.111470,-0.365289,-0.256663,0.209918,-0.377351,-0.256749,0.180240,-0.408349,-0.230043,0.204876,-0.420830,-0.170105,0.234981,-0.414687,-0.225519
2026-07-16 16:34:27.560,244.199767,0.000000,0.000000,0.000000,0.308412,-0.390444,-0.257066,0.111517,-0.366322,-0.256894,0.209964,-0.378383,-0.256980,0.180287,-0.409381,-0.230273,0.205132,-0.420886,-0.170221,0.235027,-0.415719,-0.225750
2026-07-16 16:34:27.660,244.299767,0.000000,0.000000,0.000000,0.308505,-0.392509,-0.257527,0.111689,-0.367372,-0.257359,0.210097,-0.379940,-0.257443,0.180379,-0.411446,-0.230735,0.205025,-0.423976,-0.169988,0.235120,-0.417784,-0.226211
2026-07-16 16:34:27.760,244.399767,0.000000,0.000000,0.000000,0.308399,-0.375943,-0.274149,0.111089,-0.353939,-0.270499,0.209744,-0.364941,-0.272324,0.180283,-0.397613,-0.247111,0.205314,-0.413492,-0.187302,0.235092,-0.403842,-0.243320
2026-07-16 16:34:27.860,244.499767,0.000000,0.000000,0.000000,0.308075,-0.376899,-0.274182,0.111145,-0.352839,-0.271297,0.209610,-0.364869,-0.272739,0.180283,-0.397613,-0.247111,0.205520,-0.412520,-0.187148,0.234849,-0.404812,-0.243396
2026-07-16 16:34:27.960,244.599767,0.000000,0.000000,0.000000,0.308320,-0.388379,-0.256605,0.111424,-0.364257,-0.256432,0.209872,-0.376318,-0.256519,0.180194,-0.407316,-0.229812,0.204053,-0.419656,-0.169044,0.234687,-0.414626,-0.225327
2026-07-16 16:34:28.060,244.699767,0.000000,0.000000,0.000000,0.308366,-0.389412,-0.256835,0.111550,-0.364274,-0.256667,0.209958,-0.376843,-0.256751,0.180065,-0.409338,-0.230075,0.204100,-0.420688,-0.169275,0.234981,-0.414687,-0.225519
2026-07-16 16:34:28.160,244.799767,0.000000,0.000000,0.000000,0.308366,-0.389412,-0.256835,0.111550,-0.364274,-0.256667,0.209958,-0.376843,-0.256751,0.180240,-0.408349,-0.230043,0.204100,-0.420688,-0.169275,0.234981,-0.414687,-0.225519
2026-07-16 16:34:28.260,244.899766,0.000000,0.000000,0.000000,0.308516,-0.392561,-0.256663,0.111609,-0.368387,-0.257355,0.210063,-0.380474,-0.257009,0.180379,-0.411446,-0.230735,0.204238,-0.423785,-0.169966,0.235120,-0.417784,-0.226211
2026-07-16 16:34:28.360,244.999766,0.000000,0.000000,0.000000,0.308551,-0.393542,-0.257758,0.111735,-0.368404,-0.257589,0.210143,-0.380973,-0.257674,0.180426,-0.412478,-0.230965,0.204285,-0.424818,-0.170197,0.235166,-0.418817,-0.226442
2026-07-16 16:34:28.460,245.099766,0.000000,0.000000,0.000000,0.308741,-0.389490,-0.257070,0.111596,-0.365307,-0.256897,0.210168,-0.377398,-0.256983,0.180287,-0.409381,-0.230273,0.204146,-0.421721,-0.169505,0.235027,-0.415719,-0.225750
2026-07-16 16:34:28.560,245.199766,0.000000,0.000000,0.000000,0.308273,-0.387347,-0.256374,0.111378,-0.363225,-0.256202,0.209825,-0.375286,-0.256288,0.180148,-0.406284,-0.229581,0.204216,-0.417647,-0.168698,0.234888,-0.412622,-0.225058
2026-07-16 16:34:28.660,245.299766,0.000000,0.000000,0.000000,0.308366,-0.389412,-0.256835,0.111629,-0.363259,-0.256670,0.209998,-0.376336,-0.256753,0.180240,-0.408349,-0.230043,0.204100,-0.420688,-0.169275,0.234981,-0.414687,-0.225519
2026-07-16 16:34:28.760,245.399766,0.000000,0.000000,0.000000,0.308598,-0.394574,-0.257989,0.111861,-0.368421,-0.257823,0.210229,-0.381498,-0.257906,0.180472,-0.413511,-0.231196,0.204540,-0.424873,-0.170312,0.234965,-0.420821,-0.226711
2026-07-16 16:34:28.860,245.499766,0.000000,0.000000,0.000000,0.308273,-0.387347,-0.256374,0.111378,-0.363225,-0.256202,0.209825,-0.375286,-0.256288,0.180148,-0.406284,-0.229581,0.204007,-0.418623,-0.168813,0.234765,-0.413108,-0.225077
2026-07-16 16:34:28.960,245.599766,0.000000,0.000000,0.000000,0.290216,-0.422261,-0.236434,0.094383,-0.390648,-0.236568,0.192300,-0.406455,-0.236501,0.161680,-0.434679,-0.207854,0.185532,-0.444351,-0.146601,0.216175,-0.442834,-0.203275
2026-07-16 16:34:29.060,245.699766,0.000000,0.000000,0.000000,0.307850,-0.379898,-0.274761,0.111188,-0.355982,-0.271044,0.209519,-0.367940,-0.272902,0.180211,-0.400645,-0.247728,0.204831,-0.414379,-0.187657,0.235191,-0.405885,-0.243865
2026-07-16 16:34:29.160,245.799766,0.000000,0.000000,0.000000,0.308412,-0.390444,-0.257066,0.111607,-0.365357,-0.256057,0.210010,-0.377901,-0.256562,0.180287,-0.409381,-0.230273,0.204156,-0.421769,-0.168696,0.234780,-0.416691,-0.225788
2026-07-16 16:34:29.260,245.899765,0.000000,0.000000,0.000000,0.308833,-0.391555,-0.257531,0.111689,-0.367372,-0.257359,0.210261,-0.379463,-0.257445,0.180379,-0.411446,-0.230735,0.204238,-0.423785,-0.169966,0.234873,-0.418756,-0.226250
2026-07-16 16:34:29.360,245.999765,0.000000,0.000000,0.000000,0.308412,-0.390444,-0.257066,0.111596,-0.365307,-0.256897,0.210004,-0.377876,-0.256982,0.180287,-0.409381,-0.230273,0.204156,-0.421769,-0.168696,0.234780,-0.416691,-0.225788
2026-07-16 16:34:29.460,246.099765,0.000000,0.000000,0.000000,0.308174,-0.378943,-0.274727,0.111262,-0.354968,-0.271005,0.209718,-0.366955,-0.272866,0.180382,-0.399657,-0.247656,0.204849,-0.414460,-0.186851,0.234948,-0.406856,-0.243941
2026-07-16 16:34:29.560,246.199765,0.000000,0.000000,0.000000,0.308320,-0.388379,-0.256605,0.111503,-0.363242,-0.256436,0.209912,-0.375811,-0.256520,0.180194,-0.407316,-0.229812,0.204272,-0.418727,-0.168118,0.234935,-0.413654,-0.225289
2026-07-16 16:34:29.660,246.299765,0.000000,0.000000,0.000000,0.308273,-0.380986,-0.275273,0.111343,-0.356927,-0.272387,0.209808,-0.368956,-0.273830,0.180481,-0.401700,-0.248201,0.204364,-0.415346,-0.187205,0.235290,-0.407929,-0.244410
2026-07-16 16:34:29.760,246.399765,0.000000,0.000000,0.000000,0.308084,-0.391399,-0.257062,0.111596,-0.365307,-0.256897,0.209840,-0.378353,-0.256980,0.180287,-0.409381,-0.230273,0.203577,-0.420601,-0.168558,0.234780,-0.416691,-0.225788
2026-07-16 16:34:29.860,246.499765,0.000000,0.000000,0.000000,0.308497,-0.377987,-0.274694,0.111169,-0.355898,-0.271880,0.209833,-0.366942,-0.273287,0.180211,-0.400645,-0.247728,0.204265,-0.413303,-0.186660,0.234948,-0.406856,-0.243941
2026-07-16 16:34:29.960,246.599765,0.000000,0.000000,0.000000,0.308602,-0.386393,-0.256378,0.111537,-0.361195,-0.256209,0.210069,-0.373794,-0.256293,0.180148,-0.406284,-0.229581,0.203438,-0.417504,-0.167866,0.234765,-0.413108,-0.225077
2026-07-16 16:34:30.060,246.699765,0.000000,0.000000,0.000000,0.308038,-0.390366,-0.256832,0.111550,-0.364274,-0.256667,0.209794,-0.377320,-0.256749,0.180240,-0.408349,-0.230043,0.203531,-0.419569,-0.168327,0.234981,-0.414687,-0.225519
2026-07-16 16:34:30.160,246.799765,0.000000,0.000000,0.000000,0.308783,-0.398704,-0.258911,0.111967,-0.373566,-0.258742,0.210375,-0.386135,-0.258827,0.180657,-0.417640,-0.232118,0.203947,-0.428861,-0.170403,0.235398,-0.423979,-0.227595
2026-07-16 16:34:30.260,246.899765,0.000000,0.000000,0.000000,0.308421,-0.384052,-0.276090,0.111417,-0.361007,-0.273243,0.209919,-0.372529,-0.274667,0.180629,-0.404766,-0.249019,0.204512,-0.418412,-0.188022,0.235438,-0.410994,-0.245228
2026-07-16 16:34:30.360,246.999764,0.000000,0.000000,0.000000,0.308044,-0.375964,-0.273048,0.111021,-0.352832,-0.271062,0.209533,-0.364398,-0.272055,0.180234,-0.396591,-0.246838,0.204116,-0.410237,-0.185842,0.234800,-0.403790,-0.243124
2026-07-16 16:34:30.460,247.099764,0.000000,0.000000,0.000000,0.308459,-0.391477,-0.257297,0.111563,-0.367354,-0.257124,0.210011,-0.379416,-0.257211,0.180333,-0.410414,-0.230504,0.203831,-0.420657,-0.168672,0.234826,-0.417724,-0.226019
2026-07-16 16:34:30.560,247.199764,0.000000,0.000000,0.000000,0.308695,-0.388458,-0.256839,0.111560,-0.364324,-0.255826,0.210127,-0.376391,-0.256333,0.180240,-0.408349,-0.230043,0.203323,-0.420546,-0.168444,0.235530,-0.415851,-0.225579
2026-07-16 16:34:30.660,247.299764,0.000000,0.000000,0.000000,0.308248,-0.380475,-0.275136,0.111244,-0.357430,-0.272289,0.209746,-0.368953,-0.273713,0.180456,-0.401189,-0.248065,0.204339,-0.414835,-0.187068,0.236064,-0.407606,-0.244310
2026-07-16 16:34:30.760,247.399764,0.000000,0.000000,0.000000,0.308598,-0.394574,-0.257989,0.111781,-0.369436,-0.257820,0.210189,-0.382005,-0.257904,0.180296,-0.414500,-0.231228,0.203762,-0.424731,-0.169480,0.235762,-0.421013,-0.226732
2026-07-16 16:34:30.860,247.499764,0.000000,0.000000,0.000000,0.308181,-0.385282,-0.255913,0.111364,-0.360145,-0.255744,0.209773,-0.372714,-0.255828,0.180055,-0.404219,-0.229120,0.203553,-0.414462,-0.167288,0.235345,-0.411722,-0.224657
2026-07-16 16:34:30.960,247.599764,0.000000,0.000000,0.000000,0.308448,-0.376965,-0.274422,0.111120,-0.354876,-0.271607,0.209784,-0.365920,-0.273014,0.180162,-0.399623,-0.247455,0.204198,-0.412199,-0.187195,0.235940,-0.405051,-0.243629
2026-07-16 16:34:31.060,247.699764,0.000000,0.000000,0.000000,0.308787,-0.390522,-0.257300,0.111642,-0.366339,-0.257128,0.210215,-0.378431,-0.257214,0.180333,-0.410414,-0.230504,0.203613,-0.421586,-0.169599,0.235074,-0.416752,-0.225981
2026-07-16 16:34:31.160,247.799764,0.000000,0.000000,0.000000,0.308366,-0.389412,-0.256835,0.111470,-0.365289,-0.256663,0.209918,-0.377351,-0.256749,0.179450,-0.408158,-0.230021,0.204100,-0.420688,-0.169275,0.235530,-0.415851,-0.225579
2026-07-16 16:34:31.260,247.899764,0.000000,0.000000,0.000000,0.290572,-0.419232,-0.236155,0.094375,-0.388558,-0.236228,0.192473,-0.403895,-0.236192,0.161443,-0.433571,-0.208300,0.185523,-0.442261,-0.146262,0.216670,-0.441930,-0.202929
2026-07-16 16:34:31.360,247.999763,0.000000,0.000000,0.000000,0.308787,-0.390522,-0.257300,0.111642,-0.366339,-0.257128,0.210215,-0.378431,-0.257214,0.180323,-0.410365,-0.231317,0.203613,-0.421586,-0.169599,0.235623,-0.417916,-0.226041
2026-07-16 16:34:31.460,248.099763,0.000000,0.000000,0.000000,0.308690,-0.396639,-0.258450,0.111794,-0.372516,-0.258278,0.210242,-0.384578,-0.258364,0.179764,-0.415336,-0.232448,0.203844,-0.426748,-0.170752,0.235854,-0.423078,-0.227194
2026-07-16 16:34:31.560,248.199763,0.000000,0.000000,0.000000,0.308174,-0.378943,-0.274727,0.111169,-0.355898,-0.271880,0.209672,-0.367420,-0.273304,0.179574,-0.399389,-0.248429,0.204831,-0.414379,-0.187657,0.235745,-0.407043,-0.243978
2026-07-16 16:34:31.660,248.299763,0.000000,0.000000,0.000000,0.308644,-0.395606,-0.258219,0.111828,-0.370469,-0.258050,0.210236,-0.383038,-0.258135,0.179718,-0.414304,-0.232218,0.204377,-0.426883,-0.170658,0.235559,-0.423017,-0.227001
2026-07-16 16:34:31.760,248.399763,0.000000,0.000000,0.000000,0.308547,-0.379009,-0.274967,0.111293,-0.355905,-0.272114,0.209920,-0.367457,-0.273541,0.179453,-0.401399,-0.248773,0.204093,-0.415215,-0.187894,0.235795,-0.408065,-0.244250
2026-07-16 16:34:31.860,248.499763,0.000000,0.000000,0.000000,0.308075,-0.376899,-0.274182,0.111070,-0.353854,-0.271335,0.209573,-0.365376,-0.272758,0.179475,-0.397345,-0.247884,0.204148,-0.411177,-0.186922,0.235646,-0.405000,-0.243433
2026-07-16 16:34:31.960,248.599763,0.000000,0.000000,0.000000,0.307877,-0.372812,-0.273092,0.110798,-0.350781,-0.270282,0.209338,-0.361797,-0.271687,0.179277,-0.393258,-0.246794,0.203951,-0.407090,-0.185832,0.235205,-0.401883,-0.242419
2026-07-16 16:34:32.060,248.699763,0.000000,0.000000,0.000000,0.308174,-0.378943,-0.274727,0.111244,-0.354883,-0.271842,0.209709,-0.366913,-0.273285,0.179574,-0.399389,-0.248429,0.204451,-0.412248,-0.187313,0.235745,-0.407043,-0.243978
2026-07-16 16:34:32.160,248.799763,0.000000,0.000000,0.000000,0.308926,-0.393620,-0.257992,0.111781,-0.369436,-0.257820,0.210354,-0.381528,-0.257906,0.179672,-0.413271,-0.231987,0.203752,-0.424683,-0.170291,0.235762,-0.421013,-0.226732
2026-07-16 16:34:32.260,248.899763,0.000000,0.000000,0.000000,0.308322,-0.382008,-0.275545,0.111467,-0.356934,-0.272622,0.209894,-0.369471,-0.274083,0.179722,-0.402454,-0.249247,0.204396,-0.416286,-0.188285,0.235894,-0.410109,-0.244796
2026-07-16 16:34:32.360,248.999763,0.000000,0.000000,0.000000,0.308174,-0.378943,-0.274727,0.111244,-0.354883,-0.271842,0.209709,-0.366913,-0.273285,0.179574,-0.399389,-0.248429,0.204469,-0.412330,-0.186504,0.235623,-0.407528,-0.244016
2026-07-16 16:34:32.460,249.099762,0.000000,0.000000,0.000000,0.307899,-0.380920,-0.275033,0.111144,-0.357934,-0.272190,0.209522,-0.369427,-0.273612,0.179623,-0.400411,-0.248702,0.204518,-0.413352,-0.186777,0.235795,-0.408065,-0.244250
2026-07-16 16:34:32.560,249.199762,0.000000,0.000000,0.000000,0.308366,-0.389412,-0.256835,0.111481,-0.365339,-0.255824,0.209923,-0.377376,-0.256330,0.179266,-0.409099,-0.230865,0.203531,-0.419569,-0.168327,0.235282,-0.416823,-0.225618
2026-07-16 16:34:32.660,249.299762,0.000000,0.000000,0.000000,0.308412,-0.390444,-0.257066,0.111596,-0.365307,-0.256897,0.210004,-0.377876,-0.256982,0.179312,-0.410132,-0.231096,0.203577,-0.420601,-0.168558,0.235576,-0.416884,-0.225810
2026-07-16 16:34:32.760,249.399762,0.000000,0.000000,0.000000,0.308547,-0.379009,-0.274967,0.111293,-0.355905,-0.272114,0.209920,-0.367457,-0.273541,0.179623,-0.400411,-0.248702,0.204314,-0.414324,-0.186932,0.235795,-0.408065,-0.244250
2026-07-16 16:34:32.860,249.499762,0.000000,0.000000,0.000000,0.308505,-0.392509,-0.257527,0.111689,-0.367372,-0.257359,0.210097,-0.379940,-0.257443,0.179404,-0.412196,-0.231557,0.203888,-0.421738,-0.168091,0.235421,-0.419920,-0.226309
2026-07-16 16:34:32.960,249.599762,0.000000,0.000000,0.000000,0.308273,-0.380986,-0.275273,0.111343,-0.356927,-0.272387,0.209808,-0.368956,-0.273830,0.179673,-0.401433,-0.248975,0.204585,-0.414456,-0.186241,0.235600,-0.410057,-0.244599
2026-07-16 16:34:33.060,249.699762,0.000000,0.000000,0.000000,0.308075,-0.376899,-0.274182,0.111145,-0.352839,-0.271297,0.209610,-0.364869,-0.272739,0.179475,-0.397345,-0.247884,0.204184,-0.411341,-0.185307,0.235646,-0.405000,-0.243433
2026-07-16 16:34:33.160,249.799762,0.000000,0.000000,0.000000,0.308149,-0.378432,-0.274591,0.111145,-0.355387,-0.271744,0.209647,-0.366909,-0.273167,0.179549,-0.398878,-0.248293,0.204462,-0.411901,-0.185559,0.235477,-0.407503,-0.243918
2026-07-16 16:34:33.260,249.899762,0.000000,0.000000,0.000000,0.308551,-0.393542,-0.257758,0.111735,-0.368404,-0.257589,0.210143,-0.380973,-0.257674,0.179635,-0.412287,-0.230944,0.203726,-0.423747,-0.168439,0.235715,-0.419981,-0.226502
2026-07-16 16:34:33.360,249.999762,0.000000,0.000000,0.000000,0.308322,-0.382008,-0.275545,0.111392,-0.357948,-0.272660,0.209857,-0.369978,-0.274102,0.179552,-0.403443,-0.249318,0.204431,-0.416450,-0.186670,0.235894,-0.410109,-0.244796
2026-07-16 16:34:33.460,250.099761,0.000000,0.000000,0.000000,0.308459,-0.391477,-0.257297,0.111642,-0.366339,-0.257128,0.210051,-0.378908,-0.257212,0.179533,-0.410174,-0.231295,0.204432,-0.421921,-0.167189,0.235623,-0.417916,-0.226041
2026-07-16 16:34:33.560,250.199761,0.000000,0.000000,0.000000,0.308366,-0.389412,-0.256835,0.111550,-0.364274,-0.256667,0.209958,-0.376843,-0.256751,0.179450,-0.408158,-0.230021,0.203551,-0.419666,-0.166707,0.235530,-0.415851,-0.225579
2026-07-16 16:34:33.660,250.299761,0.000000,0.000000,0.000000,0.308551,-0.393542,-0.257758,0.111655,-0.369419,-0.257586,0.210103,-0.381480,-0.257672,0.179635,-0.412287,-0.230944,0.204524,-0.423986,-0.167650,0.235467,-0.420953,-0.226540
2026-07-16 16:34:33.760,250.399761,0.000000,0.000000,0.000000,0.301322,-0.397349,-0.267759,0.104933,-0.369402,-0.267216,0.203128,-0.383376,-0.267488,0.172026,-0.414210,-0.241533,0.196587,-0.427894,-0.178510,0.227939,-0.423099,-0.237217
2026-07-16 16:34:33.860,250.499761,0.000000,0.000000,0.000000,0.307991,-0.389334,-0.256601,0.111424,-0.364257,-0.256432,0.209708,-0.376795,-0.256517,0.180194,-0.407316,-0.229812,0.204502,-0.417847,-0.166378,0.235484,-0.414819,-0.225349
2026-07-16 16:34:33.960,250.599761,0.000000,0.000000,0.000000,0.308223,-0.379964,-0.275000,0.111219,-0.356919,-0.272152,0.209721,-0.368442,-0.273576,0.180261,-0.401667,-0.248000,0.205156,-0.414755,-0.184545,0.235795,-0.408065,-0.244250
2026-07-16 16:34:34.060,250.699761,0.000000,0.000000,0.000000,0.308497,-0.377987,-0.274694,0.111169,-0.355898,-0.271880,0.209833,-0.366942,-0.273287,0.179591,-0.399471,-0.247620,0.205106,-0.413733,-0.184273,0.235745,-0.407043,-0.243978
2026-07-16 16:34:34.160,250.799761,0.000000,0.000000,0.000000,0.308497,-0.377987,-0.274694,0.111244,-0.354883,-0.271842,0.209871,-0.366435,-0.273268,0.180382,-0.399657,-0.247656,0.205329,-0.412843,-0.183306,0.235745,-0.407043,-0.243978
2026-07-16 16:34:34.260,250.899761,0.000000,0.000000,0.000000,0.308366,-0.389412,-0.256835,0.111550,-0.364274,-0.256667,0.209958,-0.376843,-0.256751,0.180240,-0.408349,-0.230043,0.204360,-0.419953,-0.165107,0.235779,-0.414880,-0.225541
2026-07-16 16:34:34.360,250.999761,0.000000,0.000000,0.000000,0.308174,-0.378943,-0.274727,0.111318,-0.353868,-0.271804,0.209746,-0.366405,-0.273266,0.180382,-0.399657,-0.247656,0.205346,-0.412925,-0.182497,0.235989,-0.406073,-0.243901
2026-07-16 16:34:34.460,251.099761,0.000000,0.000000,0.000000,0.308695,-0.388458,-0.256839,0.111470,-0.365289,-0.256663,0.210082,-0.376874,-0.256751,0.180240,-0.408349,-0.230043,0.204589,-0.419073,-0.163363,0.235779,-0.414880,-0.225541
2026-07-16 16:34:34.560,251.199760,0.000000,0.000000,0.000000,0.308787,-0.390522,-0.257300,0.111563,-0.367354,-0.257124,0.210175,-0.378938,-0.257212,0.180157,-0.411403,-0.230537,0.204901,-0.420210,-0.162889,0.235871,-0.416945,-0.226002
2026-07-16 16:34:34.660,251.299760,0.000000,0.000000,0.000000,0.308695,-0.388458,-0.256839,0.111470,-0.365289,-0.256663,0.210082,-0.376874,-0.256751,0.180251,-0.408397,-0.229230,0.203821,-0.418979,-0.161719,0.235779,-0.414880,-0.225541
2026-07-16 16:34:34.760,251.399760,0.000000,0.000000,0.000000,0.308448,-0.376965,-0.274422,0.111120,-0.354876,-0.271607,0.209784,-0.365920,-0.273014,0.180969,-0.399891,-0.246683,0.204578,-0.412045,-0.178954,0.235940,-0.405051,-0.243629
2026-07-16 16:34:34.860,251.499760,0.000000,0.000000,0.000000,0.308075,-0.376899,-0.274182,0.111145,-0.352839,-0.271297,0.209610,-0.364869,-0.272739,0.180920,-0.398869,-0.246410,0.204138,-0.413048,-0.178205,0.235891,-0.404029,-0.243356
2026-07-16 16:34:34.960,251.599760,0.000000,0.000000,0.000000,0.308459,-0.391477,-0.257297,0.111642,-0.366339,-0.257128,0.210051,-0.378908,-0.257212,0.181133,-0.410653,-0.229713,0.203539,-0.423189,-0.159194,0.235871,-0.416945,-0.226002
2026-07-16 16:34:35.060,251.699760,0.000000,0.000000,0.000000,0.308459,-0.391477,-0.257297,0.111642,-0.366339,-0.257128,0.210051,-0.378908,-0.257212,0.180957,-0.411642,-0.229746,0.203539,-0.423189,-0.159194,0.235882,-0.416994,-0.225182
2026-07-16 16:34:35.160,251.799760,0.000000,0.000000,0.000000,0.308412,-0.390444,-0.257066,0.111517,-0.366322,-0.256894,0.209964,-0.378383,-0.256980,0.181087,-0.409620,-0.229482,0.203918,-0.420253,-0.157892,0.235835,-0.415961,-0.224951
2026-07-16 16:34:35.260,251.899760,0.000000,0.000000,0.000000,0.308412,-0.390444,-0.257066,0.111517,-0.366322,-0.256894,0.209964,-0.378383,-0.256980,0.181097,-0.409669,-0.228670,0.203140,-0.420110,-0.157059,0.236084,-0.414990,-0.224912
2026-07-16 16:34:35.360,251.999760,0.000000,0.000000,0.000000,0.309019,-0.395684,-0.258453,0.111874,-0.371501,-0.258281,0.210446,-0.383593,-0.258367,0.181375,-0.415863,-0.230053,0.203417,-0.426304,-0.158443,0.236113,-0.422156,-0.226335
2026-07-16 16:34:35.460,252.099760,0.000000,0.000000,0.000000,0.308349,-0.374922,-0.273876,0.111095,-0.351817,-0.271024,0.209722,-0.363370,-0.272450,0.181060,-0.396941,-0.245254,0.203777,-0.410225,-0.174329,0.235859,-0.403090,-0.242266
2026-07-16 16:34:35.560,252.199759,0.000000,0.000000,0.000000,0.308505,-0.392509,-0.257527,0.111609,-0.368387,-0.257355,0.210057,-0.380448,-0.257441,0.181013,-0.412723,-0.229166,0.202443,-0.421984,-0.157499,0.235928,-0.418026,-0.225413
2026-07-16 16:34:35.660,252.299759,0.000000,0.000000,0.000000,0.290207,-0.420172,-0.236094,0.094493,-0.387549,-0.236292,0.192350,-0.403860,-0.236193,0.162269,-0.433796,-0.205876,0.183652,-0.440641,-0.133985,0.216971,-0.440970,-0.202128
2026-07-16 16:34:35.760,252.399759,0.000000,0.000000,0.000000,0.308322,-0.382008,-0.275545,0.111318,-0.358963,-0.272698,0.209820,-0.370485,-0.274121,0.181357,-0.403072,-0.246890,0.203047,-0.416979,-0.177715,0.236156,-0.409221,-0.243902
2026-07-16 16:34:35.860,252.499759,0.000000,0.000000,0.000000,0.308470,-0.385073,-0.276363,0.111541,-0.361014,-0.273477,0.210005,-0.373044,-0.274920,0.181315,-0.407043,-0.248591,0.203178,-0.419962,-0.179340,0.236304,-0.412286,-0.244719
2026-07-16 16:34:35.960,252.599759,0.000000,0.000000,0.000000,0.308644,-0.395606,-0.258219,0.111748,-0.371484,-0.258047,0.210196,-0.383545,-0.258133,0.181142,-0.415772,-0.230669,0.202119,-0.426794,-0.162502,0.236067,-0.421123,-0.226104
2026-07-16 16:34:36.060,252.699759,0.000000,0.000000,0.000000,0.308273,-0.387347,-0.256374,0.111457,-0.362210,-0.256205,0.209865,-0.374778,-0.256290,0.179983,-0.407322,-0.228803,0.201718,-0.418390,-0.163084,0.235696,-0.412864,-0.224259
2026-07-16 16:34:36.160,252.799759,0.000000,0.000000,0.000000,0.308273,-0.387347,-0.256374,0.111378,-0.363225,-0.256202,0.209825,-0.375286,-0.256288,0.180148,-0.406284,-0.229581,0.201903,-0.417316,-0.164582,0.235438,-0.413787,-0.225118
2026-07-16 16:34:36.260,252.899759,0.000000,0.000000,0.000000,0.308366,-0.389412,-0.256835,0.111550,-0.364274,-0.256667,0.209958,-0.376843,-0.256751,0.179450,-0.408158,-0.230021,0.201759,-0.420214,-0.167592,0.235282,-0.416823,-0.225618
2026-07-16 16:34:36.360,252.999759,0.000000,0.000000,0.000000,0.308412,-0.390444,-0.257066,0.111517,-0.366322,-0.256894,0.209964,-0.378383,-0.256980,0.179312,-0.410132,-0.231096,0.201580,-0.422127,-0.169557,0.235079,-0.418827,-0.225886
2026-07-16 16:34:36.460,253.099759,0.000000,0.000000,0.000000,0.308459,-0.391477,-0.257297,0.111642,-0.366339,-0.257128,0.210051,-0.378908,-0.257212,0.179184,-0.412154,-0.231358,0.202017,-0.421108,-0.171177,0.235126,-0.419859,-0.226117
2026-07-16 16:34:36.560,253.199759,0.000000,0.000000,0.000000,0.308547,-0.379009,-0.274967,0.111219,-0.356919,-0.272152,0.209883,-0.367964,-0.273560,0.178664,-0.401214,-0.248737,0.203235,-0.414704,-0.191084,0.235307,-0.410006,-0.244403
2026-07-16 16:34:36.660,253.299758,0.000000,0.000000,0.000000,0.307976,-0.374855,-0.273637,0.111046,-0.350796,-0.270752,0.209511,-0.362826,-0.272194,0.178399,-0.396023,-0.248183,0.202970,-0.409513,-0.190528,0.234264,-0.404710,-0.243004
2026-07-16 16:34:36.760,253.399758,0.000000,0.000000,0.000000,0.308787,-0.390522,-0.257300,0.111563,-0.367354,-0.257124,0.210175,-0.378938,-0.257212,0.178559,-0.410925,-0.232117,0.202557,-0.422083,-0.174549,0.234321,-0.419618,-0.226913
2026-07-16 16:34:36.860,253.499758,0.000000,0.000000,0.000000,0.308174,-0.378943,-0.274727,0.111318,-0.353868,-0.271804,0.209746,-0.366405,-0.273266,0.178428,-0.401099,-0.249343,0.202930,-0.414410,-0.193377,0.234201,-0.409686,-0.244984
2026-07-16 16:34:36.960,253.599758,0.000000,0.000000,0.000000,0.300895,-0.395214,-0.267014,0.104763,-0.367403,-0.265635,0.202829,-0.381309,-0.266324,0.170951,-0.411772,-0.242419,0.195190,-0.425870,-0.186072,0.226259,-0.422638,-0.237426
2026-07-16 16:34:37.060,253.699758,0.000000,0.000000,0.000000,0.308695,-0.388458,-0.256839,0.111550,-0.364274,-0.256667,0.210122,-0.376366,-0.256753,0.178477,-0.408908,-0.230844,0.203033,-0.421138,-0.175026,0.233981,-0.418525,-0.226489
2026-07-16 16:34:37.160,253.799758,0.000000,0.000000,0.000000,0.307850,-0.379898,-0.274761,0.111169,-0.355898,-0.271880,0.209510,-0.367898,-0.273320,0.179556,-0.399307,-0.249239,0.203938,-0.413704,-0.192460,0.234462,-0.408797,-0.244095
2026-07-16 16:34:37.260,253.899758,0.000000,0.000000,0.000000,0.308448,-0.376965,-0.274422,0.111194,-0.353861,-0.271569,0.209821,-0.365413,-0.272995,0.179354,-0.399356,-0.248228,0.204676,-0.412867,-0.192223,0.234413,-0.407775,-0.243822
2026-07-16 16:34:37.360,253.999758,0.000000,0.000000,0.000000,0.308366,-0.389412,-0.256835,0.111470,-0.365289,-0.256663,0.209918,-0.377351,-0.256749,0.179440,-0.408109,-0.230834,0.204048,-0.420447,-0.173321,0.234239,-0.417602,-0.225634
2026-07-16 16:34:37.460,254.099758,0.000000,0.000000,0.000000,0.308075,-0.376899,-0.274182,0.111070,-0.353854,-0.271335,0.209573,-0.365376,-0.272758,0.179475,-0.397345,-0.247884,0.204644,-0.411927,-0.191144,0.234363,-0.406754,-0.243549
2026-07-16 16:34:37.560,254.199758,0.000000,0.000000,0.000000,0.289830,-0.417976,-0.235523,0.094244,-0.386433,-0.235655,0.192037,-0.402205,-0.235589,0.161658,-0.429455,-0.207004,0.186478,-0.438370,-0.148957,0.215585,-0.439534,-0.202385
2026-07-16 16:34:37.660,254.299757,0.000000,0.000000,0.000000,0.307720,-0.376920,-0.273083,0.111021,-0.352832,-0.271062,0.209371,-0.364876,-0.272072,0.180234,-0.396591,-0.246838,0.205400,-0.411172,-0.190101,0.234557,-0.404761,-0.243200
2026-07-16 16:34:37.760,254.399757,0.000000,0.000000,0.000000,0.307949,-0.381942,-0.275306,0.111286,-0.358026,-0.271589,0.209618,-0.369984,-0.273447,0.180481,-0.401700,-0.248201,0.206659,-0.415575,-0.190543,0.234804,-0.409870,-0.244563
2026-07-16 16:34:37.860,254.499757,0.000000,0.000000,0.000000,0.287761,-0.393126,-0.272747,0.092266,-0.359578,-0.270272,0.190013,-0.376352,-0.271509,0.159018,-0.406842,-0.245730,0.184361,-0.421788,-0.187966,0.213118,-0.416925,-0.241908
2026-07-16 16:34:37.960,254.599757,0.000000,0.000000,0.000000,0.309065,-0.396717,-0.258684,0.111841,-0.373549,-0.258508,0.210453,-0.385133,-0.258596,0.180786,-0.415618,-0.231855,0.206234,-0.428255,-0.172668,0.234980,-0.424404,-0.227422
2026-07-16 16:34:38.060,254.699757,0.000000,0.000000,0.000000,0.308459,-0.391477,-0.257297,0.111642,-0.366339,-0.257128,0.210051,-0.378908,-0.257212,0.181123,-0.410605,-0.230525,0.206956,-0.421275,-0.171192,0.234826,-0.417724,-0.226019
2026-07-16 16:34:38.160,254.799757,0.000000,0.000000,0.000000,0.308322,-0.382008,-0.275545,0.111318,-0.358963,-0.272698,0.209820,-0.370485,-0.274121,0.181321,-0.402908,-0.248510,0.207706,-0.415810,-0.190700,0.234853,-0.410892,-0.244836
2026-07-16 16:34:38.260,254.899757,0.000000,0.000000,0.000000,0.308412,-0.390444,-0.257066,0.111437,-0.367337,-0.256890,0.209925,-0.378891,-0.256978,0.181077,-0.409572,-0.230295,0.207689,-0.420385,-0.171794,0.234532,-0.417663,-0.225827
2026-07-16 16:34:38.360,254.999757,0.000000,0.000000,0.000000,0.308273,-0.387347,-0.256374,0.111378,-0.363225,-0.256202,0.209825,-0.375286,-0.256288,0.180948,-0.406523,-0.228790,0.207550,-0.417288,-0.171102,0.234641,-0.413594,-0.225096
2026-07-16 16:34:38.460,255.099757,0.000000,0.000000,0.000000,0.308075,-0.376899,-0.274182,0.111070,-0.353854,-0.271335,0.209573,-0.365376,-0.272758,0.181092,-0.397881,-0.246337,0.209038,-0.411073,-0.189410,0.234052,-0.404625,-0.243360
2026-07-16 16:34:38.560,255.199757,0.000000,0.000000,0.000000,0.308322,-0.382008,-0.275545,0.111318,-0.358963,-0.272698,0.209820,-0.370485,-0.274121,0.182130,-0.403176,-0.247736,0.209495,-0.415210,-0.190622,0.235096,-0.409921,-0.244759
2026-07-16 16:34:38.660,255.299757,0.000000,0.000000,0.000000,0.293161,-0.395603,-0.261444,0.097188,-0.364936,-0.259524,0.195175,-0.380270,-0.260484,0.166270,-0.410936,-0.232994,0.193729,-0.423200,-0.175624,0.218431,-0.418418,-0.229679
2026-07-16 16:34:38.760,255.399756,0.000000,0.000000,0.000000,0.308124,-0.377921,-0.274455,0.111120,-0.354876,-0.271607,0.209622,-0.366398,-0.273031,0.181914,-0.399006,-0.247455,0.210088,-0.411309,-0.189567,0.234343,-0.404676,-0.243556
2026-07-16 16:34:38.860,255.499756,0.000000,0.000000,0.000000,0.307976,-0.374855,-0.273637,0.111046,-0.350796,-0.270752,0.209511,-0.362826,-0.272194,0.181766,-0.395941,-0.246637,0.209940,-0.408243,-0.188750,0.234195,-0.401610,-0.242738
2026-07-16 16:34:38.960,255.599756,0.000000,0.000000,0.000000,0.307976,-0.374855,-0.273637,0.110972,-0.351810,-0.270790,0.209474,-0.363333,-0.272213,0.181784,-0.396023,-0.245828,0.210501,-0.409318,-0.189745,0.234195,-0.401610,-0.242738
2026-07-16 16:34:39.060,255.699756,0.000000,0.000000,0.000000,0.290529,-0.408784,-0.234457,0.094332,-0.378110,-0.234529,0.192431,-0.393447,-0.234493,0.163207,-0.422587,-0.205030,0.191635,-0.430443,-0.147750,0.215839,-0.431258,-0.201216
2026-07-16 16:34:39.160,255.799756,0.000000,0.000000,0.000000,0.308695,-0.388458,-0.256839,0.111470,-0.365289,-0.256663,0.210082,-0.376874,-0.256751,0.181821,-0.408731,-0.230086,0.210788,-0.420068,-0.172460,0.234184,-0.414494,-0.225498
2026-07-16 16:34:39.260,255.899756,0.000000,0.000000,0.000000,0.308787,-0.390522,-0.257300,0.111563,-0.367354,-0.257124,0.210175,-0.378938,-0.257212,0.181923,-0.410844,-0.229734,0.211098,-0.421158,-0.172811,0.234276,-0.416559,-0.225959
2026-07-16 16:34:39.360,255.999756,0.000000,0.000000,0.000000,0.308130,-0.392431,-0.257293,0.111653,-0.366389,-0.256288,0.209892,-0.379410,-0.256790,0.182714,-0.411035,-0.229756,0.211088,-0.421109,-0.173623,0.235074,-0.416752,-0.225981
2026-07-16 16:34:39.460,256.099756,0.000000,0.000000,0.000000,0.308412,-0.390444,-0.257066,0.111596,-0.365307,-0.256897,0.210004,-0.377876,-0.256982,0.182657,-0.409954,-0.230338,0.211831,-0.420268,-0.173414,0.234230,-0.415526,-0.225728
2026-07-16 16:34:39.560,256.199756,0.000000,0.000000,0.000000,0.308075,-0.376899,-0.274182,0.111070,-0.353854,-0.271335,0.209573,-0.365376,-0.272758,0.182656,-0.398171,-0.247219,0.212144,-0.411569,-0.191979,0.235092,-0.403842,-0.243320
2026-07-16 16:34:39.660,256.299756,0.000000,0.000000,0.000000,0.308690,-0.396639,-0.258450,0.111874,-0.371501,-0.258281,0.210282,-0.384070,-0.258365,0.182322,-0.414969,-0.231667,0.212889,-0.426605,-0.175632,0.234261,-0.422693,-0.227151
2026-07-16 16:34:39.760,256.399755,0.000000,0.000000,0.000000,0.308025,-0.375877,-0.273910,0.111095,-0.351817,-0.271024,0.209560,-0.363847,-0.272467,0.182606,-0.397149,-0.246946,0.213082,-0.409680,-0.192405,0.234244,-0.402632,-0.243011
2026-07-16 16:34:39.860,256.499755,0.000000,0.000000,0.000000,0.308269,-0.395528,-0.257985,0.111712,-0.370501,-0.256977,0.209991,-0.383015,-0.257481,0.182842,-0.414084,-0.231260,0.213786,-0.423660,-0.176711,0.234415,-0.419656,-0.226651
2026-07-16 16:34:39.960,256.599755,0.000000,0.000000,0.000000,0.308075,-0.376899,-0.274182,0.111145,-0.352839,-0.271297,0.209610,-0.364869,-0.272739,0.182656,-0.398171,-0.247219,0.214104,-0.409754,-0.194190,0.234294,-0.403654,-0.243283
2026-07-16 16:34:40.060,256.699755,0.000000,0.000000,0.000000,0.308596,-0.380031,-0.275239,0.111286,-0.358026,-0.271589,0.209941,-0.369028,-0.273414,0.182853,-0.402258,-0.248309,0.215076,-0.413945,-0.196127,0.234474,-0.407659,-0.245191
2026-07-16 16:34:40.160,256.799755,0.000000,0.000000,0.000000,0.307998,-0.382963,-0.275578,0.111410,-0.358033,-0.271822,0.209704,-0.370498,-0.273700,0.182903,-0.403280,-0.248582,0.215125,-0.414967,-0.196400,0.234523,-0.408680,-0.245464
2026-07-16 16:34:40.260,256.899755,0.000000,0.000000,0.000000,0.308690,-0.396639,-0.258450,0.111805,-0.372566,-0.257438,0.210248,-0.384603,-0.257944,0.182935,-0.416149,-0.231721,0.214639,-0.425771,-0.179634,0.234508,-0.421721,-0.227112
2026-07-16 16:34:40.360,256.999755,0.000000,0.000000,0.000000,0.308798,-0.390574,-0.256435,0.111483,-0.368369,-0.257121,0.210141,-0.379472,-0.256778,0.182703,-0.410987,-0.230568,0.213606,-0.420369,-0.179274,0.234276,-0.416559,-0.225959
2026-07-16 16:34:40.460,257.099755,0.000000,0.000000,0.000000,0.308459,-0.391477,-0.257297,0.111642,-0.366339,-0.257128,0.210051,-0.378908,-0.257212,0.183493,-0.411178,-0.230590,0.213596,-0.420321,-0.180087,0.234266,-0.416510,-0.226779
2026-07-16 16:34:40.560,257.199755,0.000000,0.000000,0.000000,0.308470,-0.385073,-0.276363,0.111484,-0.362113,-0.272679,0.209977,-0.373593,-0.274521,0.183225,-0.405357,-0.249327,0.214411,-0.417518,-0.200425,0.234689,-0.411829,-0.245464
2026-07-16 16:34:40.660,257.299755,0.000000,0.000000,0.000000,0.307850,-0.379898,-0.274761,0.111169,-0.355898,-0.271880,0.209510,-0.367898,-0.273320,0.183721,-0.399413,-0.247728,0.213323,-0.411201,-0.198753,0.233594,-0.405510,-0.243792
2026-07-16 16:34:40.760,257.399755,0.000000,0.000000,0.000000,0.308926,-0.393620,-0.257992,0.111792,-0.369486,-0.256980,0.210359,-0.381553,-0.257486,0.183812,-0.413286,-0.231249,0.212350,-0.421963,-0.182265,0.233617,-0.419463,-0.226629
2026-07-16 16:34:40.860,257.499754,0.000000,0.000000,0.000000,0.308075,-0.376899,-0.274182,0.111145,-0.352839,-0.271297,0.209610,-0.364869,-0.272739,0.183622,-0.397369,-0.247183,0.212611,-0.407835,-0.199657,0.233496,-0.403467,-0.243247
2026-07-16 16:34:40.960,257.599754,0.000000,0.000000,0.000000,0.308598,-0.394574,-0.257989,0.111781,-0.369436,-0.257820,0.210189,-0.382005,-0.257904,0.183992,-0.412298,-0.231217,0.211330,-0.422698,-0.183156,0.233617,-0.419463,-0.226629
2026-07-16 16:34:41.060,257.699754,0.000000,0.000000,0.000000,0.308273,-0.380986,-0.275273,0.111343,-0.356927,-0.272387,0.209808,-0.368956,-0.273830,0.183995,-0.400469,-0.248201,0.212015,-0.411736,-0.200712,0.233693,-0.407554,-0.244337
2026-07-16 16:34:41.160,257.799754,0.000000,0.000000,0.000000,0.308412,-0.390444,-0.257066,0.111517,-0.366322,-0.256894,0.209964,-0.378383,-0.256980,0.183627,-0.409157,-0.230326,0.211135,-0.418520,-0.183047,0.233432,-0.415334,-0.225707
2026-07-16 16:34:41.260,257.899754,0.000000,0.000000,0.000000,0.309019,-0.395684,-0.258453,0.111874,-0.371501,-0.258281,0.210446,-0.383593,-0.258367,0.184084,-0.414363,-0.231678,0.211413,-0.424715,-0.184431,0.233955,-0.420556,-0.227052
2026-07-16 16:34:41.360,257.999754,0.000000,0.000000,0.000000,0.308366,-0.389412,-0.256835,0.111481,-0.365339,-0.255824,0.209923,-0.377376,-0.256330,0.183760,-0.407136,-0.230063,0.211089,-0.417488,-0.182816,0.233631,-0.413329,-0.225438
2026-07-16 16:34:41.460,258.099754,0.000000,0.000000,0.000000,0.308926,-0.393620,-0.257992,0.111781,-0.369436,-0.257820,0.210354,-0.381528,-0.257906,0.183992,-0.412298,-0.231217,0.210529,-0.422459,-0.183948,0.232809,-0.419221,-0.227428
2026-07-16 16:34:41.560,258.199754,0.000000,0.000000,0.000000,0.308505,-0.392509,-0.257527,0.111689,-0.367372,-0.257359,0.210097,-0.379940,-0.257443,0.183899,-0.410233,-0.230755,0.210436,-0.420394,-0.183487,0.233525,-0.417398,-0.226168
2026-07-16 16:34:41.660,258.299754,0.000000,0.000000,0.000000,0.308745,-0.383096,-0.276057,0.111509,-0.360077,-0.272368,0.210127,-0.371586,-0.274212,0.184125,-0.403452,-0.249831,0.211933,-0.415691,-0.202476,0.233842,-0.410619,-0.245155
2026-07-16 16:34:41.760,258.399754,0.000000,0.000000,0.000000,0.308399,-0.375943,-0.274149,0.111163,-0.352924,-0.270459,0.209781,-0.364434,-0.272304,0.183604,-0.397287,-0.247994,0.211356,-0.409429,-0.201513,0.233719,-0.402413,-0.243989
2026-07-16 16:34:41.860,258.499753,0.000000,0.000000,0.000000,0.308741,-0.389490,-0.257070,0.111517,-0.366322,-0.256894,0.210129,-0.377906,-0.256982,0.183617,-0.409108,-0.231140,0.210907,-0.419448,-0.183956,0.233422,-0.415285,-0.226527
2026-07-16 16:34:41.960,258.599753,0.000000,0.000000,0.000000,0.308320,-0.388379,-0.256605,0.111503,-0.363242,-0.256436,0.209912,-0.375811,-0.256520,0.182733,-0.406852,-0.230657,0.210815,-0.417383,-0.183495,0.233329,-0.413220,-0.226066
2026-07-16 16:34:42.060,258.699753,0.000000,0.000000,0.000000,0.308399,-0.375943,-0.274149,0.111089,-0.353939,-0.270499,0.209744,-0.364941,-0.272324,0.182812,-0.397101,-0.247958,0.211339,-0.409347,-0.202323,0.233478,-0.403384,-0.244064
2026-07-16 16:34:42.160,258.799753,0.000000,0.000000,0.000000,0.309019,-0.395684,-0.258453,0.111794,-0.372516,-0.258278,0.210407,-0.384100,-0.258366,0.183093,-0.415063,-0.233316,0.211747,-0.426761,-0.186268,0.233700,-0.421479,-0.227911
2026-07-16 16:34:42.260,258.899753,0.000000,0.000000,0.000000,0.308459,-0.391477,-0.257297,0.111563,-0.367354,-0.257124,0.210011,-0.379416,-0.257211,0.182070,-0.409710,-0.232142,0.211505,-0.421550,-0.185927,0.233468,-0.416317,-0.226758
2026-07-16 16:34:42.360,258.999753,0.000000,0.000000,0.000000,0.308646,-0.381052,-0.275512,0.111318,-0.358963,-0.272698,0.209982,-0.370008,-0.274105,0.182077,-0.402930,-0.250165,0.211913,-0.416422,-0.205603,0.233707,-0.408410,-0.246245
2026-07-16 16:34:42.460,259.099753,0.000000,0.000000,0.000000,0.308497,-0.377987,-0.274694,0.111244,-0.354883,-0.271842,0.209871,-0.366435,-0.273268,0.182101,-0.398876,-0.249277,0.211765,-0.413357,-0.204785,0.233559,-0.405345,-0.245427
2026-07-16 16:34:42.560,259.199753,0.000000,0.000000,0.000000,0.308038,-0.390366,-0.256832,0.111550,-0.364274,-0.256667,0.209794,-0.377320,-0.256749,0.181800,-0.408634,-0.231711,0.211184,-0.420413,-0.186369,0.233365,-0.414204,-0.227117
2026-07-16 16:34:42.660,259.299753,0.000000,0.000000,0.000000,0.308421,-0.384052,-0.276090,0.111491,-0.359992,-0.273205,0.209956,-0.372022,-0.274648,0.181385,-0.404788,-0.250674,0.211995,-0.418384,-0.206956,0.234604,-0.410641,-0.246826
2026-07-16 16:34:42.760,259.399753,0.000000,0.000000,0.000000,0.308695,-0.388458,-0.256839,0.111470,-0.365289,-0.256663,0.210082,-0.376874,-0.256751,0.181010,-0.408443,-0.231689,0.210169,-0.421151,-0.187249,0.234163,-0.414396,-0.227138
2026-07-16 16:34:42.860,259.499753,0.000000,0.000000,0.000000,0.308972,-0.394652,-0.258223,0.111828,-0.370469,-0.258050,0.210400,-0.382560,-0.258137,0.181288,-0.414637,-0.233073,0.210674,-0.426417,-0.187731,0.233398,-0.421370,-0.228537
2026-07-16 16:34:42.960,259.599752,0.000000,0.000000,0.000000,0.308459,-0.391477,-0.257297,0.111563,-0.367354,-0.257124,0.210011,-0.379416,-0.257211,0.181102,-0.410508,-0.232151,0.210489,-0.422288,-0.186809,0.233212,-0.417241,-0.227614
2026-07-16 16:34:43.060,259.699752,0.000000,0.000000,0.000000,0.308366,-0.389412,-0.256835,0.111550,-0.364274,-0.256667,0.209958,-0.376843,-0.256751,0.181010,-0.408443,-0.231689,0.209392,-0.421009,-0.186418,0.234163,-0.414396,-0.227138
2026-07-16 16:34:43.160,259.799752,0.000000,0.000000,0.000000,0.308075,-0.376899,-0.274182,0.111145,-0.352839,-0.271297,0.209610,-0.364869,-0.272739,0.181039,-0.397635,-0.248766,0.209300,-0.410758,-0.204132,0.233460,-0.403301,-0.244882
2026-07-16 16:34:43.260,259.899752,0.000000,0.000000,0.000000,0.308124,-0.377921,-0.274455,0.111120,-0.354876,-0.271607,0.209622,-0.366398,-0.273031,0.181260,-0.397668,-0.248969,0.209367,-0.411861,-0.203597,0.233509,-0.404323,-0.245155
2026-07-16 16:34:43.360,259.999752,0.000000,0.000000,0.000000,0.307702,-0.376833,-0.273943,0.111114,-0.351902,-0.270187,0.209408,-0.364367,-0.272065,0.180989,-0.396613,-0.248494,0.208689,-0.408659,-0.202884,0.233170,-0.403251,-0.244684
2026-07-16 16:34:43.460,260.099752,0.000000,0.000000,0.000000,0.308273,-0.387347,-0.256374,0.111457,-0.362210,-0.256205,0.209865,-0.374778,-0.256290,0.181094,-0.405389,-0.231198,0.207162,-0.417444,-0.184991,0.233027,-0.413111,-0.226692
2026-07-16 16:34:43.560,260.199752,0.000000,0.000000,0.000000,0.307995,-0.374943,-0.272776,0.111046,-0.350796,-0.270752,0.209520,-0.362869,-0.271764,0.180940,-0.395591,-0.248221,0.206853,-0.408240,-0.202672,0.233120,-0.402229,-0.244411
2026-07-16 16:34:43.660,260.299752,0.000000,0.000000,0.000000,0.308829,-0.399736,-0.259142,0.111933,-0.375614,-0.258969,0.210381,-0.387675,-0.259056,0.181650,-0.417778,-0.233965,0.206352,-0.428474,-0.187622,0.233593,-0.425549,-0.228640
2026-07-16 16:34:43.760,260.399752,0.000000,0.000000,0.000000,0.308399,-0.375943,-0.274149,0.111145,-0.352839,-0.271297,0.209772,-0.364391,-0.272723,0.181211,-0.396647,-0.248696,0.206163,-0.410098,-0.203181,0.233237,-0.404355,-0.244140
2026-07-16 16:34:43.860,260.499752,0.000000,0.000000,0.000000,0.308695,-0.388458,-0.256839,0.111470,-0.365289,-0.256663,0.210082,-0.376874,-0.256751,0.180395,-0.407262,-0.231638,0.204891,-0.418937,-0.185388,0.233120,-0.415176,-0.227153
2026-07-16 16:34:43.960,260.599751,0.000000,0.000000,0.000000,0.308421,-0.384052,-0.276090,0.111491,-0.359992,-0.273205,0.209956,-0.372022,-0.274648,0.180594,-0.404602,-0.250638,0.205703,-0.416984,-0.205861,0.233565,-0.411425,-0.246864
2026-07-16 16:34:44.060,260.699751,0.000000,0.000000,0.000000,0.308421,-0.384052,-0.276090,0.111491,-0.359992,-0.273205,0.209956,-0.372022,-0.274648,0.180577,-0.404520,-0.251448,0.204932,-0.416880,-0.205017,0.233565,-0.411425,-0.246864
2026-07-16 16:34:44.160,260.799751,0.000000,0.000000,0.000000,0.308075,-0.376899,-0.274182,0.111070,-0.353854,-0.271335,0.209573,-0.365376,-0.272758,0.180060,-0.398356,-0.249609,0.204381,-0.410702,-0.203241,0.232978,-0.405244,-0.245031
2026-07-16 16:34:44.260,260.899751,0.000000,0.000000,0.000000,0.308459,-0.391477,-0.257297,0.111642,-0.366339,-0.257128,0.210051,-0.378908,-0.257212,0.179338,-0.411067,-0.232950,0.203200,-0.421599,-0.185900,0.233212,-0.417241,-0.227614
2026-07-16 16:34:44.360,260.999751,0.000000,0.000000,0.000000,0.308075,-0.376899,-0.274182,0.111070,-0.353854,-0.271335,0.209573,-0.365376,-0.272758,0.179270,-0.398170,-0.249573,0.203611,-0.410599,-0.202399,0.232978,-0.405244,-0.245031
2026-07-16 16:34:44.460,261.099751,0.000000,0.000000,0.000000,0.308223,-0.379964,-0.275000,0.111219,-0.356919,-0.272152,0.209721,-0.368442,-0.273576,0.179248,-0.402225,-0.250459,0.203556,-0.414639,-0.203350,0.234165,-0.407525,-0.245810
2026-07-16 16:34:44.560,261.199751,0.000000,0.000000,0.000000,0.308787,-0.390522,-0.257300,0.111563,-0.367354,-0.257124,0.210175,-0.378938,-0.257212,0.179338,-0.411067,-0.232950,0.203013,-0.422674,-0.184377,0.233763,-0.418406,-0.227672
2026-07-16 16:34:44.660,261.299751,0.000000,0.000000,0.000000,0.301189,-0.392212,-0.266484,0.104900,-0.363253,-0.265920,0.203045,-0.377732,-0.266202,0.171683,-0.409923,-0.241934,0.195064,-0.423208,-0.192823,0.226204,-0.417410,-0.237526
2026-07-16 16:34:44.760,261.399751,0.000000,0.000000,0.000000,0.308366,-0.389412,-0.256835,0.111470,-0.365289,-0.256663,0.209918,-0.377351,-0.256749,0.179430,-0.408061,-0.231647,0.203169,-0.419823,-0.180583,0.233927,-0.415417,-0.226355
2026-07-16 16:34:44.860,261.499751,0.000000,0.000000,0.000000,0.308372,-0.383030,-0.275818,0.111367,-0.359985,-0.272970,0.209869,-0.371507,-0.274394,0.180374,-0.404569,-0.250436,0.204614,-0.418460,-0.198566,0.235128,-0.410861,-0.245848
2026-07-16 16:34:44.960,261.599751,0.000000,0.000000,0.000000,0.308741,-0.389490,-0.257070,0.111596,-0.365307,-0.256897,0.210168,-0.377398,-0.256983,0.180276,-0.409333,-0.231086,0.204043,-0.421239,-0.177598,0.234770,-0.416642,-0.226608
2026-07-16 16:34:45.060,261.699750,0.000000,0.000000,0.000000,0.308459,-0.391477,-0.257297,0.111563,-0.367354,-0.257124,0.210011,-0.379416,-0.257211,0.181113,-0.410556,-0.231338,0.204687,-0.423535,-0.176338,0.234816,-0.417675,-0.226838
2026-07-16 16:34:45.160,261.799750,0.000000,0.000000,0.000000,0.308459,-0.391477,-0.257297,0.111722,-0.365324,-0.257131,0.210090,-0.378401,-0.257214,0.181113,-0.410556,-0.231338,0.204917,-0.422654,-0.174613,0.235074,-0.416752,-0.225981
2026-07-16 16:34:45.260,261.899750,0.000000,0.000000,0.000000,0.293192,-0.398698,-0.262157,0.097444,-0.366008,-0.260232,0.195318,-0.382353,-0.261195,0.166285,-0.413977,-0.234519,0.189348,-0.427094,-0.177236,0.219251,-0.421732,-0.230422
2026-07-16 16:34:45.360,261.999750,0.000000,0.000000,0.000000,0.308644,-0.395606,-0.258219,0.111828,-0.370469,-0.258050,0.210236,-0.383038,-0.258135,0.182276,-0.413936,-0.231437,0.205920,-0.427119,-0.173129,0.235259,-0.420881,-0.226903
2026-07-16 16:34:45.460,262.099750,0.000000,0.000000,0.000000,0.308736,-0.397671,-0.258681,0.111920,-0.372534,-0.258512,0.210328,-0.385103,-0.258596,0.182191,-0.416990,-0.231931,0.206033,-0.429280,-0.171972,0.235352,-0.422946,-0.227364
2026-07-16 16:34:45.560,262.199750,0.000000,0.000000,0.000000,0.307850,-0.379898,-0.274761,0.111244,-0.354883,-0.271842,0.209547,-0.367390,-0.273301,0.182755,-0.400214,-0.247764,0.207384,-0.413880,-0.188418,0.235191,-0.405885,-0.243865
2026-07-16 16:34:45.660,262.299750,0.000000,0.000000,0.000000,0.308505,-0.392509,-0.257527,0.111689,-0.367372,-0.257359,0.210097,-0.379940,-0.257443,0.182928,-0.411030,-0.230766,0.206811,-0.423380,-0.169915,0.235120,-0.417784,-0.226211
2026-07-16 16:34:45.760,262.399750,0.000000,0.000000,0.000000,0.307850,-0.379898,-0.274761,0.111169,-0.355898,-0.271880,0.209510,-0.367898,-0.273320,0.182929,-0.399227,-0.247692,0.207610,-0.412991,-0.187457,0.235434,-0.404915,-0.243788
2026-07-16 16:34:45.860,262.499750,0.000000,0.000000,0.000000,0.307976,-0.374855,-0.273637,0.111046,-0.350796,-0.270752,0.209511,-0.362826,-0.272194,0.181939,-0.394953,-0.246565,0.207222,-0.409957,-0.185713,0.235236,-0.400827,-0.242698
2026-07-16 16:34:45.960,262.599750,0.000000,0.000000,0.000000,0.308497,-0.377987,-0.274694,0.111169,-0.355898,-0.271880,0.209833,-0.366942,-0.273287,0.182929,-0.399227,-0.247692,0.207420,-0.414044,-0.186803,0.235191,-0.405885,-0.243865
2026-07-16 16:34:46.060,262.699749,0.000000,0.000000,0.000000,0.307976,-0.374855,-0.273637,0.111046,-0.350796,-0.270752,0.209511,-0.362826,-0.272194,0.182557,-0.396127,-0.246673,0.207430,-0.408985,-0.185558,0.234993,-0.401798,-0.242775
2026-07-16 16:34:46.160,262.799749,0.000000,0.000000,0.000000,0.308880,-0.392587,-0.257762,0.111655,-0.369419,-0.257586,0.210268,-0.381003,-0.257674,0.182183,-0.411871,-0.230976,0.207080,-0.423485,-0.169219,0.235414,-0.417845,-0.226404
2026-07-16 16:34:46.260,262.899749,0.000000,0.000000,0.000000,0.308741,-0.389490,-0.257070,0.111517,-0.366322,-0.256894,0.210129,-0.377906,-0.256982,0.181867,-0.409763,-0.230316,0.206729,-0.421364,-0.168643,0.235027,-0.415719,-0.225750
2026-07-16 16:34:46.360,262.999749,0.000000,0.000000,0.000000,0.308448,-0.376965,-0.274422,0.111194,-0.353861,-0.271569,0.209821,-0.365413,-0.272995,0.181914,-0.399006,-0.247455,0.207370,-0.413022,-0.186531,0.235385,-0.403893,-0.243516
2026-07-16 16:34:46.460,263.099749,0.000000,0.000000,0.000000,0.308366,-0.389412,-0.256835,0.111550,-0.364274,-0.256667,0.209958,-0.376843,-0.256751,0.181821,-0.408731,-0.230086,0.206460,-0.421259,-0.169338,0.234981,-0.414687,-0.225519
2026-07-16 16:34:46.560,263.199749,0.000000,0.000000,0.000000,0.308412,-0.390444,-0.257066,0.111517,-0.366322,-0.256894,0.209964,-0.378383,-0.256980,0.181867,-0.409763,-0.230316,0.205930,-0.421125,-0.169432,0.235027,-0.415719,-0.225750
2026-07-16 16:34:46.660,263.299749,0.000000,0.000000,0.000000,0.308448,-0.376965,-0.274422,0.111194,-0.353861,-0.271569,0.209821,-0.365413,-0.272995,0.181914,-0.399006,-0.247455,0.206564,-0.412755,-0.187302,0.235142,-0.404863,-0.243592
2026-07-16 16:34:46.760,263.399749,0.000000,0.000000,0.000000,0.307976,-0.374855,-0.273637,0.110972,-0.351810,-0.270790,0.209474,-0.363333,-0.272213,0.181766,-0.395941,-0.246637,0.206208,-0.410661,-0.186639,0.234993,-0.401798,-0.242775
2026-07-16 16:34:46.860,263.499749,0.000000,0.000000,0.000000,0.308075,-0.376899,-0.274182,0.111070,-0.353854,-0.271335,0.209573,-0.365376,-0.272758,0.181074,-0.397799,-0.247147,0.206307,-0.412705,-0.187184,0.235092,-0.403842,-0.243320
2026-07-16 16:34:46.960,263.599749,0.000000,0.000000,0.000000,0.308602,-0.386393,-0.256378,0.111378,-0.363225,-0.256202,0.209990,-0.374809,-0.256290,0.180938,-0.406475,-0.229603,0.204584,-0.419790,-0.168950,0.234888,-0.412622,-0.225058
2026-07-16 16:34:47.060,263.699749,0.000000,0.000000,0.000000,0.308075,-0.376899,-0.274182,0.111145,-0.352839,-0.271297,0.209610,-0.364869,-0.272739,0.181074,-0.397799,-0.247147,0.205502,-0.412438,-0.187954,0.235092,-0.403842,-0.243320
2026-07-16 16:34:47.160,263.799748,0.000000,0.000000,0.000000,0.308084,-0.391399,-0.257062,0.111517,-0.366322,-0.256894,0.209800,-0.378860,-0.256978,0.181077,-0.409572,-0.230295,0.204922,-0.421863,-0.170336,0.235027,-0.415719,-0.225750
2026-07-16 16:34:47.260,263.899748,0.000000,0.000000,0.000000,0.308124,-0.377921,-0.274455,0.111194,-0.353861,-0.271569,0.209659,-0.365891,-0.273012,0.181124,-0.398821,-0.247419,0.205552,-0.413460,-0.188227,0.235142,-0.404863,-0.243592
2026-07-16 16:34:47.360,263.999748,0.000000,0.000000,0.000000,0.308343,-0.388896,-0.256720,0.111447,-0.364773,-0.256548,0.209895,-0.376834,-0.256634,0.181007,-0.408023,-0.229949,0.204853,-0.420314,-0.169990,0.234958,-0.414171,-0.225404
2026-07-16 16:34:47.460,264.099748,0.000000,0.000000,0.000000,0.308075,-0.376899,-0.274182,0.111145,-0.352839,-0.271297,0.209610,-0.364869,-0.272739,0.181074,-0.397799,-0.247147,0.205502,-0.412438,-0.187954,0.235092,-0.403842,-0.243320
2026-07-16 16:34:47.560,264.199748,0.000000,0.000000,0.000000,0.308390,-0.383117,-0.274956,0.111442,-0.358970,-0.272932,0.209916,-0.371044,-0.273944,0.180580,-0.403744,-0.248746,0.205799,-0.418569,-0.189590,0.235389,-0.409973,-0.244955
2026-07-16 16:34:47.660,264.299748,0.000000,0.000000,0.000000,0.308644,-0.395606,-0.258219,0.111828,-0.370469,-0.258050,0.210236,-0.383038,-0.258135,0.180518,-0.414543,-0.231427,0.205154,-0.427025,-0.171489,0.235259,-0.420881,-0.226903
2026-07-16 16:34:47.760,264.399748,0.000000,0.000000,0.000000,0.308551,-0.393542,-0.257758,0.111735,-0.368404,-0.257589,0.210143,-0.380973,-0.257674,0.180426,-0.412478,-0.230965,0.204076,-0.425795,-0.170313,0.235166,-0.418817,-0.226442
2026-07-16 16:34:47.860,264.499748,0.000000,0.000000,0.000000,0.307751,-0.377854,-0.274215,0.111294,-0.350810,-0.271221,0.209522,-0.364332,-0.272718,0.180283,-0.397613,-0.247111,0.204732,-0.412335,-0.187112,0.234849,-0.404812,-0.243396
2026-07-16 16:34:47.960,264.599748,0.000000,0.000000,0.000000,0.308459,-0.391477,-0.257297,0.111642,-0.366339,-0.257128,0.210051,-0.378908,-0.257212,0.180333,-0.410414,-0.230504,0.204192,-0.422753,-0.169736,0.234826,-0.417724,-0.226019
2026-07-16 16:34:48.060,264.699748,0.000000,0.000000,0.000000,0.308880,-0.392587,-0.257762,0.111576,-0.370434,-0.257582,0.210228,-0.381511,-0.257672,0.180426,-0.412478,-0.230965,0.204285,-0.424818,-0.170197,0.235715,-0.419981,-0.226502
2026-07-16 16:34:48.160,264.799747,0.000000,0.000000,0.000000,0.308174,-0.378943,-0.274727,0.111318,-0.353868,-0.271804,0.209746,-0.366405,-0.273266,0.180382,-0.399657,-0.247656,0.204831,-0.414379,-0.187657,0.235989,-0.406073,-0.243901
2026-07-16 16:34:48.260,264.899747,0.000000,0.000000,0.000000,0.308596,-0.380031,-0.275239,0.111268,-0.357941,-0.272425,0.209932,-0.368986,-0.273832,0.180481,-0.401700,-0.248201,0.204930,-0.416422,-0.188202,0.235047,-0.408900,-0.244487
2026-07-16 16:34:48.360,264.999747,0.000000,0.000000,0.000000,0.307991,-0.389334,-0.256601,0.111503,-0.363242,-0.256436,0.209747,-0.376288,-0.256519,0.180194,-0.407316,-0.229812,0.203844,-0.420633,-0.169159,0.234935,-0.413654,-0.225289
2026-07-16 16:34:48.460,265.099747,0.000000,0.000000,0.000000,0.308174,-0.378943,-0.274727,0.111169,-0.355898,-0.271880,0.209672,-0.367420,-0.273304,0.180382,-0.399657,-0.247656,0.204831,-0.414379,-0.187657,0.235191,-0.405885,-0.243865
2026-07-16 16:34:48.560,265.199747,0.000000,0.000000,0.000000,0.308300,-0.373900,-0.273604,0.110897,-0.352825,-0.270828,0.209598,-0.363362,-0.272216,0.180184,-0.395569,-0.246565,0.204633,-0.410291,-0.186567,0.235548,-0.402956,-0.242887
2026-07-16 16:34:48.660,265.299747,0.000000,0.000000,0.000000,0.308372,-0.383030,-0.275818,0.111442,-0.358970,-0.272932,0.209907,-0.371000,-0.274375,0.180580,-0.403744,-0.248746,0.205029,-0.418466,-0.188748,0.235146,-0.410943,-0.245032
2026-07-16 16:34:48.760,265.399747,0.000000,0.000000,0.000000,0.308322,-0.382008,-0.275545,0.111318,-0.358963,-0.272698,0.209820,-0.370485,-0.274121,0.180530,-0.402722,-0.248473,0.204979,-0.417444,-0.188475,0.235339,-0.408951,-0.244683
2026-07-16 16:34:48.860,265.499747,0.000000,0.000000,0.000000,0.308551,-0.393542,-0.257758,0.111735,-0.368404,-0.257589,0.210143,-0.380973,-0.257674,0.180426,-0.412478,-0.230965,0.204494,-0.423841,-0.170082,0.235166,-0.418817,-0.226442
2026-07-16 16:34:48.960,265.599747,0.000000,0.000000,0.000000,0.287751,-0.395175,-0.273284,0.092256,-0.361627,-0.270808,0.190003,-0.378401,-0.272046,0.159009,-0.408890,-0.246266,0.182577,-0.424577,-0.186160,0.213108,-0.418974,-0.242445
2026-07-16 16:34:49.060,265.699747,0.000000,0.000000,0.000000,0.308459,-0.391477,-0.257297,0.111563,-0.367354,-0.257124,0.210011,-0.379416,-0.257211,0.180333,-0.410414,-0.230504,0.204401,-0.421776,-0.169620,0.234826,-0.417724,-0.226019
2026-07-16 16:34:49.160,265.799747,0.000000,0.000000,0.000000,0.308459,-0.391477,-0.257297,0.111642,-0.366339,-0.257128,0.210051,-0.378908,-0.257212,0.180333,-0.410414,-0.230504,0.204192,-0.422753,-0.169736,0.235074,-0.416752,-0.225981
2026-07-16 16:34:49.260,265.899746,0.000000,0.000000,0.000000,0.308269,-0.395528,-0.257985,0.111781,-0.369436,-0.257820,0.210025,-0.382482,-0.257902,0.180472,-0.413511,-0.231196,0.204540,-0.424873,-0.170312,0.235213,-0.419849,-0.226673
2026-07-16 16:34:49.360,265.999746,0.000000,0.000000,0.000000,0.308412,-0.390444,-0.257066,0.111517,-0.366322,-0.256894,0.209964,-0.378383,-0.256980,0.180287,-0.409381,-0.230273,0.204355,-0.420744,-0.169390,0.235027,-0.415719,-0.225750
2026-07-16 16:34:49.460,266.099746,0.000000,0.000000,0.000000,0.308412,-0.390444,-0.257066,0.111527,-0.366372,-0.256055,0.209970,-0.378408,-0.256560,0.180287,-0.409381,-0.230273,0.203577,-0.420601,-0.168558,0.235027,-0.415719,-0.225750
2026-07-16 16:34:49.560,266.199746,0.000000,0.000000,0.000000,0.308174,-0.378943,-0.274727,0.111244,-0.354883,-0.271842,0.209709,-0.366913,-0.273285,0.180382,-0.399657,-0.247656,0.204265,-0.413303,-0.186660,0.234948,-0.406856,-0.243941
2026-07-16 16:34:49.660,266.299746,0.000000,0.000000,0.000000,0.308269,-0.395528,-0.257985,0.111702,-0.370451,-0.257816,0.209985,-0.382990,-0.257901,0.180472,-0.413511,-0.231196,0.203970,-0.423754,-0.169364,0.234965,-0.420821,-0.226711
2026-07-16 16:34:49.760,266.399746,0.000000,0.000000,0.000000,0.308399,-0.375943,-0.274149,0.111070,-0.353854,-0.271335,0.209735,-0.364899,-0.272742,0.180283,-0.397613,-0.247111,0.204166,-0.411259,-0.186114,0.235092,-0.403842,-0.243320
2026-07-16 16:34:49.860,266.499746,0.000000,0.000000,0.000000,0.308322,-0.382008,-0.275545,0.111467,-0.356934,-0.272622,0.209894,-0.369471,-0.274083,0.180530,-0.402722,-0.248473,0.204311,-0.416854,-0.187555,0.235339,-0.408951,-0.244683
2026-07-16 16:34:49.960,266.599746,0.000000,0.000000,0.000000,0.308174,-0.378943,-0.274727,0.111169,-0.355898,-0.271880,0.209672,-0.367420,-0.273304,0.180382,-0.399657,-0.247656,0.204265,-0.413303,-0.186660,0.234948,-0.406856,-0.243941
2026-07-16 16:34:50.060,266.699746,0.000000,0.000000,0.000000,0.287756,-0.394151,-0.273016,0.092261,-0.360602,-0.270540,0.190008,-0.377377,-0.271778,0.159013,-0.407866,-0.245998,0.181818,-0.423404,-0.185051,0.213113,-0.417949,-0.242176
2026-07-16 16:34:50.160,266.799746,0.000000,0.000000,0.000000,0.308250,-0.372878,-0.273331,0.110997,-0.349774,-0.270479,0.209623,-0.361326,-0.271905,0.180135,-0.394548,-0.246293,0.204018,-0.408194,-0.185297,0.234701,-0.401747,-0.242579
2026-07-16 16:34:50.260,266.899745,0.000000,0.000000,0.000000,0.308366,-0.389412,-0.256835,0.111550,-0.364274,-0.256667,0.209958,-0.376843,-0.256751,0.180240,-0.408349,-0.230043,0.203531,-0.419569,-0.168327,0.234981,-0.414687,-0.225519
2026-07-16 16:34:50.360,266.999745,0.000000,0.000000,0.000000,0.308366,-0.389412,-0.256835,0.111470,-0.365289,-0.256663,0.209918,-0.377351,-0.256749,0.180240,-0.408349,-0.230043,0.203323,-0.420546,-0.168444,0.234734,-0.415659,-0.225558
2026-07-16 16:34:50.460,267.099745,0.000000,0.000000,0.000000,0.308551,-0.393542,-0.257758,0.111735,-0.368404,-0.257589,0.210143,-0.380973,-0.257674,0.180426,-0.412478,-0.230965,0.203716,-0.423699,-0.169250,0.235166,-0.418817,-0.226442
2026-07-16 16:34:50.560,267.199745,0.000000,0.000000,0.000000,0.308505,-0.392509,-0.257527,0.111620,-0.368437,-0.256516,0.210062,-0.380473,-0.257022,0.180204,-0.412435,-0.230767,0.203670,-0.422666,-0.169019,0.235669,-0.418949,-0.226271
2026-07-16 16:34:50.660,267.299745,0.000000,0.000000,0.000000,0.308448,-0.376965,-0.274422,0.111213,-0.353946,-0.270732,0.209830,-0.365456,-0.272577,0.180162,-0.399623,-0.247455,0.204012,-0.413253,-0.186542,0.235696,-0.406021,-0.243705
2026-07-16 16:34:50.760,267.399745,0.000000,0.000000,0.000000,0.307802,-0.393386,-0.257290,0.111642,-0.366339,-0.257128,0.209722,-0.379862,-0.257209,0.180333,-0.410414,-0.230504,0.203613,-0.421586,-0.169599,0.234826,-0.417724,-0.226019
2026-07-16 16:34:50.860,267.499745,0.000000,0.000000,0.000000,0.308273,-0.387347,-0.256374,0.111457,-0.362210,-0.256205,0.209865,-0.374778,-0.256290,0.180148,-0.406284,-0.229581,0.203220,-0.418433,-0.168792,0.235438,-0.413787,-0.225118
2026-07-16 16:34:50.960,267.599745,0.000000,0.000000,0.000000,0.308366,-0.389412,-0.256835,0.111470,-0.365289,-0.256663,0.209918,-0.377351,-0.256749,0.180065,-0.409338,-0.230075,0.203520,-0.419521,-0.169138,0.235530,-0.415851,-0.225579
2026-07-16 16:34:51.060,267.699745,0.000000,0.000000,0.000000,0.308322,-0.382008,-0.275545,0.111336,-0.359048,-0.271861,0.209829,-0.370528,-0.273703,0.180360,-0.403710,-0.248546,0.204599,-0.415314,-0.188131,0.236138,-0.409138,-0.244719
2026-07-16 16:34:51.160,267.799745,0.000000,0.000000,0.000000,0.308412,-0.390444,-0.257066,0.111517,-0.366322,-0.256894,0.209964,-0.378383,-0.256980,0.180111,-0.410371,-0.230306,0.203567,-0.420553,-0.169368,0.235328,-0.417855,-0.225848
2026-07-16 16:34:51.260,267.899745,0.000000,0.000000,0.000000,0.308459,-0.391477,-0.257297,0.111722,-0.365324,-0.257131,0.210090,-0.378401,-0.257214,0.179533,-0.410174,-0.231295,0.203613,-0.421586,-0.169599,0.235623,-0.417916,-0.226041
2026-07-16 16:34:51.360,267.999744,0.000000,0.000000,0.000000,0.308787,-0.390522,-0.257300,0.111563,-0.367354,-0.257124,0.210175,-0.378938,-0.257212,0.179533,-0.410174,-0.231295,0.203405,-0.422563,-0.169715,0.235623,-0.417916,-0.226041
2026-07-16 16:34:51.460,268.099744,0.000000,0.000000,0.000000,0.308497,-0.377987,-0.274694,0.111188,-0.355982,-0.271044,0.209843,-0.366985,-0.272869,0.179574,-0.399389,-0.248429,0.204043,-0.414193,-0.187621,0.235745,-0.407043,-0.243978
2026-07-16 16:34:51.560,268.199744,0.000000,0.000000,0.000000,0.308655,-0.395658,-0.257355,0.111679,-0.372549,-0.257206,0.210167,-0.384103,-0.257280,0.179718,-0.414304,-0.232218,0.203798,-0.425715,-0.170522,0.235808,-0.422046,-0.226963
2026-07-16 16:34:51.660,268.299744,0.000000,0.000000,0.000000,0.307976,-0.374855,-0.273637,0.111046,-0.350796,-0.270752,0.209511,-0.362826,-0.272194,0.179206,-0.396290,-0.247410,0.204049,-0.409134,-0.186377,0.235548,-0.402956,-0.242887
2026-07-16 16:34:51.760,268.399744,0.000000,0.000000,0.000000,0.308412,-0.390444,-0.257066,0.111607,-0.365357,-0.256057,0.210010,-0.377901,-0.256562,0.179486,-0.409142,-0.231065,0.203359,-0.421530,-0.169484,0.235576,-0.416884,-0.225810
2026-07-16 16:34:51.860,268.499744,0.000000,0.000000,0.000000,0.307850,-0.379898,-0.274761,0.111169,-0.355898,-0.271880,0.209510,-0.367898,-0.273320,0.179404,-0.400378,-0.248501,0.204247,-0.413221,-0.187467,0.235501,-0.408014,-0.244054
2026-07-16 16:34:51.960,268.599744,0.000000,0.000000,0.000000,0.308459,-0.391477,-0.257297,0.111642,-0.366339,-0.257128,0.210051,-0.378908,-0.257212,0.179533,-0.410174,-0.231295,0.203405,-0.422563,-0.169715,0.235374,-0.418888,-0.226079
2026-07-16 16:34:52.060,268.699744,0.000000,0.000000,0.000000,0.308551,-0.393542,-0.257758,0.111655,-0.369419,-0.257586,0.210103,-0.381480,-0.257672,0.179625,-0.412239,-0.231756,0.203498,-0.424628,-0.170176,0.235467,-0.420953,-0.226540
2026-07-16 16:34:52.160,268.799744,0.000000,0.000000,0.000000,0.308787,-0.390522,-0.257300,0.111642,-0.366339,-0.257128,0.210215,-0.378431,-0.257214,0.179533,-0.410174,-0.231295,0.203821,-0.420609,-0.169483,0.235374,-0.418888,-0.226079
2026-07-16 16:34:52.260,268.899744,0.000000,0.000000,0.000000,0.308366,-0.389412,-0.256835,0.111550,-0.364274,-0.256667,0.209958,-0.376843,-0.256751,0.179440,-0.408109,-0.230834,0.203313,-0.420498,-0.169253,0.235530,-0.415851,-0.225579
2026-07-16 16:34:52.360,268.999743,0.000000,0.000000,0.000000,0.308922,-0.401801,-0.259603,0.112105,-0.376663,-0.259434,0.210514,-0.389232,-0.259519,0.179996,-0.420498,-0.233602,0.204086,-0.431958,-0.171095,0.236086,-0.428240,-0.228347
2026-07-16 16:34:52.460,269.099743,0.000000,0.000000,0.000000,0.308174,-0.378943,-0.274727,0.111244,-0.354883,-0.271842,0.209709,-0.366913,-0.273285,0.179574,-0.399389,-0.248429,0.204469,-0.412330,-0.186504,0.235745,-0.407043,-0.243978
2026-07-16 16:34:52.560,269.199743,0.000000,0.000000,0.000000,0.308075,-0.376899,-0.274182,0.111163,-0.352924,-0.270459,0.209619,-0.364912,-0.272321,0.179475,-0.397345,-0.247884,0.203962,-0.412232,-0.186270,0.235646,-0.405000,-0.243433
2026-07-16 16:34:52.660,269.299743,0.000000,0.000000,0.000000,0.308459,-0.391477,-0.257297,0.111563,-0.367354,-0.257124,0.210011,-0.379416,-0.257211,0.179533,-0.410174,-0.231295,0.203416,-0.422611,-0.168905,0.235623,-0.417916,-0.226041
2026-07-16 16:34:52.760,269.399743,0.000000,0.000000,0.000000,0.308201,-0.371856,-0.273059,0.110873,-0.349767,-0.270244,0.209537,-0.360812,-0.271652,0.179107,-0.394247,-0.246865,0.203968,-0.407172,-0.185024,0.235449,-0.400912,-0.242342
2026-07-16 16:34:52.860,269.499743,0.000000,0.000000,0.000000,0.308174,-0.378943,-0.274727,0.111169,-0.355898,-0.271880,0.209672,-0.367420,-0.273304,0.179404,-0.400378,-0.248501,0.204486,-0.412412,-0.185696,0.235745,-0.407043,-0.243978
2026-07-16 16:34:52.960,269.599743,0.000000,0.000000,0.000000,0.307991,-0.389334,-0.256601,0.111424,-0.364257,-0.256432,0.209708,-0.376795,-0.256517,0.179219,-0.408067,-0.230635,0.203495,-0.418585,-0.167286,0.235235,-0.415790,-0.225387
2026-07-16 16:34:53.060,269.699743,0.000000,0.000000,0.000000,0.300949,-0.397269,-0.267524,0.105006,-0.367362,-0.266940,0.202977,-0.382315,-0.267232,0.171991,-0.413114,-0.242089,0.195995,-0.425624,-0.178898,0.227912,-0.422072,-0.236962
2026-07-16 16:34:53.160,269.799743,0.000000,0.000000,0.000000,0.307899,-0.387269,-0.256140,0.111411,-0.361177,-0.255975,0.209655,-0.374223,-0.256057,0.179301,-0.405012,-0.230142,0.203610,-0.415543,-0.166707,0.235391,-0.412754,-0.224887
2026-07-16 16:34:53.260,269.899743,0.000000,0.000000,0.000000,0.308130,-0.392431,-0.257293,0.111563,-0.367354,-0.257124,0.209846,-0.379893,-0.257209,0.179533,-0.410174,-0.231295,0.203737,-0.421194,-0.167919,0.235623,-0.417916,-0.226041
2026-07-16 16:34:53.360,269.999743,0.000000,0.000000,0.000000,0.308547,-0.379009,-0.274967,0.111219,-0.356919,-0.272152,0.209883,-0.367964,-0.273560,0.179623,-0.400411,-0.248702,0.204332,-0.414406,-0.186125,0.235795,-0.408065,-0.244250
2026-07-16 16:34:53.460,270.099742,0.000000,0.000000,0.000000,0.308038,-0.390366,-0.256832,0.111560,-0.364324,-0.255826,0.209799,-0.377345,-0.256329,0.179440,-0.408109,-0.230834,0.203759,-0.418689,-0.166588,0.235530,-0.415851,-0.225579
2026-07-16 16:34:53.560,270.199742,0.000000,0.000000,0.000000,0.307976,-0.374855,-0.273637,0.111120,-0.349781,-0.270714,0.209548,-0.362318,-0.272175,0.179393,-0.395384,-0.246529,0.204891,-0.409564,-0.183990,0.235548,-0.402956,-0.242887
2026-07-16 16:34:53.660,270.299742,0.000000,0.000000,0.000000,0.308880,-0.392587,-0.257762,0.111655,-0.369419,-0.257586,0.210268,-0.381003,-0.257674,0.179625,-0.412239,-0.231756,0.203944,-0.422818,-0.167510,0.235715,-0.419981,-0.226502
2026-07-16 16:34:53.760,270.399742,0.000000,0.000000,0.000000,0.308459,-0.391477,-0.257297,0.111563,-0.367354,-0.257124,0.210011,-0.379416,-0.257211,0.179533,-0.410174,-0.231295,0.203851,-0.420754,-0.167049,0.235623,-0.417916,-0.226041
2026-07-16 16:34:53.860,270.499742,0.000000,0.000000,0.000000,0.308497,-0.377987,-0.274694,0.111262,-0.354968,-0.271005,0.209880,-0.366477,-0.272849,0.179591,-0.399471,-0.247620,0.205089,-0.413652,-0.185080,0.235745,-0.407043,-0.243978
2026-07-16 16:34:53.960,270.599742,0.000000,0.000000,0.000000,0.307976,-0.374855,-0.273637,0.111046,-0.350796,-0.270752,0.209511,-0.362826,-0.272194,0.180013,-0.396558,-0.246638,0.205113,-0.408674,-0.183024,0.235548,-0.402956,-0.242887
2026-07-16 16:34:54.060,270.699742,0.000000,0.000000,0.000000,0.308174,-0.378943,-0.274727,0.111169,-0.355898,-0.271880,0.209672,-0.367420,-0.273304,0.180382,-0.399657,-0.247656,0.205106,-0.413733,-0.184273,0.235745,-0.407043,-0.243978
2026-07-16 16:34:54.160,270.799742,0.000000,0.000000,0.000000,0.308459,-0.391477,-0.257297,0.111563,-0.367354,-0.257124,0.210011,-0.379416,-0.257211,0.180333,-0.410414,-0.230504,0.204452,-0.422017,-0.165568,0.235623,-0.417916,-0.226041
2026-07-16 16:34:54.260,270.899742,0.000000,0.000000,0.000000,0.308223,-0.379964,-0.275000,0.111293,-0.355905,-0.272114,0.209758,-0.367934,-0.273557,0.180432,-0.400678,-0.247928,0.205173,-0.414837,-0.183738,0.235917,-0.407580,-0.244212
2026-07-16 16:34:54.360,270.999742,0.000000,0.000000,0.000000,0.308366,-0.389412,-0.256835,0.111470,-0.365289,-0.256663,0.209918,-0.377351,-0.256749,0.180240,-0.408349,-0.230043,0.204579,-0.419024,-0.164175,0.235779,-0.414880,-0.225541
2026-07-16 16:34:54.460,271.099741,0.000000,0.000000,0.000000,0.308833,-0.391555,-0.257531,0.111620,-0.368437,-0.256516,0.210227,-0.379996,-0.257023,0.180292,-0.411941,-0.230751,0.204937,-0.421194,-0.163932,0.235918,-0.417977,-0.226233
2026-07-16 16:34:54.560,271.199741,0.000000,0.000000,0.000000,0.308124,-0.377921,-0.274455,0.111194,-0.353861,-0.271569,0.209659,-0.365891,-0.273012,0.180333,-0.398635,-0.247383,0.204134,-0.413825,-0.180897,0.235940,-0.405051,-0.243629
2026-07-16 16:34:54.660,271.299741,0.000000,0.000000,0.000000,0.308366,-0.389412,-0.256835,0.111550,-0.364274,-0.256667,0.209958,-0.376843,-0.256751,0.180251,-0.408397,-0.229230,0.203613,-0.419955,-0.161844,0.235779,-0.414880,-0.225541
2026-07-16 16:34:54.760,271.399741,0.000000,0.000000,0.000000,0.308174,-0.378943,-0.274727,0.111244,-0.354883,-0.271842,0.209709,-0.366913,-0.273285,0.180400,-0.399739,-0.246846,0.204423,-0.414039,-0.179392,0.235989,-0.406073,-0.243901
2026-07-16 16:34:54.860,271.499741,0.000000,0.000000,0.000000,0.308926,-0.393620,-0.257992,0.111781,-0.369436,-0.257820,0.210354,-0.381528,-0.257906,0.181272,-0.413750,-0.230405,0.203657,-0.426190,-0.161504,0.236010,-0.420042,-0.226694
2026-07-16 16:34:54.960,271.599741,0.000000,0.000000,0.000000,0.308459,-0.391477,-0.257297,0.111563,-0.367354,-0.257124,0.210011,-0.379416,-0.257211,0.181133,-0.410653,-0.229713,0.203528,-0.423141,-0.160003,0.235871,-0.416945,-0.226002
2026-07-16 16:34:55.060,271.699741,0.000000,0.000000,0.000000,0.308174,-0.378943,-0.274727,0.111244,-0.354883,-0.271842,0.209709,-0.366913,-0.273285,0.181019,-0.400912,-0.246955,0.204476,-0.414284,-0.176969,0.235989,-0.406073,-0.243901
2026-07-16 16:34:55.160,271.799741,0.000000,0.000000,0.000000,0.308366,-0.389412,-0.256835,0.111550,-0.364274,-0.256667,0.209958,-0.376843,-0.256751,0.181041,-0.408588,-0.229252,0.203664,-0.420196,-0.157792,0.235789,-0.414929,-0.224721
2026-07-16 16:34:55.260,271.899741,0.000000,0.000000,0.000000,0.308075,-0.376899,-0.274182,0.111070,-0.353854,-0.271335,0.209573,-0.365376,-0.272758,0.181109,-0.397963,-0.245527,0.203606,-0.412137,-0.175580,0.235908,-0.404112,-0.242539
2026-07-16 16:34:55.360,271.999741,0.000000,0.000000,0.000000,0.308174,-0.378943,-0.274727,0.111169,-0.355898,-0.271880,0.209672,-0.367420,-0.273304,0.181036,-0.400994,-0.246147,0.203519,-0.415233,-0.175489,0.236007,-0.406156,-0.243084
2026-07-16 16:34:55.460,272.099741,0.000000,0.000000,0.000000,0.309191,-0.375119,-0.273915,0.111095,-0.351817,-0.271024,0.210143,-0.363468,-0.272469,0.180888,-0.397929,-0.245329,0.203777,-0.410225,-0.174329,0.236103,-0.402120,-0.242188
2026-07-16 16:34:55.560,272.199740,0.000000,0.000000,0.000000,0.308174,-0.378943,-0.274727,0.111244,-0.354883,-0.271842,0.209709,-0.366913,-0.273285,0.181208,-0.400006,-0.246072,0.203338,-0.412134,-0.174940,0.236251,-0.405185,-0.243006
2026-07-16 16:34:55.660,272.299740,0.000000,0.000000,0.000000,0.308320,-0.388379,-0.256605,0.111424,-0.364257,-0.256432,0.209872,-0.376318,-0.256519,0.181005,-0.407604,-0.228208,0.202052,-0.418831,-0.156709,0.235991,-0.412925,-0.224451
2026-07-16 16:34:55.760,272.399740,0.000000,0.000000,0.000000,0.308399,-0.375943,-0.274149,0.111145,-0.352839,-0.271297,0.209772,-0.364391,-0.272723,0.181109,-0.397963,-0.245527,0.202817,-0.411951,-0.175544,0.235908,-0.404112,-0.242539
2026-07-16 16:34:55.860,272.499740,0.000000,0.000000,0.000000,0.308598,-0.394574,-0.257989,0.111781,-0.369436,-0.257820,0.210189,-0.382005,-0.257904,0.181272,-0.413750,-0.230405,0.202094,-0.425858,-0.160653,0.236021,-0.420091,-0.225874
2026-07-16 16:34:55.960,272.599740,0.000000,0.000000,0.000000,0.307751,-0.377854,-0.274215,0.111145,-0.352839,-0.271297,0.209448,-0.365347,-0.272756,0.180301,-0.397695,-0.246301,0.202747,-0.411624,-0.178775,0.235908,-0.404112,-0.242539
2026-07-16 16:34:56.060,272.699740,0.000000,0.000000,0.000000,0.308412,-0.390444,-0.257066,0.111596,-0.365307,-0.256897,0.210004,-0.377876,-0.256982,0.180121,-0.410419,-0.229494,0.201867,-0.421535,-0.162967,0.235835,-0.415961,-0.224951
2026-07-16 16:34:56.160,272.799740,0.000000,0.000000,0.000000,0.307945,-0.388302,-0.256371,0.111378,-0.363225,-0.256202,0.209661,-0.375763,-0.256286,0.179972,-0.407273,-0.229614,0.201698,-0.418293,-0.164703,0.235448,-0.413835,-0.224299
2026-07-16 16:34:56.260,272.899740,0.000000,0.000000,0.000000,0.308602,-0.386393,-0.256378,0.111388,-0.363275,-0.255363,0.209995,-0.374834,-0.255870,0.179358,-0.406093,-0.229560,0.201256,-0.420104,-0.167367,0.235189,-0.414758,-0.225156
2026-07-16 16:34:56.360,272.999740,0.000000,0.000000,0.000000,0.308075,-0.376899,-0.274182,0.111070,-0.353854,-0.271335,0.209573,-0.365376,-0.272758,0.179135,-0.399323,-0.248026,0.202168,-0.412753,-0.187159,0.235158,-0.406940,-0.243586
2026-07-16 16:34:56.460,273.099740,0.000000,0.000000,0.000000,0.308551,-0.393542,-0.257758,0.111655,-0.369419,-0.257586,0.210103,-0.381480,-0.257672,0.179276,-0.414219,-0.231819,0.201904,-0.424151,-0.171752,0.235218,-0.421924,-0.226578
2026-07-16 16:34:56.560,273.199739,0.000000,0.000000,0.000000,0.293602,-0.402914,-0.263347,0.097154,-0.374202,-0.261430,0.195378,-0.388558,-0.262388,0.162775,-0.420180,-0.236479,0.186278,-0.431387,-0.178310,0.218461,-0.429779,-0.231740
2026-07-16 16:34:56.660,273.299739,0.000000,0.000000,0.000000,0.307945,-0.388302,-0.256371,0.111457,-0.362210,-0.256205,0.209701,-0.375256,-0.256288,0.178374,-0.406795,-0.231194,0.202382,-0.418002,-0.172817,0.234146,-0.415537,-0.225173
2026-07-16 16:34:56.760,273.399739,0.000000,0.000000,0.000000,0.308201,-0.371856,-0.273059,0.110873,-0.349767,-0.270244,0.209537,-0.360812,-0.271652,0.178300,-0.393979,-0.247638,0.202651,-0.408361,-0.190937,0.234165,-0.402666,-0.242459
2026-07-16 16:34:56.860,273.499739,0.000000,0.000000,0.000000,0.300816,-0.392132,-0.266248,0.104782,-0.363308,-0.264848,0.202799,-0.377720,-0.265548,0.170872,-0.408690,-0.241653,0.194553,-0.421613,-0.185151,0.226446,-0.418590,-0.236600
2026-07-16 16:34:56.960,273.599739,0.000000,0.000000,0.000000,0.308366,-0.389412,-0.256835,0.111470,-0.365289,-0.256663,0.209918,-0.377351,-0.256749,0.178466,-0.408860,-0.231656,0.202454,-0.419970,-0.174897,0.234228,-0.417554,-0.226451
2026-07-16 16:34:57.060,273.699739,0.000000,0.000000,0.000000,0.307751,-0.377854,-0.274215,0.111089,-0.353939,-0.270499,0.209420,-0.365897,-0.272357,0.178515,-0.398148,-0.247919,0.203618,-0.412552,-0.192868,0.234363,-0.406754,-0.243549
2026-07-16 16:34:57.160,273.799739,0.000000,0.000000,0.000000,0.308459,-0.391477,-0.257297,0.111563,-0.367354,-0.257124,0.210011,-0.379416,-0.257211,0.178569,-0.410973,-0.231305,0.203344,-0.422274,-0.174570,0.234331,-0.419667,-0.226096
2026-07-16 16:34:57.260,273.899739,0.000000,0.000000,0.000000,0.308547,-0.379009,-0.274967,0.111293,-0.355905,-0.272114,0.209920,-0.367457,-0.273541,0.179453,-0.401399,-0.248773,0.204775,-0.414910,-0.192769,0.234512,-0.409819,-0.244367
2026-07-16 16:34:57.360,273.999739,0.000000,0.000000,0.000000,0.307945,-0.373921,-0.272503,0.110922,-0.350789,-0.270517,0.209434,-0.362355,-0.271510,0.179326,-0.394280,-0.247067,0.204478,-0.408780,-0.191133,0.234215,-0.403688,-0.242732
2026-07-16 16:34:57.460,274.099739,0.000000,0.000000,0.000000,0.308505,-0.392509,-0.257527,0.111689,-0.367372,-0.257359,0.210097,-0.379940,-0.257443,0.179579,-0.411206,-0.231526,0.204187,-0.423545,-0.174013,0.234625,-0.419728,-0.226288
2026-07-16 16:34:57.560,274.199739,0.000000,0.000000,0.000000,0.308273,-0.387347,-0.256374,0.111457,-0.362210,-0.256205,0.209865,-0.374778,-0.256290,0.179358,-0.406093,-0.229560,0.204963,-0.417644,-0.171961,0.234641,-0.413594,-0.225096
2026-07-16 16:34:57.660,274.299738,0.000000,0.000000,0.000000,0.307949,-0.381942,-0.275306,0.111268,-0.357941,-0.272425,0.209609,-0.369941,-0.273865,0.180481,-0.401700,-0.248201,0.205647,-0.416281,-0.191464,0.234804,-0.409870,-0.244563
2026-07-16 16:34:57.760,274.399738,0.000000,0.000000,0.000000,0.307998,-0.382963,-0.275578,0.111318,-0.358963,-0.272698,0.209658,-0.370963,-0.274138,0.180530,-0.402722,-0.248473,0.206709,-0.416597,-0.190815,0.234853,-0.410892,-0.244836
2026-07-16 16:34:57.860,274.499738,0.000000,0.000000,0.000000,0.308075,-0.376899,-0.274182,0.111070,-0.353854,-0.271335,0.209573,-0.365376,-0.272758,0.180283,-0.397613,-0.247111,0.206669,-0.410516,-0.189302,0.234849,-0.404812,-0.243396
2026-07-16 16:34:57.960,274.599738,0.000000,0.000000,0.000000,0.308372,-0.383030,-0.275818,0.111460,-0.359055,-0.272095,0.209916,-0.371042,-0.273956,0.181371,-0.403930,-0.248782,0.207755,-0.416832,-0.190973,0.234903,-0.411914,-0.245108
2026-07-16 16:34:58.060,274.699738,0.000000,0.000000,0.000000,0.307976,-0.374855,-0.273637,0.111064,-0.350880,-0.269914,0.209520,-0.362868,-0.271776,0.180975,-0.395755,-0.246601,0.207151,-0.409630,-0.188943,0.234507,-0.403739,-0.242928
2026-07-16 16:34:58.160,274.799738,0.000000,0.000000,0.000000,0.307850,-0.379898,-0.274761,0.111244,-0.354883,-0.271842,0.209547,-0.367390,-0.273301,0.181173,-0.399843,-0.247692,0.208347,-0.412931,-0.189919,0.234948,-0.406856,-0.243941
2026-07-16 16:34:58.260,274.899738,0.000000,0.000000,0.000000,0.308174,-0.378943,-0.274727,0.111188,-0.355982,-0.271044,0.209681,-0.367462,-0.272886,0.181173,-0.399843,-0.247692,0.208347,-0.412931,-0.189919,0.234705,-0.407827,-0.244018
2026-07-16 16:34:58.360,274.999738,0.000000,0.000000,0.000000,0.308174,-0.378943,-0.274727,0.111169,-0.355898,-0.271880,0.209672,-0.367420,-0.273304,0.181173,-0.399843,-0.247692,0.209137,-0.413116,-0.189955,0.234948,-0.406856,-0.243941
2026-07-16 16:34:58.460,275.099738,0.000000,0.000000,0.000000,0.308322,-0.382008,-0.275545,0.111318,-0.358963,-0.272698,0.209820,-0.370485,-0.274121,0.181321,-0.402908,-0.248510,0.209495,-0.415210,-0.190622,0.235096,-0.409921,-0.244759
2026-07-16 16:34:58.560,275.199738,0.000000,0.000000,0.000000,0.308448,-0.376965,-0.274422,0.111120,-0.354876,-0.271607,0.209784,-0.365920,-0.273014,0.181932,-0.399088,-0.246645,0.209087,-0.412094,-0.189682,0.234343,-0.404676,-0.243556
2026-07-16 16:34:58.660,275.299737,0.000000,0.000000,0.000000,0.307850,-0.379898,-0.274761,0.111169,-0.355898,-0.271880,0.209510,-0.367898,-0.273320,0.181964,-0.400028,-0.247728,0.209927,-0.413302,-0.189991,0.234151,-0.406669,-0.243905
2026-07-16 16:34:58.760,275.399737,0.000000,0.000000,0.000000,0.308421,-0.384052,-0.276090,0.111491,-0.359992,-0.273205,0.209956,-0.372022,-0.274648,0.182229,-0.405219,-0.248281,0.210174,-0.418411,-0.191354,0.235195,-0.411965,-0.245304
2026-07-16 16:34:58.860,275.499737,0.000000,0.000000,0.000000,0.308322,-0.382008,-0.275545,0.111336,-0.359048,-0.271861,0.209829,-0.370528,-0.273703,0.182112,-0.403094,-0.248546,0.210847,-0.416471,-0.191653,0.234299,-0.409734,-0.244723
2026-07-16 16:34:58.960,275.599737,0.000000,0.000000,0.000000,0.308505,-0.392509,-0.257527,0.111689,-0.367372,-0.257359,0.210097,-0.379940,-0.257443,0.181970,-0.411876,-0.229965,0.210354,-0.421999,-0.173020,0.234322,-0.417591,-0.226190
2026-07-16 16:34:59.060,275.699737,0.000000,0.000000,0.000000,0.308551,-0.393542,-0.257758,0.111735,-0.368404,-0.257589,0.210143,-0.380973,-0.257674,0.182016,-0.412909,-0.230195,0.210400,-0.423031,-0.173251,0.234369,-0.418624,-0.226420
2026-07-16 16:34:59.160,275.799737,0.000000,0.000000,0.000000,0.307850,-0.379898,-0.274761,0.111188,-0.355982,-0.271044,0.209519,-0.367940,-0.272902,0.182154,-0.399123,-0.246845,0.211488,-0.413591,-0.190871,0.234948,-0.406856,-0.243941
2026-07-16 16:34:59.260,275.899737,0.000000,0.000000,0.000000,0.307945,-0.388302,-0.256371,0.111378,-0.363225,-0.256202,0.209661,-0.375763,-0.256286,0.181738,-0.406714,-0.228812,0.210695,-0.418003,-0.171999,0.234091,-0.412429,-0.225036
2026-07-16 16:34:59.360,275.999737,0.000000,0.000000,0.000000,0.308459,-0.391477,-0.257297,0.111563,-0.367354,-0.257124,0.210011,-0.379416,-0.257211,0.182703,-0.410987,-0.230568,0.210870,-0.422084,-0.173733,0.234030,-0.417531,-0.225997
2026-07-16 16:34:59.460,276.099737,0.000000,0.000000,0.000000,0.308075,-0.376899,-0.274182,0.111070,-0.353854,-0.271335,0.209573,-0.365376,-0.272758,0.182656,-0.398171,-0.247219,0.212162,-0.411651,-0.191171,0.234294,-0.403654,-0.243283
2026-07-16 16:34:59.560,276.199737,0.000000,0.000000,0.000000,0.307802,-0.393386,-0.257290,0.111642,-0.366339,-0.257128,0.209722,-0.379862,-0.257209,0.182703,-0.410987,-0.230568,0.211649,-0.422227,-0.174566,0.234276,-0.416559,-0.225959
2026-07-16 16:34:59.660,276.299736,0.000000,0.000000,0.000000,0.307801,-0.378876,-0.274488,0.111120,-0.354876,-0.271607,0.209460,-0.366876,-0.273048,0.182705,-0.399192,-0.247491,0.213199,-0.411806,-0.192141,0.234343,-0.404676,-0.243556
2026-07-16 16:34:59.760,276.399736,0.000000,0.000000,0.000000,0.308025,-0.375877,-0.273910,0.111095,-0.351817,-0.271024,0.209560,-0.363847,-0.272467,0.182606,-0.397149,-0.246946,0.213082,-0.409680,-0.192405,0.234244,-0.402632,-0.243011
2026-07-16 16:34:59.860,276.499736,0.000000,0.000000,0.000000,0.308448,-0.376965,-0.274422,0.111194,-0.353861,-0.271569,0.209821,-0.365413,-0.272995,0.182705,-0.399192,-0.247491,0.213954,-0.411828,-0.193796,0.234343,-0.404676,-0.243556
2026-07-16 16:34:59.960,276.599736,0.000000,0.000000,0.000000,0.308497,-0.377987,-0.274694,0.111169,-0.355898,-0.271880,0.209833,-0.366942,-0.273287,0.182755,-0.400214,-0.247764,0.213986,-0.412768,-0.194879,0.234393,-0.405698,-0.243829
2026-07-16 16:35:00.060,276.699736,0.000000,0.000000,0.000000,0.308569,-0.387117,-0.276908,0.111714,-0.362043,-0.273985,0.210142,-0.374580,-0.275446,0.183150,-0.408389,-0.249944,0.215373,-0.420076,-0.197762,0.234788,-0.413872,-0.246009
2026-07-16 16:35:00.160,276.799736,0.000000,0.000000,0.000000,0.308505,-0.392509,-0.257527,0.111609,-0.368387,-0.257355,0.210057,-0.380448,-0.257441,0.182750,-0.412019,-0.230799,0.214454,-0.421641,-0.178712,0.234312,-0.417542,-0.227010
2026-07-16 16:35:00.260,276.899736,0.000000,0.000000,0.000000,0.308783,-0.398704,-0.258911,0.111887,-0.374581,-0.258739,0.210335,-0.386642,-0.258825,0.183027,-0.418214,-0.232183,0.214732,-0.427836,-0.180096,0.234600,-0.423786,-0.227573
2026-07-16 16:35:00.360,276.999736,0.000000,0.000000,0.000000,0.308038,-0.390366,-0.256832,0.111470,-0.365289,-0.256663,0.209754,-0.377828,-0.256747,0.182611,-0.408922,-0.230107,0.213734,-0.417329,-0.178710,0.234184,-0.414494,-0.225498
2026-07-16 16:35:00.460,277.099736,0.000000,0.000000,0.000000,0.308273,-0.380986,-0.275273,0.111343,-0.356927,-0.272387,0.209808,-0.368956,-0.273830,0.183028,-0.401270,-0.248237,0.214231,-0.413512,-0.198523,0.234492,-0.407741,-0.244374
2026-07-16 16:35:00.560,277.199736,0.000000,0.000000,0.000000,0.308223,-0.379964,-0.275000,0.111293,-0.355905,-0.272114,0.209758,-0.367934,-0.273557,0.182978,-0.400248,-0.247964,0.214398,-0.411520,-0.198111,0.233644,-0.406532,-0.244065
2026-07-16 16:35:00.660,277.299736,0.000000,0.000000,0.000000,0.308075,-0.376899,-0.274182,0.111163,-0.352924,-0.270459,0.209619,-0.364912,-0.272321,0.183447,-0.398356,-0.247255,0.213439,-0.408186,-0.198070,0.233496,-0.403467,-0.243247
2026-07-16 16:35:00.760,277.399735,0.000000,0.000000,0.000000,0.308448,-0.376965,-0.274422,0.111138,-0.354960,-0.270771,0.209793,-0.365963,-0.272596,0.183671,-0.398391,-0.247455,0.212678,-0.408939,-0.199118,0.233545,-0.404488,-0.243520
2026-07-16 16:35:00.860,277.499735,0.000000,0.000000,0.000000,0.308322,-0.382008,-0.275545,0.111392,-0.357948,-0.272660,0.209857,-0.369978,-0.274102,0.183869,-0.402478,-0.248546,0.212876,-0.413026,-0.200208,0.233743,-0.408576,-0.244610
2026-07-16 16:35:00.960,277.599735,0.000000,0.000000,0.000000,0.308075,-0.376899,-0.274182,0.111145,-0.352839,-0.271297,0.209610,-0.364869,-0.272739,0.183622,-0.397369,-0.247183,0.211818,-0.407649,-0.199621,0.233496,-0.403467,-0.243247
2026-07-16 16:35:01.060,277.699735,0.000000,0.000000,0.000000,0.308174,-0.378943,-0.274727,0.111113,-0.356997,-0.271083,0.209643,-0.367970,-0.272905,0.183896,-0.398425,-0.247656,0.211917,-0.409692,-0.200166,0.233715,-0.405025,-0.243754
2026-07-16 16:35:01.160,277.799735,0.000000,0.000000,0.000000,0.308648,-0.387425,-0.256608,0.111424,-0.364257,-0.256432,0.210036,-0.375841,-0.256520,0.183714,-0.406103,-0.229833,0.211042,-0.416456,-0.182586,0.233340,-0.413269,-0.225246
2026-07-16 16:35:01.260,277.899735,0.000000,0.000000,0.000000,0.308646,-0.381052,-0.275512,0.111392,-0.357948,-0.272660,0.210019,-0.369500,-0.274086,0.184044,-0.401491,-0.248474,0.211834,-0.413648,-0.201931,0.233984,-0.407604,-0.244533
2026-07-16 16:35:01.360,277.999735,0.000000,0.000000,0.000000,0.308926,-0.393620,-0.257992,0.111781,-0.369436,-0.257820,0.210354,-0.381528,-0.257906,0.183992,-0.412298,-0.231217,0.211320,-0.422650,-0.183970,0.233617,-0.419463,-0.226629
2026-07-16 16:35:01.460,278.099735,0.000000,0.000000,0.000000,0.290220,-0.423306,-0.236604,0.094505,-0.390684,-0.236801,0.192363,-0.406995,-0.236702,0.165247,-0.434650,-0.208135,0.191751,-0.443040,-0.160502,0.214882,-0.442468,-0.203435
2026-07-16 16:35:01.560,278.199735,0.000000,0.000000,0.000000,0.308598,-0.394574,-0.257989,0.111781,-0.369436,-0.257820,0.210189,-0.382005,-0.257904,0.183992,-0.412298,-0.231217,0.210529,-0.422459,-0.183948,0.233863,-0.418491,-0.226591
2026-07-16 16:35:01.660,278.299735,0.000000,0.000000,0.000000,0.308459,-0.391477,-0.257297,0.111642,-0.366339,-0.257128,0.210051,-0.378908,-0.257212,0.183853,-0.409201,-0.230525,0.211073,-0.420041,-0.183326,0.233724,-0.415394,-0.225899
2026-07-16 16:35:01.760,278.399734,0.000000,0.000000,0.000000,0.301590,-0.393319,-0.266975,0.104854,-0.366320,-0.266451,0.203222,-0.379820,-0.266713,0.176068,-0.411105,-0.241649,0.203090,-0.423163,-0.193885,0.225737,-0.418360,-0.237133
2026-07-16 16:35:01.860,278.499734,0.000000,0.000000,0.000000,0.308736,-0.397671,-0.258681,0.111920,-0.372534,-0.258512,0.210328,-0.385103,-0.258596,0.183941,-0.416335,-0.232755,0.211232,-0.426675,-0.185571,0.233991,-0.421539,-0.228104
2026-07-16 16:35:01.960,278.599734,0.000000,0.000000,0.000000,0.301322,-0.397349,-0.267759,0.104942,-0.369472,-0.266378,0.203132,-0.383411,-0.267069,0.175559,-0.412997,-0.242334,0.203162,-0.426177,-0.195462,0.225817,-0.421442,-0.237898
2026-07-16 16:35:02.060,278.699734,0.000000,0.000000,0.000000,0.308025,-0.375877,-0.273910,0.111188,-0.350888,-0.270148,0.209607,-0.363382,-0.272029,0.182745,-0.395997,-0.248496,0.211076,-0.409297,-0.202183,0.233428,-0.402362,-0.243792
2026-07-16 16:35:02.160,278.799734,0.000000,0.000000,0.000000,0.308399,-0.375943,-0.274149,0.111145,-0.352839,-0.271297,0.209772,-0.364391,-0.272723,0.182620,-0.398007,-0.248838,0.211108,-0.410237,-0.203265,0.233478,-0.403384,-0.244064
2026-07-16 16:35:02.260,278.899734,0.000000,0.000000,0.000000,0.308399,-0.375943,-0.274149,0.110996,-0.354869,-0.271373,0.209697,-0.365406,-0.272761,0.182003,-0.396833,-0.248732,0.211898,-0.410423,-0.203301,0.233460,-0.403301,-0.244882
2026-07-16 16:35:02.360,278.999734,0.000000,0.000000,0.000000,0.308130,-0.392431,-0.257293,0.111563,-0.367354,-0.257124,0.209846,-0.379893,-0.257209,0.181893,-0.410699,-0.232172,0.211277,-0.422478,-0.186830,0.233458,-0.416268,-0.227578
2026-07-16 16:35:02.460,279.099734,0.000000,0.000000,0.000000,0.307976,-0.374855,-0.273637,0.110972,-0.351810,-0.270790,0.209474,-0.363333,-0.272213,0.181731,-0.395777,-0.248257,0.211781,-0.408297,-0.203564,0.233361,-0.401257,-0.244337
2026-07-16 16:35:02.560,279.199734,0.000000,0.000000,0.000000,0.308223,-0.379964,-0.275000,0.111311,-0.355989,-0.271277,0.209767,-0.367977,-0.273139,0.181187,-0.400700,-0.249584,0.212028,-0.413406,-0.204927,0.233608,-0.406366,-0.245700
2026-07-16 16:35:02.660,279.299734,0.000000,0.000000,0.000000,0.290195,-0.417037,-0.235584,0.094480,-0.384415,-0.235782,0.192337,-0.400726,-0.235683,0.162411,-0.429675,-0.208647,0.191685,-0.439901,-0.162858,0.214544,-0.437159,-0.204039
2026-07-16 16:35:02.760,279.399734,0.000000,0.000000,0.000000,0.301057,-0.387075,-0.265208,0.104767,-0.358116,-0.264644,0.202912,-0.372596,-0.264926,0.173309,-0.404144,-0.241465,0.202400,-0.417638,-0.195576,0.226337,-0.411308,-0.236191
2026-07-16 16:35:02.860,279.499733,0.000000,0.000000,0.000000,0.307850,-0.379898,-0.274761,0.111169,-0.355898,-0.271880,0.209510,-0.367898,-0.273320,0.181120,-0.399597,-0.250121,0.210976,-0.413172,-0.204749,0.233318,-0.406316,-0.245502
2026-07-16 16:35:02.960,279.599733,0.000000,0.000000,0.000000,0.308223,-0.394496,-0.257754,0.111655,-0.369419,-0.257586,0.209939,-0.381958,-0.257670,0.181185,-0.412524,-0.233424,0.209793,-0.424162,-0.187249,0.233305,-0.419306,-0.228076
2026-07-16 16:35:03.060,279.699733,0.000000,0.000000,0.000000,0.308273,-0.380986,-0.275273,0.111268,-0.357941,-0.272425,0.209770,-0.369464,-0.273849,0.181219,-0.401640,-0.250666,0.210287,-0.415030,-0.205258,0.233417,-0.408360,-0.246047
2026-07-16 16:35:03.160,279.799733,0.000000,0.000000,0.000000,0.289847,-0.422156,-0.236202,0.094379,-0.389603,-0.236398,0.192113,-0.405880,-0.236300,0.162627,-0.432871,-0.210170,0.190143,-0.443638,-0.163509,0.214279,-0.442301,-0.204696
2026-07-16 16:35:03.260,279.899733,0.000000,0.000000,0.000000,0.307751,-0.377854,-0.274215,0.111089,-0.353939,-0.270499,0.209420,-0.365897,-0.272357,0.181211,-0.396647,-0.248696,0.209318,-0.410839,-0.203325,0.233219,-0.404272,-0.244956
2026-07-16 16:35:03.360,279.999733,0.000000,0.000000,0.000000,0.307926,-0.373833,-0.273364,0.110922,-0.350789,-0.270517,0.209424,-0.362311,-0.271941,0.181062,-0.393581,-0.247878,0.208381,-0.407588,-0.202471,0.233071,-0.401207,-0.244139
2026-07-16 16:35:03.460,280.099733,0.000000,0.000000,0.000000,0.308372,-0.383030,-0.275818,0.111516,-0.357956,-0.272894,0.209944,-0.370493,-0.274356,0.181507,-0.402777,-0.250332,0.208037,-0.416600,-0.204888,0.233757,-0.409432,-0.246517
2026-07-16 16:35:03.560,280.199733,0.000000,0.000000,0.000000,0.308130,-0.392431,-0.257293,0.111642,-0.366339,-0.257128,0.209886,-0.379385,-0.257210,0.181279,-0.409518,-0.232120,0.206771,-0.420406,-0.185798,0.233212,-0.417241,-0.227614
2026-07-16 16:35:03.660,280.299733,0.000000,0.000000,0.000000,0.307877,-0.372812,-0.273092,0.110891,-0.349851,-0.269408,0.209384,-0.361332,-0.271250,0.180841,-0.393548,-0.247676,0.206754,-0.406196,-0.202127,0.233039,-0.400268,-0.243050
2026-07-16 16:35:03.760,280.399733,0.000000,0.000000,0.000000,0.308412,-0.390444,-0.257066,0.111517,-0.366322,-0.256894,0.209964,-0.378383,-0.256980,0.181056,-0.409475,-0.231920,0.205725,-0.420160,-0.185640,0.233166,-0.416208,-0.227384
2026-07-16 16:35:03.860,280.499732,0.000000,0.000000,0.000000,0.308322,-0.382008,-0.275545,0.111318,-0.358963,-0.272698,0.209820,-0.370485,-0.274121,0.181286,-0.402744,-0.250129,0.205827,-0.414047,-0.204376,0.233466,-0.409381,-0.246319
2026-07-16 16:35:03.960,280.599732,0.000000,0.000000,0.000000,0.307976,-0.374855,-0.273637,0.110972,-0.351810,-0.270790,0.209474,-0.363333,-0.272213,0.180149,-0.395406,-0.248185,0.204691,-0.406709,-0.202432,0.232879,-0.403200,-0.244486
2026-07-16 16:35:04.060,280.699732,0.000000,0.000000,0.000000,0.308025,-0.375877,-0.273910,0.111021,-0.352832,-0.271062,0.209523,-0.364355,-0.272486,0.180199,-0.396427,-0.248457,0.204519,-0.408624,-0.203644,0.233170,-0.403251,-0.244684
2026-07-16 16:35:04.160,280.799732,0.000000,0.000000,0.000000,0.308497,-0.377987,-0.274694,0.111169,-0.355898,-0.271880,0.209833,-0.366942,-0.273287,0.180329,-0.399411,-0.250085,0.203693,-0.412561,-0.203751,0.233318,-0.406316,-0.245502
2026-07-16 16:35:04.260,280.899732,0.000000,0.000000,0.000000,0.287721,-0.401321,-0.274893,0.092098,-0.368782,-0.272450,0.189909,-0.385052,-0.273672,0.157940,-0.415552,-0.250336,0.181523,-0.428933,-0.203874,0.211189,-0.425459,-0.245689
2026-07-16 16:35:04.360,280.999732,0.000000,0.000000,0.000000,0.308459,-0.391477,-0.257297,0.111563,-0.367354,-0.257124,0.210011,-0.379416,-0.257211,0.179338,-0.411067,-0.232950,0.202993,-0.422578,-0.185994,0.232967,-0.418213,-0.227650
2026-07-16 16:35:04.460,281.099732,0.000000,0.000000,0.000000,0.308551,-0.393542,-0.257758,0.111655,-0.369419,-0.257586,0.210103,-0.381480,-0.257672,0.179430,-0.413132,-0.233411,0.203303,-0.423712,-0.185552,0.234102,-0.419498,-0.228097
2026-07-16 16:35:04.560,281.199732,0.000000,0.000000,0.000000,0.308505,-0.392509,-0.257527,0.111609,-0.368387,-0.257355,0.210057,-0.380448,-0.257441,0.179384,-0.412100,-0.233180,0.203267,-0.422728,-0.184512,0.234055,-0.418466,-0.227866
2026-07-16 16:35:04.660,281.299732,0.000000,0.000000,0.000000,0.308124,-0.377921,-0.274455,0.111194,-0.353861,-0.271569,0.209659,-0.365891,-0.273012,0.179319,-0.399192,-0.249845,0.203510,-0.412840,-0.200389,0.234066,-0.405481,-0.245265
2026-07-16 16:35:04.760,281.399732,0.000000,0.000000,0.000000,0.308174,-0.378943,-0.274727,0.111169,-0.355898,-0.271880,0.209672,-0.367420,-0.273304,0.180176,-0.400481,-0.249345,0.204176,-0.415183,-0.199225,0.233891,-0.407557,-0.244797
2026-07-16 16:35:04.860,281.499732,0.000000,0.000000,0.000000,0.308174,-0.378943,-0.274727,0.111244,-0.354883,-0.271842,0.209709,-0.366913,-0.273285,0.180176,-0.400481,-0.249345,0.204416,-0.414372,-0.197476,0.234012,-0.407072,-0.244759
2026-07-16 16:35:04.960,281.599731,0.000000,0.000000,0.000000,0.308366,-0.389412,-0.256835,0.111550,-0.364274,-0.256667,0.209958,-0.376843,-0.256751,0.180230,-0.408300,-0.230855,0.203997,-0.420206,-0.177367,0.234723,-0.415610,-0.226377
2026-07-16 16:35:05.060,281.699731,0.000000,0.000000,0.000000,0.308695,-0.388458,-0.256839,0.111470,-0.365289,-0.256663,0.210082,-0.376874,-0.256751,0.181020,-0.408491,-0.230877,0.204595,-0.421470,-0.175877,0.234971,-0.414638,-0.226340
2026-07-16 16:35:05.160,281.799731,0.000000,0.000000,0.000000,0.308926,-0.393620,-0.257992,0.111712,-0.370501,-0.256977,0.210319,-0.382060,-0.257485,0.181252,-0.413653,-0.232030,0.204847,-0.426728,-0.175414,0.235213,-0.419849,-0.226673
2026-07-16 16:35:05.260,281.899731,0.000000,0.000000,0.000000,0.308596,-0.380031,-0.275239,0.111286,-0.358026,-0.271589,0.209941,-0.369028,-0.273414,0.182063,-0.402072,-0.248273,0.206228,-0.417438,-0.191650,0.235290,-0.407929,-0.244410
2026-07-16 16:35:05.360,281.999731,0.000000,0.000000,0.000000,0.308322,-0.382008,-0.275545,0.111392,-0.357948,-0.272660,0.209857,-0.369978,-0.274102,0.182112,-0.403094,-0.248546,0.206295,-0.418541,-0.191117,0.235339,-0.408951,-0.244683
2026-07-16 16:35:05.460,282.099731,0.000000,0.000000,0.000000,0.307751,-0.377854,-0.274215,0.111070,-0.353854,-0.271335,0.209411,-0.365854,-0.272775,0.181865,-0.397985,-0.247183,0.206272,-0.412542,-0.188797,0.235092,-0.403842,-0.243320
2026-07-16 16:35:05.560,282.199731,0.000000,0.000000,0.000000,0.308646,-0.381052,-0.275512,0.111318,-0.358963,-0.272698,0.209982,-0.370008,-0.274105,0.182112,-0.403094,-0.248546,0.206537,-0.417732,-0.189353,0.235339,-0.408951,-0.244683
2026-07-16 16:35:05.660,282.299731,0.000000,0.000000,0.000000,0.308273,-0.380986,-0.275273,0.111268,-0.357941,-0.272425,0.209770,-0.369464,-0.273849,0.182853,-0.402258,-0.248309,0.207293,-0.416977,-0.188310,0.235290,-0.407929,-0.244410
2026-07-16 16:35:05.760,282.399731,0.000000,0.000000,0.000000,0.308025,-0.375877,-0.273910,0.111021,-0.352832,-0.271062,0.209523,-0.364355,-0.272486,0.182780,-0.396161,-0.246874,0.207045,-0.411868,-0.186947,0.235286,-0.401849,-0.242971
2026-07-16 16:35:05.860,282.499731,0.000000,0.000000,0.000000,0.308075,-0.376899,-0.274182,0.111163,-0.352924,-0.270459,0.209619,-0.364912,-0.272321,0.182656,-0.398171,-0.247219,0.207303,-0.411919,-0.187066,0.235092,-0.403842,-0.243320
2026-07-16 16:35:05.960,282.599730,0.000000,0.000000,0.000000,0.307991,-0.389334,-0.256601,0.111424,-0.364257,-0.256432,0.209708,-0.376795,-0.256517,0.181774,-0.407698,-0.229855,0.206414,-0.420227,-0.169108,0.234935,-0.413654,-0.225289
2026-07-16 16:35:06.060,282.699730,0.000000,0.000000,0.000000,0.308741,-0.389490,-0.257070,0.111517,-0.366322,-0.256894,0.210129,-0.377906,-0.256982,0.182657,-0.409954,-0.230338,0.206729,-0.421364,-0.168643,0.235275,-0.414748,-0.225712
2026-07-16 16:35:06.160,282.799730,0.000000,0.000000,0.000000,0.307877,-0.372812,-0.273092,0.110873,-0.349767,-0.270244,0.209375,-0.361289,-0.271668,0.181667,-0.393897,-0.246092,0.206707,-0.409856,-0.185478,0.235137,-0.398784,-0.242153
2026-07-16 16:35:06.260,282.899730,0.000000,0.000000,0.000000,0.308459,-0.391477,-0.257297,0.111563,-0.367354,-0.257124,0.210011,-0.379416,-0.257211,0.181913,-0.410796,-0.230547,0.206553,-0.423324,-0.169800,0.235321,-0.415780,-0.225942
2026-07-16 16:35:06.360,282.999730,0.000000,0.000000,0.000000,0.308551,-0.393542,-0.257758,0.111735,-0.368404,-0.257589,0.210143,-0.380973,-0.257674,0.182006,-0.412860,-0.231008,0.206645,-0.425389,-0.170261,0.235166,-0.418817,-0.226442
2026-07-16 16:35:06.460,283.099730,0.000000,0.000000,0.000000,0.308124,-0.377921,-0.274455,0.111120,-0.354876,-0.271607,0.209622,-0.366398,-0.273031,0.181914,-0.399006,-0.247455,0.206357,-0.413727,-0.187456,0.235142,-0.404863,-0.243592
2026-07-16 16:35:06.560,283.199730,0.000000,0.000000,0.000000,0.308273,-0.380986,-0.275273,0.111361,-0.357011,-0.271550,0.209817,-0.368999,-0.273411,0.182063,-0.402072,-0.248273,0.206712,-0.415820,-0.188120,0.235290,-0.407929,-0.244410
2026-07-16 16:35:06.660,283.299730,0.000000,0.000000,0.000000,0.308025,-0.375877,-0.273910,0.111021,-0.352832,-0.271062,0.209523,-0.364355,-0.272486,0.181025,-0.396777,-0.246874,0.206465,-0.410711,-0.186757,0.235043,-0.402820,-0.243047
2026-07-16 16:35:06.760,283.399730,0.000000,0.000000,0.000000,0.307850,-0.379898,-0.274761,0.111244,-0.354883,-0.271842,0.209547,-0.367390,-0.273301,0.181173,-0.399843,-0.247692,0.206596,-0.413695,-0.188382,0.235191,-0.405885,-0.243865
2026-07-16 16:35:06.860,283.499730,0.000000,0.000000,0.000000,0.308174,-0.378943,-0.274727,0.111169,-0.355898,-0.271880,0.209672,-0.367420,-0.273304,0.181173,-0.399843,-0.247692,0.206199,-0.415720,-0.187883,0.235191,-0.405885,-0.243865
2026-07-16 16:35:06.960,283.599730,0.000000,0.000000,0.000000,0.308459,-0.391477,-0.257297,0.111563,-0.367354,-0.257124,0.210011,-0.379416,-0.257211,0.181123,-0.410605,-0.230525,0.205756,-0.423085,-0.170588,0.235074,-0.416752,-0.225981
2026-07-16 16:35:07.060,283.699729,0.000000,0.000000,0.000000,0.308124,-0.377921,-0.274455,0.111194,-0.353861,-0.271569,0.209659,-0.365891,-0.273012,0.181124,-0.398821,-0.247419,0.205346,-0.414432,-0.188380,0.235142,-0.404863,-0.243592
2026-07-16 16:35:07.160,283.799729,0.000000,0.000000,0.000000,0.290203,-0.419127,-0.235924,0.094370,-0.387514,-0.236058,0.192287,-0.403320,-0.235991,0.162449,-0.431767,-0.207359,0.186283,-0.441436,-0.146917,0.216162,-0.439700,-0.202765
2026-07-16 16:35:07.260,283.899729,0.000000,0.000000,0.000000,0.307751,-0.377854,-0.274215,0.111145,-0.352839,-0.271297,0.209448,-0.365347,-0.272756,0.180283,-0.397613,-0.247111,0.205502,-0.412438,-0.187954,0.235092,-0.403842,-0.243320
2026-07-16 16:35:07.360,283.999729,0.000000,0.000000,0.000000,0.308516,-0.378074,-0.273832,0.111244,-0.354883,-0.271842,0.209880,-0.366479,-0.272837,0.180382,-0.399657,-0.247656,0.205601,-0.414482,-0.188500,0.235191,-0.405885,-0.243865
2026-07-16 16:35:07.460,284.099729,0.000000,0.000000,0.000000,0.301483,-0.389210,-0.265954,0.104748,-0.362211,-0.265430,0.203115,-0.375710,-0.265692,0.173413,-0.407430,-0.239797,0.197153,-0.420637,-0.179985,0.227226,-0.414735,-0.235344
2026-07-16 16:35:07.560,284.199729,0.000000,0.000000,0.000000,0.308075,-0.376899,-0.274182,0.111070,-0.353854,-0.271335,0.209573,-0.365376,-0.272758,0.180283,-0.397613,-0.247111,0.205502,-0.412438,-0.187954,0.234849,-0.404812,-0.243396
2026-07-16 16:35:07.660,284.299729,0.000000,0.000000,0.000000,0.307877,-0.372812,-0.273092,0.110947,-0.348752,-0.270206,0.209412,-0.360782,-0.271649,0.180085,-0.393526,-0.246020,0.204722,-0.407194,-0.186675,0.234894,-0.399754,-0.242229
2026-07-16 16:35:07.760,284.399729,0.000000,0.000000,0.000000,0.308223,-0.379964,-0.275000,0.111293,-0.355905,-0.272114,0.209758,-0.367934,-0.273557,0.180432,-0.400678,-0.247928,0.204863,-0.415319,-0.188736,0.234998,-0.407878,-0.244214
2026-07-16 16:35:07.860,284.499729,0.000000,0.000000,0.000000,0.308124,-0.377921,-0.274455,0.111138,-0.354960,-0.270771,0.209631,-0.366441,-0.272613,0.180333,-0.398635,-0.247383,0.204577,-0.414329,-0.187539,0.235142,-0.404863,-0.243592
2026-07-16 16:35:07.960,284.599729,0.000000,0.000000,0.000000,0.307899,-0.387269,-0.256140,0.111331,-0.362192,-0.255971,0.209615,-0.374731,-0.256056,0.180101,-0.405251,-0.229351,0.203961,-0.417591,-0.168583,0.234842,-0.411590,-0.224827
2026-07-16 16:35:08.060,284.699728,0.000000,0.000000,0.000000,0.308598,-0.394574,-0.257989,0.111702,-0.370451,-0.257816,0.210150,-0.382513,-0.257902,0.180472,-0.413511,-0.231196,0.204331,-0.425850,-0.170428,0.235213,-0.419849,-0.226673
2026-07-16 16:35:08.160,284.799728,0.000000,0.000000,0.000000,0.308174,-0.378943,-0.274727,0.111169,-0.355898,-0.271880,0.209672,-0.367420,-0.273304,0.180382,-0.399657,-0.247656,0.204831,-0.414379,-0.187657,0.235191,-0.405885,-0.243865
2026-07-16 16:35:08.260,284.899728,0.000000,0.000000,0.000000,0.308366,-0.389412,-0.256835,0.111550,-0.364274,-0.256667,0.209958,-0.376843,-0.256751,0.180065,-0.409338,-0.230075,0.204100,-0.420688,-0.169275,0.234734,-0.415659,-0.225558
2026-07-16 16:35:08.360,284.999728,0.000000,0.000000,0.000000,0.308505,-0.392509,-0.257527,0.111689,-0.367372,-0.257359,0.210097,-0.379940,-0.257443,0.180379,-0.411446,-0.230735,0.204238,-0.423785,-0.169966,0.234873,-0.418756,-0.226250
2026-07-16 16:35:08.460,285.099728,0.000000,0.000000,0.000000,0.308569,-0.387117,-0.276908,0.111565,-0.364072,-0.274061,0.210067,-0.375595,-0.275484,0.180778,-0.407831,-0.249836,0.205432,-0.421581,-0.189684,0.235587,-0.414060,-0.246046
2026-07-16 16:35:08.560,285.199728,0.000000,0.000000,0.000000,0.308695,-0.388458,-0.256839,0.111550,-0.364274,-0.256667,0.210122,-0.376366,-0.256753,0.180240,-0.408349,-0.230043,0.204100,-0.420688,-0.169275,0.234981,-0.414687,-0.225519
2026-07-16 16:35:08.660,285.299728,0.000000,0.000000,0.000000,0.308038,-0.390366,-0.256832,0.111470,-0.365289,-0.256663,0.209754,-0.377828,-0.256747,0.180240,-0.408349,-0.230043,0.204100,-0.420688,-0.169275,0.234981,-0.414687,-0.225519
2026-07-16 16:35:08.760,285.399728,0.000000,0.000000,0.000000,0.308174,-0.378943,-0.274727,0.111169,-0.355898,-0.271880,0.209672,-0.367420,-0.273304,0.180382,-0.399657,-0.247656,0.204831,-0.414379,-0.187657,0.235191,-0.405885,-0.243865
2026-07-16 16:35:08.860,285.499728,0.000000,0.000000,0.000000,0.308520,-0.386095,-0.276635,0.111516,-0.363050,-0.273788,0.210018,-0.374573,-0.275212,0.180728,-0.406809,-0.249564,0.205177,-0.421531,-0.189565,0.235537,-0.413038,-0.245773
2026-07-16 16:35:08.960,285.599728,0.000000,0.000000,0.000000,0.308273,-0.380986,-0.275273,0.111343,-0.356927,-0.272387,0.209808,-0.368956,-0.273830,0.180481,-0.401700,-0.248201,0.204930,-0.416422,-0.188202,0.235290,-0.407929,-0.244410
2026-07-16 16:35:09.060,285.699728,0.000000,0.000000,0.000000,0.308598,-0.394574,-0.257989,0.111781,-0.369436,-0.257820,0.210189,-0.382005,-0.257904,0.180472,-0.413511,-0.231196,0.204331,-0.425850,-0.170428,0.234965,-0.420821,-0.226711
2026-07-16 16:35:09.160,285.799727,0.000000,0.000000,0.000000,0.288095,-0.400384,-0.274865,0.092111,-0.368863,-0.271615,0.190103,-0.384624,-0.273240,0.158979,-0.415036,-0.247875,0.182547,-0.430723,-0.187769,0.213373,-0.424163,-0.243982
2026-07-16 16:35:09.260,285.899727,0.000000,0.000000,0.000000,0.308598,-0.394574,-0.257989,0.111702,-0.370451,-0.257816,0.210150,-0.382513,-0.257902,0.180472,-0.413511,-0.231196,0.204331,-0.425850,-0.170428,0.234965,-0.420821,-0.226711
2026-07-16 16:35:09.360,285.999727,0.000000,0.000000,0.000000,0.307976,-0.374855,-0.273637,0.111046,-0.350796,-0.270752,0.209511,-0.362826,-0.272194,0.180184,-0.395569,-0.246565,0.204651,-0.410373,-0.185760,0.234750,-0.402769,-0.242851
2026-07-16 16:35:09.460,286.099727,0.000000,0.000000,0.000000,0.307751,-0.377854,-0.274215,0.111089,-0.353939,-0.270499,0.209420,-0.365897,-0.272357,0.180283,-0.397613,-0.247111,0.204750,-0.412417,-0.186306,0.234849,-0.404812,-0.243396
2026-07-16 16:35:09.560,286.199727,0.000000,0.000000,0.000000,0.308174,-0.378943,-0.274727,0.111188,-0.355982,-0.271044,0.209681,-0.367462,-0.272886,0.180382,-0.399657,-0.247656,0.205258,-0.412516,-0.186540,0.234948,-0.406856,-0.243941
2026-07-16 16:35:09.660,286.299727,0.000000,0.000000,0.000000,0.308459,-0.391477,-0.257297,0.111642,-0.366339,-0.257128,0.210051,-0.378908,-0.257212,0.180333,-0.410414,-0.230504,0.203623,-0.421634,-0.168789,0.234826,-0.417724,-0.226019
2026-07-16 16:35:09.760,286.399727,0.000000,0.000000,0.000000,0.308075,-0.376899,-0.274182,0.111089,-0.353939,-0.270499,0.209582,-0.365419,-0.272340,0.180283,-0.397613,-0.247111,0.204166,-0.411259,-0.186114,0.235092,-0.403842,-0.243320
2026-07-16 16:35:09.860,286.499727,0.000000,0.000000,0.000000,0.308646,-0.381052,-0.275512,0.111410,-0.358033,-0.271822,0.210028,-0.369543,-0.273667,0.180530,-0.402722,-0.248473,0.204209,-0.417341,-0.187633,0.235096,-0.409921,-0.244759
2026-07-16 16:35:09.960,286.599727,0.000000,0.000000,0.000000,0.308273,-0.380986,-0.275273,0.111286,-0.358026,-0.271589,0.209780,-0.369506,-0.273431,0.180481,-0.401700,-0.248201,0.204364,-0.415346,-0.187205,0.235047,-0.408900,-0.244487
2026-07-16 16:35:10.060,286.699727,0.000000,0.000000,0.000000,0.308174,-0.378943,-0.274727,0.111188,-0.355982,-0.271044,0.209681,-0.367462,-0.272886,0.180382,-0.399657,-0.247656,0.204265,-0.413303,-0.186660,0.235070,-0.406371,-0.243903
2026-07-16 16:35:10.160,286.799726,0.000000,0.000000,0.000000,0.308075,-0.376899,-0.274182,0.111145,-0.352839,-0.271297,0.209610,-0.364869,-0.272739,0.180112,-0.398601,-0.247183,0.204166,-0.411259,-0.186114,0.234849,-0.404812,-0.243396
2026-07-16 16:35:10.260,286.899726,0.000000,0.000000,0.000000,0.308075,-0.376899,-0.274182,0.111070,-0.353854,-0.271335,0.209573,-0.365376,-0.272758,0.180283,-0.397613,-0.247111,0.204166,-0.411259,-0.186114,0.235092,-0.403842,-0.243320
2026-07-16 16:35:10.360,286.999726,0.000000,0.000000,0.000000,0.308322,-0.382008,-0.275545,0.111318,-0.358963,-0.272698,0.209820,-0.370485,-0.274121,0.180530,-0.402722,-0.248473,0.204209,-0.417341,-0.187633,0.235894,-0.410109,-0.244796
2026-07-16 16:35:10.460,287.099726,0.000000,0.000000,0.000000,0.308075,-0.376899,-0.274182,0.111014,-0.354953,-0.270538,0.209545,-0.365926,-0.272360,0.180283,-0.397613,-0.247111,0.204064,-0.411745,-0.186192,0.235646,-0.405000,-0.243433
2026-07-16 16:35:10.560,287.199726,0.000000,0.000000,0.000000,0.308366,-0.389412,-0.256835,0.111470,-0.365289,-0.256663,0.209918,-0.377351,-0.256749,0.180240,-0.408349,-0.230043,0.203531,-0.419569,-0.168327,0.234734,-0.415659,-0.225558
2026-07-16 16:35:10.660,287.299726,0.000000,0.000000,0.000000,0.308075,-0.376899,-0.274182,0.111145,-0.352839,-0.271297,0.209610,-0.364869,-0.272739,0.180112,-0.398601,-0.247183,0.204148,-0.411177,-0.186922,0.234849,-0.404812,-0.243396
2026-07-16 16:35:10.760,287.399726,0.000000,0.000000,0.000000,0.308412,-0.390444,-0.257066,0.111607,-0.365357,-0.256057,0.210010,-0.377901,-0.256562,0.180287,-0.409381,-0.230273,0.203359,-0.421530,-0.169484,0.235576,-0.416884,-0.225810
2026-07-16 16:35:10.860,287.499726,0.000000,0.000000,0.000000,0.308322,-0.382008,-0.275545,0.111318,-0.358963,-0.272698,0.209820,-0.370485,-0.274121,0.180513,-0.402640,-0.249283,0.204396,-0.416286,-0.188285,0.236138,-0.409138,-0.244719
2026-07-16 16:35:10.960,287.599726,0.000000,0.000000,0.000000,0.308695,-0.382074,-0.275784,0.111385,-0.360070,-0.272134,0.210040,-0.371072,-0.273959,0.180409,-0.404732,-0.248818,0.204445,-0.417308,-0.188557,0.235943,-0.411131,-0.245068
2026-07-16 16:35:11.060,287.699726,0.000000,0.000000,0.000000,0.307877,-0.372812,-0.273092,0.110873,-0.349767,-0.270244,0.209375,-0.361289,-0.271668,0.179915,-0.394514,-0.246092,0.203747,-0.408063,-0.185986,0.235449,-0.400912,-0.242342
2026-07-16 16:35:11.160,287.799726,0.000000,0.000000,0.000000,0.308497,-0.377987,-0.274694,0.111169,-0.355898,-0.271880,0.209833,-0.366942,-0.273287,0.180194,-0.400563,-0.248537,0.204043,-0.414193,-0.187621,0.235745,-0.407043,-0.243978
2026-07-16 16:35:11.260,287.899725,0.000000,0.000000,0.000000,0.293182,-0.397666,-0.261919,0.097321,-0.365988,-0.259997,0.195251,-0.381827,-0.260958,0.164694,-0.412457,-0.235036,0.188079,-0.424877,-0.173584,0.219470,-0.422845,-0.230299
2026-07-16 16:35:11.360,287.999725,0.000000,0.000000,0.000000,0.308273,-0.380986,-0.275273,0.111268,-0.357941,-0.272425,0.209770,-0.369464,-0.273849,0.180293,-0.402607,-0.249082,0.204142,-0.416237,-0.188167,0.235844,-0.409087,-0.244523
2026-07-16 16:35:11.460,288.099725,0.000000,0.000000,0.000000,0.308399,-0.375943,-0.274149,0.111070,-0.353854,-0.271335,0.209735,-0.364899,-0.272742,0.179475,-0.397345,-0.247884,0.204148,-0.411177,-0.186922,0.235646,-0.405000,-0.243433
2026-07-16 16:35:11.560,288.199725,0.000000,0.000000,0.000000,0.308174,-0.378943,-0.274727,0.111169,-0.355898,-0.271880,0.209672,-0.367420,-0.273304,0.180194,-0.400563,-0.248537,0.204247,-0.413221,-0.187467,0.235745,-0.407043,-0.243978
2026-07-16 16:35:11.660,288.299725,0.000000,0.000000,0.000000,0.308223,-0.379964,-0.275000,0.111293,-0.355905,-0.272114,0.209758,-0.367934,-0.273557,0.179623,-0.400411,-0.248702,0.204297,-0.414243,-0.187740,0.235795,-0.408065,-0.244250
2026-07-16 16:35:11.760,288.399725,0.000000,0.000000,0.000000,0.307899,-0.387269,-0.256140,0.111411,-0.361177,-0.255975,0.209655,-0.374223,-0.256057,0.179301,-0.405012,-0.230142,0.203381,-0.416424,-0.168446,0.235391,-0.412754,-0.224887
2026-07-16 16:35:11.860,288.499725,0.000000,0.000000,0.000000,0.308690,-0.396639,-0.258450,0.111885,-0.371551,-0.257441,0.210287,-0.384095,-0.257945,0.179764,-0.415336,-0.232448,0.203844,-0.426748,-0.170752,0.235854,-0.423078,-0.227194
2026-07-16 16:35:11.960,288.599725,0.000000,0.000000,0.000000,0.300895,-0.395214,-0.267014,0.104953,-0.365307,-0.266430,0.202924,-0.380261,-0.266722,0.171938,-0.411060,-0.241578,0.195473,-0.425373,-0.180286,0.227859,-0.420017,-0.236452
2026-07-16 16:35:12.060,288.699725,0.000000,0.000000,0.000000,0.307801,-0.378876,-0.274488,0.111045,-0.355890,-0.271645,0.209423,-0.367383,-0.273067,0.179524,-0.398367,-0.248157,0.203994,-0.413172,-0.187349,0.235696,-0.406021,-0.243705
2026-07-16 16:35:12.160,288.799725,0.000000,0.000000,0.000000,0.308300,-0.373900,-0.273604,0.110972,-0.351810,-0.270790,0.209636,-0.362855,-0.272197,0.179376,-0.395302,-0.247339,0.203846,-0.410106,-0.186531,0.235303,-0.403926,-0.242964
2026-07-16 16:35:12.260,288.899724,0.000000,0.000000,0.000000,0.308174,-0.378943,-0.274727,0.111169,-0.355898,-0.271880,0.209672,-0.367420,-0.273304,0.179404,-0.400378,-0.248501,0.204247,-0.413221,-0.187467,0.235745,-0.407043,-0.243978
2026-07-16 16:35:12.360,288.999724,0.000000,0.000000,0.000000,0.307801,-0.378876,-0.274488,0.111120,-0.354876,-0.271607,0.209460,-0.366876,-0.273048,0.179354,-0.399356,-0.248228,0.204215,-0.412281,-0.186387,0.235696,-0.406021,-0.243705
2026-07-16 16:35:12.460,289.099724,0.000000,0.000000,0.000000,0.293202,-0.399730,-0.262395,0.097228,-0.369063,-0.260475,0.195215,-0.384397,-0.261435,0.163931,-0.414303,-0.235482,0.188114,-0.426995,-0.173250,0.219490,-0.424908,-0.230775
2026-07-16 16:35:12.560,289.199724,0.000000,0.000000,0.000000,0.308147,-0.386029,-0.276396,0.111484,-0.362113,-0.272679,0.209815,-0.374071,-0.274538,0.179701,-0.406508,-0.250136,0.204562,-0.419434,-0.188295,0.236042,-0.413174,-0.245613
2026-07-16 16:35:12.660,289.299724,0.000000,0.000000,0.000000,0.308075,-0.376899,-0.274182,0.111145,-0.352839,-0.271297,0.209610,-0.364869,-0.272739,0.179475,-0.397345,-0.247884,0.204166,-0.411259,-0.186114,0.235402,-0.405970,-0.243509
2026-07-16 16:35:12.760,289.399724,0.000000,0.000000,0.000000,0.308695,-0.388458,-0.256839,0.111629,-0.363259,-0.256670,0.210162,-0.375859,-0.256755,0.179266,-0.409099,-0.230865,0.203531,-0.419569,-0.168327,0.235530,-0.415851,-0.225579
2026-07-16 16:35:12.860,289.499724,0.000000,0.000000,0.000000,0.308690,-0.396639,-0.258450,0.111805,-0.372566,-0.257438,0.210248,-0.384603,-0.257944,0.179590,-0.416326,-0.232480,0.203865,-0.426844,-0.169131,0.235854,-0.423078,-0.227194
2026-07-16 16:35:12.960,289.599724,0.000000,0.000000,0.000000,0.308124,-0.377921,-0.274455,0.111138,-0.354960,-0.270771,0.209631,-0.366441,-0.272613,0.179354,-0.399356,-0.248228,0.204233,-0.412363,-0.185579,0.235696,-0.406021,-0.243705
2026-07-16 16:35:13.060,289.699724,0.000000,0.000000,0.000000,0.308871,-0.378053,-0.274933,0.111219,-0.356919,-0.272152,0.210045,-0.367486,-0.273543,0.179453,-0.401399,-0.248773,0.204332,-0.414406,-0.186125,0.235795,-0.408065,-0.244250
2026-07-16 16:35:13.160,289.799724,0.000000,0.000000,0.000000,0.307751,-0.377854,-0.274215,0.111070,-0.353854,-0.271335,0.209411,-0.365854,-0.272775,0.179475,-0.397345,-0.247884,0.204387,-0.410369,-0.185150,0.235646,-0.405000,-0.243433
2026-07-16 16:35:13.260,289.899724,0.000000,0.000000,0.000000,0.308497,-0.377987,-0.274694,0.111169,-0.355898,-0.271880,0.209833,-0.366942,-0.273287,0.179422,-0.400459,-0.247692,0.204486,-0.412412,-0.185696,0.235501,-0.408014,-0.244054
2026-07-16 16:35:13.360,289.999723,0.000000,0.000000,0.000000,0.308075,-0.376899,-0.274182,0.111089,-0.353939,-0.270499,0.209582,-0.365419,-0.272340,0.179492,-0.397427,-0.247075,0.204184,-0.411341,-0.185307,0.235646,-0.405000,-0.243433
2026-07-16 16:35:13.460,290.099723,0.000000,0.000000,0.000000,0.308075,-0.376899,-0.274182,0.111070,-0.353854,-0.271335,0.209573,-0.365376,-0.272758,0.179323,-0.398416,-0.247147,0.204184,-0.411341,-0.185307,0.235646,-0.405000,-0.243433
2026-07-16 16:35:13.560,290.199723,0.000000,0.000000,0.000000,0.308223,-0.379964,-0.275000,0.111293,-0.355905,-0.272114,0.209758,-0.367934,-0.273557,0.179453,-0.401399,-0.248773,0.204757,-0.412544,-0.185002,0.235795,-0.408065,-0.244250
2026-07-16 16:35:13.660,290.299723,0.000000,0.000000,0.000000,0.308025,-0.375877,-0.273910,0.111095,-0.351817,-0.271024,0.209560,-0.363847,-0.272467,0.179443,-0.396405,-0.246802,0.204152,-0.410401,-0.184227,0.235597,-0.403978,-0.243160
2026-07-16 16:35:13.760,290.399723,0.000000,0.000000,0.000000,0.308497,-0.377987,-0.274694,0.111169,-0.355898,-0.271880,0.209833,-0.366942,-0.273287,0.179422,-0.400459,-0.247692,0.204504,-0.412494,-0.184887,0.235745,-0.407043,-0.243978
2026-07-16 16:35:13.860,290.499723,0.000000,0.000000,0.000000,0.307899,-0.380920,-0.275033,0.111219,-0.356919,-0.272152,0.209559,-0.368920,-0.273593,0.179471,-0.401481,-0.247964,0.205343,-0.413701,-0.185195,0.235795,-0.408065,-0.244250
2026-07-16 16:35:13.960,290.599723,0.000000,0.000000,0.000000,0.308322,-0.382008,-0.275545,0.111318,-0.358963,-0.272698,0.209820,-0.370485,-0.274121,0.180360,-0.403710,-0.248546,0.205460,-0.415827,-0.184932,0.235894,-0.410109,-0.244796
2026-07-16 16:35:14.060,290.699723,0.000000,0.000000,0.000000,0.308300,-0.373900,-0.273604,0.110972,-0.351810,-0.270790,0.209636,-0.362855,-0.272197,0.180184,-0.395569,-0.246565,0.204908,-0.409646,-0.183182,0.235548,-0.402956,-0.242887
2026-07-16 16:35:14.160,290.799723,0.000000,0.000000,0.000000,0.308366,-0.389412,-0.256835,0.111470,-0.365289,-0.256663,0.209918,-0.377351,-0.256749,0.180240,-0.408349,-0.230043,0.204360,-0.419953,-0.165107,0.235530,-0.415851,-0.225579
2026-07-16 16:35:14.260,290.899723,0.000000,0.000000,0.000000,0.308598,-0.394574,-0.257989,0.111781,-0.369436,-0.257820,0.210189,-0.382005,-0.257904,0.180296,-0.414500,-0.231228,0.204800,-0.424138,-0.166139,0.235762,-0.421013,-0.226732
2026-07-16 16:35:14.360,290.999722,0.000000,0.000000,0.000000,0.307899,-0.380920,-0.275033,0.111293,-0.355905,-0.272114,0.209596,-0.368412,-0.273574,0.180432,-0.400678,-0.247928,0.205396,-0.413947,-0.182769,0.236039,-0.407095,-0.244174
2026-07-16 16:35:14.460,291.099722,0.000000,0.000000,0.000000,0.308174,-0.378943,-0.274727,0.111169,-0.355898,-0.271880,0.209672,-0.367420,-0.273304,0.180382,-0.399657,-0.247656,0.205569,-0.412036,-0.181526,0.235989,-0.406073,-0.243901
2026-07-16 16:35:14.560,291.199722,0.000000,0.000000,0.000000,0.307877,-0.372812,-0.273092,0.111022,-0.347737,-0.270168,0.209449,-0.360275,-0.271630,0.179915,-0.394514,-0.246092,0.204295,-0.406772,-0.179208,0.235693,-0.399942,-0.242266
2026-07-16 16:35:14.660,291.299722,0.000000,0.000000,0.000000,0.308174,-0.378943,-0.274727,0.111244,-0.354883,-0.271842,0.209709,-0.366913,-0.273285,0.180229,-0.400727,-0.246919,0.204405,-0.413957,-0.180199,0.235989,-0.406073,-0.243901
2026-07-16 16:35:14.760,291.399722,0.000000,0.000000,0.000000,0.308646,-0.381052,-0.275512,0.111392,-0.357948,-0.272660,0.210019,-0.369500,-0.274086,0.181339,-0.402990,-0.247700,0.204571,-0.417104,-0.180209,0.236138,-0.409138,-0.244719
2026-07-16 16:35:14.860,291.499722,0.000000,0.000000,0.000000,0.308322,-0.382008,-0.275545,0.111318,-0.358963,-0.272698,0.209820,-0.370485,-0.274121,0.181167,-0.403978,-0.247773,0.204385,-0.418157,-0.179568,0.236138,-0.409138,-0.244719
2026-07-16 16:35:14.960,291.599722,0.000000,0.000000,0.000000,0.308470,-0.385073,-0.276363,0.111559,-0.361099,-0.272640,0.210015,-0.373086,-0.274502,0.181315,-0.407043,-0.248591,0.204551,-0.421304,-0.179579,0.236286,-0.412204,-0.245537
2026-07-16 16:35:15.060,291.699722,0.000000,0.000000,0.000000,0.308646,-0.381052,-0.275512,0.111318,-0.358963,-0.272698,0.209982,-0.370008,-0.274105,0.181339,-0.402990,-0.247700,0.204420,-0.418320,-0.177955,0.236156,-0.409221,-0.243902
2026-07-16 16:35:15.160,291.799722,0.000000,0.000000,0.000000,0.308598,-0.394574,-0.257989,0.111781,-0.369436,-0.257820,0.210189,-0.382005,-0.257904,0.181283,-0.413799,-0.229592,0.203896,-0.425358,-0.158946,0.236021,-0.420091,-0.225874
2026-07-16 16:35:15.260,291.899722,0.000000,0.000000,0.000000,0.308547,-0.379009,-0.274967,0.111219,-0.356919,-0.272152,0.209883,-0.367964,-0.273560,0.181258,-0.401028,-0.246345,0.203569,-0.416255,-0.175761,0.236057,-0.407177,-0.243356
2026-07-16 16:35:15.360,291.999722,0.000000,0.000000,0.000000,0.307751,-0.377854,-0.274215,0.111163,-0.352924,-0.270459,0.209457,-0.365389,-0.272337,0.181109,-0.397963,-0.245527,0.203623,-0.412218,-0.174773,0.235908,-0.404112,-0.242539
2026-07-16 16:35:15.460,292.099721,0.000000,0.000000,0.000000,0.308646,-0.381052,-0.275512,0.111392,-0.357948,-0.272660,0.210019,-0.369500,-0.274086,0.181357,-0.403072,-0.246890,0.204074,-0.416356,-0.175965,0.236400,-0.408251,-0.243824
2026-07-16 16:35:15.560,292.199721,0.000000,0.000000,0.000000,0.308497,-0.377987,-0.274694,0.111188,-0.355982,-0.271044,0.209843,-0.366985,-0.272869,0.181036,-0.400994,-0.246147,0.203136,-0.413105,-0.175111,0.236007,-0.406156,-0.243084
2026-07-16 16:35:15.660,292.299721,0.000000,0.000000,0.000000,0.308547,-0.379009,-0.274967,0.111293,-0.355905,-0.272114,0.209920,-0.367457,-0.273541,0.181086,-0.402016,-0.246419,0.203167,-0.414045,-0.176192,0.236057,-0.407177,-0.243356
2026-07-16 16:35:15.760,292.399721,0.000000,0.000000,0.000000,0.308598,-0.394574,-0.257989,0.111712,-0.370501,-0.256977,0.210155,-0.382538,-0.257483,0.181283,-0.413799,-0.229592,0.202309,-0.424929,-0.159713,0.236021,-0.420091,-0.225874
2026-07-16 16:35:15.860,292.499721,0.000000,0.000000,0.000000,0.308273,-0.380986,-0.275273,0.111268,-0.357941,-0.272425,0.209770,-0.369464,-0.273849,0.181118,-0.402956,-0.247500,0.202980,-0.415875,-0.178250,0.236106,-0.408199,-0.243629
2026-07-16 16:35:15.960,292.599721,0.000000,0.000000,0.000000,0.308300,-0.373900,-0.273604,0.110972,-0.351810,-0.270790,0.209636,-0.362855,-0.272197,0.180821,-0.396825,-0.245865,0.202630,-0.409499,-0.179037,0.235565,-0.403039,-0.242071
2026-07-16 16:35:16.060,292.699721,0.000000,0.000000,0.000000,0.308787,-0.390522,-0.257300,0.111722,-0.365324,-0.257131,0.210255,-0.377923,-0.257216,0.180343,-0.410462,-0.229691,0.201914,-0.422568,-0.163198,0.235882,-0.416994,-0.225182
2026-07-16 16:35:16.160,292.799721,0.000000,0.000000,0.000000,0.308223,-0.379964,-0.275000,0.111219,-0.356919,-0.272152,0.209721,-0.368442,-0.273576,0.180278,-0.401749,-0.247192,0.202605,-0.415253,-0.183790,0.235795,-0.408065,-0.244250
2026-07-16 16:35:16.260,292.899721,0.000000,0.000000,0.000000,0.307877,-0.372812,-0.273092,0.110873,-0.349767,-0.270244,0.209375,-0.361289,-0.271668,0.179210,-0.393834,-0.246020,0.202022,-0.408910,-0.183652,0.235205,-0.401883,-0.242419
2026-07-16 16:35:16.360,292.999721,0.000000,0.000000,0.000000,0.308320,-0.388379,-0.256605,0.111424,-0.364257,-0.256432,0.209872,-0.376318,-0.256519,0.179219,-0.408067,-0.230635,0.201281,-0.421040,-0.169211,0.234987,-0.416762,-0.225425
2026-07-16 16:35:16.460,293.099720,0.000000,0.000000,0.000000,0.308075,-0.376899,-0.274182,0.111163,-0.352924,-0.270459,0.209619,-0.364912,-0.272321,0.179305,-0.398334,-0.247955,0.202334,-0.411616,-0.188617,0.235402,-0.405970,-0.243509
2026-07-16 16:35:16.560,293.199720,0.000000,0.000000,0.000000,0.308025,-0.375877,-0.273910,0.111021,-0.352832,-0.271062,0.209523,-0.364355,-0.272486,0.178466,-0.397127,-0.247647,0.202048,-0.411405,-0.190108,0.234314,-0.405732,-0.243277
2026-07-16 16:35:16.660,293.299720,0.000000,0.000000,0.000000,0.308505,-0.392509,-0.257527,0.111609,-0.368387,-0.257355,0.210057,-0.380448,-0.257441,0.178442,-0.412996,-0.231567,0.202613,-0.423164,-0.173970,0.234378,-0.420699,-0.226326
2026-07-16 16:35:16.760,293.399720,0.000000,0.000000,0.000000,0.308551,-0.393542,-0.257758,0.111735,-0.368404,-0.257589,0.210143,-0.380973,-0.257674,0.178651,-0.412990,-0.232578,0.202649,-0.424148,-0.175010,0.234414,-0.421683,-0.227374
2026-07-16 16:35:16.860,293.499720,0.000000,0.000000,0.000000,0.308174,-0.378943,-0.274727,0.111169,-0.355898,-0.271880,0.209672,-0.367420,-0.273304,0.178597,-0.400110,-0.249273,0.203133,-0.413437,-0.193231,0.234201,-0.409686,-0.244984
2026-07-16 16:35:16.960,293.599720,0.000000,0.000000,0.000000,0.307751,-0.377854,-0.274215,0.111089,-0.353939,-0.270499,0.209420,-0.365897,-0.272357,0.178498,-0.398067,-0.248728,0.203618,-0.412552,-0.192868,0.234224,-0.407157,-0.244401
2026-07-16 16:35:17.060,293.699720,0.000000,0.000000,0.000000,0.308372,-0.383030,-0.275818,0.111367,-0.359985,-0.272970,0.209869,-0.371507,-0.274394,0.178794,-0.404197,-0.250364,0.203915,-0.418683,-0.194504,0.234399,-0.413773,-0.246074
2026-07-16 16:35:17.160,293.799720,0.000000,0.000000,0.000000,0.308223,-0.379964,-0.275000,0.111144,-0.357934,-0.272190,0.209684,-0.368949,-0.273595,0.178832,-0.400225,-0.248666,0.203766,-0.415617,-0.193686,0.234512,-0.409819,-0.244367
2026-07-16 16:35:17.260,293.899720,0.000000,0.000000,0.000000,0.308655,-0.395658,-0.257355,0.111828,-0.370469,-0.258050,0.210241,-0.383063,-0.257703,0.179543,-0.415294,-0.232249,0.203529,-0.426403,-0.175493,0.234516,-0.423797,-0.227018
2026-07-16 16:35:17.360,293.999720,0.000000,0.000000,0.000000,0.308174,-0.378943,-0.274727,0.111169,-0.355898,-0.271880,0.209672,-0.367420,-0.273304,0.179404,-0.400378,-0.248501,0.204726,-0.413889,-0.192496,0.234462,-0.408797,-0.244095
2026-07-16 16:35:17.460,294.099720,0.000000,0.000000,0.000000,0.307899,-0.380920,-0.275033,0.111237,-0.357004,-0.271316,0.209568,-0.368962,-0.273175,0.179623,-0.400411,-0.248702,0.204793,-0.414992,-0.191962,0.234512,-0.409819,-0.244367
2026-07-16 16:35:17.560,294.199719,0.000000,0.000000,0.000000,0.307949,-0.381942,-0.275306,0.111361,-0.357011,-0.271550,0.209655,-0.369476,-0.273428,0.179690,-0.401515,-0.248165,0.205647,-0.416281,-0.191464,0.234561,-0.410841,-0.244640
2026-07-16 16:35:17.660,294.299719,0.000000,0.000000,0.000000,0.308075,-0.376899,-0.274182,0.111070,-0.353854,-0.271335,0.209573,-0.365376,-0.272758,0.180283,-0.397613,-0.247111,0.205655,-0.411221,-0.190224,0.234606,-0.405783,-0.243473
2026-07-16 16:35:17.760,294.399719,0.000000,0.000000,0.000000,0.290195,-0.417037,-0.235584,0.094377,-0.385425,-0.234878,0.192286,-0.401231,-0.235231,0.161658,-0.429455,-0.207004,0.187272,-0.438593,-0.148160,0.215585,-0.439534,-0.202385
2026-07-16 16:35:17.860,294.499719,0.000000,0.000000,0.000000,0.307801,-0.378876,-0.274488,0.111194,-0.353861,-0.271569,0.209497,-0.366369,-0.273029,0.180333,-0.398635,-0.247383,0.206511,-0.412510,-0.189725,0.234899,-0.405834,-0.243669
2026-07-16 16:35:17.960,294.599719,0.000000,0.000000,0.000000,0.308124,-0.377921,-0.274455,0.111120,-0.354876,-0.271607,0.209622,-0.366398,-0.273031,0.181124,-0.398821,-0.247419,0.207300,-0.412695,-0.189761,0.234656,-0.406805,-0.243745
2026-07-16 16:35:18.060,294.699719,0.000000,0.000000,0.000000,0.308097,-0.385007,-0.276124,0.111491,-0.359992,-0.273205,0.209794,-0.372499,-0.274664,0.181438,-0.405033,-0.248245,0.207597,-0.418826,-0.191396,0.235195,-0.411965,-0.245304
2026-07-16 16:35:18.160,294.799719,0.000000,0.000000,0.000000,0.307976,-0.374855,-0.273637,0.110972,-0.351810,-0.270790,0.209474,-0.363333,-0.272213,0.180975,-0.395755,-0.246601,0.208149,-0.408843,-0.188828,0.234507,-0.403739,-0.242928
2026-07-16 16:35:18.260,294.899719,0.000000,0.000000,0.000000,0.308440,-0.384139,-0.275229,0.111491,-0.359992,-0.273205,0.209965,-0.372065,-0.274217,0.181420,-0.404952,-0.249055,0.208594,-0.418040,-0.191282,0.235195,-0.411965,-0.245304
2026-07-16 16:35:18.360,294.999719,0.000000,0.000000,0.000000,0.308269,-0.395528,-0.257985,0.111702,-0.370451,-0.257816,0.209985,-0.382990,-0.257901,0.181262,-0.413702,-0.231217,0.208449,-0.425681,-0.172850,0.234965,-0.420821,-0.226711
2026-07-16 16:35:18.460,295.099719,0.000000,0.000000,0.000000,0.307949,-0.381942,-0.275306,0.111361,-0.357011,-0.271550,0.209655,-0.369476,-0.273428,0.181272,-0.401886,-0.248237,0.209236,-0.415160,-0.190500,0.235047,-0.408900,-0.244487
2026-07-16 16:35:18.560,295.199718,0.000000,0.000000,0.000000,0.308174,-0.378943,-0.274727,0.111262,-0.354968,-0.271005,0.209718,-0.366955,-0.272866,0.181981,-0.400110,-0.246918,0.209137,-0.413116,-0.189955,0.234948,-0.406856,-0.243941
2026-07-16 16:35:18.660,295.299718,0.000000,0.000000,0.000000,0.308273,-0.380986,-0.275273,0.111268,-0.357941,-0.272425,0.209770,-0.369464,-0.273849,0.182080,-0.402154,-0.247463,0.210237,-0.414374,-0.190385,0.235047,-0.408900,-0.244487
2026-07-16 16:35:18.760,295.399718,0.000000,0.000000,0.000000,0.308322,-0.382008,-0.275545,0.111485,-0.357019,-0.271783,0.209903,-0.369513,-0.273664,0.182130,-0.403176,-0.247736,0.210286,-0.415396,-0.190658,0.235096,-0.409921,-0.244759
2026-07-16 16:35:18.860,295.499718,0.000000,0.000000,0.000000,0.308174,-0.378943,-0.274727,0.111188,-0.355982,-0.271044,0.209681,-0.367462,-0.272886,0.181981,-0.400110,-0.246918,0.209909,-0.413220,-0.190799,0.234151,-0.406669,-0.243905
2026-07-16 16:35:18.960,295.599718,0.000000,0.000000,0.000000,0.308025,-0.375877,-0.273910,0.111021,-0.352832,-0.271062,0.209523,-0.364355,-0.272486,0.181833,-0.397045,-0.246100,0.210550,-0.410340,-0.190018,0.234244,-0.402632,-0.243011
2026-07-16 16:35:19.060,295.699718,0.000000,0.000000,0.000000,0.308174,-0.378943,-0.274727,0.111244,-0.354883,-0.271842,0.209709,-0.366913,-0.273285,0.181981,-0.400110,-0.246918,0.210699,-0.413405,-0.190835,0.234705,-0.407827,-0.244018
2026-07-16 16:35:19.160,295.799718,0.000000,0.000000,0.000000,0.308366,-0.389412,-0.256835,0.111470,-0.365289,-0.256663,0.209918,-0.377351,-0.256749,0.181831,-0.408779,-0.229273,0.210788,-0.420068,-0.172460,0.234184,-0.414494,-0.225498
2026-07-16 16:35:19.260,295.899718,0.000000,0.000000,0.000000,0.308497,-0.377987,-0.274694,0.111095,-0.356912,-0.271918,0.209796,-0.367450,-0.273306,0.182772,-0.400296,-0.246954,0.211488,-0.413591,-0.190871,0.234393,-0.405698,-0.243829
2026-07-16 16:35:19.360,295.999718,0.000000,0.000000,0.000000,0.308470,-0.391528,-0.256432,0.111573,-0.367404,-0.256285,0.210022,-0.379466,-0.256359,0.182525,-0.411976,-0.230601,0.211878,-0.421300,-0.173645,0.234826,-0.417724,-0.226019
2026-07-16 16:35:19.460,296.099718,0.000000,0.000000,0.000000,0.307652,-0.375811,-0.273670,0.111046,-0.350796,-0.270752,0.209349,-0.363303,-0.272211,0.182574,-0.396209,-0.245864,0.212277,-0.408637,-0.190477,0.234750,-0.402769,-0.242851
2026-07-16 16:35:19.560,296.199718,0.000000,0.000000,0.000000,0.308497,-0.377987,-0.274694,0.111169,-0.355898,-0.271880,0.209833,-0.366942,-0.273287,0.182755,-0.400214,-0.247764,0.213033,-0.413798,-0.192560,0.234393,-0.405698,-0.243829
2026-07-16 16:35:19.660,296.299717,0.000000,0.000000,0.000000,0.308459,-0.391477,-0.257297,0.111563,-0.367354,-0.257124,0.210011,-0.379416,-0.257211,0.182703,-0.410987,-0.230568,0.212438,-0.422418,-0.174587,0.234276,-0.416559,-0.225959
2026-07-16 16:35:19.760,296.399717,0.000000,0.000000,0.000000,0.308644,-0.395606,-0.258219,0.111748,-0.371484,-0.258047,0.210196,-0.383545,-0.258133,0.182888,-0.415116,-0.231491,0.213623,-0.425715,-0.176235,0.234461,-0.420689,-0.226882
2026-07-16 16:35:19.860,296.499717,0.000000,0.000000,0.000000,0.309034,-0.379227,-0.273904,0.111188,-0.355982,-0.271044,0.210111,-0.367605,-0.272474,0.182755,-0.400214,-0.247764,0.214004,-0.412850,-0.194069,0.234393,-0.405698,-0.243829
2026-07-16 16:35:19.960,296.599717,0.000000,0.000000,0.000000,0.309310,-0.391732,-0.256455,0.111573,-0.367404,-0.256285,0.210442,-0.379568,-0.256370,0.182703,-0.410987,-0.230568,0.213637,-0.420514,-0.176832,0.234276,-0.416559,-0.225959
2026-07-16 16:35:20.060,296.699717,0.000000,0.000000,0.000000,0.308192,-0.379030,-0.273866,0.111244,-0.354883,-0.271842,0.209718,-0.366956,-0.272854,0.182755,-0.400214,-0.247764,0.214977,-0.411901,-0.195582,0.234375,-0.405615,-0.244646
2026-07-16 16:35:20.160,296.799717,0.000000,0.000000,0.000000,0.293182,-0.397666,-0.261919,0.097208,-0.367000,-0.259999,0.195195,-0.382333,-0.260959,0.167058,-0.413162,-0.234311,0.198846,-0.424253,-0.181733,0.218436,-0.420427,-0.230974
2026-07-16 16:35:20.260,296.899717,0.000000,0.000000,0.000000,0.308174,-0.378943,-0.274727,0.111169,-0.355898,-0.271880,0.209672,-0.367420,-0.273304,0.182755,-0.400214,-0.247764,0.215177,-0.410849,-0.196251,0.234393,-0.405698,-0.243829
2026-07-16 16:35:20.360,296.999717,0.000000,0.000000,0.000000,0.308174,-0.378943,-0.274727,0.111244,-0.354883,-0.271842,0.209709,-0.366913,-0.273285,0.182755,-0.400214,-0.247764,0.214366,-0.410580,-0.197027,0.234393,-0.405698,-0.243829
2026-07-16 16:35:20.460,297.099717,0.000000,0.000000,0.000000,0.308372,-0.383030,-0.275818,0.111367,-0.359985,-0.272970,0.209869,-0.371507,-0.274394,0.182952,-0.404301,-0.248854,0.214330,-0.415556,-0.199069,0.234591,-0.409785,-0.244919
2026-07-16 16:35:20.560,297.199717,0.000000,0.000000,0.000000,0.308174,-0.378943,-0.274727,0.111188,-0.355982,-0.271044,0.209681,-0.367462,-0.272886,0.182929,-0.399227,-0.247692,0.214114,-0.411387,-0.198789,0.233594,-0.405510,-0.243792
2026-07-16 16:35:20.660,297.299716,0.000000,0.000000,0.000000,0.308130,-0.392431,-0.257293,0.111642,-0.366339,-0.257128,0.209886,-0.379385,-0.257210,0.183673,-0.410189,-0.230557,0.213014,-0.419106,-0.180780,0.233468,-0.416317,-0.226758
2026-07-16 16:35:20.760,297.399716,0.000000,0.000000,0.000000,0.308366,-0.389412,-0.256835,0.111470,-0.365289,-0.256663,0.209918,-0.377351,-0.256749,0.183581,-0.408124,-0.230096,0.212119,-0.416801,-0.181112,0.233386,-0.414301,-0.225476
2026-07-16 16:35:20.860,297.499716,0.000000,0.000000,0.000000,0.309588,-0.397926,-0.257839,0.111931,-0.372584,-0.257672,0.210759,-0.385255,-0.257755,0.183771,-0.417372,-0.231973,0.212271,-0.426036,-0.183056,0.233756,-0.422560,-0.227321
2026-07-16 16:35:20.960,297.599716,0.000000,0.000000,0.000000,0.308300,-0.373900,-0.273604,0.110990,-0.351895,-0.269953,0.209645,-0.362897,-0.271779,0.183523,-0.395325,-0.246638,0.211506,-0.406577,-0.199212,0.233397,-0.401423,-0.242702
2026-07-16 16:35:21.060,297.699716,0.000000,0.000000,0.000000,0.308497,-0.377987,-0.274694,0.111095,-0.356912,-0.271918,0.209796,-0.367450,-0.273306,0.183721,-0.399413,-0.247728,0.211917,-0.409692,-0.200166,0.233594,-0.405510,-0.243792
2026-07-16 16:35:21.160,297.799716,0.000000,0.000000,0.000000,0.308695,-0.388458,-0.256839,0.111560,-0.364324,-0.255826,0.210127,-0.376391,-0.256333,0.183760,-0.407136,-0.230063,0.211089,-0.417488,-0.182816,0.233509,-0.413815,-0.225457
2026-07-16 16:35:21.260,297.899716,0.000000,0.000000,0.000000,0.308926,-0.393620,-0.257992,0.111702,-0.370451,-0.257816,0.210314,-0.382036,-0.257904,0.183992,-0.412298,-0.231217,0.211320,-0.422650,-0.183970,0.233617,-0.419463,-0.226629
2026-07-16 16:35:21.360,297.999716,0.000000,0.000000,0.000000,0.308223,-0.379964,-0.275000,0.111293,-0.355905,-0.272114,0.209758,-0.367934,-0.273557,0.183945,-0.399447,-0.247929,0.210943,-0.411418,-0.201350,0.233085,-0.405373,-0.243952
2026-07-16 16:35:21.460,298.099716,0.000000,0.000000,0.000000,0.308893,-0.386162,-0.276875,0.111565,-0.364072,-0.274061,0.210229,-0.375117,-0.275468,0.184908,-0.407773,-0.249945,0.211290,-0.418571,-0.203258,0.233414,-0.412443,-0.246678
2026-07-16 16:35:21.560,298.199716,0.000000,0.000000,0.000000,0.308372,-0.383030,-0.275818,0.111367,-0.359985,-0.272970,0.209869,-0.371507,-0.274394,0.184094,-0.402512,-0.248746,0.210880,-0.415456,-0.202303,0.233216,-0.408356,-0.245588
2026-07-16 16:35:21.660,298.299716,0.000000,0.000000,0.000000,0.293562,-0.398787,-0.262395,0.097341,-0.368052,-0.260473,0.195451,-0.383419,-0.261434,0.168287,-0.413479,-0.234740,0.194590,-0.425816,-0.187858,0.217028,-0.421625,-0.230550
2026-07-16 16:35:21.760,298.399715,0.000000,0.000000,0.000000,0.308124,-0.377921,-0.274455,0.111120,-0.354876,-0.271607,0.209622,-0.366398,-0.273031,0.183671,-0.398391,-0.247455,0.211406,-0.410451,-0.201786,0.232969,-0.403246,-0.244225
2026-07-16 16:35:21.860,298.499715,0.000000,0.000000,0.000000,0.293572,-0.399819,-0.262633,0.097351,-0.369083,-0.260711,0.195461,-0.384451,-0.261672,0.168069,-0.415438,-0.235829,0.195368,-0.427010,-0.188937,0.217675,-0.423303,-0.231659
2026-07-16 16:35:21.960,298.599715,0.000000,0.000000,0.000000,0.308794,-0.384118,-0.276330,0.111466,-0.362029,-0.273515,0.210130,-0.373073,-0.274923,0.184000,-0.405461,-0.250174,0.211752,-0.417603,-0.203694,0.233873,-0.411558,-0.246245
2026-07-16 16:35:22.060,298.699715,0.000000,0.000000,0.000000,0.308926,-0.393620,-0.257992,0.111702,-0.370451,-0.257816,0.210314,-0.382036,-0.257904,0.183011,-0.413047,-0.232041,0.210865,-0.424505,-0.185786,0.233607,-0.419414,-0.227450
2026-07-16 16:35:22.160,298.799715,0.000000,0.000000,0.000000,0.308223,-0.379964,-0.275000,0.111311,-0.355989,-0.271277,0.209767,-0.367977,-0.273139,0.182769,-0.401072,-0.249656,0.212260,-0.412516,-0.203987,0.233626,-0.406449,-0.244882
2026-07-16 16:35:22.260,298.899715,0.000000,0.000000,0.000000,0.308174,-0.378943,-0.274727,0.111244,-0.354883,-0.271842,0.209709,-0.366913,-0.273285,0.182101,-0.398876,-0.249277,0.211997,-0.412467,-0.203846,0.233559,-0.405345,-0.245427
2026-07-16 16:35:22.360,298.999715,0.000000,0.000000,0.000000,0.307751,-0.377854,-0.274215,0.111089,-0.353939,-0.270499,0.209420,-0.365897,-0.272357,0.181830,-0.397821,-0.248802,0.211666,-0.411313,-0.204240,0.233460,-0.403301,-0.244882
2026-07-16 16:35:22.460,299.099715,0.000000,0.000000,0.000000,0.308569,-0.387117,-0.276908,0.111565,-0.364072,-0.274061,0.210067,-0.375595,-0.275484,0.182497,-0.407051,-0.251458,0.212161,-0.421532,-0.206966,0.233954,-0.413519,-0.247608
2026-07-16 16:35:22.560,299.199715,0.000000,0.000000,0.000000,0.276659,-0.424034,-0.241365,0.081932,-0.386347,-0.239039,0.179296,-0.405191,-0.240202,0.149496,-0.433183,-0.213696,0.178733,-0.444740,-0.168202,0.200625,-0.442083,-0.209489
2026-07-16 16:35:22.660,299.299715,0.000000,0.000000,0.000000,0.308322,-0.382008,-0.275545,0.111392,-0.357948,-0.272660,0.209857,-0.369978,-0.274102,0.181286,-0.402744,-0.250129,0.210894,-0.417128,-0.206504,0.233466,-0.409381,-0.246319
2026-07-16 16:35:22.760,299.399714,0.000000,0.000000,0.000000,0.308246,-0.388072,-0.276941,0.111639,-0.363057,-0.274023,0.209943,-0.375565,-0.275482,0.181516,-0.407771,-0.252302,0.211141,-0.422237,-0.207867,0.233954,-0.413519,-0.247608
2026-07-16 16:35:22.860,299.499714,0.000000,0.000000,0.000000,0.307877,-0.372812,-0.273092,0.110891,-0.349851,-0.269408,0.209384,-0.361332,-0.271250,0.180841,-0.393548,-0.247676,0.210467,-0.408014,-0.203244,0.233262,-0.399214,-0.243792
2026-07-16 16:35:22.960,299.599714,0.000000,0.000000,0.000000,0.308695,-0.388458,-0.256839,0.111470,-0.365289,-0.256663,0.210082,-0.376874,-0.256751,0.181010,-0.408443,-0.231689,0.209392,-0.421009,-0.186418,0.234163,-0.414396,-0.227138
2026-07-16 16:35:23.060,299.699714,0.000000,0.000000,0.000000,0.308075,-0.376899,-0.274182,0.111070,-0.353854,-0.271335,0.209573,-0.365376,-0.272758,0.181021,-0.397553,-0.249576,0.209877,-0.411916,-0.204299,0.233219,-0.404272,-0.244956
2026-07-16 16:35:23.160,299.799714,0.000000,0.000000,0.000000,0.308497,-0.377987,-0.274694,0.111188,-0.355982,-0.271044,0.209843,-0.366985,-0.272869,0.181138,-0.399679,-0.249311,0.209417,-0.412883,-0.203870,0.233318,-0.406316,-0.245502
2026-07-16 16:35:23.260,299.899714,0.000000,0.000000,0.000000,0.308745,-0.383096,-0.276057,0.111417,-0.361007,-0.273243,0.210081,-0.372051,-0.274650,0.181385,-0.404788,-0.250674,0.209453,-0.418965,-0.205365,0.233806,-0.410454,-0.246790
2026-07-16 16:35:23.360,299.999714,0.000000,0.000000,0.000000,0.308025,-0.375877,-0.273910,0.111021,-0.352832,-0.271062,0.209523,-0.364355,-0.272486,0.180989,-0.396613,-0.248494,0.208584,-0.409145,-0.202950,0.233170,-0.403251,-0.244684
2026-07-16 16:35:23.460,300.099714,0.000000,0.000000,0.000000,0.307899,-0.380920,-0.275033,0.111219,-0.356919,-0.272152,0.209559,-0.368920,-0.273593,0.181359,-0.399712,-0.249514,0.207889,-0.413534,-0.204071,0.233608,-0.406366,-0.245700
2026-07-16 16:35:23.560,300.199714,0.000000,0.000000,0.000000,0.308399,-0.375943,-0.274149,0.111070,-0.353854,-0.271335,0.209735,-0.364899,-0.272742,0.181125,-0.397141,-0.248731,0.206952,-0.410283,-0.203217,0.233219,-0.404272,-0.244956
2026-07-16 16:35:23.660,300.299714,0.000000,0.000000,0.000000,0.308596,-0.380031,-0.275239,0.111268,-0.357941,-0.272425,0.209932,-0.368986,-0.273832,0.181237,-0.401722,-0.249856,0.206361,-0.414185,-0.204271,0.233176,-0.409331,-0.246121
2026-07-16 16:35:23.760,300.399714,0.000000,0.000000,0.000000,0.307751,-0.377854,-0.274215,0.111070,-0.353854,-0.271335,0.209411,-0.365854,-0.272775,0.181039,-0.397635,-0.248766,0.205956,-0.411072,-0.203313,0.233219,-0.404272,-0.244956
2026-07-16 16:35:23.860,300.499713,0.000000,0.000000,0.000000,0.308320,-0.388379,-0.256605,0.111583,-0.362227,-0.256439,0.209951,-0.375303,-0.256522,0.180964,-0.407411,-0.231459,0.204635,-0.418882,-0.185251,0.233073,-0.414143,-0.226922
2026-07-16 16:35:23.960,300.599713,0.000000,0.000000,0.000000,0.308322,-0.382008,-0.275545,0.111318,-0.358963,-0.272698,0.209820,-0.370485,-0.274121,0.180495,-0.402558,-0.250093,0.205604,-0.414940,-0.205315,0.233226,-0.410353,-0.246394
2026-07-16 16:35:24.060,300.699713,0.000000,0.000000,0.000000,0.308174,-0.378943,-0.274727,0.111262,-0.354968,-0.271005,0.209718,-0.366955,-0.272866,0.180329,-0.399411,-0.250085,0.204463,-0.412664,-0.204593,0.233318,-0.406316,-0.245502
2026-07-16 16:35:24.160,300.799713,0.000000,0.000000,0.000000,0.308695,-0.382074,-0.275784,0.111385,-0.360070,-0.272134,0.210040,-0.371072,-0.273959,0.180527,-0.403498,-0.251175,0.204660,-0.416751,-0.205683,0.233516,-0.410403,-0.246592
2026-07-16 16:35:24.260,300.899713,0.000000,0.000000,0.000000,0.308075,-0.376899,-0.274182,0.110996,-0.354869,-0.271373,0.209535,-0.365884,-0.272777,0.179440,-0.397181,-0.249504,0.203390,-0.411492,-0.203338,0.233219,-0.404272,-0.244956
2026-07-16 16:35:24.360,300.999713,0.000000,0.000000,0.000000,0.307976,-0.374855,-0.273637,0.111046,-0.350796,-0.270752,0.209511,-0.362826,-0.272194,0.179171,-0.396127,-0.249028,0.203291,-0.409448,-0.202793,0.232879,-0.403200,-0.244486
2026-07-16 16:35:24.460,301.099713,0.000000,0.000000,0.000000,0.307850,-0.379898,-0.274761,0.111113,-0.356997,-0.271083,0.209482,-0.368447,-0.272922,0.179199,-0.401203,-0.250187,0.203507,-0.413617,-0.203078,0.233318,-0.406316,-0.245502
2026-07-16 16:35:24.560,301.199713,0.000000,0.000000,0.000000,0.308174,-0.378943,-0.274727,0.111188,-0.355982,-0.271044,0.209681,-0.367462,-0.272886,0.179199,-0.401203,-0.250187,0.203524,-0.413698,-0.202272,0.234115,-0.406503,-0.245538
2026-07-16 16:35:24.660,301.299713,0.000000,0.000000,0.000000,0.307850,-0.379898,-0.274761,0.111169,-0.355898,-0.271880,0.209510,-0.367898,-0.273320,0.179369,-0.400214,-0.250118,0.203763,-0.412887,-0.200525,0.234115,-0.406503,-0.245538
2026-07-16 16:35:24.760,301.399713,0.000000,0.000000,0.000000,0.308412,-0.390444,-0.257066,0.111596,-0.365307,-0.256897,0.210004,-0.377876,-0.256982,0.180091,-0.410274,-0.231929,0.203992,-0.420998,-0.181644,0.233963,-0.416401,-0.227405
2026-07-16 16:35:24.860,301.499712,0.000000,0.000000,0.000000,0.308124,-0.377921,-0.274455,0.111120,-0.354876,-0.271607,0.209622,-0.366398,-0.273031,0.180127,-0.399459,-0.249073,0.204144,-0.414243,-0.198149,0.234084,-0.405564,-0.244449
2026-07-16 16:35:24.960,301.599712,0.000000,0.000000,0.000000,0.308745,-0.383096,-0.276057,0.111417,-0.361007,-0.273243,0.210081,-0.372051,-0.274650,0.180612,-0.404684,-0.249828,0.204903,-0.418671,-0.197085,0.235178,-0.411882,-0.246121
2026-07-16 16:35:25.060,301.699712,0.000000,0.000000,0.000000,0.307702,-0.376833,-0.273943,0.111039,-0.352917,-0.270226,0.209370,-0.364875,-0.272084,0.181007,-0.396695,-0.247684,0.205124,-0.411818,-0.193472,0.234782,-0.403708,-0.243940
2026-07-16 16:35:25.160,301.799712,0.000000,0.000000,0.000000,0.276181,-0.428092,-0.241847,0.081847,-0.389477,-0.239577,0.179014,-0.408784,-0.240712,0.148656,-0.436075,-0.213398,0.172490,-0.447007,-0.156449,0.202124,-0.445719,-0.209250
2026-07-16 16:35:25.260,301.899712,0.000000,0.000000,0.000000,0.308273,-0.387347,-0.256374,0.111378,-0.363225,-0.256202,0.209825,-0.375286,-0.256288,0.181728,-0.406666,-0.229624,0.205329,-0.419788,-0.172204,0.234888,-0.412622,-0.225058
2026-07-16 16:35:25.360,301.999712,0.000000,0.000000,0.000000,0.308075,-0.376899,-0.274182,0.111070,-0.353854,-0.271335,0.209573,-0.365376,-0.272758,0.181865,-0.397985,-0.247183,0.206255,-0.412460,-0.189603,0.235092,-0.403842,-0.243320
2026-07-16 16:35:25.460,302.099712,0.000000,0.000000,0.000000,0.308181,-0.385282,-0.255913,0.111364,-0.360145,-0.255744,0.209773,-0.372714,-0.255828,0.182425,-0.404792,-0.229184,0.205468,-0.416843,-0.170013,0.234796,-0.410557,-0.224597
2026-07-16 16:35:25.560,302.199712,0.000000,0.000000,0.000000,0.308269,-0.395528,-0.257985,0.111781,-0.369436,-0.257820,0.210025,-0.382482,-0.257902,0.182842,-0.414084,-0.231260,0.205895,-0.426183,-0.171280,0.235213,-0.419849,-0.226673
2026-07-16 16:35:25.660,302.299712,0.000000,0.000000,0.000000,0.308844,-0.385140,-0.276602,0.111590,-0.362036,-0.273750,0.210217,-0.373588,-0.275176,0.183101,-0.407367,-0.249672,0.207748,-0.421115,-0.189519,0.235537,-0.413038,-0.245773
2026-07-16 16:35:25.760,302.399712,0.000000,0.000000,0.000000,0.308273,-0.380986,-0.275273,0.111286,-0.358026,-0.271589,0.209780,-0.369506,-0.273431,0.183028,-0.401270,-0.248237,0.207501,-0.416006,-0.188156,0.235290,-0.407929,-0.244410
2026-07-16 16:35:25.860,302.499712,0.000000,0.000000,0.000000,0.308273,-0.380986,-0.275273,0.111343,-0.356927,-0.272387,0.209808,-0.368956,-0.273830,0.182853,-0.402258,-0.248309,0.207293,-0.416977,-0.188310,0.235290,-0.407929,-0.244410
2026-07-16 16:35:25.960,302.599711,0.000000,0.000000,0.000000,0.308223,-0.379964,-0.275000,0.111219,-0.356919,-0.272152,0.209721,-0.368442,-0.273576,0.182804,-0.401236,-0.248036,0.207469,-0.415066,-0.187076,0.235484,-0.405936,-0.244061
2026-07-16 16:35:26.060,302.699711,0.000000,0.000000,0.000000,0.308459,-0.391477,-0.257297,0.111563,-0.367354,-0.257124,0.210011,-0.379416,-0.257211,0.182882,-0.409998,-0.230536,0.206775,-0.422396,-0.168874,0.235074,-0.416752,-0.225981
2026-07-16 16:35:26.160,302.799711,0.000000,0.000000,0.000000,0.308322,-0.382008,-0.275545,0.111410,-0.358033,-0.271822,0.209866,-0.370020,-0.273684,0.182903,-0.403280,-0.248582,0.207776,-0.416138,-0.187466,0.235339,-0.408951,-0.244683
2026-07-16 16:35:26.260,302.899711,0.000000,0.000000,0.000000,0.308174,-0.378943,-0.274727,0.111244,-0.354883,-0.271842,0.209709,-0.366913,-0.273285,0.182755,-0.400214,-0.247764,0.207420,-0.414044,-0.186803,0.235191,-0.405885,-0.243865
2026-07-16 16:35:26.360,302.999711,0.000000,0.000000,0.000000,0.308181,-0.385282,-0.255913,0.111364,-0.360145,-0.255744,0.209773,-0.372714,-0.255828,0.181635,-0.404601,-0.229163,0.206497,-0.416202,-0.167490,0.234796,-0.410557,-0.224597
2026-07-16 16:35:26.460,303.099711,0.000000,0.000000,0.000000,0.308174,-0.378943,-0.274727,0.111262,-0.354968,-0.271005,0.209718,-0.366955,-0.272866,0.181964,-0.400028,-0.247728,0.206613,-0.413777,-0.187575,0.235434,-0.404915,-0.243788
2026-07-16 16:35:26.560,303.199711,0.000000,0.000000,0.000000,0.307998,-0.382963,-0.275578,0.111318,-0.358963,-0.272698,0.209658,-0.370963,-0.274138,0.182112,-0.403094,-0.248546,0.206762,-0.416842,-0.188393,0.235339,-0.408951,-0.244683
2026-07-16 16:35:26.660,303.299711,0.000000,0.000000,0.000000,0.307652,-0.375811,-0.273670,0.110972,-0.351810,-0.270790,0.209312,-0.363811,-0.272230,0.181766,-0.395941,-0.246637,0.206208,-0.410661,-0.186639,0.234993,-0.401798,-0.242775
2026-07-16 16:35:26.760,303.399711,0.000000,0.000000,0.000000,0.289839,-0.420066,-0.235863,0.094370,-0.387514,-0.236058,0.192105,-0.403790,-0.235960,0.162449,-0.431767,-0.207359,0.187077,-0.441659,-0.146121,0.216162,-0.439700,-0.202765
2026-07-16 16:35:26.860,303.499711,0.000000,0.000000,0.000000,0.309068,-0.382141,-0.276024,0.111491,-0.359992,-0.273205,0.210280,-0.371066,-0.274614,0.181420,-0.404952,-0.249055,0.206654,-0.419858,-0.189092,0.235438,-0.410994,-0.245228
2026-07-16 16:35:26.960,303.599710,0.000000,0.000000,0.000000,0.308497,-0.377987,-0.274694,0.111244,-0.354883,-0.271842,0.209871,-0.366435,-0.273268,0.181173,-0.399843,-0.247692,0.206389,-0.414667,-0.188535,0.235191,-0.405885,-0.243865
2026-07-16 16:35:27.060,303.699710,0.000000,0.000000,0.000000,0.308181,-0.385282,-0.255913,0.111364,-0.360145,-0.255744,0.209773,-0.372714,-0.255828,0.180845,-0.404410,-0.229142,0.204481,-0.417677,-0.169297,0.234796,-0.410557,-0.224597
2026-07-16 16:35:27.160,303.799710,0.000000,0.000000,0.000000,0.308412,-0.390444,-0.257066,0.111517,-0.366322,-0.256894,0.209964,-0.378383,-0.256980,0.181077,-0.409572,-0.230295,0.204922,-0.421863,-0.170336,0.234780,-0.416691,-0.225788
2026-07-16 16:35:27.260,303.899710,0.000000,0.000000,0.000000,0.308075,-0.376899,-0.274182,0.111163,-0.352924,-0.270459,0.209619,-0.364912,-0.272321,0.181074,-0.397799,-0.247147,0.205502,-0.412438,-0.187954,0.235092,-0.403842,-0.243320
2026-07-16 16:35:27.360,303.999710,0.000000,0.000000,0.000000,0.307995,-0.374943,-0.272776,0.110972,-0.351810,-0.270790,0.209483,-0.363376,-0.271783,0.180975,-0.395755,-0.246601,0.205403,-0.410395,-0.187409,0.234993,-0.401798,-0.242775
2026-07-16 16:35:27.460,304.099710,0.000000,0.000000,0.000000,0.308372,-0.383030,-0.275818,0.111442,-0.358970,-0.272932,0.209907,-0.371000,-0.274375,0.181371,-0.403930,-0.248782,0.205799,-0.418569,-0.189590,0.235389,-0.409973,-0.244955
2026-07-16 16:35:27.560,304.199710,0.000000,0.000000,0.000000,0.308075,-0.376899,-0.274182,0.111014,-0.354953,-0.270538,0.209545,-0.365926,-0.272360,0.180283,-0.397613,-0.247111,0.205502,-0.412438,-0.187954,0.235092,-0.403842,-0.243320
2026-07-16 16:35:27.660,304.299710,0.000000,0.000000,0.000000,0.308174,-0.378943,-0.274727,0.111188,-0.355982,-0.271044,0.209681,-0.367462,-0.272886,0.181001,-0.400831,-0.247764,0.205601,-0.414482,-0.188500,0.235191,-0.405885,-0.243865
2026-07-16 16:35:27.760,304.399710,0.000000,0.000000,0.000000,0.308459,-0.391477,-0.257297,0.111483,-0.368369,-0.257121,0.209971,-0.379923,-0.257209,0.180333,-0.410414,-0.230504,0.204969,-0.422895,-0.170566,0.235074,-0.416752,-0.225981
2026-07-16 16:35:27.860,304.499710,0.000000,0.000000,0.000000,0.308505,-0.392509,-0.257527,0.111689,-0.367372,-0.257359,0.210097,-0.379940,-0.257443,0.180379,-0.411446,-0.230735,0.204238,-0.423785,-0.169966,0.235120,-0.417784,-0.226211
2026-07-16 16:35:27.960,304.599710,0.000000,0.000000,0.000000,0.307976,-0.374855,-0.273637,0.110972,-0.351810,-0.270790,0.209474,-0.363333,-0.272213,0.180184,-0.395569,-0.246565,0.204633,-0.410291,-0.186567,0.234750,-0.402769,-0.242851
2026-07-16 16:35:28.060,304.699709,0.000000,0.000000,0.000000,0.307899,-0.380920,-0.275033,0.111163,-0.358019,-0.271355,0.209531,-0.369469,-0.273194,0.180432,-0.400678,-0.247928,0.204881,-0.415400,-0.187930,0.235241,-0.406907,-0.244137
2026-07-16 16:35:28.160,304.799709,0.000000,0.000000,0.000000,0.308596,-0.380031,-0.275239,0.111343,-0.356927,-0.272387,0.209970,-0.368479,-0.273813,0.180481,-0.401700,-0.248201,0.204930,-0.416422,-0.188202,0.235290,-0.407929,-0.244410
2026-07-16 16:35:28.260,304.899709,0.000000,0.000000,0.000000,0.308366,-0.389412,-0.256835,0.111550,-0.364274,-0.256667,0.209958,-0.376843,-0.256751,0.180240,-0.408349,-0.230043,0.204100,-0.420688,-0.169275,0.234981,-0.414687,-0.225519
2026-07-16 16:35:28.360,304.999709,0.000000,0.000000,0.000000,0.308273,-0.380986,-0.275273,0.111343,-0.356927,-0.272387,0.209808,-0.368956,-0.273830,0.180481,-0.401700,-0.248201,0.204930,-0.416422,-0.188202,0.235047,-0.408900,-0.244487
2026-07-16 16:35:28.460,305.099709,0.000000,0.000000,0.000000,0.288081,-0.403457,-0.275669,0.092224,-0.370927,-0.272386,0.190152,-0.387192,-0.274028,0.158964,-0.418109,-0.248680,0.182532,-0.433796,-0.188574,0.213064,-0.428193,-0.244859
2026-07-16 16:35:28.560,305.199709,0.000000,0.000000,0.000000,0.307998,-0.382963,-0.275578,0.111392,-0.357948,-0.272660,0.209695,-0.370456,-0.274119,0.180445,-0.403216,-0.248510,0.204979,-0.417444,-0.188475,0.235339,-0.408951,-0.244683
2026-07-16 16:35:28.660,305.299709,0.000000,0.000000,0.000000,0.308322,-0.382008,-0.275545,0.111336,-0.359048,-0.271861,0.209829,-0.370528,-0.273703,0.180530,-0.402722,-0.248473,0.204979,-0.417444,-0.188475,0.235894,-0.410109,-0.244796
2026-07-16 16:35:28.760,305.399709,0.000000,0.000000,0.000000,0.307850,-0.379898,-0.274761,0.111244,-0.354883,-0.271842,0.209547,-0.367390,-0.273301,0.180382,-0.399657,-0.247656,0.204831,-0.414379,-0.187657,0.235191,-0.405885,-0.243865
2026-07-16 16:35:28.860,305.499709,0.000000,0.000000,0.000000,0.307801,-0.378876,-0.274488,0.111194,-0.353861,-0.271569,0.209497,-0.366369,-0.273029,0.180162,-0.399623,-0.247455,0.204782,-0.413357,-0.187385,0.234899,-0.405834,-0.243669
2026-07-16 16:35:28.960,305.599709,0.000000,0.000000,0.000000,0.308075,-0.376899,-0.274182,0.111145,-0.352839,-0.271297,0.209610,-0.364869,-0.272739,0.180283,-0.397613,-0.247111,0.204732,-0.412335,-0.187112,0.235092,-0.403842,-0.243320
2026-07-16 16:35:29.060,305.699708,0.000000,0.000000,0.000000,0.308566,-0.379096,-0.274104,0.111293,-0.355905,-0.272114,0.209929,-0.367500,-0.273109,0.180432,-0.400678,-0.247928,0.204881,-0.415400,-0.187930,0.234998,-0.407878,-0.244214
2026-07-16 16:35:29.160,305.799708,0.000000,0.000000,0.000000,0.287766,-0.392102,-0.272479,0.092284,-0.358635,-0.269167,0.190025,-0.375368,-0.270823,0.159023,-0.405817,-0.245461,0.182592,-0.421504,-0.185355,0.213123,-0.415901,-0.241640
2026-07-16 16:35:29.260,305.899708,0.000000,0.000000,0.000000,0.308174,-0.378943,-0.274727,0.111169,-0.355898,-0.271880,0.209672,-0.367420,-0.273304,0.180382,-0.399657,-0.247656,0.204831,-0.414379,-0.187657,0.234948,-0.406856,-0.243941
2026-07-16 16:35:29.360,305.999708,0.000000,0.000000,0.000000,0.308497,-0.377987,-0.274694,0.111169,-0.355898,-0.271880,0.209833,-0.366942,-0.273287,0.180211,-0.400645,-0.247728,0.204849,-0.414460,-0.186851,0.234948,-0.406856,-0.243941
2026-07-16 16:35:29.460,306.099708,0.000000,0.000000,0.000000,0.308505,-0.392509,-0.257527,0.111609,-0.368387,-0.257355,0.210057,-0.380448,-0.257441,0.180379,-0.411446,-0.230735,0.204457,-0.422857,-0.169041,0.234873,-0.418756,-0.226250
2026-07-16 16:35:29.560,306.199708,0.000000,0.000000,0.000000,0.308648,-0.387425,-0.256608,0.111424,-0.364257,-0.256432,0.210036,-0.375841,-0.256520,0.180019,-0.408306,-0.229845,0.203484,-0.418537,-0.168097,0.234687,-0.414626,-0.225327
2026-07-16 16:35:29.660,306.299708,0.000000,0.000000,0.000000,0.308174,-0.378943,-0.274727,0.111244,-0.354883,-0.271842,0.209709,-0.366913,-0.273285,0.180211,-0.400645,-0.247728,0.204061,-0.414275,-0.186815,0.234948,-0.406856,-0.243941
2026-07-16 16:35:29.760,306.399708,0.000000,0.000000,0.000000,0.308174,-0.378943,-0.274727,0.111169,-0.355898,-0.271880,0.209672,-0.367420,-0.273304,0.180382,-0.399657,-0.247656,0.204265,-0.413303,-0.186660,0.234948,-0.406856,-0.243941
2026-07-16 16:35:29.860,306.499708,0.000000,0.000000,0.000000,0.308174,-0.378943,-0.274727,0.111169,-0.355898,-0.271880,0.209672,-0.367420,-0.273304,0.180211,-0.400645,-0.247728,0.204061,-0.414275,-0.186815,0.234948,-0.406856,-0.243941
2026-07-16 16:35:29.960,306.599708,0.000000,0.000000,0.000000,0.308075,-0.376899,-0.274182,0.111070,-0.353854,-0.271335,0.209573,-0.365376,-0.272758,0.180112,-0.398601,-0.247183,0.203962,-0.412232,-0.186270,0.234849,-0.404812,-0.243396
2026-07-16 16:35:30.060,306.699708,0.000000,0.000000,0.000000,0.308174,-0.378943,-0.274727,0.111188,-0.355982,-0.271044,0.209681,-0.367462,-0.272886,0.180382,-0.399657,-0.247656,0.204265,-0.413303,-0.186660,0.234948,-0.406856,-0.243941
2026-07-16 16:35:30.160,306.799707,0.000000,0.000000,0.000000,0.307751,-0.377854,-0.274215,0.111014,-0.354953,-0.270538,0.209383,-0.366404,-0.272377,0.180283,-0.397613,-0.247111,0.204166,-0.411259,-0.186114,0.235092,-0.403842,-0.243320
2026-07-16 16:35:30.260,306.899707,0.000000,0.000000,0.000000,0.307899,-0.380920,-0.275033,0.111219,-0.356919,-0.272152,0.209559,-0.368920,-0.273593,0.180261,-0.401667,-0.248000,0.204110,-0.415297,-0.187088,0.235241,-0.406907,-0.244137
2026-07-16 16:35:30.360,306.999707,0.000000,0.000000,0.000000,0.308366,-0.389412,-0.256835,0.111550,-0.364274,-0.256667,0.209958,-0.376843,-0.256751,0.180240,-0.408349,-0.230043,0.203531,-0.419569,-0.168327,0.234981,-0.414687,-0.225519
2026-07-16 16:35:30.460,307.099707,0.000000,0.000000,0.000000,0.307751,-0.377854,-0.274215,0.111070,-0.353854,-0.271335,0.209411,-0.365854,-0.272775,0.180283,-0.397613,-0.247111,0.203962,-0.412232,-0.186270,0.234849,-0.404812,-0.243396
2026-07-16 16:35:30.560,307.199707,0.000000,0.000000,0.000000,0.308372,-0.383030,-0.275818,0.111385,-0.360070,-0.272134,0.209878,-0.371550,-0.273976,0.180580,-0.403744,-0.248746,0.204259,-0.418362,-0.187905,0.235146,-0.410943,-0.245032
2026-07-16 16:35:30.660,307.299707,0.000000,0.000000,0.000000,0.308695,-0.382074,-0.275784,0.111385,-0.360070,-0.272134,0.210040,-0.371072,-0.273959,0.180409,-0.404732,-0.248818,0.204463,-0.417390,-0.187750,0.235146,-0.410943,-0.245032
2026-07-16 16:35:30.760,307.399707,0.000000,0.000000,0.000000,0.308459,-0.391477,-0.257297,0.111642,-0.366339,-0.257128,0.210051,-0.378908,-0.257212,0.180333,-0.410414,-0.230504,0.203613,-0.421586,-0.169599,0.234826,-0.417724,-0.226019
2026-07-16 16:35:30.860,307.499707,0.000000,0.000000,0.000000,0.307976,-0.374855,-0.273637,0.110972,-0.351810,-0.270790,0.209474,-0.363333,-0.272213,0.180184,-0.395569,-0.246565,0.203846,-0.410106,-0.186531,0.234750,-0.402769,-0.242851
2026-07-16 16:35:30.960,307.599707,0.000000,0.000000,0.000000,0.307751,-0.377854,-0.274215,0.111145,-0.352839,-0.271297,0.209448,-0.365347,-0.272756,0.180112,-0.398601,-0.247183,0.204148,-0.411177,-0.186922,0.235646,-0.405000,-0.243433
2026-07-16 16:35:31.060,307.699707,0.000000,0.000000,0.000000,0.308972,-0.394652,-0.258223,0.111748,-0.371484,-0.258047,0.210360,-0.383068,-0.258135,0.180332,-0.415484,-0.232271,0.204006,-0.424738,-0.170406,0.235808,-0.422046,-0.226963
2026-07-16 16:35:31.160,307.799706,0.000000,0.000000,0.000000,0.308273,-0.380986,-0.275273,0.111343,-0.356927,-0.272387,0.209808,-0.368956,-0.273830,0.180310,-0.402689,-0.248273,0.204448,-0.414778,-0.187935,0.235844,-0.409087,-0.244523
2026-07-16 16:35:31.260,307.899706,0.000000,0.000000,0.000000,0.293182,-0.397666,-0.261919,0.097337,-0.366044,-0.259157,0.195259,-0.381855,-0.260538,0.164485,-0.413440,-0.235072,0.188079,-0.424877,-0.173584,0.219751,-0.421882,-0.230256
2026-07-16 16:35:31.360,307.999706,0.000000,0.000000,0.000000,0.308448,-0.376965,-0.274422,0.111213,-0.353946,-0.270732,0.209830,-0.365456,-0.272577,0.180162,-0.399623,-0.247455,0.203994,-0.413172,-0.187349,0.235696,-0.406021,-0.243705
2026-07-16 16:35:31.460,308.099706,0.000000,0.000000,0.000000,0.308497,-0.377987,-0.274694,0.111188,-0.355982,-0.271044,0.209843,-0.366985,-0.272869,0.180211,-0.400645,-0.247728,0.204247,-0.413221,-0.187467,0.235745,-0.407043,-0.243978
2026-07-16 16:35:31.560,308.199706,0.000000,0.000000,0.000000,0.308223,-0.379964,-0.275000,0.111144,-0.357934,-0.272190,0.209684,-0.368949,-0.273595,0.179453,-0.401399,-0.248773,0.204297,-0.414243,-0.187740,0.235795,-0.408065,-0.244250
2026-07-16 16:35:31.660,308.299706,0.000000,0.000000,0.000000,0.308273,-0.380986,-0.275273,0.111343,-0.356927,-0.272387,0.209808,-0.368956,-0.273830,0.180293,-0.402607,-0.249082,0.204142,-0.416237,-0.188167,0.235844,-0.409087,-0.244523
2026-07-16 16:35:31.760,308.399706,0.000000,0.000000,0.000000,0.308124,-0.377921,-0.274455,0.111120,-0.354876,-0.271607,0.209622,-0.366398,-0.273031,0.179524,-0.398367,-0.248157,0.203994,-0.413172,-0.187349,0.235696,-0.406021,-0.243705
2026-07-16 16:35:31.860,308.499706,0.000000,0.000000,0.000000,0.308174,-0.378943,-0.274727,0.111188,-0.355982,-0.271044,0.209681,-0.367462,-0.272886,0.179404,-0.400378,-0.248501,0.204247,-0.413221,-0.187467,0.235745,-0.407043,-0.243978
2026-07-16 16:35:31.960,308.599706,0.000000,0.000000,0.000000,0.308075,-0.376899,-0.274182,0.111089,-0.353939,-0.270499,0.209582,-0.365419,-0.272340,0.179475,-0.397345,-0.247884,0.203945,-0.412150,-0.187076,0.235402,-0.405970,-0.243509
2026-07-16 16:35:32.060,308.699706,0.000000,0.000000,0.000000,0.308497,-0.377987,-0.274694,0.111244,-0.354883,-0.271842,0.209871,-0.366435,-0.273268,0.179404,-0.400378,-0.248501,0.204043,-0.414193,-0.187621,0.235745,-0.407043,-0.243978
2026-07-16 16:35:32.160,308.799706,0.000000,0.000000,0.000000,0.308322,-0.382008,-0.275545,0.111392,-0.357948,-0.272660,0.209857,-0.369978,-0.274102,0.179722,-0.402454,-0.249247,0.204192,-0.417259,-0.188439,0.235894,-0.410109,-0.244796
2026-07-16 16:35:32.260,308.899705,0.000000,0.000000,0.000000,0.308459,-0.391477,-0.257297,0.111563,-0.367354,-0.257124,0.210011,-0.379416,-0.257211,0.179358,-0.411164,-0.231327,0.203405,-0.422563,-0.169715,0.235374,-0.418888,-0.226079
2026-07-16 16:35:32.360,308.999705,0.000000,0.000000,0.000000,0.307702,-0.376833,-0.273943,0.111021,-0.352832,-0.271062,0.209361,-0.364832,-0.272502,0.179425,-0.396323,-0.247612,0.204116,-0.410237,-0.185842,0.235597,-0.403978,-0.243160
2026-07-16 16:35:32.460,309.099705,0.000000,0.000000,0.000000,0.308174,-0.378943,-0.274727,0.111244,-0.354883,-0.271842,0.209709,-0.366913,-0.273285,0.179574,-0.399389,-0.248429,0.204061,-0.414275,-0.186815,0.235501,-0.408014,-0.244054
2026-07-16 16:35:32.560,309.199705,0.000000,0.000000,0.000000,0.307850,-0.379898,-0.274761,0.111169,-0.355898,-0.271880,0.209510,-0.367898,-0.273320,0.179574,-0.399389,-0.248429,0.204265,-0.413303,-0.186660,0.235745,-0.407043,-0.243978
2026-07-16 16:35:32.660,309.299705,0.000000,0.000000,0.000000,0.308690,-0.396639,-0.258450,0.111794,-0.372516,-0.258278,0.210242,-0.384578,-0.258364,0.179764,-0.415336,-0.232448,0.203855,-0.426796,-0.169942,0.235606,-0.424050,-0.227232
2026-07-16 16:35:32.760,309.399705,0.000000,0.000000,0.000000,0.308174,-0.378943,-0.274727,0.111188,-0.355982,-0.271044,0.209681,-0.367462,-0.272886,0.179422,-0.400459,-0.247692,0.204265,-0.413303,-0.186660,0.235745,-0.407043,-0.243978
2026-07-16 16:35:32.860,309.499705,0.000000,0.000000,0.000000,0.308174,-0.378943,-0.274727,0.111188,-0.355982,-0.271044,0.209681,-0.367462,-0.272886,0.179574,-0.399389,-0.248429,0.204282,-0.413384,-0.185852,0.235501,-0.408014,-0.244054
2026-07-16 16:35:32.960,309.599705,0.000000,0.000000,0.000000,0.293192,-0.398698,-0.262157,0.097218,-0.368032,-0.260237,0.195205,-0.383365,-0.261197,0.163713,-0.414254,-0.235281,0.188119,-0.426017,-0.172202,0.219480,-0.423876,-0.230537
2026-07-16 16:35:33.060,309.699705,0.000000,0.000000,0.000000,0.308598,-0.394574,-0.257989,0.111702,-0.370451,-0.257816,0.210150,-0.382513,-0.257902,0.179497,-0.414261,-0.232019,0.203772,-0.424779,-0.168670,0.235513,-0.421985,-0.226771
2026-07-16 16:35:33.160,309.799705,0.000000,0.000000,0.000000,0.308459,-0.391477,-0.257297,0.111642,-0.366339,-0.257128,0.210051,-0.378908,-0.257212,0.179543,-0.410222,-0.230483,0.203633,-0.421682,-0.167978,0.235374,-0.418888,-0.226079
2026-07-16 16:35:33.260,309.899704,0.000000,0.000000,0.000000,0.308322,-0.382008,-0.275545,0.111336,-0.359048,-0.271861,0.209829,-0.370528,-0.273703,0.179722,-0.402454,-0.249247,0.204431,-0.416450,-0.186670,0.235894,-0.410109,-0.244796
2026-07-16 16:35:33.360,309.999704,0.000000,0.000000,0.000000,0.287736,-0.398248,-0.274089,0.092254,-0.364781,-0.270776,0.189995,-0.381514,-0.272432,0.158214,-0.411735,-0.247037,0.182066,-0.426619,-0.185165,0.213880,-0.422276,-0.243284
2026-07-16 16:35:33.460,310.099704,0.000000,0.000000,0.000000,0.308097,-0.385007,-0.276124,0.111491,-0.359992,-0.273205,0.209794,-0.372499,-0.274664,0.179839,-0.404580,-0.248983,0.204547,-0.418575,-0.186407,0.235993,-0.412152,-0.245341
2026-07-16 16:35:33.560,310.199704,0.000000,0.000000,0.000000,0.307850,-0.379898,-0.274761,0.111169,-0.355898,-0.271880,0.209510,-0.367898,-0.273320,0.180382,-0.399657,-0.247656,0.204300,-0.413466,-0.185044,0.235745,-0.407043,-0.243978
2026-07-16 16:35:33.660,310.299704,0.000000,0.000000,0.000000,0.308124,-0.377921,-0.274455,0.111120,-0.354876,-0.271607,0.209622,-0.366398,-0.273031,0.179372,-0.399438,-0.247419,0.204454,-0.411472,-0.184614,0.235452,-0.406992,-0.243782
2026-07-16 16:35:33.760,310.399704,0.000000,0.000000,0.000000,0.307652,-0.375811,-0.273670,0.111064,-0.350880,-0.269914,0.209358,-0.363346,-0.271792,0.179393,-0.395384,-0.246529,0.204102,-0.409379,-0.183954,0.235548,-0.402956,-0.242887
2026-07-16 16:35:33.860,310.499704,0.000000,0.000000,0.000000,0.308176,-0.393464,-0.257524,0.111609,-0.368387,-0.257355,0.209893,-0.380925,-0.257439,0.180204,-0.412435,-0.230767,0.203898,-0.421786,-0.167280,0.235421,-0.419920,-0.226309
2026-07-16 16:35:33.960,310.599704,0.000000,0.000000,0.000000,0.293532,-0.395692,-0.261681,0.097198,-0.365968,-0.259762,0.195365,-0.380830,-0.260721,0.163708,-0.412245,-0.233994,0.189152,-0.423311,-0.170011,0.219741,-0.420850,-0.230018
2026-07-16 16:35:34.060,310.699704,0.000000,0.000000,0.000000,0.308048,-0.383985,-0.275851,0.111460,-0.359055,-0.272095,0.209754,-0.371520,-0.273973,0.180580,-0.403744,-0.248746,0.205304,-0.417821,-0.185363,0.235943,-0.411131,-0.245068
2026-07-16 16:35:34.160,310.799704,0.000000,0.000000,0.000000,0.308223,-0.379964,-0.275000,0.111219,-0.356919,-0.272152,0.209721,-0.368442,-0.273576,0.180261,-0.401667,-0.248000,0.205173,-0.414837,-0.183738,0.235795,-0.408065,-0.244250
2026-07-16 16:35:34.260,310.899704,0.000000,0.000000,0.000000,0.308497,-0.377987,-0.274694,0.111169,-0.355898,-0.271880,0.209833,-0.366942,-0.273287,0.180211,-0.400645,-0.247728,0.205124,-0.413815,-0.183465,0.235745,-0.407043,-0.243978
2026-07-16 16:35:34.360,310.999703,0.000000,0.000000,0.000000,0.307976,-0.374855,-0.273637,0.110972,-0.351810,-0.270790,0.209474,-0.363333,-0.272213,0.180013,-0.396558,-0.246638,0.204944,-0.409810,-0.181567,0.235792,-0.401986,-0.242811
2026-07-16 16:35:34.460,311.099703,0.000000,0.000000,0.000000,0.293171,-0.396635,-0.261681,0.097198,-0.365968,-0.259762,0.195185,-0.381301,-0.260722,0.164699,-0.411479,-0.233986,0.188955,-0.424441,-0.167706,0.220022,-0.419888,-0.229975
2026-07-16 16:35:34.560,311.199703,0.000000,0.000000,0.000000,0.308551,-0.393542,-0.257758,0.111655,-0.369419,-0.257586,0.210103,-0.381480,-0.257672,0.180250,-0.413468,-0.230998,0.203996,-0.423060,-0.163453,0.235964,-0.419010,-0.226463
2026-07-16 16:35:34.660,311.299703,0.000000,0.000000,0.000000,0.308075,-0.376899,-0.274182,0.111070,-0.353854,-0.271335,0.209573,-0.365376,-0.272758,0.180920,-0.398869,-0.246410,0.204307,-0.411913,-0.179654,0.235891,-0.404029,-0.243356
2026-07-16 16:35:34.760,311.399703,0.000000,0.000000,0.000000,0.308273,-0.380986,-0.275273,0.111268,-0.357941,-0.272425,0.209770,-0.369464,-0.273849,0.181118,-0.402956,-0.247500,0.204318,-0.417054,-0.180102,0.236088,-0.408116,-0.244446
2026-07-16 16:35:34.860,311.499703,0.000000,0.000000,0.000000,0.308412,-0.390444,-0.257066,0.111517,-0.366322,-0.256894,0.209964,-0.378383,-0.256980,0.181087,-0.409620,-0.229482,0.203472,-0.422060,-0.160582,0.235825,-0.415912,-0.225772
2026-07-16 16:35:34.960,311.599703,0.000000,0.000000,0.000000,0.308646,-0.381052,-0.275512,0.111318,-0.358963,-0.272698,0.209982,-0.370008,-0.274105,0.181167,-0.403978,-0.247773,0.204402,-0.418239,-0.178762,0.236138,-0.409138,-0.244719
2026-07-16 16:35:35.060,311.699703,0.000000,0.000000,0.000000,0.308448,-0.376965,-0.274422,0.111120,-0.354876,-0.271607,0.209784,-0.365920,-0.273014,0.180969,-0.399891,-0.246683,0.204018,-0.415204,-0.177033,0.235940,-0.405051,-0.243629
2026-07-16 16:35:35.160,311.799703,0.000000,0.000000,0.000000,0.308322,-0.382008,-0.275545,0.111243,-0.359978,-0.272736,0.209783,-0.370993,-0.274140,0.181357,-0.403072,-0.246890,0.204437,-0.418402,-0.177149,0.236156,-0.409221,-0.243902
2026-07-16 16:35:35.260,311.899703,0.000000,0.000000,0.000000,0.308547,-0.379009,-0.274967,0.111144,-0.357934,-0.272190,0.209846,-0.368471,-0.273579,0.181086,-0.402016,-0.246419,0.203772,-0.415284,-0.175590,0.236057,-0.407177,-0.243356
2026-07-16 16:35:35.360,311.999702,0.000000,0.000000,0.000000,0.308602,-0.386393,-0.256378,0.111378,-0.363225,-0.256202,0.209990,-0.374809,-0.256290,0.180782,-0.407561,-0.228012,0.203001,-0.417013,-0.156367,0.235696,-0.412864,-0.224259
2026-07-16 16:35:35.460,312.099702,0.000000,0.000000,0.000000,0.308075,-0.376899,-0.274182,0.111070,-0.353854,-0.271335,0.209573,-0.365376,-0.272758,0.181109,-0.397963,-0.245527,0.203623,-0.412218,-0.174773,0.236152,-0.403142,-0.242461
2026-07-16 16:35:35.560,312.199702,0.000000,0.000000,0.000000,0.308124,-0.377921,-0.274455,0.111120,-0.354876,-0.271607,0.209622,-0.366398,-0.273031,0.180987,-0.399972,-0.245874,0.202884,-0.413055,-0.175009,0.236202,-0.404163,-0.242734
2026-07-16 16:35:35.660,312.299702,0.000000,0.000000,0.000000,0.308459,-0.391477,-0.257297,0.111563,-0.367354,-0.257124,0.210011,-0.379416,-0.257211,0.181144,-0.410701,-0.228900,0.202191,-0.421928,-0.157401,0.235882,-0.416994,-0.225182
2026-07-16 16:35:35.760,312.399702,0.000000,0.000000,0.000000,0.308399,-0.375943,-0.274149,0.111089,-0.353939,-0.270499,0.209744,-0.364941,-0.272324,0.181109,-0.397963,-0.245527,0.202799,-0.411870,-0.176352,0.235908,-0.404112,-0.242539
2026-07-16 16:35:35.860,312.499702,0.000000,0.000000,0.000000,0.308505,-0.392509,-0.257527,0.111689,-0.367372,-0.257359,0.210097,-0.379940,-0.257443,0.181180,-0.411685,-0.229943,0.202001,-0.423793,-0.160191,0.235928,-0.418026,-0.225413
2026-07-16 16:35:35.960,312.599702,0.000000,0.000000,0.000000,0.293202,-0.399730,-0.262395,0.097228,-0.369063,-0.260475,0.195215,-0.384397,-0.261435,0.165527,-0.414846,-0.233916,0.186448,-0.428018,-0.166035,0.220067,-0.423038,-0.229869
2026-07-16 16:35:36.060,312.699702,0.000000,0.000000,0.000000,0.308547,-0.379009,-0.274967,0.111237,-0.357004,-0.271316,0.209892,-0.368006,-0.273142,0.180278,-0.401749,-0.247192,0.202641,-0.415417,-0.182177,0.236057,-0.407177,-0.243356
2026-07-16 16:35:36.160,312.799702,0.000000,0.000000,0.000000,0.290199,-0.418082,-0.235754,0.094366,-0.386469,-0.235888,0.192283,-0.402275,-0.235821,0.161449,-0.431483,-0.207148,0.183374,-0.439026,-0.141794,0.216662,-0.439841,-0.202590
2026-07-16 16:35:36.260,312.899702,0.000000,0.000000,0.000000,0.308787,-0.390522,-0.257300,0.111642,-0.366339,-0.257128,0.210215,-0.378431,-0.257214,0.179543,-0.410222,-0.230483,0.201852,-0.422279,-0.168053,0.235126,-0.419859,-0.226117
2026-07-16 16:35:36.360,312.999701,0.000000,0.000000,0.000000,0.307801,-0.378876,-0.274488,0.111138,-0.354960,-0.270771,0.209469,-0.366918,-0.272630,0.179354,-0.399356,-0.248228,0.202318,-0.413288,-0.187354,0.235208,-0.407962,-0.243858
2026-07-16 16:35:36.460,313.099701,0.000000,0.000000,0.000000,0.307801,-0.378876,-0.274488,0.111194,-0.353861,-0.271569,0.209497,-0.366369,-0.273029,0.178565,-0.399170,-0.248192,0.202366,-0.412557,-0.189696,0.235208,-0.407962,-0.243858
2026-07-16 16:35:36.560,313.199701,0.000000,0.000000,0.000000,0.308690,-0.396639,-0.258450,0.111874,-0.371501,-0.258281,0.210282,-0.384070,-0.258365,0.178801,-0.416135,-0.232458,0.202809,-0.427342,-0.174084,0.234563,-0.424829,-0.227249
2026-07-16 16:35:36.660,313.299701,0.000000,0.000000,0.000000,0.308273,-0.380986,-0.275273,0.111286,-0.358026,-0.271589,0.209780,-0.369506,-0.273431,0.178527,-0.403143,-0.249888,0.203064,-0.416617,-0.192312,0.234543,-0.410758,-0.245454
2026-07-16 16:35:36.760,313.399701,0.000000,0.000000,0.000000,0.307751,-0.377854,-0.274215,0.111145,-0.352839,-0.271297,0.209448,-0.365347,-0.272756,0.178329,-0.399056,-0.248798,0.202849,-0.412448,-0.192027,0.234103,-0.407642,-0.244439
2026-07-16 16:35:36.860,313.499701,0.000000,0.000000,0.000000,0.308174,-0.378943,-0.274727,0.111188,-0.355982,-0.271044,0.209681,-0.367462,-0.272886,0.178597,-0.400110,-0.249273,0.203133,-0.413437,-0.193231,0.234444,-0.408715,-0.244909
2026-07-16 16:35:36.960,313.599701,0.000000,0.000000,0.000000,0.308124,-0.377921,-0.274455,0.111138,-0.354960,-0.270771,0.209631,-0.366441,-0.272613,0.178547,-0.399088,-0.249001,0.203668,-0.413573,-0.193141,0.234395,-0.407693,-0.244636
2026-07-16 16:35:37.060,313.699701,0.000000,0.000000,0.000000,0.308094,-0.376986,-0.273321,0.111070,-0.353854,-0.271335,0.209582,-0.365420,-0.272328,0.178498,-0.398067,-0.248728,0.203822,-0.411578,-0.192721,0.234346,-0.406671,-0.244364
2026-07-16 16:35:37.160,313.799701,0.000000,0.000000,0.000000,0.308547,-0.379009,-0.274967,0.111163,-0.358019,-0.271355,0.209855,-0.368514,-0.273161,0.178664,-0.401214,-0.248737,0.203766,-0.415617,-0.193686,0.234512,-0.409819,-0.244367
2026-07-16 16:35:37.260,313.899701,0.000000,0.000000,0.000000,0.308322,-0.382008,-0.275545,0.111318,-0.358963,-0.272698,0.209820,-0.370485,-0.274121,0.179552,-0.403443,-0.249318,0.204087,-0.416769,-0.193278,0.234610,-0.411863,-0.244912
2026-07-16 16:35:37.360,313.999701,0.000000,0.000000,0.000000,0.308223,-0.379964,-0.275000,0.111293,-0.355905,-0.272114,0.209758,-0.367934,-0.273557,0.179623,-0.400411,-0.248702,0.204775,-0.414910,-0.192769,0.234512,-0.409819,-0.244367
2026-07-16 16:35:37.460,314.099700,0.000000,0.000000,0.000000,0.308459,-0.391477,-0.257297,0.111722,-0.365324,-0.257131,0.210090,-0.378401,-0.257214,0.179533,-0.410174,-0.231295,0.204141,-0.422512,-0.173782,0.234331,-0.419667,-0.226096
2026-07-16 16:35:37.560,314.199700,0.000000,0.000000,0.000000,0.307751,-0.377854,-0.274215,0.111163,-0.352924,-0.270459,0.209457,-0.365389,-0.272337,0.179492,-0.397427,-0.247075,0.204662,-0.412008,-0.190338,0.234363,-0.406754,-0.243549
2026-07-16 16:35:37.660,314.299700,0.000000,0.000000,0.000000,0.308174,-0.378943,-0.274727,0.111169,-0.355898,-0.271880,0.209672,-0.367420,-0.273304,0.180382,-0.399657,-0.247656,0.205754,-0.413265,-0.190769,0.234705,-0.407827,-0.244018
2026-07-16 16:35:37.760,314.399700,0.000000,0.000000,0.000000,0.308399,-0.375943,-0.274149,0.111145,-0.352839,-0.271297,0.209772,-0.364391,-0.272723,0.180283,-0.397613,-0.247111,0.206255,-0.412460,-0.189603,0.234606,-0.405783,-0.243473
2026-07-16 16:35:37.860,314.499700,0.000000,0.000000,0.000000,0.308497,-0.377987,-0.274694,0.111244,-0.354883,-0.271842,0.209871,-0.366435,-0.273268,0.180382,-0.399657,-0.247656,0.206561,-0.413532,-0.189998,0.234948,-0.406856,-0.243941
2026-07-16 16:35:37.960,314.599700,0.000000,0.000000,0.000000,0.308124,-0.377921,-0.274455,0.111120,-0.354876,-0.271607,0.209622,-0.366398,-0.273031,0.180333,-0.398635,-0.247383,0.206718,-0.411538,-0.189574,0.234656,-0.406805,-0.243745
2026-07-16 16:35:38.060,314.699700,0.000000,0.000000,0.000000,0.307553,-0.373767,-0.273125,0.110891,-0.349851,-0.269408,0.209222,-0.361809,-0.271267,0.180894,-0.393794,-0.245246,0.206844,-0.408558,-0.188549,0.234408,-0.401696,-0.242382
2026-07-16 16:35:38.160,314.799700,0.000000,0.000000,0.000000,0.308223,-0.379964,-0.275000,0.111163,-0.358019,-0.271355,0.209693,-0.368991,-0.273178,0.181222,-0.400864,-0.247964,0.208187,-0.414924,-0.190342,0.234755,-0.408848,-0.244291
2026-07-16 16:35:38.260,314.899700,0.000000,0.000000,0.000000,0.307926,-0.373833,-0.273364,0.110922,-0.350789,-0.270517,0.209424,-0.362311,-0.271941,0.180943,-0.394815,-0.245519,0.208100,-0.407821,-0.188556,0.234701,-0.401747,-0.242579
2026-07-16 16:35:38.360,314.999700,0.000000,0.000000,0.000000,0.307949,-0.381942,-0.275306,0.111286,-0.358026,-0.271589,0.209618,-0.369984,-0.273447,0.181289,-0.401968,-0.247427,0.209236,-0.415160,-0.190500,0.235047,-0.408900,-0.244487
2026-07-16 16:35:38.460,315.099699,0.000000,0.000000,0.000000,0.308695,-0.388458,-0.256839,0.111401,-0.366354,-0.255822,0.210048,-0.377406,-0.256330,0.181831,-0.408779,-0.229273,0.208645,-0.418568,-0.171473,0.234734,-0.415659,-0.225558
2026-07-16 16:35:38.560,315.199699,0.000000,0.000000,0.000000,0.307998,-0.382963,-0.275578,0.111318,-0.358963,-0.272698,0.209658,-0.370963,-0.274138,0.182130,-0.403176,-0.247736,0.209285,-0.416181,-0.190772,0.235096,-0.409921,-0.244759
2026-07-16 16:35:38.660,315.299699,0.000000,0.000000,0.000000,0.308322,-0.382008,-0.275545,0.111392,-0.357948,-0.272660,0.209857,-0.369978,-0.274102,0.182130,-0.403176,-0.247736,0.210075,-0.416367,-0.190808,0.235096,-0.409921,-0.244759
2026-07-16 16:35:38.760,315.399699,0.000000,0.000000,0.000000,0.307801,-0.378876,-0.274488,0.111120,-0.354876,-0.271607,0.209460,-0.366876,-0.273048,0.181932,-0.399088,-0.246645,0.209859,-0.412198,-0.190527,0.234899,-0.405834,-0.243669
2026-07-16 16:35:38.860,315.499699,0.000000,0.000000,0.000000,0.308124,-0.377921,-0.274455,0.111138,-0.354960,-0.270771,0.209631,-0.366441,-0.272613,0.181932,-0.399088,-0.246645,0.209859,-0.412198,-0.190527,0.234222,-0.405161,-0.243594
2026-07-16 16:35:38.960,315.599699,0.000000,0.000000,0.000000,0.293562,-0.398787,-0.262395,0.097243,-0.369120,-0.259637,0.195402,-0.383953,-0.261016,0.166310,-0.415063,-0.233945,0.194536,-0.427489,-0.177416,0.218471,-0.422545,-0.230630
2026-07-16 16:35:39.060,315.699699,0.000000,0.000000,0.000000,0.308399,-0.375943,-0.274149,0.111145,-0.352839,-0.271297,0.209772,-0.364391,-0.272723,0.181882,-0.398067,-0.246373,0.210812,-0.410391,-0.190141,0.234849,-0.404812,-0.243396
2026-07-16 16:35:39.160,315.799699,0.000000,0.000000,0.000000,0.308273,-0.380986,-0.275273,0.111268,-0.357941,-0.272425,0.209770,-0.369464,-0.273849,0.182871,-0.402340,-0.247499,0.211374,-0.416605,-0.191566,0.234250,-0.408712,-0.244450
2026-07-16 16:35:39.260,315.899699,0.000000,0.000000,0.000000,0.307751,-0.377854,-0.274215,0.110996,-0.354869,-0.271373,0.209374,-0.366362,-0.272794,0.182673,-0.398253,-0.246409,0.211390,-0.411547,-0.190326,0.234294,-0.403654,-0.243283
2026-07-16 16:35:39.360,315.999699,0.000000,0.000000,0.000000,0.307998,-0.382963,-0.275578,0.111467,-0.356934,-0.272622,0.209732,-0.369949,-0.274100,0.182903,-0.403280,-0.248582,0.211833,-0.415604,-0.192349,0.234541,-0.408763,-0.244646
2026-07-16 16:35:39.460,316.099699,0.000000,0.000000,0.000000,0.308223,-0.379964,-0.275000,0.111219,-0.356919,-0.272152,0.209721,-0.368442,-0.273576,0.182804,-0.401236,-0.248036,0.212310,-0.414716,-0.191988,0.234442,-0.406719,-0.244101
2026-07-16 16:35:39.560,316.199698,0.000000,0.000000,0.000000,0.308421,-0.384052,-0.276090,0.111491,-0.359992,-0.273205,0.209956,-0.372022,-0.274648,0.183002,-0.405323,-0.249127,0.212490,-0.418722,-0.193887,0.235195,-0.411965,-0.245304
2026-07-16 16:35:39.660,316.299698,0.000000,0.000000,0.000000,0.308124,-0.377921,-0.274455,0.111120,-0.354876,-0.271607,0.209622,-0.366398,-0.273031,0.182705,-0.399192,-0.247491,0.212983,-0.412776,-0.192288,0.234343,-0.404676,-0.243556
2026-07-16 16:35:39.760,316.399698,0.000000,0.000000,0.000000,0.308075,-0.376899,-0.274182,0.111089,-0.353939,-0.270499,0.209582,-0.365419,-0.272340,0.182656,-0.398171,-0.247219,0.213132,-0.410702,-0.192678,0.234294,-0.403654,-0.243283
2026-07-16 16:35:39.860,316.499698,0.000000,0.000000,0.000000,0.308322,-0.382008,-0.275545,0.111392,-0.357948,-0.272660,0.209857,-0.369978,-0.274102,0.182903,-0.403280,-0.248582,0.214152,-0.415915,-0.194887,0.234541,-0.408763,-0.244646
2026-07-16 16:35:39.960,316.599698,0.000000,0.000000,0.000000,0.308124,-0.377921,-0.274455,0.111120,-0.354876,-0.271607,0.209622,-0.366398,-0.273031,0.182705,-0.399192,-0.247491,0.213937,-0.411746,-0.194606,0.234326,-0.404593,-0.244373
2026-07-16 16:35:40.060,316.699698,0.000000,0.000000,0.000000,0.307976,-0.374855,-0.273637,0.111046,-0.350796,-0.270752,0.209511,-0.362826,-0.272194,0.182557,-0.396127,-0.246673,0.214779,-0.407814,-0.194491,0.234177,-0.401528,-0.243556
2026-07-16 16:35:40.160,316.799698,0.000000,0.000000,0.000000,0.308273,-0.380986,-0.275273,0.111286,-0.358026,-0.271589,0.209780,-0.369506,-0.273431,0.182853,-0.402258,-0.248309,0.215058,-0.413863,-0.196938,0.234492,-0.407741,-0.244374
2026-07-16 16:35:40.260,316.899698,0.000000,0.000000,0.000000,0.309083,-0.380249,-0.274177,0.111311,-0.355989,-0.271277,0.210197,-0.368119,-0.272727,0.182804,-0.401236,-0.248036,0.215009,-0.412841,-0.196665,0.234442,-0.406719,-0.244101
2026-07-16 16:35:40.360,316.999698,0.000000,0.000000,0.000000,0.308787,-0.390522,-0.257300,0.111563,-0.367354,-0.257124,0.210175,-0.378938,-0.257212,0.182882,-0.409998,-0.230536,0.213606,-0.420369,-0.179274,0.234030,-0.417531,-0.225997
2026-07-16 16:35:40.460,317.099698,0.000000,0.000000,0.000000,0.293222,-0.401793,-0.262871,0.097377,-0.370171,-0.260109,0.195299,-0.385982,-0.261490,0.167098,-0.417289,-0.235262,0.198056,-0.427999,-0.185096,0.218491,-0.424608,-0.231106
2026-07-16 16:35:40.560,317.199697,0.000000,0.000000,0.000000,0.308937,-0.393671,-0.257127,0.111712,-0.370501,-0.256977,0.210325,-0.382086,-0.257052,0.183632,-0.414275,-0.231281,0.213945,-0.422394,-0.181493,0.233617,-0.419463,-0.226629
2026-07-16 16:35:40.660,317.299697,0.000000,0.000000,0.000000,0.308174,-0.378943,-0.274727,0.111188,-0.355982,-0.271044,0.209681,-0.367462,-0.272886,0.183721,-0.399413,-0.247728,0.213538,-0.410229,-0.198615,0.233594,-0.405510,-0.243792
2026-07-16 16:35:40.760,317.399697,0.000000,0.000000,0.000000,0.308646,-0.381052,-0.275512,0.111392,-0.357948,-0.272660,0.210019,-0.369500,-0.274086,0.183869,-0.402478,-0.248546,0.213090,-0.412054,-0.200071,0.233743,-0.408576,-0.244610
2026-07-16 16:35:40.860,317.499697,0.000000,0.000000,0.000000,0.308223,-0.379964,-0.275000,0.111237,-0.357004,-0.271316,0.209730,-0.368484,-0.273158,0.183770,-0.400434,-0.248000,0.212777,-0.410983,-0.199663,0.233644,-0.406532,-0.244065
2026-07-16 16:35:40.960,317.599697,0.000000,0.000000,0.000000,0.308300,-0.373900,-0.273604,0.111046,-0.350796,-0.270752,0.209673,-0.362348,-0.272178,0.183523,-0.395325,-0.246638,0.211719,-0.405605,-0.199076,0.233637,-0.400452,-0.242625
2026-07-16 16:35:41.060,317.699697,0.000000,0.000000,0.000000,0.308124,-0.377921,-0.274455,0.111045,-0.355890,-0.271645,0.209585,-0.366906,-0.273050,0.183671,-0.398391,-0.247455,0.211654,-0.409642,-0.200030,0.233545,-0.404488,-0.243520
2026-07-16 16:35:41.160,317.799697,0.000000,0.000000,0.000000,0.290555,-0.415053,-0.235476,0.094373,-0.384380,-0.234708,0.192464,-0.399717,-0.235092,0.165000,-0.428318,-0.206919,0.192505,-0.435948,-0.159328,0.214062,-0.434929,-0.202231
2026-07-16 16:35:41.260,317.899697,0.000000,0.000000,0.000000,0.308421,-0.384052,-0.276090,0.111417,-0.361007,-0.273243,0.209919,-0.372529,-0.274667,0.184760,-0.404708,-0.249127,0.211933,-0.415691,-0.202476,0.234083,-0.409648,-0.245078
2026-07-16 16:35:41.360,317.999697,0.000000,0.000000,0.000000,0.308223,-0.379964,-0.275000,0.111219,-0.356919,-0.272152,0.209721,-0.368442,-0.273576,0.183770,-0.400434,-0.248000,0.211735,-0.411604,-0.201386,0.232846,-0.406344,-0.244028
2026-07-16 16:35:41.460,318.099697,0.000000,0.000000,0.000000,0.308596,-0.380031,-0.275239,0.111194,-0.358956,-0.272463,0.209895,-0.369493,-0.273851,0.183995,-0.400469,-0.248201,0.210781,-0.413412,-0.201758,0.233135,-0.406395,-0.244224
2026-07-16 16:35:41.560,318.199697,0.000000,0.000000,0.000000,0.307976,-0.374855,-0.273637,0.110990,-0.351895,-0.269953,0.209483,-0.363375,-0.271795,0.183698,-0.394338,-0.246566,0.210484,-0.407281,-0.200122,0.233637,-0.400452,-0.242625
2026-07-16 16:35:41.660,318.299696,0.000000,0.000000,0.000000,0.308547,-0.379009,-0.274967,0.111237,-0.357004,-0.271316,0.209892,-0.368006,-0.273142,0.183945,-0.399447,-0.247929,0.210731,-0.412390,-0.201485,0.233885,-0.405561,-0.243988
2026-07-16 16:35:41.760,318.399696,0.000000,0.000000,0.000000,0.308322,-0.382008,-0.275545,0.111336,-0.359048,-0.271861,0.209829,-0.370528,-0.273703,0.183851,-0.402396,-0.249356,0.211834,-0.413648,-0.201931,0.232927,-0.408305,-0.245391
2026-07-16 16:35:41.860,318.499696,0.000000,0.000000,0.000000,0.308646,-0.381052,-0.275512,0.111318,-0.358963,-0.272698,0.209982,-0.370008,-0.274105,0.183851,-0.402396,-0.249356,0.211603,-0.414538,-0.202876,0.233725,-0.408493,-0.245427
2026-07-16 16:35:41.960,318.599696,0.000000,0.000000,0.000000,0.307926,-0.373833,-0.273364,0.110866,-0.351888,-0.269720,0.209396,-0.362861,-0.271542,0.183456,-0.394221,-0.247176,0.211208,-0.406363,-0.200695,0.233329,-0.400318,-0.243247
2026-07-16 16:35:42.060,318.699696,0.000000,0.000000,0.000000,0.308075,-0.376899,-0.274182,0.111070,-0.353854,-0.271335,0.209573,-0.365376,-0.272758,0.182812,-0.397101,-0.247958,0.211126,-0.410319,-0.202456,0.233478,-0.403384,-0.244064
2026-07-16 16:35:42.160,318.799696,0.000000,0.000000,0.000000,0.308174,-0.378943,-0.274727,0.111169,-0.355898,-0.271880,0.209672,-0.367420,-0.273304,0.182737,-0.400132,-0.248574,0.211207,-0.412281,-0.203810,0.233577,-0.405427,-0.244610
2026-07-16 16:35:42.260,318.899696,0.000000,0.000000,0.000000,0.293562,-0.398787,-0.262395,0.097228,-0.369063,-0.260475,0.195395,-0.383925,-0.261435,0.167048,-0.415117,-0.236411,0.195860,-0.427054,-0.190450,0.217650,-0.422216,-0.232241
2026-07-16 16:35:42.360,318.999696,0.000000,0.000000,0.000000,0.307976,-0.374855,-0.273637,0.110972,-0.351810,-0.270790,0.209474,-0.363333,-0.272213,0.181731,-0.395777,-0.248257,0.211567,-0.409270,-0.203695,0.233120,-0.402229,-0.244411
2026-07-16 16:35:42.460,319.099696,0.000000,0.000000,0.000000,0.308412,-0.390444,-0.257066,0.111596,-0.365307,-0.256897,0.210004,-0.377876,-0.256982,0.181846,-0.409666,-0.231941,0.211230,-0.421446,-0.186600,0.233411,-0.415236,-0.227347
2026-07-16 16:35:42.560,319.199696,0.000000,0.000000,0.000000,0.292861,-0.402736,-0.262871,0.097248,-0.371127,-0.260951,0.195055,-0.386932,-0.261911,0.166496,-0.415981,-0.236822,0.195614,-0.430031,-0.191834,0.217670,-0.424279,-0.232717
2026-07-16 16:35:42.660,319.299695,0.000000,0.000000,0.000000,0.307926,-0.373833,-0.273364,0.110922,-0.350789,-0.270517,0.209424,-0.362311,-0.271941,0.180890,-0.394569,-0.247948,0.210711,-0.407981,-0.204194,0.233071,-0.401207,-0.244139
2026-07-16 16:35:42.760,319.399695,0.000000,0.000000,0.000000,0.308174,-0.378943,-0.274727,0.111262,-0.354968,-0.271005,0.209718,-0.366955,-0.272866,0.181120,-0.399597,-0.250121,0.210959,-0.413090,-0.205557,0.233318,-0.406316,-0.245502
2026-07-16 16:35:42.860,319.499695,0.000000,0.000000,0.000000,0.308273,-0.380986,-0.275273,0.111268,-0.357941,-0.272425,0.209770,-0.369464,-0.273849,0.181237,-0.401722,-0.249856,0.210862,-0.416188,-0.205425,0.233658,-0.407388,-0.245972
2026-07-16 16:35:42.960,319.599695,0.000000,0.000000,0.000000,0.308250,-0.372878,-0.273331,0.110922,-0.350789,-0.270517,0.209586,-0.361833,-0.271924,0.180873,-0.394487,-0.248758,0.209728,-0.408850,-0.203481,0.233071,-0.401207,-0.244139
2026-07-16 16:35:43.060,319.699695,0.000000,0.000000,0.000000,0.308124,-0.377921,-0.274455,0.111120,-0.354876,-0.271607,0.209622,-0.366398,-0.273031,0.181088,-0.398657,-0.249039,0.210138,-0.411965,-0.204441,0.233269,-0.405294,-0.245229
2026-07-16 16:35:43.160,319.799695,0.000000,0.000000,0.000000,0.308646,-0.381052,-0.275512,0.111336,-0.359048,-0.271861,0.209991,-0.370050,-0.273687,0.181286,-0.402744,-0.250129,0.209547,-0.415867,-0.205495,0.233707,-0.408410,-0.246245
2026-07-16 16:35:43.260,319.899695,0.000000,0.000000,0.000000,0.308421,-0.384052,-0.276090,0.111417,-0.361007,-0.273243,0.209919,-0.372529,-0.274667,0.181385,-0.404788,-0.250674,0.209664,-0.417992,-0.205233,0.233565,-0.411425,-0.246864
2026-07-16 16:35:43.360,319.999695,0.000000,0.000000,0.000000,0.307976,-0.374855,-0.273637,0.110990,-0.351895,-0.269953,0.209483,-0.363375,-0.271795,0.180940,-0.395591,-0.248221,0.208430,-0.408610,-0.202744,0.233361,-0.401257,-0.244337
2026-07-16 16:35:43.460,320.099695,0.000000,0.000000,0.000000,0.308025,-0.375877,-0.273910,0.111095,-0.351817,-0.271024,0.209560,-0.363847,-0.272467,0.180989,-0.396613,-0.248494,0.207691,-0.409447,-0.202980,0.233170,-0.403251,-0.244684
2026-07-16 16:35:43.560,320.199695,0.000000,0.000000,0.000000,0.308174,-0.378943,-0.274727,0.111262,-0.354968,-0.271005,0.209718,-0.366955,-0.272866,0.181138,-0.399679,-0.249311,0.207051,-0.412327,-0.203762,0.233318,-0.406316,-0.245502
2026-07-16 16:35:43.660,320.299695,0.000000,0.000000,0.000000,0.308025,-0.375877,-0.273910,0.111021,-0.352832,-0.271062,0.209523,-0.364355,-0.272486,0.181161,-0.395625,-0.248424,0.206113,-0.409076,-0.202908,0.233170,-0.403251,-0.244684
2026-07-16 16:35:43.760,320.399694,0.000000,0.000000,0.000000,0.308227,-0.386315,-0.256144,0.111411,-0.361177,-0.255975,0.209819,-0.373746,-0.256059,0.181047,-0.404356,-0.230967,0.205329,-0.417008,-0.184811,0.232981,-0.412079,-0.226461
2026-07-16 16:35:43.860,320.499694,0.000000,0.000000,0.000000,0.307976,-0.374855,-0.273637,0.110972,-0.351810,-0.270790,0.209474,-0.363333,-0.272213,0.180149,-0.395406,-0.248185,0.205258,-0.407787,-0.203407,0.233138,-0.402311,-0.243595
2026-07-16 16:35:43.960,320.599694,0.000000,0.000000,0.000000,0.308124,-0.377921,-0.274455,0.111120,-0.354876,-0.271607,0.209622,-0.366398,-0.273031,0.180297,-0.398471,-0.249003,0.205201,-0.411827,-0.204356,0.233269,-0.405294,-0.245229
2026-07-16 16:35:44.060,320.699694,0.000000,0.000000,0.000000,0.308372,-0.383030,-0.275818,0.111385,-0.360070,-0.272134,0.209878,-0.371550,-0.273976,0.180527,-0.403498,-0.251175,0.204660,-0.416751,-0.205683,0.233516,-0.410403,-0.246592
2026-07-16 16:35:44.160,320.799694,0.000000,0.000000,0.000000,0.308075,-0.376899,-0.274182,0.111070,-0.353854,-0.271335,0.209573,-0.365376,-0.272758,0.180060,-0.398356,-0.249609,0.204177,-0.411677,-0.203374,0.232978,-0.405244,-0.245031
2026-07-16 16:35:44.260,320.899694,0.000000,0.000000,0.000000,0.308223,-0.379964,-0.275000,0.111163,-0.358019,-0.271355,0.209693,-0.368991,-0.273178,0.179418,-0.401236,-0.250390,0.203539,-0.414557,-0.204155,0.233127,-0.408309,-0.245849
2026-07-16 16:35:44.360,320.999694,0.000000,0.000000,0.000000,0.308821,-0.377032,-0.274661,0.111188,-0.355982,-0.271044,0.210004,-0.366507,-0.272852,0.179369,-0.400214,-0.250118,0.203489,-0.413535,-0.203883,0.234115,-0.406503,-0.245538
2026-07-16 16:35:44.460,321.099694,0.000000,0.000000,0.000000,0.309019,-0.395684,-0.258453,0.111794,-0.372516,-0.258278,0.210407,-0.384100,-0.258366,0.179569,-0.416229,-0.234103,0.203235,-0.427788,-0.186339,0.234240,-0.422595,-0.228789
2026-07-16 16:35:44.560,321.199694,0.000000,0.000000,0.000000,0.293202,-0.399730,-0.262395,0.097243,-0.369120,-0.259637,0.195222,-0.384425,-0.261016,0.163486,-0.416161,-0.237176,0.187122,-0.428929,-0.188134,0.217883,-0.424361,-0.232351
2026-07-16 16:35:44.660,321.299694,0.000000,0.000000,0.000000,0.307976,-0.374855,-0.273637,0.111064,-0.350880,-0.269914,0.209520,-0.362868,-0.271776,0.179171,-0.396127,-0.249028,0.203943,-0.410933,-0.199744,0.233676,-0.403387,-0.244522
2026-07-16 16:35:44.760,321.399693,0.000000,0.000000,0.000000,0.308075,-0.376899,-0.274182,0.111070,-0.353854,-0.271335,0.209573,-0.365376,-0.272758,0.180077,-0.398438,-0.248800,0.204282,-0.412166,-0.198541,0.234034,-0.404542,-0.244176
2026-07-16 16:35:44.860,321.499693,0.000000,0.000000,0.000000,0.307801,-0.378876,-0.274488,0.111194,-0.353861,-0.271569,0.209497,-0.366369,-0.273029,0.180127,-0.399459,-0.249073,0.204571,-0.412377,-0.197062,0.234881,-0.405751,-0.244485
2026-07-16 16:35:44.960,321.599693,0.000000,0.000000,0.000000,0.308124,-0.377921,-0.274455,0.111138,-0.354960,-0.270771,0.209631,-0.366441,-0.272613,0.181088,-0.398657,-0.249039,0.204401,-0.413514,-0.195593,0.234881,-0.405751,-0.244485
2026-07-16 16:35:45.060,321.699693,0.000000,0.000000,0.000000,0.308695,-0.388458,-0.256839,0.111470,-0.365289,-0.256663,0.210082,-0.376874,-0.256751,0.180844,-0.409481,-0.230908,0.204595,-0.421470,-0.175877,0.234723,-0.415610,-0.226377
2026-07-16 16:35:45.160,321.799693,0.000000,0.000000,0.000000,0.308174,-0.378943,-0.274727,0.111244,-0.354883,-0.271842,0.209709,-0.366913,-0.273285,0.181155,-0.399761,-0.248502,0.205513,-0.414074,-0.192532,0.235191,-0.405885,-0.243865
2026-07-16 16:35:45.260,321.899693,0.000000,0.000000,0.000000,0.308273,-0.380986,-0.275273,0.111268,-0.357941,-0.272425,0.209770,-0.369464,-0.273849,0.182063,-0.402072,-0.248273,0.206435,-0.416466,-0.191500,0.235290,-0.407929,-0.244410
2026-07-16 16:35:45.360,321.999693,0.000000,0.000000,0.000000,0.308174,-0.378943,-0.274727,0.111188,-0.355982,-0.271044,0.209681,-0.367462,-0.272886,0.181964,-0.400028,-0.247728,0.206354,-0.414504,-0.190148,0.235191,-0.405885,-0.243865
2026-07-16 16:35:45.460,322.099693,0.000000,0.000000,0.000000,0.308273,-0.380986,-0.275273,0.111268,-0.357941,-0.272425,0.209770,-0.369464,-0.273849,0.182063,-0.402072,-0.248273,0.207275,-0.416896,-0.189117,0.235290,-0.407929,-0.244410
2026-07-16 16:35:45.560,322.199693,0.000000,0.000000,0.000000,0.308223,-0.379964,-0.275000,0.111219,-0.356919,-0.272152,0.209721,-0.368442,-0.273576,0.182186,-0.400062,-0.247928,0.207226,-0.415874,-0.188844,0.235241,-0.406907,-0.244137
2026-07-16 16:35:45.660,322.299693,0.000000,0.000000,0.000000,0.308174,-0.378943,-0.274727,0.111188,-0.355982,-0.271044,0.209681,-0.367462,-0.272886,0.182137,-0.399041,-0.247656,0.207402,-0.413962,-0.187611,0.235191,-0.405885,-0.243865
2026-07-16 16:35:45.760,322.399693,0.000000,0.000000,0.000000,0.308174,-0.378943,-0.274727,0.111244,-0.354883,-0.271842,0.209709,-0.366913,-0.273285,0.182929,-0.399227,-0.247692,0.207194,-0.414934,-0.187765,0.235191,-0.405885,-0.243865
2026-07-16 16:35:45.860,322.499692,0.000000,0.000000,0.000000,0.308399,-0.375943,-0.274149,0.111219,-0.351825,-0.271259,0.209809,-0.363884,-0.272704,0.182656,-0.398171,-0.247219,0.207303,-0.411919,-0.187066,0.235092,-0.403842,-0.243320
2026-07-16 16:35:45.960,322.599692,0.000000,0.000000,0.000000,0.308075,-0.376899,-0.274182,0.111070,-0.353854,-0.271335,0.209573,-0.365376,-0.272758,0.182656,-0.398171,-0.247219,0.207303,-0.411919,-0.187066,0.235092,-0.403842,-0.243320
2026-07-16 16:35:46.060,322.699692,0.000000,0.000000,0.000000,0.308223,-0.379964,-0.275000,0.111237,-0.357004,-0.271316,0.209730,-0.368484,-0.273158,0.182978,-0.400248,-0.247964,0.207469,-0.415066,-0.187076,0.235241,-0.406907,-0.244137
2026-07-16 16:35:46.160,322.799692,0.000000,0.000000,0.000000,0.308459,-0.391477,-0.257297,0.111563,-0.367354,-0.257124,0.210011,-0.379416,-0.257211,0.182703,-0.410987,-0.230568,0.206987,-0.421420,-0.168757,0.235074,-0.416752,-0.225981
2026-07-16 16:35:46.260,322.899692,0.000000,0.000000,0.000000,0.308399,-0.375943,-0.274149,0.111163,-0.352924,-0.270459,0.209781,-0.364434,-0.272304,0.182038,-0.396997,-0.247111,0.207321,-0.412000,-0.186258,0.235092,-0.403842,-0.243320
2026-07-16 16:35:46.360,322.999692,0.000000,0.000000,0.000000,0.308075,-0.376899,-0.274182,0.111070,-0.353854,-0.271335,0.209573,-0.365376,-0.272758,0.182038,-0.396997,-0.247111,0.207199,-0.412404,-0.187143,0.235092,-0.403842,-0.243320
2026-07-16 16:35:46.460,323.099692,0.000000,0.000000,0.000000,0.308174,-0.378943,-0.274727,0.111244,-0.354883,-0.271842,0.209709,-0.366913,-0.273285,0.181964,-0.400028,-0.247728,0.207194,-0.414934,-0.187765,0.235191,-0.405885,-0.243865
2026-07-16 16:35:46.560,323.199692,0.000000,0.000000,0.000000,0.293202,-0.399730,-0.262395,0.097243,-0.369120,-0.259637,0.195222,-0.384425,-0.261016,0.166295,-0.415009,-0.234757,0.190442,-0.427590,-0.174147,0.219261,-0.422764,-0.230660
2026-07-16 16:35:46.660,323.299692,0.000000,0.000000,0.000000,0.307899,-0.380920,-0.275033,0.111293,-0.355905,-0.272114,0.209596,-0.368412,-0.273574,0.182013,-0.401050,-0.248000,0.206456,-0.415770,-0.188002,0.235241,-0.406907,-0.244137
2026-07-16 16:35:46.760,323.399692,0.000000,0.000000,0.000000,0.307976,-0.374855,-0.273637,0.111046,-0.350796,-0.270752,0.209511,-0.362826,-0.272194,0.180975,-0.395755,-0.246601,0.206208,-0.410661,-0.186639,0.234993,-0.401798,-0.242775
2026-07-16 16:35:46.860,323.499691,0.000000,0.000000,0.000000,0.307899,-0.380920,-0.275033,0.111219,-0.356919,-0.272152,0.209559,-0.368920,-0.273593,0.181222,-0.400864,-0.247964,0.206438,-0.415689,-0.188808,0.235241,-0.406907,-0.244137
2026-07-16 16:35:46.960,323.599691,0.000000,0.000000,0.000000,0.308322,-0.382008,-0.275545,0.111318,-0.358963,-0.272698,0.209820,-0.370485,-0.274121,0.181321,-0.402908,-0.248510,0.206123,-0.419676,-0.189659,0.235339,-0.408951,-0.244683
2026-07-16 16:35:47.060,323.699691,0.000000,0.000000,0.000000,0.308320,-0.388379,-0.256605,0.111344,-0.365272,-0.256429,0.209832,-0.376826,-0.256517,0.180984,-0.407507,-0.229833,0.204830,-0.419798,-0.169875,0.234935,-0.413654,-0.225289
2026-07-16 16:35:47.160,323.799691,0.000000,0.000000,0.000000,0.308273,-0.380986,-0.275273,0.111361,-0.357011,-0.271550,0.209817,-0.368999,-0.273411,0.181272,-0.401886,-0.248237,0.205700,-0.416526,-0.189045,0.235290,-0.407929,-0.244410
2026-07-16 16:35:47.260,323.899691,0.000000,0.000000,0.000000,0.308695,-0.382074,-0.275784,0.111367,-0.359985,-0.272970,0.210031,-0.371030,-0.274377,0.181371,-0.403930,-0.248782,0.205799,-0.418569,-0.189590,0.235389,-0.409973,-0.244955
2026-07-16 16:35:47.360,323.999691,0.000000,0.000000,0.000000,0.307877,-0.372812,-0.273092,0.110947,-0.348752,-0.270206,0.209412,-0.360782,-0.271649,0.180876,-0.393712,-0.246056,0.205304,-0.408351,-0.186864,0.234894,-0.399754,-0.242229
2026-07-16 16:35:47.460,324.099691,0.000000,0.000000,0.000000,0.308421,-0.384052,-0.276090,0.111435,-0.361091,-0.272407,0.209928,-0.372571,-0.274248,0.180629,-0.404766,-0.249019,0.205848,-0.419591,-0.189863,0.235438,-0.410994,-0.245228
2026-07-16 16:35:47.560,324.199691,0.000000,0.000000,0.000000,0.308459,-0.391477,-0.257297,0.111563,-0.367354,-0.257124,0.210011,-0.379416,-0.257211,0.180333,-0.410414,-0.230504,0.204969,-0.422895,-0.170566,0.235074,-0.416752,-0.225981
2026-07-16 16:35:47.660,324.299691,0.000000,0.000000,0.000000,0.308025,-0.375877,-0.273910,0.111021,-0.352832,-0.271062,0.209523,-0.364355,-0.272486,0.181025,-0.396777,-0.246874,0.205453,-0.411416,-0.187682,0.235043,-0.402820,-0.243047
2026-07-16 16:35:47.760,324.399691,0.000000,0.000000,0.000000,0.307949,-0.381942,-0.275306,0.111343,-0.356927,-0.272387,0.209646,-0.369434,-0.273846,0.180481,-0.401700,-0.248201,0.204912,-0.416341,-0.189009,0.235290,-0.407929,-0.244410
2026-07-16 16:35:47.860,324.499691,0.000000,0.000000,0.000000,0.308372,-0.383030,-0.275818,0.111367,-0.359985,-0.272970,0.209869,-0.371507,-0.274394,0.180580,-0.403744,-0.248746,0.205011,-0.418384,-0.189554,0.235389,-0.409973,-0.244955
2026-07-16 16:35:47.960,324.599690,0.000000,0.000000,0.000000,0.308269,-0.395528,-0.257985,0.111781,-0.369436,-0.257820,0.210025,-0.382482,-0.257902,0.180472,-0.413511,-0.231196,0.205108,-0.425992,-0.171258,0.234965,-0.420821,-0.226711
2026-07-16 16:35:48.060,324.699690,0.000000,0.000000,0.000000,0.293182,-0.397666,-0.261919,0.097208,-0.367000,-0.259999,0.195195,-0.382333,-0.260959,0.164709,-0.412511,-0.234224,0.188860,-0.425094,-0.173613,0.219241,-0.420701,-0.230184
2026-07-16 16:35:48.160,324.799690,0.000000,0.000000,0.000000,0.308269,-0.395528,-0.257985,0.111702,-0.370451,-0.257816,0.209985,-0.382990,-0.257901,0.180472,-0.413511,-0.231196,0.204122,-0.426827,-0.170543,0.235213,-0.419849,-0.226673
2026-07-16 16:35:48.260,324.899690,0.000000,0.000000,0.000000,0.308038,-0.390366,-0.256832,0.111470,-0.365289,-0.256663,0.209754,-0.377828,-0.256747,0.180240,-0.408349,-0.230043,0.204100,-0.420688,-0.169275,0.234734,-0.415659,-0.225558
2026-07-16 16:35:48.360,324.999690,0.000000,0.000000,0.000000,0.307899,-0.380920,-0.275033,0.111237,-0.357004,-0.271316,0.209568,-0.368962,-0.273175,0.181222,-0.400864,-0.247964,0.204881,-0.415400,-0.187930,0.235241,-0.406907,-0.244137
2026-07-16 16:35:48.460,325.099690,0.000000,0.000000,0.000000,0.308174,-0.378943,-0.274727,0.111169,-0.355898,-0.271880,0.209672,-0.367420,-0.273304,0.180382,-0.399657,-0.247656,0.204831,-0.414379,-0.187657,0.234948,-0.406856,-0.243941
2026-07-16 16:35:48.560,325.199690,0.000000,0.000000,0.000000,0.308322,-0.382008,-0.275545,0.111392,-0.357948,-0.272660,0.209857,-0.369978,-0.274102,0.180530,-0.402722,-0.248473,0.204979,-0.417444,-0.188475,0.235096,-0.409921,-0.244759
2026-07-16 16:35:48.660,325.299690,0.000000,0.000000,0.000000,0.307702,-0.376833,-0.273943,0.111114,-0.351902,-0.270187,0.209408,-0.364367,-0.272065,0.180234,-0.396591,-0.246838,0.204683,-0.411313,-0.186840,0.234800,-0.403790,-0.243124
2026-07-16 16:35:48.760,325.399690,0.000000,0.000000,0.000000,0.308421,-0.384052,-0.276090,0.111566,-0.358977,-0.273167,0.209993,-0.371514,-0.274629,0.180629,-0.404766,-0.249019,0.205078,-0.419488,-0.189020,0.235195,-0.411965,-0.245304
2026-07-16 16:35:48.860,325.499690,0.000000,0.000000,0.000000,0.301404,-0.386128,-0.265189,0.104668,-0.359129,-0.264665,0.203036,-0.372628,-0.264927,0.172547,-0.404142,-0.239007,0.196070,-0.418387,-0.178525,0.227147,-0.411653,-0.234579
2026-07-16 16:35:48.960,325.599689,0.000000,0.000000,0.000000,0.307926,-0.373833,-0.273364,0.110997,-0.349774,-0.270479,0.209461,-0.361804,-0.271922,0.180135,-0.394548,-0.246293,0.204584,-0.409269,-0.186294,0.234944,-0.400776,-0.242502
2026-07-16 16:35:49.060,325.699689,0.000000,0.000000,0.000000,0.307850,-0.379898,-0.274761,0.111169,-0.355898,-0.271880,0.209510,-0.367898,-0.273320,0.180382,-0.399657,-0.247656,0.204626,-0.415351,-0.187812,0.235191,-0.405885,-0.243865
2026-07-16 16:35:49.160,325.799689,0.000000,0.000000,0.000000,0.308448,-0.376965,-0.274422,0.111120,-0.354876,-0.271607,0.209784,-0.365920,-0.273014,0.180333,-0.398635,-0.247383,0.204782,-0.413357,-0.187385,0.235142,-0.404863,-0.243592
2026-07-16 16:35:49.260,325.899689,0.000000,0.000000,0.000000,0.293202,-0.399730,-0.262395,0.097228,-0.369063,-0.260475,0.195215,-0.384397,-0.261435,0.164729,-0.414574,-0.234699,0.188638,-0.428126,-0.174210,0.218981,-0.423727,-0.230702
2026-07-16 16:35:49.360,325.999689,0.000000,0.000000,0.000000,0.307949,-0.381942,-0.275306,0.111343,-0.356927,-0.272387,0.209646,-0.369434,-0.273846,0.180481,-0.401700,-0.248201,0.204930,-0.416422,-0.188202,0.235047,-0.408900,-0.244487
2026-07-16 16:35:49.460,326.099689,0.000000,0.000000,0.000000,0.308362,-0.397593,-0.258446,0.111805,-0.372566,-0.257438,0.210083,-0.385080,-0.257942,0.180389,-0.416565,-0.231690,0.204434,-0.427963,-0.170080,0.235305,-0.421914,-0.227134
2026-07-16 16:35:49.560,326.199689,0.000000,0.000000,0.000000,0.308497,-0.377987,-0.274694,0.111169,-0.355898,-0.271880,0.209833,-0.366942,-0.273287,0.180382,-0.399657,-0.247656,0.204061,-0.414275,-0.186815,0.235070,-0.406371,-0.243903
2026-07-16 16:35:49.660,326.299689,0.000000,0.000000,0.000000,0.308547,-0.379009,-0.274967,0.111293,-0.355905,-0.272114,0.209920,-0.367457,-0.273541,0.180432,-0.400678,-0.247928,0.204110,-0.415297,-0.187088,0.234998,-0.407878,-0.244214
2026-07-16 16:35:49.760,326.399689,0.000000,0.000000,0.000000,0.308421,-0.384052,-0.276090,0.111360,-0.362106,-0.272446,0.209891,-0.373079,-0.274268,0.180629,-0.404766,-0.249019,0.205301,-0.418597,-0.188058,0.235195,-0.411965,-0.245304
2026-07-16 16:35:49.860,326.499689,0.000000,0.000000,0.000000,0.293232,-0.402825,-0.263109,0.097273,-0.372215,-0.260351,0.195252,-0.387520,-0.261730,0.164759,-0.417670,-0.235413,0.187903,-0.431059,-0.174086,0.219292,-0.425859,-0.231373
2026-07-16 16:35:49.960,326.599689,0.000000,0.000000,0.000000,0.308130,-0.392431,-0.257293,0.111563,-0.367354,-0.257124,0.209846,-0.379893,-0.257209,0.180333,-0.410414,-0.230504,0.203623,-0.421634,-0.168789,0.235074,-0.416752,-0.225981
2026-07-16 16:35:50.060,326.699688,0.000000,0.000000,0.000000,0.308273,-0.380986,-0.275273,0.111361,-0.357011,-0.271550,0.209817,-0.368999,-0.273411,0.180481,-0.401700,-0.248201,0.204160,-0.416319,-0.187360,0.235047,-0.408900,-0.244487
2026-07-16 16:35:50.160,326.799688,0.000000,0.000000,0.000000,0.308094,-0.376986,-0.273321,0.111070,-0.353854,-0.271335,0.209582,-0.365420,-0.272328,0.180283,-0.397613,-0.247111,0.203962,-0.412232,-0.186270,0.235092,-0.403842,-0.243320
2026-07-16 16:35:50.260,326.899688,0.000000,0.000000,0.000000,0.308124,-0.377921,-0.274455,0.111120,-0.354876,-0.271607,0.209622,-0.366398,-0.273031,0.180333,-0.398635,-0.247383,0.204012,-0.413253,-0.186542,0.235142,-0.404863,-0.243592
2026-07-16 16:35:50.360,326.999688,0.000000,0.000000,0.000000,0.308174,-0.378943,-0.274727,0.111262,-0.354968,-0.271005,0.209718,-0.366955,-0.272866,0.180211,-0.400645,-0.247728,0.204265,-0.413303,-0.186660,0.234948,-0.406856,-0.243941
2026-07-16 16:35:50.460,327.099688,0.000000,0.000000,0.000000,0.301057,-0.387075,-0.265208,0.104676,-0.359199,-0.263827,0.202867,-0.373137,-0.264518,0.172547,-0.404142,-0.239007,0.195522,-0.417280,-0.177552,0.226881,-0.412618,-0.234641
2026-07-16 16:35:50.560,327.199688,0.000000,0.000000,0.000000,0.308174,-0.378943,-0.274727,0.111244,-0.354883,-0.271842,0.209709,-0.366913,-0.273285,0.180211,-0.400645,-0.247728,0.204265,-0.413303,-0.186660,0.235191,-0.405885,-0.243865
2026-07-16 16:35:50.660,327.299688,0.000000,0.000000,0.000000,0.308038,-0.390366,-0.256832,0.111470,-0.365289,-0.256663,0.209754,-0.377828,-0.256747,0.180240,-0.408349,-0.230043,0.203313,-0.420498,-0.169253,0.234734,-0.415659,-0.225558
2026-07-16 16:35:50.760,327.399688,0.000000,0.000000,0.000000,0.293171,-0.396635,-0.261681,0.097198,-0.365968,-0.259762,0.195185,-0.381301,-0.260722,0.164490,-0.412462,-0.234023,0.187828,-0.424814,-0.173467,0.219741,-0.420850,-0.230018
2026-07-16 16:35:50.860,327.499688,0.000000,0.000000,0.000000,0.308547,-0.379009,-0.274967,0.111219,-0.356919,-0.272152,0.209883,-0.367964,-0.273560,0.180261,-0.401667,-0.248000,0.204093,-0.415215,-0.187894,0.235795,-0.408065,-0.244250
2026-07-16 16:35:50.960,327.599688,0.000000,0.000000,0.000000,0.308025,-0.375877,-0.273910,0.110947,-0.353847,-0.271100,0.209486,-0.364862,-0.272505,0.180063,-0.397580,-0.246910,0.204099,-0.410155,-0.186649,0.235353,-0.404948,-0.243236
2026-07-16 16:35:51.060,327.699687,0.000000,0.000000,0.000000,0.308223,-0.379964,-0.275000,0.111237,-0.357004,-0.271316,0.209730,-0.368484,-0.273158,0.180243,-0.401585,-0.248809,0.204093,-0.415215,-0.187894,0.235795,-0.408065,-0.244250
2026-07-16 16:35:51.160,327.799687,0.000000,0.000000,0.000000,0.308124,-0.377921,-0.274455,0.111120,-0.354876,-0.271607,0.209622,-0.366398,-0.273031,0.180144,-0.399541,-0.248264,0.204987,-0.412384,-0.187230,0.235696,-0.406021,-0.243705
2026-07-16 16:35:51.260,327.899687,0.000000,0.000000,0.000000,0.308322,-0.382008,-0.275545,0.111336,-0.359048,-0.271861,0.209829,-0.370528,-0.273703,0.180360,-0.403710,-0.248546,0.204396,-0.416286,-0.188285,0.235894,-0.410109,-0.244796
2026-07-16 16:35:51.360,327.999687,0.000000,0.000000,0.000000,0.308596,-0.380031,-0.275239,0.111286,-0.358026,-0.271589,0.209941,-0.369028,-0.273414,0.180293,-0.402607,-0.249082,0.204142,-0.416237,-0.188167,0.235844,-0.409087,-0.244523
2026-07-16 16:35:51.460,328.099687,0.000000,0.000000,0.000000,0.308174,-0.378943,-0.274727,0.111188,-0.355982,-0.271044,0.209681,-0.367462,-0.272886,0.180194,-0.400563,-0.248537,0.204831,-0.414379,-0.187657,0.235745,-0.407043,-0.243978
2026-07-16 16:35:51.560,328.199687,0.000000,0.000000,0.000000,0.308520,-0.386095,-0.276635,0.111534,-0.363135,-0.272952,0.210027,-0.374615,-0.274794,0.180540,-0.407716,-0.250445,0.204593,-0.420374,-0.189375,0.235847,-0.415166,-0.245962
2026-07-16 16:35:51.660,328.299687,0.000000,0.000000,0.000000,0.293202,-0.399730,-0.262395,0.097228,-0.369063,-0.260475,0.195215,-0.384397,-0.261435,0.164714,-0.414520,-0.235511,0.187858,-0.427909,-0.174181,0.219771,-0.423946,-0.230732
2026-07-16 16:35:51.760,328.399687,0.000000,0.000000,0.000000,0.308174,-0.378943,-0.274727,0.111169,-0.355898,-0.271880,0.209672,-0.367420,-0.273304,0.179404,-0.400378,-0.248501,0.204043,-0.414193,-0.187621,0.235745,-0.407043,-0.243978
2026-07-16 16:35:51.860,328.499687,0.000000,0.000000,0.000000,0.308399,-0.375943,-0.274149,0.111089,-0.353939,-0.270499,0.209744,-0.364941,-0.272324,0.179475,-0.397345,-0.247884,0.204148,-0.411177,-0.186922,0.235646,-0.405000,-0.243433
2026-07-16 16:35:51.960,328.599687,0.000000,0.000000,0.000000,0.287761,-0.393126,-0.272747,0.092266,-0.359578,-0.270272,0.190013,-0.376352,-0.271509,0.158004,-0.407514,-0.246572,0.181810,-0.422302,-0.185590,0.213904,-0.417155,-0.241942
2026-07-16 16:35:52.060,328.699687,0.000000,0.000000,0.000000,0.308174,-0.378943,-0.274727,0.111188,-0.355982,-0.271044,0.209681,-0.367462,-0.272886,0.179574,-0.399389,-0.248429,0.204247,-0.413221,-0.187467,0.235501,-0.408014,-0.244054
2026-07-16 16:35:52.160,328.799686,0.000000,0.000000,0.000000,0.307801,-0.378876,-0.274488,0.111194,-0.353861,-0.271569,0.209497,-0.366369,-0.273029,0.179354,-0.399356,-0.248228,0.203994,-0.413172,-0.187349,0.235696,-0.406021,-0.243705
2026-07-16 16:35:52.260,328.899686,0.000000,0.000000,0.000000,0.308345,-0.390116,-0.277486,0.111682,-0.366200,-0.273770,0.210013,-0.378158,-0.275628,0.180068,-0.409607,-0.251155,0.204742,-0.423439,-0.190193,0.236240,-0.417261,-0.246704
2026-07-16 16:35:52.360,328.999686,0.000000,0.000000,0.000000,0.308399,-0.375943,-0.274149,0.111070,-0.353854,-0.271335,0.209735,-0.364899,-0.272742,0.179475,-0.397345,-0.247884,0.203945,-0.412150,-0.187076,0.235646,-0.405000,-0.243433
2026-07-16 16:35:52.460,329.099686,0.000000,0.000000,0.000000,0.307603,-0.374789,-0.273398,0.110997,-0.349774,-0.270479,0.209300,-0.362281,-0.271938,0.179242,-0.394774,-0.247102,0.204018,-0.408194,-0.185297,0.235254,-0.402905,-0.242691
2026-07-16 16:35:52.560,329.199686,0.000000,0.000000,0.000000,0.308372,-0.383030,-0.275818,0.111442,-0.358970,-0.272932,0.209907,-0.371000,-0.274375,0.179602,-0.404465,-0.249591,0.204259,-0.418362,-0.187905,0.235943,-0.411131,-0.245068
2026-07-16 16:35:52.660,329.299686,0.000000,0.000000,0.000000,0.307801,-0.378876,-0.274488,0.111194,-0.353861,-0.271569,0.209497,-0.366369,-0.273029,0.179354,-0.399356,-0.248228,0.204012,-0.413253,-0.186542,0.235696,-0.406021,-0.243705
2026-07-16 16:35:52.760,329.399686,0.000000,0.000000,0.000000,0.308124,-0.377921,-0.274455,0.111120,-0.354876,-0.271607,0.209622,-0.366398,-0.273031,0.179524,-0.398367,-0.248157,0.204419,-0.411308,-0.186232,0.235696,-0.406021,-0.243705
2026-07-16 16:35:52.860,329.499686,0.000000,0.000000,0.000000,0.307949,-0.381942,-0.275306,0.111286,-0.358026,-0.271589,0.209618,-0.369984,-0.273447,0.179673,-0.401433,-0.248975,0.204160,-0.416319,-0.187360,0.235844,-0.409087,-0.244523
2026-07-16 16:35:52.960,329.599686,0.000000,0.000000,0.000000,0.308174,-0.378943,-0.274727,0.111244,-0.354883,-0.271842,0.209709,-0.366913,-0.273285,0.179574,-0.399389,-0.248429,0.204486,-0.412412,-0.185696,0.235501,-0.408014,-0.244054
2026-07-16 16:35:53.060,329.699686,0.000000,0.000000,0.000000,0.307976,-0.374855,-0.273637,0.111046,-0.350796,-0.270752,0.209511,-0.362826,-0.272194,0.179393,-0.395384,-0.246529,0.204288,-0.408325,-0.184605,0.235303,-0.403926,-0.242964
2026-07-16 16:35:53.160,329.799685,0.000000,0.000000,0.000000,0.293171,-0.396635,-0.261681,0.097213,-0.366024,-0.258923,0.195192,-0.381329,-0.260302,0.163693,-0.412191,-0.234805,0.188099,-0.423954,-0.171727,0.219460,-0.421813,-0.230061
2026-07-16 16:35:53.260,329.899685,0.000000,0.000000,0.000000,0.308745,-0.383096,-0.276057,0.111417,-0.361007,-0.273243,0.210081,-0.372051,-0.274650,0.179821,-0.404498,-0.249792,0.204530,-0.418493,-0.187215,0.235993,-0.412152,-0.245341
2026-07-16 16:35:53.360,329.999685,0.000000,0.000000,0.000000,0.307926,-0.373833,-0.273364,0.111015,-0.349859,-0.269642,0.209471,-0.361846,-0.271503,0.179344,-0.394362,-0.246257,0.204239,-0.407303,-0.184333,0.235498,-0.401934,-0.242615
2026-07-16 16:35:53.460,330.099685,0.000000,0.000000,0.000000,0.308880,-0.392587,-0.257762,0.111735,-0.368404,-0.257589,0.210307,-0.380496,-0.257675,0.180250,-0.413468,-0.230998,0.203726,-0.423747,-0.168439,0.235715,-0.419981,-0.226502
2026-07-16 16:35:53.560,330.199685,0.000000,0.000000,0.000000,0.308174,-0.378943,-0.274727,0.111169,-0.355898,-0.271880,0.209672,-0.367420,-0.273304,0.180211,-0.400645,-0.247728,0.204504,-0.412494,-0.184887,0.235745,-0.407043,-0.243978
2026-07-16 16:35:53.660,330.299685,0.000000,0.000000,0.000000,0.293542,-0.396723,-0.261919,0.097337,-0.366044,-0.259157,0.195439,-0.381384,-0.260538,0.163822,-0.412785,-0.234213,0.188124,-0.425040,-0.171155,0.219751,-0.421882,-0.230256
2026-07-16 16:35:53.760,330.399685,0.000000,0.000000,0.000000,0.308075,-0.376899,-0.274182,0.111089,-0.353939,-0.270499,0.209582,-0.365419,-0.272340,0.180283,-0.397613,-0.247111,0.204201,-0.411423,-0.184499,0.235646,-0.405000,-0.243433
2026-07-16 16:35:53.860,330.499685,0.000000,0.000000,0.000000,0.307850,-0.379898,-0.274761,0.111244,-0.354883,-0.271842,0.209547,-0.367390,-0.273301,0.180211,-0.400645,-0.247728,0.205294,-0.412680,-0.184923,0.235745,-0.407043,-0.243978
2026-07-16 16:35:53.960,330.599685,0.000000,0.000000,0.000000,0.307945,-0.373921,-0.272503,0.111071,-0.348759,-0.270441,0.209508,-0.361340,-0.271472,0.179964,-0.395536,-0.246365,0.205064,-0.407652,-0.182751,0.235498,-0.401934,-0.242615
2026-07-16 16:35:54.060,330.699685,0.000000,0.000000,0.000000,0.308223,-0.379964,-0.275000,0.111311,-0.355989,-0.271277,0.209767,-0.367977,-0.273139,0.180261,-0.401667,-0.248000,0.205156,-0.414755,-0.184545,0.235795,-0.408065,-0.244250
2026-07-16 16:35:54.160,330.799685,0.000000,0.000000,0.000000,0.301404,-0.386128,-0.265189,0.104767,-0.358116,-0.264644,0.203085,-0.372122,-0.264916,0.172547,-0.404142,-0.239007,0.196330,-0.417688,-0.175150,0.227673,-0.412826,-0.234666
2026-07-16 16:35:54.260,330.899684,0.000000,0.000000,0.000000,0.308075,-0.376899,-0.274182,0.111089,-0.353939,-0.270499,0.209582,-0.365419,-0.272340,0.180112,-0.398601,-0.247183,0.205230,-0.410800,-0.182760,0.235891,-0.404029,-0.243356
2026-07-16 16:35:54.360,330.999684,0.000000,0.000000,0.000000,0.287756,-0.394151,-0.273016,0.092389,-0.359593,-0.270507,0.190073,-0.376872,-0.271761,0.159013,-0.407866,-0.245998,0.183426,-0.421142,-0.180582,0.213899,-0.418179,-0.242211
2026-07-16 16:35:54.460,331.099684,0.000000,0.000000,0.000000,0.308322,-0.382008,-0.275545,0.111318,-0.358963,-0.272698,0.209820,-0.370485,-0.274121,0.180360,-0.403710,-0.248546,0.205512,-0.416072,-0.182506,0.236138,-0.409138,-0.244719
2026-07-16 16:35:54.560,331.199684,0.000000,0.000000,0.000000,0.307850,-0.379898,-0.274761,0.111262,-0.354968,-0.271005,0.209556,-0.367433,-0.272883,0.180382,-0.399657,-0.247656,0.205587,-0.412118,-0.180717,0.235989,-0.406073,-0.243901
2026-07-16 16:35:54.660,331.299684,0.000000,0.000000,0.000000,0.308322,-0.382008,-0.275545,0.111318,-0.358963,-0.272698,0.209820,-0.370485,-0.274121,0.181339,-0.402990,-0.247700,0.204554,-0.417022,-0.181017,0.236138,-0.409138,-0.244719
2026-07-16 16:35:54.760,331.399684,0.000000,0.000000,0.000000,0.292811,-0.397577,-0.261682,0.097311,-0.364956,-0.259759,0.195061,-0.381267,-0.260720,0.165287,-0.412733,-0.233241,0.188219,-0.424388,-0.165247,0.219881,-0.420369,-0.229997
2026-07-16 16:35:54.860,331.499684,0.000000,0.000000,0.000000,0.308644,-0.395606,-0.258219,0.111828,-0.370469,-0.258050,0.210236,-0.383038,-0.258135,0.181142,-0.415772,-0.230669,0.203703,-0.427222,-0.161735,0.236057,-0.421074,-0.226925
2026-07-16 16:35:54.960,331.599684,0.000000,0.000000,0.000000,0.308505,-0.392509,-0.257527,0.111689,-0.367372,-0.257359,0.210097,-0.379940,-0.257443,0.181003,-0.412675,-0.229977,0.203575,-0.424173,-0.160234,0.235918,-0.417977,-0.226233
2026-07-16 16:35:55.060,331.699684,0.000000,0.000000,0.000000,0.308322,-0.382008,-0.275545,0.111392,-0.357948,-0.272660,0.209857,-0.369978,-0.274102,0.181167,-0.403978,-0.247773,0.204402,-0.418239,-0.178762,0.236138,-0.409138,-0.244719
2026-07-16 16:35:55.160,331.799684,0.000000,0.000000,0.000000,0.308174,-0.378943,-0.274727,0.111244,-0.354883,-0.271842,0.209709,-0.366913,-0.273285,0.181019,-0.400912,-0.246955,0.204254,-0.415173,-0.177944,0.236007,-0.406156,-0.243084
2026-07-16 16:35:55.260,331.899683,0.000000,0.000000,0.000000,0.308322,-0.382008,-0.275545,0.111392,-0.357948,-0.272660,0.209857,-0.369978,-0.274102,0.181253,-0.403484,-0.247736,0.204402,-0.418239,-0.178762,0.236138,-0.409138,-0.244719
2026-07-16 16:35:55.360,331.999683,0.000000,0.000000,0.000000,0.308273,-0.380986,-0.275273,0.111268,-0.357941,-0.272425,0.209770,-0.369464,-0.273849,0.181118,-0.402956,-0.247500,0.204353,-0.417217,-0.178489,0.236088,-0.408116,-0.244446
2026-07-16 16:35:55.460,332.099683,0.000000,0.000000,0.000000,0.308372,-0.383030,-0.275818,0.111367,-0.359985,-0.272970,0.209869,-0.371507,-0.274394,0.181388,-0.404012,-0.247972,0.204452,-0.419261,-0.179034,0.236187,-0.410160,-0.244992
2026-07-16 16:35:55.560,332.199683,0.000000,0.000000,0.000000,0.308124,-0.377921,-0.274455,0.111120,-0.354876,-0.271607,0.209622,-0.366398,-0.273031,0.181141,-0.398903,-0.246609,0.204000,-0.415123,-0.177839,0.235940,-0.405051,-0.243629
2026-07-16 16:35:55.660,332.299683,0.000000,0.000000,0.000000,0.307850,-0.379898,-0.274761,0.111188,-0.355982,-0.271044,0.209519,-0.367940,-0.272902,0.181191,-0.399925,-0.246882,0.204254,-0.415173,-0.177944,0.235989,-0.406073,-0.243901
2026-07-16 16:35:55.760,332.399683,0.000000,0.000000,0.000000,0.308174,-0.378943,-0.274727,0.111169,-0.355898,-0.271880,0.209672,-0.367420,-0.273304,0.181019,-0.400912,-0.246955,0.204254,-0.415173,-0.177944,0.235745,-0.407043,-0.243978
2026-07-16 16:35:55.860,332.499683,0.000000,0.000000,0.000000,0.308025,-0.375877,-0.273910,0.111095,-0.351817,-0.271024,0.209560,-0.363847,-0.272467,0.180870,-0.397847,-0.246137,0.204106,-0.412108,-0.177126,0.235841,-0.403007,-0.243084
2026-07-16 16:35:55.960,332.599683,0.000000,0.000000,0.000000,0.308075,-0.376899,-0.274182,0.111070,-0.353854,-0.271335,0.209573,-0.365376,-0.272758,0.180920,-0.398869,-0.246410,0.204943,-0.413315,-0.177435,0.235908,-0.404112,-0.242539
2026-07-16 16:35:56.060,332.699683,0.000000,0.000000,0.000000,0.308783,-0.398704,-0.258911,0.111887,-0.374581,-0.258739,0.210335,-0.386642,-0.258825,0.181281,-0.418869,-0.231361,0.203852,-0.430368,-0.161618,0.236195,-0.424172,-0.227617
2026-07-16 16:35:56.160,332.799683,0.000000,0.000000,0.000000,0.308273,-0.380986,-0.275273,0.111268,-0.357941,-0.272425,0.209770,-0.369464,-0.273849,0.181118,-0.402956,-0.247500,0.205346,-0.416431,-0.178358,0.236088,-0.408116,-0.244446
2026-07-16 16:35:56.260,332.899683,0.000000,0.000000,0.000000,0.307553,-0.373767,-0.273125,0.110873,-0.349767,-0.270244,0.209213,-0.361767,-0.271685,0.180808,-0.394288,-0.245283,0.204950,-0.408257,-0.176177,0.235693,-0.399942,-0.242266
2026-07-16 16:35:56.360,332.999682,0.000000,0.000000,0.000000,0.308322,-0.382008,-0.275545,0.111392,-0.357948,-0.272660,0.209857,-0.369978,-0.274102,0.181167,-0.403978,-0.247773,0.205190,-0.418424,-0.178798,0.236138,-0.409138,-0.244719
2026-07-16 16:35:56.460,333.099682,0.000000,0.000000,0.000000,0.308421,-0.384052,-0.276090,0.111417,-0.361007,-0.273243,0.209919,-0.372529,-0.274667,0.181438,-0.405033,-0.248245,0.205084,-0.421438,-0.179510,0.236237,-0.411182,-0.245264
2026-07-16 16:35:56.560,333.199682,0.000000,0.000000,0.000000,0.308124,-0.377921,-0.274455,0.111120,-0.354876,-0.271607,0.209622,-0.366398,-0.273031,0.181141,-0.398903,-0.246609,0.204975,-0.414255,-0.178514,0.235940,-0.405051,-0.243629
2026-07-16 16:35:56.660,333.299682,0.000000,0.000000,0.000000,0.308025,-0.375877,-0.273910,0.111021,-0.352832,-0.271062,0.209523,-0.364355,-0.272486,0.180956,-0.397353,-0.246101,0.205081,-0.411240,-0.177802,0.235841,-0.403007,-0.243084
2026-07-16 16:35:56.760,333.399682,0.000000,0.000000,0.000000,0.308421,-0.384052,-0.276090,0.111491,-0.359992,-0.273205,0.209956,-0.372022,-0.274648,0.181266,-0.406021,-0.248318,0.205271,-0.420386,-0.180149,0.236254,-0.411265,-0.244447
2026-07-16 16:35:56.860,333.499682,0.000000,0.000000,0.000000,0.308598,-0.394574,-0.257989,0.111712,-0.370501,-0.256977,0.210155,-0.382538,-0.257483,0.181096,-0.414739,-0.230438,0.204653,-0.425404,-0.161398,0.236010,-0.420042,-0.226694
2026-07-16 16:35:56.960,333.599682,0.000000,0.000000,0.000000,0.308075,-0.376899,-0.274182,0.111070,-0.353854,-0.271335,0.209573,-0.365376,-0.272758,0.181092,-0.397881,-0.246337,0.205130,-0.412262,-0.178075,0.235891,-0.404029,-0.243356
2026-07-16 16:35:57.060,333.699682,0.000000,0.000000,0.000000,0.308174,-0.378943,-0.274727,0.111169,-0.355898,-0.271880,0.209672,-0.367420,-0.273304,0.181191,-0.399925,-0.246882,0.205229,-0.414306,-0.178620,0.236007,-0.406156,-0.243084
2026-07-16 16:35:57.160,333.799682,0.000000,0.000000,0.000000,0.308497,-0.377987,-0.274694,0.111244,-0.354883,-0.271842,0.209871,-0.366435,-0.273268,0.181191,-0.399925,-0.246882,0.205127,-0.414791,-0.178703,0.235989,-0.406073,-0.243901
2026-07-16 16:35:57.260,333.899682,0.000000,0.000000,0.000000,0.308322,-0.382008,-0.275545,0.111392,-0.357948,-0.272660,0.209857,-0.369978,-0.274102,0.181339,-0.402990,-0.247700,0.205378,-0.417371,-0.179438,0.236138,-0.409138,-0.244719
2026-07-16 16:35:57.360,333.999681,0.000000,0.000000,0.000000,0.308223,-0.379964,-0.275000,0.111293,-0.355905,-0.272114,0.209758,-0.367934,-0.273557,0.181068,-0.401934,-0.247228,0.205279,-0.415327,-0.178892,0.236039,-0.407095,-0.244174
2026-07-16 16:35:57.460,334.099681,0.000000,0.000000,0.000000,0.308075,-0.376899,-0.274182,0.111089,-0.353939,-0.270499,0.209582,-0.365419,-0.272340,0.181092,-0.397881,-0.246337,0.205130,-0.412262,-0.178075,0.235891,-0.404029,-0.243356
2026-07-16 16:35:57.560,334.199681,0.000000,0.000000,0.000000,0.308124,-0.377921,-0.274455,0.111120,-0.354876,-0.271607,0.209622,-0.366398,-0.273031,0.181141,-0.398903,-0.246609,0.205180,-0.413284,-0.178347,0.235958,-0.405134,-0.242811
2026-07-16 16:35:57.660,334.299681,0.000000,0.000000,0.000000,0.308470,-0.385073,-0.276363,0.111541,-0.361014,-0.273477,0.210005,-0.373044,-0.274920,0.181487,-0.406055,-0.248518,0.206521,-0.419651,-0.180125,0.236060,-0.413257,-0.244797
2026-07-16 16:35:57.760,334.399681,0.000000,0.000000,0.000000,0.293222,-0.401793,-0.262871,0.097263,-0.371183,-0.260113,0.195242,-0.386488,-0.261492,0.165337,-0.417892,-0.234431,0.190074,-0.429012,-0.166363,0.220072,-0.425047,-0.231165
2026-07-16 16:35:57.860,334.499681,0.000000,0.000000,0.000000,0.293232,-0.402825,-0.263109,0.097258,-0.372159,-0.261189,0.195245,-0.387492,-0.262149,0.165347,-0.418924,-0.234669,0.190328,-0.429076,-0.166470,0.220082,-0.426078,-0.231403
2026-07-16 16:35:57.960,334.599681,0.000000,0.000000,0.000000,0.308124,-0.377921,-0.274455,0.111120,-0.354876,-0.271607,0.209622,-0.366398,-0.273031,0.180969,-0.399891,-0.246683,0.206157,-0.412416,-0.179026,0.235940,-0.405051,-0.243629
2026-07-16 16:35:58.060,334.699681,0.000000,0.000000,0.000000,0.307899,-0.380920,-0.275033,0.111219,-0.356919,-0.272152,0.209559,-0.368920,-0.273593,0.181240,-0.400946,-0.247155,0.206050,-0.415431,-0.179736,0.235795,-0.408065,-0.244250
2026-07-16 16:35:58.160,334.799681,0.000000,0.000000,0.000000,0.308322,-0.382008,-0.275545,0.111318,-0.358963,-0.272698,0.209820,-0.370485,-0.274121,0.181339,-0.402990,-0.247700,0.206561,-0.415533,-0.179951,0.235894,-0.410109,-0.244796
2026-07-16 16:35:58.260,334.899681,0.000000,0.000000,0.000000,0.308399,-0.375943,-0.274149,0.111070,-0.353854,-0.271335,0.209735,-0.364899,-0.272742,0.181092,-0.397881,-0.246337,0.206314,-0.410424,-0.178588,0.235646,-0.405000,-0.243433
2026-07-16 16:35:58.360,334.999681,0.000000,0.000000,0.000000,0.293232,-0.402825,-0.263109,0.097273,-0.372215,-0.260351,0.195252,-0.387520,-0.261730,0.165347,-0.418924,-0.234669,0.190328,-0.429076,-0.166470,0.220082,-0.426078,-0.231403
2026-07-16 16:35:58.460,335.099680,0.000000,0.000000,0.000000,0.308448,-0.376965,-0.274422,0.111120,-0.354876,-0.271607,0.209784,-0.365920,-0.273014,0.181141,-0.398903,-0.246609,0.206363,-0.411445,-0.178860,0.235940,-0.405051,-0.243629
2026-07-16 16:35:58.560,335.199680,0.000000,0.000000,0.000000,0.308646,-0.381052,-0.275512,0.111392,-0.357948,-0.272660,0.210019,-0.369500,-0.274086,0.181339,-0.402990,-0.247700,0.206131,-0.417393,-0.181089,0.235894,-0.410109,-0.244796
2026-07-16 16:35:58.660,335.299680,0.000000,0.000000,0.000000,0.308075,-0.376899,-0.274182,0.111070,-0.353854,-0.271335,0.209573,-0.365376,-0.272758,0.181092,-0.397881,-0.246337,0.206090,-0.411313,-0.179562,0.235908,-0.404112,-0.242539
2026-07-16 16:35:58.760,335.399680,0.000000,0.000000,0.000000,0.308075,-0.376899,-0.274182,0.111070,-0.353854,-0.271335,0.209573,-0.365376,-0.272758,0.180920,-0.398869,-0.246410,0.206296,-0.410342,-0.179398,0.235646,-0.405000,-0.243433
2026-07-16 16:35:58.860,335.499680,0.000000,0.000000,0.000000,0.293192,-0.398698,-0.262157,0.097331,-0.367020,-0.260235,0.195261,-0.382859,-0.261196,0.165517,-0.413814,-0.233678,0.190029,-0.425862,-0.166460,0.220042,-0.421952,-0.230451
2026-07-16 16:35:58.960,335.599680,0.000000,0.000000,0.000000,0.308097,-0.385007,-0.276124,0.111417,-0.361007,-0.273243,0.209757,-0.373007,-0.274683,0.181438,-0.405033,-0.248245,0.207019,-0.419622,-0.181670,0.235993,-0.412152,-0.245341
2026-07-16 16:35:59.060,335.699680,0.000000,0.000000,0.000000,0.307850,-0.379898,-0.274761,0.111169,-0.355898,-0.271880,0.209510,-0.367898,-0.273320,0.181019,-0.400912,-0.246955,0.206979,-0.413542,-0.180143,0.235989,-0.406073,-0.243901
2026-07-16 16:35:59.160,335.799680,0.000000,0.000000,0.000000,0.308174,-0.378943,-0.274727,0.111244,-0.354883,-0.271842,0.209709,-0.366913,-0.273285,0.181191,-0.399925,-0.246882,0.206979,-0.413542,-0.180143,0.236007,-0.406156,-0.243084
2026-07-16 16:35:59.260,335.899680,0.000000,0.000000,0.000000,0.308972,-0.394652,-0.258223,0.111759,-0.371534,-0.257208,0.210366,-0.383093,-0.257715,0.181319,-0.414783,-0.230635,0.206244,-0.426673,-0.164102,0.235808,-0.422046,-0.226963
2026-07-16 16:35:59.360,335.999680,0.000000,0.000000,0.000000,0.308459,-0.391477,-0.257297,0.111563,-0.367354,-0.257124,0.210011,-0.379416,-0.257211,0.180957,-0.411642,-0.229746,0.206270,-0.421568,-0.163056,0.235623,-0.417916,-0.226041
2026-07-16 16:35:59.460,336.099679,0.000000,0.000000,0.000000,0.308025,-0.375877,-0.273910,0.111095,-0.351817,-0.271024,0.209560,-0.363847,-0.272467,0.180870,-0.397847,-0.246137,0.206605,-0.411365,-0.180297,0.235615,-0.404060,-0.242344
2026-07-16 16:35:59.560,336.199679,0.000000,0.000000,0.000000,0.308322,-0.382008,-0.275545,0.111392,-0.357948,-0.272660,0.209857,-0.369978,-0.274102,0.181167,-0.403978,-0.247773,0.206902,-0.417496,-0.181932,0.235894,-0.410109,-0.244796
2026-07-16 16:35:59.660,336.299679,0.000000,0.000000,0.000000,0.287766,-0.392102,-0.272479,0.092399,-0.357544,-0.269971,0.190082,-0.374823,-0.271225,0.159816,-0.406124,-0.244685,0.184503,-0.421625,-0.178810,0.213909,-0.416131,-0.241674
2026-07-16 16:35:59.760,336.399679,0.000000,0.000000,0.000000,0.308421,-0.384052,-0.276090,0.111417,-0.361007,-0.273243,0.209919,-0.372529,-0.274667,0.181266,-0.406021,-0.248318,0.207208,-0.418569,-0.182314,0.236010,-0.412235,-0.244524
2026-07-16 16:35:59.860,336.499679,0.000000,0.000000,0.000000,0.301163,-0.391185,-0.266229,0.104873,-0.362225,-0.265665,0.203018,-0.376705,-0.265947,0.173251,-0.409510,-0.239298,0.198029,-0.422411,-0.173793,0.227779,-0.416935,-0.235686
2026-07-16 16:35:59.960,336.599679,0.000000,0.000000,0.000000,0.308075,-0.376899,-0.274182,0.111145,-0.352839,-0.271297,0.209610,-0.364869,-0.272739,0.180920,-0.398869,-0.246410,0.206637,-0.412306,-0.181377,0.235646,-0.405000,-0.243433
2026-07-16 16:36:00.060,336.699679,0.000000,0.000000,0.000000,0.308174,-0.378943,-0.274727,0.111169,-0.355898,-0.271880,0.209672,-0.367420,-0.273304,0.181019,-0.400912,-0.246955,0.206529,-0.415320,-0.182084,0.235745,-0.407043,-0.243978
2026-07-16 16:36:00.160,336.799679,0.000000,0.000000,0.000000,0.308174,-0.378943,-0.274727,0.111244,-0.354883,-0.271842,0.209709,-0.366913,-0.273285,0.181019,-0.400912,-0.246955,0.206736,-0.414349,-0.181922,0.235745,-0.407043,-0.243978
2026-07-16 16:36:00.260,336.899679,0.000000,0.000000,0.000000,0.308273,-0.380986,-0.275273,0.111268,-0.357941,-0.272425,0.209770,-0.369464,-0.273849,0.181289,-0.401968,-0.247427,0.207624,-0.416578,-0.182503,0.235844,-0.409087,-0.244523
2026-07-16 16:36:00.360,336.999679,0.000000,0.000000,0.000000,0.308192,-0.379030,-0.273866,0.111169,-0.355898,-0.271880,0.209681,-0.367464,-0.272873,0.181019,-0.400912,-0.246955,0.207299,-0.415424,-0.182926,0.235745,-0.407043,-0.243978
2026-07-16 16:36:00.460,337.099679,0.000000,0.000000,0.000000,0.292801,-0.396546,-0.261444,0.097301,-0.363925,-0.259521,0.195051,-0.380235,-0.260482,0.165277,-0.411701,-0.233003,0.191027,-0.424972,-0.168492,0.219731,-0.419819,-0.229780
2026-07-16 16:36:00.560,337.199678,0.000000,0.000000,0.000000,0.308399,-0.375943,-0.274149,0.111163,-0.352924,-0.270459,0.209781,-0.364434,-0.272304,0.181092,-0.397881,-0.246337,0.207408,-0.412409,-0.182220,0.235646,-0.405000,-0.243433
2026-07-16 16:36:00.660,337.299678,0.000000,0.000000,0.000000,0.293552,-0.397755,-0.262157,0.097233,-0.368088,-0.259399,0.195392,-0.382921,-0.260778,0.165307,-0.414797,-0.233717,0.191057,-0.428068,-0.169205,0.218971,-0.422695,-0.230465
2026-07-16 16:36:00.760,337.399678,0.000000,0.000000,0.000000,0.308025,-0.375877,-0.273910,0.111021,-0.352832,-0.271062,0.209523,-0.364355,-0.272486,0.181042,-0.396859,-0.246064,0.207359,-0.411387,-0.181948,0.235353,-0.404948,-0.243236
2026-07-16 16:36:00.860,337.499678,0.000000,0.000000,0.000000,0.308025,-0.375877,-0.273910,0.111095,-0.351817,-0.271024,0.209560,-0.363847,-0.272467,0.181042,-0.396859,-0.246064,0.207133,-0.412276,-0.182915,0.234800,-0.403790,-0.243124
2026-07-16 16:36:00.960,337.599678,0.000000,0.000000,0.000000,0.308174,-0.378943,-0.274727,0.111244,-0.354883,-0.271842,0.209709,-0.366913,-0.273285,0.181019,-0.400912,-0.246955,0.207698,-0.413400,-0.183413,0.235745,-0.407043,-0.243978
2026-07-16 16:36:01.060,337.699678,0.000000,0.000000,0.000000,0.308829,-0.399736,-0.259142,0.111933,-0.375614,-0.258969,0.210381,-0.387675,-0.259056,0.181504,-0.418912,-0.231558,0.207187,-0.430848,-0.167477,0.235197,-0.425983,-0.227864
2026-07-16 16:36:01.160,337.799678,0.000000,0.000000,0.000000,0.300816,-0.392132,-0.266248,0.104873,-0.362225,-0.265665,0.202845,-0.377179,-0.265956,0.173447,-0.408525,-0.239241,0.199028,-0.421513,-0.175292,0.227779,-0.416935,-0.235686
2026-07-16 16:36:01.260,337.899678,0.000000,0.000000,0.000000,0.308372,-0.383030,-0.275818,0.111367,-0.359985,-0.272970,0.209869,-0.371507,-0.274394,0.181216,-0.405000,-0.248046,0.207688,-0.418458,-0.184663,0.235146,-0.410943,-0.245032
2026-07-16 16:36:01.360,337.999678,0.000000,0.000000,0.000000,0.308421,-0.384052,-0.276090,0.111417,-0.361007,-0.273243,0.209919,-0.372529,-0.274667,0.181438,-0.405033,-0.248245,0.207928,-0.418427,-0.185585,0.235438,-0.410994,-0.245228
2026-07-16 16:36:01.460,338.099678,0.000000,0.000000,0.000000,0.308596,-0.380031,-0.275239,0.111361,-0.357011,-0.271550,0.209979,-0.368521,-0.273395,0.181289,-0.401968,-0.247427,0.207779,-0.415362,-0.184767,0.235047,-0.408900,-0.244487
2026-07-16 16:36:01.560,338.199677,0.000000,0.000000,0.000000,0.293202,-0.399730,-0.262395,0.097341,-0.368052,-0.260473,0.195271,-0.383891,-0.261434,0.165527,-0.414846,-0.233916,0.191528,-0.427056,-0.170812,0.218981,-0.423727,-0.230702
2026-07-16 16:36:01.660,338.299677,0.000000,0.000000,0.000000,0.307801,-0.378876,-0.274488,0.111194,-0.353861,-0.271569,0.209497,-0.366369,-0.273029,0.181141,-0.398903,-0.246609,0.207613,-0.412214,-0.184758,0.235142,-0.404863,-0.243592
2026-07-16 16:36:01.760,338.399677,0.000000,0.000000,0.000000,0.308038,-0.390366,-0.256832,0.111550,-0.364274,-0.256667,0.209794,-0.377320,-0.256749,0.181041,-0.408588,-0.229252,0.206915,-0.419452,-0.166673,0.234734,-0.415659,-0.225558
2026-07-16 16:36:01.860,338.499677,0.000000,0.000000,0.000000,0.308025,-0.375877,-0.273910,0.111021,-0.352832,-0.271062,0.209523,-0.364355,-0.272486,0.181042,-0.396859,-0.246064,0.207723,-0.409200,-0.184056,0.234800,-0.403790,-0.243124
2026-07-16 16:36:01.960,338.599677,0.000000,0.000000,0.000000,0.308598,-0.394574,-0.257989,0.111712,-0.370501,-0.256977,0.210155,-0.382538,-0.257483,0.182062,-0.413941,-0.230426,0.207136,-0.424566,-0.168638,0.234965,-0.420821,-0.226711
2026-07-16 16:36:02.060,338.699677,0.000000,0.000000,0.000000,0.308075,-0.376899,-0.274182,0.111070,-0.353854,-0.271335,0.209573,-0.365376,-0.272758,0.181709,-0.399054,-0.246446,0.208336,-0.411296,-0.185330,0.234849,-0.404812,-0.243396
2026-07-16 16:36:02.160,338.799677,0.000000,0.000000,0.000000,0.292872,-0.403768,-0.263109,0.097273,-0.372215,-0.260351,0.195072,-0.387991,-0.261730,0.166340,-0.418158,-0.234659,0.192557,-0.429293,-0.173054,0.219011,-0.426822,-0.231416
2026-07-16 16:36:02.260,338.899677,0.000000,0.000000,0.000000,0.308174,-0.378943,-0.274727,0.111188,-0.355982,-0.271044,0.209681,-0.367462,-0.272886,0.181808,-0.401098,-0.246991,0.208417,-0.413258,-0.186684,0.235191,-0.405885,-0.243865
2026-07-16 16:36:02.360,338.999677,0.000000,0.000000,0.000000,0.308174,-0.378943,-0.274727,0.111169,-0.355898,-0.271880,0.209672,-0.367420,-0.273304,0.181981,-0.400110,-0.246918,0.208417,-0.413258,-0.186684,0.234948,-0.406856,-0.243941
2026-07-16 16:36:02.460,339.099677,0.000000,0.000000,0.000000,0.292801,-0.396546,-0.261444,0.097203,-0.364993,-0.258685,0.195002,-0.380769,-0.260064,0.166270,-0.410936,-0.232994,0.192225,-0.422983,-0.172322,0.218956,-0.419655,-0.228932
2026-07-16 16:36:02.560,339.199677,0.000000,0.000000,0.000000,0.307998,-0.382963,-0.275578,0.111392,-0.357948,-0.272660,0.209695,-0.370456,-0.274119,0.182130,-0.403176,-0.247736,0.208548,-0.416242,-0.188310,0.235357,-0.409033,-0.243865
2026-07-16 16:36:02.660,339.299676,0.000000,0.000000,0.000000,0.307702,-0.376833,-0.273943,0.111021,-0.352832,-0.271062,0.209361,-0.364832,-0.272502,0.181833,-0.397045,-0.246100,0.208251,-0.410111,-0.186675,0.234817,-0.403873,-0.242307
2026-07-16 16:36:02.760,339.399676,0.000000,0.000000,0.000000,0.308025,-0.375877,-0.273910,0.111095,-0.351817,-0.271024,0.209560,-0.363847,-0.272467,0.181833,-0.397045,-0.246100,0.208461,-0.409139,-0.186521,0.234817,-0.403873,-0.242307
2026-07-16 16:36:02.860,339.499676,0.000000,0.000000,0.000000,0.307976,-0.374855,-0.273637,0.110990,-0.351895,-0.269953,0.209483,-0.363375,-0.271795,0.181784,-0.396023,-0.245828,0.208202,-0.409089,-0.186402,0.234750,-0.402769,-0.242851
2026-07-16 16:36:02.960,339.599676,0.000000,0.000000,0.000000,0.308322,-0.382008,-0.275545,0.111392,-0.357948,-0.272660,0.209857,-0.369978,-0.274102,0.182130,-0.403176,-0.247736,0.208740,-0.415188,-0.188966,0.235114,-0.410004,-0.243943
2026-07-16 16:36:03.060,339.699676,0.000000,0.000000,0.000000,0.293272,-0.406952,-0.264061,0.097298,-0.376286,-0.262141,0.195285,-0.391619,-0.263101,0.166170,-0.423267,-0.235650,0.192305,-0.434224,-0.176561,0.218277,-0.430785,-0.231520
2026-07-16 16:36:03.160,339.799676,0.000000,0.000000,0.000000,0.307702,-0.376833,-0.273943,0.110947,-0.353847,-0.271100,0.209324,-0.365340,-0.272521,0.181833,-0.397045,-0.246100,0.208443,-0.409057,-0.187331,0.234262,-0.402715,-0.242193
2026-07-16 16:36:03.260,339.899676,0.000000,0.000000,0.000000,0.308174,-0.378943,-0.274727,0.111244,-0.354883,-0.271842,0.209709,-0.366913,-0.273285,0.181981,-0.400110,-0.246918,0.208365,-0.413012,-0.189110,0.234411,-0.405780,-0.243011
2026-07-16 16:36:03.360,339.999676,0.000000,0.000000,0.000000,0.293232,-0.402825,-0.263109,0.097387,-0.371203,-0.260347,0.195309,-0.387014,-0.261728,0.166340,-0.418158,-0.234659,0.192250,-0.430043,-0.176421,0.218237,-0.426658,-0.230568
2026-07-16 16:36:03.460,340.099676,0.000000,0.000000,0.000000,0.308075,-0.376899,-0.274182,0.111089,-0.353939,-0.270499,0.209582,-0.365419,-0.272340,0.181882,-0.398067,-0.246373,0.208266,-0.410969,-0.188565,0.234312,-0.403737,-0.242466
2026-07-16 16:36:03.560,340.199676,0.000000,0.000000,0.000000,0.308421,-0.384052,-0.276090,0.111509,-0.360077,-0.272368,0.209965,-0.372064,-0.274229,0.182229,-0.405219,-0.248281,0.208594,-0.418040,-0.191282,0.234416,-0.411860,-0.244452
2026-07-16 16:36:03.660,340.299675,0.000000,0.000000,0.000000,0.308322,-0.382008,-0.275545,0.111318,-0.358963,-0.272698,0.209820,-0.370485,-0.274121,0.182130,-0.403176,-0.247736,0.208495,-0.415996,-0.190736,0.234559,-0.408846,-0.243829
2026-07-16 16:36:03.760,340.399675,0.000000,0.000000,0.000000,0.307998,-0.382963,-0.275578,0.111318,-0.358963,-0.272698,0.209658,-0.370963,-0.274138,0.182130,-0.403176,-0.247736,0.208705,-0.415024,-0.190586,0.234317,-0.409817,-0.243907
2026-07-16 16:36:03.860,340.499675,0.000000,0.000000,0.000000,0.308174,-0.378943,-0.274727,0.111169,-0.355898,-0.271880,0.209672,-0.367420,-0.273304,0.181981,-0.400110,-0.246918,0.208539,-0.411877,-0.190578,0.234169,-0.406751,-0.243089
2026-07-16 16:36:03.960,340.599675,0.000000,0.000000,0.000000,0.308174,-0.378943,-0.274727,0.111188,-0.355982,-0.271044,0.209681,-0.367462,-0.272886,0.182154,-0.399123,-0.246845,0.208329,-0.412849,-0.190727,0.234411,-0.405780,-0.243011
2026-07-16 16:36:04.060,340.699675,0.000000,0.000000,0.000000,0.308075,-0.376899,-0.274182,0.111145,-0.352839,-0.271297,0.209610,-0.364869,-0.272739,0.182056,-0.397079,-0.246300,0.208440,-0.409833,-0.190033,0.234070,-0.404708,-0.242544
2026-07-16 16:36:04.160,340.799675,0.000000,0.000000,0.000000,0.308017,-0.383050,-0.274718,0.111318,-0.358963,-0.272698,0.209667,-0.371007,-0.273708,0.182921,-0.403361,-0.247772,0.208669,-0.414860,-0.192205,0.234317,-0.409817,-0.243907
2026-07-16 16:36:04.260,340.899675,0.000000,0.000000,0.000000,0.293282,-0.407984,-0.264299,0.097437,-0.376362,-0.261536,0.195359,-0.392173,-0.262918,0.166601,-0.422335,-0.235810,0.193532,-0.433321,-0.179843,0.218287,-0.431817,-0.231758
2026-07-16 16:36:04.360,340.999675,0.000000,0.000000,0.000000,0.301216,-0.393240,-0.266739,0.104836,-0.365363,-0.265358,0.203026,-0.379301,-0.266048,0.175073,-0.410992,-0.239801,0.200803,-0.422332,-0.183820,0.226521,-0.417677,-0.235265
2026-07-16 16:36:04.460,341.099675,0.000000,0.000000,0.000000,0.309015,-0.379140,-0.274766,0.111318,-0.353868,-0.271804,0.210167,-0.366504,-0.273285,0.182772,-0.400296,-0.246954,0.208294,-0.412685,-0.192345,0.234169,-0.406751,-0.243089
2026-07-16 16:36:04.560,341.199675,0.000000,0.000000,0.000000,0.308322,-0.382008,-0.275545,0.111392,-0.357948,-0.272660,0.209857,-0.369978,-0.274102,0.182921,-0.403361,-0.247772,0.209442,-0.414964,-0.193051,0.234559,-0.408846,-0.243829
2026-07-16 16:36:04.660,341.299675,0.000000,0.000000,0.000000,0.308075,-0.376899,-0.274182,0.111070,-0.353854,-0.271335,0.209573,-0.365376,-0.272758,0.182673,-0.398253,-0.246409,0.208985,-0.410827,-0.191835,0.234070,-0.404708,-0.242544
2026-07-16 16:36:04.760,341.399674,0.000000,0.000000,0.000000,0.293161,-0.395603,-0.261444,0.097188,-0.364936,-0.259524,0.195175,-0.380270,-0.260484,0.167053,-0.411153,-0.233023,0.193011,-0.422282,-0.178783,0.218167,-0.419436,-0.228903
2026-07-16 16:36:04.860,341.499674,0.000000,0.000000,0.000000,0.308467,-0.377053,-0.273559,0.111138,-0.354960,-0.270771,0.209802,-0.366006,-0.272165,0.182723,-0.399274,-0.246681,0.209227,-0.410795,-0.192770,0.234361,-0.404759,-0.242738
2026-07-16 16:36:04.960,341.599674,0.000000,0.000000,0.000000,0.307976,-0.374855,-0.273637,0.110990,-0.351895,-0.269953,0.209483,-0.363375,-0.271795,0.182574,-0.396209,-0.245864,0.208869,-0.408701,-0.192099,0.234213,-0.401693,-0.241921
2026-07-16 16:36:05.060,341.699674,0.000000,0.000000,0.000000,0.307976,-0.374855,-0.273637,0.110915,-0.352910,-0.269992,0.209446,-0.363882,-0.271815,0.182574,-0.396209,-0.245864,0.208851,-0.408620,-0.192908,0.233971,-0.402664,-0.241998
2026-07-16 16:36:05.160,341.799674,0.000000,0.000000,0.000000,0.308291,-0.381073,-0.274411,0.111343,-0.356927,-0.272387,0.209817,-0.369000,-0.273399,0.183045,-0.401352,-0.247426,0.209358,-0.413778,-0.194398,0.234268,-0.408795,-0.243634
2026-07-16 16:36:05.260,341.899674,0.000000,0.000000,0.000000,0.287746,-0.396199,-0.273552,0.092251,-0.362651,-0.271076,0.189998,-0.379425,-0.272314,0.161582,-0.409700,-0.245758,0.186879,-0.424191,-0.192772,0.212330,-0.419847,-0.241862
2026-07-16 16:36:05.360,341.999674,0.000000,0.000000,0.000000,0.293222,-0.401793,-0.262871,0.097263,-0.371183,-0.260113,0.195242,-0.386488,-0.261492,0.167325,-0.416362,-0.234411,0.192932,-0.428902,-0.181078,0.217423,-0.425352,-0.231120
2026-07-16 16:36:05.460,342.099674,0.000000,0.000000,0.000000,0.308497,-0.377987,-0.274694,0.111169,-0.355898,-0.271880,0.209833,-0.366942,-0.273287,0.182772,-0.400296,-0.246954,0.209031,-0.412625,-0.194807,0.233354,-0.406481,-0.243869
2026-07-16 16:36:05.560,342.199674,0.000000,0.000000,0.000000,0.308273,-0.380986,-0.275273,0.111268,-0.357941,-0.272425,0.209770,-0.369464,-0.273849,0.183045,-0.401352,-0.247426,0.209130,-0.414669,-0.195352,0.233693,-0.407554,-0.244337
2026-07-16 16:36:05.660,342.299674,0.000000,0.000000,0.000000,0.308885,-0.376162,-0.273086,0.111039,-0.352917,-0.270226,0.209962,-0.364539,-0.271656,0.182798,-0.396243,-0.246063,0.208883,-0.409559,-0.193989,0.233205,-0.403416,-0.243051
2026-07-16 16:36:05.760,342.399673,0.000000,0.000000,0.000000,0.308124,-0.377921,-0.274455,0.111194,-0.353861,-0.271569,0.209659,-0.365891,-0.273012,0.182897,-0.398287,-0.246608,0.208964,-0.411521,-0.195343,0.233425,-0.404974,-0.243558
2026-07-16 16:36:05.860,342.499673,0.000000,0.000000,0.000000,0.293161,-0.395603,-0.261444,0.097090,-0.366004,-0.258689,0.195126,-0.380804,-0.260066,0.167477,-0.409189,-0.232945,0.193089,-0.421635,-0.181163,0.217640,-0.418199,-0.229649
2026-07-16 16:36:05.960,342.599673,0.000000,0.000000,0.000000,0.308448,-0.376965,-0.274422,0.111138,-0.354960,-0.270771,0.209793,-0.365963,-0.272596,0.183071,-0.397299,-0.246535,0.208964,-0.411521,-0.195343,0.233545,-0.404488,-0.243520
2026-07-16 16:36:06.060,342.699673,0.000000,0.000000,0.000000,0.308075,-0.376899,-0.274182,0.111145,-0.352839,-0.271297,0.209610,-0.364869,-0.272739,0.182847,-0.397265,-0.246336,0.208897,-0.410418,-0.195879,0.233255,-0.404438,-0.243324
2026-07-16 16:36:06.160,342.799673,0.000000,0.000000,0.000000,0.307869,-0.379985,-0.273900,0.111169,-0.355898,-0.271880,0.209519,-0.367941,-0.272890,0.183738,-0.399495,-0.246917,0.209206,-0.411489,-0.196282,0.233594,-0.405510,-0.243792
2026-07-16 16:36:06.260,342.899673,0.000000,0.000000,0.000000,0.308174,-0.378943,-0.274727,0.111169,-0.355898,-0.271880,0.209672,-0.367420,-0.273304,0.183563,-0.400482,-0.246990,0.209206,-0.411489,-0.196282,0.233594,-0.405510,-0.243792
2026-07-16 16:36:06.360,342.999673,0.000000,0.000000,0.000000,0.290572,-0.419232,-0.236155,0.094493,-0.387549,-0.236292,0.192532,-0.403391,-0.236224,0.165032,-0.432498,-0.206784,0.189995,-0.440438,-0.155932,0.214587,-0.440296,-0.202905
2026-07-16 16:36:06.460,343.099673,0.000000,0.000000,0.000000,0.290563,-0.417143,-0.235816,0.094366,-0.386469,-0.235888,0.192465,-0.401806,-0.235852,0.165023,-0.430409,-0.206444,0.189986,-0.438348,-0.155592,0.214579,-0.438206,-0.202566
2026-07-16 16:36:06.560,343.199673,0.000000,0.000000,0.000000,0.308025,-0.375877,-0.273910,0.111021,-0.352832,-0.271062,0.209523,-0.364355,-0.272486,0.183590,-0.396429,-0.246099,0.209040,-0.408341,-0.196274,0.233446,-0.402445,-0.242974
2026-07-16 16:36:06.660,343.299673,0.000000,0.000000,0.000000,0.300736,-0.389050,-0.265483,0.104794,-0.359143,-0.264899,0.202765,-0.374097,-0.265191,0.176124,-0.404093,-0.238436,0.200613,-0.416720,-0.188223,0.225586,-0.412264,-0.234783
2026-07-16 16:36:06.760,343.399673,0.000000,0.000000,0.000000,0.290198,-0.413904,-0.234209,0.094364,-0.382291,-0.234368,0.192281,-0.398097,-0.234289,0.165006,-0.426229,-0.205765,0.189954,-0.434168,-0.155726,0.214562,-0.434027,-0.201886
2026-07-16 16:36:06.860,343.499672,0.000000,0.000000,0.000000,0.307850,-0.379898,-0.274761,0.111188,-0.355982,-0.271044,0.209519,-0.367940,-0.272902,0.183913,-0.398507,-0.246844,0.209171,-0.411325,-0.197902,0.233594,-0.405510,-0.243792
2026-07-16 16:36:06.960,343.599672,0.000000,0.000000,0.000000,0.301243,-0.394267,-0.266994,0.104862,-0.366390,-0.265613,0.203052,-0.380329,-0.266304,0.176085,-0.411241,-0.240024,0.200764,-0.422817,-0.190565,0.225745,-0.418428,-0.236314
2026-07-16 16:36:07.060,343.699672,0.000000,0.000000,0.000000,0.301439,-0.387227,-0.264580,0.104604,-0.361239,-0.264104,0.203021,-0.374233,-0.264342,0.176124,-0.404093,-0.238436,0.200605,-0.416652,-0.189034,0.225586,-0.412264,-0.234783
2026-07-16 16:36:07.160,343.799672,0.000000,0.000000,0.000000,0.301110,-0.389130,-0.265719,0.104920,-0.359158,-0.265134,0.203015,-0.374144,-0.265426,0.176143,-0.405053,-0.239505,0.200623,-0.417612,-0.190101,0.225612,-0.413292,-0.235038
2026-07-16 16:36:07.260,343.899672,0.000000,0.000000,0.000000,0.290563,-0.417143,-0.235816,0.094499,-0.385461,-0.235110,0.192531,-0.401302,-0.235463,0.165023,-0.430409,-0.206444,0.189705,-0.439318,-0.157261,0.213789,-0.437982,-0.202551
2026-07-16 16:36:07.360,343.999672,0.000000,0.000000,0.000000,0.301510,-0.390237,-0.266209,0.104873,-0.362225,-0.265665,0.203192,-0.376231,-0.265937,0.176204,-0.407175,-0.239202,0.200676,-0.419667,-0.190611,0.225666,-0.415346,-0.235549
2026-07-16 16:36:07.460,344.099672,0.000000,0.000000,0.000000,0.308741,-0.389490,-0.257070,0.111527,-0.366372,-0.256055,0.210134,-0.377931,-0.256562,0.183817,-0.408217,-0.229479,0.208578,-0.419068,-0.180642,0.233432,-0.415334,-0.225707
2026-07-16 16:36:07.560,344.199672,0.000000,0.000000,0.000000,0.301057,-0.387075,-0.265208,0.104776,-0.358186,-0.263805,0.202916,-0.372631,-0.264507,0.176090,-0.402998,-0.238995,0.200562,-0.415489,-0.190402,0.225559,-0.411237,-0.234528
2026-07-16 16:36:07.660,344.299672,0.000000,0.000000,0.000000,0.301163,-0.391185,-0.266229,0.104774,-0.363238,-0.265685,0.202968,-0.377212,-0.265957,0.176204,-0.407175,-0.239202,0.200668,-0.419599,-0.191422,0.224872,-0.415138,-0.235523
2026-07-16 16:36:07.760,344.399672,0.000000,0.000000,0.000000,0.301243,-0.394267,-0.266994,0.104862,-0.366390,-0.265613,0.203052,-0.380329,-0.266304,0.176275,-0.410189,-0.240781,0.200748,-0.422681,-0.192188,0.225745,-0.418428,-0.236314
2026-07-16 16:36:07.860,344.499671,0.000000,0.000000,0.000000,0.276517,-0.429250,-0.242262,0.081641,-0.392569,-0.239882,0.179079,-0.410910,-0.241072,0.151439,-0.436961,-0.213048,0.176185,-0.447102,-0.164048,0.199742,-0.447069,-0.208721
2026-07-16 16:36:07.960,344.599671,0.000000,0.000000,0.000000,0.300789,-0.391105,-0.265993,0.104756,-0.362281,-0.264593,0.202773,-0.376693,-0.265293,0.176169,-0.406080,-0.239760,0.200633,-0.418503,-0.191978,0.224845,-0.414111,-0.235268
2026-07-16 16:36:08.060,344.699671,0.000000,0.000000,0.000000,0.290186,-0.414947,-0.235245,0.094353,-0.383334,-0.235379,0.192270,-0.399141,-0.235312,0.165213,-0.426292,-0.206776,0.189914,-0.435209,-0.158338,0.213776,-0.434848,-0.202041
2026-07-16 16:36:08.160,344.799671,0.000000,0.000000,0.000000,0.308174,-0.378943,-0.274727,0.111169,-0.355898,-0.271880,0.209672,-0.367420,-0.273304,0.183896,-0.398425,-0.247656,0.209118,-0.411079,-0.200331,0.232796,-0.405323,-0.243756
2026-07-16 16:36:08.260,344.899671,0.000000,0.000000,0.000000,0.293171,-0.396635,-0.261681,0.097424,-0.363944,-0.259756,0.195298,-0.380290,-0.260719,0.168257,-0.410384,-0.234026,0.193009,-0.422341,-0.186274,0.216860,-0.419011,-0.229858
2026-07-16 16:36:08.360,344.999671,0.000000,0.000000,0.000000,0.308075,-0.376899,-0.274182,0.111070,-0.353854,-0.271335,0.209573,-0.365376,-0.272758,0.183797,-0.396382,-0.247111,0.209019,-0.409035,-0.199786,0.232937,-0.402308,-0.243134
2026-07-16 16:36:08.460,345.099671,0.000000,0.000000,0.000000,0.307976,-0.374855,-0.273637,0.110990,-0.351895,-0.269953,0.209483,-0.363375,-0.271795,0.183698,-0.394338,-0.246566,0.209130,-0.406019,-0.199104,0.232838,-0.400264,-0.242589
2026-07-16 16:36:08.560,345.199671,0.000000,0.000000,0.000000,0.308242,-0.380051,-0.274139,0.111237,-0.357004,-0.271316,0.209739,-0.368528,-0.272727,0.183945,-0.399447,-0.247929,0.209150,-0.412019,-0.201413,0.233085,-0.405373,-0.243952
2026-07-16 16:36:08.660,345.299671,0.000000,0.000000,0.000000,0.293522,-0.394660,-0.261443,0.097203,-0.364993,-0.258685,0.195362,-0.379826,-0.260064,0.168460,-0.408371,-0.233751,0.192984,-0.421255,-0.186848,0.217127,-0.417016,-0.229577
2026-07-16 16:36:08.760,345.399671,0.000000,0.000000,0.000000,0.308094,-0.376986,-0.273321,0.111089,-0.353939,-0.270499,0.209591,-0.365462,-0.271910,0.183797,-0.396382,-0.247111,0.209001,-0.408953,-0.200595,0.232937,-0.402308,-0.243134
2026-07-16 16:36:08.860,345.499671,0.000000,0.000000,0.000000,0.293268,-0.404946,-0.262721,0.097407,-0.373266,-0.260823,0.195337,-0.389106,-0.261772,0.168337,-0.418638,-0.235930,0.193074,-0.430540,-0.188989,0.217217,-0.426302,-0.231718
2026-07-16 16:36:08.960,345.599670,0.000000,0.000000,0.000000,0.293218,-0.399788,-0.261531,0.097243,-0.369120,-0.259637,0.195230,-0.384454,-0.260584,0.168500,-0.412497,-0.234703,0.193024,-0.425382,-0.187800,0.216890,-0.422107,-0.230572
2026-07-16 16:36:09.060,345.699670,0.000000,0.000000,0.000000,0.308448,-0.376965,-0.274422,0.111138,-0.354960,-0.270771,0.209793,-0.365963,-0.272596,0.184021,-0.396416,-0.247311,0.209051,-0.409975,-0.200868,0.232986,-0.403329,-0.243407
2026-07-16 16:36:09.160,345.799670,0.000000,0.000000,0.000000,0.287749,-0.398332,-0.273227,0.092254,-0.364781,-0.270776,0.190002,-0.381556,-0.272001,0.162568,-0.410921,-0.247073,0.187019,-0.424573,-0.200460,0.211318,-0.419442,-0.243003
2026-07-16 16:36:09.260,345.899670,0.000000,0.000000,0.000000,0.308547,-0.379009,-0.274967,0.111311,-0.355989,-0.271277,0.209929,-0.367499,-0.273122,0.184120,-0.398460,-0.247857,0.209150,-0.412019,-0.201413,0.233085,-0.405373,-0.243952
