time,twist,height,volume
17.262,0.0,46.51992747475895,18.229369659082614
17.362,0.027293585759871064,46.50409913965849,18.729060784964993
17.462,0.05157081323748969,46.491646501833735,19.092105852328565
17.562,0.07372121736356263,46.48507803595939,19.210250253794257
17.662,0.0936603374540681,46.485362338639504,19.05992576941508
17.762,0.11052222702271308,46.49149463731503,18.72358900880208
17.862,0.12449421749787604,46.50073339213878,18.3594915777944
17.962,0.13720222660293757,46.50956626364575,18.12933904395328
18.062,0.14865908006134276,46.515020380412636,18.12410691228645
18.162,0.15312655206960102,46.51573120650235,18.32479108267477
18.262,0.13893199163571524,46.512339319447975,18.611568736301507
18.362,0.09452809401361861,46.50710634170895,18.81743097772103
18.462,0.017726421518716506,46.502922033586714,18.809857103294114
18.562,-0.07751337221672827,46.5020661705038,18.567348025089338
18.662,-0.1606679217600231,46.50519865666243,18.209232069663813
18.762,-0.19110686478395422,46.510998156030176,17.957102483410218
18.862,-0.1293641167012538,46.51659258548615,18.046302551699803
18.962,0.04991334930086566,46.51857294499236,18.632095721433565
19.062,0.346758514443799,46.51420237487027,19.728653548280064
19.162,0.7298635231161938,46.50247297658189,21.19484143800726
19.262,1.1390048632909355,46.48474694991321,22.762642314791343
19.362,1.4977339502056353,46.46472694443388,24.099363921500974
19.462,1.7339033070295642,46.447558939415956,24.895846194384177
19.562,1.8004619741150378,46.43817745937984,24.96535535854226
19.662,1.688160629574412,46.43947800252106,24.316568166249915
19.762,1.4263183668085162,46.451161095293315,23.153440971911174
19.862,1.07275074550909,46.46985858856829,21.78734159604543
19.962,0.6963627598109596,46.490529475242404,20.50748453983082
20.062,0.35758673489588233,46.508453197023634,19.48524134178716
20.162,0.0938715550830338,46.520848344078054,18.75678675956415
20.262,-0.08352869493918291,46.52741706015949,18.270883770463755
20.362,-0.18183238778013333,46.529763926825495,17.954537655831743
20.462,-0.21591745537186569,46.53019238265783,17.755090565402945
20.562,-0.20254297643943175,46.530535419606075,17.64612008359847
20.662,-0.16044922065270129,46.531483785008874,17.61116703025065
20.762,-0.11076256008333729,46.532561450747444,17.628505245567347
20.862,-0.07323625736647443,46.53262982078961,17.67102036491395
20.962,-0.05970802367785666,46.5306360269374,17.718380484413757
21.062,-0.06950709617184714,46.52627337002957,17.768107973063394
21.162,-0.09003170634839819,46.52029083472907,17.834570397500592
21.262,-0.10249220636050183,46.51433280222966,17.935567192974517
21.362,-0.090569955038724,46.51035690799246,18.075960735114187
21.462,-0.04848778857774505,46.50984581062525,18.239975094733204
21.562,0.015281451871778984,46.513162131865954,18.39635297866173
21.662,0.08069700480548647,46.51937516319992,18.50984234119003
21.762,0.1239397648957663,46.52663653721332,18.550410863979586
21.862,0.1268195606945426,46.53286871006099,18.500180511202764
21.962,0.08449859123009418,46.53642107375919,18.36349279748461
22.062,0.009021013426583124,46.536467820284585,18.177641478773083
22.162,-0.07360050535421436,46.53308540208049,18.011214594903514
22.262,-0.13340553547101308,46.52706038796123,17.941037752348585
22.362,-0.150022395427321,46.51956796151482,18.016521400665056
22.462,-0.1221886076692229,46.51190355926078,18.233009428734192
22.562,-0.06702583609591528,46.505371823658706,18.53087320482227
22.662,-0.009630379233136921,46.50126391520781,18.8206830649585
22.762,0.030102678649015502,46.50073669229338,19.02044020465933
22.862,0.045985961352400295,46.50447961822171,19.086575969178533
22.962,0.04644108619868348,46.51228395573097,19.026127046852785
23.062,0.04953860774666907,46.522802406212506,18.88822378106468
23.162,0.07558388799137106,46.5337170830034,18.742918582133143
23.262,0.1399111027501334,46.54228757046477,18.65931976009999
23.362,0.2475523920672842,46.54607566541044,18.69104417720571
23.462,0.39091407940411216,46.54363918500651,18.869046200802345
23.562,0.5507183090134333,46.535032390492624,19.196059917892022
23.662,0.6994179376551131,46.52195436454054,19.63791211704026
23.762,0.8064931527523385,46.50740825461964,20.116659026643624
23.862,0.8459607460967007,46.494853075207644,20.520734106206845
23.962,0.8051774413004011,46.48706209806074,20.740790965300945
24.062,0.6906100746919108,46.4851660460747,20.71425307051223
24.162,0.525559255317603,46.488411161575996,20.445112783392723
24.262,0.33988781632441345,46.49479527728761,19.985022786967278
24.362,0.15848361267297406,46.5021700920576,19.39857157369402
24.462,-0.003484032894547795,46.509123535971796,18.746135122136742
24.562,-0.1364323765185702,46.51520672746416,18.092047109528067
24.662,-0.22925293108183808,46.52057211637893,17.516309999778578
24.762,-0.2676179333747868,46.5254263847626,17.105702288966853
24.862,-0.2407495798847208,46.52969303784143,16.923093213819122
24.962,-0.15148858529121867,46.53303533182728,16.976139749656873
25.062,-0.02094754440046387,46.535125060870214,17.20912310747193
25.162,0.11699487257197205,46.53590866322031,17.526476251420398
25.262,0.22854830714597085,46.53567154714274,17.835773898311622
25.362,0.2926385831373324,46.53487916576336,18.08460886572879
25.462,0.306753517952707,46.53393048043666,18.270325467740065
25.562,0.2841151550528167,46.53297707798477,18.421387948808274
25.662,0.24471031214827121,46.53186777247146,18.56706454498073
25.762,0.2050806476274616,46.530200728302205,18.71522580751723
25.862,0.17193715694413925,46.527472004063796,18.84888815738119
25.962,0.14239623986937033,46.523335227082214,18.939631411179903
26.062,0.10976928847252054,46.51792861915656,18.96727431537721
26.162,0.07090361709845183,46.5120982047248,18.933999432790905
26.262,0.030730503922342223,46.50729756230769,18.86622901744211
26.362,0.001482819467760521,46.5050964173044,18.804091180810666
26.462,-0.002980957037905796,46.506510143563716,18.78336066834992
26.562,0.025581114868344912,46.51152429132138,18.81823945085855
26.662,0.08508077803175951,46.51906440993672,18.893692392191973
26.762,0.16294362009308117,46.52737148552576,18.97096527051876
26.862,0.23977238794186206,46.53455734925623,19.002252185060883
26.962,0.2947827012802904,46.53912992848085,18.946832993808343
27.062,0.31105028718287997,46.540364594473004,18.78344373959414
27.162,0.2793692849005751,46.53843923680296,18.518051849532306
27.262,0.20058914308793163,46.53428355710859,18.18771761467913
27.362,0.08692668722271435,46.52918009918421,17.859176038623183
27.462,-0.03779682228166337,46.52426585845414,17.619143040946554
27.562,-0.14045764871945465,46.52014693837067,17.555107850116812
27.662,-0.18565370205133291,46.51680480025732,17.728883832123834
27.762,-0.14777039497373323,46.51382992476763,18.14878500658886
27.862,-0.02407625379549927,46.51083714197177,18.75046442322398
27.962,0.1584377057281614,46.507827363805326,19.398818589332933
28.062,0.34807213835362205,46.50531545524602,19.918529571366882
28.162,0.48491915547000275,46.50415992400253,20.148515826730353
28.262,0.5229628725735722,46.50512481489925,20.002943182598123
28.362,0.4496244704081036,46.50830997622393,19.514618316561965
28.462,0.2946031516827077,46.512732573380376,18.837787748246313
28.562,0.12181313755399259,46.51640106314071,18.200558668732405
28.662,0.004082364229034852,46.51702694701014,17.82156740300246
28.762,-0.00994496035225012,46.51313277139821,17.825497935320172
28.862,0.08058039074851564,46.505010669745545,18.192606138875185
28.962,0.22917561428379685,46.494972943961805,18.763468665772145
29.062,0.3666095828693159,46.4866293891611,19.302188618210188
29.162,0.43436745755009554,46.48341441910667,19.597167271838018
29.262,0.4083846091395529,46.487053873576784,19.551934593849438
29.362,0.3034829720711514,46.496787041581236,19.21575426017524
29.462,0.16100866659032675,46.50975672873839,18.74122416427108
29.562,0.029208670016203087,46.52229548007359,18.304200110496502
29.662,-0.0539536699764156,46.53138648643155,18.035187051931736
29.762,-0.07006350233145753,46.535624499634636,17.987534942469203
29.862,-0.020961266715310956,46.53537732857023,18.13979397603378
29.962,0.0767161390353337,46.53225392773318,18.41945754837056
30.062,0.19976334410767294,46.52824189967341,18.73679119639786
30.162,0.32622964963151446,46.524928925592135,19.018120771954607
30.262,0.4404794527321627,46.52308835255456,19.227419137496867
30.362,0.5342059901505465,46.522681520939585,19.368943277190382
30.462,0.6035602558190831,46.52313990629321,19.471794411140195
30.562,0.6446841666082008,46.52372078328959,19.56511403422057
30.662,0.6516225482921385,46.523773503925035,19.6575956950389
30.762,0.6191500763241748,46.522862971209435,19.73340737824679
30.862,0.5483028249560249,46.520814127312825,19.765218298392938
30.962,0.4491572620516848,46.51777544616477,19.732110773349504
31.062,0.33784383781083704,46.514303066080515,19.629639801643528
31.162,0.23019612306538306,46.51134742261162,19.469255911238307
31.262,0.13680710134106278,46.510037837274766,19.270559381848948
31.362,0.06197218482877531,46.5113030161281,19.049461771015523
31.462,0.005341786792342873,46.51548989888333,18.806394373587615
31.562,-0.036330439324601116,46.52215032382792,18.522754103640615
31.662,-0.06834699296025093,46.530078740053604,18.173307059958134
31.762,-0.09685794845469786,46.537585356973054,17.752012603278494
31.862,-0.12608647709042486,46.542928649956444,17.295139733975518
31.962,-0.15500268827918262,46.54479803274197,16.88331294692769
32.062,-0.17588994031844862,46.542707055729444,16.61816076302246
32.162,-0.17655296727925673,46.53715288992194,16.585899497089443
32.262,-0.1461275698363238,46.52946194942663,16.824741110731644
32.362,-0.08234927855944818,46.52136536078918,17.306949904424613
32.462,0.003730239235615329,46.51446689122801,17.939705226354654
32.562,0.08929345691607438,46.5098106747292,18.585277459072458
32.662,0.14762832025665062,46.507701803739415,19.09663634636651
32.762,0.15813714321242145,46.50781437436683,19.357842974225647
32.862,0.11374128885927348,46.50949702923081,19.315691593349747
32.962,0.023852667504108638,46.51210433252031,18.994604189223622
33.062,-0.08692778330726725,46.515188178155896,18.492756496403963
33.162,-0.18487079535643858,46.51848854408057,17.95711078249463
33.262,-0.23827175352157326,46.5217984575422,17.537896478288346
33.362,-0.2305036836361225,46.52484291110783,17.336256149620205
33.462,-0.16805352858759903,46.52727388106505,17.369522312775146
33.562,-0.07788952770405189,46.528789469314894,17.572677368575185
33.662,0.00498854209766364,46.52929372533231,17.835183867911752
33.762,0.05272048634004278,46.528974744963385,18.053063235621835
33.862,0.054579293310922594,46.52822607972562,18.169282168313536
33.962,0.018199956782481763,46.52744669323817,18.185647281074658
34.062,-0.0364693774609961,46.52684580579446,18.147577902441512
34.162,-0.08645761711679256,46.526380957531735,18.114993774954634
34.262,-0.1143442826762282,46.525867459813675,18.133312425500726
34.362,-0.11353127538204433,46.52517596119659,18.2137014463381
34.462,-0.089210593026543,46.524367979008815,18.327697516154124
34.562,-0.05524174831889894,46.52366578997905,18.41896441140713
34.662,-0.028055269874940336,46.52329249531113,18.43002903476617
34.762,-0.019605056396308385,46.52333354908176,18.333190394173634
34.862,-0.03207291373499288,46.52374039536483,18.149504704036346
34.962,-0.05685605433236418,46.52444261022636,17.944286824370863
35.062,-0.07884448111228437,46.52542389247421,17.799689041706472
35.162,-0.08417484125953933,46.52666797369541,17.77742419624819
35.262,-0.06715234586481955,46.52802660447245,17.89037169037553
35.362,-0.032447305046261476,46.52914464543794,18.096607104611884
35.462,0.007901924866722254,46.52952865311267,18.31717431744059
35.562,0.04002850113843692,46.528735808932176,18.468376161884933
35.662,0.05328566544702085,46.52659316950981,18.494551607685928
35.762,0.04308641868342988,46.523356537773786,18.38741693242416
35.862,0.011199829447392062,46.51973723342362,18.1838517642865
35.962,-0.03558769325309186,46.51674811111403,17.94530364952123
36.062,-0.0869765639100919,46.51538177306448,17.731701236485783
36.162,-0.13047760469287084,46.516228306768696,17.58296365389799
36.262,-0.15384172337251556,46.51920087191969,17.513033419375773
36.362,-0.14931779539362822,46.523515800616345,17.51332700865342
36.462,-0.11785156250135742,46.52796927619104,17.560374347393015
36.562,-0.07006855120140187,46.53140219368725,17.624714611493488
36.662,-0.022582625770972697,46.533129731875114,17.680551404128643
36.762,0.009107229289639918,46.53312007999205,17.716040713239316
36.862,0.01797393383063195,46.53184767922188,17.74177087518852
36.962,0.00909768454275195,46.52993575005486,17.791228196449282
37.062,-0.003303290643032142,46.52782089799679,17.907078403240526
37.162,-0.004580720380864989,46.525638629659724,18.114977058862273
37.262,0.01090018346314281,46.523364231823294,18.397423522920818
37.362,0.03530136436947373,46.52106451338423,18.684369417266844
37.462,0.05017247764519084,46.51904721189246,18.870882934037326
37.562,0.03455612836298627,46.51778524076326,18.8578361056288
37.662,-0.026021313788788802,46.51767104615706,18.596472662416012
37.762,-0.13334894981708345,46.51877498696057,18.113328204284947
37.862,-0.2744753697861171,46.52075626410938,17.504496511808533
37.962,-0.42339630495667535,46.52295714732985,16.90697894096543
38.062,-0.54582200977665,46.52460467672215,16.463488135120087
38.162,-0.6065578407943235,46.52500614032968,16.292677165538684
38.262,-0.5785635289533815,46.523665181815545,16.46779383526401
38.362,-0.4516247254202881,46.52033413312818,17.001841139636937
38.462,-0.23759730095245857,46.51507424332851,17.839598464161092
38.562,0.030301065524248827,46.50835658948376,18.861160244679
38.662,0.30429783621480055,46.50114066148709,19.90041114939166
38.762,0.5327361168285449,46.49480503088584,20.776149913072928
38.862,0.6717915379510444,46.49083585931922,21.330186790647133
38.962,0.695839107281131,46.49032395623998,21.46536072405371
39.062,0.6040321355540783,46.49351079051787,21.172006694883578
39.162,0.4207416846204879,46.49967023025542,20.528996273940898
39.262,0.1890764390130073,46.507404861682836,19.675749132964675
39.362,-0.04065399439443951,46.515151999929486,18.769495570069957
39.462,-0.22373105385177894,46.521615294742716,17.94893429467099
39.562,-0.3312018263151586,46.52598552891217,17.31497051599814
39.662,-0.3549567291620406,46.527979313518244,16.924884996836887
39.762,-0.30678181101606583,46.527774726278714,16.79223517557938
39.862,-0.21182316180810545,46.52589671587297,16.890211459500698
39.962,-0.09886822319659672,46.523071729831045,17.160444004438006
40.062,0.008240187172255276,46.5200607168989,17.527038269095584
40.162,0.09432452510120015,46.5174983816529,17.9116431462623
40.262,0.15159976625504612,46.515784226039706,18.24544885547519
40.362,0.17678385729439583,46.51504911388378,18.477316673989392
40.462,0.17003763333855204,46.51518074077717,18.579215708228517
40.562,0.13607718710943573,46.51588273773695,18.54895843450047
40.662,0.08492679322842633,46.51676055217365,18.40823725908809
40.762,0.03010028501682882,46.51742833448872,18.19506638765459
40.862,-0.01505367864754703,46.517608291679416,17.95411788115414
40.962,-0.0401370356894617,46.517184733731,17.73028836874927
41.062,-0.038252041690626015,46.51620069630197,17.566430461229572
41.162,-0.005727636151739546,46.51482245823272,17.500787029385997
41.262,0.056913012397295404,46.51330635251554,17.560028134903057
41.362,0.14299186798903918,46.511970723022934,17.749176568981675
41.462,0.23930885531449064,46.51114237500474,18.044298689631752
41.562,0.32914071499639164,46.51106159236759,18.393687114676787
41.662,0.39733218883465327,46.51178170463916,18.729458502517183
41.762,0.4347704661813907,46.513122137195204,18.987586990787136
41.862,0.4407569896047079,46.51470077865944,19.131063720270255
41.962,0.42295651405137136,46.516029055675716,19.166655931430782
42.062,0.39452969318971753,46.51664069994471,19.14403208221674
42.162,0.36880746310717427,46.51622414069522,19.133168401799814
42.262,0.3539638699017118,46.51472105221998,19.189428201820114
42.362,0.3506947287076727,46.51236078531644,19.323899931604494
42.462,0.35347939183236576,46.509627832584805,19.49340610025864
42.562,0.35347673463310514,46.50717269664023,19.61528188231859
42.662,0.3413748164783428,46.50566524093724,19.60285739970538
42.762,0.31022781134479516,46.50559946883445,19.408737512495577
42.862,0.25839938024623166,46.50711114533409,19.05530444019169
42.962,0.1912663812401263,46.50990084758765,18.633634750286426
43.062,0.12008459296615825,46.513306536603594,18.26895214714652
43.162,0.0581435523249354,46.51649027279668,18.07140193132887
43.262,0.01587629212417596,46.518673217912486,18.09637871018873
43.362,-0.003230193702670192,46.519365214070255,18.32756233601024
43.462,-0.004258610838121513,46.51853797688561,18.68407640528092
43.562,0.0011566065675765458,46.5166792057657,19.04829071321022
43.662,-0.00026392212662074144,46.5146735848578,19.30507170185423
43.762,-0.01862991475091036,46.51351076171301,19.375218823938468
43.862,-0.05867758282066404,46.51390782895946,19.2285252327505
43.962,-0.11960173026808008,46.5160013120561,18.879074911570612
44.062,-0.19461894314801498,46.5192562209917,18.37762727925677
44.162,-0.2699680815451089,46.522650979239465,17.808207201949358
44.262,-0.32598343701725696,46.52507078007787,17.281077756717494
44.362,-0.3426181325424693,46.52574286547328,16.912283807595884
44.462,-0.30822669510731515,46.52452670771974,16.791323178810785
44.562,-0.22693611886219145,46.52193772157904,16.94965069120152
44.662,-0.11966885724011433,46.51890194898171,17.34488903116292
44.762,-0.017351211811153178,46.51635923783894,17.86934326270964
44.862,0.05040171785283576,46.51489762914277,18.381524614674873
44.962,0.06550643062061567,46.514578389186276,18.750442758451527
45.062,0.026507390653264906,46.51501131535502,18.896750430468764
45.162,-0.05210743764924075,46.515612509954416,18.81464031372233
45.262,-0.14478358151877302,46.51589000438302,18.56646254318006
45.362,-0.22194903932747678,46.515614158359945,18.25558884077474
45.462,-0.2575413161092186,46.51483028714328,17.992106662469766
45.562,-0.23566445861275298,46.51377229415671,17.863938449471874
45.662,-0.15531566164164445,46.51276033859637,17.917586443872608
45.762,-0.03214265544317385,46.512125874112094,18.146974281021066
45.862,0.10396445102855978,46.51216384724507,18.48964048925132
45.962,0.2160159251156415,46.51309265250224,18.83416199502203
46.062,0.27056101443984915,46.51500645243581,19.04548222521403
46.162,0.24882715521140852,46.517824431959156,19.009934257055413
46.262,0.15475006202311192,46.52125843337559,18.687362215128942
46.362,0.01647827782669964,46.524821042884824,18.142919334414138
46.462,-0.12111046187285979,46.52789086899302,17.533523670897637
46.562,-0.21229421113417857,46.52984659947568,17.049523276649794
46.662,-0.2289556313324681,46.53025958489841,16.840710546807905
46.762,-0.17211543815674446,46.52908204081408,16.96217784342116
46.862,-0.06980164619258744,46.52671698156368,17.35972928650589
46.962,0.03723369782064623,46.523885404248325,17.895674012403056
47.062,0.1135802472066132,46.521335951935214,18.403665578266455
47.162,0.14228797134320104,46.51955876814169,18.752071416254296
47.262,0.1285660178934478,46.51865208972027,18.889152577049344
47.362,0.09404661790408397,46.518378732402056,18.849196946339234
47.462,0.0647448176734784,46.51835037131054,18.71944372895198
47.562,0.057981341569586675,46.518241282127576,18.589055611253478
47.662,0.07401453371599587,46.51794404871169,18.50707818427076
47.762,0.0961239546238275,46.51761286890654,18.46629295248333
47.862,0.09907557836729808,46.517583614755324,18.415679390077123
47.962,0.06200112479892539,46.51820705303705,18.292962742276927
48.062,-0.02059105109508863,46.51966825672933,18.061047229819557
48.162,-0.13530794059023066,46.52186980936096,17.730243983553507
48.262,-0.2554602178794383,46.52442645004206,17.356194340545542
48.362,-0.35201477398302927,46.526777490256265,17.018040035373573
48.462,-0.4036391786743394,46.52838215134341,16.790987594579413
48.562,-0.40180910635901057,46.528921583868986,16.72485475976839
48.662,-0.3512174494182929,46.52841877800618,16.831560026305915
48.762,-0.26757293657791337,46.52722945051203,17.080771237839407
48.862,-0.17358976538044146,46.5259148525327,17.406130308759444
48.962,-0.0929856892608214,46.52503172355261,17.72532019689654
49.062,-0.04378669289835102,46.524890060587666,17.96863905150814
49.162,-0.03381163220080907,46.525379624099926,18.101021930137257
49.262,-0.06003546598656584,46.52599374853231,18.125751574842738
49.362,-0.11086358226550885,46.526084203839886,18.072554826443415
49.462,-0.1693012155718776,46.525209732462116,17.98210452414844
49.562,-0.21596405552541142,46.52336475453114,17.895875940969724
49.662,-0.23202411730996886,46.520962439296625,17.852724127079533
49.762,-0.20259039294452919,46.51860065475786,17.888841251251236
49.862,-0.12068641285500803,46.51674844805831,18.0362330513736
49.962,0.009194110874943817,46.51551871115863,18.315957293311612
50.062,0.17009472635837142,46.5146442294364,18.725956051632934
50.162,0.33556144574565394,46.5136709459627,19.227287877633678
50.262,0.4755784801591645,46.51227053046337,19.735587714374944
50.362,0.5632758533498219,46.51050262256251,20.127687147175763
50.462,0.581240001354999,46.508858684687034,20.27317462395171
50.562,0.5267618685229394,46.508028012752376,20.0877337620542
50.662,0.41370356098279615,46.50851923969895,19.58149247044821
50.762,0.26814491657019346,46.51039220735528,18.86679220590281
50.862,0.11871338590963632,46.51325582744068,18.115107381734525
50.962,-0.01260906260328909,46.51645536803364,17.4910466727273
51.062,-0.1134971107949383,46.519265099554865,17.103082806995012
51.162,-0.17812598435301652,46.521016818938925,16.988951067610166
51.262,-0.20296315002792653,46.521238475229154,17.126825999790086
51.362,-0.1860845754872713,46.5198388301463,17.45493764778979
51.462,-0.13025942571198357,46.517222597517005,17.889704449971873
51.562,-0.04652031644985044,46.51418942140914,18.341693017164268
51.662,0.04569983671432709,46.51161907930728,18.73214406538802
51.762,0.12364940824581083,46.51011178851609,19.01033772160065
51.862,0.16952111888733867,46.509787723249104,19.166243484780814
51.962,0.17695814357065842,46.510346819801825,19.229036644856073
52.062,0.15167393101603466,46.51132687199426,19.246988888929202
52.162,0.10626046877650452,46.512378565858924,19.257395788512355
52.262,0.05322226162333976,46.51338427528938,19.264917156174427
52.362,0.0008332390665799494,46.5143763214539,19.2427590672333
52.462,-0.04627851350048928,46.515357859778945,19.15643634278709
52.562,-0.08348112647077244,46.51618981502534,18.99498190373202
52.662,-0.10324125384693161,46.51664487181761,18.788431985534423
52.762,-0.09618647686508552,46.5165864056235,18.598540168341437
52.862,-0.05605217260421824,46.51611373739568,18.488725607922213
52.962,0.015188596839848856,46.515533853914924,18.494143438755856
53.062,0.106296810884416,46.51516033472936,18.610376471032858
53.162,0.20070097641162477,46.51506961482463,18.803442704205317
53.262,0.28195919785910206,46.514974867714905,19.028834556769922
53.362,0.3366148339799935,46.51432507149999,19.244034596119015
53.462,0.3541524490740855,46.51262467525318,19.409544339647816
53.562,0.3278624724621366,46.509817280983285,19.488501552341724
53.662,0.2595273220450025,46.50648059066029,19.45743075880513
53.762,0.16508731645990338,46.50366313109507,19.324609985548733
53.862,0.07414552486485348,46.502436090410555,19.136078986174077
53.962,0.019145753520689368,46.50343257516703,18.955357616001393
54.062,0.01871221763787645,46.50662268335792,18.82709697086424
54.162,0.0658708544184492,46.51137426142674,18.75039536793333
54.262,0.1295216541259947,46.51667680044087,18.680614203327437
54.362,0.16883837158966486,46.52138879797195,18.558853382413233
54.462,0.1524959207507024,46.52446616859699,18.350150524766534
54.562,0.07250756306168427,46.52520118100988,18.064955463112945
54.662,-0.05381366653392661,46.52345719327589,17.750260662037782
54.762,-0.19313685347972154,46.51978310408716,17.461089938722942
54.862,-0.3098159049167464,46.5152781045634,17.237702846571338
54.962,-0.3762754662475558,46.511211083040344,17.1035579413372
55.062,-0.37699027605466284,46.50857254484861,17.076116311213887
55.162,-0.3084823310967124,46.50778559011763,17.17191471623081
55.262,-0.17916319416727333,46.50868283712129,17.397309017024448
55.362,-0.009723483880172523,46.51068790439429,17.733020889554034
55.462,0.1686856698295287,46.51306545059886,18.12737749175345
55.562,0.32090075228403236,46.51513897209831,18.50682046744609
55.662,0.41771126690227334,46.51643555352483,18.80063829945601
55.762,0.4452313462621973,46.51675340990474,18.967287682002443
55.862,0.4092033128527959,46.51617090918934,19.006839923919912
55.962,0.33200161426871944,46.51500935204946,18.95266888152645
56.062,0.24386431519598517,46.513727603016875,18.85121003754908
56.162,0.17239312456727163,46.512742744382244,18.74467892529111
56.262,0.13383884173576632,46.51225477964508,18.6619172414445
56.362,0.12827351535694476,46.512192324542724,18.613238170017027
56.462,0.14032920440626384,46.5123271736398,18.58757568102469
56.562,0.14597024823643068,46.51249698499797,18.555327217475238
56.662,0.12304347648649383,46.512800504313766,18.47924347930943
56.762,0.06150818982772677,46.51362565988808,18.33111331145227
56.862,-0.030731853374540208,46.51546314770675,18.107331082312996
56.962,-0.12939470542129072,46.51859662721552,17.834581738828582
57.062,-0.20323727662877644,46.522834321985385,17.561876722833517
57.162,-0.22769725857715883,46.52742292618382,17.344178837615587
57.262,-0.19607107361846232,46.53121364954393,17.22698924002796
57.362,-0.12229110477568383,46.53305195993307,17.23758270644351
57.462,-0.03402236117682378,46.532242722825465,17.381718140948536
57.562,0.03956519091419608,46.52887136851486,17.640913284821515
57.662,0.0785673717962041,46.52381362808079,17.96922433354723
57.762,0.07730727672907989,46.51841855660659,18.296506704819052
57.862,0.04345765017150427,46.514008751790634,18.546032602950596
57.962,-0.00632412780662861,46.51142324194085,18.66370962909628
58.062,-0.05200601895919732,46.51079400888958,18.643971517950725
58.162,-0.07579266694828135,46.51162207050792,18.5352622522378
58.262,-0.06726004997118196,46.51307857583563,18.41756816630172
58.362,-0.0274910781668396,46.514369514368006,18.35987615644627
58.462,0.029346852699532633,46.51500031408884,18.379065026697518
58.562,0.07928206605269139,46.514853143813255,18.42572977557444
58.662,0.09728090363714159,46.51409920364865,18.410551756143107
58.762,0.06812725802139141,46.51304292763781,18.258922665552355
58.862,-0.006343099042908307,46.511997913291076,17.958922079714014
58.962,-0.10731196722867509,46.51124052064661,17.57144875976045
59.062,-0.20525950641830093,46.51101869747617,17.200871823774023
59.162,-0.2688291867006356,46.51155542624938,16.9503243781463
59.262,-0.2735253238723061,46.51300035661806,16.88638810439319
59.362,-0.20848231551578777,46.51533123094992,17.02391172380839
59.462,-0.07931294828253499,46.51825501762536,17.330826745528555
59.562,0.09380276521208941,46.52118683986442,17.746651475268827
59.662,0.28087164286082356,46.52337182121406,18.203210563112414
59.762,0.4472248572564652,46.52414162937726,18.636611128105848
59.862,0.559004646429031,46.52319494326648,18.989258722108616
59.962,0.5901732485824738,46.52074488330092,19.210752396779064
60.062,0.5300955860393586,46.51743940590477,19.265465349639044
60.162,0.3883224849172109,46.514090773919094,19.144507407701738
60.262,0.1936273031116471,46.51135916722174,18.873207794253815
60.362,-0.01288673917361649,46.50955542190959,18.50904090784409
60.462,-0.1881652755175267,46.508642666793726,18.132327884033998
60.562,-0.2978234927619354,46.50838956076992,17.83300176236169
60.662,-0.32458427901241294,46.50855848542646,17.69215401956773
60.762,-0.2729002815943318,46.509028527142505,17.757206612206105
60.862,-0.16811290632865195,46.50980628840212,18.01782905691457
60.962,-0.049259807334784966,46.51093291247305,18.396900484805315
61.062,0.04262684377940218,46.51235347672026,18.76728849177168
61.162,0.07627254036508901,46.51384962100555,18.99227808601396
61.262,0.03783094333198278,46.51509548004587,18.974607606887787
61.362,-0.06685235819217183,46.515792670476145,18.694514279445663
61.462,-0.21422401585155626,46.51577818574405,18.22229553689789
61.562,-0.36771488806428465,46.5150507497999,17.70067778173908
61.662,-0.4849734204130627,46.51375166393643,17.301256009054015
61.762,-0.5284440803429291,46.51214719442684,17.166602101941358
61.862,-0.4782370556972282,46.51060008186909,17.35599906334653
61.962,-0.3423125879661981,46.50949136832206,17.815377954091197
62.062,-0.15751035726054852,46.509097023499145,18.38765572601241
62.162,0.021177204544329697,46.509478851333775,18.86690570798956
62.262,0.1391944826404128,46.510458561794074,19.07887756042632
62.362,0.16111402800261487,46.511698756454166,18.95071026755442
62.462,0.08251924271590383,46.51284707476892,18.533780039580066
62.562,-0.0684485996030304,46.513664860064274,17.97159664758216
62.662,-0.24023983303587926,46.51408578326947,17.436686987694877
62.762,-0.37529488709145653,46.51420078127826,17.07034706463977
62.862,-0.4299392859318445,46.51420220311548,16.94664037001892
62.962,-0.3887933093481024,46.51432864587306,17.064363340682775
63.062,-0.2676094449440214,46.51482586719937,17.36021107265094
63.162,-0.10445732873129998,46.51589141857824,17.734016895747025
63.262,0.055078046873028086,46.51756389331343,18.078523490820558
63.362,0.17188927670562748,46.519595135292576,18.307889914221263
63.462,0.22276319720911175,46.521431374142914,18.379302689659745
63.562,0.2044796655271881,46.522399213547544,18.301634319276808
63.662,0.1326395576611361,46.522035536743985,18.12719867205233
63.762,0.035314696231004916,46.520361197696076,17.928214835382796
63.862,-0.057462911402687666,46.51791868597356,17.765503618871982
63.962,-0.12552434532628354,46.515555106922896,17.661045190368213
64.062,-0.16677368336738851,46.514082761675,17.587771514110855
64.162,-0.19662305914187073,46.51398379406361,17.485522361805074
64.262,-0.23738791087136946,46.51526466367155,17.299034407971902
64.362,-0.3026119954210884,46.517479094284674,17.01938091066493
64.462,-0.3848571704501822,46.51987165135026,16.705877765980198
64.562,-0.4538580325956403,46.521575115760555,16.475254068377588
64.662,-0.46681768523087186,46.52181862885719,16.46199153248967
64.762,-0.3870423512380725,46.520130513444535,16.76609849813339
64.862,-0.2030378061086111,46.51651525990158,17.406613488998673
64.962,0.061003862495098815,46.51155188568817,18.2960044383262
65.062,0.34917242202832455,46.50633685120209,19.247699684753165
65.162,0.5910300918507971,46.50222252149769,20.022734569833503
65.262,0.7242903205936386,46.500395389850574,20.406164929682923
65.362,0.7138689341767019,46.50144716596422,20.28473194401903
65.462,0.5616318601288626,46.50512899176869,19.69030920101349
65.562,0.30528404921395946,46.510403836624555,18.78830274319815
65.662,0.007137046539369862,46.51577246315759,17.81755341490127
65.762,-0.26457003698163817,46.5197332774803,17.010407770673453
65.862,-0.45592992841507396,46.521206020155375,16.526130097786393
65.962,-0.5412201214065107,46.51979857338669,16.41826286716448
66.062,-0.5249661724303039,46.5158697740225,16.63850385197545
66.162,-0.4332673231778372,46.510391784424314,17.067801726494764
66.262,-0.30047218355871763,46.504646694258355,17.56166765570326
66.362,-0.15758696230091118,46.49983504053328,17.996134813298994
66.462,-0.02592599284548669,46.49672834769854,18.300311849956387
66.562,0.08349599897047,46.495509403898396,18.464142807609463
66.662,0.16648014195354932,46.495863839400265,18.520136706444866
66.762,0.22112090859981492,46.49724675165841,18.51195882316219
66.862,0.24538264035463442,46.49915292190281,18.469370135504526
66.962,0.23815115882023008,46.50125124908647,18.401100404044882
67.062,0.20236948769577623,46.50337629509246,18.302197106887476
67.162,0.14699604322410664,46.50547684128162,18.164697131136165
67.262,0.08515937267524976,46.507602966519414,17.985055154019413
67.362,0.029024212043438524,46.50990526965387,17.769282623598706
67.462,-0.01476467938923065,46.512555676898614,17.53750405491663
67.562,-0.04494569743246046,46.51556077499767,17.32576562015658
67.662,-0.06057790922005779,46.51857006321551,17.18181253480995
67.762,-0.05565985899900028,46.520852166268334,17.154099705552618
67.862,-0.01904126090414593,46.52153908213717,17.276171787910727
67.962,0.05901280018589716,46.52005535401855,17.551113167238924
68.062,0.17794950222378247,46.51649049999706,17.94249043758787
68.162,0.32202310233422793,46.51167631152385,18.376572241465524
68.262,0.4624996094261107,46.50690675003199,18.756422862344408
68.362,0.5653211286020152,46.503452768518635,18.985013657470475
68.462,0.6001857815770464,46.50212227116071,18.99148982112292
68.562,0.5480321702144622,46.50304907465737,18.751950393661673
68.662,0.40623099338246504,46.505742028537355,18.297607285312786
68.762,0.19171901053135088,46.509306667658315,17.709526641116227
68.862,-0.05861647713216911,46.51272486835342,17.10407201401111
68.962,-0.2922483243937677,46.5151116643319,16.61279669156933
69.062,-0.4519588358620936,46.51590639594199,16.35753317258453
69.162,-0.49300047830796956,46.5149738548285,16.42052341438862
69.262,-0.4012451335205611,46.51259811377709,16.813597592337935
69.362,-0.2030604835522425,46.509364898490645,17.45825182962735
69.462,0.040465210827640874,46.505959848447354,18.193112416747148
69.562,0.25392918590006275,46.50295636761583,18.817845360617255
69.662,0.37346043974799414,46.50069209471579,19.161909922611876
69.762,0.36759904202698124,46.499285454546204,19.147420475672774
69.862,0.24725917304714784,46.498736139294905,18.81651117020617
69.962,0.06279109666456151,46.49899061000989,18.313709139316586
70.062,-0.11230642347359776,46.499912599527356,17.834383247203412
70.162,-0.20824942426887105,46.50121679934265,17.560307315414732
70.262,-0.18669941280087698,46.5024741444358,17.603654421159895
70.362,-0.05559005158935548,46.50323936281791,17.973637343354525
70.462,0.13644554400251963,46.503251166575446,18.57079797856379
70.562,0.32133306194640454,46.50258843008477,19.210564013892103
70.662,0.4370390174150529,46.50166899823147,19.67741312989242
70.762,0.4475701697471237,46.50105446794834,19.80073128209473
70.862,0.35250821931947485,46.50113665200935,19.52365679812651
70.962,0.18479431304596972,46.50186653219346,18.929184817621916
71.062,-0.0018175008128196168,46.50270114714124,18.20812195785191
71.162,-0.15166650714512997,46.50286995318836,17.585457204539992
71.262,-0.22616693181983294,46.50189441616138,17.239757624438347
71.362,-0.2157789814050517,46.5000849641977,17.246686110897016
71.462,-0.14020862456299454,46.49863962106712,17.562634755061502
71.562,-0.037489901469712095,46.49913009010774,18.048680861858223
71.662,0.05180086246083704,46.50253787947779,18.522258181441877
71.762,0.09735743234961092,46.50833032172829,18.816049375274538
71.862,0.08496812643764429,46.51410928727522,18.824965749417792
71.962,0.016906206681163383,46.51613935646255,18.531770271421927
72.062,-0.08964348979575476,46.51075769635247,18.010180500935384
72.162,-0.20533115091109977,46.496403187059606,17.405504566100177
72.262,-0.2944534081408179,46.47572489145748,16.894052563360994
72.362,-0.3244628588277223,46.456906706387215,16.63016527617637
72.462,-0.2764167471490566,46.45318140537708,16.697347974793274
72.562,-0.152262984406363,46.479844883834986,17.07941990723601
72.662,0.02389909069827212,46.549059162057695,17.661509955977493
72.762,0.211685943333336,46.66407118468587,18.264604323390714
72.862,0.36627985378184036,46.81548927460313,18.707705063324987
72.962,0.4519971228454551,46.98205754843218,18.87555034698169
73.062,0.45200870696577056,47.13647328033514,18.759889312178792
73.162,0.37121653735599125,47.25406394822324,18.45418989301764
73.262,0.23319750419691587,47.32057998593655,18.108633119180148
73.362,0.073880542194658,47.33614911451303,17.871279040094066
73.462,-0.06622631363658371,47.31462571571032,17.840937813769855
73.562,-0.15104910457213094,47.27933729020434,18.04475971689005
73.662,-0.1589777734820501,47.25680609732885,18.441286920757427
73.762,-0.0912369196003624,47.26987333786659,18.94320516914165
73.862,0.026252188441119984,47.33152638961148,19.450769651239412
73.962,0.15070304045325145,47.44093186609121,19.884672206375306
74.062,0.2380478216413735,47.58335769710448,20.207977399326843
74.162,0.2596066369358425,47.735020985395266,20.430952186922383
74.262,0.2120767625019866,47.87191602275337,20.597745319242172
74.362,0.11616432109039465,47.979176114043064,20.759935528174978
74.462,0.004832496321704127,48.05651641265604,20.948421814557015
74.562,-0.09242315274216395,48.11703329565346,21.157391548312944
74.662,-0.16073946249112225,48.1800834593249,21.3496685042768
74.762,-0.2009769119986089,48.26193750816816,21.48322744305996
74.862,-0.22172852803807075,48.36889417002798,21.546207113566
74.962,-0.22860874479481197,48.49615529865193,21.579049218408542
75.062,-0.21792838962210936,48.63250850419185,21.66779151957784
75.162,-0.17839070902989107,48.76746370476965,21.91073117515039
75.262,-0.09951179069130944,48.89634539027367,22.37618401085747
75.362,0.018502534900669332,49.020899258087944,23.0716709125846
75.462,0.15988039664707543,49.14643622058028,23.93787140056577
75.562,0.29692587394621484,49.27849416580944,24.86925564313824
75.662,0.4000930088048733,49.42111555732413,25.750499564970717
75.762,0.4488235469853805,49.5764362062325,26.491246417541078
75.862,0.4385360801528506,49.74400814642829,27.04752855505904
75.962,0.38216140083439143,49.919393875099836,27.4286866385211
76.062,0.3062499561305714,50.09349218146055,27.69262609976601
76.162,0.24228903053415252,50.254271052749836,27.930852600506803
76.262,0.21519015032075828,50.39075280191138,28.24486665438969
76.362,0.23280717843014997,50.49731302279649,28.71828239060966
76.462,0.28120924597116925,50.57628480546532,29.391819344273657
76.562,0.3289189180295722,50.637931114512305,30.24820862638517
76.662,0.33957071532894645,50.697795476822364,31.210681063353675
76.762,0.288172562862016,50.77218333023991,32.15649018132745
76.862,0.17360722225157588,50.873396395070316,32.94744170724351
76.962,0.021020414090131112,51.00668164255418,33.47588909960172
77.062,-0.12736746873258653,51.16992670464924,33.71348406500804
77.162,-0.2283387498304208,51.3556736778698,33.740154479647934
77.262,-0.2529043567754883,51.554290959875075,33.733607338563054
77.362,-0.1950228501741691,51.75710160442907,33.915844625451385
77.462,-0.07277288845212126,51.958327076559,34.474106439899536
77.562,0.07637998472296914,52.1552004064316,35.48764095566893
77.662,0.20475961454120295,52.3467607140692,36.89043798356005
77.762,0.2666603381528674,52.5325734379896,38.485649072732386
77.862,0.23066187039086117,52.71211719529322,40.00890961367034
77.962,0.08857946932698724,52.88478428385775,41.220062864841864
78.062,-0.1412075483406383,53.05036394625022,41.98795824399727
78.162,-0.416984647691379,53.209920679933695,42.33049269514969
78.262,-0.6837659690856057,53.366487288545805,42.391888287500564
78.362,-0.8888586033021895,53.524740384742415,42.37273226743068
78.462,-0.9984793693267591,53.68948013207166,42.450790381280115
78.562,-1.0088942744226514,53.8635918102482,42.72730744375481
78.662,-0.9470989392265352,54.046535788560554,43.21400532253614
78.762,-0.8603655879712448,54.23436357267133,43.85874529609461
78.862,-0.7982488418247868,54.42164423129571,44.59743073628394
78.962,-0.7935367704521425,54.604476177318844,45.408469184010954
79.062,-0.8498252089141047,54.78296533560395,46.33669750199968
79.162,-0.9418241170314161,54.96194724459795,47.46408549202714
79.262,-1.0293530928360681,55.149563577329765,48.839524559386206
79.362,-1.0786967980867956,55.353780039346184,50.41341800797028
79.462,-1.0800766259564227,55.577607365920706,52.0242846775884
79.562,-1.0522710870338088,55.81503049979981,53.45198037203785
79.662,-1.03385156372768,56.050263791269614,54.509388174669226
79.762,-1.0675386770249276,56.26179623034845,55.12129746909531
79.862,-1.1847854292538145,56.43038015633626,55.351265500751424
79.962,-1.3949154970541144,56.54797631915081,55.37140744819958
80.062,-1.6816081963926308,56.62356226309205,55.39646609226587
80.162,-2.0084786850276117,56.682439288407785,55.609141449889265
80.262,-2.3322371158997868,56.75853718593975,56.09978277840524
80.362,-2.617778643745126,56.88277206477107,56.840451611611186
80.462,-2.8483445406468206,57.072466444609155,57.70658477965378
80.562,-3.0265077188764806,57.3262191559951,58.5421253546684
80.662,-3.166008133026679,57.62607362158252,59.240592286390466
80.762,-3.2787249609791616,57.94561295996621,59.80015340886433
80.862,-3.3642907839788734,58.26010264675001,60.31963586128839
80.962,-3.409458931598863,58.55429884503878,60.935000972999276
81.062,-3.3985492252922,58.8252792026058,61.73234840676729
81.162,-3.328529811645744,59.08031062431713,62.68755650093861
81.262,-3.2190057148108338,59.33165579058445,63.666200702272505
81.362,-3.1109497641646797,59.5907989539162,64.4844861508676
81.462,-3.0547196607954135,59.86421397155248,65.00033583024877
81.562,-3.0930439220248545,60.15183973071594,65.18627557903442
81.662,-3.2463545425676514,60.44823959584151,65.14333788202103
81.762,-3.506120734099383,60.74548657524665,65.04997620263136
81.862,-3.837623696646922,61.03638675662582,65.08187174722671
81.962,-4.189344357874823,61.31681735809429,65.35412995006418
82.062,-4.504648780560757,61.5865895437629,65.91336593285956
82.162,-4.733245824694393,61.84890513225996,66.76573495844521
82.262,-4.84222524931802,62.10887267147317,67.90234536638502
82.362,-4.825875226444346,62.37167789173933,69.29357518583404
82.462,-4.710253892765756,62.64087394960523,70.85891489948914
82.562,-4.547662145658691,62.91705110414325,72.4480289800501
82.662,-4.400715687517618,63.19708719571521,73.86637935057132
82.762,-4.321809572539067,63.47421852879704,74.947602093162
82.862,-4.336156784048839,63.739230824884864,75.63756223841203
82.962,-4.434663458887755,63.98298181548277,76.03857982096388
83.062,-4.578958892168579,64.19988783772351,76.38445228197754
83.162,-4.7164724598102055,64.39112612503594,76.96274984741507
83.262,-4.79970009307236,64.56582427020363,78.02680766356234
83.362,-4.802488918654831,64.73889697392205,79.72636490678403
83.462,-4.72786024221265,64.9256630247705,82.0623240792662
83.562,-4.605200468760039,65.13552170654384,84.8684095250494
83.662,-4.478434445530382,65.3680912040925,87.83265493913349
83.762,-4.390377776213846,65.61387807425632,90.57057807860404
83.862,-4.369862859512736,65.85873990805742,92.74183305555557
83.962,-4.4258767740442835,66.08944693814136,94.17147805019482
84.062,-4.5487606782171355,66.2976651661326,94.91557203224706
84.162,-4.7159818936300795,66.4812322474223,95.22677077406502
84.262,-4.899722971595011,66.64341255862001,95.43306956303766
84.362,-5.073757177811345,66.79142209205372,95.79834278628785
84.462,-5.217486871793142,66.93469236036498,96.43921379241336
84.562,-5.316790623389949,67.0826440188163,97.32913159374814
84.662,-5.36366901056212,67.24219760701705,98.3648031072727
84.762,-5.356845222741704,67.4159123872596,99.44064996515938
84.862,-5.303054259673843,67.60150553111428,100.48905445569557
84.962,-5.216784220684431,67.79298855929231,101.48090979587283
85.062,-5.116857006595687,67.98320925977889,102.41001572953569
85.162,-5.020467818138826,68.16683408158107,103.28727932863112
85.262,-4.937333502460923,68.34207173704054,104.15056949460441
85.362,-4.867270340782817,68.51004197268456,105.07207460703836
85.462,-4.803199178443897,68.67264759182468,106.13848026204613
85.562,-4.73851881108191,68.83097296164131,107.40018860188232
85.662,-4.674574130536882,68.98520954070648,108.81870557759524
85.762,-4.623241629049758,69.13546591318956,110.25320386320087
85.862,-4.602872357505788,69.28261360079013,111.50406759145534
85.962,-4.630256348265988,69.42898431138575,112.39529517270253
86.062,-4.712676643555071,69.57857882609879,112.85726727247726
86.162,-4.842574615208747,69.73578318591605,112.97150809275539
86.262,-4.9964145337001895,69.90213690980727,112.95247689246528
86.362,-5.139751365951163,70.07264506437342,113.06668413767127
86.462,-5.239000367103387,70.23456323971295,113.5216243351278
86.562,-5.275688141259749,70.37084140464594,114.37710724245787
86.662,-5.255395860415376,70.4677226399798,115.52225354449322
86.762,-5.205883623626342,70.52302600889757,116.72685952606892
86.862,-5.165286965962082,70.55038185229718,117.73820142746024
86.962,-5.166183312500259,70.57621953833622,118.37639332870646
87.062,-5.222107666465284,70.62991622806406,118.59107368239773
87.162,-5.321083753410157,70.73123506304493,118.46779991265149
87.262,-5.4280275675396155,70.88106231008373,118.19434380477077
87.362,-5.4955167001620495,71.06023035015814,118.00492094678162
87.462,-5.480295581648548,71.23708068372171,118.11829893971094
87.562,-5.360573837174712,71.37974930618937,118.6819462741924
87.662,-5.147332783877957,71.46713497972029,119.73179515796977
87.762,-4.88364342980605,71.49423996723912,121.17422223971016
87.862,-4.630805772208433,71.47119214117471,122.79400301453907
87.962,-4.446651923729185,71.41812012275335,124.29346053104467
88.062,-4.365022312311645,71.35891426289936,125.37068925973384
88.162,-4.384231939465778,71.31608100927683,125.83077948392645
88.262,-4.468268959551082,71.30738934395384,125.68736562629431
88.362,-4.559984242809193,71.3438190743275,125.18861828567549
88.462,-4.601536057303811,71.4280674695346,124.73342653446952
88.562,-4.554797379110809,71.55353997370051,124.71045684524555
88.662,-4.414763381525532,71.70468699638832,125.3347790106871
88.762,-4.211859090522381,71.85981947216952,126.55209485948788
88.862,-4.002464216263078,71.996580994241,128.0524880111735
88.962,-3.8501631662672438,72.09850672903994,129.3966745993828
89.062,-3.8033866587947216,72.1599287609053,130.2048667177426
89.162,-3.8772328323326875,72.1869912712035,130.3157830480331
89.262,-4.04669656973622,72.19435232813338,129.83626089812907
89.362,-4.254750916763754,72.19890774741073,129.07115814413328
89.462,-4.432674579053909,72.21265561647404,128.38818010448023
89.562,-4.5243482916255005,72.23675799901189,128.08351356851293
89.662,-4.504393551307572,72.25854915743604,128.28817872267388
89.762,-4.383270087279982,72.25287600345668,128.93359433648212
89.862,-4.198654024682661,72.18831007582328,129.78422251294842
89.962,-3.998206368921835,72.03708099958108,130.52607409205086
90.062,-3.8215227005437384,71.78548207784756,130.87506358947965
90.162,-3.687706875717666,71.44028642250456,130.6628030275218
90.262,-3.5913911187370005,71.02779926648606,129.87431751309802
90.362,-3.506968800876834,70.58555850786065,128.63362274081743
90.462,-3.399145981518366,70.15028144758864,127.14806274788793
90.562,-3.2364937617440006,69.74710537698799,125.63324969180229
90.662,-3.003223583622706,69.38404216482081,124.24642893204077
90.762,-2.704572730676361,69.0529178157335,123.05143264852683
90.862,-2.364033791597393,68.73526504164401,122.02314710864252
90.962,-2.0144676871758094,68.41002527437439,121.08129191701178
91.062,-1.6872944985241958,68.06010961414059,120.13172409953941
91.162,-1.403852360993838,67.67618536639783,119.09564542915055
91.262,-1.1714741487727949,67.2574284785493,117.92243005628768
91.362,-0.9844900240508849,66.80991446732217,116.59513893274288
91.462,-0.8282323054399612,66.34374682493636,115.13336384717317
91.562,-0.6835151363260579,65.87009931732479,113.58587805777071
91.662,-0.5300115666875271,65.39930266437493,112.00928223263651
91.762,-0.34835091825537745,64.94062036142421,110.44521027945015
91.862,-0.12170757406447308,64.50295493651839,108.9131973474544
91.962,0.16222312378338444,64.09442474821836,107.42395888675483
92.062,0.5086858461577393,63.71954302978176,106.00331879432585
92.162,0.9138462871962361,63.37547123131668,104.70903128773259
92.262,1.3652343675546206,63.05072692378645,103.62437365932632
92.362,1.8456649668918317,62.72864678343936,102.82586510187872
92.462,2.3389917235545283,62.39454665644546,102.33886369491107
92.562,2.834175013622051,62.04258120674976,102.10051846869152
92.662,3.3252662008686116,61.678149877575095,101.94451890896794
92.762,3.8081366855662964,61.31442001624634,101.61586743344976
92.862,4.277302463421059,60.96507882433454,100.82003703853312
92.962,4.725929270310324,60.637452891581674,99.30371141221968
93.062,5.149338133499711,60.32956349374282,96.94837572944186
93.162,5.549676553831425,60.03205515118127,93.83956802156914
93.262,5.939156691798267,59.733024781922424,90.27198100065678
93.362,6.340693680317081,59.422471754473,86.67601249376818
93.462,6.785317404992199,59.094015173877835,83.4907769448108
93.562,7.304921117106332,58.74372194970854,81.03196893468922
93.662,7.920030916604986,58.36777521325294,79.39883692712885
93.762,8.62716828639864,57.96125611134381,78.44836378632799
93.862,9.394077162461343,57.51942816453181,77.84924878039153
93.962,10.167546158398629,57.041221531345286,77.20622511496242
94.062,10.890332662274666,56.5330611660099,76.21146367986415
94.162,11.518857164388635,56.010678113623946,74.75512346321202
94.262,12.034799261677687,55.49743140836878,72.94203769651932
94.362,12.447819683279334,55.019331817280154,71.01500098253366
94.462,12.7895391447007,54.59842131606179,69.23638415136728
94.562,13.100463924159893,54.246981330554995,67.79017469256107
94.662,13.413616213124335,53.9649342609624,66.73759925588908
94.762,13.741043980823676,53.74136509711797,66.0236194122846
94.862,14.069265166432679,53.55901435551767,65.51475792704784
94.962,14.365680091334067,53.39958898742679,65.05035274595306
95.062,14.592558864314014,53.248231542398635,64.49482827006318
95.162,14.721873365564406,53.09618912153144,63.77936901685126
95.262,14.744587545917618,52.941005543644316,62.91960801072929
95.362,14.671353595710713,52.78427416792427,62.000020144998985
95.462,14.525813301433377,52.62836279252816,61.13102605715896
95.562,14.334898815171154,52.47414122761593,60.401193553710414
95.662,14.121434582989142,52.320621391214104,59.847456785864296
95.762,13.902330640031956,52.165762506495646,59.45193841384058
95.862,13.691423560144305,52.0073922434049,59.159987576762774
95.962,13.502346278657338,51.844247875554025,58.906805070482335
96.062,13.347116077694846,51.6776960845062,58.638151672586346
96.162,13.230817196328161,51.51364930329143,58.316721238677644
96.262,13.14743884434342,51.36286040666104,57.918617102873654
96.362,13.081740338001957,51.23823245980096,57.43195190506418
96.462,13.017125379464726,51.1500731976681,56.86291457194562
96.562,12.944423589075619,51.10206345111542,56.24184412300373
96.662,12.865406557284405,51.09020208735202,55.619359783328306
96.762,12.788732647144776,51.10481271847575,55.053153939443206
96.862,12.72175466172795,51.133956552479425,54.59471295453872
96.962,12.66438611333037,51.166397137521024,54.28172256943718
97.062,12.608996694684436,51.19315751672704,54.13433111874461
97.162,12.545508311557523,51.2078006505762,54.15184314976966
97.262,12.467179309827571,51.20629737932118,54.308369463694206
97.362,12.372300860466318,51.18748545309874,54.547347171721256
97.462,12.26038536880337,51.15460134474781,54.7787477485213
97.562,12.125859555563942,51.117387414813635,54.88881646287457
97.662,11.954080136436016,51.093374008953475,54.77092673138637
97.762,11.722594682671183,51.10672727057819,54.37250906359719
97.862,11.407187984383796,51.18386791005203,53.735917303883355
97.962,10.989766903920895,51.34673778344195,53.00507916913293
98.062,10.464354795919348,51.60640505434883,52.382810186755876
98.162,9.838429581979604,51.960436944871546,52.05091403314873
98.262,9.129206936697326,52.396001352310535,52.089649931349385
98.362,8.35708356601124,52.89729911391422,52.43834228184048
98.462,7.539949637335134,53.45299018876046,52.92244047667383
98.562,6.691911600490805,54.059130819371845,53.34205423903484
98.662,5.827867407073626,54.71584233443066,53.58289906874829
98.762,4.971273789251114,55.419614607094154,53.68948674005772
98.862,4.158422006447793,56.15580499970501,53.85388436456485
98.962,3.432762877601135,56.89611760074674,54.32303443975583
99.062,2.8294515661792374,57.603378587480854,55.279966621442
99.162,2.3592788139181735,58.24218139239599,56.768641089335304
99.262,2.003802575942096,58.79100544931709,58.699636440291385
99.362,1.7256073486847683,59.25043177677526,60.91900004870131
99.462,1.4862727690638025,59.64343994381914,63.28336563622412
99.562,1.2606208700990607,60.0071599128832,65.69189126061639
99.662,1.0413007300402484,60.37939765131771,68.07329235800533
99.762,0.83579103495385,60.78555084133234,70.36517773646436
99.862,0.6612878244116445,61.23099342939387,72.5163312736959
99.962,0.5407460887177038,61.70127916282846,74.50970587950495
100.062,0.4994975998438491,62.16915598411833,76.38382740831146
100.162,0.5600457419274179,62.6049272936659,78.23163361083405
100.262,0.7340330038297367,62.98608557718525,80.16671033352442
100.362,1.014097573682342,63.303143292911855,82.26436421706818
100.462,1.3711893237538249,63.56019235966374,84.50655038224147
100.562,1.7611758781423106,63.77047414055785,86.76904831820019
100.662,2.138549275725751,63.94925417561181,88.87105963505404
100.762,2.469938745334396,64.10780287528947,90.66794123753853
100.862,2.7405077036864967,64.25153725697857,92.1347146443887
100.962,2.9513132634645984,64.38217918824212,93.388259509174
101.062,3.1107437417538293,64.50087309147794,94.63080136548164
101.162,3.225107791633768,64.60939353535929,96.04227258070497
101.262,3.2930096509792506,64.70933732184193,97.6793616168989
101.362,3.306560677851053,64.80146888614452,99.44021613101911
101.462,3.2589164052362776,64.88691879473235,101.11862622394742
101.562,3.152825045284686,64.96929266350188,102.51210635179106
101.662,3.003367123255309,65.05484890664114,103.50866371999496
101.762,2.832524464424907,65.14920690191843,104.09919267882805
101.862,2.659878328077312,65.25246512670333,104.329161650309
101.962,2.496482544019493,65.35643535859543,104.24805090461882
102.062,2.3458202360598293,65.44618224320529,103.89978042063314
102.162,2.209934051036093,65.50513029704906,103.34916874260347
102.262,2.09503462587989,65.52118883220216,102.707556375498
102.362,2.011805575738009,65.49129214522613,102.12668861680024
102.462,1.9700788928237358,65.42291508795581,101.75938803637851
102.562,1.9714799522341835,65.33271063373121,101.7091268532665
102.662,2.004225528942385,65.24339656771764,101.99264432986782
102.762,2.0426428345028924,65.17974873414428,102.52922196404785
102.862,2.0523555299352125,65.16373943845021,103.16095639507861
102.962,2.000463569685863,65.2089305187024,103.69958816501591
103.062,1.8677806705735662,65.31548985862293,103.98373897363757
103.162,1.658294042144007,65.46830524733822,103.92545806873161
103.262,1.4011718445947992,65.64016170685608,103.53422730049189
103.362,1.1433047255322109,65.79967669171363,102.91797169890097
103.462,0.9345090676326464,65.92098893499154,102.26089544923683
103.562,0.8111635386694189,65.99103845886646,101.77507818942837
103.662,0.7847813173019276,66.01160352800517,101.6312835866219
103.762,0.8390986225880681,65.99602368250252,101.89076914086678
103.862,0.9353168966739815,65.96279875166525,102.46839140555876
103.962,1.0231619234313527,65.92897316773693,103.14988549650482
104.062,1.0549439825302755,65.90559831619167,103.66476864404635
104.162,0.9989495194300204,65.89629379236351,103.78806151665762
104.262,0.8477924969582062,65.89863529498541,103.42389444825085
104.362,0.6186874714179069,65.90724399825488,102.63102620533813
104.462,0.3461838410820448,65.91719292190267,101.58710640239927
104.562,0.07150316815621949,65.92652694317748,100.52684108670834
104.662,-0.16664948321358253,65.93711312922426,99.69243647383344
104.762,-0.33748304636171866,65.95359481902399,99.30301072057374
104.862,-0.4203479255372429,65.98081423081535,99.52348515732838
104.962,-0.40535357557640594,66.0205533749543,100.42213862495481
105.062,-0.2936091513405472,66.06874650866395,101.93414840113765
105.162,-0.09790178673696204,66.11441444555261,103.8612657147844
105.262,0.1563433461586854,66.14132484857078,105.9208295237467
105.362,0.43158241592293933,66.13256379592279,107.82595075964662
105.462,0.6826417498285267,66.07682771511374,109.3601678325455
105.562,0.8661684940335732,65.97390238590567,110.41798663761318
105.662,0.9526591770009389,65.83652733933285,111.00660778845312
105.762,0.9356601134548441,65.68736008960165,111.22226005529217
105.862,0.8331078843025068,65.55242085133705,111.21632026597447
105.962,0.6801657558715348,65.45425583432362,111.1577785659345
106.062,0.5176932234771527,65.40761261766885,111.19244663123368
106.162,0.38177096589206627,65.41832686792183,111.40303659715283
106.262,0.2976154424218578,65.48438499467812,111.782482254451
106.362,0.2781981382093761,65.59795226460814,112.23421146843535
106.462,0.32549151678860255,65.74804877883548,112.60588601102103
106.562,0.4313378314475571,65.9241001597307,112.7535268199266
106.662,0.5764676537386819,66.1198457407051,112.61826089158669
106.762,0.7296840742419448,66.33573489492667,112.27691840144598
106.862,0.8511806890933187,66.57780189286973,111.92557850408036
106.962,0.9013992564704694,66.8528190332366,111.79553795689165
107.062,0.8522295840362517,67.16189107170442,112.05330781576038
107.162,0.6958145664051401,67.49584590711,112.74427161125863
107.262,0.44815721776710404,67.8353565294477,113.79883811044712
107.362,0.14634234303137816,68.15677881177196,115.07509376533778
107.462,-0.16140927973638952,68.44148266790474,116.3988792955937
107.562,-0.4314136087117859,68.68376846962336,117.58367469584417
107.662,-0.6400473228899841,68.89282646098134,118.44564306582001
107.762,-0.7912256245312719,69.08772733884851,118.83879789770523
107.862,-0.9116226412829818,69.28832396290683,118.70839826256076
107.962,-1.0360548380630306,69.50656562965749,118.12837154039283
108.062,-1.1901131704840253,69.74172674007305,117.29030288373562
108.162,-1.3779272061724868,69.98078204399637,116.44428185744158
108.262,-1.5804794161980382,70.20314618940426,115.820049784654
108.362,-1.7649290033559382,70.38774320697955,115.56161104417563
108.462,-1.899584048243753,70.51966733452012,115.69935028794058
108.562,-1.9661306018445046,70.59387498404777,116.1709006963701
108.662,-1.963255476458734,70.61491683767319,116.88334396682293
108.762,-1.9019460222134796,70.5938939131918,117.78518592928353
108.862,-1.7976856341503051,70.54499494534086,118.90304268316564
108.962,-1.6657444055659454,70.4834658797995,120.31466767680956
109.062,-1.5231639260606187,70.42531935294721,122.07166953011128
109.162,-1.3961649596281305,70.38761355921274,124.11907365845502
109.262,-1.3264542281642946,70.3875434764671,126.25955765062432
109.362,-1.3678992677550852,70.43916338914383,128.18432077879223
109.462,-1.5697690641738262,70.54799350137685,129.56096368381841
109.562,-1.9525814160250476,70.70538143313738,130.1447487757944
109.662,-2.4899477980353737,70.8855375051515,129.86965128805238
109.762,-3.1079538491691636,71.04795377322327,128.88281640491172
109.862,-3.703743343512045,71.14602477850957,127.50689475382742
109.962,-4.174848777880115,71.13961201412494,126.14109657546828
110.062,-4.4471971602664695,71.00682519884604,125.1348940360241
110.162,-4.492841510130276,70.75027061590183,124.6787137299882
110.262,-4.333550138817984,70.39551428358422,124.74937681822573
110.362,-4.030012898587458,69.98280996392454,125.13027554316866
110.462,-3.659828959833007,69.55541569003117,125.50288789431221
110.562,-3.291953272195016,69.1484239368694,125.5774027602549
110.662,-2.967688426745262,68.78136685989612,125.20660340131676
110.762,-2.695105469493882,68.45649868730457,124.43092744818429
110.862,-2.456901151831431,68.16287391551376,123.4388378354056
110.962,-2.2257975535367933,67.8843287026709,122.47099898995782
111.062,-1.9790536218267434,67.60783134704403,121.72010604456031
111.162,-1.7052212636850683,67.32850065453425,121.2707567878708
111.262,-1.4019064102618373,67.04953811045831,121.09623456359509
111.362,-1.0696266919025916,66.77830273717441,121.10089663498496
111.462,-0.708444948678725,66.52153718343678,121.18068786934339
111.562,-0.31991614460502404,66.28218985386665,121.27012027732638
111.662,0.08822247213826984,66.05846966842427,121.35135862516788
111.762,0.4991501169826904,65.84448433204295,121.42301132182894
111.862,0.8891656618821813,65.63154089160403,121.4526739861929
111.962,1.2353649127291604,65.4095253334349,121.34636329516266
112.062,1.525990953376109,65.16839632503363,120.95458632377384
112.162,1.7690683374003484,64.90014335881972,120.1147375324926
112.262,1.9953951689125944,64.60108821046785,118.71366821481939
112.362,2.2533471580694027,64.2736882479996,116.74189101265685
112.462,2.595080639544797,63.92678671067085,114.30886733671917
112.562,3.0574627685460243,63.573636857838814,111.60888301836786
112.662,3.6452940098105486,63.22799158056436,108.85751683197225
112.762,4.325656249665357,62.8998790223144,106.23143922700766
112.862,5.038043742345209,62.593252780736876,103.8332391280058
112.962,5.716854971223789,62.306515644189936,101.6856282115768
113.062,6.316040765361571,62.034764089232475,99.74825974125798
113.162,6.824939617613865,61.77155146547657,97.9475025401623
113.262,7.269464127061454,61.50902111875392,96.21166639700434
113.362,7.699590129495583,61.23718389404516,94.50311893499888
113.462,8.168906760073838,60.94393455535214,92.83209898815583
113.562,8.714166236150088,60.6166093230648,91.23742258172511
113.662,9.342714263679476,60.24464311910301,89.73847275132064
113.762,10.032740045722878,59.822350562563194,88.29097851598557
113.862,10.74527490186492,59.35102926993654,86.78807925792769
113.962,11.440661149096954,58.83987817830331,85.11937764233264
114.062,12.09043709590587,58.30544565274732,83.25149102841328
114.162,12.679822128037838,57.76958401097936,81.26945572770205
114.262,13.202605252138177,57.25607006324261,79.34534458616604
114.362,13.654162738336577,56.78614429189968,77.65362030132577
114.462,14.027735880814426,56.373676890991334,76.28597076510648
114.562,14.315678379938973,56.021501118802945,75.21272287551348
114.662,14.513874052103802,55.72070527733761,74.30750392313541
114.762,14.625860839353361,55.453649231604736,73.41906638073523
114.862,14.663897676924389,55.19978860948881,72.45259413953808
114.962,14.646639988881496,54.94229442156517,71.41800425493292
115.062,14.59544851501703,54.67345146077183,70.41889432621328
115.162,14.531368724665093,54.397338040872846,69.58923767140914
115.262,14.472590998596974,54.12881641506123,69.01594619853235
115.362,14.43111050741787,53.8886360299891,68.69131204696927
115.462,14.409338335108522,53.69568645513701,68.51678678987915
115.562,14.399565029614955,53.55883000902939,68.34762658043309
115.662,14.387778613651903,53.47169912645005,68.04997037820011
115.762,14.359798208726009,53.41347164275352,67.54506912285032
115.862,14.30634471023297,53.3563614754321,66.82846456313739
115.962,14.22556861487043,53.27716177999116,65.96284570018358
116.062,14.123466696238847,53.16752538965796,65.05054821846515
116.162,14.012106291676961,53.03754760727009,64.19655848759093
116.262,13.904471905453143,52.91028498718822,63.47321268659718
116.362,13.806328870540707,52.809716009838255,62.89545823831614
116.462,13.709458355197768,52.74828440161786,62.416871761115786
116.562,13.592612725472847,52.72026728895044,61.9563469847844
116.662,13.4329829400174,52.70408868447661,61.449917693307356
116.762,13.223415854615904,52.67241671677563,60.89840783609624
116.862,12.984740327806364,52.60540720721889,60.37713015798836
116.962,12.76331509256335,52.50104369967963,59.99821370091141
117.062,12.611974072453108,52.37774575182395,59.84666336864022
117.162,12.56341872456479,52.267865122489646,59.92458419115286
117.262,12.610938903414635,52.20499107315782,60.13186643748591
117.362,12.707062836294092,52.21119052782606,60.29480919858891
117.462,12.779882208083958,52.29038807446365,60.23422449012773
117.562,12.758093024447607,52.43042265885997,59.84572688340889
117.662,12.593905256305057,52.611205408125564,59.153384707362065
117.762,12.275876967690799,52.813670957362255,58.30608027240282
117.862,11.827995957156872,53.02551018107443,57.51718125096677
117.962,11.29623727266042,53.242969053135155,56.98079607641894
118.062,10.72911526543421,53.47012460763163,56.805291578492486
118.162,10.161210876775048,53.71697990022018,56.98651539316754
118.262,9.60534288961939,53.99685315872634,57.42075382291185
118.362,9.052958365495936,54.32331229597563,57.94606872638829
118.462,8.479485872504455,54.70727340458115,58.39798549128999
118.562,7.852931384781108,55.155001871065,58.66398913881258
118.662,7.145546710671788,55.66719662917896,58.71996636952318
118.762,6.346846687534224,56.23856065020004,58.634926419257965
118.862,5.47335798582403,56.8571462425256,58.541498276228666
118.962,4.569921523299946,57.50354257108326,58.586138230953026
119.062,3.700313016516894,58.151008678411486,58.883994765707826
119.162,2.9295452809404168,58.768082871957866,59.4984521840652
119.262,2.3042442167895487,59.32436033682362,60.446719938637514
119.362,1.8393060794251994,59.79824264423796,61.71563134515516
119.462,1.5168753793010552,60.18379845745123,63.270370594382
119.562,1.2975951814610625,60.49350074916309,65.05435940970109
119.662,1.1380350430436579,60.754776517805986,66.99704674166996
119.762,1.0064554687007643,61.000953755069325,69.04611497694003
119.862,0.8915543638692327,61.26031007251219,71.21322133317156
119.962,0.802580352037296,61.5481719390006,73.59230380452425
120.062,0.7622792578754272,61.864969120187396,76.31485011122204
120.162,0.7962815022118193,62.199554362943566,79.45287759390452
120.262,0.9231637797433123,62.5350669594708,82.92819723660801
120.362,1.147642977937167,62.85494313460069,86.49053544930125
120.462,1.4566168983892709,63.14760872697075,89.7822247736787
120.562,1.8175975089016774,63.408734801215004,92.45372903146483
120.662,2.1818132063794593,63.6403687753918,94.27547731729913
120.762,2.495098186035065,63.84755563742178,95.20924205282063
120.862,2.7152507125542016,64.03451885152978,95.42524258963238
120.962,2.8283209777280547,64.20253258544147,95.26081438317678
121.062,2.854671823453586,64.3499867726762,95.12470750226109
121.162,2.8404530782227226,64.47349904941535,95.37105708923212
121.262,2.8376914446478168,64.5689250935914,96.18756948429152
121.362,2.8821333706634036,64.63234810308884,97.54286379012505
121.462,2.9795296149336608,64.66183115598513,99.21536637574555
121.562,3.10680599880736,64.66003808350528,100.89290145336713
121.662,3.2260937948380217,64.63656653011128,102.29986778514552
121.762,3.3023375827904147,64.60821709488391,103.29198377615307
121.862,3.3145546675083892,64.59592355103688,103.87479868379674
121.962,3.2569111109668114,64.61852108346228,104.14826863599879
122.062,3.133117889126936,64.68544567620924,104.22168231059644
122.162,2.950620664897947,64.79182789581682,104.15187564356609
122.262,2.718945810105893,64.91901416923066,103.93577142588074
122.362,2.4523079567255195,65.04104090576682,103.55219111506989
122.462,2.1728391865540218,65.13445062364191,103.0134800886556
122.562,1.9095250096975391,65.1872030639071,102.3799760566344
122.662,1.6906922730865546,65.20312597895462,101.72595401287644
122.762,1.5332424512608327,65.20044200542299,101.09431111990644
122.862,1.4349271854728585,65.20511342546536,100.48570464828897
122.962,1.3738982322567423,65.2413718166158,99.88875868647078
123.062,1.3152551514490014,65.32265184050024,99.31897390041978
123.162,1.2219299343452406,65.44626364312381,98.83445560893657
123.262,1.067630040377523,65.59422128114043,98.52508784636426
123.362,0.8493597553698891,65.74019991632564,98.4906058917339
123.462,0.5943404229776945,65.85944347254444,98.81552398857826
123.562,0.35472100155702435,65.93690420983525,99.53576754705597
123.662,0.18862967177373946,65.97030756000245,100.60028115259708
123.762,0.13570545475836582,65.96795792428831,101.8523394574499
123.862,0.20006667087000807,65.94361241027904,103.05576488726896
123.962,0.3490231710215568,65.9113744130098,103.96322214396702
124.062,0.526745175382942,65.88251369254051,104.39621219436353
124.162,0.6755747198036204,65.86446519339692,104.30177491636849
124.262,0.7558968947915901,65.86108920488643,103.76444318028211
124.362,0.7574071196176604,65.87304980743448,102.97224344801207
124.462,0.6987436595522567,65.89764343857632,102.15493532920854
124.562,0.6170842221049995,65.9281433072703,101.52146954601794
124.662,0.5526630911468828,65.95342418542711,101.21686142022635
124.762,0.53429724364468,65.95901333986556,101.30451336742411
124.862,0.5709245590828829,65.93040263513967,101.77047031510045
124.962,0.6515014647948476,65.85832640902616,102.54356232760354
125.062,0.7523231890509692,65.7442120848753,103.52331961120328
125.162,0.8479335643422559,65.60299080157753,104.60468804517924
125.262,0.920553641736106,65.46074206089584,105.69311948305631
125.362,0.9642883231228438,65.34669432390037,106.71425835262298
125.462,0.9833851825515296,65.28234251460671,107.62258682015388
125.562,0.9865493693218781,65.27283996690386,108.40091231361856
125.662,0.9808457822390366,65.3051903989097,109.04211338565881
125.762,0.968815116483448,65.35419558343187,109.52719708271701
125.862,0.9504328916133673,65.39321532403301,109.82969525931668
125.962,0.9279548751804043,65.40501318970597,109.9545955970365
126.062,0.9093132242210444,65.38857544027573,109.97823136679489
126.162,0.9069294908450019,65.35972663501832,110.04491024710816
126.262,0.9324763294810126,65.34567809632246,110.31278432024783
126.362,0.9908960983679194,65.3757249928094,110.8825473083412
126.462,1.0771184475489761,65.4715694270395,111.74659908653555
126.562,1.1770165920685969,65.64076839468251,112.77506718443422
126.662,1.271413074953621,65.87553202698624,113.74071628901288
126.762,1.3401767064078527,66.15687928041955,114.38105797129242
126.862,1.3644465078458552,66.46192707014801,114.48643043087267
126.962,1.3278132238909635,66.77107100465712,113.98477205955791
127.062,1.2184598621946776,67.0724259920929,112.98410044725091
127.162,1.0325424354827035,67.36242229270078,111.7482997566801
127.262,0.7771114209454311,67.64306809820316,110.61606174845579
127.362,0.47090759306193775,67.9176064435239,109.90033985756551
127.462,0.14239171115082172,68.18671982603041,109.80558274558629
127.562,-0.17496026805660847,68.44698872410966,110.38234297810814
127.662,-0.449284642619574,68.69224835662155,111.52549147492965
127.762,-0.6572611989048482,68.91708374628328,113.01496166735308
127.862,-0.7898320025713943,69.12046753317837,114.58642736163992
127.962,-0.8555794020968648,69.30730588694072,116.00635239228524
128.062,-0.8801862598423469,69.48677272426909,117.12490812536012
128.162,-0.9000063677927628,69.66805745457451,117.89497026288993
128.262,-0.9494326865006215,69.85538112725354,118.36329683818911
128.362,-1.0459257362444845,70.04448502145355,118.64657507064055
128.462,-1.180453243538743,70.22247750788878,118.89906715970335
128.562,-1.3202260297359416,70.3717034376953,119.27202267829651
128.662,-1.423887246501863,70.47620245970528,119.86823897193463
128.762,-1.4614406424443658,70.52779712553681,120.70445621712994
128.862,-1.4286057727439498,70.52933607325845,121.6980403398926
128.962,-1.3496941171968473,70.49450781951015,122.68809418428313
129.062,-1.2700068257437422,70.44510953426816,123.48955486220805
129.162,-1.2426235996311519,70.40682861736865,123.96599814191731
129.262,-1.3142358721265452,70.40402037580171,124.09276228007462
129.362,-1.5129542949341044,70.45362200675805,123.97463045890396
129.462,-1.8398884741793324,70.5588324717281,123.79922346145
129.562,-2.266189513238885,70.7044023044927,123.74700149966617
129.662,-2.73740369286935,70.85639210791655,123.90883895951345
129.762,-3.1855845812264434,70.96869319336471,124.25658596724364
129.862,-3.5460690192956577,70.99576011483319,124.67849346778638
129.962,-3.7730620634923326,70.90714782712591,125.05183424818824
130.062,-3.8490093182087293,70.69746872670657,125.30104932154705
130.162,-3.785475166955557,70.3872111937696,125.4031196133094
130.262,-3.6153586586258655,70.01433284603907,125.35036853504059
130.362,-3.3788309955616143,69.62064353929165,125.12005257661528
130.462,-3.1088669767447286,69.23869890470898,124.68845238093519
130.562,-2.8231682562525364,68.88410895011046,124.07880230473114
130.662,-2.525538454469263,68.55556220408593,123.39621978491488
130.762,-2.214414395684585,68.24143357333134,122.80800194499471
130.862,-1.8929636631272828,67.92902243224742,122.46687550923656
130.962,-1.574649343211334,67.6117757134779,122.42043648597229
131.062,-1.2803471353447122,67.29160799272533,122.57091451327787
131.162,-1.0279506003335754,66.97637301414903,122.72494502595191
131.262,-0.8204641390254608,66.6748917275354,122.71074666959746
131.362,-0.6399010897182293,66.39257728649748,122.48381792998018
131.462,-0.4509078014604384,66.12969486609333,122.14534420264349
131.562,-0.21273349627306004,65.88273337491647,121.8641811282572
131.662,0.1058099646764532,65.6481223439351,121.76189959819678
131.762,0.5148537881322568,65.42648719677234,121.83315418765542
131.862,0.9999813544925686,65.22488164505569,121.9370841307165
131.962,1.5273558997226502,65.05500735264833,121.85048021018278
132.062,2.0544384458789366,64.92756921375992,121.34738292015746
132.162,2.542144119501387,64.84512884901919,120.27114427966572
132.262,2.9654828717197788,64.7967851439213,118.58305194704153
132.362,3.3208422947262477,64.75760610836791,116.38114451465157
132.462,3.6277776907226738,64.69395952749436,113.8789360675755
132.562,3.9230283832932358,64.57299939189622,111.34019789387796
132.662,4.246929045065542,64.37223560163932,108.99128038509863
132.762,4.62732619318988,64.08526662842411,106.95213347181343
132.862,5.069591263237228,63.72218925641102,105.21881368846397
132.962,5.558936538439127,63.30575031133049,103.69967614616175
133.062,6.073549057428856,62.86518983869864,102.27793680249478
133.162,6.600079734711123,62.42915131063731,100.86373783809009
133.262,7.142255585710203,62.018652185405216,99.41210696401639
133.362,7.718491623065141,61.64178307097867,97.90750663584265
133.462,8.350598273593107,61.29225439712674,96.33428164933645
133.562,9.049363806928046,60.952637111408905,94.65618934804368
133.662,9.803801378808728,60.60096142552523,92.82000933752236
133.762,10.57967095040237,60.21819956294771,90.78385499185887
133.862,11.32892986368163,59.79443514452801,88.55499367027768
133.962,12.006046648179371,59.33218575786906,86.2128267272281
134.062,12.583206645554434,58.8459123206201,83.8993524627192
134.162,13.057114228743615,58.35765311898475,81.78022416261794
134.262,13.44484756936723,57.89016161031806,79.99755606492532
134.362,13.771936914400392,57.46013137738925,78.63512607272364
134.462,14.05908362219441,57.074054154221535,77.70207961512259
134.562,14.313542362015653,56.72800878033153,77.13077724989283
134.662,14.528264279812323,56.411140547982235,76.78594666692601
134.762,14.68794360337337,56.111338648439215,76.4873644034993
134.862,14.777991953640836,55.82074535368383,76.04742922340594
134.962,14.79204388925336,55.53867803344198,75.31804455749214
135.062,14.735411686454682,55.27084333595264,74.23382446289543
135.162,14.623883751606314,55.02579224108276,72.83663820596017
135.262,14.478800035894668,54.810821347339854,71.27254166062804
135.362,14.320768682480299,54.62902321892157,69.76176592319932
135.462,14.164828467084696,54.47777473614811,68.54766276587657
135.562,14.01867233660862,54.34839800695286,67.83209080034688
135.662,13.883989297090459,54.22746812624315,67.71090692449158
135.762,13.759964360428377,54.10064829113191,68.13183852611773
135.862,13.646885336442416,53.9585926322496,68.89525290646056
135.962,13.547239527432737,53.802300651133486,69.70341502127978
136.062,13.463396590911419,53.64457090670524,70.24650259658398
136.162,13.394063012769568,53.50594080634521,70.30086968912083
136.262,13.332934946476726,53.40657607254908,69.80512779393578
136.362,13.271082813293344,53.35772844855038,68.87757075505108
136.462,13.201454464501339,53.35629406447417,67.75839925535992
136.562,13.122243335842214,53.38431368199471,66.69968395492026
136.662,13.036958451732733,53.413438847920226,65.85642268406403
136.762,12.951693517187032,53.41316811926813,65.23075604733748
136.862,12.871957959060566,53.36081250599406,64.69368614632124
136.962,12.801054563071993,53.25035978993021,64.07041430681184
137.062,12.740039007195428,53.09693887023427,63.2420755504975
137.162,12.687887738709748,52.934288754294165,62.20872936785928
137.262,12.640954089719557,52.805109018611304,61.085682040723455
137.362,12.592215892720727,52.74756065130284,60.04626487408666
137.462,12.531313148710606,52.7833200927666,59.24739673339383
137.562,12.445378047637796,52.91194779497495,58.771560987779694
137.662,12.319671496346995,53.11346478015924,58.604144660986066
137.762,12.137605997268171,53.357617111902925,58.6502185671326
137.862,11.881134089695216,53.615795133041146,58.78053179669425
137.962,11.532889697297882,53.87083918263445,58.88361681881034
138.062,11.080548567944525,54.121124524437725,58.89820601199217
138.162,10.522404974158519,54.37780729133538,58.81424107408658
138.262,9.871895119387009,54.65717722382373,58.652981053595724
138.362,9.1585799741521,54.97248950089148,58.448146832327225
138.462,8.424004961695928,55.32969482449152,58.241552179712656
138.562,7.712240278318362,55.72860250579713,58.08915205323336
138.662,7.0572206411442195,56.167153121419865,58.0637870132026
138.762,6.472081419072111,56.64470139177906,58.244364757835584
138.862,5.946349531254221,57.16180669574065,58.692329679988546
138.962,5.452845881278719,57.71710503313547,59.427385095356016
139.062,4.9604872715525445,58.303397813299775,60.41794453542468
139.162,4.446617114755377,58.90467207838761,61.59365640007877
139.262,3.904098897539434,59.495416889431056,62.873580256206154
139.362,3.3418054188848316,60.044006690112916,64.19610550955373
139.462,2.7799855170909495,60.52101706809819,65.53890262839239
139.562,2.2435209265259957,60.91000307903477,66.92216031103429
139.662,1.7563710458454693,61.2150905133702,68.39374268849984
139.762,1.339261492675881,61.460250455562246,70.00410125068089
139.862,1.010141248236927,61.679674833216474,71.78633368212721
139.962,0.7852357600437472,61.90399138979102,73.7527275357309
140.062,0.6790428106969557,62.14931804853616,75.90543268621812
140.162,0.7024100675318152,62.41403683713844,78.2467892775906
140.262,0.8576114023459311,62.683577444204666,80.77349415766916
140.362,1.130981053859351,62.939637071684714,83.45140306833905
140.462,1.4881580594533546,63.16903439287189,86.18710569478192
140.562,1.8783027890910944,63.36850600112887,88.8213515169113
140.662,2.247569724363167,63.54391630831163,91.15795719760644
140.762,2.5548494429140476,63.70483089384714,93.02090400370308
140.862,2.781908021694626,63.85772776481974,94.31869397571353
140.962,2.9341255913424433,64.00198386844554,95.09049032801363
141.062,3.0322485907115606,64.13093902134399,95.50976744952837
141.162,3.09901700449997,64.23675837557126,95.83463373045339
141.262,3.1472311003192104,64.31536568116887,96.32097466114202
141.362,3.175596744492303,64.36825953791536,97.13684604146688
141.462,3.17403544772872,64.40061856554023,98.31379507542738
141.562,3.133615227309363,64.41753492320797,99.74593015978276
141.662,3.05341234166675,64.42117565970338,101.22575534821335
141.762,2.9403175783805224,64.41102211839625,102.5040318855903
141.862,2.804136086591164,64.38743526542729,103.3655659878037
141.962,2.652974901964889,64.35640881978598,103.70250990446687
142.062,2.491741291439631,64.33192210805277,103.55195150850082
142.162,2.3236330461703645,64.3332044293852,103.07571094733564
142.262,2.1534043424986677,64.37730991605189,102.4958111393807
142.362,1.9906801993263343,64.47056480495412,102.02181733972492
142.462,1.850742025028083,64.60353795122187,101.79763986286345
142.562,1.7507637945801378,64.75269480213828,101.87607187123285
142.662,1.7024550441837718,64.88865025842837,102.2196316519565
142.762,1.7050739238468893,64.98750719695654,102.7221950519374
142.862,1.7427630949416297,65.04016026370977,103.24069817012756
142.962,1.787332922230469,65.05567967120926,103.62611530715199
143.062,1.804954221384918,65.05782563592636,103.75148785950014
143.162,1.7645867563028474,65.07635684211425,103.5405490503268
143.262,1.646406789132449,65.13620942915871,102.9929688865175
143.362,1.448490172584492,65.24815229595171,102.19149216613718
143.462,1.1894844829555709,65.40435854830305,101.28104393048861
143.562,0.9051042170385841,65.58098474959215,100.42814984540404
143.662,0.6382537581099967,65.7470367951416,99.77900318924006
143.762,0.42606819532635853,65.87567718348134,99.42694623638829
143.862,0.2894936307487228,65.95292478272826,99.39037055981652
143.962,0.22981136625492127,65.98045687378588,99.60484056657886
144.062,0.23249678070846613,65.9724794152263,99.93977159514516
144.162,0.2750846975143446,65.94903945295992,100.24232459031293
144.262,0.3347976966380628,65.92872118472945,100.3920080790506
144.362,0.3935374147251025,65.92293532328232,100.33988429680528
144.462,0.44021633948451466,65.93293254572298,100.11672048826684
144.562,0.47133866612615805,65.94985809183977,99.81329395879602
144.662,0.4901992224244367,65.9577083513948,99.54651257369648
144.762,0.5044438733531393,65.93866397405863,99.42359499506463
144.862,0.5223412730730033,65.87968377195963,99.51312175778699
144.962,0.5496605290884631,65.77849250259017,99.83304788509943
145.062,0.5892936173455254,65.64656806950131,100.36368836915464
145.162,0.6432716246980732,65.50711717121418,101.078551048677
145.262,0.7139791722788047,65.38787787778861,101.96850030056905
145.362,0.8021686207438634,65.31131269530736,103.03831397699338
145.462,0.9036290017439939,65.286534516932,104.28071334517642
145.562,1.0088004203096048,65.30670145180768,105.65329935975939
145.662,1.1067732498580654,65.35287272588205,107.07639612376954
145.762,1.1905236770295744,65.40206878111208,108.44781148501002
145.862,1.259433949681359,65.43551175171052,109.66336683047155
145.962,1.3180656635073973,65.44377620534415,110.64246848591941
146.062,1.3726571930548772,65.42799968685017,111.35848389157019
146.162,1.4270419717614402,65.39839224971962,111.85391939753794
146.262,1.4791781269739985,65.37173776853447,112.21221491571157
146.362,1.5196529819365097,65.36866506091395,112.48883936026462
146.462,1.5336668427728242,65.41042504658931,112.64894719645523
146.562,1.5067502971280646,65.51480550200677,112.56738521201947
146.662,1.4321975951496668,65.69172860006059,112.10592857413033
146.762,1.3167366399862814,65.94004840165398,111.22474378498629
146.862,1.1811647162613639,66.24697305979143,110.05395925500079
146.962,1.0542673420367592,66.59040193352796,108.87227045098874
147.062,0.9613917090131636,66.9434592961921,108.00168259293145
147.162,0.9128329818933594,67.28024493170501,107.68285537671824
147.262,0.8985562265071891,67.58168912747452,107.99977742846465
147.362,0.8922961694899669,67.83998290486798,108.8802897312174
147.462,0.8622429945683479,68.05996494101402,110.15208582890668
147.562,0.7824689974908523,68.25664134817546,111.61386052512535
147.662,0.6406440969011342,68.44940606155897,113.08891824540893
147.762,0.4406366217639288,68.65493737526579,114.44842296872602
147.862,0.20048073826886537,68.88162608597845,115.61012846063349
147.962,-0.05325709947620538,69.12791777112471,116.52747321451002
148.062,-0.2933494872086442,69.384794555817,117.18075749147545
148.162,-0.5001312358168448,69.64016340174702,117.57305439860434
148.262,-0.6678807296905944,69.88222017993414,117.72757059771723
148.362,-0.8071743155845184,70.1004404301492,117.68356831300315
148.462,-0.941221380289889,70.28520031154812,117.49249925732062
148.562,-1.0955438156233868,70.42799893658984,117.21875486149304
148.662,-1.283980675878432,70.52311597627515,116.94441041221936
148.762,-1.4980117833038165,70.56984037538386,116.76881134618324
148.862,-1.7067068414356115,70.57396047495119,116.79408064519524
148.962,-1.8696024571208554,70.5479132780793,117.09867090441332
149.062,-1.9571656056509497,70.50961603751875,117.71293666337834
149.162,-1.9679061260998196,70.4800426403053,118.61525899740522
149.262,-1.9318234612428,70.47946125979875,119.75806359054201
149.362,-1.8976610755467647,70.52242069418482,121.10684838750166
149.462,-1.9117097167856656,70.61225054775709,122.6518332499517
149.562,-2.0007751203195028,70.73680712243716,124.36571552702134
149.662,-2.167446077545094,70.86783892275922,126.13268404408313
149.762,-2.396056141693471,70.96581857001456,127.71485231202112
149.862,-2.66127256880835,70.98988884466917,128.80661891184067
149.962,-2.932911711598166,70.90956915331307,129.1610519047312
150.062,-3.1770443445290937,70.7133313130358,128.7101038843745
150.162,-3.3578004544268794,70.41063909395822,127.59858361259859
150.262,-3.443315446696893,70.0274987060978,126.11282828889273
150.362,-3.4147743468427763,69.59837708739497,124.55510377435925
150.462,-3.2734630891005594,69.1579502891538,123.13948843806554
150.562,-3.040702884675909,68.73495189011817,121.95515219747693
150.662,-2.749853825895194,68.34872571044521,120.99234373022279
150.762,-2.4344010382189936,68.0080305098466,120.19595594259525
150.862,-2.1176262830435135,67.71153518541614,119.51424792923726
150.962,-1.8076645445476558,67.44982048125703,118.92925258936404
151.062,-1.4993062654978715,67.20878749933674,118.46797799242606
151.162,-1.1814939837978997,66.97389925283242,118.19434702257422
151.262,-0.8465143256980241,66.73417050224336,118.18350992057688
151.362,-0.49532423426703076,66.48479097761314,118.48782094320788
151.462,-0.13639137508255317,66.22761850906873,119.10475071105998
151.562,0.219212591708569,65.96941681223556,119.94964246649408
151.662,0.5621700983005553,65.71870452386482,120.8384143393672
151.762,0.8876045468794942,65.4828054856333,121.49854261605114
151.862,1.1972667840213305,65.26641836755662,121.6272043722472
151.962,1.5011024414067933,65.07203311526236,120.99171412441876
152.062,1.8164845801914211,64.9013457180213,119.53476818088566
152.162,2.1640027784637965,64.75591871895641,117.427863500238
152.262,2.560479951302902,64.63573122333923,115.02865207670612
152.362,3.011685744430629,64.53619334960509,112.74669294239266
152.462,3.5083794490306843,64.44581101521285,110.87904343966994
152.562,4.028418116805092,64.34632392429275,109.49667733573784
152.662,4.544534817341145,64.21566837467287,108.43234481135605
152.762,5.034363759699332,64.03316977728103,107.36990799796519
152.862,5.4884346582583134,63.78581384454079,105.99331176892758
152.962,5.913197274284428,63.473457068833575,104.12926830451826
153.062,6.3285470600213785,63.110161108650644,101.81885808885684
153.162,6.7613728921172225,62.71995247737621,99.2863870950743
153.262,7.237553998310574,62.32811652357889,96.82641093090409
153.362,7.775094487402789,61.95180440404261,94.67160799219187
153.462,8.380926666282058,61.5943677330431,92.90965887426042
153.562,9.05216062972993,61.245909433183506,91.48361780042016
153.662,9.779129257907332,60.88929892230456,90.259707593403
153.762,10.5457845228674,60.50841186384038,89.11125605394695
153.862,11.326118179169633,60.094838887687175,87.96768797866322
153.962,12.081145071733491,59.650530082506535,86.80885031837083
154.062,12.76308328456938,59.18593477873467,85.62359612217489
154.162,13.328305867928627,58.715309082711485,84.37272399178113
154.262,13.752826116676879,58.25202150281233,82.9901246903169
154.362,14.041079891314286,57.80614148992135,81.42659460051915
154.462,14.223000548659154,57.38475059181526,79.70497981643292
154.562,14.341552527333096,56.99362719613845,77.94166850019012
154.662,14.437486313159255,56.638299255903746,76.31374931622892
154.762,14.537917008993027,56.32315832141677,74.99133219280145
154.862,14.651890252920158,56.04893941277769,74.07433055809855
154.962,14.772386236348801,55.810437726440874,73.5626124467845
155.062,14.8821057846543,55.59667647215981,73.36469974349922
155.162,14.96000128164718,55.394307504035275,73.33233303195526
155.262,14.98648048470946,55.19277911873005,73.30384982319079
155.362,14.946893215097624,54.98866473788968,73.14452156110613
155.462,14.834018895948514,54.78725017515054,72.77823670509602
155.562,14.649952747171362,54.600786968529306,72.20580216367351
155.662,14.406880967047059,54.44366049350601,71.50164097212404
155.762,14.12616073200558,54.32567260943348,70.78268284763868
155.862,13.835709228340583,54.24609654623057,70.15721301339282
155.962,13.565860372438856,54.1917665441076,69.6768480294991
156.062,13.343984059149708,54.14091413261185,69.31513317815397
156.162,13.188987168360171,54.07153247386078,68.98045739216724
156.262,13.107030723792683,53.97063161526819,68.55366263648153
156.362,13.088964590172075,53.84005464232165,67.9335369400797
156.462,13.110268352582537,53.69588256315556,67.07459816834013
156.562,13.135703357195503,53.56152212712256,66.00523567590209
156.662,13.129833093514577,53.4579129400098,64.82029802151452
156.762,13.070088038737417,53.39572314006245,63.65193856814274
156.862,12.955673630727045,53.37287737339767,62.63201527802579
156.962,12.807438874852288,53.3775817939779,61.861511306331465
157.062,12.659056374279963,53.39448991545813,61.39461083767064
157.162,12.54388647423552,53.41096931066622,61.234787828698416
157.262,12.482831458592045,53.421210025796526,61.33783125172273
157.362,12.47719403693501,53.4272446969279,61.620919013289296
157.462,12.50811290383417,53.43718635037185,61.97880920052438
157.562,12.541667303564221,53.4618680890986,62.305727718412655
157.662,12.537209852668383,53.511485376660936,62.51791701440759
157.762,12.45599175057751,53.59368633120946,62.56860745953425
157.862,12.267551232830012,53.7137174919544,62.44726392203147
157.962,11.952739633010204,53.87590775001944,62.16388184166199
158.062,11.504224089777267,54.08482396063455,61.73357842288897
158.162,10.926547023830743,54.344793179746794,61.17949053147885
158.262,10.237012619752925,54.65788978964922,60.55253307781116
158.362,9.466121046134717,55.02170694944304,59.9427092596798
158.462,8.654574917343115,55.42858161120864,59.4581939058876
158.562,7.845526393315737,55.867333757127064,59.17873690049095
158.662,7.0748625366979425,56.32703296606326,59.11841815196058
158.762,6.364771431878125,56.80070226544446,59.229697139343685
158.862,5.723479243987676,57.286727844659985,59.44924419464866
158.962,5.148984911629505,57.78725347231736,59.75431868466393
159.062,4.632067538483092,58.30451072134226,60.190417772417774
159.162,4.156369945078232,58.83662708936045,60.850871241507164
159.262,3.6985345189190397,59.37423507519743,61.822604618986844
159.362,3.2337748370657238,59.89915673030858,63.13557350622004
159.462,2.7480165835322694,60.386626894527154,64.74940482828906
159.562,2.249868388726469,60.81175997699937,66.58262896416304
159.662,1.7732189684869084,61.15854177450739,68.55953831758245
159.762,1.3680549021589883,61.42704009345368,70.64173750631389
159.862,1.0853371766126045,61.634501467029345,72.82949241334983
159.962,0.9627679804926998,61.80927988646021,75.14042210110196
160.062,1.0141077934381642,61.98061970702232,77.58045720695723
160.162,1.2228773935002053,62.16914243929001,80.11835815082124
160.262,1.543086600889012,62.38184906540585,82.67357664899872
160.362,1.9096221584710946,62.61292629685395,85.12731854379545
160.462,2.2560922143292643,62.849113397982656,87.35720952298354
160.562,2.532591587613638,63.07676962818191,89.27830167415918
160.662,2.7158743318408725,63.287425447360434,90.86692838063257
160.762,2.809675835310067,63.47943345091836,92.15883855740339
160.862,2.8379875691569865,63.65533178927909,93.23123375565791
160.962,2.8349089632951348,63.81716868101224,94.18083252524255
161.062,2.832954577879228,63.96349574530815,95.10140417506966
161.162,2.8517035203394556,64.09035835355469,96.05909798750284
161.262,2.8908894748537506,64.1952350975929,97.06795285193833
161.362,2.9323011338533433,64.28044601148383,98.07635434499014
161.462,2.950646836923255,64.35306238577674,98.97890069104668
161.562,2.9277301900489974,64.42105680744092,99.65932939353969
161.662,2.8617813106128267,64.48810568436879,100.04893969677961
161.762,2.7665433332180314,64.55042940921273,100.1664391132899
161.862,2.6608705252204743,64.59787431972596,100.1112692528173
161.962,2.555484976690387,64.61887800272865,100.01486659855038
162.062,2.4457282939419684,64.60674122864063,99.98475127492688
162.162,2.3157394440947527,64.56419350962435,100.07569497249415
162.262,2.1516279520692976,64.50445608710866,100.29310985516419
162.362,1.9542722352678297,64.44853293235285,100.60879332318163
162.462,1.7426522104206725,64.41939591889151,100.97328616887853
162.562,1.5461035158053704,64.43445949393299,101.3273004189177
162.662,1.3913389836648307,64.49878810398029,101.61552214778604
162.762,1.2916255097279787,64.60219423204215,101.79265200148826
162.862,1.2424535890663364,64.72250988535022,101.8144153843446
162.962,1.2247607597829173,64.83450804607794,101.62936351941454
163.062,1.2143039467351997,64.92060902105843,101.19719109128553
163.162,1.1926651515380655,64.97812033765305,100.53365171071326
163.262,1.1532065662044317,65.01960648675528,99.74485238007098
163.362,1.0982345685180661,65.06660345755914,99.00988944584303
163.462,1.0311206511417765,65.13977585331324,98.51143575449451
163.562,0.951754774657033,65.24969061934786,98.35872121521197
163.662,0.8595800716218847,65.39196023388673,98.5520276940076
163.762,0.759644045240762,65.54884716891597,99.00308287006752
163.862,0.6637659941192169,65.69662567210572,99.58733064692201
163.962,0.5847456814804843,65.81510848076331,100.19203121478026
164.062,0.5292277942459478,65.89467390061643,100.74080896187972
164.162,0.4957370789545692,65.93777567766946,101.19882829854546
164.262,0.4788230734705081,65.95503723168939,101.57040209646168
164.362,0.47512919812710663,65.95850637962653,101.89230843333435
164.462,0.48659126448492174,65.955364075507,102.21813087105612
164.562,0.5184855324531554,65.9446237759904,102.5908072588001
164.662,0.5733806263337016,65.91797454631974,103.00889416136417
164.762,0.6449816421984309,65.86446630340512,103.40202065256139
164.862,0.7166590214232897,65.7773137620142,103.63739816650269
164.962,0.7667251042542773,65.65987390288143,103.57146780206298
165.062,0.7779335935629845,65.52750220378519,103.13212694359748
165.162,0.7460526374211867,65.4033447134158,102.38463663783496
165.262,0.6833890571815502,65.30917194088671,101.53376039590377
165.362,0.6158506278643756,65.25556408817572,100.85504419085765
165.462,0.5743275953747258,65.2367384228012,100.59236564197509
165.562,0.5831761633240546,65.23298738961795,100.87075880403164
165.662,0.650620153976142,65.21959398200272,101.65654566676014
165.762,0.7656977707808323,65.17792172790374,102.77309307309204
165.862,0.9029000019802425,65.10374159742993,103.96308454417232
165.962,1.0317161480607382,65.0096194156144,104.97786953557366
166.062,1.1268098138544005,64.921039868551,105.66519168313721
166.162,1.1753604804304274,64.86829471824414,106.0193425593854
166.262,1.1797031568385137,64.87725526643008,106.16757118602533
166.362,1.1547398516783005,64.96220906819157,106.2985331668701
166.462,1.1208889014476995,65.12312775013403,106.57042304604315
166.562,1.0954934625824677,65.34791500056174,107.04512207845022
166.662,1.0874879343930886,65.61798324070068,107.67952713580794
166.762,1.0983756624666867,65.914357460319,108.3747882840689
166.862,1.1270516846649912,66.22201863220157,109.04957167880701
166.962,1.1722239625281432,66.53151340247216,109.68719617160104
167.062,1.22885908245442,66.83801600910857,110.32673122307793
167.162,1.2817372210023805,67.13880647694945,111.01060030993466
167.262,1.3030148145647118,67.43055483029396,111.72972782315043
167.362,1.2581097451694916,67.7079093078258,112.40293393674375
167.462,1.1181260741833867,67.9644796739709,112.90170216678791
167.562,0.8727861314088656,68.19596660019937,113.1060379015494
167.662,0.5378270489670243,68.40341007015682,112.96450018724411
167.762,0.15366952755720575,68.59402440032427,112.53304239583412
167.862,-0.22442944648414453,68.77877392737457,111.97754438239298
167.962,-0.5418657753155216,68.96824377669057,111.53785844647712
168.062,-0.7612474977310058,69.16918524421754,111.46391613369758
168.162,-0.8746040386258045,69.38300041474383,111.94346252496496
168.262,-0.9062029276225303,69.6058700970105,113.04209468893751
168.362,-0.9034341081809671,69.82951559062022,114.6710138329023
168.462,-0.9181426186436994,70.04203138341431,116.59204967028731
168.562,-0.9861643903600736,70.22926412757528,118.46450276774269
168.662,-1.1145876152888547,70.37752055295651,119.92996381312969
168.762,-1.2822277268368083,70.47730476988349,120.71681105075487
168.862,-1.4518964542859578,70.52654159824927,120.73075824519844
168.962,-1.588237543791621,70.53187200402512,120.0935753680987
169.062,-1.6739379737541071,70.50780289557107,119.10827654805976
169.162,-1.718381013681423,70.47429047691779,118.16213819921512
169.262,-1.7551140646229513,70.45316438454132,117.60990538012598
169.362,-1.8284510684311428,70.46337404538443,117.68564608795032
169.462,-1.9745750894979963,70.5152584874643,118.4680230269567
169.562,-2.205569679011269,70.60507949965258,119.88975386326973
169.662,-2.5035962446501685,70.71220677508732,121.76313670104909
169.762,-2.827629679201678,70.80149161021357,123.80246942684565
169.862,-3.1288004036519936,70.8317782350249,125.65239633385073
169.962,-3.365777206580603,70.7684583489479,126.94892614077227
170.062,-3.5128004992146558,70.59511446852449,127.42065064466385
170.162,-3.559536568785198,70.31895178380958,126.99213207260149
170.262,-3.5076403013802775,69.96768344015645,125.8237840499331
170.362,-3.3686571576451954,69.57974285048984,124.2479172386222
170.462,-3.1631934520431173,69.19224405486041,122.62673234222234
170.562,-2.9179753822275956,68.83105573148886,121.21159831266388
170.662,-2.659082077166893,68.5057407758162,120.07989494934424
170.762,-2.4039146240632334,68.21021871615065,119.17197273955671
170.862,-2.1564981951860105,67.92835437813682,118.38888630110404
170.962,-1.9090662859237142,67.64230368975531,117.6817397083845
171.062,-1.6495226562157654,67.34060670399586,117.08094652468486
171.162,-1.3709755118615021,67.02314766304815,116.66151356041186
171.262,-1.0774654823264456,66.70119968856184,116.48009562395305
171.362,-0.7816271096981353,66.3925177385376,116.5251482411582
171.462,-0.4956127879151069,66.11360545539603,116.70228578791765
171.562,-0.22167641695590845,65.87297461859957,116.85745571962869
171.662,0.05153671797879156,65.66877864506631,116.82962541356864
171.762,0.3456180141626817,65.49142785597613,116.51440212839404
171.862,0.6842664095860158,65.32900851641294,115.90852345089178
171.962,1.0836587791029544,65.17255868021408,115.10779616330231
172.062,1.5452297677510245,65.01899878706824,114.25744201454597
172.162,2.0551387459499324,64.87063487033844,113.48364492422198
172.262,2.5914381832044455,64.73168279860873,112.83990561708893
172.362,3.1339443602177113,64.6039246156121,112.28305551660384
172.462,3.6697325861283048,64.48387425900457,111.67766814752375
172.562,4.19218001291965,64.36224825483212,110.82862903757612
172.662,4.697680982379609,64.22508058949893,109.54563816191595
172.762,5.184519972419473,64.0560325379841,107.72880424617816
172.862,5.6540497263985685,63.84006802063454,105.43652500004998
172.962,6.111770992079244,63.568009191146274,102.88944739018301
173.062,6.567482157121667,63.24026085166557,100.39700275833653
173.162,7.035448999724842,62.867818881479835,98.23928968186655
173.262,7.5341449178782085,62.46963338388298,96.55717998610437
173.362,8.083045041707415,62.06674200764944,95.29398171588315
173.462,8.695686802196509,61.67510498834021,94.21387175502294
173.562,9.372297896415038,61.3001545267559,92.99906442595444
173.662,10.096125626931741,60.93553573113864,91.39089924127634
173.762,10.834639870935046,60.56649047091301,89.30627645466619
173.862,11.544901462716467,60.17637508562161,86.86596213845625
173.962,12.183122198940339,59.75384908322639,84.32403822538996
174.062,12.717743507428544,59.298143175810516,81.95036973235133
174.162,13.141105315992995,58.82036139374891,79.93860863962054
174.262,13.471678029336172,58.340194858279155,78.37615027105758
174.362,13.742614998386156,57.8794752115413,77.25825970741079
174.462,13.9817410470001,57.45550158349079,76.50799813800019
174.562,14.195616451394535,57.07687593124646,75.98760885310018
174.662,14.369039141750914,56.74295326989647,75.51886278772467
174.762,14.480610254011069,56.4463545852563,74.9301900462435
174.862,14.522968481975042,56.1771054777551,74.11993373123849
174.962,14.513464703633936,55.92666447195897,73.10326118654723
175.062,14.488936247552061,55.690303250998696,72.01676496281641
175.162,14.48868322332622,55.467169875360824,71.07739132780056
175.262,14.53514439093994,55.25854847308882,70.51045352891943
175.362,14.621560380191113,55.06567416357639,70.47039460383274
175.462,14.712711420046496,54.888629441563126,70.98083804491424
175.562,14.759346837267952,54.727026149368534,71.91522753810641
175.662,14.720024202820888,54.58145194291169,73.02515403843195
175.762,14.579785469424344,54.453502120862375,74.00687628815484
175.862,14.356944094210135,54.34332708872359,74.5839597655418
175.962,14.09551544779644,54.24637244299658,74.57718276125294
176.062,13.84704832013254,54.152545660818966,73.9356662579925
176.162,13.649663883925435,54.04961669881683,72.72224154728477
176.262,13.513468608330413,53.92947074339095,71.07360747176394
176.362,13.418841674309018,53.79351585462787,69.1645354542236
176.462,13.327684070821764,53.653709361546944,67.18505691821134
176.562,13.201611878859161,53.528164552819646,65.3194163758383
176.662,13.018991494475184,53.433568318503355,63.7205743055971
176.762,12.784284728872336,53.37846260625948,62.48804382703538
176.862,12.52644008835107,53.36060000927081,61.656230164392156
176.962,12.287272351608458,53.36899004656807,61.191652167722495
177.062,12.105079414540974,53.388916829183124,60.99785937107485
177.162,12.000984122279714,53.407377860783434,60.934452623105315
177.262,11.973744285573122,53.416978620172856,60.85610310019243
177.362,12.00365593495269,53.41750680486646,60.663470164894065
177.462,12.061119439853556,53.415415910736115,60.34163386493236
177.562,12.114170233282636,53.42192496742413,59.9599322453131
177.662,12.132337296905291,53.450502059303275,59.62752974896357
177.762,12.088178471006259,53.514412627005434,59.42972601561155
177.862,11.958834092945885,53.62485823236227,59.38523470828278
177.962,11.72801579167259,53.789896364856446,59.44970291073584
178.062,11.387541532120832,54.01391625551465,59.55770293271482
178.162,10.938246136601471,54.29730664689208,59.669303124775055
178.262,10.39052450292128,54.636164156112166,59.78567989633663
178.362,9.76365748237502,55.022232375118435,59.9231592401496
178.462,9.082512717475463,55.44363938576487,60.06956188288551
178.562,8.372093423573979,55.887084436364404,60.16303928449989
178.662,7.653020721010122,56.341307376056015,60.11786534653339
178.762,6.9406310284622705,56.800366503176576,59.88607206290523
178.862,6.246529868950539,57.26489283495458,59.51421201616854
178.962,5.578775584948552,57.74052306010918,59.15261829222928
179.062,4.939122343426966,58.23399388026122,59.00382529109896
179.162,4.320505584898299,58.74803666827612,59.23693197154671
179.262,3.7095063432605855,59.27670739945181,59.91641507528844
179.362,3.094735995128147,59.80344677329838,60.98391174257844
179.462,2.476763212561927,60.30384090295329,62.299524651210334
179.562,1.8738414848148608,60.75276225731368,63.7166061228219
179.662,1.3209888674856884,61.13271938186967,65.15013696622533
179.762,0.8634562872569447,61.4393790392127,66.60961830786981
179.862,0.5464666119614918,61.68196697913307,68.18996747467708
179.962,0.40318848323099843,61.87894944529804,70.02992850362513
180.062,0.44397932851926214,62.05132921538584,72.25315864601446
180.162,0.6508218421439409,62.21646701173,74.91043460027718
180.262,0.979972597850086,62.384593141824986,77.94421356460856
180.362,1.3728344615129657,62.558512160822076,81.19262826299341
180.462,1.771179643189626,62.73545493520024,84.43512277509778
180.562,2.1307608470504675,62.90971416244576,87.46054587767082
180.662,2.428795203720071,63.07548251867306,90.12375686441443
180.762,2.664102788305776,63.229695969350054,92.36430254614481
180.862,2.8509534128176313,63.3739158718725,94.18867588543806
180.962,3.008740049940279,63.51372624095819,95.64178287726224
181.062,3.1508677977203234,63.655293482092105,96.79237583104108
181.162,3.277039556090493,63.80095686186288,97.7340699408177
181.262,3.3717153593021223,63.94681319718356,98.5801807057243
181.362,3.4088800616542088,64.08397141417706,99.43119010605065
181.462,3.3616727383860976,64.2024622108464,100.32217928468643
181.562,3.214639529461877,64.29505518819968,101.18743818536106
181.662,2.9746742900819996,64.35884905233684,101.87789995867821
181.762,2.67504011201067,64.39452697504905,102.2319187836858
181.862,2.368281461983173,64.40466084064495,102.1612074834728
181.962,2.108980847184469,64.39252489343833,101.70206270683862
182.062,1.9331046059027983,64.3621025144004,101.00451379427608
182.162,1.8436446600287155,64.31916517207827,100.27125709405065
182.262,1.8104580359442508,64.2726610781788,99.6850919428291
182.362,1.785382730479654,64.23518175213621,99.36002796739493
182.462,1.7250859615585057,64.22141428833274,99.32646418865902
182.562,1.6096294181429514,64.24446806011095,99.53953478717598
182.662,1.4478584881981575,64.31120568943778,99.89677599016925
182.762,1.2692603244055078,64.41851069336732,100.26233948178094
182.862,1.109830483819728,64.55257664908201,100.50395087762685
182.962,1.0010116632589217,64.6925950002393,100.54221029233963
183.062,0.9652670946994988,64.81829812709536,100.39328674535263
183.162,1.0147786112263049,64.91827300765563,100.17502741618294
183.262,1.147699324337367,64.99474071394039,100.05870815112834
183.362,1.3412113077485515,65.06201733904703,100.18131214159743
183.462,1.5477283059327718,65.1392333897132,100.5656652352446
183.562,1.702299634966586,65.24085759843642,101.10028919983245
183.662,1.7425704830454407,65.36963382465618,101.59589693154955
183.762,1.633173497465883,65.51534047168526,101.88416048551869
183.862,1.3822161809089764,65.65973082191185,101.89735594618969
183.962,1.040986717909945,65.78458802027136,101.68400078367826
184.062,0.6862670787217411,65.87830252143348,101.35957333673433
184.162,0.39329690427948094,65.93781822090442,101.03071696768788
184.262,0.21180644586011255,65.96583386185709,100.74241635376427
184.362,0.15494055117915195,65.96562881792292,100.47738667457766
184.462,0.20329097375844185,65.93682648528818,100.2002659554478
184.562,0.31886070227530183,65.87486028934099,99.90968292541214
184.662,0.460740673164878,65.77504986663332,99.65919354945505
184.762,0.5960485074604236,65.6394574708591,99.53484976750998
184.862,0.7039344848394435,65.48231350312535,99.60967498982998
184.962,0.7744725122362368,65.32957601678119,99.90721510941279
185.062,0.8062498146242589,65.21106393301044,100.39491930068701
185.162,0.8056327911037116,65.14819342047721,101.00886593557246
185.262,0.7874681379524873,65.14349571041173,101.69427982257201
185.362,0.7739359639343562,65.17758835950107,102.4359529042616
185.462,0.7886664374970991,65.21565589531868,103.25757616065209
185.562,0.847316617300919,65.2210168834617,104.1897733425902
185.662,0.9497644346109197,65.17010130709615,105.22802127040922
185.762,1.078913953437663,65.06242439889822,106.30793573865952
185.862,1.2069754687127983,64.92127640823595,107.31392270170952
185.962,1.3057931221413028,64.78501740674878,108.11722098121075
186.062,1.3564372928700763,64.69311437409348,108.62523986826079
186.162,1.3545715335277535,64.67313456414008,108.82190711457
186.262,1.3100440370843742,64.73382117651171,108.78096915850364
186.362,1.2410994999276426,64.86614260758576,108.63912019908994
186.462,1.1660733406737833,65.05067285525851,108.53443530359286
186.562,1.0972072044982752,65.2672044027904,108.54223865710512
186.662,1.039873891085783,65.50205033162936,108.64748583487571
186.762,0.9963156912655649,65.75035870649484,108.76925230622143
186.862,0.9694522433060655,66.01372752538268,108.82001377007006
186.962,0.9624802254178348,66.29540497837914,108.76358799941593
187.062,0.9739643022586861,66.59561561437694,108.63831099961877
187.162,0.9925663157208362,66.90894945220268,108.53354319444884
187.262,0.9962858596520618,67.22490679121736,108.53678503410126
187.362,0.957819973515214,67.53133116701927,108.68643226245021
187.462,0.8540578416856874,67.81886180379061,108.95937108214866
187.562,0.6760610395470579,68.08388032065699,109.29947701631909
187.662,0.43538233422384565,68.32837155926066,109.66829589695121
187.762,0.16307639155611753,68.5570009321937,110.08481156381887
187.862,-0.09951746103550363,68.77327106684862,110.62529010491573
187.962,-0.3148225338915367,68.97700498669231,111.37900883163343
188.062,-0.46176095527830796,69.16456602144802,112.38683157965144
188.162,-0.5419494316374127,69.3317204473682,113.60214426165217
188.262,-0.57744873453683,69.4774969713513,114.8985465719947
188.362,-0.6015279089399712,69.60640000736056,116.11944732459034
188.462,-0.6463470170619061,69.72679428509426,117.13975873744153
188.562,-0.7325075736071369,69.84561857814255,117.90346903461989
188.662,-0.8640376241157313,69.96247176999672,118.41960799119579
188.762,-1.0290593533100392,70.06721785601825,118.73096059405938
188.862,-1.204273214944763,70.1435450613521,118.88733508457238
188.962,-1.3623804067147063,70.17753188819196,118.94199560210578
189.062,-1.4825912235862901,70.16721321402693,118.96165119175222
189.162,-1.5617506542221875,70.12782540809309,119.02856621008638
189.262,-1.6200094334273842,70.08873368212564,119.22618575281899
189.362,-1.6960660497324724,70.0821758760644,119.6165668848345
189.462,-1.832637789224819,70.12894825567018,120.22302306849988
189.562,-2.057892813360084,70.22836470273768,121.02602974831589
189.662,-2.3704312995895336,70.35726774262204,121.9694681697062
189.762,-2.734478315401354,70.47757776793942,122.96686258498829
189.862,-3.0883947855999168,70.54795363888378,123.90380900383724
189.962,-3.3639786689816162,70.53481715200874,124.64581986774533
190.062,-3.5089830530711055,70.41997947471572,125.06166662552812
190.162,-3.5038098353764937,70.2038877320929,125.05852751724859
190.262,-3.3661808978459646,69.90424300776222,124.61154667507344
190.362,-3.1429019535225464,69.55034915186413,123.76991504290228
190.462,-2.892791661662258,69.17472586873069,122.63582240116057
190.562,-2.6674616125556696,68.80466157002759,121.33108229903047
190.662,-2.4962812564196,68.45652202322027,119.97425199781023
190.762,-2.3791963013292445,68.13457110960674,118.68167823906504
190.862,-2.2879954795978676,67.83425772914283,117.58466562078672
190.962,-2.1750181812547495,67.54800514309612,116.83779879465621
191.062,-1.9880103486457443,67.27042208300446,116.59555766681768
191.162,-1.6887904416609842,67.00042264098838,116.9548253795196
191.262,-1.2703290290439853,66.73974654197565,117.88455057673667
191.362,-0.7640496691984069,66.48946422866734,119.17822260713874
191.462,-0.23127006796049443,66.24711758003107,120.46534291407818
191.562,0.2592480920720561,66.00675191312143,121.30166284282012
191.662,0.6576695642452677,65.76218746051877,121.3232312875063
191.762,0.9519337366283693,65.51142873620044,120.40500137070944
191.862,1.1721305525289836,65.25914034112553,118.73862329240521
191.962,1.3792970228687054,65.01551873535607,116.7706690502605
192.062,1.6426440060986778,64.79221525442992,115.01985034819293
192.162,2.013704378597602,64.59746386247915,113.86373224966707
192.262,2.5081243783572162,64.43280587503095,113.3969629499988
192.362,3.1027470267378803,64.29280929403232,113.41648350193717
192.462,3.7475943118392863,64.16726957192563,113.52523796205867
192.562,4.385237748331981,64.04404939190624,113.2967386221388
192.662,4.969137454818018,63.9112380929816,112.42478434848215
192.762,5.4760776734063015,63.758597046779045,110.80219134227255
192.862,5.910827386922044,63.57845904665515,108.51566871454307
192.962,6.302440527314062,63.36571720990885,105.781591422807
193.062,6.6932850881837425,63.11676407614838,102.8612061764437
193.162,7.124546245434352,62.82812137623005,99.98679617071105
193.262,7.623677982126786,62.49593257014335,97.31417723441461
193.362,8.19816759937725,62.117169441724364,94.90140236648294
193.462,8.836225586332475,61.692496001070076,92.70726642728562
193.562,9.511524101915988,61.22943278950939,90.61051889776833
193.662,10.18910881391717,60.743553230940435,88.45918845852943
193.762,10.83223740964992,60.255924596267704,86.1465712070744
193.862,11.410821376165192,59.78700782695934,83.67980518823158
193.962,11.909782596890153,59.34965191172389,81.19584302026382
194.062,12.333181939398475,58.9449051536417,78.90952153623785
194.162,12.700733482315098,58.563054367263085,77.02282146654795
194.262,13.037194742947356,58.189382502378024,75.64439007263793
194.362,13.35957158134202,57.811667768835996,74.75596016302293
194.462,13.669019103030177,57.42592839239374,74.23554984051567
194.562,13.951996419327749,57.0382308137215,73.92245736385958
194.662,14.189873138173045,56.66233831537904,73.69160774547161
194.762,14.37112158727983,56.31451782097163,73.49980436921149
194.862,14.498477394305258,56.00763605832789,73.38051627631809
194.962,14.58650910752145,55.74685957825595,73.39353582475806
195.062,14.65146215462967,55.52867151425415,73.56226059007324
195.162,14.700160717270855,55.34332104241431,73.83462598940285
195.262,14.72438337170049,55.17898553740088,74.0847436856283
195.362,14.70321052100224,55.025437180708956,74.15136663766312
195.462,14.612338273657876,54.876236889816255,73.89893136357752
195.562,14.437155003576521,54.72970774233347,73.2800148573798
195.662,14.1844530881645,54.588712691816355,72.37038889769008
195.762,13.886750447422507,54.458550886957624,71.35252663115779
195.862,13.595304270232937,54.34297143213085,70.44764076816949
195.962,13.363028211595456,54.24024148909489,69.82400544182296
196.062,13.223825099895535,54.14217543088086,69.52137934740402
196.162,13.177217639962805,54.03753649306589,69.42561514999568
196.262,13.185883840415812,53.91827690340034,69.31007194147915
196.362,13.18937832773561,53.78495931872318,68.93375207011051
196.462,13.130249545652394,53.64790665453339,68.15518371492429
196.562,12.981289057282765,53.523148810416295,67.00399900649484
196.662,12.760127482144078,53.425507298356536,65.66998930118547
196.762,12.523091579587351,53.36280256999775,64.41776871921105
196.862,12.341089464163272,53.33401906562074,63.477249072432855
196.962,12.269284182047585,53.33156329852983,62.962918889365596
197.062,12.324258623866072,53.34566514030727,62.84503725569046
197.162,12.477470993264106,53.36849877493665,62.967373560849495
197.262,12.665971306240753,53.39636970920164,63.09923841119726
197.362,12.81439088391878,53.42959011620441,63.01234843944006
197.462,12.85877636013819,53.470875372476804,62.56487447211222
197.562,12.764081664213478,53.52378440687644,61.75969292105836
197.662,12.531135701552646,53.5925290711343,60.74675971427149
197.762,12.19227517126383,53.683295721265374,59.76839242236986
197.862,11.796974698244004,53.80558473343906,59.075419735748184
197.962,11.391729633213988,53.97134655391944,58.84742530023941
198.062,11.001953854466489,54.19107812010627,59.13764461426425
198.162,10.623991548043563,54.468734870525836,59.85165669817576
198.262,10.230330090395451,54.79875880680066,60.76579352714916
198.362,9.784253113150097,55.16733248708847,61.588931208331246
198.462,9.25680955522121,55.55740765550529,62.05870833487002
198.562,8.639778452897776,55.95518367341809,62.03895536368168
198.662,7.9503346762111065,56.3553254312727,61.56998327419187
198.762,7.2254249525585905,56.76293436765308,60.84331088250333
198.862,6.507669206028524,57.19148231903724,60.11928325283017
198.962,5.829004948452919,57.65711180384875,59.6374158969402
199.062,5.199886130993676,58.17070030762708,59.559017554535004
199.162,4.60892625354284,58.72997921450191,59.94855284988918
199.262,4.032510322027655,59.31481208875693,60.77944627377366
199.362,3.4494639689289883,59.88875854140317,61.95369624116532
199.462,2.854277319276086,60.40810363277806,63.33610409579536
199.562,2.263741083592919,60.83573584771326,64.80229859846244
199.662,1.7151354474759017,61.15400863072016,66.28510959465834
199.762,1.2574186513699175,61.370766823102464,67.79560265519652
199.862,0.9383187145144589,61.51621339596222,69.40623816230936
199.962,0.7902693026723568,61.63259717091489,71.2049416367365
200.062,0.8189101851138147,61.761151624087226,73.24317495517744
200.162,0.9989271165550733,61.93072111035498,75.50209082477464
200.262,1.2802056390325092,62.15105070417149,77.89188399845085
200.362,1.6024731735041584,62.4119314886449,80.28471206392787
200.462,1.9126042704181145,62.687868464372166,82.56484039923797
200.562,2.178103594325627,62.94674553892631,84.66887936076336
200.662,2.3924373458065347,63.16012772809333,86.59577597005162
200.762,2.5712464334546823,63.312397258029485,88.38941125514665
200.862,2.741069982419262,63.40587863234359,90.11213216950868
200.962,2.923464416027045,63.459902880114306,91.81895951134202
201.062,3.1193600159139763,63.50379393152701,93.52994697844403
201.162,3.3011578049243155,63.56626535707251,95.20629416005718
201.262,3.4188615636012756,63.66524496086673,96.74966517305883
201.362,3.4194586885531066,63.80199247023431,98.03517921216579
201.462,3.2710664538052185,63.96170634151379,98.96203840471736
201.562,2.980845158895086,64.12012746775481,99.49278017756099
201.662,2.5986245431411845,64.25300309906301,99.66568010218992
201.762,2.204018762346678,64.34423496464105,99.58634823522569
201.862,1.8812775242559,64.3897452372626,99.4100420383581
201.962,1.6909481763849215,64.39645746159613,99.31509036723875
202.062,1.648965137527064,64.37779946280759,99.46150083310712
202.162,1.7218654642916107,64.34821385417816,99.93971738659926
202.262,1.841128830522436,64.31924699955644,100.72992731644356
202.362,1.9309300620353866,64.29875694389818,101.6955754435253
202.462,1.9368208333715415,64.2928597834065,102.6231034475233
202.562,1.8431917014392596,64.308339463964,103.29806160731266
202.662,1.6739432190272296,64.35269675138052,103.58492881143084
202.762,1.4785792737876733,64.4306912850556,103.47139805462209
202.862,1.3111823019292146,64.53935851299785,103.05712422121493
202.962,1.2111845337750253,64.6655343108804,102.49825703793934
203.062,1.192692224324439,64.78880712788518,101.94048082484638
203.162,1.2446075975671818,64.88920216350918,101.47564786145688
203.262,1.3389075959572736,64.9556927785569,101.14191418090746
203.362,1.4415327307941297,64.99117731711839,100.96010253116292
203.462,1.5210314874647608,65.01169571470314,100.97336567137704
203.562,1.553420752887746,65.04049151383815,101.25217720642385
203.662,1.5247260050095903,65.09945437493764,101.85107820637981
203.762,1.4330978586736265,65.20111671257919,102.7424986265992
203.862,1.2901588823271837,65.34398938514032,103.77569486491885
203.962,1.1190535123699874,65.51278413177597,104.69761016330764
204.062,0.9480564794518855,65.6831106001768,105.23689640629772
204.162,0.8024317692885461,65.82830615981008,105.21389029233262
204.262,0.6985814078806527,65.9255129244393,104.61842316475426
204.362,0.6422910437082976,65.95945677896772,103.61163181919159
204.462,0.6304332070888847,65.92429737284507,102.45383794844768
204.562,0.6544473247895155,65.82460520293904,101.40278520086491
204.662,0.7037464885750069,65.67559822845408,100.63411865460212
204.762,0.7680235187147844,65.50145934430685,100.21431238742784
204.862,0.8385881757421814,65.33044547562932,100.12589238177779
204.962,0.9087740672947788,65.18720042116406,100.31770088212147
205.062,0.972985858736358,65.08509750859406,100.74255122214197
205.162,1.0251298283348191,65.02239906282483,101.36304663217399
205.262,1.0585342369022896,64.98438034663263,102.1378650841072
205.362,1.0683347214295082,64.95046129046852,103.01297332006706
205.462,1.0548662901339938,64.9029395936961,103.92913169252793
205.562,1.0257884086252815,64.83337949587808,104.84040684644393
205.662,0.9955794226042585,64.74423322570473,105.73166708039852
205.762,0.982109420776986,64.64608372915005,106.62304586290173
205.862,1.0007865792753492,64.55317719823464,107.55367770305003
205.962,1.0577438061403939,64.47999541225552,108.54763106722962
206.062,1.1448086847772316,64.43980791340267,109.57875494162116
206.162,1.239560217105037,64.4443083698103,110.55716675487756
206.262,1.3120525406971026,64.50294551460733,111.34972290898847
206.362,1.3360032281592353,64.62139151410642,111.82546156659731
206.462,1.299303209567917,64.79985507867117,111.90179455582864
206.562,1.2091852633416025,65.03253368050504,111.57076648890572
206.662,1.0904124735990237,65.30883993274706,110.90130587285412
206.762,0.9774711585145539,65.61578208185715,110.0245388263325
206.862,0.9027796746768644,65.94028708409915,109.10682555529044
206.962,0.8837582664430386,66.27064148604953,108.3117168646674
207.062,0.9133210440527293,66.59690997193262,107.75930920077829
207.162,0.959125076497827,66.91076690673516,107.50117498777934
207.262,0.973976576230875,67.20548674623393,107.525514504759
207.362,0.9140783156003636,67.4764803197125,107.78856205183158
207.462,0.757668084033142,67.72194088813467,108.24797388849811
207.562,0.5164790760452931,67.94290624794962,108.87042938955554
207.662,0.2352310010421803,68.14266499211284,109.60906036793213
207.762,-0.021490385866030692,68.32599860956014,110.38041357617922
207.862,-0.190989254944661,68.49861106528206,111.07717802828975
207.962,-0.23543011710752637,68.66673653536591,111.6166478913942
208.062,-0.15792551205258576,68.83675685125432,111.98444078418825
208.162,-0.005629272432237542,69.01448708044089,112.23684053556391
208.262,0.14240652737611725,69.20376420401165,112.46603257973999
208.362,0.19969904261897398,69.40450736499501,112.75963429088773
208.462,0.10155266981069389,69.61096909953072,113.17564812610178
208.562,-0.17060935518561848,69.81079278339708,113.73185452090522
208.662,-0.5788154292806524,69.98536193917352,114.4034523783879
208.762,-1.038092761110974,70.11246140043284,115.13079325021181
208.862,-1.4454731792190003,70.17241987839387,115.84048372830915
208.962,-1.718321247095524,70.15709113484866,116.47331339836475
209.062,-1.825430491200109,70.07782763723074,117.00497065089124
209.162,-1.7972776149161405,69.96698914622145,117.4500802937896
209.262,-1.7123163730012223,69.86991784796791,117.85032952505367
209.362,-1.666734953843104,69.82956845081253,118.25360690133121
209.462,-1.740301111288744,69.87028531380972,118.69319620931105
209.562,-1.9702667166115617,69.98780751026598,119.17558038290787
209.662,-2.34099777051334,70.14965992415654,119.67888710495279
209.762,-2.7911832247230635,70.3055100012372,120.15654134629801
209.862,-3.2346059656238424,70.402930798236,120.54445120069184
209.962,-3.586440844837334,70.40223886662025,120.7785341072973
210.062,-3.786651216364966,70.28542085286638,120.82149315337097
210.162,-3.8144280805543502,70.05741754663804,120.67813834003309
210.262,-3.690074087802927,69.74115131333336,120.37992020561953
210.362,-3.463208168370805,69.3692762841776,119.95082148149692
210.462,-3.191050161483723,68.97545441166201,119.39192122995914
210.562,-2.916485836232411,68.58701707256486,118.70556712734185
210.662,-2.6567047748859594,68.22045772413824,117.93635639078272
210.762,-2.406811743624722,67.88098434904401,117.18438976739486
210.862,-2.1534377677837355,67.56594873093408,116.57310299388251
210.962,-1.8878236655790914,67.26982983408755,116.20070408894105
211.062,-1.6097957444332636,66.98786047794796,116.11987544257394
211.162,-1.321836984508245,66.7170929091874,116.35930656213066
211.262,-1.0200689732118775,66.45582935674877,116.95531832676835
211.362,-0.6908917738781852,66.20298000790525,117.94617450931622
211.462,-0.31743669508379213,65.95811304945336,119.31200756432739
211.562,0.10784386235085464,65.72192117709923,120.89667449204646
211.662,0.573784555945771,65.49636346013176,122.37968595219036
211.762,1.0521199842750377,65.28413472236109,123.34569221512373
211.862,1.5096643212009937,65.08797633698697,123.43392516979446
211.962,1.9229772744973204,64.91044450021806,122.48566263553357
212.062,2.2869756130315153,64.75374040004357,120.59939508674918
212.162,2.6146500954737704,64.61868622048497,118.06694345557301
212.262,2.9308737734961454,64.50298253516263,115.24577719672757
212.362,3.264820429419366,64.40007042587311,112.44935882390587
212.462,3.6431761774133022,64.29955265159387,109.89723284839553
212.562,4.0839317760301554,64.18885282610232,107.71318157365843
212.662,4.590993105868861,64.05526960957752,105.93963988730943
212.762,5.152046868387785,63.8879040627474,104.5495719284491
212.862,5.742493552875445,63.67914235103309,103.45713999206069
212.962,6.3351294500621975,63.42541077204081,102.53522368298525
213.062,6.911121344070516,63.12721106868112,101.63940609887926
213.162,7.466715869993656,62.78863052048592,100.62843314063844
213.262,8.012996867718194,62.416320807544245,99.37443475393162
213.362,8.569958687473651,62.018014157201414,97.76991908846894
213.462,9.158121460463352,61.60124440554518,95.74599125151141
213.562,9.790472394325349,61.1730250670493,93.306368367113
213.662,10.466363428229489,60.74015725955083,90.56077380995974
213.762,11.168550889143027,60.3088232995561,87.72672089118178
213.862,11.86463645066199,59.88280458609832,85.07825369800011
213.962,12.513569517074696,59.46157836528035,82.85460894849768
214.062,13.075889358919781,59.04041320422433,81.17393099909872
214.162,13.52412719009936,58.61326166405388,79.99745203029948
214.262,13.849622957383943,58.17709919052994,79.1600884785086
214.362,14.064158035275835,57.735267881956176,78.44908451540675
214.462,14.196462981715218,57.29788017284599,77.69089910339756
214.562,14.28389614604518,56.878957932836826,76.80558134383638
214.662,14.360911663216633,56.49192622161176,75.80936740192053
214.762,14.448696492140442,56.14605950927032,74.77680405088175
214.862,14.551019048533867,55.84550036685207,73.79121770315182
214.962,14.657909552993985,55.59035146346076,72.90925387209302
215.062,14.753690760869624,55.37806442880549,72.15033350088159
215.162,14.82332292570273,55.203785351915194,71.50666157910908
215.262,14.853606626929547,55.05978223047765,70.9624585706479
215.362,14.831471272463482,54.93540835384344,70.51288873122743
215.462,14.744468412225388,54.81908156135929,70.17526172865664
215.562,14.585684332722685,54.7020647060618,69.98490585059452
215.662,14.360290360032572,54.581713684904415,69.97363123581238
215.762,14.088913538353154,54.46144682973806,70.14009961197861
215.862,13.80473204455863,54.34679515639226,70.42736123835978
215.962,13.544606449764878,54.24000179240535,70.71969611465224
216.062,13.33772332348001,54.137073968797814,70.86472101780652
216.162,13.196565323456472,54.029612057881046,70.7179291242954
216.262,13.113741440453289,53.91041551084291,70.19350013063537
216.362,13.065593446839387,53.77926415634099,69.29650860210725
216.462,13.021429586801972,53.64504875985573,68.12032458086644
216.562,12.95563556144235,53.522704982367486,66.81491667362131
216.662,12.857959248172868,53.42674223435667,65.54572651455179
216.762,12.736544414570325,53.36516193292154,64.45653720050342
216.862,12.611438823549438,53.3368588647127,63.63655598033965
216.962,12.502484534814421,53.33317499773131,63.09237552908853
217.062,12.419764785213811,53.34216716867161,62.73899454071237
217.162,12.362595295242343,53.353423208202145,62.42787081167651
217.262,12.32551323302713,53.3616775111266,62.00977301091889
217.362,12.30381736038158,53.36835073072453,61.40322143185567
217.462,12.29263098274382,53.3809603250316,60.632923383555536
217.562,12.280277674550618,53.41092988812808,59.81967033348104
217.662,12.242435305052599,53.470674152152455,59.127159839646424
217.762,12.143610465332259,53.57095102347271,58.69062655505708
217.862,11.947188208756181,53.719240929013154,58.560793495721455
217.962,11.628826776922843,53.919274895658845,58.68850768957543
218.062,11.18569943666169,54.171130863339805,58.954148167630834
218.162,10.637696165870196,54.471253677858094,59.225149100440404
218.262,10.021861024928914,54.812477357720994,59.41482674137559
218.362,9.383115796151088,55.184747212369864,59.517255081901766
218.462,8.763139068186419,55.57696747972721,59.60327805141702
218.562,8.188861307353058,55.97961065072488,59.777779785154564
218.662,7.6636222585065426,56.387201985572844,60.11410861806819
218.762,7.165202905567703,56.79972669715341,60.594971742352584
218.862,6.65310362409452,57.22222803216941,61.094117546761055
218.962,6.083121211635088,57.66233518868619,61.42027930614769
219.062,5.4237765594687914,58.126163356517175,61.412386640918726
219.162,4.668923276952633,58.61379639498603,61.03981040409721
219.262,3.8431440951451066,59.1161433794191,60.451175483652705
219.362,2.998800717700341,59.6149204682595,59.94242119154194
219.462,2.2047850377071754,60.086391938819794,59.86044399313046
219.562,1.5288155307384983,60.50770643028231,60.4896875572273
219.662,1.0191100593673923,60.86348183456806,61.968198229153316
219.762,0.6942327112312796,61.15036087917604,64.2571023228028
219.862,0.5460051663482446,61.377999767601885,67.16453871170216
219.962,0.5509106303664879,61.565970778047195,70.4098476760323
220.062,0.680062285964965,61.737541427309566,73.70219271434031
220.162,0.9019686613888354,61.91272341011697,76.80431542711865
220.262,1.1805420169851857,62.10321145803849,79.56591975873263
220.362,1.4747933484404427,62.31064713000428,81.93238104323923
220.462,1.7442153601393429,62.52800057594133,83.94020842573269
220.562,1.9585051223156356,62.74279672560698,85.6974776989146
220.662,2.1062667663830865,62.940968748170214,87.3384885576371
220.762,2.1970157801362475,63.110899599747505,88.95640296328442
220.862,2.254408119662827,63.24734190474768,90.54507103044638
220.962,2.303825651214801,63.35387962544908,91.99209006349119
221.062,2.3605940870498543,63.441998965934914,93.14043302816637
221.162,2.4243853780618636,63.52624785861391,93.88784986394566
221.262,2.4818698833216786,63.61757021496904,94.261203690596
221.362,2.5154754779831023,63.718452993941014,94.41808702540966
221.462,2.513248282208579,63.82271768472056,94.57763504115306
221.562,2.4751847208172677,63.92005538688482,94.92541592978765
221.662,2.4142980908348477,64.00241700000718,95.54714784312107
221.762,2.3526578746152538,64.06816073861904,96.42153922683357
221.862,2.3127877280072653,64.12147886913145,97.45970186677681
221.962,2.306172255322572,64.16806662198042,98.54983517854275
222.062,2.323945660407894,64.21061502289311,99.57896353911534
222.162,2.3361847183141293,64.24740256386343,100.4421006454937
222.262,2.3027038620343134,64.27462272032452,101.06408683949934
222.362,2.1918225691572104,64.29060669166854,101.43369045300557
222.462,1.9984969216546418,64.29929766934839,101.6212373756892
222.562,1.7522953004881785,64.31096336743659,101.7569514024431
222.662,1.5097473267786654,64.33951675644661,101.9773779987053
222.762,1.3335205189833772,64.39733284902718,102.36852696800997
222.862,1.2683635023096684,64.48953065191073,102.93240991699737
222.962,1.325064097026015,64.61015027492795,103.587199852233
223.062,1.4779509387553134,64.74237156974894,104.19479420338843
223.162,1.6742388655887055,64.86347326324525,104.60232669433194
223.262,1.8498920116441724,64.95288775730192,104.68556690639764
223.362,1.9467782104645224,65.00000590948981,104.38570933440238
223.462,1.9274934844365958,65.00859965517067,103.73341463072191
223.562,1.7854172788327816,64.99638490233515,102.85433402264378
223.662,1.5472814069588523,64.98997443812692,101.94809284042115
223.762,1.265451440628695,65.01659617426704,101.23487401065846
223.862,1.0004826164357041,65.09466194844077,100.87952219920815
223.962,0.8004209380326444,65.22585077231594,100.92328474896462
224.062,0.6859677539433022,65.39168089215693,101.25779507417708
224.162,0.6470984039634544,65.55692773052398,101.66001808290179
224.262,0.650870185413865,65.68002529767254,101.87942225849943
224.362,0.6563692787673432,65.72725464651485,101.740115392962
224.462,0.6312045865136042,65.68508478269702,101.20848395589123
224.562,0.5635628505472425,65.56533391712784,100.39581480350081
224.662,0.4651204879351525,65.400806782193,99.50310740088418
224.762,0.36386672133619413,65.23318493375663,98.74233771254455
224.862,0.29103833804106216,65.09830023873016,98.27159507608863
224.962,0.2694652971820588,65.01484600682818,98.16726920493001
225.062,0.3084877358455884,64.98060015737617,98.43419949393154
225.162,0.4047083261434494,64.97668931201586,99.03427520093948
225.262,0.5441486650198968,64.97729000880678,99.90780307706702
225.362,0.7034282611824878,64.96048345761315,100.97544291608246
225.462,0.8521007409161143,64.91588196979265,102.13176806609688
225.562,0.9594985881186986,64.8462178145247,103.25431799110285
225.662,1.005751168011983,64.76315678773112,104.2392411822662
225.762,0.991832086222189,64.68069058395446,105.04495056559125
225.862,0.9423550059245329,64.61035509950672,105.70955339564236
225.962,0.898327782152947,64.56054288994576,106.3249081322767
226.062,0.9021374869293268,64.53895571424324,106.98254840854753
226.162,0.9804709565745995,64.55504215959083,107.72340839690816
226.262,1.1318616447699341,64.61946822951107,108.51430092048312
226.362,1.3244514786503316,64.74020311968145,109.25504100244632
226.462,1.506161481586922,64.91785966740625,109.81028527065553
226.562,1.624081690411984,65.14395448689883,110.05959190501886
226.662,1.6451080555110238,65.40373092497008,109.9531309354224
226.762,1.5688817312854297,65.68181912657641,109.54809117157174
226.862,1.4274329656768856,65.96720553440592,109.00072862787721
226.962,1.2715985343745544,66.25497493048114,108.51102778695991
227.062,1.1500368787236894,66.54462453166535,108.24628848591041
227.162,1.090120793207852,66.83644079500155,108.28225526092186
227.262,1.0888443546422408,67.12789852776372,108.58694488387903
227.362,1.1165338242774467,67.41175034185775,109.04791792377071
227.462,1.1301466530263653,67.67690290890798,109.52671746731974
227.562,1.0897158316443196,67.91229724792363,109.9173602110047
227.662,0.9719300349440587,68.11249338140391,110.18486910752455
227.762,0.7774005698829711,68.28198218018447,110.36717990550858
227.862,0.5304267820534889,68.43502309423,110.54146725962278
227.962,0.2711302068608177,68.59010195754016,110.77574682173983
228.062,0.04138051843200685,68.76161313356431,111.0951012199126
228.162,-0.13074729306388377,68.95319092202053,111.48133220286846
228.262,-0.24089869089616656,69.15585487202586,111.90069624291368
228.362,-0.3081374390771785,69.35131297217372,112.33500291073369
228.462,-0.36567555573948596,69.51852563131135,112.79257609491572
228.562,-0.44766731292315143,69.64067102108811,113.29417336853794
228.662,-0.5768787953789314,69.70994295732498,113.8466786163471
228.762,-0.7568537616813416,69.72903440715287,114.42097723671878
228.862,-0.9716983657376588,69.70988396937508,114.9451391508963
228.962,-1.1946305958235044,69.6711003803484,115.32183474322264
229.062,-1.4019307710609326,69.63506669515515,115.47494460251153
229.162,-1.5853039261832151,69.62473146143103,115.4105706665369
229.262,-1.756462826649127,69.65951935157416,115.25370238822364
229.362,-1.941792150631798,69.75023118180881,115.2261988384353
229.462,-2.1691419137107744,69.89402128519168,115.56778376945721
229.562,-2.452271337503916,70.07162774919716,116.43483965580032
229.662,-2.78039669551962,70.24902914474647,117.82005787090404
229.762,-3.118124070403411,70.38426149072903,119.52803118265419
229.862,-3.4153615676011455,70.43786012419952,121.22341819289926
229.962,-3.6224556841925235,70.38355877629174,122.53645817571066
230.062,-3.7049690272879374,70.21545262696796,123.18036736764054
230.162,-3.653247474605976,69.94891350574123,123.03223563588477
230.262,-3.483468570177692,69.61472617054841,122.15469538529047
230.362,-3.2300877484072643,69.24853694702163,120.76467804572832
230.462,-2.933568771999539,68.87970461114968,119.16870072824531
230.562,-2.629284398880813,68.52397153325914,117.684151577168
230.662,-2.3417162758322903,68.18275485365928,116.56385672210575
230.762,-2.0837978460755693,67.84887386833528,115.94076986700685
230.862,-1.8581103035218476,67.51541575642435,115.808018563905
230.962,-1.6572751704615456,67.18287536057926,116.04224307948272
231.062,-1.4640544865061216,66.86079892497108,116.4628325715853
231.162,-1.2538693296870278,66.5633080413995,116.90072047011665
231.262,-1.0015952561298747,66.30122454818543,117.2417329534984
231.362,-0.6912639115976305,66.07540624984759,117.42495054884617
231.462,-0.32394440590996965,65.87538539448661,117.41027809944902
231.562,0.08185185493567815,65.68436401406797,117.15303471942482
231.662,0.49946552348052364,65.4876409271735,116.6136213209877
231.762,0.9084473349356443,65.27954612213242,115.79533553667457
231.862,1.3045891977476884,65.06538336258643,114.77532167160982
231.962,1.6991447694864306,64.85809792698831,113.69732981725542
232.062,2.109391299352673,64.67195626652196,112.72448640180704
232.162,2.548619105780709,64.51644067870409,111.97796455274442
232.262,3.0216756743573185,64.39273470318867,111.49399831437307
232.362,3.525965474883165,64.29318265301349,111.21777439387995
232.462,4.054283908309792,64.20268293415081,111.02944857105871
232.562,4.59702195158755,64.10130566280637,110.78097142434396
232.662,5.143627492906305,63.96824708633703,110.32578871433739
232.762,5.683815838233336,63.78670314098443,109.54067002980969
232.862,6.20859285524736,63.547894380589995,108.34762801087172
232.962,6.711249660459131,63.25232692765981,106.73481186613083
233.062,7.188825104790602,62.90789773856375,104.76422906187241
233.162,7.6441105505787945,62.52620074824194,102.55670686050246
233.262,8.087327369862237,62.11910015856901,100.25596082420972
233.362,8.536216272145772,61.69712004181397,97.98357289363979
233.462,9.013586007975707,61.269721535296625,95.80222670336325
233.562,9.541668012402102,60.8458992627449,93.70286511548868
233.662,10.133358275669977,60.43325101643126,91.62061078365012
233.762,10.782837968551863,60.035456112692,89.47200352330668
233.862,11.460883607433615,59.650289393273695,87.20003655568702
233.962,12.11962786530546,59.27047792262493,84.81076480014589
234.062,12.706424774929296,58.88760489334031,82.3845089303517
234.162,13.180792197501145,58.496854795388735,80.0537016910131
234.262,13.526912939567701,58.099643683027935,77.95847323197022
234.362,13.757199533392303,57.702639469837386,76.20421421256394
234.462,13.906478043720963,57.31429320010832,74.84020746565847
234.562,14.019010146387895,56.941622548363746,73.86187587697734
234.662,14.132540605885879,56.58917645518376,73.22632140015476
234.762,14.265310822236266,56.259874606165106,72.86868941269103
234.862,14.411669014800104,55.95611049030959,72.71321494327152
234.962,14.547911641382868,55.68000226790004,72.6806040932261
235.062,14.643980928254841,55.432804766055895,72.6946909782479
235.162,14.673645071046238,55.214071847293454,72.68633240052007
235.262,14.619347235705227,55.02123391320375,72.59284648025731
235.362,14.474285731668175,54.850205506764226,72.3609191073489
235.462,14.245843305779076,54.69711924335689,71.96292128586228
235.562,13.959722791321543,54.560084883995266,71.4182125311976
235.662,13.659481240419211,54.439143949826814,70.79192206635925
235.762,13.3973753265231,54.333729136177865,70.15517984444908
235.862,13.218339525783623,54.23935704267833,69.5289921511286
235.962,13.143974726929173,54.146593861188634,68.85825832401048
236.062,13.163974623056326,54.04403770489139,68.04398188897376
236.162,13.239035037577132,53.924150636107804,67.01582104418438
236.262,13.314549171034177,53.788491072904186,65.79464221451074
236.362,13.340187258204363,53.6488305079027,64.50251654505642
236.462,13.28766590623865,53.52295058195373,63.31608385723804
236.562,13.15875072459853,53.42719803708982,62.394144867478374
236.662,12.979447828363668,53.369789324841015,61.81745168922558
236.762,12.784010537584756,53.34808833056965,61.56412059534186
236.862,12.598894846027715,53.35058819354386,61.52673215517578
236.962,12.43615398168108,53.36208800724657,61.56262529901602
237.062,12.297990953107796,53.36962432592627,61.55453822001337
237.162,12.186010618692109,53.36693602672152,61.45167976491008
237.262,12.106456674892296,53.35606989540836,61.2718331865877
237.362,12.067085848080453,53.3457965858682,61.06832131560829
237.462,12.068321940080772,53.347605489829334,60.88475671847233
237.562,12.095667083635217,53.37104344837118,60.72461403143308
237.662,12.119147823692405,53.42076616675089,60.552743323254475
237.762,12.100416667683103,53.49723794051985,60.32807666873059
237.862,12.003289555266221,53.601023421383694,60.04815846644385
237.962,11.80237592756486,53.737855285047516,59.776100871694496
238.062,11.487157725059681,53.92041368261542,59.627221356769994
238.162,11.062070499741136,54.164685087253496,59.71454072097856
238.262,10.543737691798487,54.482621153826216,60.0783248330098
238.362,9.955845393814492,54.875335616081955,60.641255686434135
238.462,9.323025119910955,55.33049222000077,61.22464962536324
238.562,8.665976418590493,55.82496342130077,61.62639240106597
238.662,7.998389168255521,56.33130827282648,61.71588331421469
238.762,7.324647932050077,56.825318442999155,61.486150750869726
238.862,6.6388790751976074,57.29208116576294,61.03802682694146
238.962,5.928011648740473,57.729099344946086,60.52223911636422
239.062,5.180408159968373,58.14585401638397,60.08565524339838
239.162,4.397857756056219,58.559464357991764,59.849847816749545
239.262,3.605188386294799,58.98683352333136,59.91856767256375
239.362,2.8509269381079463,59.43559178750354,60.390844487802255
239.462,2.19593114510635,59.897990624939574,61.35723647877428
239.562,1.6935963889480519,60.35151383609717,62.87176794108751
239.662,1.3707061113418462,60.766827871205265,64.9114222034333
239.762,1.2182451119196855,61.11958131635842,67.3505544424485
239.862,1.1962488158423596,61.4002352012859,69.97670379658341
239.962,1.2494827064953355,61.617260646959274,72.5500796578006
240.062,1.3262653587919502,61.79286549863372,74.87966652953408
240.162,1.3931584173665215,61.95414985574254,76.88158532189537
240.262,1.4412258615518638,62.12399530263764,78.59974483771288
240.362,1.4824674196840633,62.31495952662153,80.18371491749146
240.462,1.5381864414361388,62.52727396939843,81.82820282324998
240.562,1.624830107004776,62.75016507420796,83.6910351662997
240.662,1.7447850198361934,62.96519748832993,85.81956824552786
240.762,1.886947651387338,63.151030182503746,88.1170519808703
240.862,2.0353538172505665,63.28935255031956,90.3663805566094
240.962,2.178524750088961,63.370911093625416,92.30554032104564
241.062,2.312400061445665,63.39957352238978,93.7279093275
241.162,2.4356254212637864,63.39271737968674,94.56869495175222
241.262,2.5422913173975914,63.37760854925086,94.93997608988555
241.362,2.6190822064653076,63.38467585879213,95.09609060147342
241.462,2.6504020296238053,63.43923028690793,95.34407888270667
241.562,2.6289285279933665,63.55358382274676,95.93872489449097
241.662,2.5641613057987698,63.72196562141531,97.00168019920503
241.762,2.4815622449849926,63.920671897906,98.48636060855601
241.862,2.410770337695517,64.11462737476,100.19204370791765
241.962,2.36938496095906,64.26874907434868,101.82074140594915
242.062,2.352574880554826,64.35960360502459,103.0654233144179
242.162,2.3350450605715736,64.38219694054023,103.70878787970426
242.262,2.2840848358438492,64.34932984320605,103.69836442193917
242.362,2.1765218641692314,64.28503926548152,103.16215948247492
242.462,2.0109915872957203,64.21622786424155,102.35237093199237
242.562,1.809443101262346,64.16622924605593,101.54336348134916
242.662,1.6074013157420026,64.15175315391429,100.9360867946333
242.762,1.4390254258236013,64.18229466365914,100.61285453905772
242.862,1.3259671485648354,64.2600428097266,100.55230287835394
242.962,1.2754948346253556,64.37912277120131,100.6829145837021
243.062,1.2858917317844956,64.525042488436,100.94098178995239
243.162,1.351988467155067,64.67656559667465,101.30261767192367
243.262,1.464897463762334,64.81115143603604,101.77478916496487
243.362,1.6062434462153945,64.91222781336762,102.35448668642566
243.462,1.743311534067118,64.97463310110427,102.98717925114897
243.562,1.8322874207245192,65.00540505210238,103.55746897617533
243.662,1.8309884623978263,65.01973954202545,103.92055770524391
243.762,1.7151300801969853,65.03417699226452,103.95391650417997
243.862,1.4894225015458815,65.05982345576318,103.6016031892841
243.962,1.187702835016239,65.09804157279146,102.89730572596555
244.062,0.8617552190832356,65.14016236351718,101.96262797280747
244.162,0.5636713623063656,65.17152945900251,100.97826438324572
244.262,0.3297383840888273,65.1785318126924,100.13280524295152
244.362,0.17297213939634304,65.15558707842838,99.56845190550065
244.462,0.08630562720484392,65.10853235475189,99.3471183057904
244.562,0.052565114440966454,65.05260464962512,99.44778534244631
244.662,0.055069162511394154,65.00619752993144,99.78982975842167
244.762,0.08453331626787985,64.98349905803816,100.26971205331344
244.862,0.14092198217937835,64.98894172404704,100.79830278349236
244.962,0.2305061978302234,65.01517896409865,101.32564478703675
245.062,0.3592256237174496,65.045190600931,101.84195016628563
245.162,0.5251004561247967,65.05813569739144,102.35770709857235
245.262,0.7139193008654843,65.03728386061692,102.88306199645642
245.362,0.9010422627260368,64.97695673869559,103.4240467557972
245.462,1.0583051272878166,64.88506027014387,103.99123466730387
245.562,1.1625001887153346,64.77962012712254,104.60323095175613
245.662,1.202471915128939,64.68109444064956,105.2774897506145
245.762,1.1831956882015078,64.604619479922,106.01607702079932
245.862,1.1253636940286995,64.55593175144726,106.79555180317308
245.962,1.0593012109902276,64.53227304211123,107.56516084364557
246.062,1.014285016265518,64.52713021001823,108.25662864218182
246.162,1.0074475462205044,64.53624232542612,108.80497641398492
246.262,1.037504376295253,64.5619147331421,109.17015509207843
246.362,1.0862993951951267,64.61338769599824,109.34761193956996
246.462,1.1272356475451843,64.70303983048638,109.36519989901694
246.562,1.1365952066902736,64.84077296226805,109.27010600663587
246.662,1.1029214570417807,65.03007904009432,109.11004364302644
246.762,1.0309160994523268,65.26784472477216,108.9160254436301
246.862,0.9388110719318234,65.54709154923118,108.69616705356398
246.962,0.8507559026797651,65.86000245129215,108.44361242413444
247.062,0.7874151581336903,66.19891460162542,108.1528617460215
247.162,0.7583424496785796,66.55479414254376,107.8369573424481
247.262,0.7587235232000751,66.91480070952022,107.5396227507178
247.362,0.7709533116725567,67.2616647075206,107.3343150638863
247.462,0.7696086055461038,67.57676641979519,107.30190927036935
247.562,0.7282271763930979,67.84630849401222,107.49006669316276
247.662,0.6270908814706218,68.06748864570508,107.87523976619198
247.762,0.46081899417333716,68.25083543959757,108.35675482070309
247.862,0.24316276388594815,68.41654914966216,108.79961611470259
247.962,0.006112685610048629,68.58607458856076,109.109823554466
248.062,-0.20800032596138607,68.77310056274902,109.29487844272353
248.162,-0.3602459185897047,68.97841815935185,109.46486656145626
248.262,-0.43062632127877976,69.1904677107564,109.77087463196997
248.362,-0.4288328205912606,69.39038816019261,110.32136448642851
248.462,-0.39382506994425626,69.55892898329057,111.12630112540424
248.562,-0.3803345090691508,69.68250636415989,112.09249158472713
248.662,-0.4372468997232062,69.75639024959956,113.05994038048374
248.762,-0.5875061899711298,69.78450689083338,113.85575066163281
248.862,-0.8188355350097254,69.77707025458066,114.35157043694124
248.962,-1.089731076076447,69.74800086553712,114.51896947033364
249.062,-1.3483083915987635,69.71336556902489,114.46714911929325
249.162,-1.5556100917913795,69.69059990980345,114.43561252695523
249.262,-1.7024905445332053,69.69719845951622,114.72755970527646
249.362,-1.81167844533433,69.74758132553328,115.60254610031262
249.462,-1.9238626586609229,69.84798225442216,117.16890844396579
249.562,-2.0754128861912733,69.99094154275735,119.31403923517485
249.662,-2.279908494043525,70.1523980824549,121.6968522476947
249.762,-2.5225285683889354,70.29427728789841,123.81440904697834
249.862,-2.768143666023242,70.37322893437923,125.13897901113029
249.962,-2.976747443412016,70.35278443870266,125.2931609424505
250.062,-3.1176519176436273,70.21400829456957,124.19803989322233
250.162,-3.176427697798111,69.96033059405626,122.12192477214921
250.262,-3.1536156607106633,69.61513900943244,119.59488913514511
250.362,-3.058988482325134,69.2139091418374,117.22136031666057
250.462,-2.9065060955922704,68.7943935318126,115.47652546389287
250.562,-2.712086957408914,68.3881837425167,114.5766055738076
250.662,-2.4922823781841146,68.01557579419205,114.46758407481244
250.762,-2.2612504968092395,67.68422763089177,114.91320054876181
250.862,-2.026204231957891,67.3911689553355,115.6195711167741
250.962,-1.7843272395333756,67.12711024899613,116.33452526689425
251.062,-1.5243515812394435,66.8813520630329,116.8964029524893
251.162,-1.2332039721452759,66.64530184947854,117.24194502894358
251.262,-0.9040449226383416,66.41342637611778,117.3891505220059
251.362,-0.5403917835322858,66.18216213475597,117.40123804434876
251.462,-0.1542451568586074,65.94856502805183,117.33703072745041
251.562,0.23901802162034613,65.7103219203957,117.20388203971012
251.662,0.6250720342333196,65.46734088870511,116.93787218262338
251.762,0.9932691086019858,65.22359394674612,116.43067451714796
251.862,1.3390128330847375,64.9874123259045,115.59954258453791
251.962,1.6671723673798695,64.76932016565166,114.46508299557934
252.062,1.9951460868128237,64.57805516443146,113.18431425779553
252.162,2.351731133480733,64.41668976033563,112.00544308966104
252.262,2.7687527611354454,64.28085628666626,111.15877257026023
252.362,3.2671480332675884,64.15984224655274,110.74011246037307
252.462,3.844463260619584,64.03980115039741,110.64955258795177
252.562,4.471401699115688,63.907604312222304,110.61890075925692
252.662,5.099920168956622,63.75384751455063,110.31459326100799
252.762,5.679024169229173,63.57379952255308,109.4642152020962
252.862,6.1718356487169,63.36590209254826,107.94625072404565
252.962,6.568514296727713,63.12887617989673,105.80914900080444
253.062,6.8911830742167055,62.85957293653802,103.2274548955148
253.162,7.1885597811286885,62.55338019538489,100.43116453084968
253.262,7.521103193262569,62.20727208393914,97.64390818498447
253.362,7.941844676280944,61.823498404753856,95.04432002125262
253.462,8.4804720267135,61.411032635117664,92.74652279158823
253.562,9.13601779736588,60.983268688679146,90.79255494138938
253.662,9.878430806966332,60.55309543202925,89.15432415676509
253.762,10.656201744664859,60.12812531672562,87.74556998973978
253.862,11.407951013742078,59.70855126067233,86.44437612050147
253.962,12.077130734557322,59.288705474838196,85.12546592976706
254.062,12.62725931435287,58.8617616784856,83.69733545776292
254.162,13.051849205639453,58.42541705811127,82.13194176182571
254.262,13.37338393774003,57.985463534524854,80.47172811323341
254.362,13.631168461502828,57.55495891100197,78.80826462348408
254.462,13.863821032931583,57.14925350417511,77.24233488666955
254.562,14.093649966857758,56.77976449509805,75.843754581446
254.662,14.31855055089007,56.45011558610818,74.62863043746228
254.762,14.515056407640834,56.1565455598358,73.56510808273632
254.862,14.651965151784154,55.89169218846386,72.60439539564071
254.962,14.707056137645655,55.6490172293041,71.71773130179113
255.062,14.676365814819654,55.42531934071676,70.91646037576055
255.162,14.571583074875946,55.22041592711039,70.24541165543889
255.262,14.410972670502101,55.03489973514305,69.75788950120723
255.362,14.212910492304783,54.86793368635576,69.49029785948633
255.462,13.996205273638417,54.71668377357678,69.44983304589276
255.562,13.783860905242967,54.577298259413766,69.6151100738742
255.662,13.603665385040632,54.445861304672576,69.93997463799023
255.762,13.482174430048019,54.31817879558814,70.35284446338791
255.862,13.43486357755036,54.18917459032527,70.75343586119827
255.962,13.458589086724594,54.05374471896351,71.0163277262282
256.062,13.530509972076864,53.90967314729192,71.01068609153008
256.162,13.613330239720383,53.760837660041865,70.63626905777289
256.262,13.664275695344497,53.61788671831839,69.86108077179486
256.362,13.645414195712611,53.49504034190589,68.73776855839085
256.462,13.533798964074151,53.404483262247,67.38625828166712
256.562,13.329479943473448,53.351526634623,65.95257360237237
256.662,13.057963629401915,53.33297775356238,64.56605231240248
256.762,12.76407672262738,53.338969118110676,63.31052865483417
256.862,12.498199590711586,53.35678586683058,62.214194119554335
256.962,12.30064744386442,53.37486703596865,61.25967126469189
257.062,12.190902360679807,53.38573374327282,60.41225539049772
257.162,12.164698455757474,53.38738357103909,59.65293734335586
257.262,12.197677254329207,53.383236773954266,58.996071983278554
257.362,12.253088293286368,53.38091188689116,58.482703333867335
257.462,12.29182783219396,53.39008939518682,58.1594488838157
257.562,12.282884123682123,53.41980536858244,58.05881973110013
257.662,12.210651102612502,53.47594211628756,58.18769516815625
257.762,12.075172603591806,53.560225877712135,58.521491902117944
257.862,11.884292488854037,53.67185896522729,59.00173473511339
257.962,11.642042215660005,53.811286364128556,59.53974353298335
258.062,11.341100316590587,53.983426693114176,60.030316507086596
258.162,10.964469507836831,54.197450279449676,60.37406368291964
258.262,10.494335378457684,54.46283321452868,60.50110001694664
258.362,9.921568625428417,54.78442567481834,60.38830529340038
258.462,9.251220972852103,55.15964089026931,60.06635455008174
258.562,8.503756424244216,55.57885883154952,59.616182002039594
258.662,7.713456874470154,56.02819008712894,59.15563818608591
258.762,6.9240750884802935,56.49321172720539,58.81817335881894
258.862,6.180547444128635,56.962649437033264,58.72748194587507
258.962,5.516920929494482,57.43116805747415,58.97288578077382
259.062,4.944301594946893,57.900118315018794,59.589645997149916
259.162,4.4455760747016555,58.375104065237714,60.54937703845691
259.262,3.9822929338763657,58.86052287912018,61.7673432045855
259.362,3.51278452467011,59.35327860515981,63.13006977065493
259.462,3.0131594420996066,59.83903424166462,64.53679560377076
259.562,2.489928725357032,60.29369914561572,65.93833733774224
259.662,1.977764983583853,60.69058267917777,67.35572033778023
259.762,1.5251925130774424,61.010689887327885,68.87062068853872
259.862,1.1776476287713535,61.25135070012333,70.59332882399983
259.962,0.966508489103262,61.42843211886023,72.62211337169082
260.062,0.9062362323484408,61.570542391024766,75.006378991327
260.162,0.995728230267126,61.70824869210721,77.7192519718304
260.262,1.2187554268598433,61.86397074961906,80.6423504559982
260.362,1.5418416037991847,62.04697018814507,83.56993424178089
260.462,1.9129539962296747,62.254285489876004,86.24283836484608
260.562,2.2667048913526244,62.47543073159363,88.41333382010929
260.662,2.538686725266203,62.69763166818692,89.92270809193245
260.762,2.685119602127351,62.90928320190164,90.76005457875496
260.862,2.6993613722947174,63.10125739982703,91.07399453063464
260.962,2.616536884299748,63.267057106356646,91.12508887126309
261.062,2.501156886847461,63.402664742315324,91.19101767872219
261.162,2.4202718331626656,63.50619881418663,91.4648179561568
261.262,2.4143379562387253,63.57750560084224,91.99888397014658
261.362,2.4815664993622946,63.61834598612435,92.72347638321925
261.462,2.5835448115231188,63.63361807298294,93.52056151040463
261.562,2.6668308596655734,63.63287560033107,94.3007044235174
261.662,2.687989343577051,63.630559554745304,95.03836620573952
261.762,2.6309054479109193,63.64387214401306,95.76010206703039
261.862,2.5106876592830574,63.68855853114375,96.51477821860574
261.962,2.3640651091833718,63.773905661211145,97.35427491915354
262.062,2.230813018604678,63.89863269221015,98.32437894843427
262.162,2.1341948630840264,64.04930386439042,99.44607841945098
262.262,2.069620900672035,64.20255138551211,100.68093961659203
262.362,2.0080809808792495,64.3313637305826,101.90488129312342
262.462,1.91405499423049,64.41381243107024,102.92613162313489
262.562,1.7691038736193931,64.44084144239268,103.55634422855826
262.662,1.5875408998199774,64.41965588111259,103.69879066806647
262.762,1.4140123328639973,64.37123043331958,103.39810593371055
262.862,1.3033344820147406,64.32327712342483,102.82296224045528
262.962,1.2934139265317057,64.30183244488168,102.19829930356603
263.062,1.3852828707026603,64.32440780594736,101.7263316018143
263.162,1.5391530740942727,64.39606345360266,101.52742794623985
263.262,1.6869369863051276,64.50860998851104,101.61298234931553
263.362,1.7553078090273573,64.64309450034897,101.89033431417772
263.462,1.690912518991837,64.77544952272834,102.19815873310814
263.562,1.4797170490310094,64.88374267888103,102.36929359116623
263.662,1.15397809540314,64.95423578254787,102.30337787312001
263.762,0.7828566548519191,64.9840536295448,102.01205238478562
263.862,0.4478806271652189,64.98013855801081,101.60541572457166
263.962,0.2123151955205813,64.95570020376027,101.22833986019612
264.062,0.09877931434799336,64.92585118825065,100.99089617721269
264.162,0.08593097590744492,64.90381101667373,100.93211883620481
264.262,0.12418653757426057,64.89838729379818,101.024562494569
264.362,0.16088788993926784,64.91275152261977,101.20503470533038
264.462,0.1629820295622082,64.94411338965536,101.41332723596807
264.562,0.12854865224181822,64.98394946690668,101.62103905833064
264.662,0.08362507193732682,65.01891696400365,101.83401700784559
264.762,0.06654158322137249,65.03307666438735,102.06687927046077
264.862,0.10759716685531373,65.01192771334563,102.31277016536667
264.962,0.21420460300112154,64.94770438920212,102.53914531618264
265.062,0.36804554121901845,64.84390896289204,102.71632109573963
265.162,0.533603592177343,64.71636948662814,102.8514424748388
265.262,0.672205138000777,64.58924150470098,102.99282994456686
265.362,0.7552116631398533,64.4870250472009,103.19774581441945
265.462,0.7723640146347392,64.42610151641517,103.49127263888178
265.562,0.7337660749841319,64.40972026668297,103.85240409108553
265.662,0.6659243800026999,64.42851439580005,104.24147292640384
265.762,0.6035058863697884,64.46583837518463,104.64826128593833
265.862,0.5788458631992484,64.50522566013817,105.117918378399
265.962,0.6116219217972798,64.53693030369404,105.72591161317726
266.062,0.7020659082139957,64.5614380132743,106.51774316741944
266.162,0.8308411679842607,64.58908486897293,107.45989378154192
266.262,0.9657300745580031,64.63612534660533,108.43416207670583
266.362,1.0717540146605984,64.71875730819461,109.27152762165335
266.462,1.1208015301171343,64.84734331136525,109.80520408709407
266.562,1.099006155711436,65.02292168038646,109.92892230771926
266.662,1.011487625368943,65.23725731854839,109.64825357448993
266.762,0.8831192965059671,65.47639540577028,109.10174956427258
266.862,0.7530245738892063,65.72612628720309,108.52823212248978
266.962,0.662213047198648,65.97680446650635,108.18141338174291
267.062,0.6378555226028553,66.22542710460881,108.22524818135332
267.162,0.6812070622691309,66.47437890607624,108.65933564023376
267.262,0.7657883768963814,66.72783910619991,109.31617008711748
267.362,0.8472154272878925,66.98781913899538,109.94042170764939
267.462,0.8794623748786208,67.25170216498566,110.31239587032721
267.562,0.829571079382653,67.51219986878768,110.3449196917231
267.662,0.6853114557313162,67.75955769424031,110.09933838583947
267.762,0.4550174273546759,67.98504459216802,109.72464399713184
267.862,0.16242680881507,68.18437808264552,109.37436150514509
267.962,-0.15975913896777172,68.35976781137977,109.15650210613731
268.062,-0.4755281034690739,68.51959986260722,109.13029534444576
268.162,-0.7504907900751974,68.67553034211593,109.32552062505565
268.262,-0.9568933619968334,68.83785991914345,109.75703047283986
268.362,-1.0789185162622772,69.01087485288043,110.42613217587169
268.462,-1.117244074399899,69.18998440353505,111.31528341199035
268.562,-1.0904034762344068,69.36211646507603,112.38458118271612
268.662,-1.030443282059963,69.50976394074975,113.57292134267385
268.762,-0.9731842724285045,69.61729156376165,114.80039246513607
268.862,-0.9475403328443832,69.67681763154226,115.96876007255116
268.962,-0.9698211892630582,69.69135796683281,116.9656095442312
269.062,-1.0456790213743972,69.67447165409484,117.6847771210222
269.162,-1.1769483497487911,69.64698819675816,118.06765101523914
269.262,-1.367442556171099,69.63187264617797,118.14773978414203
269.362,-1.6227094172256713,69.64821902033879,118.06480003058536
269.462,-1.9429279048612074,69.70533203696203,118.02433355899771
269.562,-2.313410794013933,69.79815675925784,118.2097219178761
269.662,-2.700359880753112,69.90576640975553,118.68599332958084
269.762,-3.0573185169886727,69.99462969537794,119.34778223042414
269.862,-3.34035201841143,70.02718862970119,119.95020768883083
269.962,-3.5229150863226266,69.97363435160797,120.21923431549399
270.062,-3.601116752797566,69.82203150632257,119.98639967151209
270.162,-3.5872045813058904,69.58175887749195,119.27032498679282
270.262,-3.497491990933703,69.2786643518364,118.25845232663389
270.362,-3.3439227376482563,68.94493002606835,117.20553310488083
270.462,-3.1342521085450485,68.60883243144313,116.31261773592038
270.562,-2.8784028263626737,68.28829423832028,115.65260805462583
270.662,-2.5939060342527185,67.98924197000301,115.17337036123439
270.762,-2.3045964743052707,67.70772662562095,114.76515931762509
270.862,-2.0323767529088954,67.43427882138435,114.34982697171932
270.962,-1.787640920755905,67.15913641019654,113.94347751716705
271.062,-1.565550019608402,66.8768711052079,113.65980868781779
271.162,-1.351022687054062,66.58880423421164,113.65043154993549
271.262,-1.1282004791338949,66.30225812556857,114.00898894890668
271.362,-0.8868206396565697,66.02711468129324,114.68810023149251
271.462,-0.6216919275939858,65.7713873945558,115.48122048241274
271.562,-0.32816259618883237,65.53783493467198,116.09165784818623
271.662,0.0007085465020608694,65.32311689178496,116.25732851427759
271.762,0.37237804547708464,65.11993156191002,115.86451639731467
271.862,0.7901147561978519,64.92114747134436,114.99526300842248
271.962,1.2492060992056366,64.72367669297346,113.89073381720814
272.062,1.736879722737939,64.52987921227277,112.84633705750915
272.162,2.236359102473415,64.34595710834664,112.08100164488954
272.262,2.7334462680580884,64.17858923459767,111.64211864399513
272.362,3.2226286426383695,64.03147150364148,111.39645732869954
272.462,3.7090708273661335,63.902909464108134,111.10673482791933
272.562,4.20420774355096,63.785235325100665,110.53952311320279
272.662,4.7165372428273855,63.66633109409136,109.54142992450977
272.762,5.243165084592519,63.53240546631142,108.06141961381581
272.862,5.76795684735395,63.370391656961715,106.14066249783298
272.962,6.268112390524841,63.169075812097994,103.89482375466397
273.062,6.725955933782174,62.919522252772,101.48949825531139
273.162,7.140207943347377,62.6158737538699,99.09923854269186
273.262,7.531447796102967,62.25685433784775,96.8552462255739
273.362,7.938718016846337,61.84715206180978,94.80327869347197
273.462,8.407321039036603,61.397373689553305,92.89404837672703
273.562,8.971052436976116,60.922077807888726,91.01324823141984
273.662,9.634840708210803,60.43678080624993,89.0364575827767
273.762,10.365462026240166,59.955215959244214,86.8823324252205
273.862,11.09700262529789,59.48732185312938,84.54656964625023
273.962,11.752164654401831,59.03790661659144,82.11535464526533
274.062,12.27180253671673,58.606399382701056,79.75843162056341
274.162,12.638912772386174,58.18843747378276,77.69394396935851
274.262,12.88489998111211,57.77918693904519,76.12408005228936
274.362,13.075100339162475,57.37698447799553,75.16340107120668
274.462,13.281326293192834,56.98551579495054,74.79441334510605
274.562,13.554342587241997,56.61351415921622,74.87225250613795
274.662,13.906492804752304,56.27210221981607,75.17512975106929
274.762,14.308355805946597,55.97086809573667,75.47810698081662
274.862,14.698251397820869,55.71438483638079,75.61998956945109
274.962,15.001010257774013,55.50078317615989,75.53651946217168
275.062,15.151262806155593,55.32282641720967,75.24987217271287
275.162,15.115042798100252,55.170356091830406,74.82845812213513
275.262,14.902511168829133,55.03248278785698,74.3453490998246
275.362,14.566604634314096,54.898955098188154,73.85777597248244
275.462,14.187703137959314,54.76126102794883,73.40908048152792
275.562,13.849661755189949,54.61377429938308,73.03404163311477
275.662,13.614968272147998,54.454342171199066,72.74746624773069
275.762,13.506941225138807,54.28380919095188,72.51925510893211
275.862,13.505387098126647,54.105175274510614,72.26289152451363
275.962,13.557587527560969,53.923623465341045,71.85787519543787
276.062,13.599672702296271,53.74741426476825,71.19503837977767
276.162,13.579124454943184,53.587988463868825,70.21522112111631
276.262,13.470512559603165,53.45775309284785,68.92661567574413
276.362,13.281195253870798,53.36608008536429,67.4084921283421
276.462,13.047303040727755,53.3158491463865,65.80716903529027
276.562,12.821606040775379,53.302591159243015,64.31375327761037
276.662,12.65562633199319,53.316425605013244,63.11446957194485
276.762,12.580399920047785,53.345350854855255,62.32737358513991
276.862,12.5929838181385,53.378128231244084,61.957420306461074
276.962,12.655891843754674,53.405774841256765,61.89545698946688
277.062,12.71147972187574,53.42175106427648,61.96154913673547
277.162,12.70518359482437,53.42165594246117,61.96944405421452
277.262,12.606726811130635,53.40337103300188,61.783217775280846
277.362,12.420352610154755,53.36816542620726,61.34915271624777
277.462,12.18091432415315,53.322485337765265,60.700941188189546
277.562,11.937891040922878,53.2793079737458,59.942374967801044
277.662,11.733245635550084,53.25753904403837,59.21223025046453
277.762,11.581914812705534,53.27855962501941,58.63983461873238
277.862,11.463564755087372,53.36074633873453,58.30481429605264
277.962,11.32934609057413,53.51446698897711,58.213710022644335
278.062,11.120312008042042,53.74002020970909,58.301597206500844
278.162,10.789203778809519,54.029095723932095,58.46247526658962
278.262,10.316640272964463,54.3684498913507,58.60162965759727
278.362,9.716214288973685,54.74408177612116,58.68455137769293
278.462,9.028146315916963,55.14472701231539,58.749203873351874
278.562,8.304750626557173,55.5639400437288,58.86957663205358
278.662,7.592552340003188,56.00036778060409,59.0955035177917
278.762,6.91710709949016,56.45637771117242,59.41323784290054
278.862,6.276971109097495,56.93583355561487,59.75589807871059
278.962,5.650262636401791,57.44190707302025,60.05597067034225
279.062,5.010866425487826,57.97511525116241,60.30272881051481
279.162,4.3458855351244665,58.53106460913201,60.56652770180931
279.262,3.665460139864507,59.09781801114638,60.976259263794375
279.362,3.000306688868278,59.65426744040722,61.6640472578364
279.462,2.3887157102564203,60.171804878899366,62.705327899008736
279.562,1.8607565506441617,60.62048171552646,64.08340336872934
279.662,1.4294553537793604,60.97809117104152,65.70048406784919
279.762,1.0938880251460574,61.23829465276576,67.43709608550186
279.862,0.8505946719063786,61.413853511239864,69.22949442331824
279.962,0.7044403510097865,61.53312553592955,71.11600218075945
280.062,0.6710960844619649,61.63096546630603,73.22024658431155
280.162,0.7685752428491028,61.73775760608167,75.67727573379146
280.262,1.0014608558014046,61.871241199753705,78.53754954766754
280.362,1.3461544751186807,62.03428484479116,81.69402484296975
280.462,1.7466624943065128,62.218618879770816,84.87353965362759
280.562,2.1263049352484416,62.41164698797725,87.71244773698027
280.662,2.4118244803888516,62.602362429382254,89.89271016038096
280.762,2.5583896147607987,62.783655936413844,91.2689842279519
280.862,2.5635741041120923,62.95117966471527,91.9141020632822
280.962,2.465019165235482,63.10126049213554,92.06454089390938
281.062,2.3239326427287565,63.23022602341138,92.0130422415616
281.162,2.2011969511439915,63.33539512564893,92.01500258989216
281.262,2.1350193156159563,63.41626195329321,92.24340076141455
281.362,2.128934439987667,63.47461461097043,92.7852692990538
281.462,2.155376638411795,63.51373049699233,93.65577168489881
281.562,2.1731446023331173,63.53765739320436,94.81320975574626
281.662,2.149976592679778,63.55120806562408,96.17126504376493
281.762,2.078354261023925,63.56035576360693,97.61178176850842
281.862,1.976176313662009,63.57226794769022,99.00112188701553
281.962,1.8729944145148991,63.59455258765998,100.20899519723388
282.062,1.7913853930777393,63.633833807284795,101.12598888529048
282.162,1.7350791665546765,63.69393462845428,101.6787275257413
282.262,1.6896367837547288,63.77391759444001,101.84663460155966
282.362,1.6332721356043507,63.86663440275616,101.6806279498004
282.462,1.5506231425054082,63.95914180701983,101.30951510736728
282.562,1.4421437760003997,64.03619137950717,100.91470575903949
282.662,1.3243249455150377,64.08623827773306,100.67258956392206
282.762,1.2199759156502097,64.10721374512148,100.68711346342155
282.862,1.1434124157785632,64.10883880495116,100.94174902509958
282.962,1.0899022858182548,64.11005833549248,101.29549623751487
283.062,1.036774331458517,64.13261797992193,101.53580241597723
283.162,0.9551986803084205,64.19329813766757,101.47515794051634
283.262,0.824528178497971,64.29764873611396,101.04718348557036
283.362,0.6412276778493577,64.43754922405742,100.34840423126131
283.462,0.419452485020102,64.59360446175069,99.5973660448361
283.562,0.18475261440460855,64.74150963794311,99.02966874063289
283.662,-0.035706437575925065,64.85987441553672,98.78475834288305
283.762,-0.22226341874098665,64.93646289949011,98.84410354690053
283.862,-0.3670496680002415,64.97067185069685,99.05116578569766
283.962,-0.47131665187947647,64.97186354865201,99.20017005323973
284.062,-0.5377891540536766,64.95489963439503,99.14642071069215
284.162,-0.5634044548384836,64.93498035259866,98.88321707898727
284.262,-0.5376204940790501,64.92350003539687,98.55123971219226
284.362,-0.4477305618287488,64.92566360762666,98.38079765894715
284.462,-0.2879799616461014,64.93983422526804,98.59512519291764
284.562,-0.06708414250762473,64.9583449860104,99.31270353907121
284.662,0.18983656293775653,64.96957342469375,100.4831146686893
284.762,0.4457749957324708,64.96104743451912,101.88363203871143
284.862,0.6610916571839311,64.92313751456115,103.18932782982972
284.962,0.8041849770388012,64.85260358657288,104.09867771421526
285.062,0.8597769420125729,64.75491946782117,104.46054347087707
285.162,0.832283012745485,64.64405928370456,104.33909605742554
285.262,0.7442173022036087,64.53891831099043,103.98620650529841
285.362,0.6313920948822584,64.45719453440923,103.74180267307747
285.462,0.5364519776134458,64.40948588357807,103.91348527891466
285.562,0.5006885872033209,64.39665702638197,104.68268115757763
285.662,0.5536067709780994,64.41151434169183,106.06026020215435
285.762,0.702098773008963,64.44322016564523,107.89180141048661
285.862,0.92438824916416,64.48186606246372,109.90185208491351
285.962,1.1739069373825046,64.52150764227879,111.76447903459731
286.062,1.3934883897551487,64.56140327348609,113.18643173185575
286.162,1.5342199637647056,64.60594601593503,113.98489874522915
286.262,1.5708424655610003,64.66361467735543,114.13597272011737
286.362,1.5079271880172058,64.74486554052179,113.77152357139153
286.462,1.3755390802029765,64.85901672464033,113.12122133473886
286.562,1.2170184759840907,65.01094031972316,112.42633051806754
286.662,1.074032975638552,65.19908445583863,111.86651601769418
286.762,0.9746279787649712,65.41608478236905,111.52484408963014
286.862,0.9279120661853995,65.6518120378706,111.38761361079975
286.962,0.9253313186226606,65.89718668161159,111.36386073453329
287.062,0.9459635920654748,66.14673664859365,111.31778527824446
287.162,0.9630943470685409,66.39885917561344,111.11442516893456
287.262,0.950399778579694,66.6542210925154,110.67147072958514
287.362,0.887220340620928,66.91358934763187,109.99872454811555
287.462,0.7630605317118793,67.176152684342,109.20603838582409
287.562,0.5809978578210178,67.43871378022554,108.4716180787299
287.662,0.3585620744845883,67.69578754848334,107.97948151670346
287.762,0.12442132038160025,67.94059229446589,107.85141157830256
287.862,-0.08944866543968288,68.1668449165264,108.10388013579689
287.962,-0.2583022559882622,68.37106592764789,108.64618629941947
288.062,-0.3740538404883651,68.55464678899446,109.31408740017193
288.162,-0.4490323829733214,68.72437823077816,109.92309011513552
288.262,-0.5113358434452593,68.89019339808019,110.32703679947363
288.362,-0.5929834441344752,69.06017404310697,110.4671975074015
288.462,-0.7155267907243541,69.23497123417187,110.39530449893971
288.562,-0.8792207577037772,69.40503796988425,110.26006988764928
288.662,-1.0613060386196764,69.55295028786716,110.25904611588638
288.762,-1.225893267678046,69.66012927620461,110.57008881226943
288.862,-1.3418841593693642,69.71481169492444,111.28777264447504
288.962,-1.3993115827760647,69.71785743623278,112.39464746680255
289.062,-1.414489445950423,69.68444392382116,113.78440118976019
289.162,-1.4222054247338605,69.64133358341503,115.32327530594034
289.262,-1.4617069015454405,69.6203865271557,116.90840789438775
289.362,-1.5645009876193683,69.64953449254251,118.48418903092022
289.462,-1.7472201217615009,69.74304659451282,120.01138094698615
289.562,-2.008721798049109,69.89377309739085,121.41908780016436
289.662,-2.3301739460509694,70.07066059069508,122.5793221711545
289.762,-2.6781162927646562,70.22414902087273,123.32649943509955
289.862,-3.0108288761899757,70.29935856778961,123.51495538867874
289.962,-3.287151238179945,70.25307127079985,123.08407662611756
290.062,-3.4751387068801094,70.06779349410004,122.09634011256571
290.162,-3.557261417085428,69.75677510601854,120.72904764088364
290.262,-3.530432830140498,69.35785346724265,119.22257022114346
290.362,-3.4022863012829703,68.9193154450304,117.80482182288316
290.462,-3.1873308034538326,68.48454547506114,116.62034591316464
290.562,-2.905908900753694,68.08193949276202,115.69123183077272
290.662,-2.5854029160507963,67.72291406565178,114.92667446793928
290.762,-2.259471571225447,67.40640593866124,114.18222809247249
290.862,-1.9612503658911038,67.12563936772405,113.34922018861172
290.962,-1.711816033660341,66.87320787130801,112.43305703150278
291.062,-1.5112089692970159,66.64281290172984,111.57422640086756
291.162,-1.3393310467079331,66.42845166752667,110.9928565354769
291.262,-1.1669832615370197,66.22314474773651,110.88211386799372
291.362,-0.9692809452863429,66.01912910254673,111.3033600908607
291.462,-0.7324232105336534,65.8099867448109,112.13074441644068
291.562,-0.45147859812187363,65.59335063037402,113.06900603332011
291.662,-0.12416370889352635,65.37222778757548,113.74483993261268
291.762,0.2532280792274406,65.15408591145251,113.84925156836769
291.862,0.6851306843463334,64.94821558093389,113.27816665457527
291.962,1.1721173448863738,64.7623046816162,112.1976624048213
292.062,1.7054506031601377,64.59925299963203,110.9844133389224
292.162,2.264984961899394,64.45563980328095,110.06192417624857
292.262,2.82343780262687,64.32297244267248,109.7142285286688
292.362,3.3557876119723957,64.19117179982514,109.9624852002232
292.462,3.8483999289221202,64.05213910868548,110.54829595702353
292.562,4.302566520069348,63.90144734057952,111.0238899848074
292.662,4.731447060774933,63.73769007036398,110.91935266966536
292.762,5.153584633504536,63.560175862979335,109.92769863882626
292.862,5.586710417397988,63.36616136789272,108.02493767874498
292.962,6.043448260627777,63.14909926295552,105.45826577157226
293.062,6.52907368482618,62.89910531528272,102.60409903008905
293.162,7.041683121517181,62.60573568450721,99.7776357215842
293.262,7.575055725879324,62.261902994016594,97.10560463061945
293.362,8.123065206279584,61.86710499967233,94.52969983683894
293.462,8.683296492841016,61.42838036502562,91.9211154011812
293.562,9.257834398939888,60.95860011418862,89.21731010724326
293.662,9.85046629116156,60.47316176310442,86.48925255753095
293.762,10.461186964362323,59.98667690727723,83.90835562947615
293.862,11.080612557190705,59.51067598176631,81.65285677618668
293.962,11.687660651339154,59.052619331057734,79.82133502717886
294.062,12.252609101317361,58.61612224644901,78.40067277283634
294.162,12.744842716747097,58.20206818710496,77.29474951866959
294.262,13.142047180533666,57.81004013433088,76.38588227197916
294.362,13.437075902201236,57.43941357492569,75.58864570362971
294.462,13.64038758266943,57.08970895303381,74.869573802308
294.562,13.77810071072657,56.76032817135188,74.23522778738528
294.662,13.886316213584038,56.4502785599309,73.70958273344291
294.762,14.001642765369695,56.158489965255754,73.31447406607859
294.862,14.14840791404405,55.884703155479606,73.05046935937618
294.962,14.326252989708816,55.630183417688954,72.8761265975643
295.062,14.505066096293984,55.39744184203955,72.699404845788
295.162,14.63304021177623,55.18879081755711,72.40059246106941
295.262,14.656990256847596,55.00444702332455,71.88802720915065
295.362,14.546337776038293,54.84150596121368,71.15890131955052
295.462,14.309007230749089,54.694754806798315,70.32223677954508
295.562,13.99073979877576,54.558766780546925,69.55742618743533
295.662,13.657438780044114,54.42938630201275,69.02422670190403
295.762,13.36959292811845,54.30331537485706,68.77690961818949
295.862,13.162458787339048,54.176717435551666,68.7348239346575
295.962,13.040801415626653,54.04513270526692,68.72494813426948
296.062,12.986548371070736,53.905845729640006,68.5681145703617
296.162,12.971187260203862,53.7612270505231,68.15759324494493
296.262,12.966013736350337,53.620126425377414,67.48806172740501
296.362,12.948223472226182,53.495601271998886,66.62781425656564
296.462,12.904030553575687,53.40003777807331,65.66376440528795
296.562,12.830036982379312,53.34053024145434,64.66038642629347
296.662,12.732676391861744,53.31682777649303,63.65305579384733
296.762,12.624858694525361,53.32219680020842,62.66414222608226
296.862,12.520046563358008,53.346011613419506,61.71717813277506
296.962,12.426311542841738,53.37658066280893,60.83954365475759
297.062,12.343931935782514,53.40330502853933,60.062945506309305
297.162,12.26781601352722,53.418084843269746,59.42737274144589
297.262,12.192322987429272,53.41640688946493,58.977990754751886
297.362,12.114604218239933,53.39849562543038,58.74447288450122
297.462,12.034108908704575,53.370382545275056,58.71184809581554
297.562,11.948452136556874,53.34416505093239,58.80654728525343
297.662,11.848174248310169,53.33661701518924,58.91441165541454
297.762,11.714394941397366,53.36598360129361,58.92703132845463
297.862,11.522461282337801,53.44793971854208,58.794562450874906
297.962,11.250739485171085,53.59235282784895,58.555478692334674
298.062,10.889396469189045,53.80192313419072,58.32149511357771
298.162,10.443426182976907,54.072577073521266,58.22008338530787
298.262,9.92823117378159,54.394992642086265,58.324427566644786
298.362,9.36145545162351,54.75698820057585,58.610573884418386
298.462,8.757002821998999,55.14664155667741,58.96593483087217
298.562,8.124601539005972,55.55550561335562,59.24325026120289
298.662,7.47353129122331,55.980853932741596,59.32972640102726
298.762,6.816381323223801,56.426070064914555,59.19837752620637
298.862,6.169487078048135,56.89886586497276,58.92596436169573
298.962,5.549347872418373,57.40752730075191,58.67962973738456
299.062,4.966797026058593,57.95582787077902,58.67789897271244
299.162,4.422225509847173,58.538032075056236,59.13005475231451
299.262,3.9054167570332297,59.136288714542076,60.16588560159656
299.362,3.40161617360274,59.72231425330209,61.781504082306256
299.462,2.901568899011643,60.26312580963447,63.83050883064739
299.562,2.410495284272727,60.72858992810351,66.0744768113133
299.662,1.9517193274742226,61.09845184082703,68.27524833159292
299.762,1.5630571211686117,61.3674384780967,70.28173669272061
299.862,1.2859849325063522,61.547302755473474,72.06547799890274
299.962,1.1502376175390907,61.66444850922855,73.69625084196565
300.062,1.1601963631203347,61.75257996408431,75.28450906599069
300.162,1.290530766210928,61.84228085604882,76.92234953109046
300.262,1.4939427074973892,61.95194293631029,78.64456986289828
300.362,1.716564367403933,62.08449264329354,80.42523913829055
300.462,1.9132780525503037,62.23130604480924,82.21297644143792
300.562,2.0579321584338004,62.380631493711135,83.98145357835872
300.662,2.147266488572754,62.5254151639666,85.75401555832705
300.762,2.1983540254421143,62.66609288568336,87.57921159703753
300.862,2.239563620707756,62.8073350341887,89.47429010866159
300.962,2.297390370107408,62.95174974012805,91.37791190182334
301.062,2.3845171074233775,63.095379222196904,93.14599931001769
301.162,2.494693017635825,63.22817753259041,94.59991717439694
301.262,2.606441668318773,63.33891336990117,95.60811102364218
301.362,2.692736084824894,63.421095424375956,96.15886949862907
301.462,2.7312397667511945,63.4764754001352,96.37906555984097
301.562,2.710859598538029,63.514675216223765,96.48345017719578
301.662,2.633446356457185,63.54953463853886,96.6832923472361
301.762,2.511893309146842,63.59395237114745,97.1059816601173
301.862,2.3662535966657856,63.655417339729134,97.7640256175334
301.962,2.2184638487843316,63.734038439334306,98.57918321750573
302.062,2.0858394879878546,63.82359791329198,99.43822904582184
302.162,1.9748443102460058,63.91470151080914,100.24373913631847
302.262,1.8783782588235098,63.99835055732984,100.93194904775442
302.362,1.779495182426679,64.0683207081839,101.45724609197867
302.462,1.6612544669108544,64.12154040584628,101.7704249216466
302.562,1.5181987821622869,64.15713202280969,101.82137586724329
302.662,1.3627628485708314,64.17578169802464,101.59142791231795
302.762,1.2217328731375048,64.18042495741615,101.12911505714634
302.862,1.1232747154957679,64.17763146983741,100.55622756695463
302.962,1.080970471932737,64.17822750610891,100.03434674652719
303.062,1.0838103730272692,64.1959371126657,99.71115092498576
303.162,1.0983861047453871,64.24367644583305,99.67563946181627
303.262,1.082966098304837,64.32850956634239,99.93930541829887
303.362,1.0063228046558166,64.44767053660813,100.44155642026624
303.462,0.8615593337232923,64.58817465963875,101.06988828884136
303.562,0.6685915215430995,64.73072790924394,101.6903308208275
303.662,0.46537182135505617,64.85603193787205,102.18612819071438
303.762,0.2927811851712008,64.95028024252571,102.49332371692532
303.862,0.17961851603826062,65.00768219426637,102.61320502186719
303.962,0.13316881552518112,65.03008445463917,102.59047879146087
304.062,0.1384207481069879,65.0251161415592,102.4701790490709
304.162,0.16572586112972942,65.00395886054008,102.26386398261394
304.262,0.18341363830153767,64.9788553725843,101.94863509147989
304.362,0.16988331277642033,64.9602266408011,101.49626084531737
304.462,0.12021654388955483,64.95390837632459,100.90786053669265
304.562,0.04539683946743622,64.9595183506858,100.23006251939064
304.662,-0.03411115811974952,64.97065232167354,99.54603880362511
304.762,-0.09664194894126865,64.97686795957533,98.95076826041917
304.862,-0.1259399837492623,64.96689916176842,98.52455240908364
304.962,-0.11435132710609963,64.9323408474652,98.3152321426413
305.062,-0.06300298596424625,64.87085344609494,98.33371164309393
305.162,0.01962618870466315,64.78771291401063,98.56414539360067
305.262,0.12020640108746505,64.69475039521097,98.98884107045625
305.362,0.22457571812108768,64.60677979606889,99.62027914571148
305.462,0.32277797496228544,64.53698733233959,100.51836540652803
305.562,0.4127156377101784,64.49327936189408,101.76834001056413
305.662,0.49988087088456723,64.47677638045158,103.41824774388655
305.762,0.5930854095826774,64.48237024012151,105.4101741146356
305.862,0.6990010494420886,64.50066561250516,107.5539928395695
305.962,0.8187707053889426,64.52083119878141,109.56941362354874
306.062,0.9476280361916878,64.53413834896347,111.17808581464186
306.162,1.0760810580828633,64.537648681385,112.1959863579809
306.262,1.191082388808809,64.53679827468167,112.5790742020657
306.362,1.2770945618900953,64.54536931492011,112.40764996788454
306.462,1.3181381813322872,64.58224807220891,111.83242767210209
306.562,1.301878129876556,64.66604894184985,111.02201555830649
306.662,1.2254691564586508,64.8098407118629,110.13772506170079
306.762,1.1005786040801624,65.01791985386191,109.33051985464431
306.862,0.9534557867082611,65.28518804277252,108.73431956288223
306.962,0.8175598898474448,65.59850645470728,108.44007422144475
307.062,0.7210526195767883,65.93929025979547,108.46597182398594
307.162,0.6755479967492874,66.2870138311953,108.75617337225853
307.262,0.6717721174000744,66.6231650885248,109.22089452741093
307.362,0.6829488597497146,66.9345756860631,109.79151847725365
307.462,0.6729874117704782,67.21496140632325,110.44751717357187
307.562,0.6069390190882871,67.46437081688664,111.19708545853919
307.662,0.4627301035754101,67.6873093728103,112.03258421874739
307.762,0.24177395636670695,67.89062342590252,112.89463570948016
307.862,-0.026990291223810914,68.081796085949,113.66317168196281
307.962,-0.2947096839654151,68.26779734032932,114.17732170226341
308.062,-0.5111472348968462,68.4544024082865,114.28009915361335
308.162,-0.6458425207920442,68.64578969272534,113.87766787287774
308.262,-0.7005241486024403,68.8439759023679,112.99033658278347
308.362,-0.7060250443685945,69.0474982078362,111.76568099651001
308.462,-0.7059150442173632,69.2495235866221,110.44126304372429
308.562,-0.7356673220114018,69.43701178276785,109.27762292376295
308.662,-0.8075374815915453,69.59283535722152,108.49674502434848
308.762,-0.9085789747832465,69.70097422413558,108.2435446696771
308.862,-1.0129644979658963,69.75271481071319,108.56696985541092
308.962,-1.1013617592259166,69.75118554949431,109.41785588752816
309.062,-1.1750952643489612,69.71254637690275,110.66949970339314
309.162,-1.256615996654979,69.66345206227724,112.16183641062142
309.262,-1.3776772026861508,69.63524805621752,113.75381893782816
309.362,-1.5637767023692746,69.65584195894802,115.35866012693651
309.462,-1.8231028631567625,69.74076377806692,116.94220328613434
309.562,-2.143292296681416,69.88577728577422,118.48444983719355
309.662,-2.4949436255055986,70.06407648688018,119.92912370062118
309.762,-2.839156704448442,70.23055856408057,121.15864876070935
309.862,-3.136193696876333,70.33320908804204,122.019371046105
309.962,-3.3525378065517657,70.32811937536118,122.39013492084732
310.062,-3.464887929593992,70.19238447976089,122.25402334061758
310.162,-3.462095578928462,69.92990272810263,121.71965486870565
310.262,-3.34726055904585,69.56846159948164,120.96464739389833
310.362,-3.14018693572978,69.15022568601525,120.13179925009305
310.462,-2.8772124650135495,68.71976143843096,119.25112313153153
310.562,-2.604921094596392,68.31349021136305,118.24712214141118
310.662,-2.3673195494108086,67.95290107396964,117.03110796361207
310.762,-2.190361818767613,67.64233498846976,115.61809613618206
310.862,-2.070675340786515,67.37128929605971,114.1866484996043
310.962,-1.975128392856412,67.12053802568856,113.03383019889628
311.062,-1.8534422680731666,66.87026822670204,112.44657569946506
311.162,-1.6589264406550583,66.60733256592547,112.5635360024524
311.262,-1.3671382390821023,66.32898323270541,113.29936885390919
311.362,-0.9832628304415181,66.04240445727449,114.36051795345688
311.462,-0.5361717148797425,65.7613208490309,115.33905905791082
311.562,-0.06465818116883781,65.5013200210776,115.84850063971342
311.662,0.39669588696611413,65.27494377028297,115.6558915523226
311.762,0.8274601220867197,65.0875978777515,114.76324703354496
311.862,1.225101643849655,64.93564211434035,113.40339612521612
311.962,1.601483176383013,64.80743741428446,111.94407533080766
312.062,1.9735692665736124,64.68699285969824,110.73326744214248
312.162,2.353988308927292,64.55921375886423,109.95202506605816
312.262,2.747971657618315,64.41523817958405,109.54650870508507
312.362,3.1578020580734716,64.25553086117746,109.27652088245915
312.462,3.58890585175115,64.0885777266066,108.85455658005242
312.562,4.050670326709465,63.92516605230137,108.09376293435093
312.662,4.551010822857627,63.7708590895433,106.97864182498063
312.762,5.089924093377547,63.62034357731794,105.62852464969492
312.862,5.657777943888917,63.45656872681459,104.1972519095454
312.962,6.239739777588291,63.2556576432529,102.78491454336655
313.062,6.823001267571669,62.9959267029464,101.40993540989861
313.162,7.401591764612718,62.667016771748756,100.03356624331111
313.262,7.975813079774923,62.274705516123085,98.59442239173364
313.362,8.548063240123891,61.83893969303721,97.02319810814193
313.462,9.119524962905665,61.38587966916548,95.24465389072401
313.562,9.690133116925313,60.93767631634412,93.19139997957484
313.662,10.26007771438718,60.50487413830164,90.83682920480224
313.762,10.829377700485772,60.08488494117625,88.22782774920849
313.862,11.394078748642283,59.666652620607934,85.491294591654
313.962,11.941291842531257,59.23858327213352,82.80618344554388
314.062,12.447801074171803,58.795665599528675,80.3561259185518
314.162,12.886197202484581,58.3426447588929,78.28606719440558
314.262,13.237721341470145,57.89241198151861,76.67627864563993
314.362,13.504779231874053,57.46112260598977,75.5340567051079
314.462,13.71385205672036,57.06266766717746,74.80058289709613
314.562,13.904541523760592,56.70477955056989,74.37140279420528
314.662,14.10957573846039,56.387965127537015,74.12370195763069
314.762,14.336858245420387,56.1071888566911,73.9398230134848
314.862,14.56358926528631,55.85506083929487,73.72388527914231
314.962,14.745106835693523,55.6247643436179,73.4158944574936
315.062,14.832860130379139,55.41145975211636,73.00243203625391
315.162,14.792590409691876,55.21202223557801,72.51458120436246
315.262,14.61632441843328,55.02404436178672,72.00861288955815
315.362,14.326199757875823,54.84557287677789,71.53891707863951
315.462,13.970498262182943,54.67643044779183,71.13675828608086
315.562,13.612479703192644,54.52013069467841,70.79846645042095
315.662,13.313383184248679,54.38390648242073,70.47983942302815
315.762,13.113828924020737,54.2752332569698,70.09948977875939
315.862,13.02078714618736,54.1962041280935,69.5585840584332
315.962,13.006635394352038,54.13948074511093,68.77533942128474
316.062,13.021632226703904,54.08901671520974,67.71986190789825
316.162,13.014572247064724,54.02584633088226,66.43348925016736
316.262,12.952688322228894,53.936241473278244,65.02528819589551
316.362,12.832687976354428,53.81816750408442,63.646253256647896
316.462,12.678930987674384,53.68270237827284,62.44624195141198
316.562,12.530286096073834,53.549635517467394,61.5253402329283
316.662,12.422443451979415,53.439572340492,60.90095134938821
316.762,12.374583844309914,53.36649742380903,60.51183805598926
316.862,12.385656152845566,53.33384436967077,60.259405290091294
316.962,12.438425220603449,53.33479195119998,60.05869071784082
317.062,12.505779114327133,53.355637579734086,59.86673729185448
317.162,12.55644060712973,53.38049107144321,59.680044226458946
317.262,12.561331312635431,53.39584804709871,59.51651709876094
317.362,12.501719246608989,53.39421702290366,59.39741816617148
317.462,12.376550170894436,53.376402216206216,59.333526017828135
317.562,12.20397666298124,53.352112375809526,59.31793224297428
317.662,12.014021396809,53.33852022191775,59.33118214366584
317.762,11.834071214945382,53.35669740606074,59.357317009932785
317.862,11.673156827121424,53.42667848238718,59.395950467703756
317.962,11.512675591904607,53.56277736433067,59.455418715582525
318.062,11.309534838277191,53.77081689095714,59.531149376173374
318.162,11.012034084638927,54.047931526349714,59.59138570453358
318.262,10.58122708721655,54.38447342226183,59.58633886816405
318.362,10.006744026809457,54.76709586814311,59.47268509668085
318.462,9.309789206105442,55.18205482252845,59.23193464287657
318.562,8.534103822762717,55.61778077771692,58.87252774688825
318.662,7.731460627468024,56.06609441529221,58.42423186926095
318.762,6.948174744936516,56.522219191592775,57.93644086374462
318.862,6.2154488533774455,56.984402066426554,57.479434617277505
318.962,5.544098079581097,57.45373379084241,57.13914916952592
319.062,4.924910953074367,57.93372186375862,57.00366435471314
319.162,4.336221128331303,58.42850368724285,57.1521735434025
319.262,3.75741782429035,58.93935991012039,57.6554648336964
319.362,3.183105376923372,59.460788225932866,58.580566834146424
319.462,2.6309167969522065,59.978274472045584,59.980875769460894
319.562,2.1380034974445223,60.469495639152,61.86295061508119
319.662,1.7468974785825395,60.909410768646616,64.14746645961613
319.762,1.4881531518656885,61.277849060725444,66.66133936504012
319.862,1.3692196185688061,61.56644932750692,69.18676319894315
319.962,1.3740505985102232,61.78154429138502,71.5504926225949
320.062,1.4710478119218493,61.9415131845071,73.69749402892958
320.162,1.6237757061726086,62.07009520193168,75.69842433134451
320.262,1.7998264073220014,62.18914566614818,77.68942783321279
320.362,1.9755020998891766,62.31406377045785,79.78793340779835
320.462,2.1359470561836744,62.45288197199953,82.03161946844844
320.562,2.272106756638074,62.607490164762474,84.3602504745047
320.662,2.377346314326118,62.77474506235591,86.63504158543387
320.762,2.446438147291751,62.94675397847748,88.6827413974671
320.862,2.477486511066381,63.111550061864634,90.35295389355804
320.962,2.4749316503094505,63.25548085541154,91.57370588950751
321.062,2.450768616743325,63.36690012856191,92.38226068571576
321.162,2.4217571938708033,63.439261665996376,92.91107535421342
321.262,2.4025455718958852,63.472084934999806,93.33034969314208
321.362,2.3976972141539434,63.469937933198125,93.77368275291938
321.462,2.3975636703979433,63.440841761280865,94.28258298461267
321.562,2.381604856281939,63.39541943170555,94.79613491654385
321.662,2.328332416966134,63.347050712412674,95.1916024233952
321.762,2.2265199785046335,63.31212334210489,95.35818311259895
321.862,2.0811612821564722,63.30889245657155,95.26949076818987
321.962,1.9108846425051809,63.353853611094216,95.02024199328622
322.062,1.7387390833035,63.45591279310937,94.80969681831215
322.162,1.5818446771315422,63.61050738040927,94.87793334434402
322.262,1.4455713826075112,63.7971239207357,95.41795612700105
322.362,1.3252420289881215,63.98305390994579,96.49403043343133
322.462,1.2141129059478786,64.13326084784042,97.99834569278659
322.562,1.1121784771054521,64.22248751395139,99.66955275811242
322.662,1.0291696931403962,64.24408856628921,101.17171942197452
322.762,0.9790400422209586,64.21186557615363,102.20365462329774
322.862,0.9694314973209259,64.15483044163368,102.59748992033116
322.962,0.9927964904289013,64.1077021771198,102.37329935521363
323.062,1.0244122381155947,64.10074941302761,101.73117269730139
323.162,1.0289635766059035,64.15179767143769,100.98123410668133
323.262,0.9739139253012823,64.26203966817778,100.43593006068437
323.362,0.8446092765554951,64.41644408837888,100.30436156814406
323.462,0.6535615451587873,64.58877767165121,100.62461193772157
323.562,0.4375777558374949,64.74991050930743,101.255173610664
323.662,0.2429029829417857,64.87648433017448,101.93095231868261
323.762,0.10618548190902999,64.95662801524358,102.36923926362962
323.862,0.041377826041504306,64.99099979292774,102.38623294297533
323.962,0.03825248722388608,64.98987164464116,101.97262017477435
324.062,0.07135882770292312,64.96842135677588,101.29305231326144
324.162,0.11339714322218697,64.94224497621553,100.61101062517011
324.262,0.14576137500988295,64.92403771005164,100.17391892118023
324.362,0.16154423335782297,64.92140537699761,100.10773430458323
324.462,0.16147160569069285,64.93546514333694,100.36488675317592
324.562,0.14777910948097173,64.96025983007738,100.74772628908696
324.662,0.12148826440411398,64.98351164869176,100.99681746689275
324.762,0.08462322099121877,64.98928646017013,100.9044419689699
324.862,0.04418893388914569,64.96254685590765,100.40590129742677
324.962,0.013371182840714368,64.89462579613327,99.61590479309018
325.062,0.00822044645109088,64.78781667670306,98.7999621901844
325.162,0.041871574216948204,64.65696055583018,98.29012052666054
325.262,0.11953027326389787,64.52650333505984,98.37060734527117
325.362,0.23589294407034345,64.42324241966706,99.17220881295367
325.462,0.3753509767973995,64.36730113244646,100.61705782696197
325.562,0.5157505604909289,64.3651617633893,102.4403645036505
325.662,0.6362583428341253,64.40772088503479,104.28614037480946
325.762,0.7269894235183045,64.47398965742103,105.8428506919972
325.862,0.7948635050474309,64.53885485447664,106.96302166269993
325.962,0.8606476704774622,64.58213867155185,107.7077589765745
326.062,0.9469501723145441,64.59599875574504,108.28566705497394
326.162,1.062997742216261,64.58819798375836,108.91356626245312
326.262,1.1952806738676003,64.57992481751769,109.67836437928491
326.362,1.3106828219471964,64.59873931838,110.4828136401149
326.462,1.371294090156752,64.66931405595939,111.10624850595346
326.562,1.3529639049026656,64.80571685731675,111.33961775434892
326.662,1.2578665964018398,65.00817796655885,111.10984587243863
326.762,1.1149149244755776,65.26495912441487,110.52008939413358
326.862,0.9676418385673315,65.55756400754811,109.78844990026289
326.962,0.8550450313980846,65.86654171373807,109.12854563729502
327.062,0.79495333728768,66.17570068984486,108.64578234489227
327.162,0.778509643088924,66.47380248805966,108.30947371729536
327.262,0.7776125393117042,66.7540659326343,108.01207900107616
327.362,0.7595866391105517,67.012712368883,107.67137911792432
327.462,0.7008647643212313,67.24791368297828,107.30460045291338
327.562,0.5944602717174519,67.4598527558004,107.0256688124322
327.662,0.4504414507395538,67.65162435943479,106.9742439576107
327.762,0.2911957622765726,67.829895626445,107.23310634584757
327.862,0.14364652716139403,68.0041610684858,107.79139350206907
327.962,0.030250728125707838,68.18433122309854,108.57043417841453
328.062,-0.03915377921245522,68.37763732267629,109.48290392809338
328.162,-0.07205744848673135,68.58631945642831,110.47691534078942
328.262,-0.09235182883834625,68.80687541345793,111.53294900667399
328.362,-0.13330139725043466,69.03053479383028,112.61824209926488
328.462,-0.22621098743390888,69.24433514253899,113.63523270330185
328.562,-0.3884403210129719,69.43288570977222,114.40944161915937
328.662,-0.6152779962555428,69.58129966305371,114.74259815444779
328.762,-0.8795122991384972,69.67901718248324,114.51534559254168
328.862,-1.1401722132145125,69.72328342326969,113.78146931235699
328.962,-1.3584991940870452,69.72106461454577,112.78676904904304
329.062,-1.5155810539515286,69.68892068860653,111.88962906832245
329.162,-1.6234263136665774,69.65083189796289,111.42691219698855
329.262,-1.7220930117160904,69.63394029260353,111.6001946222087
329.362,-1.8617050984432595,69.66222211610385,112.43102381815831
329.462,-2.077126960620717,69.74888928362161,113.7826096929696
329.562,-2.368423207828492,69.88965912592536,115.41522358405837
329.662,-2.6979449608236266,70.05992489995135,117.0480131982273
329.762,-3.0060236328431813,70.2182522767166,118.41970864538843
329.862,-3.2366942839450914,70.31629327290231,119.34756015410264
329.962,-3.3593141083801257,70.31216790353442,119.77242919272283
330.062,-3.3756630555114526,70.1824381758873,119.7659662857998
330.162,-3.312043128064758,69.9282568153044,119.48418822855865
330.262,-3.2038485154034078,69.57381375230858,119.08229461082104
330.362,-3.0811481921178796,69.15833044696325,118.6350327653007
330.462,-2.960187799555534,68.72497408926584,118.10787561907702
330.562,-2.8420468347675722,68.31042251873932,117.39318440627338
330.662,-2.7174810795776523,67.93778918739207,116.38641348529154
330.762,-2.5749510297382088,67.614170422966,115.05908603038353
330.862,-2.40711410388797,67.33281285787385,113.49696180012242
330.962,-2.212017400725834,67.07877002319567,111.8969827271192
331.062,-1.989424964566119,66.8358421722586,110.53135379503374
331.162,-1.7365144874932312,66.59214566835225,109.68666208051786
331.262,-1.4467406710002848,66.34251597149243,109.5846813961681
331.362,-1.1120631389326903,66.08771795129712,110.29911236803986
331.462,-0.7264138767481043,65.83186984399234,111.69437172270887
331.562,-0.2886783832797022,65.57982818400568,113.41998907266344
331.662,0.19588979275238927,65.33577986862242,114.98713785781933
331.762,0.7167738651789648,65.10346978626087,115.92187501289885
331.862,1.261413106814949,64.88748912972814,115.9397078233805
331.962,1.8182087908661373,64.69410592214135,115.05355222597555
332.062,2.377231566557505,64.53016561892744,113.55046356646585
332.162,2.9289513005938304,64.40002111943319,111.8479516398643
332.262,3.463051505127723,64.3019825116986,110.31217532128849
332.362,3.968897448771635,64.22603941157625,109.13206320445249
332.462,4.437658300883157,64.15396716929958,108.29511092563652
332.562,4.865036706638193,64.06230371779266,107.64704739777466
332.662,5.253347708050285,63.92785604568933,106.98158557036473
332.762,5.611929266381644,63.73396946488535,106.11193346314113
332.862,5.955416623490983,63.47479154974107,104.90611709755038
332.962,6.300506054288782,63.15562522372585,103.29468119622274
333.062,6.663188569906559,62.789753017048994,101.26725560482673
333.162,7.058388327806796,62.39370188307315,98.86818320380696
333.262,7.501422284381455,61.98273652933209,96.19052443487384
333.362,8.008043263617012,61.56751546304639,93.36195261802649
333.462,8.590519274831564,61.152528981555015,90.52262200782492
333.562,9.250909001263512,60.73684890637671,87.8072134743341
333.662,9.975537301076834,60.317040039514936,85.34244120228459
333.762,10.734108299195505,59.89097926375264,83.25319633714133
333.862,11.48415621192239,59.46071811613603,81.65668805206126
333.962,12.179360581026721,59.03296653810118,80.63377521613567
334.062,12.779671519176116,58.6170191188477,80.18985709084264
334.162,13.261061791517253,58.22122679885294,80.22849095276135
334.262,13.621943853875319,57.8497333097921,80.55187242385226
334.362,13.882785217563729,57.50100394177495,80.88845179611998
334.462,14.077196487680538,57.16895753018054,80.94202169868684
334.562,14.236924560349973,56.84641416688626,80.45609047075968
334.662,14.377321593750384,56.52923497897445,79.28459606401829
334.762,14.49096760401207,56.21879059037705,77.45152653260759
334.862,14.55374494748991,55.921263334413844,75.17164297917817
334.962,14.540981614292086,55.64437468496273,72.80751454761797
335.062,14.445003865569603,55.3936517721331,70.76668375139754
335.162,14.28372524980853,55.1702018015852,69.37926827516957
335.262,14.094730677735186,54.970854688081985,68.80640194113539
335.362,13.91859707945946,54.790562396436655,69.00714073705225
335.462,13.78237723455019,54.626071686727286,69.76132426160598
335.562,13.69281435468578,54.478807018064956,70.73009708618225
335.662,13.640194825262839,54.35455724334659,71.53504739475272
335.762,13.606547124592666,54.2592172085393,71.84195408667988
335.862,13.57227300943839,54.19280937977013,71.43838994590416
335.962,13.520238620645866,54.14577067880437,70.29252217466907
336.062,13.439156820266717,54.10038889044951,68.57400951719579
336.162,13.326731723707624,54.037224878766516,66.61601587975404
336.262,13.190774162382088,53.94350376547332,64.81477357354889
336.362,13.046445921009695,53.819256481817675,63.49715264610548
336.462,12.910048677074968,53.67792623039156,62.80977864019633
336.562,12.79259276552084,53.54095619069083,62.67583783117708
336.662,12.697183443280935,53.4291499372359,62.837561228690674
336.762,12.621508209432449,53.35517728264009,62.97012455349822
336.862,12.562606067641564,53.32042522423012,62.82194213335464
336.962,12.519638286976527,53.31665971966548,62.31694341394598
337.062,12.492445106981577,53.33074506525654,61.56723055108543
337.162,12.47687142330183,53.34996968607898,60.79287050289172
337.262,12.460183251995971,53.366047080169096,60.19739279158388
337.362,12.420776403652315,53.37687596825452,59.86640181573367
337.462,12.334697186862606,53.38611903649042,59.73732232264727
337.562,12.186560733996156,53.40134327967158,59.648337147471636
337.662,11.977464662721719,53.43178429328324,59.43323693468254
337.762,11.722857027138797,53.486718849975894,59.006714578246445
337.862,11.44017831569871,53.574899446001155,58.397947397899046
337.962,11.134390720244511,53.70463418456194,57.72842080997272
338.062,10.792290235461898,53.88347876647617,57.15873366847312
338.162,10.39063636137423,54.1168985257054,56.830554921440125
338.262,9.91269479591006,54.40648854750371,56.81916690495362
338.362,9.36149404500376,54.74909753749384,57.107837209859255
338.462,8.761211294886959,55.137590499723764,57.594001820134466
338.562,8.14712199230516,55.56272586974864,58.12755313986287
338.662,7.551287503663779,56.01505030878867,58.566808753246576
338.762,6.991242053294563,56.48620602687878,58.82950387748576
338.862,6.464814557044015,56.96985500713739,58.917777205999826
338.962,5.950957705641905,57.4625567840954,58.90652591739979
339.062,5.416164394109487,57.96416685365613,58.90285588923008
339.162,4.826216473142047,58.476654382749075,59.00013141842874
339.262,4.160796143736185,59.000801149053096,59.24883920960558
339.362,3.4256202476694995,59.531724443949535,59.651767360599294
339.462,2.6570438083228822,60.055325267288104,60.18043949574596
339.562,1.9174403154655906,60.547981707480346,60.80850408494949
339.662,1.2826842817018616,60.98096958407718,61.55378167742276
339.762,0.8242492870791551,61.329080152273974,62.50757685714726
339.862,0.5894527165285197,61.58032533183684,63.82360283175554
339.962,0.5856326244430718,61.74205899668462,65.65862784793482
340.062,0.7756706052627038,61.8398041036021,68.09240664740946
340.162,1.0891450984330149,61.90869890531148,71.07272448830076
340.262,1.4449988746765214,61.98172425792699,74.41736730413469
340.362,1.7746482302905093,62.08055971566861,77.87354740191427
340.462,2.035765781042329,62.21271790752706,81.2068376040213
340.562,2.2144690761043293,62.37445333809487,84.27571258811967
340.662,2.3197667808325306,62.55594989722273,87.05150320536424
340.762,2.375076170987043,62.74525883439436,89.57176223736408
340.862,2.409317582662162,62.92988364659956,91.85612930289446
340.962,2.448130196167888,63.09739479257831,93.84149024537969
341.062,2.5061396323319656,63.23676991352477,95.38716223094299
341.162,2.582633287103512,63.34048005190189,96.35830269152176
341.262,2.6625384568864234,63.40592187799642,96.73619816945404
341.362,2.722024427661907,63.43517652413315,96.67237864945055
341.462,2.736133827418797,63.43352782674344,96.43807807071676
341.562,2.686024305912227,63.40805597165885,96.29852913873994
341.662,2.564303349635992,63.367299798736546,96.39217172460202
341.762,2.3773321572902333,63.32195268852889,96.68192895298814
341.862,2.143678123561969,63.28558503856377,96.99636805054243
341.962,1.8887876432126376,63.2740128883224,97.132303616869
342.062,1.6374546828005805,63.30240351470699,96.9654022011176
342.162,1.4072280717070953,63.38041120957112,96.51763256238884
342.262,1.2061728798576041,63.50709198355101,95.95628779542686
342.362,1.0360011344537128,63.66831525962465,95.53128301075692
342.462,0.8975319466517249,63.83901955226236,95.47804459295703
342.562,0.7935403360655471,63.990537884217865,95.91972639569346
342.662,0.7267984511147105,64.10032000316112,96.80222572810948
342.762,0.6959031905087301,64.15982872260457,97.89186346152994
342.862,0.693464449559464,64.17739671509175,98.85091157007645
342.962,0.7088387391549986,64.17532265102952,99.37259480152892
343.062,0.7331775721394393,64.18251519908286,99.31664916525384
343.162,0.7618708649154797,64.22489601138038,98.77248255639144
343.262,0.7914926986945048,64.31626160596991,98.0123520533343
343.362,0.814156177993901,64.45279696644506,97.36105168535204
343.462,0.8157958332820101,64.61398390396047,97.0536395618836
343.562,0.781275689072416,64.7701788646972,97.15087996101221
343.662,0.7019494571508389,64.89361469926862,97.54294661615556
343.762,0.5793926737721762,64.96772947977269,98.02413042307796
343.862,0.4242158014619264,64.99107332048783,98.39080537662987
343.962,0.25342555328049343,64.97528678016539,98.51432191154787
344.062,0.088698722900169,64.93930868077483,98.36517627140773
344.162,-0.04557041094723502,64.90276707523898,97.99606198224407
344.262,-0.1266973351302596,64.88077112435818,97.50881360284154
344.362,-0.14059354359864784,64.88105969984855,97.02576980789947
344.462,-0.08779345060678878,64.90345065149228,96.66901223181883
344.562,0.015676113998857488,64.9410269057918,96.53993903812257
344.662,0.14413511736044882,64.9823979948504,96.69677398970937
344.762,0.2719734536124818,65.01448925388763,97.13895567135376
344.862,0.3819023113786386,65.02544668650437,97.80831956941785
344.962,0.4675199621092929,65.00729646819397,98.60604232166924
345.062,0.529852913694981,64.957956652337,99.414999214171
345.162,0.5712379423587208,64.88211248866831,100.12048722623956
345.262,0.59104802293718,64.79046001576195,100.63357670139168
345.362,0.5862192091637581,64.69712215076665,100.92380193116236
345.462,0.5565259148538431,64.61578124273633,101.0529531005352
345.562,0.5114642345170637,64.55591732380817,101.18522158445857
345.662,0.47389828054831185,64.520732382351,101.55340181451726
345.762,0.47639187216664425,64.50752959126233,102.38412392863091
345.862,0.5495997208908818,64.51014104442868,103.80554714651612
345.962,0.7071142118158065,64.52233557518541,105.76939149664179
346.062,0.9348044830288416,64.54110970865035,108.02159808029214
346.162,1.1916036826665959,64.56890401006248,110.14967736262938
346.262,1.4226195139785887,64.61386613313573,111.70840059023956
346.362,1.578509681799403,64.68762800537398,112.38280833308485
346.462,1.6322980815755415,64.80107181286952,112.11603168709829
346.562,1.587185991720105,64.95991445334337,111.1376459536491
346.662,1.4734155475601938,65.16248715839124,109.87688845247172
346.762,1.336194602706172,65.40087391994322,108.8029671309389
346.862,1.2195473344183725,65.66430736052702,108.2646008577062
346.962,1.1521721137428784,65.94245979031918,108.38862809446809
347.062,1.1398512191808479,66.22696708861386,109.06038364982197
347.162,1.1653848204776125,66.51106570803256,109.97772758766521
347.262,1.1942463469684697,66.7883196129006,110.75852663523034
347.362,1.1837831010455844,67.05176063198864,111.0723219103389
347.462,1.0944741064845545,67.29440480820443,110.75051402347486
347.562,0.9016645233161427,67.51123117910763,109.8277671588558
347.662,0.6053638013210545,67.7017223047141,108.50308876828734
347.762,0.23507788007620434,67.87140376529706,107.05813136880687
347.862,-0.1534333320583059,68.0310496274988,105.78350896245098
347.962,-0.49163933039510965,68.19352833043162,104.93301751918952
348.062,-0.7205148798065295,68.3697138502808,104.6931644057886
348.162,-0.813509745452663,68.5652323592532,105.15641064641505
348.262,-0.7876279158909654,68.7788900160159,106.30597546426316
348.362,-0.6951239509846303,69.00249550457956,108.02159176787424
348.462,-0.6008337455940023,69.22166265072678,110.0976720142688
348.562,-0.5580496765345302,69.4179603704652,112.26035661895122
348.662,-0.5931956730070596,69.57297974824229,114.1900489375802
348.762,-0.7024730170747375,69.67370666295719,115.57251489799137
348.862,-0.8589981164815228,69.71724436828987,116.18560535227977
348.962,-1.0270766933447888,69.71294691659622,115.99015247202723
349.062,-1.1788686505291466,69.68120762891968,115.17143981782658
349.162,-1.3073338916849337,69.64924583364154,114.09814095722547
349.262,-1.4294721926014802,69.64467465460422,113.21337284531987
349.362,-1.577327463718646,69.68782459585016,112.90551025450284
349.462,-1.7806542122763247,69.78430369435756,113.40237379825894
349.562,-2.050203011030149,69.92009924258689,114.70989305867732
349.662,-2.3697917524640175,70.0619506890777,116.60360874777348
349.762,-2.6996920169695144,70.16468359251895,118.68083000836836
349.862,-2.98846589555167,70.18426848088019,120.47420279000437
349.962,-3.1881667665200624,70.09186937977638,121.60106954645309
350.062,-3.2677342452401703,69.88274172638914,121.89052553391988
350.162,-3.22027485390047,69.5761359080021,121.4252926509445
350.262,-3.0624584637347567,69.20697026729287,120.47517455999247
350.362,-2.828061627674444,68.8137454166935,119.3584979721123
350.462,-2.559451805670051,68.42793030586161,118.30739780552545
350.562,-2.2989585459309794,68.0682625391302,117.40712753958852
350.662,-2.0800007303757653,67.74066729775114,116.62909482648584
350.762,-1.9188306506790695,67.44212262342565,115.91474976771585
350.862,-1.809986708703839,67.16566820039493,115.24229198360374
350.962,-1.7283128846401539,66.90430531934061,114.6392272389165
351.062,-1.6374555311369932,66.65310432164746,114.15567513139337
351.162,-1.5016348265694504,66.40993059405888,113.83478031357646
351.262,-1.2960282441832263,66.17510885015584,113.69764921247258
351.362,-1.0119479351568685,65.94994894128563,113.73602357057291
351.462,-0.6560302724687119,65.73450295767967,113.90463968861212
351.562,-0.24572478801453457,65.52591189285602,114.1178943484808
351.662,0.19617894849466921,65.31889177047672,114.26120296149949
351.762,0.6468372385627248,65.10871887666734,114.219513800893
351.862,1.088184126296504,64.89521568600331,113.91081003848572
351.962,1.5106360098783966,64.68504152929779,113.30652359927942
352.062,1.9149088230896112,64.49021243443812,112.43185049496185
352.162,2.3116857629961487,64.32308876830002,111.3525015245545
352.262,2.7188376510277408,64.19031606573444,110.15354228899199
352.362,3.155729369362021,64.08872911375633,108.90908741012524
352.462,3.635476513164825,64.00505654174756,107.64714808308321
352.562,4.158501496117964,63.919366671786996,106.32922081296667
352.662,4.711498902597029,63.81043389138538,104.86800704183571
352.762,5.273126090009157,63.660449385254815,103.18618079856722
352.862,5.8233406517601765,63.457383677218814,101.28530272673942
352.962,6.351005863198161,63.19516897492539,99.27488118185872
353.062,6.855911053725002,62.87304056491572,97.33089364181419
353.162,7.345417060107721,62.49511480622101,95.60273845615293
353.262,7.829460678758238,62.070324720635526,94.12701015732593
353.362,8.317791458410468,61.6120027882383,92.80366846280117
353.462,8.81998325308189,61.13619405017916,91.45078294964986
353.562,9.34547081902737,60.65864994924056,89.90608726184925
353.662,9.901131362440413,60.191756155452126,88.11574877727723
353.762,10.487004779178164,59.742855693380726,86.15997956598882
353.862,11.093000681045723,59.314379722865446,84.20463934946649
353.962,11.699055272392954,58.90522510801343,82.41165839272219
354.062,12.279094651321618,58.5126125876668,80.86277585696125
354.162,12.807107983773019,58.13380046555322,79.53955156745806
354.262,13.263144931309501,57.767152928278215,78.36621322007463
354.362,13.637929925559277,57.412284523009575,77.28273263881611
354.462,13.935068632823729,57.0694452749952,76.29848915999409
354.562,14.169114720730168,56.73880273358105,75.49377584242724
354.662,14.358508476316434,56.420462678223686,74.97146100237524
354.762,14.515847023481385,56.11561701909603,74.78631042747129
354.862,14.640955997822843,55.828180736760125,74.8865202869312
354.962,14.720966000166356,55.565457826952915,75.0993319767287
355.062,14.737098814139344,55.33660856383478,75.17873245674001
355.162,14.674298755454888,55.14891884760056,74.90062944408473
355.262,14.529123530306542,55.00336717169848,74.15504420197331
355.362,14.312975882257067,54.89195092869784,72.98241012954384
355.462,14.050790253488206,54.79880542855341,71.5418021165317
355.562,13.777334885324578,54.70508082867319,70.04240838388837
355.662,13.5319980567279,54.59514098033367,68.67572462679135
355.762,13.350341565977658,54.46086758058846,67.56497431041004
355.862,13.252134751965897,54.302406823435106,66.73470662690305
355.962,13.231253309717474,54.126281555584974,66.10701336326812
356.062,13.255448619967918,53.94307016943973,65.53397048555168
356.162,13.278555133597628,53.76577779861905,64.86349582732075
356.262,13.259027425964405,53.60818824513663,64.01294463012806
356.362,13.175220810573656,53.48224299061036,63.01314270295241
356.462,13.031503591849077,53.394992693647396,62.000318126693514
356.562,12.85504620331223,53.34681635874722,61.162513097546
356.662,12.686155564681027,53.33194636963943,60.66608368996515
356.762,12.565333857713377,53.34073870356973,60.590178309078695
356.862,12.52033375232346,53.36226372201669,60.89173096018486
356.962,12.556901916243035,53.38614089884708,61.414032596221105
357.062,12.655962074800758,53.40343125306815,61.93566567309644
357.162,12.777541241672324,53.40710597837691,62.23902396269936
357.262,12.870172745472694,53.3928012276109,62.17252266749695
357.362,12.884498389884797,53.36022935983368,61.69091969826751
357.462,12.788826151098718,53.31493396905567,60.86869539150891
357.562,12.58137970883066,53.269393538881936,59.88178536470767
357.662,12.291969537787523,53.24224804610366,58.95485059215757
357.762,11.968829997146912,53.25505817204945,58.28678250179732
357.862,11.65462821299355,53.32744966598692,57.984079102292895
357.962,11.363862920237331,53.472754235786915,58.03003228922631
358.062,11.07479644134079,53.696004304435164,58.299190119269625
358.162,10.740833150847894,53.99442424743221,58.60947495771684
358.262,10.314956111590039,54.35913733961387,58.795210846397254
358.362,9.77411582569739,54.77690463988483,58.77495342811477
358.462,9.131192668466973,55.231655922393436,58.58055832212945
358.562,8.428903111344411,55.70624135022576,58.32653643972995
358.662,7.719454911677964,56.18491688055373,58.13479439778088
358.762,7.041150041964194,56.656547322306984,58.06263081707246
358.862,6.404124661207646,57.117472478226894,58.082437932245796
358.962,5.791471984991368,57.572273535119045,58.12686586094304
359.062,5.173274646902577,58.03125751609768,58.166553677123744
359.162,4.525128373180408,58.505079415988504,58.26375674681141
359.262,3.842362442463397,58.99832149702414,58.56467689598051
359.362,3.1450442441114035,59.50437663067786,59.238305440680534
359.462,2.4735901097418775,60.00383918247486,60.4000107526938
359.562,1.877823538421275,60.467845677750674,62.05705690580935
359.662,1.403316020201892,60.866128922800165,64.0971985298073
359.762,1.0790310622152433,61.177329127739775,66.32622620432052
359.862,0.9102416848032888,61.39754244778168,68.54385164988278
359.962,0.8793814590044917,61.54316777265134,70.62759036853335
360.062,0.9542719438175737,61.64619387234672,72.58316587258794
360.162,1.0997281814079969,61.74363393159415,74.53233256852883
360.262,1.2873653222820138,61.86583835434299,76.64246929160888
360.362,1.4998211209244516,62.0286158217593,79.03361394505272
360.462,1.7281556659616513,62.23147953750397,81.70602143040126
360.562,1.9643693271354437,62.46107923288531,84.51652803543901
360.662,2.194216158336978,62.69698771198456,87.21237361844454
360.762,2.3959661152715768,62.91724778792251,89.51449090708147
360.862,2.5465944067570376,63.10279168784557,91.2227580867048
360.962,2.631159480321763,63.241101877265294,92.29689288063294
361.062,2.648907510819427,63.32902928647092,92.86962915161068
361.162,2.612253320000903,63.37361756776067,93.18249764501158
361.262,2.5397205833268544,63.389914045394846,93.47696322212121
361.362,2.4477598594354575,63.3960947941534,93.89629457590188
361.462,2.3464178839415766,63.40749231067119,94.44454517164779
361.562,2.240054976445414,63.43161232786396,95.01466627547646
361.662,2.1304700958121217,63.46609825521973,95.46069862363
361.762,2.019402215793548,63.500849968828824,95.67454550602751
361.862,1.9092675383935074,63.52393647841278,95.63904304882232
361.962,1.8022931742157056,63.528934973698576,95.44537446053477
362.062,1.69879107036396,63.52007663464339,95.27011820929043
362.162,1.5962533763957722,63.512204041039766,95.31460136592622
362.262,1.4913059370411972,63.52495691763851,95.72601761437612
362.362,1.3844499282614748,63.57357096471538,96.53351985195089
362.462,1.2840203284170713,63.66077029572824,97.6281138911504
362.562,1.2049871272941104,63.77424299445414,98.79629495769612
362.662,1.1616917964628826,63.89152868361017,99.79432600505511
362.762,1.1581037098673193,63.99001636055933,100.43006714339886
362.862,1.1813313803925638,64.05694790419605,100.6157260750749
362.962,1.2031044652817968,64.09471041853625,100.37606583673562
363.062,1.1898947502991177,64.11947475137248,99.82388660984233
363.162,1.117006451082986,64.15425179606461,99.12307978015853
363.262,0.9791796953700569,64.21934921825498,98.45082204501944
363.362,0.7923122850862683,64.32387878972405,97.96205883109398
363.462,0.586184865590667,64.4615965549497,97.75944278926862
363.562,0.3928631123912396,64.612912116522,97.87552937448736
363.662,0.23668355084028292,64.75236985358832,98.27308354469567
363.762,0.12919824219034837,64.85820889948091,98.86315846795213
363.862,0.06908057374995025,64.91960945859336,99.53508802107662
363.962,0.045630327253519454,64.93885956098235,100.18984779375755
364.062,0.04482993096308263,64.92857866442681,100.76706879733325
364.162,0.05654591982750645,64.90616086703133,101.25613744543492
364.262,0.07983117147689711,64.88792563194453,101.68436291481103
364.362,0.12259807088437924,64.88465255319541,102.08291036675276
364.462,0.1943201241736432,64.89912739930871,102.44355105105103
364.562,0.29524838357736627,64.92568526399145,102.68901667110168
364.662,0.40951688246146034,64.95166021222063,102.68015042734537
364.762,0.5083322959318934,64.96075705732417,102.2712288863472
364.862,0.5627364348294392,64.93810384437391,101.39955413201872
364.962,0.5585362679643779,64.8759432741016,100.16488923471978
365.062,0.5045759491853659,64.7779526953601,98.84386208559512
365.162,0.4297241279795756,64.65980414420684,97.81545518032934
365.262,0.3702333833099942,64.54460075701111,97.42859344310662
365.362,0.3542665262194049,64.45441359371382,97.87563984292777
365.462,0.39181313170200127,64.40187704859375,99.12475330577398
365.562,0.47452055969412754,64.3862460890665,100.93052121857467
365.662,0.5834484068569736,64.3956508293985,102.91440234968046
365.762,0.698752793799045,64.41368104591143,104.69006164881952
365.862,0.8065070705107331,64.42672075354716,105.99363245058154
365.962,0.901374864884481,64.42917517699999,106.76634348759774
366.062,0.9855605224243931,64.4254026483823,107.14790693781362
366.162,1.064244267523513,64.42842526701718,107.38284582275497
366.262,1.1384662444803908,64.45613899107714,107.68965466148907
366.362,1.199094336228633,64.52616222283197,108.15828222513991
366.462,1.2269543383701702,64.65082679044278,108.72121589539245
366.562,1.201144988227668,64.833868946772,109.20585494300923
366.662,1.1116301463770597,65.06974911440065,109.43706864395682
366.762,0.9685237359674446,65.34534904923905,109.3339604656858
366.862,0.8019189757652896,65.6429435181461,108.94973853616261
366.962,0.6513943651171274,65.94349360959369,108.4391211300055
367.062,0.5502251227974995,66.22989914381752,107.98091659756494
367.162,0.5121960905858884,66.4899714558533,107.70319932515483
367.262,0.5267515913915659,66.71865429581017,107.6442413128193
367.362,0.5632412595133189,66.91891520744144,107.75382433855958
367.462,0.5814927350773971,67.10073302949209,107.92254218987247
367.562,0.5451550706566124,67.27785998502402,108.0266104899579
367.662,0.43437569537873344,67.46293804813837,107.9798451191098
367.762,0.2541586031250347,67.66275807373006,107.78127216863828
367.862,0.03486661421553805,67.87593772948344,107.53843350244617
367.962,-0.17698668399525985,68.09438358073406,107.44565488690861
368.062,-0.33572063203059344,68.30793394747545,107.71348289321608
368.162,-0.4147841848869547,68.5097642416467,108.47458731915106
368.262,-0.41802194649156377,68.69957828313827,109.71150568651876
368.362,-0.3785444013684227,68.88258430554839,111.24520845245888
368.462,-0.3457166645654013,69.06448464330686,112.79324674451667
368.562,-0.36574085078310503,69.24531493249839,114.06952076549905
368.662,-0.46360333367731954,69.41618637987055,114.87571300649375
368.762,-0.6338401736776191,69.56143795309674,115.14464633025437
368.862,-0.8444712058736883,69.66528406037989,114.93328334864648
368.962,-1.0527043678921473,69.71941596093083,114.39276124285459
369.062,-1.2250150331583143,69.7279167333598,113.73719951297556
369.162,-1.3520352869189765,69.7075951481102,113.20918621559119
369.262,-1.4519281885924542,69.68372436345078,113.03327754110953
369.362,-1.56154970218401,69.68238044826917,113.36375693861206
369.462,-1.7190741854050273,69.72134600210325,114.24524438392308
369.562,-1.944420454577667,69.80217479930123,115.60139126311338
369.662,-2.225624192893804,69.90635197659168,117.25596097468039
369.762,-2.519016486800311,69.99802729467429,118.9795967702554
369.862,-2.7658004548185033,70.03392551763714,120.54432169760526
369.962,-2.917741767243058,69.97770102309201,121.76219840805646
370.062,-2.95735523464748,69.81282597243897,122.49569706284703
370.162,-2.9011284443516985,69.5478569289975,122.65187324538923
370.262,-2.786205909650249,69.2116577965369,122.18665234199108
370.362,-2.6509866315647272,68.84147854307533,121.12965350480769
370.462,-2.520842366809866,68.47006982575357,119.6086725692935
370.562,-2.4035983894355155,68.11756306214812,117.84324444540303
370.662,-2.2924319481563273,67.79051657689688,116.09918690343824
370.762,-2.1715198410433914,67.48650402859253,114.62270278827515
370.862,-2.021955435166575,67.20023320607402,113.5796956685677
370.962,-1.8281068213844733,66.92763851889364,113.01805071639654
371.062,-1.5843695369554922,66.66677811054173,112.86114705036144
371.162,-1.2997931913752154,66.41654508175618,112.93455353556348
371.262,-0.9966600275417363,66.17495352385393,113.0219865531459
371.362,-0.7011378423559762,65.93848395215558,112.93700680951213
371.462,-0.4289371184357975,65.70329307192695,112.58617296625158
371.562,-0.17329083485909536,65.4679150853832,111.99817125790454
371.662,0.0969262132579658,65.23568731062426,111.3072396865611
371.762,0.4256476070144686,65.01480017422966,110.69965446181038
371.862,0.848760789135774,64.81524780872876,110.34572687558031
371.962,1.3743205688722213,64.64406356459943,110.34000504968114
372.062,1.9752885166670922,64.50156606861995,110.66464877159925
372.162,2.600242208059221,64.38090210954448,111.18565942003946
372.262,3.1968090290692714,64.27096634898105,111.6874615033069
372.362,3.7343292051107966,64.16037657609986,111.93620213046526
372.462,4.213053259297716,64.03972878202411,111.7400912178673
372.562,4.656446406405749,63.90125783781578,110.97487252217823
372.662,5.093644532184172,63.7373337052538,109.57704779363851
372.762,5.543561950208016,63.53983114539047,107.54066673042226
372.862,6.008597635440886,63.301282803421145,104.94087051183706
372.962,6.478343160448489,63.01724399331155,101.96006557830252
373.062,6.938538816905805,62.68840527304514,98.86814255774709
373.162,7.38034363785512,62.320993646915625,95.93951887795745
373.262,7.806840735448361,61.92505141686834,93.34702619153167
373.362,8.234538768035023,61.51162616342355,91.10044926461278
373.462,8.688513971007847,61.090357138036865,89.07218290358456
373.562,9.192505410408337,60.66808667195901,87.09500946072164
373.662,9.758036121823018,60.248303709555294,85.07001575726753
373.762,10.376981439719536,59.831370644259025,83.0198894931764
373.862,11.020453212344854,59.415782915915074,81.06425317624033
373.962,11.645255618696744,59.000225937954745,79.34559926859785
374.062,12.207153315535418,58.58546912352572,77.95823289027086
374.162,12.676560682550246,58.175157339801295,76.91675807816392
374.262,13.049216417264386,57.7752411383816,76.16599182552805
374.362,13.346087699325686,57.3924249625818,75.61024440166095
374.462,13.602586474723552,57.0323166892499,75.1396835029668
374.562,13.8520466083822,56.69801596922881,74.64717520316445
374.662,14.109927307882778,56.38973043287142,74.04277832734068
374.762,14.364909005163462,56.10560223763228,73.27300445633878
374.862,14.58101868661813,55.84329369524557,72.34055622123009
374.962,14.710347650181227,55.6013928296654,71.31024978891064
375.062,14.71150954713994,55.37980359027559,70.29061382141364
375.162,14.567736579165235,55.17892749220709,69.39706729829336
375.262,14.298798896968592,54.99824429639532,68.71463882048745
375.362,13.960978341706628,54.8354504724471,68.27476030783602
375.462,13.631996634931845,54.68698404267871,68.05056051018595
375.562,13.385113007425407,54.54939697142027,67.96923269661349
375.662,13.263770394546665,54.41995418656384,67.93662530251288
375.762,13.268297306081152,54.29560954272369,67.86408585598942
375.862,13.359064785551062,54.17160935916363,67.68535885720542
375.962,13.472556778667776,54.042004874857426,67.35904971448063
376.062,13.543049504357622,53.902872901165246,66.86517033768749
376.162,13.522703985823313,53.756320857387834,66.20656226518872
376.262,13.394642656838819,53.61203084264493,65.41295135555308
376.362,13.176044763303828,53.48456506493451,64.53558351238334
376.462,12.911183897037333,53.38772398469237,63.62985759620484
376.562,12.657218315100021,53.32923473702702,62.740107235322455
376.662,12.467656659576676,53.30842798242359,61.90110980322403
376.762,12.378378623617664,53.317344837525226,61.15257203077758
376.862,12.398786021175994,53.34391850388401,60.54700229406201
376.962,12.508722085128241,53.375446999541204,60.13583722608031
377.062,12.661913575681833,53.40118198007291,59.93765696588679
377.162,12.79676767907895,53.413770959538525,59.90769464282239
377.262,12.853231003759483,53.409933003290384,59.93104477294443
377.362,12.791248550611865,53.390877132416435,59.853587238928625
377.462,12.604529552897521,53.362681643002176,59.545398532353346
377.562,12.323726268955497,53.33641511768356,58.96836670114247
377.662,12.00568636401863,53.327463181737414,58.209636171452175
377.762,11.71046327948006,53.35354559857719,57.457244289159945
377.862,11.474686843455277,53.43142489909343,56.92737623049841
377.962,11.294580404548494,53.57316698283925,56.78196879429538
378.062,11.128494245748588,53.78335245793164,57.07872520901728
378.162,10.917277784673814,54.05830934889782,57.77004263095073
378.262,10.610079466344484,54.38758023528573,58.734976645009624
378.362,10.182065775234861,54.75711548096922,59.81590572715133
378.462,9.637944496747387,55.153218108919695,60.84309184025349
378.562,9.003406526638603,55.56599662138309,61.64834879243054
378.662,8.31117750601576,55.99123345816414,62.08082761840039
378.762,7.58944170712136,56.43023559356197,62.04071358994136
378.862,6.8579012839012705,56.888052967516984,61.53107790074472
378.962,6.130727191406699,57.370847338100624,60.69500735456218
379.062,5.42040808620132,57.88284355989463,59.79275724989115
379.162,4.737416897149821,58.42279247881868,59.11521813824075
379.262,4.086916373647213,58.98032099102714,58.88850472769643
379.362,3.4684677611503005,59.53390291474756,59.23090632505375
379.462,2.88226419306131,60.05290184102403,60.17149996547664
379.562,2.3379967662928394,60.50482284430883,61.68857651864687
379.662,1.8585128176610723,60.86586848022016,63.72320517377128
379.762,1.4745295302059134,61.13017264197187,66.16335707728051
379.862,1.2136883858990544,61.31293411567514,68.83468944253414
379.962,1.0901279266433903,61.445436946978205,71.53224631356287
380.062,1.098844179991751,61.56389880240203,74.08210603647531
380.162,1.215933010333977,61.69710384633687,76.38614607471109
380.262,1.4042322232086804,61.8582945144577,78.42187251094948
380.362,1.6237128981252553,62.044401373569315,80.21784591796187
380.462,1.8445669605689972,62.24184011480136,81.84227054012709
380.562,2.057440033518489,62.43509815365287,83.41122756319346
380.662,2.2734406160620892,62.61353016064112,85.08613531333059
380.762,2.511086049979866,62.7734431041766,87.03015168589889
380.862,2.776613928801602,62.91583188119421,89.3272641050469
380.962,3.049989304533298,63.042745038608366,91.90245336423281
381.062,3.2858071208375534,63.155119233560626,94.49396466740394
381.162,3.428767689541857,63.25256008408428,96.71341209741014
381.262,3.4349201265896383,63.333712097672425,98.184931594857
381.362,3.2881655798657192,63.39625523912656,98.6997071699672
381.462,3.0064381381335323,63.4370274449617,98.30314722492557
381.562,2.638075181174621,63.45318705117727,97.27409218970134
381.662,2.251172210259078,63.4443118289836,96.02134943576199
381.762,1.9176468158259183,63.41426178403446,94.95476693806764
381.862,1.693779865223938,63.37170316027797,94.37637105638109
381.962,1.6025324873461173,63.32909979997559,94.4161511403141
382.062,1.6261021165528575,63.3006223102667,95.02713840300409
382.162,1.7142046028436226,63.299414515878006,96.04157397820697
382.262,1.8051605636868189,63.33452450980428,97.26203378973285
382.362,1.8499407406977326,63.40804088716676,98.53585786141163
382.462,1.8285769656813926,63.51346256782144,99.7686930856491
382.562,1.752634309240257,63.63653749697671,100.87965094106428
382.662,1.6537463554044933,63.759191067718476,101.75062113795245
382.762,1.5644136283810894,63.86571749051993,102.22771255760661
382.862,1.5007268074770082,63.948891267387495,102.18553060298149
382.962,1.455012833377765,64.01313217965821,101.60869384837429
383.062,1.4008535590642168,64.07286161410248,100.63161991866897
383.162,1.3072616239097599,64.1463206016245,99.51309154614682
383.262,1.1552551891575789,64.24730558774662,98.56365938436325
383.362,0.9490776014184661,64.37842847823939,98.05655769075835
383.462,0.7162668586208412,64.52904147627964,98.14556273219061
383.562,0.49594986101971017,64.67894673225594,98.80981026127179
383.662,0.32148789581442827,64.80622957340009,99.8475948468893
383.762,0.20749916845811356,64.89550626783273,100.93391840320194
383.862,0.14836757830948244,64.94289561048123,101.73254230642291
383.962,0.12735639742731308,64.95601905717955,102.0216095507818
384.062,0.12899193654024543,64.94981430913658,101.77547376148982
384.162,0.1469627062407568,64.940441735473,101.1644568491027
384.262,0.18402464561600596,64.939676542447,100.47812540257236
384.362,0.2453628299308761,64.95140343737472,100.00930088850536
384.462,0.3300037871062784,64.9708364424364,99.93950260120569
384.562,0.4253802664362425,64.98628837665973,100.2608317345373
384.662,0.5083063467732103,64.9828439101805,100.76673440628528
384.762,0.5526271569674677,64.94709282732137,101.1303106141185
384.862,0.54063614828803,64.8719550144366,101.05119111308484
384.962,0.4727688451723111,64.76036545100403,100.40680291486925
385.062,0.36999544258250694,64.62628603908881,99.3290497828401
385.162,0.26710700640872176,64.491799658427,98.16446347520713
385.262,0.2004154927275863,64.38057425062878,97.34055896407551
385.362,0.19599185743592074,64.31023146136008,97.20624611423567
385.462,0.26303958822543194,64.28721851688927,97.91592125953612
385.562,0.3935716440620993,64.30640117842637,99.39614370101387
385.662,0.5667819439896675,64.35487128989604,101.39375898243617
385.762,0.7553745268863636,64.41756644615856,103.57274320650032
385.862,0.9315489620791126,64.48212032133566,105.61463611933718
385.962,1.0717087964300447,64.541382599046,107.28731546714047
386.062,1.1601649775425287,64.5935341705551,108.46983215924581
386.162,1.1920690854092513,64.64097338404554,109.14132170112484
386.262,1.17469517570742,64.68940334305331,109.35178470250784
386.362,1.125511970794662,64.7476143224336,109.19263690567897
386.462,1.066429839893651,64.82715719443864,108.77680684352893
386.562,1.0159839337586263,64.94070037616095,108.22716345549185
386.662,0.9834759317281225,65.098852832714,107.66870175330808
386.762,0.968762109308976,65.30669926403678,107.22426009678586
386.862,0.9673119323756652,65.5616724282993,107.01194434856941
386.962,0.9752936924703803,65.85335125307931,107.13232637849956
387.062,0.9891460980053353,66.164797458927,107.6335659475184
387.162,0.9999134592342074,66.47523208730071,108.46402402671956
387.262,0.9889264800033502,66.76421384537029,109.44599056287254
387.362,0.9311210363620432,67.016748991504,110.30402097878456
387.462,0.8055411451654351,67.22759382335725,110.75324582242013
387.562,0.606524114872613,67.40283321404733,110.61601086048239
387.662,0.3490985496174446,67.55771841056932,109.91317736638021
387.762,0.06657762895346764,67.71094446177362,108.88341655744495
387.862,-0.19792066059942215,67.87697722081607,107.9166413938928
387.962,-0.4035155794968617,68.05971225583737,107.42832914659391
388.062,-0.5245843384341526,68.25122918604652,107.72649494859502
388.162,-0.5607014181824965,68.43708613552991,108.91721234884224
388.262,-0.5385786047012999,68.605383981678,110.86766713244026
388.362,-0.503636475949051,68.75394421250769,113.22680585096245
388.462,-0.5039165072638028,68.89092184189678,115.50238634732474
388.562,-0.5732252245921359,69.02853849204043,117.18623877737934
388.662,-0.7207540222463251,69.1742320674381,117.89517195185047
388.762,-0.9308133888994661,69.3250339690415,117.47993897906261
388.862,-1.171607533623039,69.46844032667546,116.06801355759924
388.962,-1.4085576228646843,69.5885712742309,114.03045820383977
389.062,-1.6159716270352291,69.67342726602546,111.884166348571
389.162,-1.7817252215674557,69.7193464493725,110.15928205150888
389.262,-1.9039896057745693,69.73128687604856,109.26954882564556
389.362,-1.984379118615891,69.71997925989956,109.4147776657046
389.462,-2.0233557745073583,69.6979544746863,110.53418992533139
389.562,-2.0202133355654155,69.67610841040897,112.32765842200916
389.662,-1.9758562415539345,69.66165710975946,114.35368191933182
389.762,-1.8958880590214093,69.6576432127945,116.18018620258579
389.862,-1.7929716747089302,69.6636915793545,117.52273099168741
389.962,-1.6877227607509795,69.6773947587327,118.30058555143839
390.062,-1.60652403566543,69.69554086292598,118.59391106449854
390.162,-1.5750727059272336,69.71451821458977,118.54974560150757
390.262,-1.6090682358906108,69.72975843086027,118.30107381013372
390.362,-1.7063774311508126,69.73483685505995,117.92878775603168
390.462,-1.845500437616849,69.7213359088028,117.45636845670597
390.562,-1.9916767379960731,69.68034841528319,116.85848397726639
390.662,-2.106528190301006,69.6055708385138,116.08253603304837
390.762,-2.155204081146998,69.49682101998542,115.09216900342764
390.862,-2.109724334914425,69.36225728445547,113.92263305922827
390.962,-1.9534755400304036,69.2180294107257,112.71134256539682
391.062,-1.6904514158176482,69.08518392051668,111.67207024278562
391.162,-1.353176005221762,68.9845921646791,111.02017678715566
391.262,-0.9975727284212255,68.93124442789149,110.8896891490005
391.362,-0.681997292092241,68.92960370374537,111.2833998468916
391.462,-0.4428047773076358,68.97160944221984,112.07506652369526
391.562,-0.28251062574192787,69.03810113851269,113.05649538480458
391.662,-0.17669220541807817,69.1032070239341,114.00027376799747
391.762,-0.093935521095311,69.14030968756562,114.70447123298663
391.862,-0.016717063851423575,69.12804615557054,115.0091338787681
391.962,0.04882225975857324,69.05518888643256,114.80616307729963
392.062,0.07942805902931127,68.92353688515368,114.06651483370305
392.162,0.05219641072464043,68.74805620169298,112.87453323312454
392.262,-0.03914902020376587,68.55387822821957,111.42930687705805
392.362,-0.1786484711990468,68.37046402216396,109.98776274655037
392.462,-0.3340978812002291,68.22413520475402,108.77023999339127
392.562,-0.4689105732935346,68.13108667563554,107.87956121128613
392.662,-0.5530713822149096,68.09322275897496,107.27845079903008
392.762,-0.5691599611589382,68.09811615452266,106.83864010757426
392.862,-0.5130328643563615,68.12279445654791,106.43384053818124
392.962,-0.3916478393937197,68.14008286634554,106.01793890082524
393.062,-0.22155982116754558,68.12599314052203,105.6344655591761
393.162,-0.0294723491872233,68.06651344375027,105.35016894944081
393.262,0.1482056101846041,67.96187740979782,105.16523748849136
393.362,0.271569364840218,67.82640695953113,104.97668123263503
393.462,0.3096635627733946,67.68303066862556,104.63352131325561
393.562,0.2538624619127461,67.55384719879119,104.04979134467388
393.662,0.12564559286944643,67.45067482954504,103.29314278324802
393.762,-0.025480462702923035,67.37039133395908,102.58012227403127
393.862,-0.135373202452314,67.29775167289966,102.17199814454432
393.962,-0.14664507489229095,67.21431743664748,102.23245214924586
394.062,-0.02821908674719964,67.10872729003353,102.73362115527482
394.162,0.21737802396864225,66.98280196703563,103.46387570684922
394.262,0.5604870420440875,66.85025573091413,104.12699837515109
394.362,0.9573612399684279,66.7288760538373,104.47264561657562
394.462,1.3626814881979499,66.63067959111153,104.38921042429786
394.562,1.7387439140689338,66.5555318913538,103.91971546410099
394.662,2.0601962035663917,66.49150347838764,103.20576663605823
394.762,2.3133565499003765,66.42145995102092,102.39968724597573
394.862,2.4916880822594862,66.33225625048009,101.59647182002527
394.962,2.5923570550785726,66.22168010671082,100.81920909626629
395.062,2.6178041738476736,66.09936224938416,100.05295253461593
395.162,2.5806965352640887,65.9810485110744,99.2919692441168
395.262,2.506450148237356,65.87950062162933,98.56719172493449
395.362,2.4288923244504943,65.79737070338277,97.94285661966248
395.462,2.3798329906330125,65.72612074756256,97.48837171583854
395.562,2.3781330031249723,65.65137336782207,97.2391044178352
395.662,2.424988052231832,65.56141603638507,97.16543074193474
395.762,2.508433392784852,65.45386958377844,97.17027914015415
395.862,2.6138275403171463,65.33652214200727,97.12465335096586
395.962,2.733114164064233,65.22168630978491,96.92990081339025
396.062,2.867103418002955,65.11743741627798,96.57602173973174
396.162,3.0204522870371235,65.02106696735812,96.16145406859289
396.262,3.193982637388501,64.91860550860237,95.85596843031153
396.362,3.379673385738492,64.79060127193414,95.81428013848151
396.462,3.5604793402147266,64.62102271936925,96.07280183290032
396.562,3.714104520185458,64.4048413065933,96.4804006434079
396.662,3.8192771834403985,64.15083687677584,96.71522471994417
396.762,3.862881211497111,63.87868499916283,96.40758251780073
396.862,3.8450600744702115,63.61202088612052,95.32594371069155
396.962,3.7795849811165994,63.37080055996142,93.52832399270082
397.062,3.689705456720233,63.166406836212055,91.38505449333785
397.162,3.602017566473066,63.00125502773351,89.45019287000889
397.262,3.539875192044356,62.87171369489937,88.24740968371324
397.362,3.5164933431986896,62.77127399332461,88.07400102603998
397.462,3.5298831674486877,62.69187901267156,88.89452729198233
397.562,3.5638400800500563,62.62380674386441,90.3434149495396
