time,twist,height,volume
17.01,0.0,44.473085406702076,19.679731852857117
17.11,-0.09279344397184275,44.50528991411016,19.949032673812333
17.21,-0.19093604859037328,44.536950911241746,20.138657407019032
17.31,-0.2912479770396246,44.56794669322214,20.198224524647287
17.41,-0.3842018893227461,44.5946079128806,20.138146773457734
17.51,-0.45555441616288306,44.612249556599785,20.024041672080656
17.61,-0.4912562012306765,44.62007532226253,19.943857291627687
17.71,-0.4837190008295025,44.62498060701781,19.965993224021943
17.81,-0.4359413277317259,44.640363558067875,20.110475724931966
17.91,-0.3608742928154953,44.67895041909018,20.345237112537347
18.01,-0.2764427551749833,44.743279291875616,20.6046923073159
18.11,-0.199539545990163,44.82021128205926,20.817704030202293
18.21,-0.14247693123145666,44.88420619741915,20.93112269150128
18.31,-0.11276911504300813,44.90886675894349,20.9215182251914
18.41,-0.1144106599617416,44.880829978743186,20.795374210794243
18.51,-0.14825387755250574,44.80828042006421,20.582297788313227
18.61,-0.2106869969163796,44.719375139747065,20.32620128251117
18.71,-0.29218089889484844,44.6513394591526,20.07656358060065
18.81,-0.3783548062712967,44.63546602983128,19.878299064707868
18.91,-0.4543845522769203,44.68472133272204,19.7598351518846
19.01,-0.5101150391592597,44.78898001265465,19.724802582509376
19.11,-0.5420812615296882,44.9193163122247,19.75460244541712
19.21,-0.5515073137564457,45.039124417816375,19.821883039515825
19.31,-0.5410250829690497,45.11749124064456,19.90565812951189
19.41,-0.5132688623574069,45.13962811366382,19.99783785867615
19.51,-0.4717625407276955,45.110150554896904,20.098863767619434
19.61,-0.4223086385225159,45.04772836362999,20.207373312295488
19.71,-0.3737131257956037,44.974045248649034,20.309225381009085
19.81,-0.3380517732954189,44.90383471608629,20.37008889720549
19.91,-0.329844137840837,44.84218244881017,20.338975721725205
20.01,-0.3619194524700191,44.789550506261264,20.170721411030534
20.11,-0.4374979685387359,44.748774238841364,19.862256109430206
20.21,-0.5429577339473042,44.727374641871926,19.477383780559975
20.31,-0.6482758072074617,44.7334116882146,19.13366721874123
20.41,-0.7176418920176033,44.768729172648996,18.953544606484023
20.51,-0.7244242652513293,44.825103467978565,19.011889274982266
20.61,-0.6609904210175088,44.88620463672279,19.311813040261796
20.71,-0.538526032608253,44.93404011239594,19.795334377294914
20.81,-0.37970327755005684,44.955678651626165,20.373052685739914
20.91,-0.21055321083523637,44.94656767889561,20.951911663716018
21.01,-0.05550079344179437,44.90995062438879,21.4499457101279
21.11,0.0647732552875766,44.85439626339708,21.80082112461224
21.21,0.13469606907209908,44.791174548660415,21.957091783687993
21.31,0.1451511491989237,44.73169317937099,21.895843269584063
21.41,0.09428751856741258,44.68481487347554,21.623142545218272
21.51,-0.012236897403333558,44.65480402762908,21.174322805115573
21.61,-0.1609443404217501,44.641338846800814,20.611893284874284
21.71,-0.330289276081416,44.642054162015675,20.022542683965277
21.81,-0.49188997343003393,44.65587519070986,19.509770480919258
21.91,-0.6149823467877766,44.68428211789338,19.176753762011423
22.01,-0.6745247474965765,44.729251226849655,19.099160744034684
22.11,-0.66049398066572,44.78957892169824,19.296496423230295
22.21,-0.583174727159907,44.858614374520606,19.716574310210248
22.31,-0.4699002861894215,44.92500891449948,20.245931432087772
22.41,-0.35391801682666113,44.97577897045873,20.747435384958592
22.51,-0.26162870588755993,44.9999674613504,21.10936554989445
22.61,-0.2047359034586691,44.99156782975873,21.281821005404638
22.71,-0.17937858179080735,44.950946207096415,21.2854650557856
22.81,-0.1708461998177313,44.88435915693148,21.19325539125098
22.91,-0.1622622446478843,44.80177114751219,21.093537240597655
23.01,-0.14504409332455737,44.714063962823694,21.046955890753424
23.11,-0.1258210597520062,44.63122636498356,21.057653402811518
23.21,-0.12357062298996624,44.56248109560154,21.07934169506929
23.31,-0.1570958377294005,44.517570636485594,21.054779021801018
23.41,-0.23163579300648962,44.50692828521869,20.958148843180155
23.51,-0.3340644747132089,44.53888234533675,20.80803941077931
23.61,-0.4382673438767455,44.61433753045603,20.648643850386676
23.71,-0.5155146451215273,44.72181407029879,20.52261649028786
23.81,-0.5445172346942826,44.83675783469457,20.45548218794248
23.91,-0.5185368807730697,44.927792437802395,20.453318092725887
24.01,-0.4477210316681308,44.96873728362898,20.50681624483677
24.11,-0.35487104123996005,44.95051732800756,20.598421872846494
24.21,-0.2656120793778598,44.885604692029005,20.71189563504484
24.31,-0.19823947909404183,44.801773790018494,20.839267186937015
24.41,-0.15930468851620105,44.728922600458084,20.977360044951638
24.51,-0.1467242624636853,44.686849086707646,21.11322363863207
24.61,-0.15679086638330375,44.680210583394725,21.209870238250197
24.71,-0.18925349918180956,44.70144625032382,21.20845634951828
24.81,-0.24663584898058843,44.73769056578083,21.053935249551245
24.91,-0.32840327695397775,44.77670105919054,20.73276584738695
25.01,-0.4245788193091826,44.80934351417633,20.297415709670645
25.11,-0.5142410057695557,44.82964057736868,19.857577101318974
25.21,-0.5711960703314602,44.83490271094119,19.540683820534525
25.31,-0.5744845261547695,44.826936833762936,19.443112231587087
25.41,-0.5187635045675663,44.81263688295517,19.59269021408607
25.51,-0.4196504437907649,44.80149391157802,19.93263558439662
25.61,-0.3105506004183596,44.79981606272019,20.33254143475854
25.71,-0.23031544203546161,44.804894311098494,20.630960630069055
25.81,-0.20559628449109368,44.80392918521207,20.703025644608815
25.91,-0.23622921324631818,44.78034164354318,20.523874919053874
26.01,-0.2931429432927928,44.725082325934075,20.18592809580926
26.11,-0.33332912629578004,44.64623851366089,19.850279512142478
26.21,-0.32594045561280893,44.570178865757796,19.65853599103756
26.31,-0.27420324403142615,44.532201785853815,19.657041721813194
26.41,-0.2183460924049072,44.56084550029201,19.771849196855747
26.51,-0.21623047853321253,44.66349299616504,19.844579011124218
26.61,-0.31173929130330436,44.82015823137609,19.715895521258673
26.71,-0.50697217555431,44.98860078920813,19.320476188689582
26.81,-0.7519924317811473,45.11903592713706,18.741200155907777
26.91,-0.9591235009507457,45.172382048444604,18.18553902514585
27.01,-1.0389746760023826,45.13415969856476,17.894311695922518
27.11,-0.9433127440674838,45.01821543303001,18.031346421806752
27.21,-0.6924580484271132,44.85957846306378,18.60269609544431
27.31,-0.3707757523602453,44.70100133474823,19.435487883310074
27.41,-0.09149446752369528,44.579967318805124,20.23403070480056
27.51,0.051048019318614024,44.520982434756576,20.70750623085417
27.61,0.019208438738139932,44.53352848503136,20.713495342160286
27.71,-0.15470498473519,44.61282213817898,20.329936084721616
27.81,-0.3831743626184334,44.74105627137647,19.809553516150608
27.91,-0.5598757398177554,44.88971150024955,19.4549035712212
28.01,-0.6024610799425787,45.02490222936129,19.49305490183395
28.11,-0.48320267663925165,45.11579657784399,19.99986062828099
28.21,-0.235903935300108,45.143287411445904,20.87982746721442
28.31,0.061096047463266245,45.10550833731288,21.89619322047033
28.41,0.3164839557878594,45.018481765761216,22.74940422877355
28.51,0.4578477051154479,44.911664837425064,23.18609935021003
28.61,0.4524201437600226,44.81879795686695,23.09457568631464
28.71,0.3127673081732496,44.7661459588009,22.540600650504885
28.81,0.08839583019587849,44.76294557427628,21.727303871551776
28.91,-0.15358112887275865,44.79930078946433,20.9038878959704
29.01,-0.35204382471856377,44.852887599454526,20.27236283479158
29.11,-0.4700572001974592,44.90037576445404,19.933132441727423
29.21,-0.5007817459979051,44.9270221294655,19.87995308934712
29.31,-0.461686223680303,44.92999145050017,20.029575744183283
29.41,-0.3832287669311185,44.9153595424382,20.26413471891668
29.51,-0.2983700600297752,44.89225575597599,20.469427150756722
29.61,-0.2356858245873994,44.86840297472778,20.5613949729346
29.71,-0.21528479140315682,44.84936334866005,20.500526010083505
29.81,-0.24604687715879692,44.84059896608768,20.29575402714437
29.91,-0.32437539928294257,44.84933352594451,19.99739460615789
30.01,-0.4358260498930875,44.88356470250769,19.67804510684998
30.11,-0.5597816009714762,44.94790232330737,19.40505274278832
30.21,-0.6748210849961964,45.03854087124107,19.217052872625977
30.31,-0.761561129686207,45.141003473106274,19.12091612590227
30.41,-0.8024511704587951,45.233286536199806,19.113080688784933
30.51,-0.7818624781888275,45.293866707587334,19.206569289992977
30.61,-0.6899581264219279,45.310662880886476,19.436540600077294
30.71,-0.5294392541946991,45.286056379357085,19.835910550451317
30.81,-0.32004332957553316,45.235293369811394,20.398955401876528
30.91,-0.0963324527249938,45.17944602323011,21.058059396367042
31.01,0.10095885416550487,45.137002553298146,21.686993947453928
31.11,0.23616056442541833,45.11817025929904,22.131745969429424
31.21,0.28868449289478093,45.123379294126956,22.262264733298387
31.31,0.25905798626054377,45.1449275280345,22.027570231199455
31.41,0.16832471341463418,45.17044593147294,21.48650264443969
31.51,0.0493122171037399,45.187797284647246,20.79302540745769
31.61,-0.06760007058789341,45.19049347376535,20.13994765268388
31.71,-0.16657257715635865,45.18081527272719,19.68889395299521
31.81,-0.2484151555709957,45.167640399273935,19.518706726494862
31.91,-0.3221388425210421,45.15932604337427,19.60965421343645
32.01,-0.3936349617581314,45.15635156443011,19.862588307692434
32.11,-0.4598704756782226,45.14931197687655,20.141697335086285
32.21,-0.511040310241583,45.12396383275199,20.324293753033714
32.31,-0.5374535371334019,45.07000388180875,20.338206857710425
32.41,-0.5359004003532704,44.9883601553751,20.17261116484103
32.51,-0.5113463350572829,44.89325679719963,19.86463854499967
32.61,-0.473238738183845,44.80784347572015,19.47927532710772
32.71,-0.4300842292190481,44.75480643833316,19.0965560189521
32.81,-0.3875104531067137,44.74613254387414,18.802638242953407
32.91,-0.35070797870724846,44.77743738067348,18.674501272944724
33.01,-0.32611219062564345,44.8301028949378,18.758965775292488
33.11,-0.31828579269546964,44.88005032110016,19.055840690830337
33.21,-0.3258459424287352,44.90867610893883,19.511700926890065
33.31,-0.3427313873972082,44.911112375213236,20.0272854465247
33.41,-0.3632899705876085,44.89845360149261,20.483401011712417
33.51,-0.38384625077661383,44.89262011375916,20.784180871265363
33.61,-0.3990762853926384,44.915508762544576,20.8979991155633
33.71,-0.3997910330608079,44.97753088125217,20.867180962205296
33.81,-0.3773288420549079,45.07156393666172,20.776905473236546
33.91,-0.3313712594624363,45.17519568657331,20.70447946328091
34.01,-0.2739785831040962,45.2595093713921,20.681178188711066
34.11,-0.2261807768790689,45.29985478771304,20.685963468303505
34.21,-0.20843836217200362,45.28391971261639,20.671416925464065
34.31,-0.22901844603940447,45.21430255656891,20.60681831948545
34.41,-0.2761285879627522,45.10574689697731,20.512519785890028
34.51,-0.31982083804931705,44.979756291032345,20.461254319293502
34.61,-0.32528764420371203,44.85977979883462,20.541655373110913
34.71,-0.2715843944923364,44.76819389937001,20.803944843648964
34.81,-0.1654341050204593,44.723865541716236,21.217128375882965
34.91,-0.04246488574528229,44.738761358446446,21.65903761623619
35.01,0.0449826375475908,44.81403516032615,21.94769545120287
35.11,0.048478470327822265,44.93780544227118,21.90954572966183
35.21,-0.055431001070964214,45.086582786519735,21.461785246056813
35.31,-0.25248634976507844,45.230645080391064,20.666354058457408
35.41,-0.4932913868125297,45.341862118367935,19.71637893827726
35.51,-0.7116812953400213,45.40111087899168,18.857507691388655
35.61,-0.8499504656002586,45.402230787274334,18.29341330508511
35.71,-0.8780197621403332,45.35122357103231,18.126654946378217
35.81,-0.7996113040325881,45.262312056751256,18.348010026034935
35.91,-0.6470051718207159,45.15401763589342,18.858072130817213
36.01,-0.46889229057367743,45.046901490966434,19.504806459100244
36.11,-0.31536919548200615,44.96172629773413,20.128835753371824
36.21,-0.2241798852575556,44.91596616399598,20.606815615300405
36.31,-0.2116267527377289,44.91866775385767,20.879614557925102
36.41,-0.26954598744548264,44.96629010510192,20.956644707014604
36.51,-0.3688531581360266,45.04290981346051,20.89657629113386
36.61,-0.47026561972005254,45.126218075603035,20.771860241198162
36.71,-0.5401891378356325,45.19688742236534,20.632038838441346
36.81,-0.5645191402439949,45.24596498456618,20.485999937785145
36.91,-0.55176088110656,45.27587792614559,20.315329908345184
37.01,-0.5233143852763504,45.295037029669096,20.10929459216746
37.11,-0.4978397551439002,45.31015709021201,19.8934590386028
37.21,-0.4803725264868177,45.321108167312715,19.72675797119536
37.31,-0.46262091044116715,45.32077342931896,19.667037112071114
37.41,-0.43235601194813,45.299438191100826,19.731486605617896
37.51,-0.3838088379096547,45.251042623005624,19.881645963946326
37.61,-0.32195368115354484,45.17765708110034,20.04194697689823
37.71,-0.2594246544955894,45.08954621658297,20.137388873880873
37.81,-0.20958471294925118,45.001020107588374,20.12828307138281
37.91,-0.17997119600476452,44.92495875571199,20.027258826535352
38.01,-0.1689833811899888,44.86949477193171,19.893387412269846
38.11,-0.16750416003932855,44.83861219713897,19.804739982729892
38.21,-0.16541600042376814,44.835479704035414,19.818603020556992
38.31,-0.15947439725250945,44.86501570484885,19.93865321425986
38.41,-0.15616583702179554,44.93247574552379,20.11089405279391
38.51,-0.16587198133169778,45.03813811916555,20.25579611374944
38.61,-0.1926616944216235,45.17193866791558,20.318009821542567
38.71,-0.2291892109537912,45.312659724944794,20.298508420693885
38.81,-0.2620763563764186,45.43315404297063,20.24535165047616
38.91,-0.2836329416373786,45.50895067479311,20.210780092913467
39.01,-0.30002071917643747,45.52580170657881,20.207126659275907
39.11,-0.32877343137400317,45.48291605294582,20.193816367943363
39.21,-0.3867756706040737,45.391288953060986,20.104844420422594
39.31,-0.4767284624236865,45.26896860449863,19.89643198372734
39.41,-0.5812612083747766,45.13611559369347,19.58047369469788
39.51,-0.6686830831068704,45.01194974254745,19.224270143855485
39.61,-0.7069391371334746,44.91371116798817,18.924578292751768
39.71,-0.6778464132706077,44.85587342916489,18.776294914746238
39.81,-0.5838429456835144,44.847741538878445,18.849384633181117
39.91,-0.444098294130697,44.889778656268646,19.175728902954475
40.01,-0.2844462934432741,44.97129918868756,19.73987563721677
40.11,-0.12993315457199373,45.071855508541375,20.469561211678332
40.21,-0.003846649152826842,45.16629647213302,21.233525603318604
40.31,0.07206629676691279,45.231674036637486,21.863896529443352
40.41,0.08308021551837186,45.253778542037125,22.211830009106244
40.51,0.03142942344316424,45.2313475131585,22.21611765417711
40.61,-0.058337451163716025,45.17661219110801,21.93984905079781
40.71,-0.14645314472855375,45.11181573904311,21.54195200934595
40.81,-0.1963188083262537,45.062418241032525,21.195476709333214
40.91,-0.19395698995347033,45.0488138523171,21.001006606857416
41.01,-0.15657979649230214,45.07933096082754,20.942308857942102
41.11,-0.12477746827902081,45.14739639222959,20.904593420332098
41.21,-0.14233517493681802,45.23446401555336,20.744997341631375
41.31,-0.23457132334469577,45.317825846788566,20.377174549679694
41.41,-0.3963971707407552,45.37987636110041,19.820541621746628
41.51,-0.5948935060937899,45.41442420254564,19.18773031826023
41.61,-0.7831481980480746,45.4270610571485,18.626902026901654
41.71,-0.9177456193683184,45.42973756192999,18.259399389559313
41.81,-0.9728053272575679,45.43296946807717,18.142364073403712
41.91,-0.9466064486846619,45.44048697104773,18.261246610984493
42.01,-0.8598854646955232,45.44925335240347,18.543378308197
42.11,-0.7470375493625738,45.45379970874573,18.884881841057343
42.21,-0.6433676672639734,45.45109360359533,19.18611162098499
42.31,-0.5730884864814598,45.44269318952309,19.385503064053992
42.41,-0.5428845451067517,45.43352539921882,19.475062375421587
42.51,-0.5438992777201008,45.42875222190985,19.48738109126048
42.61,-0.5609606943733212,45.43066099868594,19.463902368864602
42.71,-0.5834676817279245,45.43695396335879,19.428096038949782
42.81,-0.6113929709202992,45.4412465818148,19.37984569978852
42.91,-0.6538090000928918,45.436093514005734,19.306768281314127
43.01,-0.722333272554593,45.417827447983925,19.196483985951033
43.11,-0.8236454223030165,45.391023231026566,19.040933584307837
43.21,-0.954146172749077,45.3697969938532,18.837166844003704
43.31,-1.0986997677052557,45.37444444677279,18.59148452003457
43.41,-1.2351325222772473,45.42436220358344,18.3251734552163
43.51,-1.344584088177875,45.530015162216536,18.074681761999706
43.61,-1.4235203990788179,45.687081696729194,17.884050200641774
43.71,-1.49007880491925,45.87529152612535,17.793511461407462
43.81,-1.5798863184984526,46.0632601943801,17.82755426622849
43.91,-1.7325428814173023,46.21856822826609,17.983664226898085
44.01,-1.9744703688253367,46.31971429591922,18.22548678427001
44.11,-2.305105327983945,46.36495066788349,18.487902741371265
44.21,-2.692282999265437,46.37388509559585,18.698211532760332
44.31,-3.079419867611172,46.380761687496545,18.806123322944913
44.41,-3.4024376209020346,46.42168254221435,18.806860277961768
44.51,-3.610396256939225,46.52036755418348,18.74555367085047
44.61,-3.682395284514193,46.678106331169985,18.701304279392176
44.71,-3.6346389988119796,46.87275051568627,18.756926538115778
44.81,-3.514834829746526,47.06795342521092,18.965099101572505
44.91,-3.385716537635112,47.22845476700504,19.323732314231357
45.01,-3.3042911605203784,47.333821653689135,19.770680350034127
45.11,-3.3054498305730533,47.38447806245906,20.201079070703273
45.21,-3.3955772176781878,47.398639565947505,20.502684305829682
45.31,-3.5556815042152294,47.40321507043827,20.598337998683945
45.41,-3.7491845307242926,47.42361861869187,20.481417572655616
45.51,-3.93013301065578,47.476721059804134,20.22949578459356
45.61,-4.0518755598192016,47.56878180590257,19.985005002883966
45.71,-4.078426385481578,47.69746344864026,19.90419939296087
45.81,-3.9969101072123863,47.855477477149094,20.09427557470797
45.91,-3.824458799822402,48.033810563921165,20.567889735555454
46.01,-3.604133543097987,48.22396197934687,21.23605366056274
46.11,-3.3906593500364295,48.41941622841147,21.943919402661137
46.21,-3.2318316907009645,48.61615695951719,22.53754282712091
46.31,-3.1535282307872947,48.81181361882208,22.932135499398264
46.41,-3.1553147509634343,49.004083080876555,23.143238704891097
46.51,-3.218269701890911,49.190125503106174,23.261584612117446
46.61,-3.3189412245420087,49.36788083484421,23.392541624173745
46.71,-3.439826856659323,49.5381917446773,23.60305316770544
46.81,-3.57103406788481,49.705613651335014,23.904286346273004
46.91,-3.705580194913516,49.87701246713844,24.269226416746953
47.01,-3.834897658326078,50.059030287238755,24.66647108024356
47.11,-3.9492135147254146,50.25602581911769,25.08714069462757
47.21,-4.04269208925934,50.46894539883472,25.546899150731747
47.31,-4.119051137129084,50.694605286292564,26.061541732570475
47.41,-4.191768443761951,50.92524726815492,26.617185500002954
47.51,-4.275719487626837,51.14891898991714,27.16499952269359
47.61,-4.373804297156582,51.35109342487367,27.651742369267374
47.71,-4.467973016308079,51.51763662977132,28.063746596262654
47.81,-4.523052261012367,51.639236331812455,28.445615918321806
47.91,-4.503147824415386,51.71651504751529,28.875008462509243
48.01,-4.3909211194877855,51.7631509989224,29.411857375646704
48.11,-4.19852244832839,51.803980722119476,30.05777789208401
48.21,-3.9659082354055357,51.86778285343197,30.750473602817365
48.31,-3.74922464236937,51.97787089995455,31.39681324930178
48.41,-3.6041276385808843,52.14467036468348,31.928716985931693
48.51,-3.5694851324215193,52.36311656999309,32.350526214908776
48.61,-3.6573183968077743,52.61565672268638,32.74631904994945
48.71,-3.8523274628216413,52.87946562364425,33.23982163772634
48.81,-4.119322213949772,53.134577551889514,33.931024911511166
48.91,-4.413804867011628,53.36943155338853,34.844381108798046
49.01,-4.691921743164606,53.58226816180161,35.91113932165507
49.11,-4.918262593433184,53.779043682705044,36.99242929221798
49.21,-5.070589114256592,53.96946368079022,37.93768329476513
49.31,-5.140963237244613,54.162946459941104,38.6561495604413
49.41,-5.134778501199072,54.36637146143604,39.16268591132035
49.51,-5.06987748554446,54.58441347714791,39.56747049993357
49.61,-4.974949390741436,54.82109533032198,40.01613302805231
49.71,-4.883964843231539,55.08012002267983,40.6182238921665
49.81,-4.825897163974616,55.36293465522626,41.40209871314362
49.91,-4.813977240815646,55.665719675939734,42.313535606247946
50.01,-4.8407863212555355,55.977486650637644,43.253360813978425
50.11,-4.882731418507845,56.281039735494325,44.133003402090374
50.21,-4.91206820709268,56.557325816902406,44.919823540891244
50.31,-4.910065434507345,56.7919176468234,45.651533396528556
50.41,-4.874135159175758,56.980817584887724,46.41641364783039
50.51,-4.815759055030846,57.132626514990896,47.30981676729256
50.61,-4.7522748401853505,57.265696191417135,48.382486358999536
50.71,-4.699300172913134,57.401436972388254,49.59846160423416
50.81,-4.6685853256572685,57.55703312972317,50.823052944869644
50.91,-4.670286985520484,57.74084305878693,51.85735620450383
51.01,-4.714954923419306,57.951787928890475,52.51567082662592
51.11,-4.8119747568241,58.182048985999145,52.7128503983042
51.21,-4.964667981598637,58.42167422794629,52.51519660145074
51.31,-5.164136704705108,58.66345114623537,52.127434465171106
51.41,-5.384547345248166,58.90600229062554,51.82620699383125
51.51,-5.582895703554868,59.15351373611846,51.877485875476964
51.61,-5.705658304242235,59.412383636948924,52.47328895516834
51.71,-5.702356551761596,59.686856784383835,53.70061948324131
51.81,-5.5425657538830535,59.9758501798613,55.53539956860075
51.91,-5.2301188638970615,60.27216142011159,57.84935614385405
52.01,-4.808282323585324,60.56420250684921,60.4249565801896
52.11,-4.352812862743534,60.839533089514646,62.98370539631627
52.21,-3.9539837549599,61.088838577079756,65.237898513877
52.31,-3.6922246159014804,61.30886430865721,66.96630248854174
52.41,-3.614788759631132,61.503179549423166,68.08977668882294
52.51,-3.7219996931931973,61.68057441572439,68.70449026031733
52.61,-3.96943514233557,61.852161075259644,69.04399923493482
52.71,-4.286518071115125,62.02866871938419,69.38173747664321
52.81,-4.603991344971078,62.21849683403832,69.91962949012982
52.91,-4.876667952591383,62.42633412584202,70.71615305909643
53.01,-5.089668344985412,62.652651904793714,71.6900038135805
53.11,-5.247403123240417,62.894786748164734,72.69877730070151
53.21,-5.356179023173752,63.14926457861587,73.64696427280435
53.31,-5.413517102842036,63.41361128689729,74.5537761823936
53.41,-5.410230706517602,63.68597582545464,75.53583742310164
53.51,-5.342295238861979,63.96255016033413,76.7190806492015
53.61,-5.223764048164938,64.23476927348368,78.14097607075668
53.71,-5.091142574934011,64.48902159968607,79.7055912043337
53.81,-4.9944061224899485,64.70999425325209,81.21614637480278
53.91,-4.978606155292262,64.88597549177162,82.46090067246486
54.01,-5.0667530347977845,65.01334712876195,83.2989668457276
54.11,-5.253455099757687,65.09894399034316,83.70331707431717
54.21,-5.51089052399702,65.1604114524729,83.75693277249462
54.31,-5.801267033918208,65.22420972490316,83.62485525202429
54.41,-6.0881046753822545,65.32008050270167,83.52022106552397
54.51,-6.3419969332557,65.47214377333746,83.66624276139984
54.61,-6.541573012526371,65.68991912532513,84.25067809598977
54.71,-6.673561543296778,65.96425856649616,85.37577799470084
54.81,-6.734884655070623,66.27100230393329,87.01722824576679
54.91,-6.735623303094954,66.58044615843087,89.01205543862808
55.01,-6.698486793955922,66.86742078038115,91.09152602774981
55.11,-6.651632596732895,67.1172321588237,92.95960644700389
55.21,-6.616859446474159,67.32567238449015,94.3940255923917
55.31,-6.599741192947278,67.49454654876747,95.3262375278239
55.41,-6.587865286267743,67.62641797298745,95.8587379828196
55.51,-6.558243378523812,67.7226030230199,96.21205537172426
55.61,-6.489482528193037,67.78607821538962,96.63384592232036
55.71,-6.372639509633338,67.82687873884674,97.31315850567049
55.81,-6.216809191414008,67.86492026877418,98.32460905138124
55.91,-6.047961905205746,67.92648845291593,99.60996355717833
56.01,-5.900915280104201,68.03500267164384,101.00125869598452
56.11,-5.806657580565698,68.20080678346484,102.28348476018526
56.21,-5.780877775127124,68.41588735640282,103.27281299514667
56.31,-5.820606265381137,68.65677690070851,103.8676437229382
56.41,-5.911140941302911,68.89416298632423,104.04768375512926
56.51,-6.037844490205487,69.10409699564592,103.84338750117963
56.61,-6.194086830993633,69.27537402081232,103.31919430967204
56.71,-6.3808323989403135,69.41037285301992,102.58128842914532
56.81,-6.6002810882610845,69.52029626995491,101.77910119701686
56.91,-6.849014364534355,69.61812987386122,101.07342524275533
57.01,-7.114612919396691,69.71304197446842,100.58411754239003
57.11,-7.377012993846137,69.80882130123328,100.35629965848906
57.21,-7.613793511041493,69.90655639878833,100.36792454133916
57.31,-7.807087529768204,70.0088941525062,100.56394072898148
57.41,-7.9491189533394575,70.12201448779615,100.88380492554036
57.51,-8.0439039261625,70.25324499632468,101.26610510701273
57.61,-8.104117735922514,70.4056322785846,101.64337633850442
57.71,-8.144019964732564,70.57322895001147,101.94944833227319
57.81,-8.171328829637758,70.74075070601597,102.14491516280768
57.91,-8.182195865552501,70.88856451616884,102.24409858086449
58.01,-8.16272167666547,71.00038300372717,102.32112743791609
58.11,-8.09730822651509,71.0693045880069,102.48716163791795
58.21,-7.979837028249783,71.09928139667055,102.84982196042121
58.31,-7.821179221114122,71.10216665367652,103.47209352341196
58.41,-7.648356902962519,71.09262445545889,104.34234732452285
58.51,-7.495791946826763,71.08338571117514,105.3639414083418
58.61,-7.3935539871981035,71.08238666150542,106.37375839971983
58.71,-7.358191406328359,71.09228802870479,107.19183596355289
58.81,-7.3888877670313775,71.11209693991977,107.68741128832276
58.91,-7.468514339047502,71.13997470875668,107.83284194057926
59.01,-7.568245043632466,71.17579283457579,107.7169734194562
59.11,-7.654898770144911,71.22189504562274,107.50739738168966
59.21,-7.699802999207435,71.28128132167923,107.37928391531433
59.31,-7.686776514853904,71.3540723340937,107.44698551192373
59.41,-7.616501263890143,71.43461358420848,107.72943788371165
59.51,-7.505742570981923,71.51149135430433,108.15857959890944
59.61,-7.381950009713833,71.57091264420599,108.61802673131444
59.71,-7.2755855570903165,71.60185097153195,108.98883118233515
59.81,-7.212882257610815,71.6005338815886,109.1842302950146
59.91,-7.210565340578,71.5723719055751,109.1679414008473
60.01,-7.272855506519015,71.53054854039237,108.9563875604146
60.11,-7.390870706531246,71.49153711901322,108.6041184268567
60.21,-7.54453224486717,71.46864229936307,108.17681771664057
60.31,-7.706359162057112,71.46549680915385,107.72586609981707
60.41,-7.845789471215305,71.47213123826816,107.27668845354377
60.51,-7.932989680169207,71.46583167100272,106.83099343822091
60.61,-7.942373403650684,71.41682896852586,106.37534126255764
60.71,-7.856723092518685,71.296114065891,105.88896128211664
60.81,-7.671546423298636,71.08178032064966,105.34760333218577
60.91,-7.397236871535988,70.76213493108474,104.7252844220103
61.01,-7.05639594743932,70.33640057136955,103.99973692959249
61.11,-6.675997699556241,69.8145621827386,103.16698852280585
61.21,-6.2772420504841335,69.21676436546271,102.26393700273748
61.31,-5.86768348484145,68.57173243837359,101.38700459464096
61.41,-5.439204772246654,67.91395124988212,100.68858937990785
61.51,-4.972771534054289,67.27981995802307,100.33836461811698
61.61,-4.4487780379865285,66.7030596268897,100.45229771305169
61.71,-3.859966841822711,66.20974231951772,101.01282611427854
61.81,-3.221574865729117,65.813737828806,101.81872659352518
61.91,-2.5727050753768523,65.51388015452174,102.50035457836886
62.01,-1.9664781746471078,65.29429462268811,102.61251696158148
62.11,-1.4526043468293892,65.12851866739962,101.78244497937226
62.21,-1.060034404739099,64.98616185483439,99.85759727369691
62.31,-0.7865839830460715,64.83918505943109,96.98512541170395
62.41,-0.5982512039786201,64.66535831107788,93.57837284181923
62.51,-0.437191621328779,64.44894992989688,90.18001257120982
62.61,-0.2362494136616604,64.18053331798278,87.28100161098989
62.71,0.06237839799560163,63.85716302339859,85.16566650146217
62.81,0.4891873419391146,63.4824484822365,83.82974448560388
62.91,1.0375090209882956,63.06551364211594,82.99032865631182
63.01,1.6668811014646536,62.61869285990553,82.18852431892509
63.11,2.317749270993005,62.15473332001845,80.96295006062725
63.21,2.929899311632923,61.68439871859229,79.03458726803446
63.31,3.457199401636572,61.21492804132116,76.41658621838904
63.41,3.8758565202693376,60.74935302649538,73.39004157904608
63.51,4.1874190683512325,60.28650468478367,70.3663155499653
63.61,4.417577116007607,59.821749482123124,67.72135077142423
63.71,4.609237894586862,59.348971896175,65.68244666964712
63.81,4.808803030789647,58.86426634882301,64.29400485362906
63.91,5.049477675779919,58.370457066013394,63.44254782482649
64.01,5.339565642682395,57.87990517917176,62.90971330928106
64.11,5.6620917071236505,57.41315203621444,62.43381219859003
64.21,5.98588042401402,56.993110038523184,61.77297344249803
64.31,6.282222238390709,56.63695841098179,60.762696003627795
64.41,6.53910325069171,56.349099540797965,59.35285913224875
64.51,6.767088810248495,56.118240863624905,57.60938817213065
64.61,6.995180577596521,55.92017110072297,55.6804612265104
64.71,7.258790975194657,55.72550343656091,53.744196700642746
64.81,7.584509312623069,55.50929062097314,51.958073845034406
64.91,7.977709388962317,55.258218449936265,50.421306305011754
65.01,8.41843691003978,54.972268540655584,49.15445574118141
65.11,8.86767154386882,54.661005743596384,48.10087809549476
65.21,9.281761450856944,54.33770847544336,47.15338794583161
65.31,9.629996890044985,54.015070919042515,46.20029187944865
65.41,9.909043948748625,53.70401768471193,45.1733268101826
65.51,10.14761506585074,53.41448212009229,44.076404211681464
65.61,10.396371101529176,53.15602092865365,42.982208875368116
65.71,10.703671310394405,52.936902649279006,41.998902640116114
65.81,11.086821827647157,52.761560688413496,41.22307784672002
65.91,11.514924830302299,52.6273912377104,40.70077805481178
66.01,11.915658696289363,52.52251840627966,40.414110031132935
66.11,12.204384665758223,52.42600928300281,40.29940870869296
66.21,12.320418002151449,52.31118102295806,40.28736331953177
66.31,12.252622967191034,52.15135480323982,40.34189238437021
66.41,12.044078286992075,51.92616567004279,40.47372863951304
66.51,11.775220545838362,51.62635431887867,40.721142610120125
66.61,11.532302667017301,51.25605078068139,41.11159824503726
66.71,11.374036014200659,50.83258053588496,41.62768725942361
66.81,11.311638742122902,50.38388311101754,42.19598070572437
66.91,11.310999888763057,49.94349664183902,42.70587998134836
67.01,11.312617797271812,49.54366975816518,43.05102152609805
67.11,11.256208307103517,49.20835456631857,43.172689747515015
67.21,11.0988099707486,48.94878277089939,43.08328344618543
67.31,10.822931749652934,48.764115733675126,42.860885910353055
67.41,10.436345871086463,48.647709903710705,42.621158623384346
67.51,9.965062217516326,48.596478400876904,42.479051426548466
67.61,9.440027374329087,48.618620151465336,42.512412815014265
67.71,8.88047386831784,48.73536574898164,42.73814784813381
67.81,8.28105817294935,48.975272098008745,43.108024611761714
67.91,7.610334918534754,49.36325873497566,43.52331439367283
68.01,6.822673043559767,49.90908757055081,43.859805869281786
68.11,5.878789564270953,50.6004227496009,43.995138502280255
68.21,4.766232516063354,51.40404651459062,43.83780457704203
68.31,3.5110005610032218,52.27552197450125,43.35889231338017
68.41,2.1751400197770607,53.17326686283984,42.61671824699192
68.51,0.8421717706415137,54.06995619051631,41.75461682785034
68.61,-0.40233864311709766,54.95538070395803,40.96144122409046
68.71,-1.4881605850541675,55.83028628618787,40.4084543157357
68.81,-2.3720661720815883,56.69618317914083,40.19255805410344
68.91,-3.0418255611164255,57.547621719986914,40.31127566405162
69.01,-3.511905901194133,58.37076222277923,40.67721165794627
69.11,-3.8131462378814405,59.147784870167754,41.16225517714193
69.21,-3.981038649668676,59.86348375935862,41.65156168301564
69.31,-4.046911481779269,60.50990479064766,42.08664238168156
69.41,-4.034167329024086,61.087076302439904,42.48463502821673
69.51,-3.959176938707941,61.60066253468474,42.93201272136683
69.61,-3.8341322638344693,62.05838491244505,43.560214532902336
69.71,-3.6686592264588995,62.4664532872776,44.51408934619762
69.81,-3.4694007621666643,62.82706341329036,45.92029320018628
69.91,-3.2396331713404862,63.138611107554794,47.85706648800217
70.01,-2.9806711659036793,63.39967503220379,50.32741789500881
70.11,-2.6941184969591205,63.61505878250622,53.24434767599827
70.21,-2.3828330990302433,63.7995572221772,56.43950282196944
70.31,-2.049984112275858,63.97591587407605,59.699279158493994
70.41,-1.6976566987884638,64.1676213881356,62.819591847680854
70.51,-1.3273492220137086,64.39080374449912,65.66077625857277
70.61,-0.9439198937370037,64.64952444695189,68.1807661178602
70.71,-0.5619813111255993,64.93597633306254,70.42871369821422
70.81,-0.21048395055951374,65.2344547330139,72.49637202004745
70.91,0.06982551261716452,65.5267415909314,74.44948485728975
71.01,0.237669695784696,65.7965726327813,76.27916714596525
71.11,0.2661478680405338,66.03190850444443,77.90437929780515
71.21,0.15290284833293555,66.225360069878,79.22349649364187
71.31,-0.07906794988661403,66.37401057599,80.18101946973427
71.41,-0.3881017623543812,66.4793247894202,80.80904663207988
71.51,-0.7234543840683614,66.54694384235748,81.22336181623307
71.61,-1.0345963624115484,66.58606379644776,81.58143787536639
71.71,-1.2791069686361638,66.60832412669086,82.0259422334995
71.81,-1.4289791651629145,66.62604011829393,82.63756958256843
71.91,-1.4752274170423192,66.64963278525904,83.41067896330898
72.01,-1.4301677037828497,66.68461365601304,84.2550482013788
72.11,-1.3259346255250506,66.7289860423565,85.02420495266065
72.21,-1.2079467450864954,66.77207533452972,85.56904300929344
72.31,-1.1239787571911108,66.79582537184932,85.80429579578498
72.41,-1.1118402936803946,66.77936847389573,85.7602207312833
72.51,-1.1892398271989748,66.7065289910437,85.59093255545929
72.61,-1.3484443521995644,66.57393137196522,85.53021642166618
72.71,-1.557516019626064,66.39591554414683,85.81088419362155
72.81,-1.769091468567808,66.20301026441263,86.57877067585761
72.91,-1.9353966424064808,66.0335729798836,87.83267283087254
73.01,-2.0247084383674903,65.92189070112671,89.41057533922991
73.11,-2.0322385897734705,65.88797682404845,91.02746533512372
73.21,-1.979918087368219,65.93308295059605,92.35652443580669
73.31,-1.9049388659257644,66.04180691447044,93.13351711459728
73.41,-1.8429164762777006,66.18895193572111,93.25193803248318
73.51,-1.8139711070711115,66.34808033408817,92.80922547521969
73.61,-1.8177745956123061,66.49871950487999,92.07509523966553
73.71,-1.838918492188057,66.62998755466722,91.38671735186554
73.81,-1.8593291793398237,66.74000051921371,91.01483908699268
73.91,-1.8714071596260595,66.83239216643017,91.06231610784602
74.01,-1.8853399195586462,66.91222755294557,91.43959691386226
74.11,-1.9268673456258654,66.98285323785109,91.92363734131867
74.21,-2.026049816474412,67.04423486453301,92.27063657596238
74.31,-2.201443843901643,67.09321254162606,92.33240852014293
74.41,-2.446664244805852,67.12576120937234,92.12474395856043
74.51,-2.726635636059406,67.14007028893049,91.8166416930441
74.61,-2.987470622625139,67.13847571391362,91.64797020719367
74.71,-3.1769413395569757,67.12707099691467,91.81956286570161
74.81,-3.2655050103546728,67.11335525369546,92.41054631342395
74.91,-3.25642872094771,67.10330204888528,93.35910889424083
75.01,-3.1800474221528887,67.09935090637849,94.50938444392234
75.11,-3.0769063880340966,67.10020239724834,95.69483058310587
75.21,-2.9800208793129954,67.10228804559131,96.81078044458636
75.31,-2.9050459800852764,67.10191088245388,97.83615497198953
75.41,-2.851596609841593,67.0968549965134,98.79551059333905
75.51,-2.8126670844920483,67.08681989716818,99.69134603970532
75.61,-2.784595709644371,67.07282167791328,100.45952389360245
75.71,-2.770246745797543,67.0561733199429,100.98906652997971
75.81,-2.7738529185778305,67.03768762032607,101.20136421316789
75.91,-2.792996402558231,67.0174427796258,101.13223778458065
76.01,-2.8155609432790527,66.99501201373053,100.94839423636749
76.11,-2.825515842447274,66.96981694091605,100.87521743897705
76.21,-2.8145069169459944,66.94140064196907,101.07934556675504
76.31,-2.7913876709175014,66.90972998617806,101.5818308176258
76.41,-2.782494942589018,66.8757892095158,102.25485367155738
76.51,-2.8214083979658184,66.84254550406476,102.8987028906689
76.61,-2.9335177236361645,66.81595537918109,103.3463195918267
76.71,-3.1231518288135476,66.8053497304827,103.53280191171568
76.81,-3.369236898806946,66.8225422325206,103.49833365628855
76.91,-3.632092494295648,66.8794026901088,103.336184262349
77.01,-3.869627458959748,66.98439132678301,103.1244918270927
77.11,-4.055966171767253,67.13944054258495,102.88285804762889
77.21,-4.192853320932031,67.3388931460036,102.57661276475484
77.31,-4.307505186030525,67.57124440055173,102.1630842369673
77.41,-4.4378698740707705,67.82269174322128,101.64960234304927
77.51,-4.612347501277775,68.08064431541814,101.12580671127928
77.61,-4.833346546307595,68.33608276415534,100.74771499821846
77.71,-5.072781892278584,68.58464574613171,100.67814566156332
77.81,-5.282745031841813,68.8263847813663,101.01103421674706
77.91,-5.416910031755975,69.06409006508808,101.7169775390708
78.01,-5.452143818184737,69.30086803836753,102.64200779748194
78.11,-5.4001222751754625,69.5382915537596,103.5687230618509
78.21,-5.3045278755885334,69.77584462348182,104.31368179311029
78.31,-5.225396883418448,70.01137458569787,104.80912128104454
78.41,-5.2162163021312935,70.2420187120701,105.12367089028267
78.51,-5.302364945561671,70.46511044629821,105.41458992467898
78.61,-5.470392866118289,70.67824372243967,105.84383375978707
78.71,-5.673845947754273,70.87789445959984,106.50216567312155
78.81,-5.853279211360814,71.05752605518053,107.36979114076541
78.91,-5.960555944923755,71.20748514659397,108.32132067484149
79.01,-5.975956485502593,71.31810345372769,109.16994178373606
79.11,-5.911800735653635,71.3845962456456,109.7365477864761
79.21,-5.803855910992361,71.41044895372247,109.92065474332425
79.31,-5.697050679781455,71.40698353908992,109.74407491292244
79.41,-5.6327634278221765,71.38940979686082,109.34319318760679
79.51,-5.64150661149305,71.3712982643096,108.90795315559912
79.61,-5.740295617004456,71.35948289255695,108.59558159402674
79.71,-5.932133039702244,71.35116160525833,108.46172670163024
79.81,-6.206309925006359,71.33466446253192,108.44096274142261
79.91,-6.539923009471565,71.29404568446418,108.38381588147759
80.01,-6.901024242598446,71.21569716537306,108.1337346349255
80.11,-7.252841410173744,71.09420751781536,107.60981423582567
80.21,-7.558357832430296,70.93502909264124,106.85312737279757
80.31,-7.784957628459431,70.75245728316051,106.00936310630985
80.41,-7.908277280356302,70.56314614855648,105.25943798021605
80.51,-7.913684610900248,70.37783941341145,104.74142170422891
80.61,-7.795146962219206,70.19540039527216,104.50317092673676
80.71,-7.553841105084032,70.00204008353889,104.49857453354416
80.81,-7.199085706322592,69.77580303736315,104.61954724322297
80.91,-6.750761918162247,69.49407212964316,104.74668040930183
81.01,-6.239147002973738,69.1412635206768,104.7967610908165
81.11,-5.699440994281844,68.71466107029974,104.7473746802501
81.21,-5.162893484033091,68.22733513720667,104.63202803936309
81.31,-4.649265879348647,67.70741654352533,104.51527618987943
81.41,-4.164537098906877,67.19314314610529,104.46186516220756
81.51,-3.704922447198605,66.72429442572273,104.50599347620631
81.61,-3.2649463473129003,66.33263114467769,104.62130835412496
81.71,-2.844859622654681,66.03489526019129,104.6997540209913
81.81,-2.4526963045979713,65.83067122844689,104.55853602386196
81.91,-2.099205809528911,65.70475391825337,103.98912665111874
82.01,-1.7886636009354504,65.63151656604308,102.83435433343648
82.11,-1.5121708656219752,65.57885149033852,101.05274283845081
82.21,-1.2487551700872288,65.51147578197988,98.73496602301454
82.31,-0.9733277552935178,65.39534323093645,96.07212454178416
82.41,-0.6650852604574737,65.20426704439514,93.30228142460788
82.51,-0.31094712664160795,64.92708188661358,90.65897078112314
82.61,0.09544282369790125,64.57143961935212,88.32876683431395
82.71,0.5546242138238142,64.16097925319244,86.4170009831153
82.81,1.0595889889860288,63.72620722607286,84.92484328020568
82.91,1.5940272836965121,63.29345959163137,83.74685362720136
83.01,2.1352086191202204,62.87745934021565,82.69730094756277
83.11,2.662144368059188,62.480204987549506,81.56517292006755
83.21,3.1638275825873734,62.09480352409584,80.18442989853077
83.31,3.6413553062409036,61.71084713016035,78.49310453501779
83.41,4.102821909623053,61.31877316365829,76.5535073078105
83.51,4.555581256497348,60.91244366233917,74.52319903913676
83.61,5.0012238507991,60.490210597385975,72.5914027569468
83.71,5.434896967746035,60.05486143500938,70.90923910060091
83.81,5.847427136261004,59.61270255580505,69.54017230945338
83.91,6.2285353432160235,59.17201236055198,68.44723180469452
84.01,6.570086230089018,58.741139926733496,67.52001921059629
84.11,6.86818952524834,58.32656207177635,66.62755825580555
84.21,7.1235462600323345,57.931350351702626,65.66969485079038
84.31,7.341326367094162,57.55474402590997,64.60196013969939
84.41,7.532628671786455,57.193446950247875,63.42783782608308
84.51,7.717232240050826,56.84437056217171,62.17306050316682
84.61,7.9240702784845,56.50716660147799,60.86378712460463
84.71,8.185863025041925,56.184396484151186,59.5224239522542
84.81,8.528250436628952,55.878620874694356,58.177739564149064
84.91,8.957840973465142,55.588248398044286,56.87108952934143
85.01,9.455005909849472,55.30545717773221,55.64293601840514
85.11,9.976072928460848,55.0185032669078,54.50526826853205
85.21,10.465960714661431,54.7179162298078,53.424964972717746
85.31,10.876826258416095,54.40329076571997,52.338595189008245
85.41,11.18429977587546,54.086302517724455,51.193482973649154
85.51,11.393641445124803,53.78727279721656,49.98708431560212
85.61,11.53311351470932,53.52667371648373,48.77730876597502
85.71,11.638130441170865,53.316624175782195,47.658304646047114
85.81,11.73442252436746,53.15737965268487,46.718811137229366
85.91,11.828665838272997,53.03978298371832,46.006404690456414
86.01,11.910079081319406,52.950170338831626,45.51232692460614
86.11,11.960155218569199,52.87347806096202,45.17993752035139
86.21,11.964573383540902,52.79362652898741,44.931326538501345
86.31,11.92186493365353,52.693564419321625,44.700345847294884
86.41,11.845675433528548,52.55706537050531,44.45744240356445
86.51,11.76045588582284,52.3717632022204,44.21577936580589
86.61,11.692989741198467,52.13161171002359,44.01764531732193
86.71,11.662914659468154,51.8379100774168,43.90885358876045
86.81,11.674882596211305,51.49933479746158,43.913515328873295
86.91,11.714869830373278,51.13155709035498,44.02228562335831
87.01,11.752882722173023,50.75628221126571,44.20156873996315
87.11,11.751887126938861,50.39902912441727,44.41713458556178
87.21,11.679107675244918,50.08546549046422,44.651915645018875
87.31,11.51454916820807,49.837356748068146,44.9017417084257
87.41,11.25355883471373,49.669934528495226,45.15604326933853
87.51,10.902967942651884,49.59179181495845,45.38764690631833
87.61,10.472682419762432,49.60677796118427,45.56505762484006
87.71,9.966643729604503,49.71630167963908,45.675377846726306
87.81,9.377505175556358,49.92081756067754,45.736092417003086
87.91,8.68747668351611,50.22037815614318,45.78654942812334
88.01,7.875273713464644,50.61465753510787,45.86670577690424
88.11,6.927277073970828,51.102463056389354,45.996640110928375
88.21,5.8493082055171755,51.68038835912614,46.167048854759265
88.31,4.673688991321953,52.340766493373515,46.344143856578505
88.41,3.456447598366495,53.07004864708703,46.48394707978203
88.51,2.2636883311732845,53.84900478929836,46.54504920040027
88.61,1.152778269723811,54.65519501354512,46.49300744678063
88.71,0.15796519035644252,55.466705950216465,46.30204846729414
88.81,-0.7125547909007608,56.26547843368476,45.96508242499836
88.91,-1.4683107637307131,57.039240250723815,45.511776965440674
89.01,-2.123264159522705,57.78214321138929,45.019435626057266
89.11,-2.6851139295062936,58.49431126863328,44.60162575515515
89.21,-3.151643820506891,59.17991726534483,44.375731259846766
89.31,-3.5137959235623626,59.84369234279651,44.42678185433602
89.41,-3.7617383234824118,60.48709909207129,44.786914398996096
89.51,-3.8899802194797246,61.10598538045639,45.43811352945096
89.61,-3.9001335507168164,61.69042561204761,46.33256593086352
89.71,-3.802262880875709,62.22613526070648,47.42031515778761
89.81,-3.61510628914548,62.696983665338074,48.67669646618768
89.91,-3.363131315667296,63.08893628548568,50.12364630020879
90.01,-3.069007138824638,63.395228822427526,51.8351267415603
90.11,-2.7449520772683584,63.62086621232576,53.914194648510374
90.21,-2.3901562104596934,63.78386270115556,56.43852453253834
90.31,-1.9980552694764526,63.911916926653234,59.39299521157747
90.41,-1.568851417395905,64.03529756174149,62.62786610396624
90.51,-1.1182010098575574,64.17846004783424,65.88003517625074
90.61,-0.6765675745713224,64.35364335949535,68.86324022870063
90.71,-0.2805115189534604,64.55872103319146,71.38426644383856
90.81,0.0386066051550884,64.77939841284912,73.4147071154355
90.91,0.2624348392337481,64.99439341656874,75.07305332460298
91.01,0.38624745420656836,65.18235664364506,76.5335318313055
91.11,0.4133982709437234,65.3294499085735,77.92361865799998
91.21,0.3489132664002952,65.43544921339786,79.26848204234633
91.31,0.1975855457755813,65.5152959053597,80.50116102991215
91.41,-0.03229428467898998,65.59422047725246,81.51714768504783
91.51,-0.323025241201627,65.69772529092054,82.23453315181673
91.61,-0.6445102055456928,65.84065929335152,82.6280341921085
91.71,-0.9576209214945948,66.02029164799157,82.72777642687106
91.81,-1.2232002376224074,66.21615103436493,82.59916304040986
91.91,-1.4116152063970446,66.3959335376027,82.33083943040458
92.01,-1.5071072550491138,66.52462502728689,82.04111369779618
92.11,-1.5058561029256907,66.57426559028788,81.88365162085294
92.21,-1.4124771211325182,66.53284389868504,82.02321453327946
92.31,-1.2405210557125272,66.41053507498361,82.57418694748182
92.41,-1.0172408706897471,66.24020630743901,83.52980702089414
92.51,-0.7867008078049835,66.06936860226567,84.73084694190862
92.61,-0.6048133332762688,65.94447170687594,85.91157816753581
92.71,-0.525581942451808,65.89398809681929,86.8175108539922
92.81,-0.5837370281802592,65.9192022794152,87.33600819893029
92.91,-0.7808063132462024,65.99758973445658,87.55868592839239
93.01,-1.0807634628518983,66.09573850406946,87.73182088052866
93.11,-1.4192207959322332,66.18355734458889,88.12455271941809
93.21,-1.724976419864717,66.24279518391334,88.89271688839236
93.31,-1.945100643287354,66.26820251203193,90.00560190616308
93.41,-2.061156629530622,66.26398084135735,91.25883992299471
93.51,-2.089407457230294,66.23918005201082,92.3579711762651
93.61,-2.0673687046245988,66.20450282687955,93.03677102135244
93.71,-2.0349664096898508,66.17125976093033,93.16602236025673
93.81,-2.018910363633964,66.15172744412479,92.80844784399481
93.91,-2.026051914578858,66.1592570286674,92.1917683853922
94.01,-2.0469569504229455,66.20659449112121,91.6099494129166
94.11,-2.0658348411683534,66.30207396729922,91.30329864406801
94.21,-2.070032280208494,66.44505664057128,91.37830948345916
94.31,-2.0538807108564114,66.62321742913291,91.8006568616177
94.41,-2.016807718360681,66.81402773364158,92.45232881052465
94.51,-1.9601699577819218,66.99073622436832,93.21129900071136
94.61,-1.8874521595984888,67.13046012555239,94.00477768045364
94.71,-1.8084441770287114,67.22071905802753,94.80960877308362
94.81,-1.743602645580502,67.26180203858495,95.61044912776235
94.91,-1.7236732368525196,67.26463869634007,96.35063991490009
95.01,-1.7822980732039895,67.24568753178535,96.9100613599153
95.11,-1.9435377501466817,67.22109502059864,97.12832755331709
95.21,-2.209404260179113,67.20216182169942,96.87018102196325
95.31,-2.5536045366024496,67.19327640182733,96.1036103467257
95.41,-2.9263172374918938,67.19235949780132,94.94330421277056
95.51,-3.269781608835757,67.19303014890635,93.62949856533399
95.61,-3.5372190502720215,67.18747526914228,92.4582050824291
95.71,-3.7047347632095438,67.16925903004302,91.70427214522762
95.81,-3.7716308789147135,67.13562111521001,91.5623354088736
95.91,-3.7531539277394046,67.08885703048853,92.10727804059432
96.01,-3.672318345849746,67.0362141163465,93.2753527519817
96.11,-3.5542255797659124,66.98782427504827,94.87495294764766
96.21,-3.4234356178460956,66.95298725119636,96.62946939361369
96.31,-3.3042664607334444,66.93634868544402,98.24052699565404
96.41,-3.222648451785929,66.9360249564564,99.45568736114015
96.51,-3.206177253436657,66.94474597084154,100.12765976979108
96.61,-3.279393156013377,66.9534216094135,100.25025272736954
96.71,-3.4548231790895585,66.95556077567069,99.95463862317459
96.81,-3.723833361603809,66.95093420635472,99.46151439788468
96.91,-4.052246616470114,66.94715428856308,99.00793722307785
97.01,-4.384453893761531,66.95827774252282,98.78211753297774
97.11,-4.6572396414032085,67.00050812350958,98.88991758326823
97.21,-4.820188106284334,67.08657890512335,99.35233538634525
97.31,-4.854369162694411,67.22152077169777,100.11828852118416
97.41,-4.779367579393707,67.40201981140233,101.08201069566458
97.51,-4.64384197547151,67.61925053558467,102.10739715132756
97.61,-4.504176216567018,67.86265524141008,103.06506493064092
97.71,-4.402686654601794,68.1220275790599,103.87420868043937
97.81,-4.356118935826686,68.38753712764822,104.52315064208027
97.91,-4.357923521187175,68.64930802187604,105.04642050569728
98.01,-4.390022748753175,68.89788702504951,105.4692201175015
98.11,-4.4361699514320705,69.12556966843134,105.76200904400831
98.21,-4.490141569616128,69.32792283102168,105.84483086507434
98.31,-4.556260572551274,69.5047896548786,105.6439123780247
98.41,-4.644333555028055,69.65990171859222,105.16357819404728
98.51,-4.76304886191609,69.79857967052891,104.52448538813333
98.61,-4.914835771894097,69.92430320717948,103.9398680165884
98.71,-5.09321587536062,70.03598450372087,103.63774349617822
98.81,-5.2825160894728,70.1275283033056,103.76568376259877
98.91,-5.459982679593878,70.19018223506883,104.32230618691106
99.01,-5.601136693341026,70.2169475084713,105.1476059409111
99.11,-5.6884753423565115,70.20710327514522,105.98028650250585
99.21,-5.720656629227321,70.16839895666222,106.56051536074423
99.31,-5.717130656989845,70.11551134134969,106.73162258773488
99.41,-5.714541038910411,70.06538646734397,106.49177098681083
99.51,-5.755043806378779,70.03167068772947,105.97482965199475
99.61,-5.870560169460802,70.02085796905861,105.3804676148569
99.71,-6.0696202412693125,70.03196859177996,104.89430675724063
99.81,-6.333696850972622,70.05961195811705,104.62825864789411
99.91,-6.626028928673705,70.09805082291741,104.59124388708099
100.01,-6.9083802621271175,70.14314262201329,104.69384176814329
100.11,-7.155497013699737,70.1908077113111,104.78829701844869
100.21,-7.359217565908068,70.23368955840286,104.73087260638214
100.31,-7.522196881921857,70.25913698753348,104.43779967561797
100.41,-7.6468582794954045,70.25019994296092,103.91116670296353
100.51,-7.725178112841263,70.18874924642739,103.23282425449105
100.61,-7.733217087125027,70.05876643618116,102.5393005851019
100.71,-7.633904628280874,69.84875642649995,101.98844148305315
100.81,-7.389806194057755,69.55353015792856,101.719567711683
100.91,-6.9813934326891385,69.17592555799115,101.80978343486126
101.01,-6.419697942097656,68.72832669329856,102.2426828384633
101.11,-5.744135712441526,68.23292788806994,102.91278760274238
101.21,-5.007765788390557,67.71943564841143,103.66937099267722
101.31,-4.261677573372552,67.21965613890019,104.37053150456565
101.41,-3.547985680415046,66.76005484017992,104.9104145832757
101.51,-2.9012870352533895,66.35519040550433,105.21031004815703
101.61,-2.3516021265915015,66.00545649728285,105.19791477840353
101.71,-1.9221948023003463,65.70073319513642,104.80676998441973
101.81,-1.6211026468494012,65.42818962396329,104.00573540001389
101.91,-1.431446135047679,65.17998503145672,102.83612295090079
102.01,-1.3083767001458497,64.95678195998569,101.42028319454712
102.11,-1.187522859308494,64.76546060648728,99.92456716798253
102.21,-1.0031008712254348,64.61249474471884,98.49450632469238
102.31,-0.7084466034001622,64.4966164431107,97.19873998624655
102.41,-0.29044133657801297,64.4047168486225,96.009424249872
102.51,0.2282756368232839,64.3132143241817,94.82507223582702
102.61,0.8002493982167209,64.19437596801228,93.52235778860971
102.71,1.3719133443293572,64.02475299902278,92.0109696818601
102.81,1.9010089374004338,63.791900405416015,90.26401980387845
102.91,2.365811031263455,63.49635728954338,88.31132101965555
103.01,2.765263238210295,63.14832915651539,86.20829959529014
103.11,3.1139393125916612,62.761379011094576,84.00963859772389
103.21,3.436336571665194,62.34689602875241,81.76818486588695
103.31,3.7623498025990116,61.912155357848725,79.55246159653792
103.41,4.122993591527738,61.46200891535257,77.4568416149393
103.51,4.544998827144056,61.00177140666576,75.58770927313108
103.61,5.044537851249842,60.53873621142223,74.03424506599357
103.71,5.621626248104093,60.081691325596594,72.84247988425133
103.81,6.256647752766725,59.639505526528545,71.99958216349486
103.91,6.9104561965329765,59.21989465843446,71.42540911290943
104.01,7.529884888663972,58.82857798613979,70.97371377500365
104.11,8.05897952744241,58.468552419379364,70.45182348677288
104.21,8.453015645474466,58.13953619136951,69.66045322234177
104.31,8.691004142193414,57.83801234414976,68.44327658839856
104.41,8.783957796926138,57.55797795925056,66.73359583035659
104.51,8.777399888946363,57.29187966270524,64.58731288296657
104.61,8.745670731519112,57.03121843715566,62.18636838716631
104.71,8.775478574332173,56.766903857231526,59.79711982373394
104.81,8.9406758365406,56.48988179424247,57.69043495943728
104.91,9.278081286055503,56.19250086852306,56.059048644568136
105.01,9.777313305547512,55.87059664614218,54.9709466544911
105.11,10.389695356400726,55.525641044130396,54.37124959837105
105.21,11.048216077634333,55.16592904013314,54.11630605700918
105.31,11.685323981101746,54.805804959690434,54.01582571670727
105.41,12.241825921168374,54.46246602066385,53.87055695377154
105.51,12.669692100169186,54.151134739986986,53.50630831984256
105.61,12.935257815497152,53.880812754153546,52.807427097924545
105.71,13.026074405148762,53.652978420335764,51.747493205333654
105.81,12.958756593020198,53.46376113391914,50.409031080602574
105.91,12.7814060751469,53.307589524741786,48.97927427466009
106.01,12.565067163011332,53.17935267543381,47.71077239754405
106.11,12.383817938685489,53.073605231899805,46.85103968868566
106.21,12.290316233725708,52.9817483984571,46.565730841160814
106.31,12.298718754481545,52.889440096629464,46.88557121270183
106.41,12.384581806928352,52.77644408598641,47.69542497555966
106.51,12.501304960166912,52.62029735625135,48.76851232684304
106.61,12.602818399357492,52.40336572126945,49.8362588146467
106.71,12.660594690300623,52.120324145935996,50.670214966286224
106.81,12.66894765838586,51.78195991299444,51.14248121712153
106.91,12.639460389715381,51.41309524810531,51.24058344731171
107.01,12.589198935260079,51.04589172712655,51.04038653515026
107.11,12.528374384956223,50.7119091820219,50.6622919349969
107.21,12.45246647940878,50.43596248355399,50.233979693691
107.31,12.341651117322112,50.23328615400137,49.86579980573643
107.41,12.166933286835423,50.1102351632754,49.63263808100642
107.51,11.89916389179475,50.06783754741043,49.55736416480127
107.61,11.516281335493758,50.106549393714545,49.60002670606332
107.71,11.006501055408116,50.22992026459955,49.6640913614531
107.81,10.3685047520841,50.445302552218116,49.62875993681733
107.91,9.610704216324706,50.76126999842729,49.40260436262656
108.01,8.75031338516358,51.183227105422816,48.97579622940969
108.11,7.811745701016143,51.70961687442927,48.44046198314446
108.21,6.823805224633027,52.330513706378476,47.961235961535614
108.31,5.81530562119999,53.02873455864299,47.70601476275664
108.41,4.808849434755999,53.78221288342461,47.770104281715305
108.51,3.8140804804196904,54.56632078477559,48.12820596312317
108.61,2.8249656288515723,55.355991012762935,48.63303841710771
108.71,1.8260575051940577,56.12847787555338,49.06234208336288
108.81,0.8071432587184191,56.86706909698864,49.200660878610705
108.91,-0.22069493612264068,57.564395675104095,48.9259565709151
109.01,-1.2159463988262829,58.223027995886476,48.2629636330371
109.11,-2.109921850929041,58.85213743884494,47.37899299233747
109.21,-2.8236131133110405,59.461471730029885,46.52847534548544
109.31,-3.2944393584818457,60.055695870577615,45.97493374615254
109.41,-3.503420806186874,60.63196754091147,45.91827287699648
109.51,-3.4893258406652237,61.18170439719717,46.44222709065075
109.61,-3.3393134134771216,61.69495929929212,47.49073889222368
109.71,-3.157314732041087,62.16420614210105,48.88618353913319
109.81,-3.024508572775602,62.58504207705836,50.398479055957225
109.91,-2.9701447000497154,62.95402261514574,51.847247866055284
110.01,-2.9643802089904554,63.266454701331455,53.18610646014983
110.11,-2.9352438588110132,63.51730470546117,54.51594339324427
110.21,-2.803162390655565,63.70584783581009,56.01707033897185
110.31,-2.5180044212949753,63.841073068912756,57.845754187690915
110.41,-2.080219965516804,63.94334298367159,60.05965762595682
110.51,-1.5366221431198426,64.04005486071082,62.60717234847594
110.61,-0.9577945065963007,64.15722714660882,65.3691334262301
110.71,-0.4131666339264939,64.3114135979028,68.21397768673718
110.81,0.04471846168026161,64.50538031678445,71.03225236365492
110.91,0.3852216230784862,64.72821156733313,73.74117908741393
111.01,0.5980276401404012,64.95877364377343,76.27032924981577
111.11,0.6886897664416551,65.17149610203717,78.5438008428881
111.21,0.6729288355160392,65.34347683641924,80.47172356669675
111.31,0.5709992657910448,65.46089605265712,81.9623163275042
111.41,0.4041394552468702,65.52214080674113,82.95715768227983
111.51,0.19425907404714593,65.53649885507265,83.47251391054952
111.61,-0.03465412415189917,65.51977774278087,83.6162774169947
111.71,-0.2566649248378283,65.48951505620099,83.56322271660564
111.81,-0.44738834069736555,65.46180027324083,83.50183997900206
111.91,-0.5892719590815148,65.45005163114045,83.58339745401312
112.01,-0.6750936276431574,65.46470999674034,83.8945234488173
112.11,-0.7074659110570849,65.51257618606414,84.45472319510854
112.21,-0.6954747356863393,65.59537779337397,85.22841743739819
112.31,-0.6518426785509561,65.70823564716055,86.13949127538808
112.41,-0.5931687300700901,65.83920717269447,87.08143841237003
112.51,-0.5424902243616785,65.97095049622715,87.92549158837693
112.61,-0.530480692867684,66.08489085282235,88.5363146234369
112.71,-0.5914617771508119,66.16693205918651,88.80393984353289
112.81,-0.7531039728559961,66.21227492913022,88.6909267390979
112.91,-1.0227956990987366,66.22674642524176,88.2755540154175
113.01,-1.37733474771629,66.22378377331418,87.75553200098597
113.11,-1.7630953699845406,66.21856171207122,87.38933970933884
113.21,-2.109333361151009,66.22207367737882,87.39830784693477
113.31,-2.350463384643156,66.2377212455216,87.8849571535522
113.41,-2.448619129323909,66.26146263497286,88.80528208045635
113.51,-2.406640586611047,66.28473029743425,89.99500910528639
113.61,-2.2640494517550565,66.2983388951512,91.23391939277596
113.71,-2.0769506715605104,66.29595291795556,92.32818932849347
113.81,-1.8935734347044075,66.27660081419847,93.17672508550017
113.91,-1.7398257564121948,66.2461404726243,93.78434288071082
114.01,-1.620537526528942,66.21734013626914,94.21782712312614
114.11,-1.5307536812004159,66.20798227602921,94.54373979943522
114.21,-1.4668695467905195,66.2366545853834,94.7927740722473
114.31,-1.4309524661079394,66.31674744148573,94.96255317647943
114.41,-1.4281894991988722,66.45042625788389,95.03871099951243
114.51,-1.461392187158367,66.62534471162296,95.01269449872477
114.61,-1.5263330140406381,66.81651113618024,94.89407878008966
114.71,-1.6099859718562968,66.99343397839424,94.72364740661108
114.81,-1.6929430329096604,67.12964739255013,94.57988639566405
114.91,-1.7563836397655734,67.2103847044187,94.56002435986095
115.01,-1.7911636885649358,67.23560265178642,94.732012081574
115.11,-1.8037194068674154,67.21820230111481,95.08349797943973
115.21,-1.814307446876704,67.1790021211425,95.50466894989052
115.31,-1.847610965551226,67.14033873619657,95.82334201981935
115.41,-1.9200415443008154,67.11987712581875,95.88129172780415
115.51,-2.0294756753103584,67.12584354203484,95.61995279133876
115.61,-2.1522990991822297,67.15452389306482,95.13697885863985
115.71,-2.2507801618775147,67.19055272023367,94.68204572316058
115.81,-2.2905372417401537,67.21028412094311,94.58029444723739
115.91,-2.262264338831848,67.18815400265554,95.10044071308153
116.01,-2.1958971182054086,67.105070020549,96.31438750853921
116.11,-2.155127991693668,66.95656478726248,98.01811874341846
116.21,-2.210303111403313,66.7574824902624,99.77873232210942
116.31,-2.4029015857542646,66.54041137236827,101.112698090917
116.41,-2.72201121775921,66.34738877140674,101.70649535647453
116.51,-3.106600400876701,66.21763361061203,101.54750404226057
116.61,-3.4731699532507605,66.1761452930088,100.89442745165006
116.71,-3.754734553936565,66.2275637894597,100.12645363819767
116.81,-3.929791556649306,66.35725014498053,99.57241885673307
116.91,-4.0248866437808175,66.53860025280343,99.40532590549707
117.01,-4.0915718067731035,66.74319309716925,99.62996131545401
117.11,-4.17554999813018,66.94932973599849,100.13641006014042
117.21,-4.298040543918887,67.14571290487426,100.76772766498168
117.31,-4.456069496665712,67.33010146300457,101.3667996189096
117.41,-4.633041408404935,67.50552566693824,101.80577082982117
117.51,-4.807419977150587,67.67688919488472,102.01756212070097
117.61,-4.955936750949256,67.84883585955643,102.02683966476961
117.71,-5.056307622460984,68.02419411639349,101.95204943150205
117.81,-5.093677697756014,68.20285024032518,101.95874522152398
117.91,-5.068107936301274,68.38219754768429,102.18237594480135
118.01,-4.9965822924832395,68.5598922969521,102.66754222540536
118.11,-4.906654366788715,68.7374968650561,103.3603133924722
118.21,-4.825942271391064,68.92216218406071,104.14865537365569
118.31,-4.774919884762184,69.12436634475095,104.91176997677796
118.41,-4.766976745695516,69.35197341469302,105.54251281100902
118.51,-4.813220875530774,69.60305457558361,105.94097172942018
118.61,-4.925897258419518,69.86145583552316,106.00740832262501
118.71,-5.116204814943011,70.09897995698658,105.66257793836911
118.81,-5.386936385722322,70.2847716017454,104.89607365058122
118.91,-5.723261856438818,70.39736287620289,103.81470314886305
119.01,-6.08576007344616,70.43247793144202,102.65560504195702
119.11,-6.411334585558237,70.40268857595784,101.74223296837272
119.21,-6.628750930148989,70.33045978305421,101.38318577675055
119.31,-6.689769523095336,70.23940499675771,101.74066185268826
119.41,-6.602520086927015,70.14807089035361,102.72362793170308
119.51,-6.442971066058256,70.06781336082106,103.97225515000646
119.61,-6.3295190158985974,70.00373137396679,104.97317015739718
119.71,-6.371532414189886,69.95670020908372,105.27621921897926
119.81,-6.620332825303379,69.92507899127584,104.70705416626859
119.91,-7.046260500027799,69.90550900825124,103.45268944990111
120.01,-7.549207853745713,69.89279850364956,101.97169943047582
120.11,-7.996128209390761,69.87937123953836,100.79092178026129
120.21,-8.269336321870028,69.85516467813103,100.3050194488562
120.31,-8.304745375150638,69.80886769240585,100.66232818009338
120.41,-8.104838395606052,69.73056915391678,101.7505723418555
120.51,-7.725637447565305,69.61430644332698,103.2548822543886
120.61,-7.249347029705852,69.45813312107934,104.75840277197682
120.71,-6.756917236811603,69.26108619193684,105.86084521951686
120.81,-6.308814275121094,69.01987855864314,106.287066824181
120.91,-5.934430438072617,68.72923014815098,105.95693795221088
121.01,-5.627870370689337,68.3865336754947,104.99597669998202
121.11,-5.351555462499654,67.99735134829587,103.68087869653758
121.21,-5.051890629964099,67.57743081992258,102.33500123226239
121.31,-4.685437528759181,67.14970719546703,101.21096090639568
121.41,-4.242999585115733,66.73800471873624,100.40646039241503
121.51,-3.7557888684973904,66.36058648531501,99.84678163429167
121.61,-3.2787949235616978,66.02631207772498,99.3401391700905
121.71,-2.86181652695371,65.73464234046851,98.68322518897926
121.81,-2.525154114217557,65.47865626081459,97.77002202600477
121.91,-2.2525159548402343,65.2488023629318,96.6456971508382
122.01,-2.0031066841253846,65.0354332239274,95.47090532543316
122.11,-1.7331852070910543,64.82972755314486,94.4222516371603
122.21,-1.4121072242995751,64.62394968323333,93.60165714868819
122.31,-1.025060962530219,64.41244839883782,93.01044980471187
122.41,-0.5679247896015838,64.1940242474373,92.58222753600843
122.51,-0.04482975590575933,63.974263507857735,92.22475584443075
122.61,0.5278071065321157,63.76478860190605,91.83084722349915
122.71,1.1168549893384423,63.57752951164392,91.2652783010568
122.81,1.6767529571167685,63.41604068877514,90.37154423454169
122.91,2.164801551359787,63.2692338778698,89.02650451958102
123.01,2.559229904913991,63.11227898765502,87.21314230504629
123.11,2.868720709501339,62.91497511630512,85.04994122230724
123.21,3.129621298371056,62.65313425559935,82.75320280176068
123.31,3.395491098723795,62.317012741788425,80.5654107748605
123.41,3.723837462115533,61.913231707003646,78.68898482702554
123.51,4.160768459465267,61.460651281601656,77.23542440371169
123.61,4.724659881253963,60.98342354645962,76.18891569357164
123.71,5.3945733503801705,60.50472088281775,75.39518995659573
123.81,6.111210264103775,60.04305100772108,74.59369989334625
123.91,6.794023151466078,59.611050549577804,73.50263353267864
124.01,7.3693773304196455,59.215453087667875,71.94050448188534
124.11,7.796972490099549,58.85704714874401,69.93098160545784
124.21,8.081656862060697,58.53049511364016,67.72063265672091
124.31,8.266259608220778,58.22493196520603,65.67822538842834
124.41,8.411662313094965,57.92625958716951,64.12254833157964
124.51,8.574922724684537,57.620826803318884,63.17330564187806
124.61,8.793373579683603,57.299037695483676,62.697824973904176
124.71,9.07824477931646,56.957592201156594,62.37047015568939
124.81,9.41830465043273,56.599948478755934,61.813342519465024
124.91,9.790202215856734,56.23505343354934,60.75292267096522
125.01,10.169772059726661,55.8745842288045,59.1192759949042
125.11,10.54043915111324,55.5294644163065,57.05003973475503
125.21,10.89778124553532,55.20687708513033,54.81882663953226
125.31,11.249210627514117,54.908782564012775,52.73728156897525
125.41,11.606706079068932,54.63227766273621,51.06717436491462
125.51,11.97374507041393,54.371572404651246,49.955322182890455
125.61,12.334070249378783,54.12097133084652,49.3973262095858
125.71,12.651465059507856,53.877909473879484,49.241005381233066
125.81,12.882395330342042,53.644987683886185,49.23840579875902
125.91,12.994148163973499,53.43007264394452,49.136512797430825
126.01,12.978296736314746,53.24378113662817,48.76965947420689
126.11,12.853251273887338,53.094609667931735,48.10707265056963
126.21,12.655957518188309,52.983735121460555,47.2346572391415
126.31,12.428214352030995,52.90243413297875,46.292702227342694
126.41,12.205445935364985,52.833548438854876,45.41483637823211
126.51,12.013213313654308,52.75573992726151,44.702786830599386
126.61,11.870260327848378,52.64834283611081,44.238451745866286
126.71,11.791586953062456,52.49594093795476,44.104631972842746
126.81,11.785743716090401,52.292819378548245,44.38008968646308
126.91,11.84686257017929,52.04646260067815,45.09763226685623
127.01,11.948509999678201,51.77784012821679,46.18971508299324
127.11,12.046924152347408,51.51672081825106,47.46868674821417
127.21,12.093996785233735,51.29298417864888,48.675700178185274
127.31,12.051594683742866,51.12792026951491,49.581570548530394
127.41,11.897400370764217,51.0301740442564,50.073448165195
127.51,11.620366717700882,50.99825753916739,50.168640771503874
127.61,11.213086465688257,51.02739019197114,49.95999149369777
127.71,10.669548909182428,51.11605782189534,49.54836010736007
127.81,9.989660458682518,51.268647168554246,49.01041121915877
127.91,9.185123557136265,51.49374464755277,48.408434481800754
128.01,8.280910865089766,51.80058663504741,47.81789020700061
128.11,7.310286892346689,52.196447310173966,47.341569185376294
128.21,6.305668563423048,52.68544726063204,47.092417561190466
128.31,5.291492540549925,53.26707671312921,47.153066063815665
128.41,4.284541746292966,53.933339701724925,47.538103542076364
128.51,3.299355226851908,54.66605934853064,48.17752795558235
128.61,2.3501600894015695,55.43723483493477,48.92142681475037
128.71,1.4460102756281543,56.213831301007815,49.56301130629838
128.81,0.5861001422277425,56.96560164609025,49.886143842811364
128.91,-0.23674927206401009,57.67274464761853,49.737126200080525
129.01,-1.0250701718850905,58.3301643297658,49.09409990688333
129.11,-1.7653788565004618,58.94643385697489,48.09396503236866
129.21,-2.4234815771612546,59.53778009844411,46.99775864823541
129.31,-2.95091420290845,60.11968999896537,46.10974860841676
129.41,-3.3025765323051957,60.699772657242114,45.68624242177951
129.51,-3.457843154965907,61.27457630440744,45.870477230702626
129.61,-3.432675505167346,61.83094077260756,46.672150403574186
129.71,-3.275961612827402,62.35059183089777,47.98615407378519
129.81,-3.054433962434281,62.81590068933658,49.63178853115457
129.91,-2.835532521367753,63.214926142867036,51.39534437313081
130.01,-2.6734927891956914,63.54427861806853,53.06995889882188
130.11,-2.5979815951995917,63.808693114449916,54.49803352721004
130.21,-2.6046756629839933,64.01727799221838,55.618089636255746
130.31,-2.6527081565152173,64.17857313845515,56.497455965569316
130.41,-2.6763819562723583,64.2980075666382,57.3216513267745
130.51,-2.611637209678051,64.37992522973099,58.33343665778884
130.61,-2.425371417560484,64.43267693184859,59.7488015392762
130.71,-2.1304886597050654,64.47246613910644,61.68431896578099
130.81,-1.7795161724207489,64.52210262749445,64.1097496319401
130.91,-1.4440105880474334,64.60418024660721,66.8309033753117
131.01,-1.1903930005392098,64.73186805628956,69.5224379734654
131.11,-1.0595555284834646,64.90215180252268,71.82561048499558
131.21,-1.0577908708662136,65.09542664119651,73.47689690529465
131.31,-1.1648919384444554,65.2822997491347,74.39254362158759
131.41,-1.354004356218006,65.43454627757679,74.66548324507072
131.51,-1.6060905118371096,65.53484791026922,74.50447682269066
131.61,-1.9059955315375632,65.581120429925,74.17242421483589
131.71,-2.226024701414161,65.58480566270707,73.94477822024508
131.81,-2.516444624436467,65.56549752825691,74.07227969397925
131.91,-2.7165087055536574,65.54493717477094,74.73319246579659
132.01,-2.7811000634392116,65.54223130263217,75.98170820944144
132.11,-2.7037476416321127,65.57061971262893,77.7166296897618
132.21,-2.5190434173443847,65.63536273801866,79.69736936454427
132.31,-2.2839620413235906,65.73254459638781,81.61633179071946
132.41,-2.052394509326433,65.84931261113974,83.2022158193245
132.51,-1.8585371715535715,65.9664972044024,84.30330767073596
132.61,-1.7154230893086293,66.06391614562368,84.91086666809902
132.71,-1.6241248538412236,66.12696210208772,85.12485364745547
132.81,-1.583870493638969,66.15154642167431,85.09789437685788
132.91,-1.5958882015819,66.14470802415245,84.98923080576255
133.01,-1.6612536454254254,66.12056531837268,84.93225925827221
133.11,-1.778144864483572,66.09419308968313,85.0032621659318
133.21,-1.9415617534686263,66.07692859387959,85.19422717261156
133.31,-2.1426133630139717,66.0747279767541,85.41875941283625
133.41,-2.3642610870530945,66.08860791090808,85.57293601346481
133.51,-2.5773100151647057,66.11554275459991,85.62299429491642
133.61,-2.7445448880291394,66.14949403715234,85.65194560432514
133.71,-2.8352676315394447,66.18342248904464,85.81954669831855
133.81,-2.8427723394357116,66.21273448031052,86.25547368044796
133.91,-2.793022352652919,66.23907710861201,86.9547076189359
134.01,-2.7373071567403855,66.27214183901732,87.74507000194889
134.11,-2.731769074582701,66.3274296397151,88.35365732903962
134.21,-2.814609690532329,66.41993692264008,88.5377411583706
134.31,-2.9910316875522582,66.55626020858868,88.20670136574627
134.41,-3.2297184448500076,66.72908782333496,87.46965746110925
134.51,-3.470915271593597,66.91739862937003,86.5863941542541
134.61,-3.64562054874834,67.09286144162549,85.8489017668445
134.71,-3.7024336413807433,67.22940122642996,85.45473622540767
134.81,-3.6320906735048766,67.31124064196783,85.43512884839298
134.91,-3.476290278566431,67.33621190339049,85.66927147186709
135.01,-3.3141902880503125,67.31424111677711,85.96786214112119
135.11,-3.2337997120175785,67.26305752058443,86.16920431563491
135.21,-3.303039336401561,67.20327123433906,86.19072104702951
135.31,-3.550185963717496,67.15384253094628,86.024161700613
135.41,-3.955594967207894,67.12816332158816,85.70773776480478
135.51,-4.4552663864823145,67.13114728021796,85.30826923398284
135.61,-4.957205304030197,67.15815859955005,84.91945433951425
135.71,-5.367049938963035,67.19634142403683,84.66518252017528
135.81,-5.614396545773765,67.2280749966361,84.69123504161831
135.91,-5.671361076163329,67.23568983555937,85.13219275805217
136.01,-5.557493667277392,67.20645886082394,86.06134459626588
136.11,-5.328423577444049,67.13684478948346,87.45373679152466
136.21,-5.053195199016642,67.03488599633006,89.1854077356646
136.31,-4.793435794114181,66.91958648527005,91.06006378552019
136.41,-4.595147706768159,66.81648080837125,92.83894474356795
136.51,-4.49125258604402,66.74972065759465,94.27051535177381
136.61,-4.5044377809558185,66.73338183682782,95.13891009161429
136.71,-4.643641845594793,66.76666378723709,95.3350566776129
136.81,-4.896181292643057,66.83639291669404,94.91980413940887
136.91,-5.221792448556286,66.92552207392728,94.13759639201845
137.01,-5.5543630421849315,67.02214835297205,93.36313160185989
137.11,-5.814915310938275,67.12379783612059,92.99789709378545
137.21,-5.935861665323628,67.2357040846105,93.3503278868137
137.31,-5.889935437384132,67.36580389022053,94.53059067579672
137.41,-5.708847400271296,67.52031784218671,96.39097119382676
137.51,-5.475931213063717,67.7019006540756,98.55065746260526
137.61,-5.291077440138636,67.90960528482962,100.52908316787457
137.71,-5.224897858869248,68.13900048697872,101.9516732867078
137.81,-5.285457334971689,68.38215011134042,102.72160170079154
137.91,-5.413750151802411,68.6284420580809,103.04734819981203
138.01,-5.512551986936018,68.86668874650543,103.30227669823633
138.11,-5.4999032803115995,69.08772296914029,103.79670735048875
138.21,-5.362852274311699,69.28648918367018,104.58172370933325
138.31,-5.179547972318545,69.46282311102522,105.37721278329431
138.41,-5.092467740064592,69.62000537601112,105.67031244542945
138.51,-5.246025306111939,69.76084906504136,104.9650632164293
138.61,-5.721113483195886,69.88318786904773,103.06772150817312
138.71,-6.493759446814522,69.97827005382308,100.23840020517086
138.81,-7.429468983713527,70.03428214722604,97.11632028300929
138.91,-8.315242996568273,70.04339007163279,94.47937433826556
139.01,-8.92468675980247,70.00771827419061,92.98460759500888
139.11,-9.097887444873976,69.94043072968284,92.99855422954045
139.21,-8.80187991997424,69.86159046090344,94.5350661761604
139.31,-8.140531868973852,69.791532597662,97.26683896093297
139.41,-7.311951541279882,69.74518001885508,100.58897621724711
139.51,-6.541665945489093,69.72939225700549,103.73994560603319
139.61,-6.0233451964156615,69.74337842418151,105.97907652829429
139.71,-5.881188747129869,69.78070003586552,106.7838534831987
139.81,-6.152172974775318,69.83120813001388,106.0009670990987
139.91,-6.782534529238205,69.88227736273627,103.8911544298427
140.01,-7.637191674147616,69.91985975381311,101.0466447748061
140.11,-8.525637903050466,69.9301182025414,98.2091649904206
140.21,-9.245880971247288,69.90178922698053,96.0584644292296
140.31,-9.637459808820267,69.82870378081613,95.05180817058097
140.41,-9.624706705509958,69.71126211005807,95.35291792412077
140.51,-9.233159773107879,69.55536837675834,96.8291693649427
140.61,-8.57362283200358,69.36844409732637,99.08280569267015
140.71,-7.801017344635909,69.15458693757395,101.51984481375841
140.81,-7.064680425471188,68.91229342389646,103.48287708966404
140.91,-6.469780468991139,68.63658656321965,104.43161194922504
141.01,-6.061925331053438,68.32418148460427,104.09291728970385
141.11,-5.832910158893647,67.97813728563558,102.50853982284603
141.21,-5.736114305991322,67.60876863656452,99.98406561310021
141.31,-5.7014080222435055,67.23015501706506,96.99494699173347
141.41,-5.647774426909876,66.85463308738503,94.08506538482213
141.51,-5.498474560343517,66.48905399061967,91.75292127746366
141.61,-5.201232959249026,66.13538819890047,90.32579388600328
141.71,-4.746319116719562,65.79520769738352,89.85994267081138
141.81,-4.170806184119343,65.47456658520339,90.1166550765496
141.91,-3.5447653233461978,65.18498094385467,90.637826759791
142.01,-2.94513675221431,64.93858231742165,90.91189471719106
142.11,-2.4260405225539685,64.73983024116522,90.58696718237843
142.21,-1.994896602672739,64.57941204795281,89.64297170181281
142.31,-1.606108845488933,64.43545894964656,88.41643285501077
142.41,-1.1811328945775301,64.28276358680387,87.43831301671544
142.51,-0.6496791420868107,64.10509216007225,87.16573563546407
142.61,0.009663694820794433,63.90294994771468,87.74915500051499
142.71,0.753321928997174,63.6915819364172,88.9355805913719
142.81,1.4887639538223638,63.49022419078727,90.13419685003433
142.91,2.1108099107679195,63.30921572912738,90.61871404768507
143.01,2.540326469255646,63.14237553930039,89.80166363559076
143.11,2.7536497864760534,62.96796392610895,87.47761450617372
143.21,2.797335001699146,62.75646020226781,83.92129342821708
143.31,2.783369032577724,62.48093215537978,79.78229983463378
143.41,2.860358156679574,62.126120118697074,75.83083440078677
143.51,3.164277264854775,61.693564184739515,72.6928323731082
143.61,3.7662688455727107,61.20135063619261,70.68946225759089
143.71,4.64192406900284,60.67888379238482,69.80141074872317
143.81,5.677770206386327,60.15905379692454,69.72020290636488
143.91,6.711712601005409,59.67074781236174,69.95873637776411
144.01,7.587364471066699,59.23354826975525,70.00546087345936
144.11,8.198604129180382,58.85499806442498,69.48218912093964
144.21,8.511707624534054,58.530152896344816,68.2467602644171
144.31,8.56584236845839,58.24332051219043,66.40423513176235
144.41,8.457515883301078,57.97211061677647,64.23236515162814
144.51,8.313744610778151,57.693389721887485,62.062038726528684
144.61,8.259229364914695,57.38964876832759,60.16612791291847
144.71,8.38396363091914,57.05366660672254,58.68842629674583
144.81,8.718548595873425,56.689722792476935,57.61352360122808
144.91,9.227122424336123,56.310827034536494,56.77821624335678
145.01,9.82503768759062,55.93323748428191,55.93631072749157
145.11,10.413961295980844,55.57112130641917,54.86429743025249
145.21,10.915114338042091,55.234100313828804,53.4527912756116
145.31,11.286706677886727,54.928167907348104,51.732618054127926
145.41,11.52565832627463,54.65782369419153,49.84086579584337
145.51,11.660294229810319,54.426674416373885,47.97259572339288
145.61,11.738079917288431,54.23559460103531,46.34673832225171
145.71,11.809480073268936,54.080020917205864,45.176748981988155
145.81,11.91115766738087,53.949152891693835,44.627259080284475
145.91,12.055337671820404,53.82886626298992,44.757100046963906
146.01,12.229728398639011,53.70737829283247,45.46899373150559
146.11,12.404921825393565,53.58011822891026,46.49656644229006
146.21,12.544256321877015,53.45026655241272,47.461972253668534
146.31,12.615693660195106,53.32431144762137,48.01437582853398
146.41,12.604759616833022,53.20537208998765,47.99542993853532
146.51,12.521625689204306,53.08836880882873,47.52368885948589
146.61,12.39564186182782,52.95982623152502,46.927773480273345
146.71,12.25963674861444,52.802516389215214,46.57044365872752
146.81,12.134828963152234,52.60282209981013,46.676760038495964
146.91,12.026469775815755,52.35745961054792,47.25289811935306
147.01,11.930815859435672,52.07659689899756,48.1134029742343
147.11,11.84462107172358,51.78240491185795,48.984976762393366
147.21,11.76726233846216,51.504261467545355,49.6310667899199
147.31,11.692940451789646,51.27273159639914,49.936865103185866
147.41,11.599195240544294,51.11417770787715,49.91532199549586
147.51,11.441468742943854,51.04706549490285,49.64068239418086
147.61,11.160356313871922,51.0800556792457,49.16354026610149
147.71,10.70097912898408,51.2115022675396,48.47459037121506
147.81,10.035608376005396,51.430580814238844,47.543243516897775
147.91,9.17595790854988,51.72103461999128,46.3896223898543
148.01,8.166197337600494,52.06772954378268,45.120467336329796
148.11,7.061483144427136,52.463681284517484,43.90251158470594
148.21,5.908626695790105,52.91327936771834,42.90714134911613
148.31,4.742159490563985,53.428681268921544,42.26966273820562
148.41,3.592422419943773,54.02063928869211,42.07211009941654
148.51,2.491223847488804,54.689081755230546,42.33225320422618
148.61,1.46735741507635,55.419130652219025,42.98782614368379
148.71,0.5384215161819483,56.184626574294654,43.88968672502559
148.81,-0.290432759726869,56.956662369720384,44.830554344075175
148.91,-1.0187004949355227,57.71218843825802,45.61537791233218
149.01,-1.6415629219762309,58.438287168863475,46.13802206386009
149.11,-2.148762801161837,59.130453216940595,46.41232321731499
149.21,-2.532615835971626,59.7869244002508,46.53921148953378
149.31,-2.7984559422340567,60.40380092263697,46.640859642804315
149.41,-2.969401873986179,60.97494975621248,46.80628609007189
149.51,-3.0815719737399405,61.49637404273557,47.06981027999226
149.61,-3.171138108417658,61.970589710674034,47.420790814723034
149.71,-3.258984020896669,62.40672054278879,47.834975012773754
149.81,-3.3411758910625906,62.8160156608634,48.31325817044913
149.91,-3.3910333627429807,63.20596048623531,48.9101501175102
150.01,-3.371783753782424,63.576340309369115,49.73794892273324
150.11,-3.2536505346575524,63.918708051002525,50.939628332780714
150.21,-3.0286116953529643,64.21891873670012,52.63236842321639
150.31,-2.7165324755809905,64.46140029509803,54.84233807377065
150.41,-2.358243825691673,64.63360107916994,57.469058424361265
150.51,-1.998743212938514,64.72981943077313,60.30606809027853
150.61,-1.6723409270821037,64.75469441570503,63.10342971642328
150.71,-1.4003126539931685,64.72618119132271,65.62841443008189
150.81,-1.1999270130562323,64.67572025298657,67.69714069257466
150.91,-1.092696627170504,64.64254766692048,69.19192571119649
151.01,-1.1000861540413567,64.66206760448998,70.09302111930594
151.11,-1.227578203595023,64.7529172835776,70.51661967766465
151.21,-1.4509968868301328,64.90951925922113,70.71047253968683
151.31,-1.7183328061977008,65.1045440589625,70.97929671788258
151.41,-1.9666067562195053,65.30036638776586,71.57908732639687
151.51,-2.141305071774646,65.46375961777784,72.64831824115451
151.61,-2.207366376490228,65.5767992022089,74.20306401252871
151.71,-2.151551797852626,65.63975199425013,76.16870738196795
151.81,-1.9826413916690626,65.66630270792332,78.40836999086942
151.91,-1.7323647775668007,65.6749223996167,80.73218179618391
152.01,-1.4538199981461801,65.68111977115527,82.89810987652884
152.11,-1.213896512951223,65.69383997339422,84.62526108973863
152.21,-1.080427824904362,65.71634974747484,85.63501395054985
152.31,-1.1069910452883107,65.74921475578202,85.72254997833097
152.41,-1.3175581441000048,65.79221839489499,84.84420623377815
152.51,-1.6940448465710176,65.84383925806114,83.18230367033702
152.61,-2.172794690550525,65.89963667728993,81.13768254028588
152.71,-2.656084993400313,65.95206220835325,79.23151786336727
152.81,-3.039158739297804,65.99281056929019,77.95459667864245
152.91,-3.245171855917917,66.01647994406724,77.62754326691928
153.01,-3.25435043493696,66.02335617817448,78.31427971866755
153.11,-3.1133251068170935,66.01990419493566,79.8021355934898
153.21,-2.918431695412714,66.01671410540223,81.65502986826603
153.31,-2.779719521468671,66.02452113784064,83.3444460034734
153.41,-2.7817224978573023,66.0497095393172,84.43283283365075
153.51,-2.95668527830793,66.09119005707434,84.7331400918594
153.61,-3.2783018947102534,66.14022466132006,84.35558916823733
153.71,-3.67511819856022,66.18375441292832,83.61746773165254
153.81,-4.056343516017364,66.21032316315815,82.8842429606962
153.91,-4.340091282892338,66.21612595456432,82.44074759752496
154.01,-4.474612888051027,66.20809900225505,82.44237549055231
154.11,-4.446295771947852,66.20224418186035,82.9323581867739
154.21,-4.273875222563994,66.21790530121422,83.8844402216991
154.31,-3.994453317611942,66.27068409988644,85.23706861169107
154.41,-3.649960007134162,66.36694116805837,86.90127573286598
154.51,-3.2807986755011314,66.50172477193186,88.73959527359158
154.61,-2.927466977972081,66.66047123792207,90.5324926880323
154.71,-2.6341871066323677,66.82346158826311,91.97106339972062
154.81,-2.4462167677195694,66.97119317355744,92.71809539728797
154.91,-2.398110110414784,67.08894238031006,92.53815309439271
155.01,-2.4999984868940004,67.16954227586746,91.42674111458659
155.11,-2.7329154653516383,67.21401164147757,89.64140590955606
155.21,-3.0569956605524595,67.23002398680842,87.60574056811565
155.31,-3.425225860197756,67.22863902198034,85.75850514666165
155.41,-3.792531898053838,67.22026547134217,84.44255748962159
155.51,-4.117951805041699,67.211196056972,83.86362794588497
155.61,-4.366358775882482,67.20193267540868,84.08748324467541
155.71,-4.5157501304090175,67.18779521345155,85.04105715635708
155.81,-4.567781187106263,67.16132945676125,86.51521376524848
155.91,-4.551842329028339,67.11542650880448,88.19355030684447
156.01,-4.514509055525707,67.04619792745808,89.73181600479207
156.11,-4.497761253096499,66.95522151955622,90.87476309872592
156.21,-4.52125839370558,66.85098589382166,91.54189460710931
156.31,-4.582470894844342,66.74878815399425,91.81121457932173
156.41,-4.672711443839823,66.6678535841265,91.81353784408586
156.51,-4.793078008731804,66.62555300565478,91.63263227800155
156.61,-4.95677645516119,66.63106464920963,91.28989960738181
156.71,-5.178411496048668,66.68214545388344,90.8045125701596
156.81,-5.460166767934702,66.76712470046779,90.25930214017058
156.91,-5.783709173341315,66.87111038435664,89.8113195567677
157.01,-6.111726664742484,66.98305762266423,89.63687143826014
157.11,-6.3983281454674525,67.09997650272003,89.85059169540449
157.21,-6.603347490169639,67.22631892800409,90.45391478628063
157.31,-6.704649564217945,67.36962679224914,91.34120558000033
157.41,-6.705843086057527,67.53572124546483,92.34755779002279
157.51,-6.639048643903308,67.72624401732963,93.30099841040455
157.61,-6.560232914775611,67.93887608677515,94.05759739490382
157.71,-6.533821514722057,68.16873657567459,94.52401793442658
157.81,-6.608951213255281,68.40974506150657,94.67638709558445
157.91,-6.7964003713401056,68.65562496969522,94.57294966315278
158.01,-7.0562429454558995,68.90018356151599,94.35380283647109
158.11,-7.3039620964109915,69.1365351919341,94.22032995049527
158.21,-7.439727729533459,69.35616233249729,94.3819664307316
158.31,-7.396260537199112,69.54955124602296,94.96754421172686
158.41,-7.184088216035597,69.70880919776799,95.92990459206348
158.51,-6.904365479547934,69.83059379669179,96.99937053318854
158.61,-6.714322184069616,69.91746977684936,97.74144194427778
158.71,-6.760209995834565,69.97728701609782,97.7336733856669
158.81,-7.1117641117001895,70.0212145445445,96.79038001224127
158.91,-7.728493396030835,70.06101635975848,95.09164856918814
159.01,-8.471214264149992,70.1059868250512,93.11789920411873
159.11,-9.153908171344902,70.16017251741941,91.43735592186853
159.21,-9.614752320698798,70.22078259758409,90.4879482880183
159.31,-9.775619664499722,70.27862098848134,90.45461888722603
159.41,-9.664180552048428,70.32073183609583,91.25100113831108
159.51,-9.391696877472526,70.33460256056165,92.5743769036089
159.61,-9.100684844769354,70.31277048672705,94.01597269534345
159.71,-8.907196811123349,70.25625724903021,95.21309442067005
159.81,-8.860456309113289,70.17480482411985,95.99353014487414
159.91,-8.93367944349098,70.08269601296861,96.42999302902304
160.01,-9.048042801745154,69.99168970914883,96.75994911904398
160.11,-9.118080508214291,69.90523122717019,97.2178544094981
160.21,-9.095592206499006,69.81771858514921,97.88247324159622
160.31,-8.988964220745814,69.71894855040061,98.62009944440987
160.41,-8.850041802296758,69.59994630274085,99.14293068927078
160.51,-8.741263688845699,69.45579375614591,99.14403675383049
160.61,-8.703596543069523,69.28434689711942,98.43954003144687
160.71,-8.73704778015545,69.08344919610347,97.05765899056532
160.81,-8.795210739738948,68.8497271399542,95.24771660786466
160.91,-8.79427450530251,68.57958287253729,93.41094067775056
161.01,-8.63791121720267,68.2708822769454,91.97727844205443
161.11,-8.252745078995616,67.92401942068591,91.27260861135505
161.21,-7.6197871097879215,67.5424727043709,91.42030508895803
161.31,-6.786770217493057,67.13362867212655,92.29808550803665
161.41,-5.856228812858056,66.70984880041499,93.55377748909262
161.51,-4.956278502525713,66.28862519298853,94.6821705323883
161.61,-4.206755877042269,65.89062854122561,95.15975573248532
161.71,-3.68987082895039,65.53558670555687,94.613541562966
161.81,-3.428259861488989,65.2372722157004,92.97068244650397
161.91,-3.373264439767212,64.9994650093685,90.51430536598545
162.01,-3.4109017166054656,64.8142902755303,87.79483417151391
162.11,-3.3919568726820586,64.66346860815212,85.42918873085591
162.21,-3.1812262130332982,64.52253626010253,83.89232596665067
162.31,-2.706972994321731,64.36752662688622,83.38910270689934
162.41,-1.9873136653237395,64.18217022577932,83.8221681233751
162.51,-1.1205000396928568,63.962422914150615,84.83229882301532
162.61,-0.2449755509405307,63.716037456197924,85.89689536910856
162.71,0.5104589325263902,63.45774669617924,86.47779037770063
162.81,1.0660240463371906,63.202853745571666,86.1851676083574
162.91,1.4098100099772708,62.96187808037017,84.89640787540817
163.01,1.5947222455166283,62.73735547689663,82.77194819986806
163.11,1.7160303422824796,62.52289423527805,80.1586042172854
163.21,1.876437565415948,62.30458122159905,77.43798489112959
163.31,2.151832226340453,62.06467511839984,74.90549970494926
163.41,2.572019496125492,61.78664443631226,72.72838198582248
163.51,3.1220835954897197,61.45991707639767,70.96849166938759
163.61,3.758352353171894,61.08298800316245,69.62173675640673
163.71,4.4280226972660515,60.664294784090124,68.63726747661029
163.81,5.0842045109823815,60.22080708757556,67.91485346147566
163.91,5.693513794915553,59.77456485693816,67.3058322831896
164.01,6.237498365260954,59.347718795937496,66.64043889573438
164.11,6.709917484975399,58.9570820891871,65.7751325689456
164.21,7.110725288244247,58.60966939300159,64.62747006361104
164.31,7.439100742095292,58.30084539280727,63.1747564324816
164.41,7.691475914387212,58.016105968829365,61.42908975324988
164.51,7.869137929071442,57.736111143296895,59.42255708706382
164.61,7.99118706946588,57.44313022483077,57.21813389039943
164.71,8.100877778028902,57.126515451022684,54.92815791223194
164.81,8.256334071147975,56.78532874555176,52.71126420983555
164.91,8.508896861070713,56.42737959508993,50.738549114594576
165.01,8.882512483033835,56.06542337374498,49.14602869145598
165.11,9.366389376027662,55.71257150178053,47.99875810023263
165.21,9.922582626221992,55.37908488395677,47.280922007682356
165.31,10.50046883056941,55.071398220907014,46.90972150712544
165.41,11.04902948960586,54.79257398934769,46.76162815287146
165.51,11.523877532313463,54.54277667479143,46.701380155470744
165.61,11.891688661839915,54.31904731307893,46.610828296859225
165.71,12.135043968823958,54.114973560045264,46.41549058972461
165.81,12.256719216111286,53.92182863764229,46.098568308258685
165.91,12.279453412604873,53.73218441437614,45.688976044017345
166.01,12.239028975935945,53.54457129347697,45.22661215005565
166.11,12.173319226493106,53.36559373934146,44.73293687525937
166.21,12.112677970034877,53.20686001244406,44.21642620125498
166.31,12.075016260665457,53.077871440400216,43.71067834916271
166.41,12.064750601908106,52.97907219365394,43.30685320405569
166.51,12.073291891064446,52.8989254708473,43.140297979221884
166.61,12.080744661372393,52.81620786330137,43.32843090355893
166.71,12.060165089766148,52.706389049475035,43.897082415183995
166.81,11.984886168617543,52.54990317520426,44.741866687559174
166.91,11.837691843584999,52.3395816255379,45.65057653116437
167.01,11.618675495093036,52.08452503897534,46.37893487640416
167.11,11.346642767213012,51.808948166425914,46.740671044474716
167.21,11.05024555517955,51.546524906066146,46.66374404333917
167.31,10.75167445288998,51.33226417186369,46.189897718717916
167.41,10.452884312327896,51.19456428367935,45.43446341617852
167.51,10.134315537892384,51.14982207955684,44.54129929040768
167.61,9.767491892163925,51.200774890420895,43.65572642855651
167.71,9.332878912397721,51.338353256960715,42.91704095493391
167.81,8.8308855550452,51.54626453325708,42.45717504381476
167.91,8.2784573899499,51.8076180059374,42.387577067765456
168.01,7.692862564474204,52.11238308015753,42.766953486347525
168.11,7.073006261815479,52.46300921737481,43.563177305832916
168.21,6.391379851244373,52.874678547017155,44.63512833321202
168.31,5.603816883048069,53.368319357839646,45.754973678123484
168.41,4.67374634945233,53.95861027178066,46.67449957216972
168.51,3.5994140935036185,54.64304242627074,47.215157534775685
168.61,2.4292274286059907,55.39838008793923,47.33597932237897
168.71,1.252897955616369,56.18684467287175,47.13185493317734
168.81,0.16745647320763624,56.96876792049706,46.758505888189056
168.91,-0.7647770474212265,57.715030303537404,46.33801616128359
169.01,-1.53932132604875,58.4132219586114,45.910470768290004
169.11,-2.1986431225674465,59.065504251923805,45.45403839881277
169.21,-2.7970008161112787,59.68105972520555,44.94396781765299
169.31,-3.365504043122229,60.26851109838868,44.40241928371907
169.41,-3.8965975444423933,60.83209952158149,43.910140158739615
169.51,-4.351549055001627,61.37166105553122,43.58366831684746
169.61,-4.681455657772652,61.88419763772627,43.541572514679174
169.71,-4.8477815299237506,62.36530963185353,43.881291341472114
169.81,-4.83258812334477,62.81003017290365,44.67274509482773
169.91,-4.637781540085847,63.21302789742383,45.9588237661168
170.01,-4.280476161717019,63.568129825157946,47.74672476038225
170.11,-3.7917017851137373,63.867614867092605,49.98462698981609
170.21,-3.2183253225916673,64.10265462470015,52.53959628356452
170.31,-2.6217270638283168,64.26638662889445,55.204875755674195
170.41,-2.0687671059604043,64.35929070681216,57.750944228674825
170.51,-1.6177699703872506,64.39389274198784,60.00036116300086
170.61,-1.3064488847132054,64.39523760771033,61.88028544826766
170.71,-1.1471447938679873,64.39607584036544,63.41744638027481
170.81,-1.1304378635259695,64.42881813398422,64.68359412745357
170.91,-1.2336650977110182,64.51728206263911,65.73738148492961
171.01,-1.427649525692864,64.67029281715604,66.60949120928187
171.11,-1.6766465844835352,64.878427771501,67.3397953407018
171.21,-1.9345925715969159,65.11538749653856,68.02592668006544
171.31,-2.1473729518424705,65.34502411692796,68.82819191311114
171.41,-2.2665869325263728,65.5325947107991,69.91602520613952
171.51,-2.2686143833239356,65.65585817478902,71.39253600835745
171.61,-2.1665617636561905,65.71121669497889,73.24312233769716
171.71,-2.007522410299046,65.71295787822518,75.32796177453945
171.81,-1.8571263136207108,65.68723075533718,77.41416999088688
171.91,-1.7793005437052045,65.66387126670952,79.23315491294602
172.01,-1.819008419997516,65.66847055432648,80.54456262251745
172.11,-1.991734252341729,65.71602369027399,81.1907186717763
172.21,-2.2801018977500362,65.80721397332078,81.13283269139953
172.31,-2.637917555626885,65.92834604329988,80.46215903142796
172.41,-3.0021856301384915,66.05531117892848,79.38021894814624
172.51,-3.310368051459726,66.16075113656417,78.15431577499645
172.61,-3.5159357963753735,66.22242881901582,77.06654153880974
172.71,-3.5961586424809653,66.23028671935036,76.36852650893655
172.81,-3.5519271595944133,66.1898991457195,76.24132642890231
172.91,-3.4035553397243277,66.12090392874936,76.7602877627271
173.01,-3.1855041286996055,66.05057355012609,77.8751180546722
173.11,-2.9404414683838667,66.00473780112743,79.41870798462274
173.21,-2.7130451153060022,65.99966976101874,81.14683123012679
173.31,-2.544984789333718,66.03798608374622,82.79409705868733
173.41,-2.4714825098669024,66.1092800612151,84.12631852161675
173.51,-2.5179673887750766,66.19398789139863,84.97770739223145
173.61,-2.695345853054725,66.26856853520239,85.27083793297301
173.71,-2.9941766774571477,66.31111011049825,85.02263637747689
173.81,-3.3809543365905625,66.30719980036066,84.33800480163318
173.91,-3.802180737557997,66.25537076521874,83.38503687981014
174.01,-4.198765990563899,66.17035638879237,82.3509086662114
174.11,-4.523957470046007,66.08194119637395,81.3998926446057
174.21,-4.75291403878898,66.02812815897099,80.66073116280255
174.31,-4.879561816302385,66.04364418208544,80.24061601526525
174.41,-4.908754941202417,66.14753756197538,80.2305491109991
174.51,-4.854242379838496,66.33505024997478,80.67412502224882
174.61,-4.742804989724824,66.57773362523308,81.51536353774057
174.71,-4.614923432487956,66.83225943809552,82.57572154197442
174.81,-4.5148817172787545,67.05443253072299,83.59765931166024
174.91,-4.47518599089743,67.21267391922035,84.33840651497495
175.01,-4.5073786487476895,67.29588989340554,84.65125244631808
175.11,-4.605874299180201,67.31362631821905,84.50333058168017
175.21,-4.7598028194850315,67.28976847465333,83.94051289943818
175.31,-4.961954638327249,67.25301135483,83.05256625840134
175.41,-5.208159519210717,67.22749310672008,81.97064954754278
175.51,-5.489186363147155,67.22601231146989,80.87788751652731
175.61,-5.782929001640952,67.2470003357205,79.99250539440479
175.71,-6.053964260131892,67.27545450438238,79.5103270060066
175.81,-6.261786020524269,67.28744226237708,79.53719398269304
175.91,-6.372823015772312,67.25730827072101,80.05841457538128
176.01,-6.369997688066235,67.1661243573164,80.96659470375933
176.11,-6.257328614438421,67.00925035080557,82.12417490879685
176.21,-6.060620332122454,66.8004501062663,83.41303331893279
176.31,-5.824871251672619,66.57043546461531,84.74223040146089
176.41,-5.606925157513487,66.35949764495936,86.02614363428067
176.51,-5.462257780137854,66.20650046474624,87.16896387343358
176.61,-5.428370639907115,66.13825858205738,88.08035064789415
176.71,-5.511386954944484,66.16299930522537,88.71468836112297
176.81,-5.683363230194892,66.26976636324419,89.10155727803796
176.91,-5.893195676146846,66.43359118746878,89.34089757973102
177.01,-6.086307579283037,66.62460733226186,89.56521818669871
177.11,-6.224168825315658,66.81795840123436,89.8907042105582
177.21,-6.297194624982382,67.00075612157558,90.37530826717014
177.31,-6.328840293982665,67.17342356502112,90.99273704768594
177.41,-6.369244655072258,67.34551142592609,91.63329922837266
177.51,-6.476513716072965,67.52876374129949,92.14537834216199
177.61,-6.689272259149817,67.73092138600659,92.41185117999302
177.71,-7.002906873560917,67.95246667764282,92.41985819926381
177.81,-7.363554161677257,68.18686952940187,92.27378276320303
177.91,-7.684505462993258,68.42390074855079,92.14382600322588
178.01,-7.877262305241352,68.65462422518294,92.19323974502609
178.11,-7.883999577625708,68.87555718231762,92.5284841307517
178.21,-7.701048243196311,69.08958635685441,93.17542856240526
178.31,-7.38747971407971,69.30316074398473,94.05967730922987
178.41,-7.054661279721884,69.52135201135975,94.99118225079947
178.51,-6.835672759295363,69.74306179310265,95.69141805795755
178.61,-6.841717646831071,69.95841465925955,95.89698885738021
178.71,-7.121175127551183,70.149761965794,95.50573931047909
178.81,-7.637955033755155,70.29631661203855,94.66215120364498
178.91,-8.27903086982569,70.38064702294996,93.70152110892516
179.01,-8.890435406485707,70.39455749481498,92.9853151686091
179.11,-9.329114861462656,70.34253954480234,92.74504567044438
179.21,-9.509495069868677,70.24186447680854,93.02347852996967
179.31,-9.425691191146335,70.11908688395455,93.71059346731374
179.41,-9.143968446646284,70.00370186713499,94.61644150346426
179.51,-8.775296735756328,69.92076981803778,95.53108904347897
179.61,-8.442750174925571,69.88470431921074,96.25661587093909
179.71,-8.252593858799905,69.89587708394085,96.62472771013788
179.81,-8.27110207849229,69.94076182057337,96.52332042746534
179.91,-8.508578779047369,69.99552715870614,95.93910681094276
180.01,-8.915358321723943,70.03233075968957,94.99034161449377
180.11,-9.39501214341071,70.0269001171159,93.90998075975645
180.21,-9.83398966642131,69.96529353361939,92.96958709649326
180.31,-10.13765773835825,69.84738490789572,92.37865534713653
180.41,-10.257682359796696,69.6852897275595,92.20743428448922
180.51,-10.199557816109248,69.49690929040469,92.36393567745385
180.61,-10.009272933766326,69.29727265934233,92.6338578116546
180.71,-9.747792410716201,69.09183790015025,92.77024246029688
180.81,-9.465612931525015,68.87496409747982,92.59512861558879
180.91,-9.186409067394443,68.63370711184885,92.06618721922378
181.01,-8.902634054813,68.35419244616567,91.2832502939073
181.11,-8.581410581868255,68.0271338077279,90.44584437689181
181.21,-8.177900248635822,67.65065751699471,89.79021154921918
181.31,-7.654021897080312,67.23081095647261,89.52336848395565
181.41,-6.9992740398123985,66.78106073502492,89.75562709845094
181.51,-6.2458135786341415,66.32126877220469,90.438210830326
181.61,-5.4668825399477825,65.87544138581607,91.33635612540338
181.71,-4.754129163042499,65.46746364489528,92.07640449920773
181.81,-4.1833124663778065,65.11522197860913,92.2698358217905
181.91,-3.7857047991846073,64.82508307467684,91.66111195939642
182.01,-3.5370057867257287,64.58953606252759,90.22719632291276
182.11,-3.365222140963297,64.39011913007673,88.18957092339474
182.21,-3.173260804486638,64.20531222127205,85.94392235500705
182.31,-2.8696101693532015,64.01981810106022,83.94077812602515
182.41,-2.3975363412059707,63.829943077320095,82.56099037236251
182.51,-1.752391619765092,63.64171900730032,82.01936550834156
182.61,-0.9814421522966441,63.463149101070194,82.30791107541154
182.71,-0.16789424518715634,63.295817734584425,83.18369042831438
182.81,0.5946245170270359,63.13100275177934,84.21678830622855
182.91,1.229292632887173,62.95187685469084,84.90905303112987
183.01,1.6969516433991458,62.7396145430723,84.85375148312295
183.11,2.0042772531136563,62.47988439461297,83.86073082196229
183.21,2.1973365423448925,62.16724968050388,81.97839740900176
183.31,2.344227939266382,61.80654680874364,79.41516359630147
183.41,2.51494672427161,61.41120066979635,76.43526897043984
183.51,2.7664921626307972,60.99909680302542,73.30279535800378
183.61,3.1351671775645116,60.58747526472927,70.27798518549572
183.71,3.6317374041185886,60.18874451016455,67.61112625202152
183.81,4.236666036533116,59.808577284887065,65.49245406513775
183.91,4.900153514745888,59.44653210402522,63.97803340945437
184.01,5.553769337526695,59.098510397648994,62.95038847428752
184.11,6.132316322827251,58.759853978476556,62.15530481309392
184.21,6.595633416280897,58.42764972120554,61.306272965166514
184.31,6.940079374946883,58.101050237994485,60.20407076625227
184.41,7.196177335991514,57.77954979425918,58.808318991807525
184.51,7.414976226891618,57.46070338658746,57.22847900510814
184.61,7.648858452336384,57.139400666633286,55.65165950727328
184.71,7.933857384800554,56.80977640444939,54.25431725255032
184.81,8.27953561242937,56.46896496566519,53.137025753426485
184.91,8.668961032190097,56.120541739273754,52.29592899659454
185.01,9.067929950921055,55.77522536458979,51.629653038937704
185.11,9.440981711075885,55.44739492177014,50.98115160036792
185.21,9.76969330863922,55.14833882368375,50.210236438787476
185.31,10.064863530213827,54.879866022445434,49.269509820944364
185.41,10.362842376392944,54.632640080805416,48.235852718009745
185.51,10.703404105519258,54.391048438779386,47.26857335369992
185.61,11.100619188026336,54.14216372844711,46.516667217893136
185.71,11.526619237966216,53.88362055611091,46.03151150695314
185.81,11.91975072960425,53.62590453269651,45.73390353613775
185.91,12.210956799758513,53.387795635928114,45.45611777817623
186.01,12.352726342220613,53.18747231873746,45.043629804611975
186.11,12.337017134994248,53.03420286832567,44.458872496778284
186.21,12.195182979346718,52.92502385586801,43.815149298926784
186.31,11.981446776754645,52.84722782010746,43.31635172622389
186.41,11.750016867359335,52.783556174646726,43.148472649115135
186.51,11.538418746635706,52.71612403172043,43.3919344323717
186.61,11.363114662406971,52.62786042472733,43.99290583581252
186.71,11.224834028213088,52.503671772573576,44.79336083029278
186.81,11.11798918442782,52.33390240536927,45.599378704034706
186.91,11.03911724258569,52.11944146727791,46.25697394968178
187.01,10.989011567045107,51.87468182423243,46.70010730907595
187.11,10.96524261915102,51.62515916085759,46.94854211027218
187.21,10.94977304468241,51.40044611929486,47.06594197221316
187.31,10.90398704051848,51.226072924326104,47.11533779728196
187.41,10.77993468755151,51.118448507843844,47.142183690119396
187.51,10.542154776993286,51.08442964280877,47.18142292316309
187.61,10.183098862849796,51.12442072340619,47.26068372063388
187.71,9.7191962061328,51.236513868778744,47.38253378864509
187.81,9.17056631262712,51.41963712976071,47.500566366268814
187.91,8.540609643476891,51.67501961868207,47.52082214702087
188.01,7.811073221984429,52.00618351459137,47.343502312902544
188.11,6.955289364524312,52.41772301573074,46.92337928212729
188.21,5.959020663712089,52.91294823964373,46.30493791139646
188.31,4.835583693732097,53.49057613818398,45.60711000085164
188.41,3.6287301967603867,54.141092299328854,44.97380360960172
188.51,2.403887509083212,54.84425912101552,44.52348644319136
188.61,1.2315752641306972,55.57007166497751,44.31508972479944
188.71,0.1689560991296588,56.28485909897108,44.331217124806614
188.81,-0.7528756074146017,56.96145871564567,44.48183597175758
188.91,-1.5302708289795746,57.588989548700816,44.63716933438604
189.01,-2.17736058693162,58.176477909341465,44.68642696382175
189.11,-2.7114391882001243,58.74709816703838,44.59426808603489
189.21,-3.141477884451831,59.325192664262474,44.41954712633053
189.31,-3.465328611017668,59.922978976943554,44.28676296618297
189.41,-3.6759508109733474,60.53414734046606,44.33448306779152
189.51,-3.7720763468646155,61.13715396220119,44.671232719369144
189.61,-3.767131283792935,61.70545997738896,45.34787199957886
189.71,-3.6925266417150695,62.218724203097175,46.33843247434878
189.81,-3.5943257667785105,62.669178298344505,47.529853838378
189.91,-3.5229601539841227,63.060597703383195,48.73993716776237
190.01,-3.5164697822895192,63.40171459820406,49.78042103600228
190.11,-3.582149720646626,63.698975748004564,50.54825084296603
190.21,-3.6871061397458007,63.95336180434405,51.09107508327875
190.31,-3.767909493380664,64.16283232694316,51.59688957772448
190.41,-3.7587901877935224,64.32793040430093,52.31117456170685
190.51,-3.622534981162488,64.4559430339663,53.43723708809833
190.61,-3.363717571963214,64.56052395753008,55.07461486841221
190.71,-3.017963105966899,64.6575855036226,57.20934713680029
190.81,-2.630422858110599,64.76086984038562,59.73718173403715
190.91,-2.2418622369562655,64.87962628889049,62.494697520241544
191.01,-1.8889169037489708,65.01788079967957,65.28333863204061
191.11,-1.6101512868755492,65.17348477702303,67.88843978740454
191.21,-1.4453480630712505,65.3368675077897,70.10911823158611
191.31,-1.4237991631300844,65.49173547367867,71.8078039396023
191.41,-1.5490476511246811,65.6196036026273,72.96022944895086
191.51,-1.7916358690540974,65.70700735557195,73.67051961862742
191.61,-2.0952871076372475,65.75158338301799,74.13623407793843
191.71,-2.3930456240400915,65.7633722070997,74.58056575139008
191.81,-2.6265424286141155,65.76046833321487,75.17829460732139
191.91,-2.763141848980034,65.76142338272588,75.99505659826161
192.01,-2.8063634264856674,65.77834576725857,76.9584363748223
192.11,-2.79434506390907,65.81370930422133,77.88013447482585
192.21,-2.784427130429343,65.86161987067803,78.5323397011971
192.31,-2.8296676788280593,65.91213442949724,78.74816693551152
192.41,-2.958349353582001,65.95596335774948,78.4931571156959
192.51,-3.1653834300349075,65.98718631979787,77.87037586128753
192.61,-3.417628387964669,66.00357006920197,77.06581821829896
192.71,-3.6687208889803955,66.0059985389929,76.27444895419343
192.81,-3.875699168650435,65.99834917780234,75.64768853939746
192.91,-4.0100324062716055,65.9874047266831,75.2808096998977
193.01,-4.059451399196199,65.98159432746725,75.23350893610909
193.11,-4.022821546907998,65.98841193414539,75.55928217437757
193.21,-3.9047516416209476,66.01173082456337,76.31462572791094
193.31,-3.715738469972912,66.05047977190648,77.53326214856942
193.41,-3.477631448012133,66.09929971022409,79.17775500749624
193.51,-3.2285150982751247,66.15062781913943,81.1007332417311
193.61,-3.0204895784688404,66.19694764376193,83.04678576961882
193.71,-2.908066977786987,66.2321572275252,84.70719220575215
193.81,-2.9310345845715844,66.25192946457214,85.8117684420892
193.91,-3.0998504638545583,66.25385622434213,86.21807969450964
194.01,-3.390594185209885,66.23836623155422,85.95639379073977
194.11,-3.7514911502567756,66.21057537739262,85.21154185943907
194.21,-4.118595019951037,66.181868683811,84.25176819026868
194.31,-4.435295489863002,66.1692887191381,83.33597646707426
194.41,-4.667824574698088,66.19156256465469,82.63959494491189
194.51,-4.809492636169203,66.26260552704967,82.22865626160096
194.61,-4.872437892592586,66.38531830200637,82.08420478858922
194.71,-4.873494770062372,66.54891479228105,82.15237655349706
194.81,-4.824151937973852,66.73138862889965,82.3858855814943
194.91,-4.731145242542091,66.90615599028624,82.75330118537578
195.01,-4.6063901024096054,67.05011475722763,83.21541581439232
195.11,-4.477508882615808,67.15011836574031,83.69201614049425
195.21,-4.388394705760753,67.20566974421578,84.05506360138509
195.31,-4.385828378027597,67.22689996352427,84.1713205298265
195.41,-4.499256801464114,67.2285995101222,83.9765840348815
195.51,-4.7268796057972935,67.22277847728537,83.52622706913584
195.61,-5.036294887788898,67.2128385393011,82.97820278667918
195.71,-5.377169937069901,67.19166494056374,82.5205342480227
195.81,-5.69699303666637,67.14461183872122,82.29481070914468
195.91,-5.952879555976544,67.05685752906346,82.35589182831914
196.01,-6.117805644842697,66.92269051636593,82.67437809602853
196.11,-6.182591408673289,66.7525349387448,83.16776949850097
196.21,-6.154779359290636,66.57358747665678,83.7415614161405
196.31,-6.055299998893332,66.42269482763983,84.32269872644673
196.41,-5.914782356302197,66.33417840209117,84.87273031074874
196.51,-5.771323010780073,66.32797828202118,85.37864078510142
196.61,-5.668904722891426,66.4031797925377,85.83201323654787
196.71,-5.652867002721635,66.53948857621276,86.2137486136267
196.81,-5.759545730751562,66.70606379920095,86.49731124596381
196.91,-6.0017832518027205,66.874087212178,86.6703665724429
197.01,-6.356823530739447,67.02743285822243,86.76060318346144
197.11,-6.7641965008290725,67.1664112602345,86.8465971867913
197.21,-7.137941411643297,67.30327528744081,87.04215473952164
197.31,-7.391837799632235,67.45283506757997,87.45675197623595
197.41,-7.470012941006061,67.6238672475606,88.14732078564163
197.51,-7.370660247295838,67.81554286669179,89.08053142203363
197.61,-7.151362267837847,68.01940686244673,90.11888941737658
197.71,-6.91205053441039,68.22459109584126,91.03878284422845
197.81,-6.761623517111786,68.42343056066609,91.58880893995007
197.91,-6.7805808748485035,68.61534178494553,91.58528078604041
198.01,-6.992820020682622,68.80738410982822,91.00785428541415
198.11,-7.356872599221539,69.01081232838412,90.03398073448336
198.21,-7.781247906634604,69.23479045466432,88.98079306808027
198.31,-8.159505729551157,69.48018994399386,88.18873585585933
198.41,-8.41074405675699,69.73639064165492,87.91264017154016
198.51,-8.507416898774963,69.98230966521409,88.25974016397792
198.61,-8.479135564793609,70.19120357130076,89.1758900818275
198.71,-8.393864737656564,70.33804484719033,90.46821910479692
198.81,-8.327778165247487,70.40760159971143,91.85680253062587
198.91,-8.337247002265485,70.40032290679088,93.04871317856184
199.01,-8.442648525098875,70.3332073056231,93.81840165165215
199.11,-8.627634059210116,70.23496890171066,94.0685712805712
199.21,-8.851331092709607,70.13746487630006,93.85120025265907
199.31,-9.066134881609514,70.06649661050378,93.34885586894235
199.41,-9.232810832624146,70.0347853886485,92.82999230397114
199.51,-9.32863202344091,70.03931382181054,92.58639961617429
199.61,-9.3494879942415,70.06429101891473,92.85463598871983
199.71,-9.30858782282651,70.08879984035504,93.73337893725096
199.81,-9.23301065436344,70.0953566113449,95.12343505981653
199.91,-9.158492828587974,70.07473304000605,96.71895784424842
200.01,-9.122866943344434,70.02485754105157,98.06776812044012
200.11,-9.157767943125585,69.9456949750635,98.70047348243465
200.21,-9.278028069416393,69.83462381461906,98.29815746151621
200.31,-9.471231845292117,69.68608139048638,96.83145590566285
200.41,-9.693732622228907,69.49556867932966,94.59367674596339
200.51,-9.878484190610763,69.26434362900457,92.10002526061398
200.61,-9.953904143750243,69.00056243314128,89.90542989027246
200.71,-9.866833828480452,68.7156781925353,88.43215099542735
200.81,-9.600193810934911,68.41864326178593,87.8697767630135
200.91,-9.177459824347181,68.11184600387688,88.15839978214889
201.01,-8.651596240792138,67.79125094445038,89.0357864988236
201.11,-8.084126379560992,67.45044457220108,90.12395412351124
201.21,-7.525276342317561,67.08615541650427,91.03250356933756
201.31,-7.003816890951441,66.70242655183522,91.45817802755023
201.41,-6.527532333915367,66.31165565656423,91.26165592223825
201.51,-6.089577120519792,65.93217105984704,90.49918900227807
201.61,-5.676211891243362,65.58331428612138,89.38644006821292
201.71,-5.274076471754398,65.27990126317752,88.19620257666647
201.81,-4.875872027089407,65.02799300325123,87.13428252654091
201.91,-4.48269145000031,64.82303337989357,86.25696936123039
202.01,-4.101590978136564,64.6504913860668,85.46892056335817
202.11,-3.7383377888832,64.48902211537434,84.59780461872963
202.21,-3.387413202295143,64.31614789354907,83.5091658135098
202.31,-3.024631825140773,64.1153179758702,82.20523491840204
202.41,-2.6096187189734863,63.881566392426116,80.85133587786278
202.51,-2.101590916918802,63.62296130879784,79.70836813298187
202.61,-1.4825118250232237,63.3571150995622,79.0066285521443
202.71,-0.7735658576255844,63.10421403717263,78.83069678274411
202.81,-0.032286769763921086,62.878816090497274,79.07219350230193
202.91,0.6702246529146976,62.68290569095565,79.4649528610044
203.01,1.278742386968318,62.503150754203645,79.67645120094097
203.11,1.7731230669389504,62.314565595187126,79.41070594746479
203.21,2.169460148894011,62.089751356568044,78.48774650660343
203.31,2.5075998698412576,61.80945873336894,76.88616583273506
203.41,2.834445783861163,61.46938304643893,74.74422300508387
203.51,3.1898577430424027,61.08049379449304,72.31695270860422
203.61,3.5980294762399154,60.6637418787375,69.89999952239914
203.71,4.065041614540547,60.24226404379783,67.74685991752672
203.81,4.581374129867662,59.834419363647434,66.00650493030057
203.91,5.126623598661951,59.44988156416907,64.69634747193956
204.01,5.674531849862092,59.08955656638374,63.714680102633594
204.11,6.198587635560713,58.74865806693903,62.8884596552744
204.21,6.678300773768335,58.42096858936129,62.03935020694881
204.31,7.103862806743798,58.1018144319515,61.037497387781386
204.41,7.476368336148376,57.7883621382408,59.81831429723587
204.51,7.8036062154119605,57.47797570752721,58.36643736508559
204.61,8.094525510566669,57.16679027944423,56.69346867699821
204.71,8.355696281980784,56.85018410055996,54.829127734586194
204.81,8.590851456683243,56.525101621309084,52.82425885862315
204.91,8.802652559102008,56.19270565432123,50.753860016926254
205.01,8.995511791998936,55.85941234153024,48.71253229152569
205.11,9.178321796528095,55.53505884183499,46.802461736918545
205.21,9.365474086866929,55.228690569420145,45.116723452174426
205.31,9.574994241603001,54.94440743291322,43.72016432067694
205.41,9.82421617396589,54.680156196236005,42.63351658872798
205.51,10.12397131428893,54.43039964765143,41.83145288348653
205.61,10.471653316398495,54.19065431359064,41.26056891952237
205.71,10.844854158063306,53.96061838144932,40.868285855001545
205.81,11.200850314699306,53.74401436230846,40.62389733755996
205.91,11.487378403760282,53.545732487097425,40.51911400704858
206.01,11.662603185907948,53.36842028979835,40.55067988618139
206.11,11.712834694724641,53.21074268368424,40.69948792399235
206.21,11.656549632713343,53.068268699332414,40.92339602396597
206.31,11.53366613252177,52.93597984317574,41.17314686509049
206.41,11.388378625927785,52.81024026198997,41.423083670523255
206.51,11.254571973668543,52.68868309035608,41.69218163441345
206.61,11.148951958135243,52.56819085976055,42.03527826646302
206.71,11.07304982872457,52.44271500606541,42.50928771675545
206.81,11.02058279211052,52.303142797929354,43.138775141183565
206.91,10.983320291360911,52.14035376824795,43.90118993960309
207.01,10.951165141251067,51.950558776058756,44.73400450687098
207.11,10.908705621712173,51.740263982957586,45.55330995807764
207.21,10.833961591675372,51.52784946525259,46.27359431584223
207.31,10.702503870712668,51.340266106326844,46.82458860327335
207.41,10.49488303726935,51.20605637913433,47.16265340153683
207.51,10.202114613981585,51.14786018607002,47.271237693184176
207.61,9.825245825131336,51.177374250716774,47.148722161541414
207.71,9.369609914786544,51.294165290567086,46.79528538570377
207.81,8.83837569003309,51.48845563695488,46.21669543393729
207.91,8.230139264833646,51.74727914267586,45.448235466481414
208.01,7.54177886685811,52.06226565550686,44.57910774899786
208.11,6.773635237923948,52.43562559121285,43.751632274064505
208.21,5.932517905281301,52.88031392811215,43.12650138978421
208.31,5.030327009380386,53.41259435980413,42.82927672756855
208.41,4.080375824087781,54.03979464700193,42.906259906431515
208.51,3.095904314021112,54.74985974516561,43.31286276218357
208.61,2.0932812963693834,55.509158089938126,43.9387136347955
208.71,1.0974904440156976,56.27067660798905,44.65256454278222
208.81,0.14403654105763763,56.9892500790989,45.3404479071551
208.91,-0.7271530283863967,57.63703443663713,45.91964179529658
209.01,-1.4842780755162153,58.21238065154063,46.331848429969014
209.11,-2.114908269624351,58.73833916733182,46.53468358914112
209.21,-2.62748743593842,59.25175370076066,46.508384182224084
209.31,-3.041730656571289,59.78777802955477,46.275872179814186
209.41,-3.375918477502715,60.365824487929316,45.914993625707716
209.51,-3.64134365656345,60.9817209645132,45.543191764082614
209.61,-3.846301317219698,61.60845110456958,45.2803323833885
209.71,-4.0023828206927305,62.204950488125334,45.217753083894884
209.81,-4.1247900528004635,62.72963911510664,45.41437457966072
209.91,-4.225515262209477,63.153721431635404,45.91336201553555
210.01,-4.3046749302892025,63.46949043183932,46.754891170449646
210.11,-4.3465170256882075,63.690872060488616,47.96579807707059
210.21,-4.324561620595773,63.8465808393218,49.527406683238155
210.31,-4.215876025744855,63.969302872326146,51.34389570081963
210.41,-4.017579355629898,64.08575471492523,53.2423003159892
210.51,-3.7541718789307694,64.21142062694804,55.02198641116635
210.61,-3.4686876425410134,64.35094271596469,56.53777861797835
210.71,-3.2022820575969604,64.50242129667635,57.77022604853538
210.81,-2.9757720947787476,64.66262737370292,58.838832889193114
210.91,-2.78527143373708,64.83016100938866,59.95013566365441
211.01,-2.613952724269353,65.00458925255516,61.30931090143844
211.11,-2.451156775774969,65.18205933215387,63.03473206610684
211.21,-2.3061548282828923,65.35110512787736,65.10443403793649
211.31,-2.208481920060052,65.49331321521639,67.35009370025769
211.41,-2.1953084640285425,65.59019768047642,69.50391797947019
211.51,-2.2927664149392726,65.63254467414943,71.29003903055889
211.61,-2.499863823947898,65.62636420424951,72.53125820451258
211.71,-2.781963374383288,65.5920574291364,73.22429785179007
211.81,-3.077726871818001,65.55765637760062,73.54123770707395
211.91,-3.318811001533014,65.54958193664662,73.75031687722175
212.01,-3.4550829334858264,65.58453613809299,74.09541013024402
212.11,-3.473076504107631,65.66506408573566,74.69544773325174
212.21,-3.3976653625140116,65.77989182369514,75.50967907524051
212.31,-3.2769295164873213,65.90854605128293,76.37772621057832
212.41,-3.1599344739276276,66.02829606072147,77.10785581585205
212.51,-3.079151019285341,66.12080358251484,77.56743689070909
212.61,-3.0444498120921963,66.17636603511221,77.7317740133239
212.71,-3.048983612260841,66.19493246169594,77.67163816338223
212.81,-3.0814447992686596,66.18440871801994,77.49652516956851
212.91,-3.135774377533508,66.15737790683718,77.29681468824778
213.01,-3.21149763663783,66.1271334632206,77.12249711124944
213.11,-3.306130650187143,66.10380004887239,77.00238125056231
213.21,-3.408945277187293,66.09186290140416,76.97481479705976
213.31,-3.5041764345118764,66.09048555886106,77.09852339174773
213.41,-3.5822447982445595,66.09643034244948,77.4364058254864
213.51,-3.6497218776083855,66.10738563712782,78.0250619379019
213.61,-3.729467394798263,66.1233253774254,78.84579257752242
213.71,-3.8496889144073307,66.14543518366536,79.81074654440467
213.81,-4.028590794726718,66.1740532207624,80.77429344728634
213.91,-4.264057662384644,66.20734718087101,81.56912643843363
214.01,-4.533457566726156,66.24148583866663,82.05445394950277
214.11,-4.801663143347518,66.27202719252345,82.15870536347518
214.21,-5.032070252616329,66.29569528275466,81.90117306395157
214.31,-5.196394653634883,66.31170435040187,81.38460741476875
214.41,-5.280695800483535,66.32212506560673,80.76423183853944
214.51,-5.286098894065979,66.3311874791877,80.20929983221768
214.61,-5.224771064218345,66.34381004652067,79.86964488253625
214.71,-5.114573302582606,66.36407913934853,79.84710969882414
214.81,-4.976155652971542,66.39462384133107,80.16902838516967
214.91,-4.833058447121402,66.43739718481488,80.77290822958689
215.01,-4.7121404388016614,66.49522260457249,81.52029665035609
215.11,-4.641448740043899,66.57233510891083,82.24613787639349
215.21,-4.6447112230342285,66.6723541404637,82.82297838971328
215.31,-4.734100499073691,66.7940843615828,83.2020194703224
215.41,-4.904851142857908,66.92764270833366,83.40607787699854
215.51,-5.135499487061352,67.05368816682171,83.48531595656242
215.61,-5.39472077069118,67.14694248564966,83.47267331426454
215.71,-5.6510446425864345,67.18306840084188,83.37036658949445
215.81,-5.87934410978167,67.14644244415794,83.17144668702605
215.91,-6.061497061845557,67.0359609622905,82.89398431012518
216.01,-6.184928038090362,66.86666589887055,82.59598651503752
216.11,-6.243925950373352,66.66631582476138,82.35510729558189
216.21,-6.2430439772082025,66.46796275959642,82.22973272400672
216.31,-6.197484166613108,66.30155821834214,82.23658782767602
216.41,-6.128256700428707,66.18807990328888,82.36386798422588
216.51,-6.055955030481265,66.13790141397001,82.60389086772943
216.61,-5.998540656156422,66.15253239131516,82.97059729992883
216.71,-5.9740447950555335,66.22750362997843,83.48308781731153
216.81,-6.003432786371405,66.35469225548458,84.1308093635465
216.91,-6.107622970537385,66.52383322485821,84.85514271267034
217.01,-6.2974212262236335,66.72390785671317,85.56808740151249
217.11,-6.562162802462659,66.94473003798727,86.1962051700662
217.21,-6.865934575984404,67.17803577999882,86.71723283213137
217.31,-7.156449028238839,67.41730018432227,87.1632683569235
217.41,-7.383812328124655,67.65667791283215,87.58836031584254
217.51,-7.52008524308615,67.89028218603345,88.02092499578778
217.61,-7.569606117548936,68.11242483255752,88.4315048220397
217.71,-7.564976115595719,68.31855350412752,88.73960803394688
217.81,-7.55128687096353,68.50658002454652,88.8597678971034
217.91,-7.566781355410704,68.67833625126667,88.75903122152386
218.01,-7.628704713926474,68.8402225782661,88.48929708254492
218.11,-7.729440780718612,69.00178709714258,88.17769924746962
218.21,-7.843201288397815,69.17210745108298,87.9859325779069
218.31,-7.939944382736542,69.35546175213847,88.05926772662094
218.41,-8.001099241051044,69.54820101892679,88.47940986245845
218.51,-8.030607972286504,69.7381010732837,89.23141805049647
218.61,-8.055859595176365,69.90697039888163,90.19769387149016
218.71,-8.11735345580285,70.03662984657817,91.18813788206614
218.81,-8.251259838930359,70.11638593234842,91.99988111908051
218.91,-8.471852631154917,70.14793332750034,92.4840417692975
219.01,-8.760407526510058,70.14427970723453,92.59249640346056
219.11,-9.065577865293058,70.12325350123992,92.38739512373763
219.21,-9.317892227828374,70.09991702560124,92.01509576417791
219.31,-9.45591817944841,70.08229529126665,91.66138714015712
219.41,-9.454207695155986,70.07160348615112,91.50430699801788
219.51,-9.338872385311532,70.06495321980816,91.66967399930367
219.61,-9.180982565719965,70.05792085574213,92.19093238124938
219.71,-9.069324628715378,70.04589942723133,92.98583389018424
219.81,-9.074795022817575,70.02459611591863,93.87041363900754
219.91,-9.222782442526572,69.99019492683969,94.61464261596292
220.01,-9.485828019191757,69.93929958899241,95.01466108516108
220.11,-9.798297132601121,69.86879467685954,94.94924521488834
220.21,-10.083403122427256,69.77593571930741,94.40831552133652
220.31,-10.278665256142844,69.65851692590013,93.49437217923719
220.41,-10.350564534162771,69.51430513104339,92.39272926633667
220.51,-10.29614701104147,69.33942773837103,91.31164411464245
220.61,-10.133509851865284,69.12713322933367,90.41663010809685
220.71,-9.886327234087254,68.86920786849045,89.79297597156864
220.81,-9.570813174417388,68.56048290417077,89.44866007313723
220.91,-9.192391051438413,68.20375360999408,89.34064476548942
221.01,-8.752165156295227,67.8114865941052,89.40113245268957
221.11,-8.256229761940403,67.40287197249012,89.55426775867053
221.21,-7.720276530832564,66.99780806153531,89.72636340544375
221.31,-7.166855172126574,66.6110097203399,89.85487295890577
221.41,-6.617777097071496,66.24896639656096,89.8968375428178
221.51,-6.086645092684314,65.91052607965919,89.8309076986704
221.61,-5.576162120429899,65.58997053160529,89.64514244171015
221.71,-5.081810449211623,65.2809137413421,89.31288683039884
221.81,-4.5991397854837,64.97986261156926,88.77540942904434
221.91,-4.129637414090411,64.68859709011448,87.9537197060325
222.01,-3.6815061473632866,64.41448476188488,86.7927342506005
222.11,-3.2647916670927657,64.16818303634224,85.31291910422249
222.21,-2.883418467867834,63.959091103030694,83.63311353407492
222.31,-2.5290868985707107,63.79001210657022,81.94359276549935
222.41,-2.181773246140203,63.65338449358758,80.43806718199453
222.51,-1.8175211845726622,63.53143278933294,79.23745659723542
222.61,-1.4191002391031802,63.40101785231488,78.34466034542216
222.71,-0.9833134351535691,63.24140745676165,77.65506642833576
222.81,-0.521183866799845,63.04129825977382,77.01719379395568
222.91,-0.05138114134193472,62.80161181633768,76.30798380033924
223.01,0.40947229671160557,62.532912096096624,75.47923341227136
223.11,0.8547906980924864,62.24917584273964,74.55264961587446
223.21,1.290906598411091,61.96112830159993,73.57586168963586
223.31,1.734555143028281,61.67194152860272,72.57568137376188
223.41,2.206841030548226,61.37671638409818,71.54116067473234
223.51,2.725408767326293,61.065643575789586,70.4412131225806
223.61,3.2962490991115274,60.729384030247914,69.25373814852168
223.71,3.908196664299389,60.364343972495476,67.98014876503551
223.81,4.534297186644714,59.975388909571926,66.64123991755963
223.91,5.141229449917724,59.574472846720774,65.27057346020217
224.01,5.702047816685607,59.175848325124434,63.91638145199832
224.11,6.204290964613897,58.790675088778585,62.64251481293921
224.21,6.6488136006520975,58.42384335820114,61.51282358788977
224.31,7.042002290181209,58.07376515995717,60.55886812110401
224.41,7.388714312222852,57.73417760346176,59.74814308267908
224.51,7.691387002076048,57.39694666959852,58.97428245369295
224.61,7.954537072373611,57.05531494654184,58.08259245173572
224.71,8.18893969865583,56.70674386743555,56.92671056330413
224.81,8.410430894891185,56.35401304456388,55.43162372540084
224.91,8.63390812604997,56.00385836433436,53.62966283110512
225.01,8.867979422927089,55.664030558031065,51.650636897887665
225.11,9.114640267029166,55.340636482552526,49.67604756195732
225.21,9.372999673449854,55.03703442170547,47.88552995257707
225.31,9.642748538821643,54.75422985509702,46.417275913109236
225.41,9.924561168989676,54.49194091365396,45.34605154623957
225.51,10.21769541589963,54.24950124518405,44.673854652854004
225.61,10.51635585788205,54.026177515099285,44.33305744786132
225.71,10.806580314853157,53.82104502344353,44.20679024913897
225.81,11.06579238716423,53.63278639866925,44.16571433478035
225.91,11.26657555763057,53.45942494088234,44.10815035858932
226.01,11.383785767159516,53.29793842352695,43.98489097929848
226.11,11.401784521525816,53.144378385559264,43.79877439585475
226.21,11.318767329016225,52.995213306879705,43.58514085181953
226.31,11.147449022917836,52.84913780245089,43.387347861945834
226.41,10.913124667001103,52.70723251764465,43.236334866422176
226.51,10.649934190370328,52.57045055607014,43.13621795320817
226.61,10.395456100190515,52.43624922849693,43.060158805726076
226.71,10.184410315169636,52.29758962831744,42.96492604161569
226.81,10.043197740087418,52.14587486061671,42.823262466504985
226.91,9.986164542460951,51.97632813887825,42.65433296239912
227.01,10.01299239970242,51.79239992706591,42.527756694624465
227.11,10.106816128135005,51.606228420544525,42.53584429040685
227.209,10.2340385923888,51.434609355396226,42.751415675914785
227.309,10.34749052277457,51.29289860765771,43.19298140450765
227.409,10.39379639424942,51.19065800354543,43.80864506263276
227.509,10.323552873203656,51.13148979198661,44.48116239647578
227.609,10.100620237851455,51.116587544700224,45.05418808778612
227.709,9.707197386973412,51.14947009470884,45.37695839078014
227.809,9.144474568921055,51.23936364271634,45.35662639722283
227.909,8.430776435529772,51.4020440164817,44.998145937610126
228.009,7.598012005243177,51.658115979651626,44.41056562628185
228.109,6.6855671094831095,52.028785251811485,43.77230874587992
228.209,5.731872803206443,52.52889487428653,43.26988752402445
228.309,4.766902871171261,53.15808350180929,43.037033862164236
228.409,3.809532677457817,53.89351654456976,43.1155571625787
228.509,2.87009751875204,54.68914373924649,43.446265085963866
228.609,1.9544723063316027,55.484500911597046,43.89108202814764
228.709,1.066359755418489,56.22155553395401,44.28301188371349
228.809,0.2082729825514562,56.863742024087266,44.490001402771874
228.909,-0.6160901107368773,57.409208746006406,44.46654969802512
229.009,-1.3971969718649078,57.891528992612365,44.268146449643105
229.109,-2.1154839293660004,58.36605824443624,44.02311624850461
229.209,-2.7421258516354854,58.88700785781384,43.878923161437626
229.309,-3.247307026005309,59.485205563923515,43.94812919491269
229.409,-3.613313826212668,60.15630205008076,44.273424419755806
229.509,-3.844740715445141,60.86407838235515,44.82191902179044
229.609,-3.9682777043767743,61.55620154404765,45.50990471725166
229.709,-4.0212886573911675,62.183904851077465,46.24776633654736
229.809,-4.03639283145921,62.716102555746865,46.98236269189684
229.909,-4.031643656213866,63.14309203697092,47.71144805464825
230.009,-4.011072300949543,63.471707127494014,48.46052154760993
230.109,-3.972781201207944,63.71761544686928,49.23972849996858
230.209,-3.9175019041838723,63.89947627330342,50.01574453637508
230.309,-3.852057298188882,64.03619849087676,50.72555623523793
230.409,-3.786507805439655,64.14604343552412,51.33110118539838
230.509,-3.72658023337474,64.24593402551545,51.88531843261167
230.609,-3.6642039796485832,64.35004212944824,52.568092425157545
230.709,-3.5714127384907925,64.4677366492919,53.66099634344174
230.809,-3.4053540026839997,64.60203863992058,55.45840637626878
230.909,-3.1287307879646065,64.7500435243028,58.14377508530923
231.009,-2.7385898329040046,64.90552496177415,61.67554106364565
231.109,-2.2855377109958113,65.06196032815653,65.72810351617241
231.209,-1.867383533183272,65.21370676427927,69.73126486221071
231.309,-1.5966774055169637,65.3549613379789,73.0315394308517
231.409,-1.557672053933139,65.47857165432114,75.13205546293138
231.509,-1.772859980362803,65.57700334947447,75.88850535678344
231.609,-2.1926506625121505,65.64560763890874,75.54307101229256
231.709,-2.7112002948772016,65.68617487136788,74.58921832569108
231.809,-3.20165514891103,65.70840143417318,73.56872574748806
231.909,-3.557017909258434,65.72794112873846,72.91045138382844
232.009,-3.720989870295945,65.76130776599076,72.85377863819214
232.109,-3.6981375403265844,65.81957681990312,73.43926597414104
232.209,-3.5422923030511697,65.90360623361644,74.5341802820227
232.309,-3.3310174109931765,66.00261563536954,75.87833452749359
232.409,-3.137987907914912,66.09635502580076,77.15294091454692
232.509,-3.0132496996288083,66.16014527194363,78.0699662706521
232.609,-2.975691981046346,66.17182986579917,78.45860008347276
232.709,-3.0162765439899815,66.11943112760373,78.31504870645621
232.809,-3.107437269866608,66.00774687429814,77.79607164227315
232.909,-3.21420235651086,65.86130000874061,77.16280938446184
233.009,-3.304595677836133,65.72065643044368,76.69884719466049
233.109,-3.358443647156051,65.63085859089614,76.62878445994745
233.209,-3.3734249182397917,65.6252108501463,77.05764654944842
233.309,-3.3661307305774955,65.71194381871933,77.9441244699658
233.409,-3.3665240544743753,65.87094222965482,79.11404271072992
233.509,-3.4070520643583677,66.06211516612059,80.31363728623442
233.609,-3.5106489482473435,66.24049877716868,81.2914030611012
233.709,-3.6827808471905,66.37055999181763,81.88081319717055
233.809,-3.910945955181816,66.43429909348689,82.04467456797724
233.909,-4.171163126634852,66.43205993257986,81.85563764663988
234.009,-4.436943801420121,66.37830730428696,81.42934062826664
234.109,-4.685439271530463,66.29550386226944,80.86259160544478
234.209,-4.8989476176146525,66.20818594097092,80.21981679217434
234.309,-5.064154521990062,66.13796405618712,79.56310924480681
234.409,-5.17235019946029,66.09956442275929,78.98259085979593
234.509,-5.221355034804887,66.09826065130044,78.59097170579984
234.609,-5.216980075749973,66.12946141685977,78.48577532241768
234.709,-5.171529670983233,66.18105377602647,78.71008568683206
234.809,-5.099502702060924,66.23811783606892,79.23560385178116
234.909,-5.013477840488655,66.28834406110101,79.96979933440691
235.009,-4.923253632350139,66.32583439516095,80.77811036477259
235.109,-4.838591087136344,66.35161452452267,81.5139713962189
235.209,-4.772684005618977,66.37086312221072,82.05204793555006
235.309,-4.742505369075936,66.388536677266,82.31919614108477
235.409,-4.764612869680448,66.40582409444424,82.31576702114488
235.509,-4.848873417068695,66.41938808199045,82.11878780105357
235.609,-4.994368961939401,66.42374785807492,81.8608660188153
235.709,-5.189994018210868,66.41510150302676,81.6868232020275
235.809,-5.4186490476135845,66.39384848670576,81.70116186125274
235.909,-5.661716872269679,66.36420302621733,81.92615718267267
236.009,-5.9016136597265145,66.33168806809786,82.28798041849922
236.109,-6.122806849929745,66.300704095241,82.63908429918814
236.209,-6.312273089544178,66.2738000198012,82.8139240037913
236.309,-6.459116827197661,66.25275266461843,82.70277604167202
236.409,-6.553474794638035,66.2403993801114,82.3154759343602
236.509,-6.587220974660653,66.2418324216146,81.80159556270955
236.609,-6.559168558439509,66.26397510297696,81.40697251893388
236.709,-6.483027732477289,66.31352742098875,81.37751612993198
236.809,-6.391321500145679,66.39441974638707,81.85168332048866
236.909,-6.329251962658702,66.50655417103113,82.79272810548667
237.009,-6.339515490312159,66.64702105541342,83.99648928672445
237.109,-6.4455220603428245,66.8131285512394,85.17726842646066
237.209,-6.641208963728246,67.00473828219377,86.09281003110975
237.309,-6.8918937319873805,67.22344769177295,86.64199004062033
237.409,-7.1457408107109615,67.46858472811245,86.88406076421737
237.509,-7.35119528277032,67.73281023419406,86.98081471245831
237.609,-7.473311167921743,68.00078442059294,87.10793723592666
237.709,-7.502741121957293,68.25244797097558,87.38525422509427
237.809,-7.455447488302305,68.4698116210445,87.84748459750355
237.909,-7.365903638460253,68.64432379566126,88.44934970041469
238.009,-7.277657293764008,68.78124895406275,89.09081982555452
238.109,-7.232888837998644,68.89835898280502,89.65549657656447
238.209,-7.261413646914114,69.01886179425765,90.0588747857559
238.309,-7.371615361829001,69.16165681100382,90.29114929146199
238.409,-7.548049232672582,69.3335529204065,90.42589295889053
238.509,-7.7588532319171435,69.52695355274888,90.58098913335351
238.609,-7.9703954912223125,69.72354936586693,90.85767917775009
238.709,-8.161027987306532,69.90159303963189,91.30034398620224
238.809,-8.325934063877426,70.04303897535613,91.89147060707032
238.909,-8.47188734945631,70.13790544554736,92.56301389613196
239.009,-8.608091684504664,70.18551082261182,93.20722815767472
239.109,-8.740304118747638,70.19339781496447,93.69254941249002
239.209,-8.870764666021152,70.17419888931238,93.89543800067929
239.309,-9.001701982190859,70.14051101703481,93.74060524424296
239.409,-9.138511585411834,70.09934149653057,93.22674183865553
239.509,-9.289442673280604,70.04906464733625,92.42336809874253
239.609,-9.460715021197117,69.98087574557391,91.4466685255516
239.709,-9.649192280948597,69.88404116910021,90.43448473227323
239.809,-9.837737725258862,69.75231091757189,89.5325284051457
239.909,-9.998158628478933,69.58877684511089,88.88465264587661
240.009,-10.101837423514297,69.40716510379264,88.61025583699112
240.109,-10.132196494720532,69.2282790498306,88.76479114401081
240.209,-10.09160603973514,69.07193865687563,89.3025674881545
240.309,-9.999562306137122,68.94762786125473,90.068427603266
240.409,-9.884485702396645,68.8489926743855,90.82976748785171
240.509,-9.773551443466161,68.75584512662086,91.33950159140454
240.609,-9.683685825971793,68.64289889059827,91.40744899436037
240.709,-9.615508390230147,68.49021051151855,90.95386562331242
240.809,-9.551805240387097,68.28932821387659,90.02666091856813
240.909,-9.46149484086164,68.04240718220669,88.78174962391796
241.009,-9.308073294697785,67.75668332188485,87.44081465562115
241.109,-9.05950068693408,67.43940708356585,86.24295324795763
241.209,-8.696224104025589,67.09652001068795,85.40045927522198
241.309,-8.21572214485252,66.73434054648276,85.06093846550223
241.409,-7.633650722197764,66.36126234784392,85.2729544760035
241.509,-6.981585654624979,65.9873897171261,85.95706530796984
241.609,-6.300649483289895,65.62244214115483,86.89787845985104
241.709,-5.631462416258934,65.273801833093,87.78020014142368
241.809,-5.003702225019339,64.94626642192284,88.27570928876855
241.909,-4.4302016037740515,64.64347013169082,88.1499534837426
242.009,-3.908605567937471,64.3694851857592,87.33606064431441
242.109,-3.4287948780819235,64.12896103125549,85.94040362085003
242.209,-2.980391380908898,63.925221773654116,84.18983936764526
242.309,-2.5555045277066384,63.75719269707019,82.35599360642397
242.409,-2.1466249021883783,63.617095020617604,80.68532872162987
242.509,-1.7435039679336484,63.490712868780854,79.34743400006447
242.609,-1.332937203030255,63.36038920688597,78.40672220342603
242.709,-0.9024148428254435,63.20899680221128,77.82077828875295
242.809,-0.44511324867766433,63.02275120927898,77.4639730171967
242.909,0.03779239637435694,62.79215427323287,77.16897278978729
243.009,0.5394739256220475,62.51205812296319,76.77472321215642
243.109,1.0522415797952789,62.182116584353814,76.16604527450824
243.209,1.570361541245667,61.80764760304552,75.28929456931112
243.309,2.0889466215252597,61.39975975001846,74.13869196359673
243.409,2.601566067277332,60.97377404414004,72.72831558683363
243.509,3.1008734526588526,60.54608316806449,71.0778048430059
243.609,3.5836113515657644,60.130528301222206,69.22788517613131
243.709,4.056597228449803,59.73567570845161,67.27059389643972
243.809,4.537575122448388,59.364136090783454,65.35794172331734
243.909,5.046826527282526,59.01433981934965,63.66558046565535
244.009,5.592219032179436,58.68395002411049,62.32472891415438
244.109,6.157434606291012,58.37281645104766,61.36198540999605
244.209,6.703348128570475,58.08317084041037,60.682119287672194
244.309,7.183798262309722,57.81644404068704,60.10253520386509
244.409,7.566504570309867,57.56877370674554,59.42146854484879
244.509,7.846862089235721,57.328754311162804,58.48895185573592
244.609,8.048180356016182,57.07976266891632,57.252108080000795
244.709,8.210537580089301,56.80611013217844,55.760037825275376
244.809,8.37541336702023,56.49984427022372,54.13088714728458
244.909,8.57300349052181,56.16486516990537,52.49702938225762
245.009,8.816299644254084,55.8164661073777,50.95208826812153
245.109,9.10297644903368,55.47619588671384,49.524855167160425
245.209,9.42270673003257,55.163823305794345,48.19291426227025
245.309,9.764611885857558,54.889871937223106,46.92374265980273
245.409,10.11991611929696,54.652385967425815,45.71278066375866
245.509,10.478850037116523,54.43942012917327,44.59410825833374
245.609,10.825422687602423,54.235478092443294,43.62225790249015
245.709,11.135503608862319,54.028260271442214,42.841552550586044
245.809,11.380961011571415,53.81266175160953,42.26199377444014
245.909,11.537191248424378,53.59081643210971,41.85344274943765
246.009,11.588842867970584,53.36893019802927,41.56039918350531
246.109,11.53177874632669,53.15334052231105,41.33069077023021
246.209,11.37368295964908,52.948614151319475,41.1436746321254
246.309,11.135520671110164,52.75838507096243,41.021616121771146
246.409,10.852349435310423,52.58657248077183,41.016233494638286
246.509,10.570045114156596,52.43609134451001,41.17711716902187
246.609,10.336783431594633,52.30517109695908,41.519493671721214
246.709,10.191988175487676,52.18470861735567,42.008636833617715
246.809,10.157019623305949,52.06005970110362,42.56801566715885
246.909,10.230329026532456,51.9173767121116,43.10499938847507
247.009,10.387296980324408,51.75108710505783,43.540737680811446
247.109,10.583633421297726,51.568131525200464,43.833722213958225
247.209,10.761646483375134,51.3867572951058,43.99362288821311
247.309,10.859750307017762,51.231247053907666,44.08378711395978
247.409,10.824898762470806,51.1259901987157,44.20623260290341
247.509,10.62435254025566,51.09133268156875,44.46241306498015
247.609,10.250657998308249,51.14127334668368,44.89625554597798
247.709,9.716673949711573,51.28196019668835,45.44700121239666
247.809,9.044942144101434,51.510843531643154,45.94793165652516
247.909,8.259799753856214,51.817722432265896,46.1879294309968
248.009,7.386369960365691,52.188797729532816,46.01323515058006
248.109,6.452869240580846,52.61282739952192,45.414775449375256
248.209,5.489909859095782,53.086160083151675,44.54950197557609
248.309,4.525043734274064,53.61291248192589,43.68351309543889
248.409,3.5773579951986534,54.198806707550325,43.09036082631866
248.509,2.6577769953224717,54.84128097284634,42.9552995608332
248.609,1.7745467367544876,55.5218775084717,43.320068651278405
248.709,0.9377932364814896,56.20682380692901,44.07697580173063
248.809,0.1587314648013134,56.85742325558363,45.00588094978098
248.909,-0.5549694019297107,57.44571725898942,45.84214649148346
249.009,-1.2029770644493922,57.966991308146106,46.35897082674975
249.109,-1.7916872800245045,58.44206989285723,46.44220573384895
249.209,-2.3285830055909784,58.90824506577095,46.13260851247845
249.309,-2.8143547390159966,59.40376231771512,45.6130420432354
249.409,-3.238409179060639,59.95292844707,45.13529976205733
249.509,-3.5825319332126924,60.557112323733705,44.914693330209616
249.609,-3.8315856392067005,61.19409552457677,45.04475785614421
249.709,-3.983808874594871,61.82569091902209,45.472864036625076
249.809,-4.053074838032707,62.41050966462375,46.04232698504551
249.909,-4.061902360810102,62.91621654863599,46.577059724895236
250.009,-4.030896172455208,63.32632064545465,46.97027697372221
250.109,-3.971836795313486,63.640407672677696,47.23872001933877
250.209,-3.8874500228896665,63.87020489806501,47.52233797298992
250.309,-3.77515767600368,64.034581560447,48.038916666956894
250.409,-3.6301917851656,64.15527963522179,49.02061052606126
250.509,-3.4469470541549114,64.2535688231534,50.6527147828391
250.609,-3.2215420956166554,64.34722054515841,53.018490288178484
250.709,-2.9573844103242806,64.44765285639852,56.04970423794683
250.809,-2.6703110655956905,64.5583179897051,59.49808869425689
250.909,-2.387698846881868,64.67585734962022,62.96123995403494
251.009,-2.140185100644871,64.79410845881627,65.98627537414158
251.109,-1.9506932025840342,64.90873090053344,68.22486140137619
251.209,-1.8272387769557312,65.01951330211672,69.56227400422192
251.309,-1.7630762954290446,65.12926404429646,70.14638498571009
251.409,-1.7436158578186536,65.24068566559892,70.30407627575939
251.509,-1.756457942231421,65.35355867666742,70.39820082284658
251.609,-1.7993881400578857,65.46371671517886,70.69886067131578
251.709,-1.8819472845046974,65.56391624961925,71.31788662204362
251.809,-2.0194901488497052,65.64587746418854,72.21450585538138
251.909,-2.222736180311145,65.702701279738,73.24917546718149
252.009,-2.4883266786708162,65.73103583928079,74.25178110732972
252.109,-2.795682054064443,65.73241644638057,75.07744543412394
252.209,-3.1121214944454607,65.71333965387107,75.63844697507383
252.309,-3.402974679657703,65.6839545992109,75.91350566768806
252.409,-3.6405320912698187,65.65551343959922,75.94003265272113
252.509,-3.8081616917302767,65.6370264368969,75.79475542081772
252.609,-3.90057696310199,65.6322995807762,75.57086306798709
252.709,-3.922867694611824,65.6391711537846,75.3619587877575
252.809,-3.8891505500160832,65.65209962149072,75.25640670086015
252.909,-3.8200479091323913,65.66725100875706,75.33500839668861
253.009,-3.7386696013907894,65.68722344300011,75.66182366455689
253.109,-3.666059272652234,65.72187252926078,76.26523544531751
253.209,-3.617263057865216,65.78340786292816,77.11875618285777
253.309,-3.5985852619492036,65.87794132120104,78.13746215184207
253.409,-3.6066183329966464,65.99909031565642,79.1959915232189
253.509,-3.6300733704912034,66.12834527888279,80.15584434196036
253.609,-3.6548234415127254,66.24198962672143,80.88682331271093
253.709,-3.6706269006750247,66.32003899428015,81.2850121980489
253.809,-3.6764838320850544,66.3525056326835,81.30034217781228
253.909,-3.682259123225265,66.34120479707421,80.96881025294263
254.009,-3.70626425215557,66.29796686099257,80.42011676338433
254.109,-3.7695291342095416,66.24083698589543,79.83992367845222
254.209,-3.8873914175595985,66.18933098234024,79.40371955104324
254.309,-4.060187921628177,66.15942323081553,79.22292099453867
254.409,-4.267714633154718,66.15924995767354,79.3293765635498
254.509,-4.472969624938074,66.18698752344632,79.692179875526
254.609,-4.635833773109155,66.23198731590033,80.24306272947264
254.709,-4.729630640712884,66.27880871548504,80.89404821635812
254.809,-4.750865298184884,66.31242565352957,81.54824686107256
254.909,-4.71775821197739,66.32271015036592,82.11195131129298
255.009,-4.660489562133243,66.3070609574247,82.51059600529967
255.109,-4.609087448592113,66.27079773528544,82.70385299665946
255.209,-4.583687689871738,66.22534934828803,82.69394578725641
255.309,-4.589533465593092,66.18462095997428,82.5245925120826
255.409,-4.617258061695821,66.16047807717078,82.27151067946468
255.509,-4.647969850250583,66.1588872534076,82.02663501737473
255.609,-4.662029382000966,66.17831711127191,81.87706848362599
255.709,-4.649248021853111,66.21105809498708,81.88011413406352
255.809,-4.616482786651446,66.24662631033881,82.04154916814349
255.909,-4.588206549049019,66.27548408716555,82.31079907355016
256.009,-4.598410158141149,66.29150492575951,82.60300238924548
256.109,-4.676818960361324,66.29259364404017,82.84205240818947
256.209,-4.8355509162024575,66.27996793005393,83.00159266047274
256.309,-5.062148270939069,66.257220836672,83.11764688278917
256.409,-5.321941972676754,66.23007519306962,83.26398674029713
256.509,-5.568752325212408,66.2068516946848,83.50767465786018
256.609,-5.759866913309381,66.19874349701357,83.87435772753703
256.709,-5.869961491492873,66.21875007237223,84.34224901320854
256.809,-5.898975036283048,66.27883052658552,84.8636255540113
256.909,-5.870985144877324,66.38609876103177,85.39826817407459
257.009,-5.824866937363566,66.53992803622369,85.93867426153814
257.109,-5.8010223834840104,66.73181647104782,86.51147151896558
257.209,-5.829317599962209,66.94837123760149,87.15242438492214
257.309,-5.92211763947855,67.17570229375704,87.86760522559902
257.409,-6.07486899303354,67.40279931765316,88.60097118584996
257.509,-6.274203205303905,67.6227296123931,89.22693756329615
257.609,-6.508662505124718,67.83208329322693,89.58083658929561
257.709,-6.773598190670533,68.02957370580407,89.52789107914764
257.809,-7.065464457069538,68.21471934293697,89.04517964534448
257.909,-7.370056025858595,68.38774291926349,88.26604392727278
258.009,-7.6552084522283295,68.55124841663144,87.4477703541482
258.109,-7.875820416366025,68.7124829886507,86.87306709427554
258.209,-7.990821665874066,68.88379041327886,86.73691742666092
258.309,-7.9836286892908035,69.07970132369604,87.07122803715453
258.409,-7.874373697608789,69.31117629092834,87.73632419675786
258.509,-7.7164026129332015,69.57912987317168,88.48217337965892
258.609,-7.578651618679352,69.86995849133615,89.0560456701507
258.709,-7.52268623257968,70.15565219533879,89.31056640901014
258.809,-7.5844075089814424,70.39984245717508,89.25980841854022
258.909,-7.76689639790537,70.56833654450462,89.05361407070815
259.009,-8.045069383827517,70.63974483197008,88.88772900991651
259.109,-8.377316465233278,70.61147548348762,88.90626619448177
259.209,-8.71747865460405,70.49929281209019,89.14794886297315
259.309,-9.023625731892857,70.3321799634835,89.54864569313912
259.409,-9.264404311045489,70.1454878357393,89.9817278553738
259.509,-9.424458751138623,69.97421355119845,90.31280076113704
259.609,-9.507805968391246,69.84691322809311,90.45118352008139
259.709,-9.536422571859518,69.78053599062245,90.38251095571086
259.809,-9.543016590334993,69.7768052034278,90.16918777894806
259.909,-9.560290131036531,69.82102645414714,89.91681969588832
260.009,-9.611069873719934,69.88439785962818,89.72217409275912
260.109,-9.702836126464092,69.93065677911734,89.62953927999212
260.209,-9.827169864778199,69.92639029980967,89.6178573937341
260.309,-9.962177199319413,69.8516841827779,89.62276831360079
260.409,-10.075793827276463,69.70589701276238,89.57855241439562
260.509,-10.129380315419652,69.5047730499225,89.4560878107948
260.609,-10.082769931341204,69.27011425084345,89.27701088445723
260.709,-9.902456203644824,69.01822368050203,89.09856656723413
260.809,-9.572555759231534,68.75380319757761,88.98003632377659
260.909,-9.104351464071243,68.47148779780217,88.94932142914406
261.009,-8.538272170274531,68.16197902851573,88.98463992918734
261.109,-7.935001272390885,67.81805916453035,89.017869869433
261.209,-7.358265586280055,67.43788076088664,88.95822065903229
261.309,-6.855979445924191,67.02584394706626,88.7287060088492
261.409,-6.446511154545746,66.59232201773277,88.30297029915485
261.509,-6.1144580009460086,66.15245747233124,87.72676330106009
261.609,-5.817173925951543,65.72349939129461,87.11054488757452
261.709,-5.499743730287804,65.32114904472945,86.59103117598887
261.809,-5.11321988086695,64.95671696822309,86.27507353210306
261.909,-4.63026648671417,64.63639624952125,86.18892445599307
262.009,-4.053580149282524,64.36203763281542,86.25513540282095
262.109,-3.414487821407306,64.13180204674862,86.30898044953832
262.209,-2.76198384015607,63.93985783237472,86.14982708667709
262.309,-2.1457510213772366,63.7757667928886,85.60952417195438
262.409,-1.598902479295738,63.62505355378385,84.61698834765973
262.509,-1.1266349785391938,63.47194083410788,83.23917994901511
262.609,-0.7057064790402947,63.303529641650286,81.67772649667369
262.709,-0.29605226287677056,63.11322690306436,80.2090469186286
262.809,0.1397346610536374,62.90138521793415,79.08150700614009
262.909,0.6181795616000585,62.67279019626593,78.40928713821073
263.009,1.1275924336065302,62.432490464517045,78.10879338618672
263.109,1.6359432151028557,62.18222970186078,77.90819235682156
263.209,2.1097771697999548,61.919035522563185,77.43435199670579
263.309,2.533884750469639,61.63619190928554,76.35152279382932
263.409,2.9214325801108245,61.32594690553715,74.49922018335448
263.509,3.309602158905392,60.982946872758276,71.96785191400846
263.609,3.7430743909733266,60.60715184171585,69.07472028962077
263.709,4.253354398238507,60.20504652960662,66.25252320229097
263.809,4.843341122085036,59.7885536365752,63.90335858534206
263.909,5.4834258750411635,59.37191405676701,62.27574029916049
264.009,6.120074374755767,58.967589926442606,61.398276844487356
264.109,6.693055166170176,58.58278687250343,61.07953190132022
264.209,7.154688614636477,58.218175134072744,60.97158733318085
264.309,7.484316607590614,57.86946267001581,60.68437473275118
264.409,7.693638068871486,57.53085052622535,59.91828940191019
264.509,7.8224595356319355,57.19822590795343,58.56439905996403
264.609,7.927552653218299,56.87036369176024,56.72824684990397
264.709,8.06791658519765,56.54808882183571,54.669521653938446
264.809,8.28885161765217,56.23270703152188,52.690098879709026
264.909,8.60819711693281,55.92499497161138,51.02071039236969
265.009,9.01087247070327,55.625158869417405,49.74957110532738
265.109,9.45684037542339,55.333459598472245,48.81580084994902
265.209,9.899910535920768,55.050922505153736,48.06414392506029
265.309,10.306860888029519,54.77951932221017,47.3315529918504
265.409,10.666137302736317,54.52151927829919,46.5222843548643
265.509,10.982834662181741,54.27831090490735,45.637170288235204
265.609,11.26549213594405,54.049493515062935,44.75115669824796
265.709,11.514297905260072,53.83305529912569,43.961469707225945
265.809,11.717402763036961,53.6267272124377,43.338609555115156
265.909,11.85555799113456,53.42949684090572,42.902973443614954
266.009,11.910949186660517,53.242068922350306,42.63223622029082
266.109,11.875823764624116,53.06622187163353,42.48743342189377
266.209,11.757974007237621,52.903974396216576,42.436391849877324
266.309,11.581486504403607,52.75689747888442,42.45956125732573
266.409,11.382536188932264,52.62490505827663,42.54140210874303
266.509,11.201363299189637,52.50437341555592,42.66211192783334
266.609,11.07215715139898,52.387094018696175,42.79839535434019
266.709,11.012711601600113,52.261914373564004,42.92834604698522
266.809,11.017095113166626,52.119033973923315,43.031889067116005
266.909,11.056337098409415,51.95480717174835,43.087209054217894
267.009,11.08970160053984,51.77450681535247,43.07192034646735
267.109,11.08165992888896,51.59152650039868,42.9752360915262
267.209,11.014308577242886,51.423132245578486,42.817014763998436
267.309,10.887898463080667,51.284806445655434,42.660387648837045
267.409,10.710650506671787,51.18634185112649,42.60417438180905
267.509,10.485989325805534,51.13182363462386,42.751718054955035
267.609,10.205916419471396,51.12309654342172,43.16754934467832
267.709,9.853291420185794,51.164311000153326,43.840666378195145
267.809,9.408556684230359,51.26495258597971,44.66907133806374
267.909,8.854805240835375,51.44006486074573,45.47262791455473
268.009,8.17948627401644,51.70785669997131,46.037252159969256
268.109,7.375266710073589,52.0853369066858,46.186480056040715
268.209,6.442764723735031,52.58230754208143,45.85762705738956
268.309,5.395823313891228,53.194586977589665,45.14093376491479
268.409,4.267704132088731,53.89915737313209,44.25050717369823
268.509,3.1139619727466936,54.65491855150555,43.44009329672807
268.609,2.0063327246594014,55.410860085485965,42.91389748902778
268.709,1.0155674620075672,56.11965941045604,42.7756887811497
268.809,0.18946428363301493,56.75170914940282,43.02354035683691
268.909,-0.462431384925587,57.3041001746715,43.571837433695315
269.009,-0.9698993870473274,57.8009829836581,44.2805820296283
269.109,-1.3896255061800673,58.28480282471443,44.9848770597476
269.209,-1.7846992012053633,58.800932070594584,45.53124793843591
269.309,-2.2022673085408755,59.38054963626386,45.82601506789627
269.409,-2.656309558955897,60.027916252942326,45.87811299036675
269.509,-3.122365895720293,60.717567725226786,45.80157674574226
269.609,-3.547235335402391,61.40327259357425,45.76408226203146
269.709,-3.8701137026287498,62.0348208392832,45.91069304036723
269.809,-4.045933063886245,62.57455266807759,46.3091830644606
269.909,-4.06055910457502,63.00633556445544,46.943297930779146
270.009,-3.932965944299255,63.33486053637626,47.74865965684684
270.109,-3.707470281051684,63.57850372255182,48.664282955945275
270.209,-3.4420153000837956,63.760856947823726,49.66869447526237
270.309,-3.195354721790501,63.90434217310052,50.78405818437942
270.409,-3.013170008344858,64.02677628226624,52.05423892841351
270.509,-2.915043636073918,64.14035167589395,53.51627378917897
270.609,-2.8880076148946188,64.25220746854934,55.18128588022597
270.709,-2.892106667607166,64.36583182305583,57.028485697150856
270.809,-2.8775585304412132,64.48272745118442,59.00698754527623
270.909,-2.8065054622890386,64.6039945232235,61.03825093855747
271.009,-2.669936090175625,64.73136265422738,63.01531372874314
271.109,-2.4924551625414537,64.86695159728731,64.80453979958457
271.209,-2.3223845981379725,65.01157257303467,66.26663721050423
271.309,-2.210774570199618,65.16265225850454,67.30952835749507
271.409,-2.1882291008984964,65.31351468664838,67.95785711683158
271.509,-2.250277267021751,65.45496424702587,68.39404804810401
271.609,-2.3589320539065852,65.5784793551796,68.92846713986452
271.709,-2.4607309859912903,65.67913025359721,69.89683089951957
271.809,-2.512767332696093,65.75652113630309,71.5265209666304
271.909,-2.503288709518337,65.81334955627112,73.82461113588383
272.009,-2.4567547034258013,65.8524114099415,76.52506449611764
272.109,-2.422382280667101,65.8735211391922,79.12132005158576
272.209,-2.452625957448852,65.87201248237322,81.00440028629959
272.309,-2.580331781300835,65.84004674448954,81.6882597387431
272.409,-2.8031241342000897,65.77073326811313,81.02677978942694
272.509,-3.0820873048696384,65.66352518107666,79.28953464224571
272.609,-3.356483522197962,65.52813852456248,77.04466511108998
272.709,-3.5676827913688456,65.38422574008344,74.93455534116433
272.809,-3.6801848699827673,65.25610120664578,73.47895621223591
272.909,-3.6905911740904926,65.16515304270706,72.97296964949143
273.009,-3.6232923099213394,65.1243330805844,73.46588191503031
273.109,-3.517700511207053,65.13731692081751,74.78451979993578
273.209,-3.4137763437261626,65.20105775294483,76.58471373711171
273.309,-3.3414920658477456,65.30826732972726,78.43250156205823
273.409,-3.3166283621264228,65.44791345574208,79.91248839981729
273.509,-3.3416240518958915,65.60509603741347,80.73913671996556
273.609,-3.4087761481052894,65.76284266592563,80.82864960127839
273.709,-3.504281175233295,65.90630012893354,80.29920833549252
273.809,-3.612785189856112,66.026905836789,79.40635989564231
273.909,-3.7214587623606334,66.1234283835068,78.45463814464811
274.009,-3.8216173011525427,66.19902646435999,77.72623881349533
274.109,-3.9070290322626278,66.25661224599001,77.44117361787103
274.209,-3.9711705188506414,66.29594630002698,77.73787690146605
274.309,-4.0076557431072075,66.31425176661595,78.65491040410024
274.409,-4.015790708717049,66.30947691999152,80.10618108804562
274.509,-4.007492054813724,66.28376405054657,81.86568156998078
274.609,-4.008146716995817,66.24486735190483,83.59343415145626
274.709,-4.047590794357021,66.20463874733369,84.9216415030506
274.809,-4.145820102827265,66.17535012910312,85.57803596267726
274.909,-4.302519798638805,66.16564691320853,85.48516268917498
275.009,-4.496017405782268,66.17785353563713,84.78111235996822
275.109,-4.6910621518959275,66.20756654478609,83.75390367389018
275.209,-4.85162056996694,66.24562794390232,82.72444734197391
275.309,-4.95404457525823,66.28173395757038,81.93011373690491
275.409,-4.995173105056281,66.30813894448964,81.45694149189593
275.509,-4.990834195641604,66.32179596861329,81.2452723493955
275.609,-4.965156043024713,66.3241903126327,81.15858454107943
275.709,-4.937287867882787,66.31939342703299,81.07666550957933
275.809,-4.913948525241793,66.31154465411751,80.96513153095282
275.909,-4.891898347671123,66.30286771908902,80.88785730617978
276.009,-4.867569185741488,66.29292372992498,80.96088635553494
276.109,-4.846632855155548,66.27940789297911,81.27718924021663
276.209,-4.846727881702975,66.26031337311356,81.84364737642208
276.309,-4.891089544948123,66.23667837216227,82.56207819924059
276.409,-4.99643580740797,66.2146553781256,83.26442529677533
276.509,-5.161835706614909,66.2055937968745,83.78905469954744
276.609,-5.364826814072764,66.22342414751083,84.06529210117625
276.709,-5.567595440290496,66.27989269458206,84.16214749655097
276.809,-5.731548578703482,66.37963258687809,84.26769699898611
276.909,-5.834568441344416,66.51772463371529,84.60270545937593
277.009,-5.882937819482798,66.68153413710515,85.31156766414239
277.109,-5.911258603774989,66.8563157484889,86.38334206968888
277.209,-5.969261287616945,67.03165198262893,87.63562807817294
277.309,-6.1012112877183995,67.20514855558545,88.76918122101304
277.409,-6.327132621390618,67.38169782248532,89.48134359267058
277.509,-6.633423564046268,67.56943469307033,89.60247037146955
277.609,-6.975479348704077,67.77488926959342,89.19504991077515
277.709,-7.29017372409141,67.99934268224467,88.55620147869548
277.809,-7.513796607239819,68.23746441683997,88.10799987664004
277.909,-7.6007703661217505,68.47876745226077,88.22301875550599
278.009,-7.538336505402327,68.71154648553815,89.06518817021875
278.109,-7.352371268027191,68.9275568673879,90.50908121392763
278.209,-7.1014380539912025,69.12511135366292,92.16488626063092
278.309,-6.860554773505598,69.30930258169167,93.5096090781294
278.409,-6.700385946899381,69.48941991300464,94.09172585431136
278.509,-6.669117096454272,69.67413884329574,93.72453125357715
278.609,-6.782762800718686,69.86558194576433,92.56226447200973
278.709,-7.025885063303761,70.05480407824774,91.01672448618507
278.809,-7.360291591422595,70.22218839498446,89.5763795718454
278.909,-7.736545978120468,70.34437002314841,88.6345903194836
279.009,-8.103479116516652,70.40499862484755,88.39488846123584
279.109,-8.414051514024607,70.40338334965655,88.86066705388788
279.209,-8.629733163193677,70.35594387327804,89.88380992124785
279.309,-8.726729691734846,70.2898042639191,91.23949646427377
279.409,-8.704433308851321,70.2321908403447,92.69428183315867
279.509,-8.59191644530604,70.20068614699348,94.0414830952442
279.609,-8.446403926136043,70.19798643666495,95.10116963690245
279.709,-8.340541756957691,70.21238102538726,95.7116844459978
279.809,-8.340920674691624,70.2229825192765,95.74781262031203
279.909,-8.484997150920229,70.20726018459769,95.17342241644344
280.009,-8.765352278987152,70.14801107146054,94.09311625769597
280.109,-9.128706838110318,70.03765495540199,92.75044119410467
280.209,-9.49190018273221,69.87914905258833,91.45444027914508
280.309,-9.769149313241982,69.68402013413626,90.4718551645036
280.409,-9.898534380530862,69.46836697040263,89.94389878287501
280.509,-9.856158875199164,69.24748942188134,89.86167516101636
280.609,-9.654303897171843,69.03019349133395,90.09691820911983
280.709,-9.328726394096073,68.81490192333365,90.46377361635129
280.809,-8.923369285121552,68.58976671480342,90.78474479261789
280.909,-8.47810702441506,68.33715234257456,90.94049143169283
281.009,-8.021586776648007,68.04058644012323,90.89274262007906
281.109,-7.5695714880833265,67.69116462163063,90.67849200468386
281.209,-7.128064690957302,67.29077417124635,90.37932570913688
281.309,-6.698675673160828,66.85117598243934,90.0748683479406
281.409,-6.282765888778357,66.3901702611569,89.7980194800975
281.509,-5.882451490790245,65.92723476079412,89.51409535610621
281.609,-5.499181485836409,65.4804463656428,89.1336335765249
281.709,-5.1317216797612915,65.06510084399706,88.54776920273693
281.809,-4.774672788447319,64.69344230323628,87.66763227206349
281.909,-4.418199996468438,64.37460702917181,86.45628676705397
282.009,-4.0498384732423105,64.11398898690678,84.94689801837866
282.109,-3.6582691890392027,63.91165399138735,83.24141761846543
282.209,-3.2370470211640168,63.76034199142256,81.48890967465114
282.309,-2.786056655859234,63.64464241001427,79.85047438682915
282.409,-2.310505261894143,63.542964296220795,78.4621185153024
282.509,-1.8189122715634625,63.43244317294718,77.40735077563193
282.609,-1.321198452903758,63.29503996689826,76.707215032746
282.709,-0.8268820962335965,63.12217397525691,76.32577656306611
282.809,-0.3430881075321608,62.91564757939941,76.18055504069328
282.909,0.1275183099135333,62.68426676637628,76.14939449299118
283.009,0.5883287189293753,62.43793022047621,76.07589429516025
283.109,1.0491814986510448,62.182372489984864,75.78370344138862
283.209,1.5250584325591774,61.916867566204665,75.10862525257244
283.309,2.0332761102362724,61.635132748685116,73.94730406807562
283.409,2.5895648398703557,61.328369844200104,72.30622827418742
283.509,3.2030069532360343,60.98905596050992,70.32321652778852
283.609,3.870431027194364,60.61410593117926,68.2386689316431
283.709,4.572751797732884,60.20644802816356,66.31896944738364
283.809,5.276132642780091,59.77486805192231,64.76228251976903
283.909,5.9383501375075625,59.33251414940215,63.62768835748574
284.009,6.517879869481291,58.894464852289026,62.818809741495826
284.109,6.9827611687603195,58.47473048489441,62.129545947505264
284.209,7.317852228928608,58.083292567652364,61.33091711421599
284.309,7.5301112361585965,57.7240461463833,60.25884725039394
284.409,7.650589900564263,57.394433519677996,58.86658102118763
284.509,7.730635201889974,57.08699104999897,57.22819574601891
284.609,7.831077186947695,56.792174169457574,55.50222672780107
284.709,8.006473864807056,56.501286567145435,53.873935434259494
284.809,8.288921132048372,56.2085573349951,52.49336273472794
284.909,8.676701034992043,55.91203019302143,51.422822864442296
285.009,9.132954756608015,55.61338098541213,50.608699463965294
285.109,9.597330422572597,55.31698478182,49.894855855111786
285.209,10.007693208899262,55.028574966672295,49.08381320818245
285.309,10.322641899490193,54.753724584449785,48.022784103002515
285.409,10.534270901208231,54.496364800018554,46.66944045255152
285.509,10.665718372775395,54.25768442131458,45.10456626463264
285.609,10.755945409850078,54.03584862798598,43.49540059705097
285.709,10.840249948907285,53.82688841012533,42.03739964269612
285.809,10.936085552155923,53.626581588888705,40.898157396378025
285.909,11.03956262091878,53.432305976048006,40.17507265006317
286.009,11.131894845028885,53.24373713059262,39.87627412688335
286.109,11.191088790962159,53.062332692029344,39.93480380577326
286.209,11.20316278046813,52.89042672865208,40.25434681486939
286.309,11.168074265781307,52.73024444848987,40.76342643010868
286.409,11.098584507041998,52.5823155536728,41.442947225287924
286.509,11.01469596248499,52.44340841952379,42.30551646194529
286.609,10.938067638672742,52.30575657890044,43.338698450328486
286.709,10.887888399250155,52.15951353433032,44.452354550989234
286.809,10.87665047668241,51.997972256199965,45.47117709707647
286.909,10.905689694897553,51.82232555547558,46.18814943413552
287.009,10.962705038023216,51.64258844665698,46.45652412263111
287.109,11.0222223648178,51.47394637056534,46.26600574350605
287.209,11.048232773249861,51.330804757436596,45.75048990660043
287.309,10.999562881620168,51.22201928153715,45.12171463897564
287.409,10.839414589599624,51.14978643694568,44.5775105388113
287.509,10.546919946501333,51.112409934999555,44.24085527571859
287.609,10.124242832734208,51.10911142604078,44.14764314252464
287.709,9.594333377460824,51.144376819885856,44.264679947675106
287.809,8.990769564813998,51.23009444852807,44.512819459745565
287.909,8.345033671235456,51.38505481650979,44.78406077298377
288.009,7.675631304002756,51.632135796491795,44.95844145321377
288.109,6.9816716991416286,51.993273580031726,44.935118997186876
288.209,6.243607809967365,52.482129798632194,44.681795241141685
288.309,5.433599322628474,53.095782776139934,44.2784624133726
288.409,4.534136892214974,53.80926547794134,43.91400245880214
288.509,3.556323142117556,54.57729772988869,43.817918040812216
288.609,2.544193075956514,55.34443653809872,44.155360984685196
288.709,1.557913367677834,56.060328664850466,44.93360743383583
288.809,0.6465711062404083,56.69411018499098,45.959902549362404
288.909,-0.16854446874740603,57.242311038623576,46.88520286311015
289.009,-0.8903521112536481,57.7272029701044,47.34984130123511
289.109,-1.5296184254727976,58.18647966922781,47.1776617535901
289.209,-2.0889477234385723,58.65892999701855,46.49343482999589
289.309,-2.556171701167372,59.172055057098966,45.6697478145306
289.409,-2.910722983414807,59.73549721796415,45.13976997112041
289.509,-3.1406354834099304,60.34060875730929,45.20469078613158
289.609,-3.259750208418275,60.96424888762779,45.93345581990705
289.709,-3.310243029332973,61.574809394827454,47.16609090382954
289.809,-3.3445523442882745,62.13925296692542,48.59144505767223
289.909,-3.3982362222510147,62.63017780504445,49.87474606850925
290.009,-3.472371566486885,63.031516036351114,50.799466671112796
290.109,-3.535351026736187,63.34125583130119,51.35992017097695
290.209,-3.5413346308413907,63.57018015786845,51.75309703767134
290.309,-3.455260552063251,63.73711858619477,52.27929552194577
290.409,-3.272707950640388,63.86296865792083,53.20901421451228
290.509,-3.0254895731814884,63.9663510511895,54.67304951050693
290.609,-2.769880169834636,64.06225074103183,56.611430735697226
290.709,-2.5627277629735588,64.16241935374349,58.79929300076451
290.809,-2.4373080086638765,64.2751963459632,60.943715294668294
290.909,-2.390710390778338,64.40401951067037,62.80879038361503
291.009,-2.3879659264925266,64.54649654285576,64.30382839560137
291.109,-2.3798348958565256,64.69636648599838,65.49228743358246
291.209,-2.3250665091915153,64.84803290632509,66.53370226457523
291.309,-2.206214506353973,65.00027444871985,67.60872977351464
291.409,-2.0321737416013193,65.15575200019934,68.86998429879657
291.509,-1.8285422524768364,65.31639960978896,70.42661482155556
291.609,-1.6234295410211104,65.47850100097696,72.34170311740434
291.709,-1.4378792101187585,65.63169623608044,74.61347540964192
291.809,-1.2863652449466372,65.76281295420834,77.12724862711286
291.909,-1.185038237723461,65.86132804565274,79.60490552253371
292.009,-1.158190963543312,65.92219621705796,81.61784939545825
292.109,-1.2341185944239967,65.9444723158816,82.717132510398
292.209,-1.4307719336120854,65.92794164742111,82.64724286385504
292.309,-1.740372896723855,65.87165735450229,81.5099355989868
292.409,-2.1232500011809705,65.7766499000159,79.74849495201398
292.509,-2.5160361916951146,65.6514189563999,77.95547686441488
292.609,-2.85242158606178,65.51595500810333,76.6337978076136
292.709,-3.087924609381311,65.40026201908319,76.03978419861348
292.809,-3.2160876260778224,65.3365416245074,76.14968818899834
292.909,-3.266771626158686,65.34798992342884,76.72525568371476
293.009,-3.287918416392408,65.43924589310461,77.43729719598548
293.109,-3.3218275774677934,65.5931941791281,78.003803318628
293.209,-3.387993881158785,65.77627312436404,78.29366407857364
293.309,-3.4785309546481855,65.95039094707757,78.35516370428259
293.409,-3.5656924964916215,66.08599925950234,78.36127261357771
293.509,-3.6172286148999646,66.17036428395667,78.50440201715556
293.609,-3.6132530059558334,66.20813815768734,78.8955779128486
293.709,-3.557424524910431,66.21557879610265,79.51530660936014
293.809,-3.477487378856182,66.21221750903327,80.23250314897523
293.909,-3.4157002248138184,66.21356224839315,80.87201219302911
294.009,-3.4144364746968563,66.22691462852261,81.29062093555838
294.109,-3.5029323208414382,66.25095628971779,81.42603640760534
294.209,-3.6887493132033455,66.27850718533305,81.30636402472
294.309,-3.9545848487661317,66.3007301325616,81.03194742351101
294.409,-4.259369795962549,66.31075853907701,80.75042198129842
294.509,-4.543542290262806,66.30555096026657,80.63507374643434
294.609,-4.74133141885693,66.28595233116624,80.85972864901957
294.709,-4.8023839837160835,66.2556952541617,81.556981269516
294.809,-4.716439220961554,66.22027182427675,82.75337449489055
294.909,-4.525356193583178,66.1862281468318,84.29532777545762
295.009,-4.310964421269496,66.16057134659296,85.8152129472197
295.109,-4.163799635216812,66.14944641505048,86.80789242532946
295.209,-4.149438382427157,66.15593979226118,86.83314062574195
295.309,-4.287256219617426,66.17825825760966,85.73787871630549
295.409,-4.547420351694903,66.20992467656524,83.73888601981739
295.509,-4.863474237672499,66.24234912465506,81.31487555008844
295.609,-5.153399894945707,66.26838126476619,79.01160401059686
295.709,-5.342170783124729,66.28476923469474,77.29384902828023
295.809,-5.381217092220886,66.2921985792033,76.48718716976934
295.909,-5.261381903641073,66.29311978628607,76.76686140348498
296.009,-5.015800367768932,66.28897916722453,78.14101631500832
296.109,-4.711063978737144,66.27883870248452,80.41848168270114
296.209,-4.429305291382306,66.26034034812369,83.19783296678888
296.309,-4.246362235634685,66.23233388196937,85.93041520736254
296.409,-4.210554851564325,66.19755250692187,88.07841758507516
296.509,-4.326365536288563,66.16395128388996,89.31680945923333
296.609,-4.54970424644732,66.14417399468303,89.66360962741106
296.709,-4.802576088725353,66.15334975829437,89.4400514317289
296.809,-5.007775922141718,66.20570417551448,89.07524183380819
296.909,-5.12848977353778,66.31057815190468,88.88237358945531
297.009,-5.187223019581708,66.46887275394757,88.94188494006468
297.109,-5.249053364550285,66.67144775393835,89.14184288985042
297.209,-5.379904640455798,66.90068446103113,89.32421525614201
297.309,-5.607137682814475,67.13509748822666,89.42492097896779
297.409,-5.905148547677335,67.35561509383533,89.5115733658532
297.509,-6.211846294738102,67.55171763412305,89.70840221326416
297.609,-6.464745826532223,67.72546809786118,90.07873530278147
297.709,-6.634728109232981,67.89124864992033,90.54820868634339
297.809,-6.737677811985421,68.06991269338232,90.91237244678894
297.909,-6.81990674213727,68.278923138406,90.92576038926165
298.009,-6.9302557218140635,68.52318240517533,90.42982098959047
298.109,-7.096364159543427,68.79168650164242,89.44945883609826
298.209,-7.315006950771512,69.06198043648408,88.19895432306816
298.309,-7.556522318243658,69.30998040678469,86.9954988972054
298.409,-7.777792728739712,69.51998117997637,86.13591178492645
298.509,-7.9372561294043535,69.6896905663502,85.80107416313379
298.609,-8.007185023564006,69.8277536759268,86.01997005981138
298.709,-7.980943133783008,69.94557099724726,86.68984286762242
298.809,-7.874398934484802,70.04888385072927,87.63285469455562
298.909,-7.721567467092399,70.13472568256442,88.66591319456592
299.009,-7.566048322510845,70.19546568734584,89.65706068191774
299.109,-7.450838840135745,70.22658749434571,90.54421778439914
299.209,-7.408539038852197,70.23231642326184,91.31269590214251
299.309,-7.453376420734429,70.2249720207003,91.9592433225563
299.409,-7.5773090717093226,70.2183876715763,92.47977667156322
299.509,-7.7534704350356805,70.21958096355071,92.88479423654863
299.609,-7.948314843646315,70.22374779413452,93.20630491227185
299.709,-8.137643333119847,70.21541949406506,93.47134566834434
299.809,-8.316142918188262,70.1749486805942,93.66851137196157
299.909,-8.493195313454983,70.08694032296036,93.75087569040994
300.009,-8.678710960308209,69.94719135949181,93.67818850001879
300.109,-8.870078714007974,69.76586628735843,93.46051898108807
300.209,-9.048277178153143,69.56526018560234,93.16777486100699
300.309,-9.184131312993493,69.3715359218819,92.89542769716428
300.409,-9.251335526269372,69.20302528947326,92.70035758060334
300.509,-9.239540552402623,69.06106553837309,92.54368093842422
300.609,-9.15845629188695,68.92868819447506,92.28950257922523
300.709,-9.028507156063611,68.77752580871324,91.78098376488393
300.809,-8.864080449910801,68.5785812367503,90.95436893952834
300.909,-8.660804860779571,68.31165258548945,89.91386232043153
301.009,-8.393667269879643,67.97040372999425,88.91870916244874
301.109,-8.025750555337538,67.56253210424082,88.29802984713136
301.209,-7.52487691921003,67.10604828479168,88.34166893593942
301.309,-6.884134354632977,66.62371024070877,89.20010667638311
301.409,-6.137330673768574,66.13808605972922,90.80376359228647
301.509,-5.357530337180435,65.66894243449525,92.81692937011691
301.609,-4.634833839543056,65.23285152823287,94.6678761980854
301.709,-4.043669335876665,64.84337169481074,95.6992642185863
301.809,-3.6162318422713824,64.51019490762866,95.41639363766457
301.909,-3.333409223148486,64.23719957455093,93.70860606855102
302.009,-3.1348581423828037,64.02075656029076,90.90021978503343
302.109,-2.9422491524113354,63.849553423197634,87.60279806888084
302.209,-2.6859786751960115,63.706305856078686,84.47338689648414
302.309,-2.3259433780755927,63.571290844682125,82.00576541570325
302.409,-1.8601832623449752,63.42728034836803,80.41710285901013
302.509,-1.3197212473830788,63.26430627198472,79.6357194567598
302.609,-0.7528307977723898,63.08167068881495,79.37640136321707
302.709,-0.20572537165072902,62.88548107700841,79.27398114834313
302.809,0.2929398507512033,62.6827865296588,79.01854602616926
302.909,0.7394333698659494,62.47600433907419,78.4318793401869
303.009,1.1536227765886338,62.26128069567432,77.46747741241467
303.109,1.5704264798879137,62.03135490660412,76.16665868797986
303.209,2.0264309998354406,61.77999185432307,74.61474041524363
303.309,2.5455531676417635,61.50428947371098,72.91882304897617
303.409,3.1290357150599775,61.20361969385286,71.20319066675442
303.509,3.7543010429191597,60.87710728111155,69.6065664072996
303.609,4.383445843833599,60.522593881163374,68.26687678630333
303.709,4.9770336831853825,60.13837279321477,67.28787365228446
303.809,5.506086680609016,59.726417641132514,66.69492241562801
303.909,5.957578094949021,59.29462498042886,66.40200750743685
304.009,6.334035523307868,58.85634743316025,66.219389300366
304.109,6.650759661499592,58.427173400738,65.91737291230852
304.209,6.932539280572222,58.02035977988709,65.32393680497862
304.309,7.208838667568969,57.64298250398673,64.40087387136492
304.409,7.506601238743386,57.2945724488905,63.252465240903774
304.509,7.842790358891847,56.96887822857051,62.06469609098153
304.609,8.22010045645488,56.65783719181898,61.007813107559556
304.709,8.626848888568318,56.35559887253132,60.14529328615444
304.809,9.039677426397265,56.06044284096508,59.390708722591285
304.909,9.428893247587737,55.773801557520585,58.53944751837433
305.009,9.767041599413147,55.49741609686474,57.36468229348462
305.109,10.037592719500381,55.230749058452034,55.72260132067318
305.209,10.23831314056877,54.970401844478396,53.60644019144374
305.309,10.378199618238089,54.71170611105934,51.136605541638616
305.409,10.47185182638064,54.451243236598344,48.5194920875675
305.509,10.534753324886175,54.188768827541836,46.004206580196026
305.609,10.580388721311039,53.92760201555144,43.843902258217724
305.709,10.619484976928028,53.67336651728287,42.262697448536166
305.809,10.661191828612388,53.43173744040905,41.42772633786219
305.909,10.714212581454401,53.206417450305885,41.41777466343692
306.009,10.785204979520508,52.99870046962108,42.18260264840958
306.109,10.874339135710368,52.80913260645075,43.50954871723381
306.209,10.971577415727165,52.63992219148001,45.03706632521644
306.309,11.057690612944413,52.4954317402694,46.34646569154522
306.409,11.110568883216871,52.3791802296665,47.110020126629685
306.509,11.113859175324002,52.28891975893814,47.214752389392814
306.609,11.064292551514143,52.21366089192761,46.78540726145294
306.709,10.975355305787396,52.13558981578565,46.104107896566624
306.809,10.876095922621367,52.036421111295056,45.49031308633165
306.909,10.804262878754276,51.90487361752057,45.204902133928705
307.009,10.793679547852932,51.74153269130081,45.39969882819779
307.109,10.858370745966923,51.55890316055047,46.09822132420287
307.209,10.97994992527165,51.376834964212954,47.18852418423853
307.309,11.10598243132089,51.21582640311327,48.43002092134249
307.409,11.16240388047315,51.091701457239374,49.49846156906197
307.509,11.075649621262201,51.01400820531171,50.08497981711402
307.609,10.795577984153596,50.988204883512886,50.01839275125538
307.709,10.310581074347372,51.01989553441886,49.33830800168114
307.809,9.64954783484605,51.11858540525763,48.26862625445676
307.909,8.869563294299802,51.29865231740113,47.1142888167442
308.009,8.033512263504484,51.57649545938754,46.1502786157149
308.109,7.18749875910931,51.96459059697349,45.55411176487292
308.209,6.349564092431834,52.464641813227566,45.38969046473865
308.309,5.5147363393832975,53.062795938910384,45.62600250813463
308.409,4.67138581494433,53.72964260411234,46.174862462744315
308.509,3.8184675479777823,54.42607459337783,46.93691097048194
308.609,2.974181497953694,55.1134022610971,47.83742384317439
308.709,2.170919160687369,55.76367472460319,48.827013406747845
308.809,1.4389284148830015,56.365584389261514,49.845227108711285
308.909,0.7896805055724982,56.92368597276753,50.78518863399543
309.009,0.2109541567379125,57.452744351104705,51.50444257481617
309.109,-0.32368699667709677,57.97134859348407,51.884362675500995
309.209,-0.8388035020041826,58.49745295021616,51.89142654627473
309.309,-1.3452436621667658,59.04540216120993,51.588124184136944
309.409,-1.8392996784715905,59.622830983878984,51.084044107190806
309.509,-2.3109537699144056,60.227249205106745,50.471785620702036
309.609,-2.7507525952141947,60.843999963633415,49.81002870356076
309.709,-3.1457000685618297,61.4477378138645,49.17296448648317
309.809,-3.4677652531053127,62.00822163426159,48.71428921010179
309.909,-3.6706563028617367,62.49867144482419,48.671536548586346
310.009,-3.706187448980181,62.90298476065433,49.29034263097762
310.109,-3.553418751969808,63.21874248051801,50.71202425300632
310.209,-3.2396826352461545,63.455672982613905,52.88252425671364
310.309,-2.8374065906285253,63.63140859904518,55.527687995040495
310.409,-2.4389716557889187,63.76661197258033,58.22492072234789
310.509,-2.1246389712501,63.88078324675131,60.56365162506255
310.609,-1.9380743166343848,63.98934940165085,62.32131244134804
310.709,-1.8778164753582303,64.10226385308705,63.543450189767725
310.809,-1.906506778319745,64.22417945935011,64.47049343320568
310.909,-1.971955148440884,64.35597898598637,65.37312452746534
311.009,-2.0282495862521586,64.49696028052495,66.42058737373294
311.109,-2.0474777860207922,64.64662939404667,67.64704401111084
311.209,-2.0214133061674744,64.80514480783211,68.98581066552848
311.309,-1.9578523256476927,64.97196741649346,70.31780048045093
311.409,-1.8743349918090715,65.14319612492552,71.52206842623741
311.509,-1.7897348979338545,65.30933335796402,72.53902841011997
311.609,-1.716650169793482,65.45596104631026,73.42515835035145
311.709,-1.6593463157354904,65.56847624263496,74.34941716035948
311.809,-1.617628177950131,65.63865889910802,75.51562025864061
311.909,-1.5911833984684165,65.66843887253278,77.05872514916767
312.009,-1.5799126618205435,65.66777742153988,78.97946517202134
312.109,-1.582688831338757,65.64805844255784,81.13774822193088
312.209,-1.6004409214336874,65.61582642590828,83.27626794145752
312.309,-1.6438723814649023,65.57139258834937,85.04505504629546
312.409,-1.7377385310964755,65.51316279770735,86.04319836256172
312.509,-1.9133062319565397,65.44418155030549,85.92401845153609
312.609,-2.1896554335555436,65.37549788296258,84.56378784634656
312.709,-2.553425445550076,65.32305135254617,82.20115179323875
312.809,-2.9486785134044595,65.29945910059254,79.42976489865279
312.909,-3.2851190792097,65.30606488566043,77.02373005237828
313.009,-3.4661353277392095,65.33098068711033,75.69325810112694
313.109,-3.4277000152988677,65.35512501931149,75.88581221195439
313.209,-3.1689220139620105,65.36296412171758,77.67998825271611
313.309,-2.7559724230242466,65.35155928512164,80.76318108057293
313.409,-2.297576277075393,65.33273679693595,84.48803725387666
313.509,-1.9075951934245552,65.32762968505355,88.0255286984937
313.609,-1.6724845436047104,65.35706355780071,90.60591585139831
313.709,-1.6328155541214926,65.43264541019728,91.76117978903201
313.809,-1.7807982415806478,65.55230407822546,91.44027862628276
313.909,-2.0715382524259454,65.70179487145599,89.94087994418689
314.009,-2.441354264386497,65.8607574260977,87.7360953411564
314.109,-2.824580417176783,66.00951750740748,85.3250943006976
314.209,-3.164434341011031,66.13317711862085,83.16068203384206
314.309,-3.4192965938979754,66.22248694313393,81.61979450894572
314.409,-3.567031250490558,66.27343521440622,80.9708497712786
314.509,-3.608161585683092,66.28729722947377,81.32284658523044
314.609,-3.5674573669496965,66.27111986611015,82.56682059987354
314.709,-3.49225568626607,66.2373828883776,84.34136816094946
314.809,-3.4443160770694163,66.20169269628448,86.0747659955739
314.909,-3.4834945983679546,66.17846754125391,87.14491718229847
315.009,-3.647302515648427,66.17608346663617,87.1211600713556
315.109,-3.935739186380239,66.19395325348462,85.95402125820829
315.209,-4.309717310142446,66.22336279985477,83.98146555843464
315.309,-4.703697151625654,66.25165962942715,81.7565592119698
315.409,-5.0450506415145995,66.26742545520327,79.82926780014175
315.509,-5.270937060153216,66.26420632422212,78.60578553144008
315.609,-5.338542392166346,66.24178780354325,78.31221468289304
315.709,-5.230525332989636,66.20531981187229,79.01879217239069
315.809,-4.958808903226782,66.16306575841814,80.66954151998814
315.909,-4.566360354271346,66.12355154588462,83.08608924417828
316.009,-4.1231377228132615,66.09293318134559,85.9523183768173
316.109,-3.7137142459370835,66.07349061215685,88.82047932196052
316.209,-3.4194112351705215,66.06396070052197,91.18058000947669
316.309,-3.3010292044706375,66.06171838596907,92.59125214062583
316.409,-3.386007978474616,66.06575221511767,92.82064730604685
316.509,-3.66008247646419,66.07860648786452,91.9379766549386
316.609,-4.06407985302701,66.10581570237045,90.31974004805868
316.709,-4.500712472618325,66.15290212981809,88.56052785939167
316.809,-4.856560988220963,66.22162496956362,87.31581342081434
316.909,-5.035815013062205,66.30775045912287,87.1438494615524
317.009,-4.991062009634405,66.4021443711817,88.40376424907934
317.109,-4.735801096074162,66.49572023901541,91.20595882829775
317.209,-4.335905986321066,66.58644838212307,95.37072759021187
317.309,-3.8890820349083057,66.6840652479663,100.38176614171098
317.409,-3.50220943730303,66.80811623285717,105.39069151098332
317.509,-3.2715652898777563,66.97898497667698,109.35515232659452
317.609,-3.2672266987693277,67.20664931446342,111.32905462328985
317.709,-3.5210139421584046,67.48359122417466,110.80732352710855
317.809,-4.017615286460405,67.78568458730822,107.94761657266542
317.909,-4.692026980838719,68.08065067673722,103.52241895345557
318.009,-5.440131624643499,68.34024451860083,98.60636185700754
318.109,-6.146785180676396,68.55065221712016,94.17322305463605
318.209,-6.723630140584881,68.7163747508778,90.81636225925398
318.309,-7.135395022096695,68.85625046221176,88.6914569957356
318.409,-7.396725351806779,68.99427585425029,87.63938936639407
318.509,-7.5443749746151525,69.14982166263786,87.38305071342289
318.609,-7.608176630111082,69.33096590189619,87.69301264604252
318.709,-7.599891813485613,69.53253464611551,88.45395176402486
318.809,-7.5210921921093075,69.7387718095183,89.63042815188655
318.909,-7.378095550708316,69.92947576109191,91.18952538657072
319.009,-7.190739529760997,70.0872713469056,93.04464095291475
319.109,-6.989162806200376,70.20286772922327,95.05009323442731
319.209,-6.802369298312406,70.27599176580647,97.03935843079346
319.309,-6.648155396641947,70.31227618762321,98.87667648993872
319.409,-6.532691514535195,70.3188720889343,100.48227643348096
319.509,-6.460605618577162,70.30178029607967,101.80592046138901
319.609,-6.447575155506037,70.26565054845155,102.76715733148765
319.709,-6.523868488112839,70.21435789695146,103.22166897948948
319.809,-6.722604631645311,70.15045197503649,103.00526867863057
319.909,-7.057271901666212,70.07352007951084,102.04516876387837
320.009,-7.501879590046194,69.97937540901673,100.45952187255882
320.109,-7.988094172029022,69.86176742993318,98.55798520974757
320.209,-8.425436442583049,69.71608588047262,96.72899693593895
320.309,-8.736957054747315,69.54247729561295,95.28505057208565
320.409,-8.890761493975617,69.34607436112898,94.35462734735282
320.509,-8.906538010980142,69.13433198246541,93.86565099467276
320.609,-8.832063090932309,68.91331027776613,93.61733230211294
320.709,-8.70648773528076,68.68461510207688,93.4059204971876
320.809,-8.53365814553446,68.44366774683671,93.14804509630518
320.909,-8.277402795769184,68.17964029374725,92.94146969183919
321.009,-7.8780246274656065,67.87761739257255,93.02896226043981
321.109,-7.283500468427363,67.52318743406363,93.67718853208163
321.209,-6.484163539440921,67.10842987494276,95.0251874678722
321.309,-5.5331901617300545,66.63705316010011,96.97132579721726
321.409,-4.537661375817159,66.12641304429927,99.14862730147254
321.509,-3.6233257669061345,65.6054721139153,101.00369095525842
321.609,-2.894154194198805,65.1093365827635,101.95598092830127
321.709,-2.4056538023815506,64.67176129734355,101.58317134527951
321.809,-2.1557321848196125,64.31717974230544,99.77143806639825
321.909,-2.088530873231008,64.05421047345139,96.77801063056658
322.009,-2.1090354762876586,63.87296811271328,93.16732169557477
322.109,-2.108712316718872,63.747732733613205,89.62893820774288
322.209,-1.9974222923791842,63.64450195094112,86.75794436952467
322.309,-1.728865319309456,63.53095797385895,84.89880628923956
322.409,-1.307040690923074,63.385431301423075,84.09086254075369
322.509,-0.7732607137068683,63.201650215890005,84.08779564993061
322.609,-0.18499253639205904,62.98750111678975,84.4252001029521
322.709,0.40289800450404556,62.758524113002736,84.54334272212091
322.809,0.951671274976917,62.52928927643613,83.96689761165402
322.909,1.4472576804264037,62.306645951987456,82.4904429930415
323.009,1.9016570089382085,62.08751144214319,80.27046673369036
323.109,2.344193359391383,61.86123663508362,77.74851128604918
323.209,2.8041492390438094,61.61449983304698,75.43119742546621
323.309,3.2927380229278,61.33630139218391,73.64551209900362
323.409,3.7944794509691633,61.02141943304511,72.3957101815944
323.509,4.273337351453534,60.671605092136495,71.38961478223656
323.609,4.690623719559298,60.2945534837796,70.22314847007375
323.709,5.025161226413708,59.90126488560767,68.62686633436141
323.809,5.28548796130729,59.50277230275041,66.62836547474139
323.909,5.508850672565615,59.10750579032511,64.53718827131355
324.009,5.748325170921916,58.72047396733668,62.78632383924173
324.109,6.053762240093818,58.34432221737478,61.743925234967094
324.209,6.453932186999161,57.98083145992312,61.584901437093194
324.309,6.947079002939589,57.63127139435586,62.24770400780709
324.409,7.503987951517345,57.295494823577414,63.465270629849485
324.509,8.081236196331787,56.9710319626922,64.85138757930322
324.609,8.636764677472492,56.65332529282471,66.01709031972685
324.709,9.139902854051535,56.33717327264251,66.67909990680597
324.809,9.572785662350853,56.018713260734,66.71554919336725
324.909,9.925637296041046,55.697128028836865,66.14029926670986
325.009,10.191529265943004,55.37527390557052,65.01505798851593
325.109,10.365878951075146,55.0587172010296,63.37088334086221
325.209,10.452452727753947,54.753508300517986,61.21073591380588
325.309,10.47213960480638,54.463958422776386,58.59438152737383
325.409,10.466175212061234,54.19183499928219,55.72523767844325
325.509,10.486494481812024,53.93739117077273,52.94923610306593
325.609,10.574409029613388,53.70120520780589,50.65324238071153
325.709,10.739543356692227,53.48517999903047,49.133164075453465
325.809,10.953856509630697,53.29172467885706,48.506041712256746
325.909,11.165396748310428,53.12154212787384,48.68605782814809
326.009,11.321809362133418,52.97163491458531,49.41193773895792
326.109,11.389677100761116,52.83521295746918,50.32371093060041
326.209,11.363456759958233,52.703900197758564,51.08669286616646
326.309,11.264300653830766,52.5708909336165,51.517596444634194
326.409,11.130038384881932,52.4328010974979,51.63511126101302
326.509,10.99957786848924,52.28877795108231,51.601262802289995
326.609,10.89929764130499,52.13779259331739,51.60518003987934
326.709,10.838971780095513,51.97698274203397,51.77080596231292
326.809,10.817456047829644,51.80321823030925,52.12481840596456
326.909,10.830474035297794,51.61719826159653,52.60768445501206
327.009,10.872605579185713,51.42699805533947,53.10021730373204
327.109,10.932872503698682,51.247824402632865,53.4597844484215
327.209,10.990333931669717,51.0969521607103,53.575353410641796
327.309,11.015908292665216,50.98635657741793,53.433888219235925
327.409,10.98026904299796,50.91793204381945,53.15761393372955
327.509,10.86228740112816,50.885084579792085,52.96605340586079
327.609,10.652576011005955,50.88046491189207,53.0588349805209
327.709,10.35005459238931,50.90558625395104,53.47408588430427
327.809,9.95301158277406,50.97664021633305,54.007613227182134
327.909,9.450035062589052,51.12276011789974,54.26315824488026
328.009,8.818514711760006,51.376991136309826,53.84214056223962
328.109,8.034621572350524,51.76380174560901,52.58360821981945
328.209,7.090992182567923,52.288361386040776,50.701013736929355
328.309,6.013811114173031,52.93195836102583,48.71832381371527
328.409,4.870966911380201,53.65547815137915,47.25431546168135
328.509,3.764106553770759,54.40958957189905,46.79652184520855
328.609,2.8005735754258794,55.147610163325815,47.56306549672988
328.709,2.0523532366252795,55.83642939251752,49.4531911684185
328.809,1.523957946940314,56.46241686784085,52.05831596410276
328.909,1.1509986788021038,57.03143594867606,54.74730069153043
329.009,0.8314243190726458,57.56365263344643,56.854747240318474
329.109,0.47111136596138437,58.08496298134033,57.929404678340134
329.209,0.02012279241515813,58.61790279882157,57.905414363646244
329.309,-0.5158145311842404,59.174997983038594,57.07413079509935
329.409,-1.0902711777640306,59.75603674583271,55.88045192559312
329.509,-1.6459233439432523,60.348931998686716,54.69624340155151
329.609,-2.140654458152696,60.93329998453612,53.70753719345062
329.709,-2.5561218513449475,61.486118181565764,52.94079267138308
329.809,-2.8885209271423875,61.9881512389423,52.36652168690591
329.909,-3.1330093883650676,62.4286203306143,51.99768102555292
330.009,-3.275988748613173,62.80608308762139,51.92173024905985
330.109,-3.3025663933233176,63.12590601697857,52.2519307033519
330.209,-3.2132651738954436,63.39649385982747,53.04162995179699
330.309,-3.0340162605646555,63.62608067516794,54.2372364445979
330.409,-2.807728140866402,63.82072049060191,55.7197840712995
330.509,-2.5716231564336596,63.98366719352005,57.41482546548299
330.609,-2.3367519399474688,64.11627390074692,59.3866155903099
330.709,-2.0850742737163657,64.22006017203951,61.82986273629564
330.809,-1.787587593840236,64.29898053182002,64.94157342583706
330.909,-1.4319564202852604,64.36089683388809,68.74247579462313
331.009,-1.040138847296305,64.41769911405994,72.96007701706964
331.109,-0.6633669392571733,64.48377209207577,77.06561882487146
331.209,-0.3589497287149186,64.5726449322176,80.47535770345576
331.309,-0.16522124171046926,64.69245984628256,82.81053792249261
331.409,-0.08844479151119344,64.84217642419094,84.05555247783256
331.509,-0.10506236351905329,65.01079916927526,84.52883879104316
331.609,-0.17448331074082546,65.18056332203295,84.71628249167784
331.709,-0.2545489959406311,65.33269715502429,85.08668507794765
331.809,-0.3130741217657729,65.45272732602581,85.97355726018733
331.909,-0.33351344491465085,65.53271789533319,87.526125462872
332.009,-0.3171709437529131,65.57021163477411,89.68648614732443
332.109,-0.2840403188228606,65.56592690583096,92.17240694879975
332.209,-0.2703379823056693,65.52257579532849,94.49948862152418
332.309,-0.3189688934344659,65.4457712654554,96.09338651051452
332.409,-0.46334738911271245,65.34621318387964,96.48778220761838
332.509,-0.7118727362972592,65.24108913279672,95.51780724032825
332.609,-1.042555755902896,65.15260350606319,93.39083644140696
332.709,-1.4114993080738785,65.10293978974197,90.59096475845053
332.809,-1.769590876093993,65.10688111358247,87.68663694395104
332.909,-2.0770933613778126,65.16497174993569,85.15634379851083
333.009,-2.3099926655511496,65.2610804875542,83.2986158633166
333.109,-2.459863546184046,65.36721487694703,82.22100738402584
333.209,-2.5316513302396046,65.45452081029438,81.87645339255796
333.309,-2.540227046462128,65.5050566715341,82.1276638233728
333.409,-2.504796183435154,65.51840265769619,82.82280569120086
333.509,-2.443596975947351,65.5108042711202,83.84517158061382
333.609,-2.3728841271123144,65.50820380196323,85.1003817061209
333.709,-2.30926126014824,65.5357893901255,86.45791279944116
333.809,-2.2695687267494264,65.6073729796145,87.71839179604216
333.909,-2.2655499159263357,65.71899699040404,88.65911439903822
334.009,-2.2981243287375364,65.85044991360265,89.12850329792492
334.109,-2.3580095900387477,65.97442408541221,89.11105505667757
334.209,-2.4326048532454294,66.06834169205682,88.72460343742209
334.309,-2.5120355633104907,66.12237777079051,88.18029503683621
334.409,-2.5886270430539895,66.14007642179794,87.7460074176765
334.509,-2.651603894360541,66.13268617092294,87.71290757443542
334.609,-2.6842500960807882,66.1116775018623,88.33694758624328
334.709,-2.6698712810089518,66.08414988792038,89.74198555092022
334.809,-2.6061942341298447,66.0531112953838,91.81241319144499
334.909,-2.518211491222729,66.02086881583632,94.1431327066768
335.009,-2.4554261588071924,65.99186590106159,96.12349700472379
335.109,-2.4698120781264805,65.97251069435598,97.17115091571422
335.209,-2.587791469814057,65.96833363884838,97.0082499485883
335.309,-2.7946941403688257,65.98071036644072,95.7990578922544
335.409,-3.040068152747992,66.00532509295024,94.05295397559671
335.509,-3.2588573653454986,66.0331777617781,92.37172086083837
335.609,-3.3961594145276237,66.05344963419553,91.21276000227773
335.709,-3.4239072913436033,66.05681841451161,90.78717113089957
335.809,-3.3449418990507525,66.03809044670177,91.09224791264882
335.909,-3.1881383304572637,65.99769817340646,91.99787262280795
336.009,-3.000239971433132,65.94185258471191,93.31137783188123
336.109,-2.8361922573552363,65.88102286567731,94.80399478632627
336.209,-2.7475529212367036,65.82681703687666,96.22693010644574
336.309,-2.7703458323706514,65.78841180740895,97.34455525857143
336.409,-2.915362537873065,65.77036794373285,97.98694504971951
336.509,-3.163833567023154,65.77303953188074,98.10150049188103
336.609,-3.4710720645056625,65.79519237182302,97.77510531604696
336.709,-3.7791376995321997,65.83705320836792,97.21118486073543
336.809,-4.03527249087103,65.90175941171952,96.67055575760101
336.909,-4.209016968817622,65.99430460069482,96.39399694822367
337.009,-4.301326305630468,66.11884146208394,96.52006232452752
337.109,-4.342009139951159,66.27619547732107,97.02372276352686
337.209,-4.375576267267519,66.46296160421817,97.71999744545592
337.309,-4.441577928404158,66.6723289516068,98.35322222693986
337.409,-4.560423211557556,66.8958970797266,98.72474749434528
337.509,-4.73220568046402,67.12561162479751,98.77180776298678
337.609,-4.945584053490094,67.35529839717027,98.55388127694623
337.709,-5.186679294813224,67.58153155003976,98.18394571552328
337.809,-5.44037908604362,67.80345042621647,97.77490448353487
337.909,-5.684780301226844,68.02129550043593,97.43713300361482
338.009,-5.886816789058827,68.23444293312667,97.30375617633298
338.109,-6.00796399195977,68.44048657850952,97.52800822508806
338.209,-6.020670020285081,68.63603142844353,98.22399179562551
338.309,-5.924086489443766,68.81829612079675,99.38749426800794
338.409,-5.745195190104418,68.98650244855313,100.86935071573843
338.509,-5.524301801062279,69.14298780485781,102.4348892709643
338.609,-5.298533023673343,69.29381684107415,103.86107422907739
338.709,-5.097503600224712,69.44752724252155,104.98298239695428
338.809,-4.9527690664969555,69.61106030242507,105.65317575305959
338.909,-4.909039796245153,69.78451427714825,105.67626177467098
339.009,-5.021189913997176,69.9583791125637,104.82866923604755
339.109,-5.330922583574527,70.11575052587966,103.00913468322359
339.209,-5.833230067441868,70.23842566365123,100.42701171032891
339.309,-6.452990669438087,70.31308835055192,97.65846113035529
339.409,-7.051813479476166,70.33433986114544,95.4865865138234
339.509,-7.474942074187624,70.30414392553651,94.6072080830052
339.609,-7.624192127640164,70.22950754147702,95.3489642384694
339.709,-7.514608299595665,70.12028742162668,97.50036180730696
339.809,-7.273434337980845,69.98760682068183,100.29260816108332
339.909,-7.082043901729747,69.84234327166334,102.60214758341228
340.009,-7.099730578346737,69.69343560756967,103.382745329104
340.109,-7.405482282980145,69.54645425855601,102.15237957371518
340.209,-7.97059939133797,69.4028699886559,99.23283597652257
340.309,-8.663049911148782,69.26008669549203,95.57558198079089
340.409,-9.28504173452815,69.11219953455884,92.30923672045469
340.509,-9.640459618277568,68.951251169457,90.30789450871575
340.609,-9.609220899519158,68.76835021394255,89.97402553362954
340.709,-9.189055100990103,68.5540997345071,91.22630204840638
340.809,-8.480875058305443,68.29866283553682,93.59684448534105
340.909,-7.634208845097376,67.99268648925884,96.38302733447505
341.009,-6.789934389648863,67.63000059359443,98.8413547963274
341.109,-6.043795029792619,67.21126139613975,100.39513185163808
341.209,-5.433600600002983,66.74617397618385,100.7911366386847
341.309,-4.944990013812905,66.25249395957056,100.13789287539777
341.409,-4.529710444160507,65.75223799294416,98.8130906845943
341.509,-4.12960821134584,65.26728211524541,97.29912643130598
341.609,-3.7000360917310005,64.81655179534948,96.0180811838139
341.709,-3.2277855668152284,64.41561825598443,95.19590263127421
341.809,-2.7376336688471667,64.07758350995225,94.77255366057116
341.909,-2.281544072873686,63.81281240986085,94.40888162202587
342.009,-1.9124153079069686,63.625688998362996,93.64178089032235
342.109,-1.6551934244312676,63.509332224813996,92.14955572464916
342.209,-1.489803059247869,63.442050251111986,89.97840316404532
342.309,-1.3524196639263764,63.389458465354,87.58224905714981
342.409,-1.154231250279743,63.31314804563851,85.65718369225424
342.509,-0.8132886464651534,63.18283356233156,84.87159227615291
342.609,-0.28974698343802174,62.98647642388784,85.60176732672029
342.709,0.3924263803683985,62.733184246384454,87.73225331055328
342.809,1.1524094568922436,62.447043926595,90.5768733274153
342.909,1.8870243339855008,62.15504881810448,93.01541799955274
343.009,2.5139106279672845,61.87545325001372,93.89118981289707
343.109,3.001235450942744,61.61184656073173,92.52254889263918
343.209,3.3727552356854815,61.354433027444834,89.02567392832239
343.309,3.6903881559905116,61.08658651498264,84.23892809090856
343.409,4.024664633092314,60.793130882405826,79.32149600796039
343.509,4.426497611955128,60.46672500012134,75.29525517411163
343.609,4.911255211287553,60.1099156367864,72.7534877229202
343.709,5.457904624725508,59.732502490227645,71.7827764038324
343.809,6.019559713062392,59.345989787003575,72.0342367256689
343.909,6.542039019132858,58.95822331662926,72.88909507494327
344.009,6.985346331606507,58.571186186310875,73.68309479910744
344.109,7.337623213083738,58.18305080558561,73.91448834488351
344.209,7.613781792939264,57.79281684624108,73.34007811256245
344.309,7.8422724527293255,57.40415440723057,71.9390372345498
344.409,8.050922649194163,57.02573878481008,69.82125713004928
344.509,8.259973162415676,56.66787131518513,67.16342855470931
344.609,8.482431007549554,56.337677241352985,64.18614506892222
344.709,8.726945058294532,56.035866017185874,61.137209652273825
344.809,8.999439012989356,55.756553222143175,58.26233888019516
344.909,9.303142355127388,55.4894803195039,55.78011741248295
345.009,9.637699877649862,55.22307576884156,53.87796279962063
345.109,9.996805652645236,54.94743629778412,52.71228334388212
345.209,10.36453741096157,54.65707180681836,52.379663215429915
345.309,10.71366684322414,54.3531093939094,52.85569175129139
345.409,11.009515760068261,54.04404058150975,53.94271903017807
345.509,11.219054474598295,53.7442097931971,55.28014118882875
345.609,11.32171592098048,53.470357849122074,56.43720775892474
345.709,11.317871530051164,53.23739522217815,57.051780616848276
345.809,11.23167058142272,53.0542792035131,56.94528053877569
345.909,11.106773855229896,52.92051072726451,56.164309484682306
346.009,10.995631993275111,52.82452236455726,54.94696040508721
346.109,10.944271610074956,52.7458733879343,53.63978382748772
346.209,10.97644033119348,52.66166950114704,52.59327263574946
346.309,11.084046330438511,52.55452521379496,52.061720640508554
346.409,11.230937094508938,52.41775510827547,52.1332064668009
346.509,11.370179782135818,52.25528650688094,52.70937777814285
346.609,11.465288344753418,52.07740990506158,53.54313081573969
346.709,11.50292458532008,51.89563939264388,54.326841406590404
346.809,11.491569727259552,51.71935673012018,54.802458414594
346.909,11.450054569998077,51.55488027799202,54.84856268173826
347.009,11.393906475666604,51.405914500876136,54.50836180272334
347.109,11.326168701798984,51.27390572084832,53.955099212351
347.209,11.236218628349583,51.157735177874194,53.4215040896016
347.309,11.106710311280388,51.05368547537897,53.1266628258617
347.409,10.924733095387971,50.95733253370187,53.21812049764955
347.509,10.689396604969335,50.86795916570671,53.728686415049154
347.609,10.408655565648708,50.79384127400341,54.549338090117175
347.709,10.086752958221162,50.75523664151422,55.44019340660152
347.809,9.71341445048769,50.78260688664372,56.10570819247212
347.909,9.264623768833594,50.91004758982506,56.32114152098569
348.009,8.713574023787494,51.16611229404881,56.044041242734735
348.109,8.043362064621483,51.564862863623205,55.43958956108253
348.209,7.256075789560562,52.09960734455954,54.80721273435836
348.309,6.377738010228526,52.741513932740496,54.459551252221104
348.409,5.457277991093832,53.444813042318195,54.61526812158158
348.509,4.5548889154904515,54.15836252494755,55.33401861619686
348.609,3.7209478470847586,54.840114875792146,56.49616719570997
348.709,2.9780023420293418,55.46864984272948,57.8319797276104
348.809,2.3188780555133306,56.046598969692845,59.006124010310785
348.909,1.7201469154450209,56.59466689638775,59.736004883081506
349.009,1.158639842427661,57.13976327834432,59.89021374480875
349.109,0.6211183919301959,57.70324586016058,59.52057986715553
349.209,0.10647728145014668,58.294029494425786,58.82361625455539
349.309,-0.37589988233825977,58.90793092868599,58.058041578266554
349.409,-0.8106575255686721,59.53154397354087,57.44545751109595
349.509,-1.1854283752696375,60.14743488363491,57.076721926773146
349.609,-1.5020439414411086,60.73801678906102,56.858004671601776
349.709,-1.7811201622068182,61.28771654401499,56.54006686620417
349.809,-2.0522938089475744,61.784717730951705,55.84695542050589
349.909,-2.3335668040030413,62.222669113025574,54.65407579862935
350.009,-2.6124583777749493,62.600855639363814,53.114534857433185
350.109,-2.8406983619890696,62.921777415355145,51.65463153996005
350.209,-2.947423533689417,63.18791903683153,50.842995466102394
350.309,-2.867854397156009,63.400876094772485,51.21195214715627
350.409,-2.575483342922894,63.563622104997854,53.11197342593442
350.509,-2.100451332576611,63.683353736512466,56.61992912945381
350.609,-1.5227415234396489,63.77198853846477,61.48496631445451
350.709,-0.9442572428044045,63.84373784632021,67.13211397884388
350.809,-0.4556749378303451,63.91124308940466,72.77784287043976
350.909,-0.11315651534778937,63.98236544978988,77.65622928297343
351.009,0.06898091871605061,64.05944354695322,81.25615615124777
351.109,0.1118929800592241,64.14165033181725,83.44730347865982
351.209,0.0584288122786063,64.2289959127036,84.45111907491771
351.309,-0.04200592153664928,64.32502971559589,84.70534775496213
351.409,-0.14685389069390453,64.43590436741324,84.69933839985525
351.509,-0.23101619633217751,64.56579866832838,84.83345788886434
351.609,-0.2923591473837419,64.71110741488282,85.33024428163282
351.709,-0.34836250289120585,64.85690155523082,86.21319719853102
351.809,-0.42329800969088893,64.97841330461306,87.3548397743054
351.909,-0.5318650407073164,65.04806497278969,88.57083635225224
352.009,-0.6685808183526163,65.04582095535552,89.71420268433367
352.109,-0.809060486062279,64.96852378537238,90.72272125269826
352.209,-0.9224430633031773,64.83351121321671,91.60148677691092
352.309,-0.9878288491783138,64.67409581144409,92.36586059162673
352.409,-1.0049004087875844,64.5287166389197,92.99653338990059
352.509,-0.9923392250619045,64.42889828112926,93.44492993474839
352.609,-0.9757090199494058,64.39114403091163,93.68402870566378
352.709,-0.9729770186454019,64.41508846140417,93.76220401804753
352.809,-0.9863541089829653,64.48702115599725,93.81227382993629
352.909,-1.0046396838318685,64.58602169716191,93.99636491501796
353.009,-1.0141322517499205,64.68990979093702,94.41128914221355
353.109,-1.0114998247904765,64.77955227245754,95.00906988002691
353.209,-1.0108166668650824,64.84160116522622,95.58422896743805
353.309,-1.039736409249194,64.87040423333288,95.84874494087715
353.409,-1.1255837216123155,64.86957508904685,95.57019869748954
353.509,-1.278518567970906,64.85298448989342,94.70370979036554
353.609,-1.481879130450821,64.84390399011414,93.43615227090721
353.709,-1.696428855103136,64.87036583246352,92.11110704705678
353.809,-1.876660664783131,64.95607252559127,91.08670735531992
353.909,-1.9894283859910828,65.10964469228395,90.61723870654785
354.009,-2.025093993322187,65.3178792112966,90.80599371292884
354.109,-1.9988778332354826,65.54774244384107,91.60658439986123
354.209,-1.9458384952583145,65.75716141533528,92.83243136128822
354.309,-1.9116493745598149,65.90979815319542,94.17651548375713
354.409,-1.9392249715444052,65.9872038183089,95.2761706816697
354.509,-2.0538918497682417,65.99359954381217,95.82917005707468
354.609,-2.2531767152497153,65.95223678016386,95.71066166773069
354.709,-2.5060500371006285,65.89564951559602,95.02296761349696
354.809,-2.7622807488126995,65.85396488095013,94.04760641487154
354.909,-2.969097299777509,65.84558619401008,93.12435458446748
355.009,-3.0895735043136483,65.87315302090794,92.51918374825064
355.109,-3.1152674769956477,65.92539692074536,92.34204397050793
355.209,-3.067788588162408,65.98345233540086,92.5366252079198
355.309,-2.9899187122635453,66.0289737676924,92.92041780721166
355.409,-2.930946143182787,66.05103362909223,93.24579776307426
355.509,-2.930294076447929,66.04925881245313,93.27740400589836
355.609,-3.0024139573633164,66.03218350002696,92.88994193215608
355.709,-3.127676694618671,66.01198448336613,92.15801087992436
355.809,-3.255698203201966,65.99845064984348,91.37499073093109
355.909,-3.324111306216352,65.99509023907528,90.96074059257802
356.009,-3.28722682625898,65.9987368203172,91.29048611217435
356.109,-3.141292478038544,66.00211099210594,92.52648090032865
356.209,-2.9325365911863344,65.99771364534965,94.52342587690913
356.309,-2.7419487438798527,65.98132695913844,96.84721992610544
356.409,-2.652468490814691,65.95390629996017,98.92172976174103
356.509,-2.7134977375825926,65.92154001640219,100.26895423718392
356.609,-2.919091403849606,65.89402083147611,100.73035455251534
356.709,-3.209706089926385,65.88281742511411,100.53292920383754
356.809,-3.497759276316252,65.89892467269189,100.15304410536726
356.909,-3.707405509234192,65.9507921738033,100.06450471321965
357.009,-3.8097528955628874,66.0425261048472,100.51821207654304
357.109,-3.8328786229527623,66.17278074339016,101.46088198421745
357.209,-3.839738350146071,66.33502136605696,102.61410926525572
357.309,-3.8890453502285,66.51953975150305,103.65399211538143
357.409,-4.004347653270834,66.71654286744499,104.38335383201793
357.509,-4.167351436005902,66.91897574444951,104.80141054803177
357.609,-4.334481921114303,67.12429467034399,105.0492542590108
357.709,-4.463821355910682,67.33496500167085,105.28744376737397
357.809,-4.5370615117041595,67.55703858665754,105.58830027081966
357.909,-4.566166521813173,67.79623505164302,105.89920078896222
358.009,-4.583462185961864,68.0527646770536,106.08588761765516
358.109,-4.622291578802255,68.31788255654253,106.02194219791981
358.209,-4.699069800442828,68.57455686594832,105.66821852742582
358.309,-4.805607518974362,68.80237576348857,105.09617414863152
358.409,-4.915295170829793,68.98497778701437,104.44591650685854
358.509,-5.000450766978389,69.11721449213303,103.84719354116052
358.609,-5.05193850735715,69.20864473804949,103.35004646473479
358.709,-5.0889220649071945,69.28083305443279,102.90972697483201
358.809,-5.150799956865484,69.35885028572054,102.44473324570578
358.909,-5.274393066736941,69.46062979131028,101.93808104373655
359.009,-5.469484747254725,69.58924020524178,101.51004285987047
359.109,-5.707846625356666,69.73199777997625,101.39797338249315
359.209,-5.9340710480172305,69.86693563778894,101.8407791679287
359.309,-6.09349027295459,69.97289101785715,102.93576864435738
359.409,-6.159932521047722,70.03744914033307,104.55683207081493
359.509,-6.145611629033681,70.05918775347865,106.38067882604358
359.609,-6.090036960539095,70.04504858298422,107.9999490429728
359.709,-6.039606595135602,70.00626774491707,109.05867241682391
359.809,-6.030593783445184,69.95554821108038,109.35039861449887
359.909,-6.080159405500318,69.90566769628563,108.85673401250345
360.009,-6.184262405723018,69.86794908534847,107.73649242966354
360.109,-6.320426861441774,69.84917609450862,106.28219513199278
360.209,-6.453723316502298,69.84729315875165,104.8532106688092
360.309,-6.5448380382592575,69.84845875736674,103.79338955888501
360.409,-6.559904996917325,69.82905928002074,103.3487996001898
360.509,-6.480892561643316,69.76439648541903,103.60922718416167
360.609,-6.312517646734932,69.64110056348399,104.49568624244317
360.709,-6.081102155486668,69.4663470166727,105.80010026888054
360.809,-5.824687987446978,69.26770257655382,107.26008238044211
360.909,-5.578662182445385,69.08296683195583,108.6383091765753
361.009,-5.363536342418641,68.9454628666499,109.77903729204849
361.109,-5.180685709192318,68.87243114414557,110.62494828243116
361.209,-5.018139363511558,68.86155123523511,111.19056943089419
361.309,-4.86307762248272,68.89571912159272,111.50774872620035
361.409,-4.713395238937487,68.952289806532,111.57756801844846
361.509,-4.581068759028675,69.01161592234051,111.36146562260215
361.609,-4.485679753607286,69.06091693488064,110.81616784015753
361.709,-4.442593166275884,69.09269125987205,109.9471519692411
361.809,-4.4523613775941016,69.10046297361453,108.84709659411331
361.909,-4.497094875100878,69.07620118492099,107.69191415681091
362.009,-4.5472754171395025,69.01189793988523,106.6817781833895
362.109,-4.576443523290919,68.90402604893629,105.94949598840171
362.209,-4.574197733559473,68.75716284313992,105.49448325869001
362.309,-4.548975136375127,68.58375221679134,105.19180695774561
362.409,-4.5208778029652805,68.39971295072783,104.87196220114824
362.509,-4.510611646693945,68.21817613098884,104.4187320113656
362.609,-4.529562643847733,68.04467836991505,103.82602331879738
362.709,-4.574109666898551,67.87645132225256,103.18342246761084
362.809,-4.627017903688298,67.70647684661877,102.60124099183957
362.909,-4.665975012221452,67.53039136418717,102.12229369126203
363.009,-4.6730449355422365,67.35224774185923,101.68318237283924
363.109,-4.6365533511362145,67.18525413801926,101.16409043258793
363.209,-4.544597486612744,67.04665098552223,100.50452358798593
363.309,-4.379743674711079,66.94991336270067,99.80254634435038
363.409,-4.124519182828038,66.89896861595489,99.31421770187161
363.509,-3.775986395697231,66.88689258429234,99.34049940168167
363.609,-3.3579633959421358,66.89830159492966,100.06688554268098
363.709,-2.9211612822970423,66.91349703701994,101.4420253503729
363.809,-2.529853086832901,66.91317945895734,103.15500728835988
363.909,-2.2402004968996465,66.88309703457433,104.73001515768964
364.009,-2.0792550852467855,66.81752735233856,105.70342444071754
364.109,-2.0346636269709393,66.72002319201825,105.7959814400684
364.209,-2.0602257224863934,66.6005521230572,104.9916535980179
364.309,-2.094051712383049,66.47016112929417,103.4990532379448
364.409,-2.080686875292514,66.33627980323611,101.64258646935954
364.509,-1.9884942978298241,66.20163783044737,99.75118091916089
364.609,-1.8167003139628477,66.0669598998199,98.08634142638533
364.709,-1.590972722582606,65.93449709987371,96.815353922768
364.809,-1.3510805038069975,65.80909566524042,96.01269475308963
364.909,-1.1369829350612903,65.69611417115564,95.66653537220976
365.009,-0.9789369247970612,65.59831211719828,95.67737213051919
365.109,-0.8935854799159983,65.51427821358793,95.85779020720729
365.209,-0.883798474151213,65.43920765271879,95.9601797521587
365.309,-0.9380093801114597,65.366966179501,95.75303691789598
365.409,-1.0272178865574375,65.29189010838768,95.12994578585908
365.509,-1.103712884287063,65.20943334836457,94.19188398612141
365.609,-1.109222199075944,65.11568982904956,93.23810987281726
365.709,-0.9955819066083507,65.0066547706651,92.6510269015052
365.809,-0.7491051395923307,64.8785985703869,92.72553901129659
365.909,-0.4020711207330052,64.73034593266202,93.52103133040448
366.009,-0.022541819979529976,64.5664357733114,94.79911146118707
366.109,0.31004505254121284,64.39851597142126,96.07960187634474
366.209,0.5296845505922292,64.24266403324941,96.80856090912197
366.309,0.6012187979975891,64.11287430877947,96.5797250179902
366.409,0.5290712863338598,64.01393173739072,95.30970717198572
366.509,0.3572963767605444,63.93779491327238,93.28032110724679
366.609,0.15984222948891613,63.86565058960297,91.02948700484484
366.709,0.020163229385488535,63.77465521804138,89.14522290395877
366.809,0.0036357871626364613,63.646127540557586,88.04912234403379
366.909,0.13395260206537074,63.47149537352482,87.84463493546576
367.009,0.38738024536441173,63.253750243555096,88.2780041493668
367.109,0.7084264564908196,63.004781413208306,88.83079614363017
367.209,1.0351281183163863,62.74079719106897,88.92175459651544
367.309,1.3183934059406113,62.477841986852,88.13924756780557
367.409,1.529159203165328,62.228313598640796,86.39359721923392
367.509,1.6570924625742336,61.99894373939939,83.91876981905405
367.609,1.7073257528450299,61.79058209767226,81.14806311174418
367.709,1.6988028761378047,61.59936103832069,78.55609008030068
367.809,1.6631797952320184,61.418016249018926,76.54211994893109
367.909,1.640231837256465,61.23647825360213,75.36353380001893
368.009,1.6674511586876122,61.041980918037225,75.09270236692792
368.109,1.7674159781852978,60.81965811257338,75.59015529707972
368.209,1.94030650289249,60.55464174715205,76.51917971103806
368.309,2.1658369816588774,60.236151902463604,77.43035381671496
368.409,2.412238440940328,59.8627004974096,77.90986401980722
368.509,2.646461657222936,59.445837263519145,77.73249599441183
368.609,2.8415867730569246,59.009572275340105,76.93658913050326
368.709,2.981207557708217,58.584601867147384,75.77955719161564
368.809,3.0619446730817117,58.19948665034362,74.60724648062305
368.909,3.0935555105396304,57.872827668298335,73.71094353409006
369.009,3.095184209496054,57.609871478379155,73.2314835766913
369.109,3.0889385365204873,57.40397854875078,73.13380169719058
369.209,3.094694639693202,57.24020649724163,73.24622746947627
369.309,3.1280418858839383,57.09802235152052,73.33947816230855
369.409,3.1989945709014833,56.95320429633782,73.21066023192049
369.509,3.3087244057810423,56.78147610297909,72.74267440086247
369.609,3.445661381327035,56.56490732821418,71.92482020070685
369.709,3.5856294170888603,56.29825652365154,70.83529036109553
369.809,3.699111112449124,55.990852630713356,69.5982997667275
369.909,3.7632564881608843,55.662251489908876,68.33724093310455
370.009,3.7717405053286157,55.33419749302924,67.14216916578333
370.109,3.7362926667122025,55.02337823299325,66.0547633056579
370.209,3.679257781036469,54.737774836811525,65.06319525918687
370.309,3.622500034305858,54.47652280814697,64.10485501626033
370.409,3.5798329312863686,54.23206313746237,63.086269555546664
370.509,3.556506046790325,53.99382968826913,61.926575581707056
370.609,3.553358126253613,53.75269483776741,60.60988543433933
370.709,3.570765744838795,53.50462540976645,59.21514211831105
370.809,3.6100147107485867,53.25207776277245,57.90134726285025
370.909,3.67259134904932,53.00289286245124,56.852945819328724
371.009,3.7578514202710167,52.7674998213344,56.210172454635426
371.109,3.8594073235472877,52.5555677620232,56.01263389238015
371.209,3.9629389989187587,52.37335068593574,56.177263067846624
371.309,4.0494064010692625,52.222625694214834,56.52050394756084
371.409,4.1037899085732406,52.100994296882035,56.81971020652021
371.509,4.123832080784737,52.00248384548974,56.89000190983273
371.609,4.1224531238309226,51.91798673962703,56.64046709095142
371.709,4.121914439294066,51.83624053613933,56.08328264419647
371.809,4.1424455547272245,51.74600338727637,55.29837644531726
371.909,4.190801658040115,51.63871855246512,54.38139270915862
372.009,4.255548973197506,51.51009172390269,53.40647998384527
372.109,4.313486295470547,51.35984021784057,52.41956767530702
372.209,4.343999958767959,51.1903380767021,51.45462110391003
372.309,4.341126391776875,51.00530668716825,50.550139668001776
372.409,4.314499262789653,50.80921766316067,49.747595813416524
372.509,4.279630803998025,50.60770852691073,49.073485362682206
372.609,4.246335374606936,50.40883387088484,48.52326863779087
372.709,4.214236517261803,50.22381641202591,48.06444414145306
372.809,4.177268515790807,50.06526622952592,47.65920414935147
372.909,4.132041183412213,49.942276934568994,47.28928374285453
373.009,4.083579142898749,49.85473092700277,46.96406506808096
373.109,4.045472886567197,49.79076119469162,46.708888026542446
373.209,4.03499617806969,49.729923703215434,46.54421452519677
373.309,4.065151044500787,49.651338943687904,46.46581724781591
373.409,4.136882487038122,49.54313347283652,46.432575955485824
373.509,4.235911666302748,49.408426147557286,46.369669143647826
373.609,4.336694801903654,49.26439464367734,46.19110807868011
373.709,4.411258495123668,49.13437218255942,45.831924359745976
373.809,4.437843349185378,49.03682365368142,45.270370136625345
373.909,4.4057767901122205,48.976822061580776,44.52764491847385
374.009,4.316399349132773,48.94399935349745,43.65201816202358
374.109,4.182102713751121,48.91730312941672,42.70676972867678
374.209,4.025468726582901,48.87376561307422,41.773658292940254
374.309,3.878476960963013,48.79728161960301,40.96248876239806
374.409,3.7792693214875968,48.684115131407395,40.403962946716845
374.509,3.763744019892272,48.54373092267531,40.21259973240693
374.609,3.853098281252734,48.395384376826726,40.432768937470186
374.709,4.043485241710961,48.26196977568385,41.00000206889602
374.809,4.30427663101117,48.163175621519905,41.744754068790286
374.909,4.586055811280268,48.11017241428404,42.44263153321552
375.009,4.834237165933125,48.10336860982731,42.89091055288163
375.109,5.003419525121544,48.133327195706606,42.97831654432334
375.209,5.0693332076903985,48.18374246338939,42.71894810617074
375.309,5.035898337701539,48.23505427169427,42.23889936662096
375.409,4.934144429764949,48.2676898948343,41.72328636884411
375.509,4.810775366485245,48.26470297608462,41.34316265704651
375.609,4.709459185549299,48.21422772563064,41.188500646028714
375.709,4.654014127284867,48.11213832854298,41.235277035247904
375.809,4.642162599902875,47.964446259331716,41.36365694134906
375.909,4.65045423764154,47.78785745809682,41.41908348211077
376.009,4.644221563763196,47.60674229125656,41.284581596825376
376.109,4.587745553230128,47.44644748102739,40.92953856762447
376.209,4.454733971159037,47.325567608311374,40.41803568650098
376.309,4.239847636334019,47.25103461507724,39.88137603533484
376.409,3.9673027117714312,47.21823337852533,39.470256196299
376.509,3.6887867149812266,47.215261325876014,39.30191755859912
376.609,3.466857192005989,47.228521454095635,39.415142119074126
376.709,3.350541433599659,47.24704928965118,39.7462283121115
376.809,3.3567323437724,47.26439364601531,40.138394222819336
376.909,3.466504202343991,47.27822684137956,40.389480498049714
377.009,3.6348260210656633,47.28861481314473,40.32817913465241
377.109,3.805983276595178,47.296084167886946,39.892324479110584
377.209,3.9283905982894254,47.300410167230005,39.17195136782461
377.309,3.9663653593934,47.300538900701675,38.38680838477838
377.409,3.908007882763222,47.29545810885329,37.80014522495886
377.509,3.7674664653962893,47.285352904419966,37.610365613393014
377.609,3.5796790417887436,47.272231195828255,37.87447361017756
377.709,3.3887068003254797,47.25954863583139,38.49299428038848
377.809,3.235035797765434,47.25101543868688,39.253346859776094
377.909,3.1475545593991114,47.24921246241852,39.910953234322044
378.009,3.1412181512135504,47.25462645231211,40.28012746964668
378.109,3.2167814962279664,47.2654278185904,40.30086602919256
378.209,3.359209152901691,47.27800604168522,40.05079153635922
378.309,3.535888800030307,47.28804623653205,39.695331665863286
378.409,3.699680597912355,47.29180975288811,39.40380899295434
378.509,3.800163620263916,47.28725789731215,39.27626400909509
378.609,3.7999351619835906,47.27468734106437,39.31274957274332
378.709,3.6883829817149163,47.256635607682384,39.43058546570792
378.809,3.4870638349190273,47.23701418784022,39.51571925355124
378.909,3.244872136085654,47.21974282417041,39.483282557144946
379.009,3.023532451563092,47.20746851078347,39.316557019090034
379.109,2.876434572365362,47.20099393713455,39.06171206474373
379.209,2.828569651005296,47.19965027928025,38.783508909695506
379.309,2.8680239276716364,47.20225220884041,38.515720389381684
379.409,2.954112707859416,47.207936646858805,38.242165818504354
379.509,3.0367817792903296,47.21637336864735,37.91925481405551
379.609,3.0765658678930023,47.227376195998616,37.522518008141994
379.709,3.057612495478324,47.240384406604626,37.08698546032456
379.809,2.9916943046383224,47.25426020837711,36.717392538386264
379.909,2.913365926437635,47.2674390668748,36.561462325063665
380.009,2.8667993853602525,47.278130566159206,36.75609880400792
380.109,2.88724831814843,47.28432333380895,37.36491562278678
380.209,2.984760552832441,47.28366319841248,38.32859184005647
380.309,3.139392742877483,47.273485841935894,39.45133536663772
380.409,3.3115753790302946,47.25122205351102,40.44345695708323
380.509,3.4621370743952795,47.21515163596458,41.02118914004884
380.609,3.5710151808657287,47.16521498129891,41.028040582859965
380.709,3.6446214855947545,47.10344315241833,40.511150172507094
380.809,3.7076737142868694,47.03372576709214,39.69970572667483
380.909,3.783711488369754,46.96113710641382,38.89436459418176
381.009,3.876135936247067,46.89144382589622,38.33578398560276
381.109,3.9627542021061544,46.831036347196,38.12478006751445
381.209,4.007976520629015,46.786551139199744,38.22162366756162
381.309,3.9840697481977827,46.76338324133469,38.50300811030754
381.409,3.8874940359565713,46.763767374108056,38.83357206336579
381.509,3.741556394899888,46.78606085056312,39.11584618749714
381.609,3.5857793127956015,46.825385657625375,39.30474481557909
381.709,3.458652969219436,46.87384033722497,39.393488518303876
381.809,3.382002696553066,46.919420722974955,39.38672843559072
381.909,3.353413436613458,46.94584414002378,39.276274807701164
382.009,3.3495447660625786,46.93626438349251,39.032117806071746
382.109,3.338668407786777,46.88056485562388,38.61691667116316
382.209,3.2967355034042995,46.7819510225818,38.02171711510813
382.309,3.219683632507291,46.658095465224854,37.3036262009949
382.409,3.1263667297115347,46.53537852927501,36.59422270065574
382.509,3.0504162777716175,46.438960309405104,36.0594388810423
382.609,3.0242096215683745,46.38367208628763,35.82576790327305
382.709,3.062740197012779,46.36991779431628,35.91425059324869
382.809,3.156517012615133,46.38583047010569,36.22097078191154
382.909,3.2775173371210755,46.413824934969156,36.55806195773918
383.009,3.393310670831056,46.43800179453807,36.73803441701974
383.109,3.479657897507664,46.44911468236815,36.658117506596874
383.209,3.5251670748829866,46.445620257877984,36.33726897353559
383.309,3.5284910263894957,46.431512716922555,35.88740989653644
383.409,3.4928303629364876,46.412878801412404,35.44386692213762
383.509,3.422758924894822,46.39497916417972,35.10302223737219
383.609,3.325831094545258,46.38076744724748,34.90154688570659
383.709,3.2168925474884915,46.37085711846989,34.83586102904687
383.809,3.1193893573631755,46.36440596973517,34.892742323246345
383.909,3.059553685131945,46.36024227744846,35.06312010401432
384.009,3.055534650420661,46.35767692358783,35.33455156763527
384.109,3.1082511299595055,46.35670198051757,35.6781901602319
384.209,3.199765144246328,46.357616157879164,36.047059108958294
384.309,3.300098106813124,46.360455213826896,36.3894045023481
384.409,3.378937276787042,46.36471975465919,36.66781357406019
384.509,3.417016705620668,46.36962220253647,36.87136360062153
384.609,3.4128461581130267,46.374609976965836,37.01522834559617
384.709,3.3825229616603423,46.37968653256652,37.131749171632045
