RelativeTime_s,AbsoluteTimestamp_ISO8601
0,2026-07-03T18:19:37.725000
0.002,2026-07-03T18:19:37.727000
0.004,2026-07-03T18:19:37.729000
0.006,2026-07-03T18:19:37.731000
0.008,2026-07-03T18:19:37.733000
0.01,2026-07-03T18:19:37.735000
0.012,2026-07-03T18:19:37.737000
0.014,2026-07-03T18:19:37.739000
0.016,2026-07-03T18:19:37.741000
0.018,2026-07-03T18:19:37.743000
0.02,2026-07-03T18:19:37.745000
0.022,2026-07-03T18:19:37.747000
0.024,2026-07-03T18:19:37.749000
0.026,2026-07-03T18:19:37.751000
0.028,2026-07-03T18:19:37.753000
0.03,2026-07-03T18:19:37.755000
0.032,2026-07-03T18:19:37.757000
0.034,2026-07-03T18:19:37.759000
0.036,2026-07-03T18:19:37.761000
0.038,2026-07-03T18:19:37.763000
0.04,2026-07-03T18:19:37.765000
0.042,2026-07-03T18:19:37.767000
0.044,2026-07-03T18:19:37.769000
0.046,2026-07-03T18:19:37.771000
0.048,2026-07-03T18:19:37.773000
0.05,2026-07-03T18:19:37.775000
0.052,2026-07-03T18:19:37.777000
0.054,2026-07-03T18:19:37.779000
0.056,2026-07-03T18:19:37.781000
0.058,2026-07-03T18:19:37.783000
0.06,2026-07-03T18:19:37.785000
0.062,2026-07-03T18:19:37.787000
0.064,2026-07-03T18:19:37.789000
0.066,2026-07-03T18:19:37.791000
0.068,2026-07-03T18:19:37.793000
0.07,2026-07-03T18:19:37.795000
0.072,2026-07-03T18:19:37.797000
0.074,2026-07-03T18:19:37.799000
0.076,2026-07-03T18:19:37.801000
0.078,2026-07-03T18:19:37.803000
0.08,2026-07-03T18:19:37.805000
0.082,2026-07-03T18:19:37.807000
0.084,2026-07-03T18:19:37.809000
0.086,2026-07-03T18:19:37.811000
0.088,2026-07-03T18:19:37.813000
0.09,2026-07-03T18:19:37.815000
0.092,2026-07-03T18:19:37.817000
0.094,2026-07-03T18:19:37.819000
0.096,2026-07-03T18:19:37.821000
0.098,2026-07-03T18:19:37.823000
0.1,2026-07-03T18:19:37.825000
0.102,2026-07-03T18:19:37.827000
0.104,2026-07-03T18:19:37.829000
0.106,2026-07-03T18:19:37.831000
0.108,2026-07-03T18:19:37.833000
0.11,2026-07-03T18:19:37.835000
0.112,2026-07-03T18:19:37.837000
0.114,2026-07-03T18:19:37.839000
0.116,2026-07-03T18:19:37.841000
0.118,2026-07-03T18:19:37.843000
0.12,2026-07-03T18:19:37.845000
0.122,2026-07-03T18:19:37.847000
0.124,2026-07-03T18:19:37.849000
0.126,2026-07-03T18:19:37.851000
0.128,2026-07-03T18:19:37.853000
0.13,2026-07-03T18:19:37.855000
0.132,2026-07-03T18:19:37.857000
0.134,2026-07-03T18:19:37.859000
0.136,2026-07-03T18:19:37.861000
0.138,2026-07-03T18:19:37.863000
0.14,2026-07-03T18:19:37.865000
0.142,2026-07-03T18:19:37.867000
0.144,2026-07-03T18:19:37.869000
0.146,2026-07-03T18:19:37.871000
0.148,2026-07-03T18:19:37.873000
0.15,2026-07-03T18:19:37.875000
0.152,2026-07-03T18:19:37.877000
0.154,2026-07-03T18:19:37.879000
0.156,2026-07-03T18:19:37.881000
0.158,2026-07-03T18:19:37.883000
0.16,2026-07-03T18:19:37.885000
0.162,2026-07-03T18:19:37.887000
0.164,2026-07-03T18:19:37.889000
0.166,2026-07-03T18:19:37.891000
0.168,2026-07-03T18:19:37.893000
0.17,2026-07-03T18:19:37.895000
0.172,2026-07-03T18:19:37.897000
0.174,2026-07-03T18:19:37.899000
0.176,2026-07-03T18:19:37.901000
0.178,2026-07-03T18:19:37.903000
0.18,2026-07-03T18:19:37.905000
0.182,2026-07-03T18:19:37.907000
0.184,2026-07-03T18:19:37.909000
0.186,2026-07-03T18:19:37.911000
0.188,2026-07-03T18:19:37.913000
0.19,2026-07-03T18:19:37.915000
0.192,2026-07-03T18:19:37.917000
0.194,2026-07-03T18:19:37.919000
0.196,2026-07-03T18:19:37.921000
0.198,2026-07-03T18:19:37.923000
0.2,2026-07-03T18:19:37.925000
0.202,2026-07-03T18:19:37.927000
0.204,2026-07-03T18:19:37.929000
0.206,2026-07-03T18:19:37.931000
0.208,2026-07-03T18:19:37.933000
0.21,2026-07-03T18:19:37.935000
0.212,2026-07-03T18:19:37.937000
0.214,2026-07-03T18:19:37.939000
0.216,2026-07-03T18:19:37.941000
0.218,2026-07-03T18:19:37.943000
0.22,2026-07-03T18:19:37.945000
0.222,2026-07-03T18:19:37.947000
0.224,2026-07-03T18:19:37.949000
0.226,2026-07-03T18:19:37.951000
0.228,2026-07-03T18:19:37.953000
0.23,2026-07-03T18:19:37.955000
0.232,2026-07-03T18:19:37.957000
0.234,2026-07-03T18:19:37.959000
0.236,2026-07-03T18:19:37.961000
0.238,2026-07-03T18:19:37.963000
0.24,2026-07-03T18:19:37.965000
0.242,2026-07-03T18:19:37.967000
0.244,2026-07-03T18:19:37.969000
0.246,2026-07-03T18:19:37.971000
0.248,2026-07-03T18:19:37.973000
0.25,2026-07-03T18:19:37.975000
0.252,2026-07-03T18:19:37.977000
0.254,2026-07-03T18:19:37.979000
0.256,2026-07-03T18:19:37.981000
0.258,2026-07-03T18:19:37.983000
0.26,2026-07-03T18:19:37.985000
0.262,2026-07-03T18:19:37.987000
0.264,2026-07-03T18:19:37.989000
0.266,2026-07-03T18:19:37.991000
0.268,2026-07-03T18:19:37.993000
0.27,2026-07-03T18:19:37.995000
0.272,2026-07-03T18:19:37.997000
0.274,2026-07-03T18:19:37.999000
0.276,2026-07-03T18:19:38.001000
0.278,2026-07-03T18:19:38.003000
0.28,2026-07-03T18:19:38.005000
0.282,2026-07-03T18:19:38.007000
0.284,2026-07-03T18:19:38.009000
0.286,2026-07-03T18:19:38.011000
0.288,2026-07-03T18:19:38.013000
0.29,2026-07-03T18:19:38.015000
0.292,2026-07-03T18:19:38.017000
0.294,2026-07-03T18:19:38.019000
0.296,2026-07-03T18:19:38.021000
0.298,2026-07-03T18:19:38.023000
0.3,2026-07-03T18:19:38.025000
0.302,2026-07-03T18:19:38.027000
0.304,2026-07-03T18:19:38.029000
0.306,2026-07-03T18:19:38.031000
0.308,2026-07-03T18:19:38.033000
0.31,2026-07-03T18:19:38.035000
0.312,2026-07-03T18:19:38.037000
0.314,2026-07-03T18:19:38.039000
0.316,2026-07-03T18:19:38.041000
0.318,2026-07-03T18:19:38.043000
0.32,2026-07-03T18:19:38.045000
0.322,2026-07-03T18:19:38.047000
0.324,2026-07-03T18:19:38.049000
0.326,2026-07-03T18:19:38.051000
0.328,2026-07-03T18:19:38.053000
0.33,2026-07-03T18:19:38.055000
0.332,2026-07-03T18:19:38.057000
0.334,2026-07-03T18:19:38.059000
0.336,2026-07-03T18:19:38.061000
0.338,2026-07-03T18:19:38.063000
0.34,2026-07-03T18:19:38.065000
0.342,2026-07-03T18:19:38.067000
0.344,2026-07-03T18:19:38.069000
0.346,2026-07-03T18:19:38.071000
0.348,2026-07-03T18:19:38.073000
0.35,2026-07-03T18:19:38.075000
0.352,2026-07-03T18:19:38.077000
0.354,2026-07-03T18:19:38.079000
0.356,2026-07-03T18:19:38.081000
0.358,2026-07-03T18:19:38.083000
0.36,2026-07-03T18:19:38.085000
0.362,2026-07-03T18:19:38.087000
0.364,2026-07-03T18:19:38.089000
0.366,2026-07-03T18:19:38.091000
0.368,2026-07-03T18:19:38.093000
0.37,2026-07-03T18:19:38.095000
0.372,2026-07-03T18:19:38.097000
0.374,2026-07-03T18:19:38.099000
0.376,2026-07-03T18:19:38.101000
0.378,2026-07-03T18:19:38.103000
0.38,2026-07-03T18:19:38.105000
0.382,2026-07-03T18:19:38.107000
0.384,2026-07-03T18:19:38.109000
0.386,2026-07-03T18:19:38.111000
0.388,2026-07-03T18:19:38.113000
0.39,2026-07-03T18:19:38.115000
0.392,2026-07-03T18:19:38.117000
0.394,2026-07-03T18:19:38.119000
0.396,2026-07-03T18:19:38.121000
0.398,2026-07-03T18:19:38.123000
0.4,2026-07-03T18:19:38.125000
0.402,2026-07-03T18:19:38.127000
0.404,2026-07-03T18:19:38.129000
0.406,2026-07-03T18:19:38.131000
0.408,2026-07-03T18:19:38.133000
0.41,2026-07-03T18:19:38.135000
0.412,2026-07-03T18:19:38.137000
0.414,2026-07-03T18:19:38.139000
0.416,2026-07-03T18:19:38.141000
0.418,2026-07-03T18:19:38.143000
0.42,2026-07-03T18:19:38.145000
0.422,2026-07-03T18:19:38.147000
0.424,2026-07-03T18:19:38.149000
0.426,2026-07-03T18:19:38.151000
0.428,2026-07-03T18:19:38.153000
0.43,2026-07-03T18:19:38.155000
0.432,2026-07-03T18:19:38.157000
0.434,2026-07-03T18:19:38.159000
0.436,2026-07-03T18:19:38.161000
0.438,2026-07-03T18:19:38.163000
0.44,2026-07-03T18:19:38.165000
0.442,2026-07-03T18:19:38.167000
0.444,2026-07-03T18:19:38.169000
0.446,2026-07-03T18:19:38.171000
0.448,2026-07-03T18:19:38.173000
0.45,2026-07-03T18:19:38.175000
0.452,2026-07-03T18:19:38.177000
0.454,2026-07-03T18:19:38.179000
0.456,2026-07-03T18:19:38.181000
0.458,2026-07-03T18:19:38.183000
0.46,2026-07-03T18:19:38.185000
0.462,2026-07-03T18:19:38.187000
0.464,2026-07-03T18:19:38.189000
0.466,2026-07-03T18:19:38.191000
0.468,2026-07-03T18:19:38.193000
0.47,2026-07-03T18:19:38.195000
0.472,2026-07-03T18:19:38.197000
0.474,2026-07-03T18:19:38.199000
0.476,2026-07-03T18:19:38.201000
0.478,2026-07-03T18:19:38.203000
0.48,2026-07-03T18:19:38.205000
0.482,2026-07-03T18:19:38.207000
0.484,2026-07-03T18:19:38.209000
0.486,2026-07-03T18:19:38.211000
0.488,2026-07-03T18:19:38.213000
0.49,2026-07-03T18:19:38.215000
0.492,2026-07-03T18:19:38.217000
0.494,2026-07-03T18:19:38.219000
0.496,2026-07-03T18:19:38.221000
0.498,2026-07-03T18:19:38.223000
0.5,2026-07-03T18:19:38.225000
0.502,2026-07-03T18:19:38.227000
0.504,2026-07-03T18:19:38.229000
0.506,2026-07-03T18:19:38.231000
0.508,2026-07-03T18:19:38.233000
0.51,2026-07-03T18:19:38.235000
0.512,2026-07-03T18:19:38.237000
0.514,2026-07-03T18:19:38.239000
0.516,2026-07-03T18:19:38.241000
0.518,2026-07-03T18:19:38.243000
0.52,2026-07-03T18:19:38.245000
0.522,2026-07-03T18:19:38.247000
0.524,2026-07-03T18:19:38.249000
0.526,2026-07-03T18:19:38.251000
0.528,2026-07-03T18:19:38.253000
0.53,2026-07-03T18:19:38.255000
0.532,2026-07-03T18:19:38.257000
0.534,2026-07-03T18:19:38.259000
0.536,2026-07-03T18:19:38.261000
0.538,2026-07-03T18:19:38.263000
0.54,2026-07-03T18:19:38.265000
0.542,2026-07-03T18:19:38.267000
0.544,2026-07-03T18:19:38.269000
0.546,2026-07-03T18:19:38.271000
0.548,2026-07-03T18:19:38.273000
0.55,2026-07-03T18:19:38.275000
0.552,2026-07-03T18:19:38.277000
0.554,2026-07-03T18:19:38.279000
0.556,2026-07-03T18:19:38.281000
0.558,2026-07-03T18:19:38.283000
0.56,2026-07-03T18:19:38.285000
0.562,2026-07-03T18:19:38.287000
0.564,2026-07-03T18:19:38.289000
0.566,2026-07-03T18:19:38.291000
0.568,2026-07-03T18:19:38.293000
0.57,2026-07-03T18:19:38.295000
0.572,2026-07-03T18:19:38.297000
0.574,2026-07-03T18:19:38.299000
0.576,2026-07-03T18:19:38.301000
0.578,2026-07-03T18:19:38.303000
0.58,2026-07-03T18:19:38.305000
0.582,2026-07-03T18:19:38.307000
0.584,2026-07-03T18:19:38.309000
0.586,2026-07-03T18:19:38.311000
0.588,2026-07-03T18:19:38.313000
0.59,2026-07-03T18:19:38.315000
0.592,2026-07-03T18:19:38.317000
0.594,2026-07-03T18:19:38.319000
0.596,2026-07-03T18:19:38.321000
0.598,2026-07-03T18:19:38.323000
0.6,2026-07-03T18:19:38.325000
0.602,2026-07-03T18:19:38.327000
0.604,2026-07-03T18:19:38.329000
0.606,2026-07-03T18:19:38.331000
0.608,2026-07-03T18:19:38.333000
0.61,2026-07-03T18:19:38.335000
0.612,2026-07-03T18:19:38.337000
0.614,2026-07-03T18:19:38.339000
0.616,2026-07-03T18:19:38.341000
0.618,2026-07-03T18:19:38.343000
0.62,2026-07-03T18:19:38.345000
0.622,2026-07-03T18:19:38.347000
0.624,2026-07-03T18:19:38.349000
0.626,2026-07-03T18:19:38.351000
0.628,2026-07-03T18:19:38.353000
0.63,2026-07-03T18:19:38.355000
0.632,2026-07-03T18:19:38.357000
0.634,2026-07-03T18:19:38.359000
0.636,2026-07-03T18:19:38.361000
0.638,2026-07-03T18:19:38.363000
0.64,2026-07-03T18:19:38.365000
0.642,2026-07-03T18:19:38.367000
0.644,2026-07-03T18:19:38.369000
0.646,2026-07-03T18:19:38.371000
0.648,2026-07-03T18:19:38.373000
0.65,2026-07-03T18:19:38.375000
0.652,2026-07-03T18:19:38.377000
0.654,2026-07-03T18:19:38.379000
0.656,2026-07-03T18:19:38.381000
0.658,2026-07-03T18:19:38.383000
0.66,2026-07-03T18:19:38.385000
0.662,2026-07-03T18:19:38.387000
0.664,2026-07-03T18:19:38.389000
0.666,2026-07-03T18:19:38.391000
0.668,2026-07-03T18:19:38.393000
0.67,2026-07-03T18:19:38.395000
0.672,2026-07-03T18:19:38.397000
0.674,2026-07-03T18:19:38.399000
0.676,2026-07-03T18:19:38.401000
0.678,2026-07-03T18:19:38.403000
0.68,2026-07-03T18:19:38.405000
0.682,2026-07-03T18:19:38.407000
0.684,2026-07-03T18:19:38.409000
0.686,2026-07-03T18:19:38.411000
0.688,2026-07-03T18:19:38.413000
0.69,2026-07-03T18:19:38.415000
0.692,2026-07-03T18:19:38.417000
0.694,2026-07-03T18:19:38.419000
0.696,2026-07-03T18:19:38.421000
0.698,2026-07-03T18:19:38.423000
0.7,2026-07-03T18:19:38.425000
0.702,2026-07-03T18:19:38.427000
0.704,2026-07-03T18:19:38.429000
0.706,2026-07-03T18:19:38.431000
0.708,2026-07-03T18:19:38.433000
0.71,2026-07-03T18:19:38.435000
0.712,2026-07-03T18:19:38.437000
0.714,2026-07-03T18:19:38.439000
0.716,2026-07-03T18:19:38.441000
0.718,2026-07-03T18:19:38.443000
0.72,2026-07-03T18:19:38.445000
0.722,2026-07-03T18:19:38.447000
0.724,2026-07-03T18:19:38.449000
0.726,2026-07-03T18:19:38.451000
0.728,2026-07-03T18:19:38.453000
0.73,2026-07-03T18:19:38.455000
0.732,2026-07-03T18:19:38.457000
0.734,2026-07-03T18:19:38.459000
0.736,2026-07-03T18:19:38.461000
0.738,2026-07-03T18:19:38.463000
0.74,2026-07-03T18:19:38.465000
0.742,2026-07-03T18:19:38.467000
0.744,2026-07-03T18:19:38.469000
0.746,2026-07-03T18:19:38.471000
0.748,2026-07-03T18:19:38.473000
0.75,2026-07-03T18:19:38.475000
0.752,2026-07-03T18:19:38.477000
0.754,2026-07-03T18:19:38.479000
0.756,2026-07-03T18:19:38.481000
0.758,2026-07-03T18:19:38.483000
0.76,2026-07-03T18:19:38.485000
0.762,2026-07-03T18:19:38.487000
0.764,2026-07-03T18:19:38.489000
0.766,2026-07-03T18:19:38.491000
0.768,2026-07-03T18:19:38.493000
0.77,2026-07-03T18:19:38.495000
0.772,2026-07-03T18:19:38.497000
0.774,2026-07-03T18:19:38.499000
0.776,2026-07-03T18:19:38.501000
0.778,2026-07-03T18:19:38.503000
0.78,2026-07-03T18:19:38.505000
0.782,2026-07-03T18:19:38.507000
0.784,2026-07-03T18:19:38.509000
0.786,2026-07-03T18:19:38.511000
0.788,2026-07-03T18:19:38.513000
0.79,2026-07-03T18:19:38.515000
0.792,2026-07-03T18:19:38.517000
0.794,2026-07-03T18:19:38.519000
0.796,2026-07-03T18:19:38.521000
0.798,2026-07-03T18:19:38.523000
0.8,2026-07-03T18:19:38.525000
0.802,2026-07-03T18:19:38.527000
0.804,2026-07-03T18:19:38.529000
0.806,2026-07-03T18:19:38.531000
0.808,2026-07-03T18:19:38.533000
0.81,2026-07-03T18:19:38.535000
0.812,2026-07-03T18:19:38.537000
0.814,2026-07-03T18:19:38.539000
0.816,2026-07-03T18:19:38.541000
0.818,2026-07-03T18:19:38.543000
0.82,2026-07-03T18:19:38.545000
0.822,2026-07-03T18:19:38.547000
0.824,2026-07-03T18:19:38.549000
0.826,2026-07-03T18:19:38.551000
0.828,2026-07-03T18:19:38.553000
0.83,2026-07-03T18:19:38.555000
0.832,2026-07-03T18:19:38.557000
0.834,2026-07-03T18:19:38.559000
0.836,2026-07-03T18:19:38.561000
0.838,2026-07-03T18:19:38.563000
0.84,2026-07-03T18:19:38.565000
0.842,2026-07-03T18:19:38.567000
0.844,2026-07-03T18:19:38.569000
0.846,2026-07-03T18:19:38.571000
0.848,2026-07-03T18:19:38.573000
0.85,2026-07-03T18:19:38.575000
0.852,2026-07-03T18:19:38.577000
0.854,2026-07-03T18:19:38.579000
0.856,2026-07-03T18:19:38.581000
0.858,2026-07-03T18:19:38.583000
0.86,2026-07-03T18:19:38.585000
0.862,2026-07-03T18:19:38.587000
0.864,2026-07-03T18:19:38.589000
0.866,2026-07-03T18:19:38.591000
0.868,2026-07-03T18:19:38.593000
0.87,2026-07-03T18:19:38.595000
0.872,2026-07-03T18:19:38.597000
0.874,2026-07-03T18:19:38.599000
0.876,2026-07-03T18:19:38.601000
0.878,2026-07-03T18:19:38.603000
0.88,2026-07-03T18:19:38.605000
0.882,2026-07-03T18:19:38.607000
0.884,2026-07-03T18:19:38.609000
0.886,2026-07-03T18:19:38.611000
0.888,2026-07-03T18:19:38.613000
0.89,2026-07-03T18:19:38.615000
0.892,2026-07-03T18:19:38.617000
0.894,2026-07-03T18:19:38.619000
0.896,2026-07-03T18:19:38.621000
0.898,2026-07-03T18:19:38.623000
0.9,2026-07-03T18:19:38.625000
0.902,2026-07-03T18:19:38.627000
0.904,2026-07-03T18:19:38.629000
0.906,2026-07-03T18:19:38.631000
0.908,2026-07-03T18:19:38.633000
0.91,2026-07-03T18:19:38.635000
0.912,2026-07-03T18:19:38.637000
0.914,2026-07-03T18:19:38.639000
0.916,2026-07-03T18:19:38.641000
0.918,2026-07-03T18:19:38.643000
0.92,2026-07-03T18:19:38.645000
0.922,2026-07-03T18:19:38.647000
0.924,2026-07-03T18:19:38.649000
0.926,2026-07-03T18:19:38.651000
0.928,2026-07-03T18:19:38.653000
0.93,2026-07-03T18:19:38.655000
0.932,2026-07-03T18:19:38.657000
0.934,2026-07-03T18:19:38.659000
0.936,2026-07-03T18:19:38.661000
0.938,2026-07-03T18:19:38.663000
0.94,2026-07-03T18:19:38.665000
0.942,2026-07-03T18:19:38.667000
0.944,2026-07-03T18:19:38.669000
0.946,2026-07-03T18:19:38.671000
0.948,2026-07-03T18:19:38.673000
0.95,2026-07-03T18:19:38.675000
0.952,2026-07-03T18:19:38.677000
0.954,2026-07-03T18:19:38.679000
0.956,2026-07-03T18:19:38.681000
0.958,2026-07-03T18:19:38.683000
0.96,2026-07-03T18:19:38.685000
0.962,2026-07-03T18:19:38.687000
0.964,2026-07-03T18:19:38.689000
0.966,2026-07-03T18:19:38.691000
0.968,2026-07-03T18:19:38.693000
0.97,2026-07-03T18:19:38.695000
0.972,2026-07-03T18:19:38.697000
0.974,2026-07-03T18:19:38.699000
0.976,2026-07-03T18:19:38.701000
0.978,2026-07-03T18:19:38.703000
0.98,2026-07-03T18:19:38.705000
0.982,2026-07-03T18:19:38.707000
0.984,2026-07-03T18:19:38.709000
0.986,2026-07-03T18:19:38.711000
0.988,2026-07-03T18:19:38.713000
0.99,2026-07-03T18:19:38.715000
0.992,2026-07-03T18:19:38.717000
0.994,2026-07-03T18:19:38.719000
0.996,2026-07-03T18:19:38.721000
0.998,2026-07-03T18:19:38.723000
1,2026-07-03T18:19:38.725000
1.002,2026-07-03T18:19:38.727000
1.004,2026-07-03T18:19:38.729000
1.006,2026-07-03T18:19:38.731000
1.008,2026-07-03T18:19:38.733000
1.01,2026-07-03T18:19:38.735000
1.012,2026-07-03T18:19:38.737000
1.014,2026-07-03T18:19:38.739000
1.016,2026-07-03T18:19:38.741000
1.018,2026-07-03T18:19:38.743000
1.02,2026-07-03T18:19:38.745000
1.022,2026-07-03T18:19:38.747000
1.024,2026-07-03T18:19:38.749000
1.026,2026-07-03T18:19:38.751000
1.028,2026-07-03T18:19:38.753000
1.03,2026-07-03T18:19:38.755000
1.032,2026-07-03T18:19:38.757000
1.034,2026-07-03T18:19:38.759000
1.036,2026-07-03T18:19:38.761000
1.038,2026-07-03T18:19:38.763000
1.04,2026-07-03T18:19:38.765000
1.042,2026-07-03T18:19:38.767000
1.044,2026-07-03T18:19:38.769000
1.046,2026-07-03T18:19:38.771000
1.048,2026-07-03T18:19:38.773000
1.05,2026-07-03T18:19:38.775000
1.052,2026-07-03T18:19:38.777000
1.054,2026-07-03T18:19:38.779000
1.056,2026-07-03T18:19:38.781000
1.058,2026-07-03T18:19:38.783000
1.06,2026-07-03T18:19:38.785000
1.062,2026-07-03T18:19:38.787000
1.064,2026-07-03T18:19:38.789000
1.066,2026-07-03T18:19:38.791000
1.068,2026-07-03T18:19:38.793000
1.07,2026-07-03T18:19:38.795000
1.072,2026-07-03T18:19:38.797000
1.074,2026-07-03T18:19:38.799000
1.076,2026-07-03T18:19:38.801000
1.078,2026-07-03T18:19:38.803000
1.08,2026-07-03T18:19:38.805000
1.082,2026-07-03T18:19:38.807000
1.084,2026-07-03T18:19:38.809000
1.086,2026-07-03T18:19:38.811000
1.088,2026-07-03T18:19:38.813000
1.09,2026-07-03T18:19:38.815000
1.092,2026-07-03T18:19:38.817000
1.094,2026-07-03T18:19:38.819000
1.096,2026-07-03T18:19:38.821000
1.098,2026-07-03T18:19:38.823000
1.1,2026-07-03T18:19:38.825000
1.102,2026-07-03T18:19:38.827000
1.104,2026-07-03T18:19:38.829000
1.106,2026-07-03T18:19:38.831000
1.108,2026-07-03T18:19:38.833000
1.11,2026-07-03T18:19:38.835000
1.112,2026-07-03T18:19:38.837000
1.114,2026-07-03T18:19:38.839000
1.116,2026-07-03T18:19:38.841000
1.118,2026-07-03T18:19:38.843000
1.12,2026-07-03T18:19:38.845000
1.122,2026-07-03T18:19:38.847000
1.124,2026-07-03T18:19:38.849000
1.126,2026-07-03T18:19:38.851000
1.128,2026-07-03T18:19:38.853000
1.13,2026-07-03T18:19:38.855000
1.132,2026-07-03T18:19:38.857000
1.134,2026-07-03T18:19:38.859000
1.136,2026-07-03T18:19:38.861000
1.138,2026-07-03T18:19:38.863000
1.14,2026-07-03T18:19:38.865000
1.142,2026-07-03T18:19:38.867000
1.144,2026-07-03T18:19:38.869000
1.146,2026-07-03T18:19:38.871000
1.148,2026-07-03T18:19:38.873000
1.15,2026-07-03T18:19:38.875000
1.152,2026-07-03T18:19:38.877000
1.154,2026-07-03T18:19:38.879000
1.156,2026-07-03T18:19:38.881000
1.158,2026-07-03T18:19:38.883000
1.16,2026-07-03T18:19:38.885000
1.162,2026-07-03T18:19:38.887000
1.164,2026-07-03T18:19:38.889000
1.166,2026-07-03T18:19:38.891000
1.168,2026-07-03T18:19:38.893000
1.17,2026-07-03T18:19:38.895000
1.172,2026-07-03T18:19:38.897000
1.174,2026-07-03T18:19:38.899000
1.176,2026-07-03T18:19:38.901000
1.178,2026-07-03T18:19:38.903000
1.18,2026-07-03T18:19:38.905000
1.182,2026-07-03T18:19:38.907000
1.184,2026-07-03T18:19:38.909000
1.186,2026-07-03T18:19:38.911000
1.188,2026-07-03T18:19:38.913000
1.19,2026-07-03T18:19:38.915000
1.192,2026-07-03T18:19:38.917000
1.194,2026-07-03T18:19:38.919000
1.196,2026-07-03T18:19:38.921000
1.198,2026-07-03T18:19:38.923000
1.2,2026-07-03T18:19:38.925000
1.202,2026-07-03T18:19:38.927000
1.204,2026-07-03T18:19:38.929000
1.206,2026-07-03T18:19:38.931000
1.208,2026-07-03T18:19:38.933000
1.21,2026-07-03T18:19:38.935000
1.212,2026-07-03T18:19:38.937000
1.214,2026-07-03T18:19:38.939000
1.216,2026-07-03T18:19:38.941000
1.218,2026-07-03T18:19:38.943000
1.22,2026-07-03T18:19:38.945000
1.222,2026-07-03T18:19:38.947000
1.224,2026-07-03T18:19:38.949000
1.226,2026-07-03T18:19:38.951000
1.228,2026-07-03T18:19:38.953000
1.23,2026-07-03T18:19:38.955000
1.232,2026-07-03T18:19:38.957000
1.234,2026-07-03T18:19:38.959000
1.236,2026-07-03T18:19:38.961000
1.238,2026-07-03T18:19:38.963000
1.24,2026-07-03T18:19:38.965000
1.242,2026-07-03T18:19:38.967000
1.244,2026-07-03T18:19:38.969000
1.246,2026-07-03T18:19:38.971000
1.248,2026-07-03T18:19:38.973000
1.25,2026-07-03T18:19:38.975000
1.252,2026-07-03T18:19:38.977000
1.254,2026-07-03T18:19:38.979000
1.256,2026-07-03T18:19:38.981000
1.258,2026-07-03T18:19:38.983000
1.26,2026-07-03T18:19:38.985000
1.262,2026-07-03T18:19:38.987000
1.264,2026-07-03T18:19:38.989000
1.266,2026-07-03T18:19:38.991000
1.268,2026-07-03T18:19:38.993000
1.27,2026-07-03T18:19:38.995000
1.272,2026-07-03T18:19:38.997000
1.274,2026-07-03T18:19:38.999000
1.276,2026-07-03T18:19:39.001000
1.278,2026-07-03T18:19:39.003000
1.28,2026-07-03T18:19:39.005000
1.282,2026-07-03T18:19:39.007000
1.284,2026-07-03T18:19:39.009000
1.286,2026-07-03T18:19:39.011000
1.288,2026-07-03T18:19:39.013000
1.29,2026-07-03T18:19:39.015000
1.292,2026-07-03T18:19:39.017000
1.294,2026-07-03T18:19:39.019000
1.296,2026-07-03T18:19:39.021000
1.298,2026-07-03T18:19:39.023000
1.3,2026-07-03T18:19:39.025000
1.302,2026-07-03T18:19:39.027000
1.304,2026-07-03T18:19:39.029000
1.306,2026-07-03T18:19:39.031000
1.308,2026-07-03T18:19:39.033000
1.31,2026-07-03T18:19:39.035000
1.312,2026-07-03T18:19:39.037000
1.314,2026-07-03T18:19:39.039000
1.316,2026-07-03T18:19:39.041000
1.318,2026-07-03T18:19:39.043000
1.32,2026-07-03T18:19:39.045000
1.322,2026-07-03T18:19:39.047000
1.324,2026-07-03T18:19:39.049000
1.326,2026-07-03T18:19:39.051000
1.328,2026-07-03T18:19:39.053000
1.33,2026-07-03T18:19:39.055000
1.332,2026-07-03T18:19:39.057000
1.334,2026-07-03T18:19:39.059000
1.336,2026-07-03T18:19:39.061000
1.338,2026-07-03T18:19:39.063000
1.34,2026-07-03T18:19:39.065000
1.342,2026-07-03T18:19:39.067000
1.344,2026-07-03T18:19:39.069000
1.346,2026-07-03T18:19:39.071000
1.348,2026-07-03T18:19:39.073000
1.35,2026-07-03T18:19:39.075000
1.352,2026-07-03T18:19:39.077000
1.354,2026-07-03T18:19:39.079000
1.356,2026-07-03T18:19:39.081000
1.358,2026-07-03T18:19:39.083000
1.36,2026-07-03T18:19:39.085000
1.362,2026-07-03T18:19:39.087000
1.364,2026-07-03T18:19:39.089000
1.366,2026-07-03T18:19:39.091000
1.368,2026-07-03T18:19:39.093000
1.37,2026-07-03T18:19:39.095000
1.372,2026-07-03T18:19:39.097000
1.374,2026-07-03T18:19:39.099000
1.376,2026-07-03T18:19:39.101000
1.378,2026-07-03T18:19:39.103000
1.38,2026-07-03T18:19:39.105000
1.382,2026-07-03T18:19:39.107000
1.384,2026-07-03T18:19:39.109000
1.386,2026-07-03T18:19:39.111000
1.388,2026-07-03T18:19:39.113000
1.39,2026-07-03T18:19:39.115000
1.392,2026-07-03T18:19:39.117000
1.394,2026-07-03T18:19:39.119000
1.396,2026-07-03T18:19:39.121000
1.398,2026-07-03T18:19:39.123000
1.4,2026-07-03T18:19:39.125000
1.402,2026-07-03T18:19:39.127000
1.404,2026-07-03T18:19:39.129000
1.406,2026-07-03T18:19:39.131000
1.408,2026-07-03T18:19:39.133000
1.41,2026-07-03T18:19:39.135000
1.412,2026-07-03T18:19:39.137000
1.414,2026-07-03T18:19:39.139000
1.416,2026-07-03T18:19:39.141000
1.418,2026-07-03T18:19:39.143000
1.42,2026-07-03T18:19:39.145000
1.422,2026-07-03T18:19:39.147000
1.424,2026-07-03T18:19:39.149000
1.426,2026-07-03T18:19:39.151000
1.428,2026-07-03T18:19:39.153000
1.43,2026-07-03T18:19:39.155000
1.432,2026-07-03T18:19:39.157000
1.434,2026-07-03T18:19:39.159000
1.436,2026-07-03T18:19:39.161000
1.438,2026-07-03T18:19:39.163000
1.44,2026-07-03T18:19:39.165000
1.442,2026-07-03T18:19:39.167000
1.444,2026-07-03T18:19:39.169000
1.446,2026-07-03T18:19:39.171000
1.448,2026-07-03T18:19:39.173000
1.45,2026-07-03T18:19:39.175000
1.452,2026-07-03T18:19:39.177000
1.454,2026-07-03T18:19:39.179000
1.456,2026-07-03T18:19:39.181000
1.458,2026-07-03T18:19:39.183000
1.46,2026-07-03T18:19:39.185000
1.462,2026-07-03T18:19:39.187000
1.464,2026-07-03T18:19:39.189000
1.466,2026-07-03T18:19:39.191000
1.468,2026-07-03T18:19:39.193000
1.47,2026-07-03T18:19:39.195000
1.472,2026-07-03T18:19:39.197000
1.474,2026-07-03T18:19:39.199000
1.476,2026-07-03T18:19:39.201000
1.478,2026-07-03T18:19:39.203000
1.48,2026-07-03T18:19:39.205000
1.482,2026-07-03T18:19:39.207000
1.484,2026-07-03T18:19:39.209000
1.486,2026-07-03T18:19:39.211000
1.488,2026-07-03T18:19:39.213000
1.49,2026-07-03T18:19:39.215000
1.492,2026-07-03T18:19:39.217000
1.494,2026-07-03T18:19:39.219000
1.496,2026-07-03T18:19:39.221000
1.498,2026-07-03T18:19:39.223000
1.5,2026-07-03T18:19:39.225000
1.502,2026-07-03T18:19:39.227000
1.504,2026-07-03T18:19:39.229000
1.506,2026-07-03T18:19:39.231000
1.508,2026-07-03T18:19:39.233000
1.51,2026-07-03T18:19:39.235000
1.512,2026-07-03T18:19:39.237000
1.514,2026-07-03T18:19:39.239000
1.516,2026-07-03T18:19:39.241000
1.518,2026-07-03T18:19:39.243000
1.52,2026-07-03T18:19:39.245000
1.522,2026-07-03T18:19:39.247000
1.524,2026-07-03T18:19:39.249000
1.526,2026-07-03T18:19:39.251000
1.528,2026-07-03T18:19:39.253000
1.53,2026-07-03T18:19:39.255000
1.532,2026-07-03T18:19:39.257000
1.534,2026-07-03T18:19:39.259000
1.536,2026-07-03T18:19:39.261000
1.538,2026-07-03T18:19:39.263000
1.54,2026-07-03T18:19:39.265000
1.542,2026-07-03T18:19:39.267000
1.544,2026-07-03T18:19:39.269000
1.546,2026-07-03T18:19:39.271000
1.548,2026-07-03T18:19:39.273000
1.55,2026-07-03T18:19:39.275000
1.552,2026-07-03T18:19:39.277000
1.554,2026-07-03T18:19:39.279000
1.556,2026-07-03T18:19:39.281000
1.558,2026-07-03T18:19:39.283000
1.56,2026-07-03T18:19:39.285000
1.562,2026-07-03T18:19:39.287000
1.564,2026-07-03T18:19:39.289000
1.566,2026-07-03T18:19:39.291000
1.568,2026-07-03T18:19:39.293000
1.57,2026-07-03T18:19:39.295000
1.572,2026-07-03T18:19:39.297000
1.574,2026-07-03T18:19:39.299000
1.576,2026-07-03T18:19:39.301000
1.578,2026-07-03T18:19:39.303000
1.58,2026-07-03T18:19:39.305000
1.582,2026-07-03T18:19:39.307000
1.584,2026-07-03T18:19:39.309000
1.586,2026-07-03T18:19:39.311000
1.588,2026-07-03T18:19:39.313000
1.59,2026-07-03T18:19:39.315000
1.592,2026-07-03T18:19:39.317000
1.594,2026-07-03T18:19:39.319000
1.596,2026-07-03T18:19:39.321000
1.598,2026-07-03T18:19:39.323000
1.6,2026-07-03T18:19:39.325000
1.602,2026-07-03T18:19:39.327000
1.604,2026-07-03T18:19:39.329000
1.606,2026-07-03T18:19:39.331000
1.608,2026-07-03T18:19:39.333000
1.61,2026-07-03T18:19:39.335000
1.612,2026-07-03T18:19:39.337000
1.614,2026-07-03T18:19:39.339000
1.616,2026-07-03T18:19:39.341000
1.618,2026-07-03T18:19:39.343000
1.62,2026-07-03T18:19:39.345000
1.622,2026-07-03T18:19:39.347000
1.624,2026-07-03T18:19:39.349000
1.626,2026-07-03T18:19:39.351000
1.628,2026-07-03T18:19:39.353000
1.63,2026-07-03T18:19:39.355000
1.632,2026-07-03T18:19:39.357000
1.634,2026-07-03T18:19:39.359000
1.636,2026-07-03T18:19:39.361000
1.638,2026-07-03T18:19:39.363000
1.64,2026-07-03T18:19:39.365000
1.642,2026-07-03T18:19:39.367000
1.644,2026-07-03T18:19:39.369000
1.646,2026-07-03T18:19:39.371000
1.648,2026-07-03T18:19:39.373000
1.65,2026-07-03T18:19:39.375000
1.652,2026-07-03T18:19:39.377000
1.654,2026-07-03T18:19:39.379000
1.656,2026-07-03T18:19:39.381000
1.658,2026-07-03T18:19:39.383000
1.66,2026-07-03T18:19:39.385000
1.662,2026-07-03T18:19:39.387000
1.664,2026-07-03T18:19:39.389000
1.666,2026-07-03T18:19:39.391000
1.668,2026-07-03T18:19:39.393000
1.67,2026-07-03T18:19:39.395000
1.672,2026-07-03T18:19:39.397000
1.674,2026-07-03T18:19:39.399000
1.676,2026-07-03T18:19:39.401000
1.678,2026-07-03T18:19:39.403000
1.68,2026-07-03T18:19:39.405000
1.682,2026-07-03T18:19:39.407000
1.684,2026-07-03T18:19:39.409000
1.686,2026-07-03T18:19:39.411000
1.688,2026-07-03T18:19:39.413000
1.69,2026-07-03T18:19:39.415000
1.692,2026-07-03T18:19:39.417000
1.694,2026-07-03T18:19:39.419000
1.696,2026-07-03T18:19:39.421000
1.698,2026-07-03T18:19:39.423000
1.7,2026-07-03T18:19:39.425000
1.702,2026-07-03T18:19:39.427000
1.704,2026-07-03T18:19:39.429000
1.706,2026-07-03T18:19:39.431000
1.708,2026-07-03T18:19:39.433000
1.71,2026-07-03T18:19:39.435000
1.712,2026-07-03T18:19:39.437000
1.714,2026-07-03T18:19:39.439000
1.716,2026-07-03T18:19:39.441000
1.718,2026-07-03T18:19:39.443000
1.72,2026-07-03T18:19:39.445000
1.722,2026-07-03T18:19:39.447000
1.724,2026-07-03T18:19:39.449000
1.726,2026-07-03T18:19:39.451000
1.728,2026-07-03T18:19:39.453000
1.73,2026-07-03T18:19:39.455000
1.732,2026-07-03T18:19:39.457000
1.734,2026-07-03T18:19:39.459000
1.736,2026-07-03T18:19:39.461000
1.738,2026-07-03T18:19:39.463000
1.74,2026-07-03T18:19:39.465000
1.742,2026-07-03T18:19:39.467000
1.744,2026-07-03T18:19:39.469000
1.746,2026-07-03T18:19:39.471000
1.748,2026-07-03T18:19:39.473000
1.75,2026-07-03T18:19:39.475000
1.752,2026-07-03T18:19:39.477000
1.754,2026-07-03T18:19:39.479000
1.756,2026-07-03T18:19:39.481000
1.758,2026-07-03T18:19:39.483000
1.76,2026-07-03T18:19:39.485000
1.762,2026-07-03T18:19:39.487000
1.764,2026-07-03T18:19:39.489000
1.766,2026-07-03T18:19:39.491000
1.768,2026-07-03T18:19:39.493000
1.77,2026-07-03T18:19:39.495000
1.772,2026-07-03T18:19:39.497000
1.774,2026-07-03T18:19:39.499000
1.776,2026-07-03T18:19:39.501000
1.778,2026-07-03T18:19:39.503000
1.78,2026-07-03T18:19:39.505000
1.782,2026-07-03T18:19:39.507000
1.784,2026-07-03T18:19:39.509000
1.786,2026-07-03T18:19:39.511000
1.788,2026-07-03T18:19:39.513000
1.79,2026-07-03T18:19:39.515000
1.792,2026-07-03T18:19:39.517000
1.794,2026-07-03T18:19:39.519000
1.796,2026-07-03T18:19:39.521000
1.798,2026-07-03T18:19:39.523000
1.8,2026-07-03T18:19:39.525000
1.802,2026-07-03T18:19:39.527000
1.804,2026-07-03T18:19:39.529000
1.806,2026-07-03T18:19:39.531000
1.808,2026-07-03T18:19:39.533000
1.81,2026-07-03T18:19:39.535000
1.812,2026-07-03T18:19:39.537000
1.814,2026-07-03T18:19:39.539000
1.816,2026-07-03T18:19:39.541000
1.818,2026-07-03T18:19:39.543000
1.82,2026-07-03T18:19:39.545000
1.822,2026-07-03T18:19:39.547000
1.824,2026-07-03T18:19:39.549000
1.826,2026-07-03T18:19:39.551000
1.828,2026-07-03T18:19:39.553000
1.83,2026-07-03T18:19:39.555000
1.832,2026-07-03T18:19:39.557000
1.834,2026-07-03T18:19:39.559000
1.836,2026-07-03T18:19:39.561000
1.838,2026-07-03T18:19:39.563000
1.84,2026-07-03T18:19:39.565000
1.842,2026-07-03T18:19:39.567000
1.844,2026-07-03T18:19:39.569000
1.846,2026-07-03T18:19:39.571000
1.848,2026-07-03T18:19:39.573000
1.85,2026-07-03T18:19:39.575000
1.852,2026-07-03T18:19:39.577000
1.854,2026-07-03T18:19:39.579000
1.856,2026-07-03T18:19:39.581000
1.858,2026-07-03T18:19:39.583000
1.86,2026-07-03T18:19:39.585000
1.862,2026-07-03T18:19:39.587000
1.864,2026-07-03T18:19:39.589000
1.866,2026-07-03T18:19:39.591000
1.868,2026-07-03T18:19:39.593000
1.87,2026-07-03T18:19:39.595000
1.872,2026-07-03T18:19:39.597000
1.874,2026-07-03T18:19:39.599000
1.876,2026-07-03T18:19:39.601000
1.878,2026-07-03T18:19:39.603000
1.88,2026-07-03T18:19:39.605000
1.882,2026-07-03T18:19:39.607000
1.884,2026-07-03T18:19:39.609000
1.886,2026-07-03T18:19:39.611000
1.888,2026-07-03T18:19:39.613000
1.89,2026-07-03T18:19:39.615000
1.892,2026-07-03T18:19:39.617000
1.894,2026-07-03T18:19:39.619000
1.896,2026-07-03T18:19:39.621000
1.898,2026-07-03T18:19:39.623000
1.9,2026-07-03T18:19:39.625000
1.902,2026-07-03T18:19:39.627000
1.904,2026-07-03T18:19:39.629000
1.906,2026-07-03T18:19:39.631000
1.908,2026-07-03T18:19:39.633000
1.91,2026-07-03T18:19:39.635000
1.912,2026-07-03T18:19:39.637000
1.914,2026-07-03T18:19:39.639000
1.916,2026-07-03T18:19:39.641000
1.918,2026-07-03T18:19:39.643000
1.92,2026-07-03T18:19:39.645000
1.922,2026-07-03T18:19:39.647000
1.924,2026-07-03T18:19:39.649000
1.926,2026-07-03T18:19:39.651000
1.928,2026-07-03T18:19:39.653000
1.93,2026-07-03T18:19:39.655000
1.932,2026-07-03T18:19:39.657000
1.934,2026-07-03T18:19:39.659000
1.936,2026-07-03T18:19:39.661000
1.938,2026-07-03T18:19:39.663000
1.94,2026-07-03T18:19:39.665000
1.942,2026-07-03T18:19:39.667000
1.944,2026-07-03T18:19:39.669000
1.946,2026-07-03T18:19:39.671000
1.948,2026-07-03T18:19:39.673000
1.95,2026-07-03T18:19:39.675000
1.952,2026-07-03T18:19:39.677000
1.954,2026-07-03T18:19:39.679000
1.956,2026-07-03T18:19:39.681000
1.958,2026-07-03T18:19:39.683000
1.96,2026-07-03T18:19:39.685000
1.962,2026-07-03T18:19:39.687000
1.964,2026-07-03T18:19:39.689000
1.966,2026-07-03T18:19:39.691000
1.968,2026-07-03T18:19:39.693000
1.97,2026-07-03T18:19:39.695000
1.972,2026-07-03T18:19:39.697000
1.974,2026-07-03T18:19:39.699000
1.976,2026-07-03T18:19:39.701000
1.978,2026-07-03T18:19:39.703000
1.98,2026-07-03T18:19:39.705000
1.982,2026-07-03T18:19:39.707000
1.984,2026-07-03T18:19:39.709000
1.986,2026-07-03T18:19:39.711000
1.988,2026-07-03T18:19:39.713000
1.99,2026-07-03T18:19:39.715000
1.992,2026-07-03T18:19:39.717000
1.994,2026-07-03T18:19:39.719000
1.996,2026-07-03T18:19:39.721000
1.998,2026-07-03T18:19:39.723000
2,2026-07-03T18:19:39.725000
2.002,2026-07-03T18:19:39.727000
2.004,2026-07-03T18:19:39.729000
2.006,2026-07-03T18:19:39.731000
2.008,2026-07-03T18:19:39.733000
2.01,2026-07-03T18:19:39.735000
2.012,2026-07-03T18:19:39.737000
2.014,2026-07-03T18:19:39.739000
2.016,2026-07-03T18:19:39.741000
2.018,2026-07-03T18:19:39.743000
2.02,2026-07-03T18:19:39.745000
2.022,2026-07-03T18:19:39.747000
2.024,2026-07-03T18:19:39.749000
2.026,2026-07-03T18:19:39.751000
2.028,2026-07-03T18:19:39.753000
2.03,2026-07-03T18:19:39.755000
2.032,2026-07-03T18:19:39.757000
2.034,2026-07-03T18:19:39.759000
2.036,2026-07-03T18:19:39.761000
2.038,2026-07-03T18:19:39.763000
2.04,2026-07-03T18:19:39.765000
2.042,2026-07-03T18:19:39.767000
2.044,2026-07-03T18:19:39.769000
2.046,2026-07-03T18:19:39.771000
2.048,2026-07-03T18:19:39.773000
2.05,2026-07-03T18:19:39.775000
2.052,2026-07-03T18:19:39.777000
2.054,2026-07-03T18:19:39.779000
2.056,2026-07-03T18:19:39.781000
2.058,2026-07-03T18:19:39.783000
2.06,2026-07-03T18:19:39.785000
2.062,2026-07-03T18:19:39.787000
2.064,2026-07-03T18:19:39.789000
2.066,2026-07-03T18:19:39.791000
2.068,2026-07-03T18:19:39.793000
2.07,2026-07-03T18:19:39.795000
2.072,2026-07-03T18:19:39.797000
2.074,2026-07-03T18:19:39.799000
2.076,2026-07-03T18:19:39.801000
2.078,2026-07-03T18:19:39.803000
2.08,2026-07-03T18:19:39.805000
2.082,2026-07-03T18:19:39.807000
2.084,2026-07-03T18:19:39.809000
2.086,2026-07-03T18:19:39.811000
2.088,2026-07-03T18:19:39.813000
2.09,2026-07-03T18:19:39.815000
2.092,2026-07-03T18:19:39.817000
2.094,2026-07-03T18:19:39.819000
2.096,2026-07-03T18:19:39.821000
2.098,2026-07-03T18:19:39.823000
2.1,2026-07-03T18:19:39.825000
2.102,2026-07-03T18:19:39.827000
2.104,2026-07-03T18:19:39.829000
2.106,2026-07-03T18:19:39.831000
2.108,2026-07-03T18:19:39.833000
2.11,2026-07-03T18:19:39.835000
2.112,2026-07-03T18:19:39.837000
2.114,2026-07-03T18:19:39.839000
2.116,2026-07-03T18:19:39.841000
2.118,2026-07-03T18:19:39.843000
2.12,2026-07-03T18:19:39.845000
2.122,2026-07-03T18:19:39.847000
2.124,2026-07-03T18:19:39.849000
2.126,2026-07-03T18:19:39.851000
2.128,2026-07-03T18:19:39.853000
2.13,2026-07-03T18:19:39.855000
2.132,2026-07-03T18:19:39.857000
2.134,2026-07-03T18:19:39.859000
2.136,2026-07-03T18:19:39.861000
2.138,2026-07-03T18:19:39.863000
2.14,2026-07-03T18:19:39.865000
2.142,2026-07-03T18:19:39.867000
2.144,2026-07-03T18:19:39.869000
2.146,2026-07-03T18:19:39.871000
2.148,2026-07-03T18:19:39.873000
2.15,2026-07-03T18:19:39.875000
2.152,2026-07-03T18:19:39.877000
2.154,2026-07-03T18:19:39.879000
2.156,2026-07-03T18:19:39.881000
2.158,2026-07-03T18:19:39.883000
2.16,2026-07-03T18:19:39.885000
2.162,2026-07-03T18:19:39.887000
2.164,2026-07-03T18:19:39.889000
2.166,2026-07-03T18:19:39.891000
2.168,2026-07-03T18:19:39.893000
2.17,2026-07-03T18:19:39.895000
2.172,2026-07-03T18:19:39.897000
2.174,2026-07-03T18:19:39.899000
2.176,2026-07-03T18:19:39.901000
2.178,2026-07-03T18:19:39.903000
2.18,2026-07-03T18:19:39.905000
2.182,2026-07-03T18:19:39.907000
2.184,2026-07-03T18:19:39.909000
2.186,2026-07-03T18:19:39.911000
2.188,2026-07-03T18:19:39.913000
2.19,2026-07-03T18:19:39.915000
2.192,2026-07-03T18:19:39.917000
2.194,2026-07-03T18:19:39.919000
2.196,2026-07-03T18:19:39.921000
2.198,2026-07-03T18:19:39.923000
2.2,2026-07-03T18:19:39.925000
2.202,2026-07-03T18:19:39.927000
2.204,2026-07-03T18:19:39.929000
2.206,2026-07-03T18:19:39.931000
2.208,2026-07-03T18:19:39.933000
2.21,2026-07-03T18:19:39.935000
2.212,2026-07-03T18:19:39.937000
2.214,2026-07-03T18:19:39.939000
2.216,2026-07-03T18:19:39.941000
2.218,2026-07-03T18:19:39.943000
2.22,2026-07-03T18:19:39.945000
2.222,2026-07-03T18:19:39.947000
2.224,2026-07-03T18:19:39.949000
2.226,2026-07-03T18:19:39.951000
2.228,2026-07-03T18:19:39.953000
2.23,2026-07-03T18:19:39.955000
2.232,2026-07-03T18:19:39.957000
2.234,2026-07-03T18:19:39.959000
2.236,2026-07-03T18:19:39.961000
2.238,2026-07-03T18:19:39.963000
2.24,2026-07-03T18:19:39.965000
2.242,2026-07-03T18:19:39.967000
2.244,2026-07-03T18:19:39.969000
2.246,2026-07-03T18:19:39.971000
2.248,2026-07-03T18:19:39.973000
2.25,2026-07-03T18:19:39.975000
2.252,2026-07-03T18:19:39.977000
2.254,2026-07-03T18:19:39.979000
2.256,2026-07-03T18:19:39.981000
2.258,2026-07-03T18:19:39.983000
2.26,2026-07-03T18:19:39.985000
2.262,2026-07-03T18:19:39.987000
2.264,2026-07-03T18:19:39.989000
2.266,2026-07-03T18:19:39.991000
2.268,2026-07-03T18:19:39.993000
2.27,2026-07-03T18:19:39.995000
2.272,2026-07-03T18:19:39.997000
2.274,2026-07-03T18:19:39.999000
2.276,2026-07-03T18:19:40.001000
2.278,2026-07-03T18:19:40.003000
2.28,2026-07-03T18:19:40.005000
2.282,2026-07-03T18:19:40.007000
2.284,2026-07-03T18:19:40.009000
2.286,2026-07-03T18:19:40.011000
2.288,2026-07-03T18:19:40.013000
2.29,2026-07-03T18:19:40.015000
2.292,2026-07-03T18:19:40.017000
2.294,2026-07-03T18:19:40.019000
2.296,2026-07-03T18:19:40.021000
2.298,2026-07-03T18:19:40.023000
2.3,2026-07-03T18:19:40.025000
2.302,2026-07-03T18:19:40.027000
2.304,2026-07-03T18:19:40.029000
2.306,2026-07-03T18:19:40.031000
2.308,2026-07-03T18:19:40.033000
2.31,2026-07-03T18:19:40.035000
2.312,2026-07-03T18:19:40.037000
2.314,2026-07-03T18:19:40.039000
2.316,2026-07-03T18:19:40.041000
2.318,2026-07-03T18:19:40.043000
2.32,2026-07-03T18:19:40.045000
2.322,2026-07-03T18:19:40.047000
2.324,2026-07-03T18:19:40.049000
2.326,2026-07-03T18:19:40.051000
2.328,2026-07-03T18:19:40.053000
2.33,2026-07-03T18:19:40.055000
2.332,2026-07-03T18:19:40.057000
2.334,2026-07-03T18:19:40.059000
2.336,2026-07-03T18:19:40.061000
2.338,2026-07-03T18:19:40.063000
2.34,2026-07-03T18:19:40.065000
2.342,2026-07-03T18:19:40.067000
2.344,2026-07-03T18:19:40.069000
2.346,2026-07-03T18:19:40.071000
2.348,2026-07-03T18:19:40.073000
2.35,2026-07-03T18:19:40.075000
2.352,2026-07-03T18:19:40.077000
2.354,2026-07-03T18:19:40.079000
2.356,2026-07-03T18:19:40.081000
2.358,2026-07-03T18:19:40.083000
2.36,2026-07-03T18:19:40.085000
2.362,2026-07-03T18:19:40.087000
2.364,2026-07-03T18:19:40.089000
2.366,2026-07-03T18:19:40.091000
2.368,2026-07-03T18:19:40.093000
2.37,2026-07-03T18:19:40.095000
2.372,2026-07-03T18:19:40.097000
2.374,2026-07-03T18:19:40.099000
2.376,2026-07-03T18:19:40.101000
2.378,2026-07-03T18:19:40.103000
2.38,2026-07-03T18:19:40.105000
2.382,2026-07-03T18:19:40.107000
2.384,2026-07-03T18:19:40.109000
2.386,2026-07-03T18:19:40.111000
2.388,2026-07-03T18:19:40.113000
2.39,2026-07-03T18:19:40.115000
2.392,2026-07-03T18:19:40.117000
2.394,2026-07-03T18:19:40.119000
2.396,2026-07-03T18:19:40.121000
2.398,2026-07-03T18:19:40.123000
2.4,2026-07-03T18:19:40.125000
2.402,2026-07-03T18:19:40.127000
2.404,2026-07-03T18:19:40.129000
2.406,2026-07-03T18:19:40.131000
2.408,2026-07-03T18:19:40.133000
2.41,2026-07-03T18:19:40.135000
2.412,2026-07-03T18:19:40.137000
2.414,2026-07-03T18:19:40.139000
2.416,2026-07-03T18:19:40.141000
2.418,2026-07-03T18:19:40.143000
2.42,2026-07-03T18:19:40.145000
2.422,2026-07-03T18:19:40.147000
2.424,2026-07-03T18:19:40.149000
2.426,2026-07-03T18:19:40.151000
2.428,2026-07-03T18:19:40.153000
2.43,2026-07-03T18:19:40.155000
2.432,2026-07-03T18:19:40.157000
2.434,2026-07-03T18:19:40.159000
2.436,2026-07-03T18:19:40.161000
2.438,2026-07-03T18:19:40.163000
2.44,2026-07-03T18:19:40.165000
2.442,2026-07-03T18:19:40.167000
2.444,2026-07-03T18:19:40.169000
2.446,2026-07-03T18:19:40.171000
2.448,2026-07-03T18:19:40.173000
2.45,2026-07-03T18:19:40.175000
2.452,2026-07-03T18:19:40.177000
2.454,2026-07-03T18:19:40.179000
2.456,2026-07-03T18:19:40.181000
2.458,2026-07-03T18:19:40.183000
2.46,2026-07-03T18:19:40.185000
2.462,2026-07-03T18:19:40.187000
2.464,2026-07-03T18:19:40.189000
2.466,2026-07-03T18:19:40.191000
2.468,2026-07-03T18:19:40.193000
2.47,2026-07-03T18:19:40.195000
2.472,2026-07-03T18:19:40.197000
2.474,2026-07-03T18:19:40.199000
2.476,2026-07-03T18:19:40.201000
2.478,2026-07-03T18:19:40.203000
2.48,2026-07-03T18:19:40.205000
2.482,2026-07-03T18:19:40.207000
2.484,2026-07-03T18:19:40.209000
2.486,2026-07-03T18:19:40.211000
2.488,2026-07-03T18:19:40.213000
2.49,2026-07-03T18:19:40.215000
2.492,2026-07-03T18:19:40.217000
2.494,2026-07-03T18:19:40.219000
2.496,2026-07-03T18:19:40.221000
2.498,2026-07-03T18:19:40.223000
2.5,2026-07-03T18:19:40.225000
2.502,2026-07-03T18:19:40.227000
2.504,2026-07-03T18:19:40.229000
2.506,2026-07-03T18:19:40.231000
2.508,2026-07-03T18:19:40.233000
2.51,2026-07-03T18:19:40.235000
2.512,2026-07-03T18:19:40.237000
2.514,2026-07-03T18:19:40.239000
2.516,2026-07-03T18:19:40.241000
2.518,2026-07-03T18:19:40.243000
2.52,2026-07-03T18:19:40.245000
2.522,2026-07-03T18:19:40.247000
2.524,2026-07-03T18:19:40.249000
2.526,2026-07-03T18:19:40.251000
2.528,2026-07-03T18:19:40.253000
2.53,2026-07-03T18:19:40.255000
2.532,2026-07-03T18:19:40.257000
2.534,2026-07-03T18:19:40.259000
2.536,2026-07-03T18:19:40.261000
2.538,2026-07-03T18:19:40.263000
2.54,2026-07-03T18:19:40.265000
2.542,2026-07-03T18:19:40.267000
2.544,2026-07-03T18:19:40.269000
2.546,2026-07-03T18:19:40.271000
2.548,2026-07-03T18:19:40.273000
2.55,2026-07-03T18:19:40.275000
2.552,2026-07-03T18:19:40.277000
2.554,2026-07-03T18:19:40.279000
2.556,2026-07-03T18:19:40.281000
2.558,2026-07-03T18:19:40.283000
2.56,2026-07-03T18:19:40.285000
2.562,2026-07-03T18:19:40.287000
2.564,2026-07-03T18:19:40.289000
2.566,2026-07-03T18:19:40.291000
2.568,2026-07-03T18:19:40.293000
2.57,2026-07-03T18:19:40.295000
2.572,2026-07-03T18:19:40.297000
2.574,2026-07-03T18:19:40.299000
2.576,2026-07-03T18:19:40.301000
2.578,2026-07-03T18:19:40.303000
2.58,2026-07-03T18:19:40.305000
2.582,2026-07-03T18:19:40.307000
2.584,2026-07-03T18:19:40.309000
2.586,2026-07-03T18:19:40.311000
2.588,2026-07-03T18:19:40.313000
2.59,2026-07-03T18:19:40.315000
2.592,2026-07-03T18:19:40.317000
2.594,2026-07-03T18:19:40.319000
2.596,2026-07-03T18:19:40.321000
2.598,2026-07-03T18:19:40.323000
2.6,2026-07-03T18:19:40.325000
2.602,2026-07-03T18:19:40.327000
2.604,2026-07-03T18:19:40.329000
2.606,2026-07-03T18:19:40.331000
2.608,2026-07-03T18:19:40.333000
2.61,2026-07-03T18:19:40.335000
2.612,2026-07-03T18:19:40.337000
2.614,2026-07-03T18:19:40.339000
2.616,2026-07-03T18:19:40.341000
2.618,2026-07-03T18:19:40.343000
2.62,2026-07-03T18:19:40.345000
2.622,2026-07-03T18:19:40.347000
2.624,2026-07-03T18:19:40.349000
2.626,2026-07-03T18:19:40.351000
2.628,2026-07-03T18:19:40.353000
2.63,2026-07-03T18:19:40.355000
2.632,2026-07-03T18:19:40.357000
2.634,2026-07-03T18:19:40.359000
2.636,2026-07-03T18:19:40.361000
2.638,2026-07-03T18:19:40.363000
2.64,2026-07-03T18:19:40.365000
2.642,2026-07-03T18:19:40.367000
2.644,2026-07-03T18:19:40.369000
2.646,2026-07-03T18:19:40.371000
2.648,2026-07-03T18:19:40.373000
2.65,2026-07-03T18:19:40.375000
2.652,2026-07-03T18:19:40.377000
2.654,2026-07-03T18:19:40.379000
2.656,2026-07-03T18:19:40.381000
2.658,2026-07-03T18:19:40.383000
2.66,2026-07-03T18:19:40.385000
2.662,2026-07-03T18:19:40.387000
2.664,2026-07-03T18:19:40.389000
2.666,2026-07-03T18:19:40.391000
2.668,2026-07-03T18:19:40.393000
2.67,2026-07-03T18:19:40.395000
2.672,2026-07-03T18:19:40.397000
2.674,2026-07-03T18:19:40.399000
2.676,2026-07-03T18:19:40.401000
2.678,2026-07-03T18:19:40.403000
2.68,2026-07-03T18:19:40.405000
2.682,2026-07-03T18:19:40.407000
2.684,2026-07-03T18:19:40.409000
2.686,2026-07-03T18:19:40.411000
2.688,2026-07-03T18:19:40.413000
2.69,2026-07-03T18:19:40.415000
2.692,2026-07-03T18:19:40.417000
2.694,2026-07-03T18:19:40.419000
2.696,2026-07-03T18:19:40.421000
2.698,2026-07-03T18:19:40.423000
2.7,2026-07-03T18:19:40.425000
2.702,2026-07-03T18:19:40.427000
2.704,2026-07-03T18:19:40.429000
2.706,2026-07-03T18:19:40.431000
2.708,2026-07-03T18:19:40.433000
2.71,2026-07-03T18:19:40.435000
2.712,2026-07-03T18:19:40.437000
2.714,2026-07-03T18:19:40.439000
2.716,2026-07-03T18:19:40.441000
2.718,2026-07-03T18:19:40.443000
2.72,2026-07-03T18:19:40.445000
2.722,2026-07-03T18:19:40.447000
2.724,2026-07-03T18:19:40.449000
2.726,2026-07-03T18:19:40.451000
2.728,2026-07-03T18:19:40.453000
2.73,2026-07-03T18:19:40.455000
2.732,2026-07-03T18:19:40.457000
2.734,2026-07-03T18:19:40.459000
2.736,2026-07-03T18:19:40.461000
2.738,2026-07-03T18:19:40.463000
2.74,2026-07-03T18:19:40.465000
2.742,2026-07-03T18:19:40.467000
2.744,2026-07-03T18:19:40.469000
2.746,2026-07-03T18:19:40.471000
2.748,2026-07-03T18:19:40.473000
2.75,2026-07-03T18:19:40.475000
2.752,2026-07-03T18:19:40.477000
2.754,2026-07-03T18:19:40.479000
2.756,2026-07-03T18:19:40.481000
2.758,2026-07-03T18:19:40.483000
2.76,2026-07-03T18:19:40.485000
2.762,2026-07-03T18:19:40.487000
2.764,2026-07-03T18:19:40.489000
2.766,2026-07-03T18:19:40.491000
2.768,2026-07-03T18:19:40.493000
2.77,2026-07-03T18:19:40.495000
2.772,2026-07-03T18:19:40.497000
2.774,2026-07-03T18:19:40.499000
2.776,2026-07-03T18:19:40.501000
2.778,2026-07-03T18:19:40.503000
2.78,2026-07-03T18:19:40.505000
2.782,2026-07-03T18:19:40.507000
2.784,2026-07-03T18:19:40.509000
2.786,2026-07-03T18:19:40.511000
2.788,2026-07-03T18:19:40.513000
2.79,2026-07-03T18:19:40.515000
2.792,2026-07-03T18:19:40.517000
2.794,2026-07-03T18:19:40.519000
2.796,2026-07-03T18:19:40.521000
2.798,2026-07-03T18:19:40.523000
2.8,2026-07-03T18:19:40.525000
2.802,2026-07-03T18:19:40.527000
2.804,2026-07-03T18:19:40.529000
2.806,2026-07-03T18:19:40.531000
2.808,2026-07-03T18:19:40.533000
2.81,2026-07-03T18:19:40.535000
2.812,2026-07-03T18:19:40.537000
2.814,2026-07-03T18:19:40.539000
2.816,2026-07-03T18:19:40.541000
2.818,2026-07-03T18:19:40.543000
2.82,2026-07-03T18:19:40.545000
2.822,2026-07-03T18:19:40.547000
2.824,2026-07-03T18:19:40.549000
2.826,2026-07-03T18:19:40.551000
2.828,2026-07-03T18:19:40.553000
2.83,2026-07-03T18:19:40.555000
2.832,2026-07-03T18:19:40.557000
2.834,2026-07-03T18:19:40.559000
2.836,2026-07-03T18:19:40.561000
2.838,2026-07-03T18:19:40.563000
2.84,2026-07-03T18:19:40.565000
2.842,2026-07-03T18:19:40.567000
2.844,2026-07-03T18:19:40.569000
2.846,2026-07-03T18:19:40.571000
2.848,2026-07-03T18:19:40.573000
2.85,2026-07-03T18:19:40.575000
2.852,2026-07-03T18:19:40.577000
2.854,2026-07-03T18:19:40.579000
2.856,2026-07-03T18:19:40.581000
2.858,2026-07-03T18:19:40.583000
2.86,2026-07-03T18:19:40.585000
2.862,2026-07-03T18:19:40.587000
2.864,2026-07-03T18:19:40.589000
2.866,2026-07-03T18:19:40.591000
2.868,2026-07-03T18:19:40.593000
2.87,2026-07-03T18:19:40.595000
2.872,2026-07-03T18:19:40.597000
2.874,2026-07-03T18:19:40.599000
2.876,2026-07-03T18:19:40.601000
2.878,2026-07-03T18:19:40.603000
2.88,2026-07-03T18:19:40.605000
2.882,2026-07-03T18:19:40.607000
2.884,2026-07-03T18:19:40.609000
2.886,2026-07-03T18:19:40.611000
2.888,2026-07-03T18:19:40.613000
2.89,2026-07-03T18:19:40.615000
2.892,2026-07-03T18:19:40.617000
2.894,2026-07-03T18:19:40.619000
2.896,2026-07-03T18:19:40.621000
2.898,2026-07-03T18:19:40.623000
2.9,2026-07-03T18:19:40.625000
2.902,2026-07-03T18:19:40.627000
2.904,2026-07-03T18:19:40.629000
2.906,2026-07-03T18:19:40.631000
2.908,2026-07-03T18:19:40.633000
2.91,2026-07-03T18:19:40.635000
2.912,2026-07-03T18:19:40.637000
2.914,2026-07-03T18:19:40.639000
2.916,2026-07-03T18:19:40.641000
2.918,2026-07-03T18:19:40.643000
2.92,2026-07-03T18:19:40.645000
2.922,2026-07-03T18:19:40.647000
2.924,2026-07-03T18:19:40.649000
2.926,2026-07-03T18:19:40.651000
2.928,2026-07-03T18:19:40.653000
2.93,2026-07-03T18:19:40.655000
2.932,2026-07-03T18:19:40.657000
2.934,2026-07-03T18:19:40.659000
2.936,2026-07-03T18:19:40.661000
2.938,2026-07-03T18:19:40.663000
2.94,2026-07-03T18:19:40.665000
2.942,2026-07-03T18:19:40.667000
2.944,2026-07-03T18:19:40.669000
2.946,2026-07-03T18:19:40.671000
2.948,2026-07-03T18:19:40.673000
2.95,2026-07-03T18:19:40.675000
2.952,2026-07-03T18:19:40.677000
2.954,2026-07-03T18:19:40.679000
2.956,2026-07-03T18:19:40.681000
2.958,2026-07-03T18:19:40.683000
2.96,2026-07-03T18:19:40.685000
2.962,2026-07-03T18:19:40.687000
2.964,2026-07-03T18:19:40.689000
2.966,2026-07-03T18:19:40.691000
2.968,2026-07-03T18:19:40.693000
2.97,2026-07-03T18:19:40.695000
2.972,2026-07-03T18:19:40.697000
2.974,2026-07-03T18:19:40.699000
2.976,2026-07-03T18:19:40.701000
2.978,2026-07-03T18:19:40.703000
2.98,2026-07-03T18:19:40.705000
2.982,2026-07-03T18:19:40.707000
2.984,2026-07-03T18:19:40.709000
2.986,2026-07-03T18:19:40.711000
2.988,2026-07-03T18:19:40.713000
2.99,2026-07-03T18:19:40.715000
2.992,2026-07-03T18:19:40.717000
2.994,2026-07-03T18:19:40.719000
2.996,2026-07-03T18:19:40.721000
2.998,2026-07-03T18:19:40.723000
3,2026-07-03T18:19:40.725000
3.002,2026-07-03T18:19:40.727000
3.004,2026-07-03T18:19:40.729000
3.006,2026-07-03T18:19:40.731000
3.008,2026-07-03T18:19:40.733000
3.01,2026-07-03T18:19:40.735000
3.012,2026-07-03T18:19:40.737000
3.014,2026-07-03T18:19:40.739000
3.016,2026-07-03T18:19:40.741000
3.018,2026-07-03T18:19:40.743000
3.02,2026-07-03T18:19:40.745000
3.022,2026-07-03T18:19:40.747000
3.024,2026-07-03T18:19:40.749000
3.026,2026-07-03T18:19:40.751000
3.028,2026-07-03T18:19:40.753000
3.03,2026-07-03T18:19:40.755000
3.032,2026-07-03T18:19:40.757000
3.034,2026-07-03T18:19:40.759000
3.036,2026-07-03T18:19:40.761000
3.038,2026-07-03T18:19:40.763000
3.04,2026-07-03T18:19:40.765000
3.042,2026-07-03T18:19:40.767000
3.044,2026-07-03T18:19:40.769000
3.046,2026-07-03T18:19:40.771000
3.048,2026-07-03T18:19:40.773000
3.05,2026-07-03T18:19:40.775000
3.052,2026-07-03T18:19:40.777000
3.054,2026-07-03T18:19:40.779000
3.056,2026-07-03T18:19:40.781000
3.058,2026-07-03T18:19:40.783000
3.06,2026-07-03T18:19:40.785000
3.062,2026-07-03T18:19:40.787000
3.064,2026-07-03T18:19:40.789000
3.066,2026-07-03T18:19:40.791000
3.068,2026-07-03T18:19:40.793000
3.07,2026-07-03T18:19:40.795000
3.072,2026-07-03T18:19:40.797000
3.074,2026-07-03T18:19:40.799000
3.076,2026-07-03T18:19:40.801000
3.078,2026-07-03T18:19:40.803000
3.08,2026-07-03T18:19:40.805000
3.082,2026-07-03T18:19:40.807000
3.084,2026-07-03T18:19:40.809000
3.086,2026-07-03T18:19:40.811000
3.088,2026-07-03T18:19:40.813000
3.09,2026-07-03T18:19:40.815000
3.092,2026-07-03T18:19:40.817000
3.094,2026-07-03T18:19:40.819000
3.096,2026-07-03T18:19:40.821000
3.098,2026-07-03T18:19:40.823000
3.1,2026-07-03T18:19:40.825000
3.102,2026-07-03T18:19:40.827000
3.104,2026-07-03T18:19:40.829000
3.106,2026-07-03T18:19:40.831000
3.108,2026-07-03T18:19:40.833000
3.11,2026-07-03T18:19:40.835000
3.112,2026-07-03T18:19:40.837000
3.114,2026-07-03T18:19:40.839000
3.116,2026-07-03T18:19:40.841000
3.118,2026-07-03T18:19:40.843000
3.12,2026-07-03T18:19:40.845000
3.122,2026-07-03T18:19:40.847000
3.124,2026-07-03T18:19:40.849000
3.126,2026-07-03T18:19:40.851000
3.128,2026-07-03T18:19:40.853000
3.13,2026-07-03T18:19:40.855000
3.132,2026-07-03T18:19:40.857000
3.134,2026-07-03T18:19:40.859000
3.136,2026-07-03T18:19:40.861000
3.138,2026-07-03T18:19:40.863000
3.14,2026-07-03T18:19:40.865000
3.142,2026-07-03T18:19:40.867000
3.144,2026-07-03T18:19:40.869000
3.146,2026-07-03T18:19:40.871000
3.148,2026-07-03T18:19:40.873000
3.15,2026-07-03T18:19:40.875000
3.152,2026-07-03T18:19:40.877000
3.154,2026-07-03T18:19:40.879000
3.156,2026-07-03T18:19:40.881000
3.158,2026-07-03T18:19:40.883000
3.16,2026-07-03T18:19:40.885000
3.162,2026-07-03T18:19:40.887000
3.164,2026-07-03T18:19:40.889000
3.166,2026-07-03T18:19:40.891000
3.168,2026-07-03T18:19:40.893000
3.17,2026-07-03T18:19:40.895000
3.172,2026-07-03T18:19:40.897000
3.174,2026-07-03T18:19:40.899000
3.176,2026-07-03T18:19:40.901000
3.178,2026-07-03T18:19:40.903000
3.18,2026-07-03T18:19:40.905000
3.182,2026-07-03T18:19:40.907000
3.184,2026-07-03T18:19:40.909000
3.186,2026-07-03T18:19:40.911000
3.188,2026-07-03T18:19:40.913000
3.19,2026-07-03T18:19:40.915000
3.192,2026-07-03T18:19:40.917000
3.194,2026-07-03T18:19:40.919000
3.196,2026-07-03T18:19:40.921000
3.198,2026-07-03T18:19:40.923000
3.2,2026-07-03T18:19:40.925000
3.202,2026-07-03T18:19:40.927000
3.204,2026-07-03T18:19:40.929000
3.206,2026-07-03T18:19:40.931000
3.208,2026-07-03T18:19:40.933000
3.21,2026-07-03T18:19:40.935000
3.212,2026-07-03T18:19:40.937000
3.214,2026-07-03T18:19:40.939000
3.216,2026-07-03T18:19:40.941000
3.218,2026-07-03T18:19:40.943000
3.22,2026-07-03T18:19:40.945000
3.222,2026-07-03T18:19:40.947000
3.224,2026-07-03T18:19:40.949000
3.226,2026-07-03T18:19:40.951000
3.228,2026-07-03T18:19:40.953000
3.23,2026-07-03T18:19:40.955000
3.232,2026-07-03T18:19:40.957000
3.234,2026-07-03T18:19:40.959000
3.236,2026-07-03T18:19:40.961000
3.238,2026-07-03T18:19:40.963000
3.24,2026-07-03T18:19:40.965000
3.242,2026-07-03T18:19:40.967000
3.244,2026-07-03T18:19:40.969000
3.246,2026-07-03T18:19:40.971000
3.248,2026-07-03T18:19:40.973000
3.25,2026-07-03T18:19:40.975000
3.252,2026-07-03T18:19:40.977000
3.254,2026-07-03T18:19:40.979000
3.256,2026-07-03T18:19:40.981000
3.258,2026-07-03T18:19:40.983000
3.26,2026-07-03T18:19:40.985000
3.262,2026-07-03T18:19:40.987000
3.264,2026-07-03T18:19:40.989000
3.266,2026-07-03T18:19:40.991000
3.268,2026-07-03T18:19:40.993000
3.27,2026-07-03T18:19:40.995000
3.272,2026-07-03T18:19:40.997000
3.274,2026-07-03T18:19:40.999000
3.276,2026-07-03T18:19:41.001000
3.278,2026-07-03T18:19:41.003000
3.28,2026-07-03T18:19:41.005000
3.282,2026-07-03T18:19:41.007000
3.284,2026-07-03T18:19:41.009000
3.286,2026-07-03T18:19:41.011000
3.288,2026-07-03T18:19:41.013000
3.29,2026-07-03T18:19:41.015000
3.292,2026-07-03T18:19:41.017000
3.294,2026-07-03T18:19:41.019000
3.296,2026-07-03T18:19:41.021000
3.298,2026-07-03T18:19:41.023000
3.3,2026-07-03T18:19:41.025000
3.302,2026-07-03T18:19:41.027000
3.304,2026-07-03T18:19:41.029000
3.306,2026-07-03T18:19:41.031000
3.308,2026-07-03T18:19:41.033000
3.31,2026-07-03T18:19:41.035000
3.312,2026-07-03T18:19:41.037000
3.314,2026-07-03T18:19:41.039000
3.316,2026-07-03T18:19:41.041000
3.318,2026-07-03T18:19:41.043000
3.32,2026-07-03T18:19:41.045000
3.322,2026-07-03T18:19:41.047000
3.324,2026-07-03T18:19:41.049000
3.326,2026-07-03T18:19:41.051000
3.328,2026-07-03T18:19:41.053000
3.33,2026-07-03T18:19:41.055000
3.332,2026-07-03T18:19:41.057000
3.334,2026-07-03T18:19:41.059000
3.336,2026-07-03T18:19:41.061000
3.338,2026-07-03T18:19:41.063000
3.34,2026-07-03T18:19:41.065000
3.342,2026-07-03T18:19:41.067000
3.344,2026-07-03T18:19:41.069000
3.346,2026-07-03T18:19:41.071000
3.348,2026-07-03T18:19:41.073000
3.35,2026-07-03T18:19:41.075000
3.352,2026-07-03T18:19:41.077000
3.354,2026-07-03T18:19:41.079000
3.356,2026-07-03T18:19:41.081000
3.358,2026-07-03T18:19:41.083000
3.36,2026-07-03T18:19:41.085000
3.362,2026-07-03T18:19:41.087000
3.364,2026-07-03T18:19:41.089000
3.366,2026-07-03T18:19:41.091000
3.368,2026-07-03T18:19:41.093000
3.37,2026-07-03T18:19:41.095000
3.372,2026-07-03T18:19:41.097000
3.374,2026-07-03T18:19:41.099000
3.376,2026-07-03T18:19:41.101000
3.378,2026-07-03T18:19:41.103000
3.38,2026-07-03T18:19:41.105000
3.382,2026-07-03T18:19:41.107000
3.384,2026-07-03T18:19:41.109000
3.386,2026-07-03T18:19:41.111000
3.388,2026-07-03T18:19:41.113000
3.39,2026-07-03T18:19:41.115000
3.392,2026-07-03T18:19:41.117000
3.394,2026-07-03T18:19:41.119000
3.396,2026-07-03T18:19:41.121000
3.398,2026-07-03T18:19:41.123000
3.4,2026-07-03T18:19:41.125000
3.402,2026-07-03T18:19:41.127000
3.404,2026-07-03T18:19:41.129000
3.406,2026-07-03T18:19:41.131000
3.408,2026-07-03T18:19:41.133000
3.41,2026-07-03T18:19:41.135000
3.412,2026-07-03T18:19:41.137000
3.414,2026-07-03T18:19:41.139000
3.416,2026-07-03T18:19:41.141000
3.418,2026-07-03T18:19:41.143000
3.42,2026-07-03T18:19:41.145000
3.422,2026-07-03T18:19:41.147000
3.424,2026-07-03T18:19:41.149000
3.426,2026-07-03T18:19:41.151000
3.428,2026-07-03T18:19:41.153000
3.43,2026-07-03T18:19:41.155000
3.432,2026-07-03T18:19:41.157000
3.434,2026-07-03T18:19:41.159000
3.436,2026-07-03T18:19:41.161000
3.438,2026-07-03T18:19:41.163000
3.44,2026-07-03T18:19:41.165000
3.442,2026-07-03T18:19:41.167000
3.444,2026-07-03T18:19:41.169000
3.446,2026-07-03T18:19:41.171000
3.448,2026-07-03T18:19:41.173000
3.45,2026-07-03T18:19:41.175000
3.452,2026-07-03T18:19:41.177000
3.454,2026-07-03T18:19:41.179000
3.456,2026-07-03T18:19:41.181000
3.458,2026-07-03T18:19:41.183000
3.46,2026-07-03T18:19:41.185000
3.462,2026-07-03T18:19:41.187000
3.464,2026-07-03T18:19:41.189000
3.466,2026-07-03T18:19:41.191000
3.468,2026-07-03T18:19:41.193000
3.47,2026-07-03T18:19:41.195000
3.472,2026-07-03T18:19:41.197000
3.474,2026-07-03T18:19:41.199000
3.476,2026-07-03T18:19:41.201000
3.478,2026-07-03T18:19:41.203000
3.48,2026-07-03T18:19:41.205000
3.482,2026-07-03T18:19:41.207000
3.484,2026-07-03T18:19:41.209000
3.486,2026-07-03T18:19:41.211000
3.488,2026-07-03T18:19:41.213000
3.49,2026-07-03T18:19:41.215000
3.492,2026-07-03T18:19:41.217000
3.494,2026-07-03T18:19:41.219000
3.496,2026-07-03T18:19:41.221000
3.498,2026-07-03T18:19:41.223000
3.5,2026-07-03T18:19:41.225000
3.502,2026-07-03T18:19:41.227000
3.504,2026-07-03T18:19:41.229000
3.506,2026-07-03T18:19:41.231000
3.508,2026-07-03T18:19:41.233000
3.51,2026-07-03T18:19:41.235000
3.512,2026-07-03T18:19:41.237000
3.514,2026-07-03T18:19:41.239000
3.516,2026-07-03T18:19:41.241000
3.518,2026-07-03T18:19:41.243000
3.52,2026-07-03T18:19:41.245000
3.522,2026-07-03T18:19:41.247000
3.524,2026-07-03T18:19:41.249000
3.526,2026-07-03T18:19:41.251000
3.528,2026-07-03T18:19:41.253000
3.53,2026-07-03T18:19:41.255000
3.532,2026-07-03T18:19:41.257000
3.534,2026-07-03T18:19:41.259000
3.536,2026-07-03T18:19:41.261000
3.538,2026-07-03T18:19:41.263000
3.54,2026-07-03T18:19:41.265000
3.542,2026-07-03T18:19:41.267000
3.544,2026-07-03T18:19:41.269000
3.546,2026-07-03T18:19:41.271000
3.548,2026-07-03T18:19:41.273000
3.55,2026-07-03T18:19:41.275000
3.552,2026-07-03T18:19:41.277000
3.554,2026-07-03T18:19:41.279000
3.556,2026-07-03T18:19:41.281000
3.558,2026-07-03T18:19:41.283000
3.56,2026-07-03T18:19:41.285000
3.562,2026-07-03T18:19:41.287000
3.564,2026-07-03T18:19:41.289000
3.566,2026-07-03T18:19:41.291000
3.568,2026-07-03T18:19:41.293000
3.57,2026-07-03T18:19:41.295000
3.572,2026-07-03T18:19:41.297000
3.574,2026-07-03T18:19:41.299000
3.576,2026-07-03T18:19:41.301000
3.578,2026-07-03T18:19:41.303000
3.58,2026-07-03T18:19:41.305000
3.582,2026-07-03T18:19:41.307000
3.584,2026-07-03T18:19:41.309000
3.586,2026-07-03T18:19:41.311000
3.588,2026-07-03T18:19:41.313000
3.59,2026-07-03T18:19:41.315000
3.592,2026-07-03T18:19:41.317000
3.594,2026-07-03T18:19:41.319000
3.596,2026-07-03T18:19:41.321000
3.598,2026-07-03T18:19:41.323000
3.6,2026-07-03T18:19:41.325000
3.602,2026-07-03T18:19:41.327000
3.604,2026-07-03T18:19:41.329000
3.606,2026-07-03T18:19:41.331000
3.608,2026-07-03T18:19:41.333000
3.61,2026-07-03T18:19:41.335000
3.612,2026-07-03T18:19:41.337000
3.614,2026-07-03T18:19:41.339000
3.616,2026-07-03T18:19:41.341000
3.618,2026-07-03T18:19:41.343000
3.62,2026-07-03T18:19:41.345000
3.622,2026-07-03T18:19:41.347000
3.624,2026-07-03T18:19:41.349000
3.626,2026-07-03T18:19:41.351000
3.628,2026-07-03T18:19:41.353000
3.63,2026-07-03T18:19:41.355000
3.632,2026-07-03T18:19:41.357000
3.634,2026-07-03T18:19:41.359000
3.636,2026-07-03T18:19:41.361000
3.638,2026-07-03T18:19:41.363000
3.64,2026-07-03T18:19:41.365000
3.642,2026-07-03T18:19:41.367000
3.644,2026-07-03T18:19:41.369000
3.646,2026-07-03T18:19:41.371000
3.648,2026-07-03T18:19:41.373000
3.65,2026-07-03T18:19:41.375000
3.652,2026-07-03T18:19:41.377000
3.654,2026-07-03T18:19:41.379000
3.656,2026-07-03T18:19:41.381000
3.658,2026-07-03T18:19:41.383000
3.66,2026-07-03T18:19:41.385000
3.662,2026-07-03T18:19:41.387000
3.664,2026-07-03T18:19:41.389000
3.666,2026-07-03T18:19:41.391000
3.668,2026-07-03T18:19:41.393000
3.67,2026-07-03T18:19:41.395000
3.672,2026-07-03T18:19:41.397000
3.674,2026-07-03T18:19:41.399000
3.676,2026-07-03T18:19:41.401000
3.678,2026-07-03T18:19:41.403000
3.68,2026-07-03T18:19:41.405000
3.682,2026-07-03T18:19:41.407000
3.684,2026-07-03T18:19:41.409000
3.686,2026-07-03T18:19:41.411000
3.688,2026-07-03T18:19:41.413000
3.69,2026-07-03T18:19:41.415000
3.692,2026-07-03T18:19:41.417000
3.694,2026-07-03T18:19:41.419000
3.696,2026-07-03T18:19:41.421000
3.698,2026-07-03T18:19:41.423000
3.7,2026-07-03T18:19:41.425000
3.702,2026-07-03T18:19:41.427000
3.704,2026-07-03T18:19:41.429000
3.706,2026-07-03T18:19:41.431000
3.708,2026-07-03T18:19:41.433000
3.71,2026-07-03T18:19:41.435000
3.712,2026-07-03T18:19:41.437000
3.714,2026-07-03T18:19:41.439000
3.716,2026-07-03T18:19:41.441000
3.718,2026-07-03T18:19:41.443000
3.72,2026-07-03T18:19:41.445000
3.722,2026-07-03T18:19:41.447000
3.724,2026-07-03T18:19:41.449000
3.726,2026-07-03T18:19:41.451000
3.728,2026-07-03T18:19:41.453000
3.73,2026-07-03T18:19:41.455000
3.732,2026-07-03T18:19:41.457000
3.734,2026-07-03T18:19:41.459000
3.736,2026-07-03T18:19:41.461000
3.738,2026-07-03T18:19:41.463000
3.74,2026-07-03T18:19:41.465000
3.742,2026-07-03T18:19:41.467000
3.744,2026-07-03T18:19:41.469000
3.746,2026-07-03T18:19:41.471000
3.748,2026-07-03T18:19:41.473000
3.75,2026-07-03T18:19:41.475000
3.752,2026-07-03T18:19:41.477000
3.754,2026-07-03T18:19:41.479000
3.756,2026-07-03T18:19:41.481000
3.758,2026-07-03T18:19:41.483000
3.76,2026-07-03T18:19:41.485000
3.762,2026-07-03T18:19:41.487000
3.764,2026-07-03T18:19:41.489000
3.766,2026-07-03T18:19:41.491000
3.768,2026-07-03T18:19:41.493000
3.77,2026-07-03T18:19:41.495000
3.772,2026-07-03T18:19:41.497000
3.774,2026-07-03T18:19:41.499000
3.776,2026-07-03T18:19:41.501000
3.778,2026-07-03T18:19:41.503000
3.78,2026-07-03T18:19:41.505000
3.782,2026-07-03T18:19:41.507000
3.784,2026-07-03T18:19:41.509000
3.786,2026-07-03T18:19:41.511000
3.788,2026-07-03T18:19:41.513000
3.79,2026-07-03T18:19:41.515000
3.792,2026-07-03T18:19:41.517000
3.794,2026-07-03T18:19:41.519000
3.796,2026-07-03T18:19:41.521000
3.798,2026-07-03T18:19:41.523000
3.8,2026-07-03T18:19:41.525000
3.802,2026-07-03T18:19:41.527000
3.804,2026-07-03T18:19:41.529000
3.806,2026-07-03T18:19:41.531000
3.808,2026-07-03T18:19:41.533000
3.81,2026-07-03T18:19:41.535000
3.812,2026-07-03T18:19:41.537000
3.814,2026-07-03T18:19:41.539000
3.816,2026-07-03T18:19:41.541000
3.818,2026-07-03T18:19:41.543000
3.82,2026-07-03T18:19:41.545000
3.822,2026-07-03T18:19:41.547000
3.824,2026-07-03T18:19:41.549000
3.826,2026-07-03T18:19:41.551000
3.828,2026-07-03T18:19:41.553000
3.83,2026-07-03T18:19:41.555000
3.832,2026-07-03T18:19:41.557000
3.834,2026-07-03T18:19:41.559000
3.836,2026-07-03T18:19:41.561000
3.838,2026-07-03T18:19:41.563000
3.84,2026-07-03T18:19:41.565000
3.842,2026-07-03T18:19:41.567000
3.844,2026-07-03T18:19:41.569000
3.846,2026-07-03T18:19:41.571000
3.848,2026-07-03T18:19:41.573000
3.85,2026-07-03T18:19:41.575000
3.852,2026-07-03T18:19:41.577000
3.854,2026-07-03T18:19:41.579000
3.856,2026-07-03T18:19:41.581000
3.858,2026-07-03T18:19:41.583000
3.86,2026-07-03T18:19:41.585000
3.862,2026-07-03T18:19:41.587000
3.864,2026-07-03T18:19:41.589000
3.866,2026-07-03T18:19:41.591000
3.868,2026-07-03T18:19:41.593000
3.87,2026-07-03T18:19:41.595000
3.872,2026-07-03T18:19:41.597000
3.874,2026-07-03T18:19:41.599000
3.876,2026-07-03T18:19:41.601000
3.878,2026-07-03T18:19:41.603000
3.88,2026-07-03T18:19:41.605000
3.882,2026-07-03T18:19:41.607000
3.884,2026-07-03T18:19:41.609000
3.886,2026-07-03T18:19:41.611000
3.888,2026-07-03T18:19:41.613000
3.89,2026-07-03T18:19:41.615000
3.892,2026-07-03T18:19:41.617000
3.894,2026-07-03T18:19:41.619000
3.896,2026-07-03T18:19:41.621000
3.898,2026-07-03T18:19:41.623000
3.9,2026-07-03T18:19:41.625000
3.902,2026-07-03T18:19:41.627000
3.904,2026-07-03T18:19:41.629000
3.906,2026-07-03T18:19:41.631000
3.908,2026-07-03T18:19:41.633000
3.91,2026-07-03T18:19:41.635000
3.912,2026-07-03T18:19:41.637000
3.914,2026-07-03T18:19:41.639000
3.916,2026-07-03T18:19:41.641000
3.918,2026-07-03T18:19:41.643000
3.92,2026-07-03T18:19:41.645000
3.922,2026-07-03T18:19:41.647000
3.924,2026-07-03T18:19:41.649000
3.926,2026-07-03T18:19:41.651000
3.928,2026-07-03T18:19:41.653000
3.93,2026-07-03T18:19:41.655000
3.932,2026-07-03T18:19:41.657000
3.934,2026-07-03T18:19:41.659000
3.936,2026-07-03T18:19:41.661000
3.938,2026-07-03T18:19:41.663000
3.94,2026-07-03T18:19:41.665000
3.942,2026-07-03T18:19:41.667000
3.944,2026-07-03T18:19:41.669000
3.946,2026-07-03T18:19:41.671000
3.948,2026-07-03T18:19:41.673000
3.95,2026-07-03T18:19:41.675000
3.952,2026-07-03T18:19:41.677000
3.954,2026-07-03T18:19:41.679000
3.956,2026-07-03T18:19:41.681000
3.958,2026-07-03T18:19:41.683000
3.96,2026-07-03T18:19:41.685000
3.962,2026-07-03T18:19:41.687000
3.964,2026-07-03T18:19:41.689000
3.966,2026-07-03T18:19:41.691000
3.968,2026-07-03T18:19:41.693000
3.97,2026-07-03T18:19:41.695000
3.972,2026-07-03T18:19:41.697000
3.974,2026-07-03T18:19:41.699000
3.976,2026-07-03T18:19:41.701000
3.978,2026-07-03T18:19:41.703000
3.98,2026-07-03T18:19:41.705000
3.982,2026-07-03T18:19:41.707000
3.984,2026-07-03T18:19:41.709000
3.986,2026-07-03T18:19:41.711000
3.988,2026-07-03T18:19:41.713000
3.99,2026-07-03T18:19:41.715000
3.992,2026-07-03T18:19:41.717000
3.994,2026-07-03T18:19:41.719000
3.996,2026-07-03T18:19:41.721000
3.998,2026-07-03T18:19:41.723000
4,2026-07-03T18:19:41.725000
4.002,2026-07-03T18:19:41.727000
4.004,2026-07-03T18:19:41.729000
4.006,2026-07-03T18:19:41.731000
4.008,2026-07-03T18:19:41.733000
4.01,2026-07-03T18:19:41.735000
4.012,2026-07-03T18:19:41.737000
4.014,2026-07-03T18:19:41.739000
4.016,2026-07-03T18:19:41.741000
4.018,2026-07-03T18:19:41.743000
4.02,2026-07-03T18:19:41.745000
4.022,2026-07-03T18:19:41.747000
4.024,2026-07-03T18:19:41.749000
4.026,2026-07-03T18:19:41.751000
4.028,2026-07-03T18:19:41.753000
4.03,2026-07-03T18:19:41.755000
4.032,2026-07-03T18:19:41.757000
4.034,2026-07-03T18:19:41.759000
4.036,2026-07-03T18:19:41.761000
4.038,2026-07-03T18:19:41.763000
4.04,2026-07-03T18:19:41.765000
4.042,2026-07-03T18:19:41.767000
4.044,2026-07-03T18:19:41.769000
4.046,2026-07-03T18:19:41.771000
4.048,2026-07-03T18:19:41.773000
4.05,2026-07-03T18:19:41.775000
4.052,2026-07-03T18:19:41.777000
4.054,2026-07-03T18:19:41.779000
4.056,2026-07-03T18:19:41.781000
4.058,2026-07-03T18:19:41.783000
4.06,2026-07-03T18:19:41.785000
4.062,2026-07-03T18:19:41.787000
4.064,2026-07-03T18:19:41.789000
4.066,2026-07-03T18:19:41.791000
4.068,2026-07-03T18:19:41.793000
4.07,2026-07-03T18:19:41.795000
4.072,2026-07-03T18:19:41.797000
4.074,2026-07-03T18:19:41.799000
4.076,2026-07-03T18:19:41.801000
4.078,2026-07-03T18:19:41.803000
4.08,2026-07-03T18:19:41.805000
4.082,2026-07-03T18:19:41.807000
4.084,2026-07-03T18:19:41.809000
4.086,2026-07-03T18:19:41.811000
4.088,2026-07-03T18:19:41.813000
4.09,2026-07-03T18:19:41.815000
4.092,2026-07-03T18:19:41.817000
4.094,2026-07-03T18:19:41.819000
4.096,2026-07-03T18:19:41.821000
4.098,2026-07-03T18:19:41.823000
4.1,2026-07-03T18:19:41.825000
4.102,2026-07-03T18:19:41.827000
4.104,2026-07-03T18:19:41.829000
4.106,2026-07-03T18:19:41.831000
4.108,2026-07-03T18:19:41.833000
4.11,2026-07-03T18:19:41.835000
4.112,2026-07-03T18:19:41.837000
4.114,2026-07-03T18:19:41.839000
4.116,2026-07-03T18:19:41.841000
4.118,2026-07-03T18:19:41.843000
4.12,2026-07-03T18:19:41.845000
4.122,2026-07-03T18:19:41.847000
4.124,2026-07-03T18:19:41.849000
4.126,2026-07-03T18:19:41.851000
4.128,2026-07-03T18:19:41.853000
4.13,2026-07-03T18:19:41.855000
4.132,2026-07-03T18:19:41.857000
4.134,2026-07-03T18:19:41.859000
4.136,2026-07-03T18:19:41.861000
4.138,2026-07-03T18:19:41.863000
4.14,2026-07-03T18:19:41.865000
4.142,2026-07-03T18:19:41.867000
4.144,2026-07-03T18:19:41.869000
4.146,2026-07-03T18:19:41.871000
4.148,2026-07-03T18:19:41.873000
4.15,2026-07-03T18:19:41.875000
4.152,2026-07-03T18:19:41.877000
4.154,2026-07-03T18:19:41.879000
4.156,2026-07-03T18:19:41.881000
4.158,2026-07-03T18:19:41.883000
4.16,2026-07-03T18:19:41.885000
4.162,2026-07-03T18:19:41.887000
4.164,2026-07-03T18:19:41.889000
4.166,2026-07-03T18:19:41.891000
4.168,2026-07-03T18:19:41.893000
4.17,2026-07-03T18:19:41.895000
4.172,2026-07-03T18:19:41.897000
4.174,2026-07-03T18:19:41.899000
4.176,2026-07-03T18:19:41.901000
4.178,2026-07-03T18:19:41.903000
4.18,2026-07-03T18:19:41.905000
4.182,2026-07-03T18:19:41.907000
4.184,2026-07-03T18:19:41.909000
4.186,2026-07-03T18:19:41.911000
4.188,2026-07-03T18:19:41.913000
4.19,2026-07-03T18:19:41.915000
4.192,2026-07-03T18:19:41.917000
4.194,2026-07-03T18:19:41.919000
4.196,2026-07-03T18:19:41.921000
4.198,2026-07-03T18:19:41.923000
4.2,2026-07-03T18:19:41.925000
4.202,2026-07-03T18:19:41.927000
4.204,2026-07-03T18:19:41.929000
4.206,2026-07-03T18:19:41.931000
4.208,2026-07-03T18:19:41.933000
4.21,2026-07-03T18:19:41.935000
4.212,2026-07-03T18:19:41.937000
4.214,2026-07-03T18:19:41.939000
4.216,2026-07-03T18:19:41.941000
4.218,2026-07-03T18:19:41.943000
4.22,2026-07-03T18:19:41.945000
4.222,2026-07-03T18:19:41.947000
4.224,2026-07-03T18:19:41.949000
4.226,2026-07-03T18:19:41.951000
4.228,2026-07-03T18:19:41.953000
4.23,2026-07-03T18:19:41.955000
4.232,2026-07-03T18:19:41.957000
4.234,2026-07-03T18:19:41.959000
4.236,2026-07-03T18:19:41.961000
4.238,2026-07-03T18:19:41.963000
4.24,2026-07-03T18:19:41.965000
4.242,2026-07-03T18:19:41.967000
4.244,2026-07-03T18:19:41.969000
4.246,2026-07-03T18:19:41.971000
4.248,2026-07-03T18:19:41.973000
4.25,2026-07-03T18:19:41.975000
4.252,2026-07-03T18:19:41.977000
4.254,2026-07-03T18:19:41.979000
4.256,2026-07-03T18:19:41.981000
4.258,2026-07-03T18:19:41.983000
4.26,2026-07-03T18:19:41.985000
4.262,2026-07-03T18:19:41.987000
4.264,2026-07-03T18:19:41.989000
4.266,2026-07-03T18:19:41.991000
4.268,2026-07-03T18:19:41.993000
4.27,2026-07-03T18:19:41.995000
4.272,2026-07-03T18:19:41.997000
4.274,2026-07-03T18:19:41.999000
4.276,2026-07-03T18:19:42.001000
4.278,2026-07-03T18:19:42.003000
4.28,2026-07-03T18:19:42.005000
4.282,2026-07-03T18:19:42.007000
4.284,2026-07-03T18:19:42.009000
4.286,2026-07-03T18:19:42.011000
4.288,2026-07-03T18:19:42.013000
4.29,2026-07-03T18:19:42.015000
4.292,2026-07-03T18:19:42.017000
4.294,2026-07-03T18:19:42.019000
4.296,2026-07-03T18:19:42.021000
4.298,2026-07-03T18:19:42.023000
4.3,2026-07-03T18:19:42.025000
4.302,2026-07-03T18:19:42.027000
4.304,2026-07-03T18:19:42.029000
4.306,2026-07-03T18:19:42.031000
4.308,2026-07-03T18:19:42.033000
4.31,2026-07-03T18:19:42.035000
4.312,2026-07-03T18:19:42.037000
4.314,2026-07-03T18:19:42.039000
4.316,2026-07-03T18:19:42.041000
4.318,2026-07-03T18:19:42.043000
4.32,2026-07-03T18:19:42.045000
4.322,2026-07-03T18:19:42.047000
4.324,2026-07-03T18:19:42.049000
4.326,2026-07-03T18:19:42.051000
4.328,2026-07-03T18:19:42.053000
4.33,2026-07-03T18:19:42.055000
4.332,2026-07-03T18:19:42.057000
4.334,2026-07-03T18:19:42.059000
4.336,2026-07-03T18:19:42.061000
4.338,2026-07-03T18:19:42.063000
4.34,2026-07-03T18:19:42.065000
4.342,2026-07-03T18:19:42.067000
4.344,2026-07-03T18:19:42.069000
4.346,2026-07-03T18:19:42.071000
4.348,2026-07-03T18:19:42.073000
4.35,2026-07-03T18:19:42.075000
4.352,2026-07-03T18:19:42.077000
4.354,2026-07-03T18:19:42.079000
4.356,2026-07-03T18:19:42.081000
4.358,2026-07-03T18:19:42.083000
4.36,2026-07-03T18:19:42.085000
4.362,2026-07-03T18:19:42.087000
4.364,2026-07-03T18:19:42.089000
4.366,2026-07-03T18:19:42.091000
4.368,2026-07-03T18:19:42.093000
4.37,2026-07-03T18:19:42.095000
4.372,2026-07-03T18:19:42.097000
4.374,2026-07-03T18:19:42.099000
4.376,2026-07-03T18:19:42.101000
4.378,2026-07-03T18:19:42.103000
4.38,2026-07-03T18:19:42.105000
4.382,2026-07-03T18:19:42.107000
4.384,2026-07-03T18:19:42.109000
4.386,2026-07-03T18:19:42.111000
4.388,2026-07-03T18:19:42.113000
4.39,2026-07-03T18:19:42.115000
4.392,2026-07-03T18:19:42.117000
4.394,2026-07-03T18:19:42.119000
4.396,2026-07-03T18:19:42.121000
4.398,2026-07-03T18:19:42.123000
4.4,2026-07-03T18:19:42.125000
4.402,2026-07-03T18:19:42.127000
4.404,2026-07-03T18:19:42.129000
4.406,2026-07-03T18:19:42.131000
4.408,2026-07-03T18:19:42.133000
4.41,2026-07-03T18:19:42.135000
4.412,2026-07-03T18:19:42.137000
4.414,2026-07-03T18:19:42.139000
4.416,2026-07-03T18:19:42.141000
4.418,2026-07-03T18:19:42.143000
4.42,2026-07-03T18:19:42.145000
4.422,2026-07-03T18:19:42.147000
4.424,2026-07-03T18:19:42.149000
4.426,2026-07-03T18:19:42.151000
4.428,2026-07-03T18:19:42.153000
4.43,2026-07-03T18:19:42.155000
4.432,2026-07-03T18:19:42.157000
4.434,2026-07-03T18:19:42.159000
4.436,2026-07-03T18:19:42.161000
4.438,2026-07-03T18:19:42.163000
4.44,2026-07-03T18:19:42.165000
4.442,2026-07-03T18:19:42.167000
4.444,2026-07-03T18:19:42.169000
4.446,2026-07-03T18:19:42.171000
4.448,2026-07-03T18:19:42.173000
4.45,2026-07-03T18:19:42.175000
4.452,2026-07-03T18:19:42.177000
4.454,2026-07-03T18:19:42.179000
4.456,2026-07-03T18:19:42.181000
4.458,2026-07-03T18:19:42.183000
4.46,2026-07-03T18:19:42.185000
4.462,2026-07-03T18:19:42.187000
4.464,2026-07-03T18:19:42.189000
4.466,2026-07-03T18:19:42.191000
4.468,2026-07-03T18:19:42.193000
4.47,2026-07-03T18:19:42.195000
4.472,2026-07-03T18:19:42.197000
4.474,2026-07-03T18:19:42.199000
4.476,2026-07-03T18:19:42.201000
4.478,2026-07-03T18:19:42.203000
4.48,2026-07-03T18:19:42.205000
4.482,2026-07-03T18:19:42.207000
4.484,2026-07-03T18:19:42.209000
4.486,2026-07-03T18:19:42.211000
4.488,2026-07-03T18:19:42.213000
4.49,2026-07-03T18:19:42.215000
4.492,2026-07-03T18:19:42.217000
4.494,2026-07-03T18:19:42.219000
4.496,2026-07-03T18:19:42.221000
4.498,2026-07-03T18:19:42.223000
4.5,2026-07-03T18:19:42.225000
4.502,2026-07-03T18:19:42.227000
4.504,2026-07-03T18:19:42.229000
4.506,2026-07-03T18:19:42.231000
4.508,2026-07-03T18:19:42.233000
4.51,2026-07-03T18:19:42.235000
4.512,2026-07-03T18:19:42.237000
4.514,2026-07-03T18:19:42.239000
4.516,2026-07-03T18:19:42.241000
4.518,2026-07-03T18:19:42.243000
4.52,2026-07-03T18:19:42.245000
4.522,2026-07-03T18:19:42.247000
4.524,2026-07-03T18:19:42.249000
4.526,2026-07-03T18:19:42.251000
4.528,2026-07-03T18:19:42.253000
4.53,2026-07-03T18:19:42.255000
4.532,2026-07-03T18:19:42.257000
4.534,2026-07-03T18:19:42.259000
4.536,2026-07-03T18:19:42.261000
4.538,2026-07-03T18:19:42.263000
4.54,2026-07-03T18:19:42.265000
4.542,2026-07-03T18:19:42.267000
4.544,2026-07-03T18:19:42.269000
4.546,2026-07-03T18:19:42.271000
4.548,2026-07-03T18:19:42.273000
4.55,2026-07-03T18:19:42.275000
4.552,2026-07-03T18:19:42.277000
4.554,2026-07-03T18:19:42.279000
4.556,2026-07-03T18:19:42.281000
4.558,2026-07-03T18:19:42.283000
4.56,2026-07-03T18:19:42.285000
4.562,2026-07-03T18:19:42.287000
4.564,2026-07-03T18:19:42.289000
4.566,2026-07-03T18:19:42.291000
4.568,2026-07-03T18:19:42.293000
4.57,2026-07-03T18:19:42.295000
4.572,2026-07-03T18:19:42.297000
4.574,2026-07-03T18:19:42.299000
4.576,2026-07-03T18:19:42.301000
4.578,2026-07-03T18:19:42.303000
4.58,2026-07-03T18:19:42.305000
4.582,2026-07-03T18:19:42.307000
4.584,2026-07-03T18:19:42.309000
4.586,2026-07-03T18:19:42.311000
4.588,2026-07-03T18:19:42.313000
4.59,2026-07-03T18:19:42.315000
4.592,2026-07-03T18:19:42.317000
4.594,2026-07-03T18:19:42.319000
4.596,2026-07-03T18:19:42.321000
4.598,2026-07-03T18:19:42.323000
4.6,2026-07-03T18:19:42.325000
4.602,2026-07-03T18:19:42.327000
4.604,2026-07-03T18:19:42.329000
4.606,2026-07-03T18:19:42.331000
4.608,2026-07-03T18:19:42.333000
4.61,2026-07-03T18:19:42.335000
4.612,2026-07-03T18:19:42.337000
4.614,2026-07-03T18:19:42.339000
4.616,2026-07-03T18:19:42.341000
4.618,2026-07-03T18:19:42.343000
4.62,2026-07-03T18:19:42.345000
4.622,2026-07-03T18:19:42.347000
4.624,2026-07-03T18:19:42.349000
4.626,2026-07-03T18:19:42.351000
4.628,2026-07-03T18:19:42.353000
4.63,2026-07-03T18:19:42.355000
4.632,2026-07-03T18:19:42.357000
4.634,2026-07-03T18:19:42.359000
4.636,2026-07-03T18:19:42.361000
4.638,2026-07-03T18:19:42.363000
4.64,2026-07-03T18:19:42.365000
4.642,2026-07-03T18:19:42.367000
4.644,2026-07-03T18:19:42.369000
4.646,2026-07-03T18:19:42.371000
4.648,2026-07-03T18:19:42.373000
4.65,2026-07-03T18:19:42.375000
4.652,2026-07-03T18:19:42.377000
4.654,2026-07-03T18:19:42.379000
4.656,2026-07-03T18:19:42.381000
4.658,2026-07-03T18:19:42.383000
4.66,2026-07-03T18:19:42.385000
4.662,2026-07-03T18:19:42.387000
4.664,2026-07-03T18:19:42.389000
4.666,2026-07-03T18:19:42.391000
4.668,2026-07-03T18:19:42.393000
4.67,2026-07-03T18:19:42.395000
4.672,2026-07-03T18:19:42.397000
4.674,2026-07-03T18:19:42.399000
4.676,2026-07-03T18:19:42.401000
4.678,2026-07-03T18:19:42.403000
4.68,2026-07-03T18:19:42.405000
4.682,2026-07-03T18:19:42.407000
4.684,2026-07-03T18:19:42.409000
4.686,2026-07-03T18:19:42.411000
4.688,2026-07-03T18:19:42.413000
4.69,2026-07-03T18:19:42.415000
4.692,2026-07-03T18:19:42.417000
4.694,2026-07-03T18:19:42.419000
4.696,2026-07-03T18:19:42.421000
4.698,2026-07-03T18:19:42.423000
4.7,2026-07-03T18:19:42.425000
4.702,2026-07-03T18:19:42.427000
4.704,2026-07-03T18:19:42.429000
4.706,2026-07-03T18:19:42.431000
4.708,2026-07-03T18:19:42.433000
4.71,2026-07-03T18:19:42.435000
4.712,2026-07-03T18:19:42.437000
4.714,2026-07-03T18:19:42.439000
4.716,2026-07-03T18:19:42.441000
4.718,2026-07-03T18:19:42.443000
4.72,2026-07-03T18:19:42.445000
4.722,2026-07-03T18:19:42.447000
4.724,2026-07-03T18:19:42.449000
4.726,2026-07-03T18:19:42.451000
4.728,2026-07-03T18:19:42.453000
4.73,2026-07-03T18:19:42.455000
4.732,2026-07-03T18:19:42.457000
4.734,2026-07-03T18:19:42.459000
4.736,2026-07-03T18:19:42.461000
4.738,2026-07-03T18:19:42.463000
4.74,2026-07-03T18:19:42.465000
4.742,2026-07-03T18:19:42.467000
4.744,2026-07-03T18:19:42.469000
4.746,2026-07-03T18:19:42.471000
4.748,2026-07-03T18:19:42.473000
4.75,2026-07-03T18:19:42.475000
4.752,2026-07-03T18:19:42.477000
4.754,2026-07-03T18:19:42.479000
4.756,2026-07-03T18:19:42.481000
4.758,2026-07-03T18:19:42.483000
4.76,2026-07-03T18:19:42.485000
4.762,2026-07-03T18:19:42.487000
4.764,2026-07-03T18:19:42.489000
4.766,2026-07-03T18:19:42.491000
4.768,2026-07-03T18:19:42.493000
4.77,2026-07-03T18:19:42.495000
4.772,2026-07-03T18:19:42.497000
4.774,2026-07-03T18:19:42.499000
4.776,2026-07-03T18:19:42.501000
4.778,2026-07-03T18:19:42.503000
4.78,2026-07-03T18:19:42.505000
4.782,2026-07-03T18:19:42.507000
4.784,2026-07-03T18:19:42.509000
4.786,2026-07-03T18:19:42.511000
4.788,2026-07-03T18:19:42.513000
4.79,2026-07-03T18:19:42.515000
4.792,2026-07-03T18:19:42.517000
4.794,2026-07-03T18:19:42.519000
4.796,2026-07-03T18:19:42.521000
4.798,2026-07-03T18:19:42.523000
4.8,2026-07-03T18:19:42.525000
4.802,2026-07-03T18:19:42.527000
4.804,2026-07-03T18:19:42.529000
4.806,2026-07-03T18:19:42.531000
4.808,2026-07-03T18:19:42.533000
4.81,2026-07-03T18:19:42.535000
4.812,2026-07-03T18:19:42.537000
4.814,2026-07-03T18:19:42.539000
4.816,2026-07-03T18:19:42.541000
4.818,2026-07-03T18:19:42.543000
4.82,2026-07-03T18:19:42.545000
4.822,2026-07-03T18:19:42.547000
4.824,2026-07-03T18:19:42.549000
4.826,2026-07-03T18:19:42.551000
4.828,2026-07-03T18:19:42.553000
4.83,2026-07-03T18:19:42.555000
4.832,2026-07-03T18:19:42.557000
4.834,2026-07-03T18:19:42.559000
4.836,2026-07-03T18:19:42.561000
4.838,2026-07-03T18:19:42.563000
4.84,2026-07-03T18:19:42.565000
4.842,2026-07-03T18:19:42.567000
4.844,2026-07-03T18:19:42.569000
4.846,2026-07-03T18:19:42.571000
4.848,2026-07-03T18:19:42.573000
4.85,2026-07-03T18:19:42.575000
4.852,2026-07-03T18:19:42.577000
4.854,2026-07-03T18:19:42.579000
4.856,2026-07-03T18:19:42.581000
4.858,2026-07-03T18:19:42.583000
4.86,2026-07-03T18:19:42.585000
4.862,2026-07-03T18:19:42.587000
4.864,2026-07-03T18:19:42.589000
4.866,2026-07-03T18:19:42.591000
4.868,2026-07-03T18:19:42.593000
4.87,2026-07-03T18:19:42.595000
4.872,2026-07-03T18:19:42.597000
4.874,2026-07-03T18:19:42.599000
4.876,2026-07-03T18:19:42.601000
4.878,2026-07-03T18:19:42.603000
4.88,2026-07-03T18:19:42.605000
4.882,2026-07-03T18:19:42.607000
4.884,2026-07-03T18:19:42.609000
4.886,2026-07-03T18:19:42.611000
4.888,2026-07-03T18:19:42.613000
4.89,2026-07-03T18:19:42.615000
4.892,2026-07-03T18:19:42.617000
4.894,2026-07-03T18:19:42.619000
4.896,2026-07-03T18:19:42.621000
4.898,2026-07-03T18:19:42.623000
4.9,2026-07-03T18:19:42.625000
4.902,2026-07-03T18:19:42.627000
4.904,2026-07-03T18:19:42.629000
4.906,2026-07-03T18:19:42.631000
4.908,2026-07-03T18:19:42.633000
4.91,2026-07-03T18:19:42.635000
4.912,2026-07-03T18:19:42.637000
4.914,2026-07-03T18:19:42.639000
4.916,2026-07-03T18:19:42.641000
4.918,2026-07-03T18:19:42.643000
4.92,2026-07-03T18:19:42.645000
4.922,2026-07-03T18:19:42.647000
4.924,2026-07-03T18:19:42.649000
4.926,2026-07-03T18:19:42.651000
4.928,2026-07-03T18:19:42.653000
4.93,2026-07-03T18:19:42.655000
4.932,2026-07-03T18:19:42.657000
4.934,2026-07-03T18:19:42.659000
4.936,2026-07-03T18:19:42.661000
4.938,2026-07-03T18:19:42.663000
4.94,2026-07-03T18:19:42.665000
4.942,2026-07-03T18:19:42.667000
4.944,2026-07-03T18:19:42.669000
4.946,2026-07-03T18:19:42.671000
4.948,2026-07-03T18:19:42.673000
4.95,2026-07-03T18:19:42.675000
4.952,2026-07-03T18:19:42.677000
4.954,2026-07-03T18:19:42.679000
4.956,2026-07-03T18:19:42.681000
4.958,2026-07-03T18:19:42.683000
4.96,2026-07-03T18:19:42.685000
4.962,2026-07-03T18:19:42.687000
4.964,2026-07-03T18:19:42.689000
4.966,2026-07-03T18:19:42.691000
4.968,2026-07-03T18:19:42.693000
4.97,2026-07-03T18:19:42.695000
4.972,2026-07-03T18:19:42.697000
4.974,2026-07-03T18:19:42.699000
4.976,2026-07-03T18:19:42.701000
4.978,2026-07-03T18:19:42.703000
4.98,2026-07-03T18:19:42.705000
4.982,2026-07-03T18:19:42.707000
4.984,2026-07-03T18:19:42.709000
4.986,2026-07-03T18:19:42.711000
4.988,2026-07-03T18:19:42.713000
4.99,2026-07-03T18:19:42.715000
4.992,2026-07-03T18:19:42.717000
4.994,2026-07-03T18:19:42.719000
4.996,2026-07-03T18:19:42.721000
4.998,2026-07-03T18:19:42.723000
5,2026-07-03T18:19:42.725000
5.002,2026-07-03T18:19:42.727000
5.004,2026-07-03T18:19:42.729000
5.006,2026-07-03T18:19:42.731000
5.008,2026-07-03T18:19:42.733000
5.01,2026-07-03T18:19:42.735000
5.012,2026-07-03T18:19:42.737000
5.014,2026-07-03T18:19:42.739000
5.016,2026-07-03T18:19:42.741000
5.018,2026-07-03T18:19:42.743000
5.02,2026-07-03T18:19:42.745000
5.022,2026-07-03T18:19:42.747000
5.024,2026-07-03T18:19:42.749000
5.026,2026-07-03T18:19:42.751000
5.028,2026-07-03T18:19:42.753000
5.03,2026-07-03T18:19:42.755000
5.032,2026-07-03T18:19:42.757000
5.034,2026-07-03T18:19:42.759000
5.036,2026-07-03T18:19:42.761000
5.038,2026-07-03T18:19:42.763000
5.04,2026-07-03T18:19:42.765000
5.042,2026-07-03T18:19:42.767000
5.044,2026-07-03T18:19:42.769000
5.046,2026-07-03T18:19:42.771000
5.048,2026-07-03T18:19:42.773000
5.05,2026-07-03T18:19:42.775000
5.052,2026-07-03T18:19:42.777000
5.054,2026-07-03T18:19:42.779000
5.056,2026-07-03T18:19:42.781000
5.058,2026-07-03T18:19:42.783000
5.06,2026-07-03T18:19:42.785000
5.062,2026-07-03T18:19:42.787000
5.064,2026-07-03T18:19:42.789000
5.066,2026-07-03T18:19:42.791000
5.068,2026-07-03T18:19:42.793000
5.07,2026-07-03T18:19:42.795000
5.072,2026-07-03T18:19:42.797000
5.074,2026-07-03T18:19:42.799000
5.076,2026-07-03T18:19:42.801000
5.078,2026-07-03T18:19:42.803000
5.08,2026-07-03T18:19:42.805000
5.082,2026-07-03T18:19:42.807000
5.084,2026-07-03T18:19:42.809000
5.086,2026-07-03T18:19:42.811000
5.088,2026-07-03T18:19:42.813000
5.09,2026-07-03T18:19:42.815000
5.092,2026-07-03T18:19:42.817000
5.094,2026-07-03T18:19:42.819000
5.096,2026-07-03T18:19:42.821000
5.098,2026-07-03T18:19:42.823000
5.1,2026-07-03T18:19:42.825000
5.102,2026-07-03T18:19:42.827000
5.104,2026-07-03T18:19:42.829000
5.106,2026-07-03T18:19:42.831000
5.108,2026-07-03T18:19:42.833000
5.11,2026-07-03T18:19:42.835000
5.112,2026-07-03T18:19:42.837000
5.114,2026-07-03T18:19:42.839000
5.116,2026-07-03T18:19:42.841000
5.118,2026-07-03T18:19:42.843000
5.12,2026-07-03T18:19:42.845000
5.122,2026-07-03T18:19:42.847000
5.124,2026-07-03T18:19:42.849000
5.126,2026-07-03T18:19:42.851000
5.128,2026-07-03T18:19:42.853000
5.13,2026-07-03T18:19:42.855000
5.132,2026-07-03T18:19:42.857000
5.134,2026-07-03T18:19:42.859000
5.136,2026-07-03T18:19:42.861000
5.138,2026-07-03T18:19:42.863000
5.14,2026-07-03T18:19:42.865000
5.142,2026-07-03T18:19:42.867000
5.144,2026-07-03T18:19:42.869000
5.146,2026-07-03T18:19:42.871000
5.148,2026-07-03T18:19:42.873000
5.15,2026-07-03T18:19:42.875000
5.152,2026-07-03T18:19:42.877000
5.154,2026-07-03T18:19:42.879000
5.156,2026-07-03T18:19:42.881000
5.158,2026-07-03T18:19:42.883000
5.16,2026-07-03T18:19:42.885000
5.162,2026-07-03T18:19:42.887000
5.164,2026-07-03T18:19:42.889000
5.166,2026-07-03T18:19:42.891000
5.168,2026-07-03T18:19:42.893000
5.17,2026-07-03T18:19:42.895000
5.172,2026-07-03T18:19:42.897000
5.174,2026-07-03T18:19:42.899000
5.176,2026-07-03T18:19:42.901000
5.178,2026-07-03T18:19:42.903000
5.18,2026-07-03T18:19:42.905000
5.182,2026-07-03T18:19:42.907000
5.184,2026-07-03T18:19:42.909000
5.186,2026-07-03T18:19:42.911000
5.188,2026-07-03T18:19:42.913000
5.19,2026-07-03T18:19:42.915000
5.192,2026-07-03T18:19:42.917000
5.194,2026-07-03T18:19:42.919000
5.196,2026-07-03T18:19:42.921000
5.198,2026-07-03T18:19:42.923000
5.2,2026-07-03T18:19:42.925000
5.202,2026-07-03T18:19:42.927000
5.204,2026-07-03T18:19:42.929000
5.206,2026-07-03T18:19:42.931000
5.208,2026-07-03T18:19:42.933000
5.21,2026-07-03T18:19:42.935000
5.212,2026-07-03T18:19:42.937000
5.214,2026-07-03T18:19:42.939000
5.216,2026-07-03T18:19:42.941000
5.218,2026-07-03T18:19:42.943000
5.22,2026-07-03T18:19:42.945000
5.222,2026-07-03T18:19:42.947000
5.224,2026-07-03T18:19:42.949000
5.226,2026-07-03T18:19:42.951000
5.228,2026-07-03T18:19:42.953000
5.23,2026-07-03T18:19:42.955000
5.232,2026-07-03T18:19:42.957000
5.234,2026-07-03T18:19:42.959000
5.236,2026-07-03T18:19:42.961000
5.238,2026-07-03T18:19:42.963000
5.24,2026-07-03T18:19:42.965000
5.242,2026-07-03T18:19:42.967000
5.244,2026-07-03T18:19:42.969000
5.246,2026-07-03T18:19:42.971000
5.248,2026-07-03T18:19:42.973000
5.25,2026-07-03T18:19:42.975000
5.252,2026-07-03T18:19:42.977000
5.254,2026-07-03T18:19:42.979000
5.256,2026-07-03T18:19:42.981000
5.258,2026-07-03T18:19:42.983000
5.26,2026-07-03T18:19:42.985000
5.262,2026-07-03T18:19:42.987000
5.264,2026-07-03T18:19:42.989000
5.266,2026-07-03T18:19:42.991000
5.268,2026-07-03T18:19:42.993000
5.27,2026-07-03T18:19:42.995000
5.272,2026-07-03T18:19:42.997000
5.274,2026-07-03T18:19:42.999000
5.276,2026-07-03T18:19:43.001000
5.278,2026-07-03T18:19:43.003000
5.28,2026-07-03T18:19:43.005000
5.282,2026-07-03T18:19:43.007000
5.284,2026-07-03T18:19:43.009000
5.286,2026-07-03T18:19:43.011000
5.288,2026-07-03T18:19:43.013000
5.29,2026-07-03T18:19:43.015000
5.292,2026-07-03T18:19:43.017000
5.294,2026-07-03T18:19:43.019000
5.296,2026-07-03T18:19:43.021000
5.298,2026-07-03T18:19:43.023000
5.3,2026-07-03T18:19:43.025000
5.302,2026-07-03T18:19:43.027000
5.304,2026-07-03T18:19:43.029000
5.306,2026-07-03T18:19:43.031000
5.308,2026-07-03T18:19:43.033000
5.31,2026-07-03T18:19:43.035000
5.312,2026-07-03T18:19:43.037000
5.314,2026-07-03T18:19:43.039000
5.316,2026-07-03T18:19:43.041000
5.318,2026-07-03T18:19:43.043000
5.32,2026-07-03T18:19:43.045000
5.322,2026-07-03T18:19:43.047000
5.324,2026-07-03T18:19:43.049000
5.326,2026-07-03T18:19:43.051000
5.328,2026-07-03T18:19:43.053000
5.33,2026-07-03T18:19:43.055000
5.332,2026-07-03T18:19:43.057000
5.334,2026-07-03T18:19:43.059000
5.336,2026-07-03T18:19:43.061000
5.338,2026-07-03T18:19:43.063000
5.34,2026-07-03T18:19:43.065000
5.342,2026-07-03T18:19:43.067000
5.344,2026-07-03T18:19:43.069000
5.346,2026-07-03T18:19:43.071000
5.348,2026-07-03T18:19:43.073000
5.35,2026-07-03T18:19:43.075000
5.352,2026-07-03T18:19:43.077000
5.354,2026-07-03T18:19:43.079000
5.356,2026-07-03T18:19:43.081000
5.358,2026-07-03T18:19:43.083000
5.36,2026-07-03T18:19:43.085000
5.362,2026-07-03T18:19:43.087000
5.364,2026-07-03T18:19:43.089000
5.366,2026-07-03T18:19:43.091000
5.368,2026-07-03T18:19:43.093000
5.37,2026-07-03T18:19:43.095000
5.372,2026-07-03T18:19:43.097000
5.374,2026-07-03T18:19:43.099000
5.376,2026-07-03T18:19:43.101000
5.378,2026-07-03T18:19:43.103000
5.38,2026-07-03T18:19:43.105000
5.382,2026-07-03T18:19:43.107000
5.384,2026-07-03T18:19:43.109000
5.386,2026-07-03T18:19:43.111000
5.388,2026-07-03T18:19:43.113000
5.39,2026-07-03T18:19:43.115000
5.392,2026-07-03T18:19:43.117000
5.394,2026-07-03T18:19:43.119000
5.396,2026-07-03T18:19:43.121000
5.398,2026-07-03T18:19:43.123000
5.4,2026-07-03T18:19:43.125000
5.402,2026-07-03T18:19:43.127000
5.404,2026-07-03T18:19:43.129000
5.406,2026-07-03T18:19:43.131000
5.408,2026-07-03T18:19:43.133000
5.41,2026-07-03T18:19:43.135000
5.412,2026-07-03T18:19:43.137000
5.414,2026-07-03T18:19:43.139000
5.416,2026-07-03T18:19:43.141000
5.418,2026-07-03T18:19:43.143000
5.42,2026-07-03T18:19:43.145000
5.422,2026-07-03T18:19:43.147000
5.424,2026-07-03T18:19:43.149000
5.426,2026-07-03T18:19:43.151000
5.428,2026-07-03T18:19:43.153000
5.43,2026-07-03T18:19:43.155000
5.432,2026-07-03T18:19:43.157000
5.434,2026-07-03T18:19:43.159000
5.436,2026-07-03T18:19:43.161000
5.438,2026-07-03T18:19:43.163000
5.44,2026-07-03T18:19:43.165000
5.442,2026-07-03T18:19:43.167000
5.444,2026-07-03T18:19:43.169000
5.446,2026-07-03T18:19:43.171000
5.448,2026-07-03T18:19:43.173000
5.45,2026-07-03T18:19:43.175000
5.452,2026-07-03T18:19:43.177000
5.454,2026-07-03T18:19:43.179000
5.456,2026-07-03T18:19:43.181000
5.458,2026-07-03T18:19:43.183000
5.46,2026-07-03T18:19:43.185000
5.462,2026-07-03T18:19:43.187000
5.464,2026-07-03T18:19:43.189000
5.466,2026-07-03T18:19:43.191000
5.468,2026-07-03T18:19:43.193000
5.47,2026-07-03T18:19:43.195000
5.472,2026-07-03T18:19:43.197000
5.474,2026-07-03T18:19:43.199000
5.476,2026-07-03T18:19:43.201000
5.478,2026-07-03T18:19:43.203000
5.48,2026-07-03T18:19:43.205000
5.482,2026-07-03T18:19:43.207000
5.484,2026-07-03T18:19:43.209000
5.486,2026-07-03T18:19:43.211000
5.488,2026-07-03T18:19:43.213000
5.49,2026-07-03T18:19:43.215000
5.492,2026-07-03T18:19:43.217000
5.494,2026-07-03T18:19:43.219000
5.496,2026-07-03T18:19:43.221000
5.498,2026-07-03T18:19:43.223000
5.5,2026-07-03T18:19:43.225000
5.502,2026-07-03T18:19:43.227000
5.504,2026-07-03T18:19:43.229000
5.506,2026-07-03T18:19:43.231000
5.508,2026-07-03T18:19:43.233000
5.51,2026-07-03T18:19:43.235000
5.512,2026-07-03T18:19:43.237000
5.514,2026-07-03T18:19:43.239000
5.516,2026-07-03T18:19:43.241000
5.518,2026-07-03T18:19:43.243000
5.52,2026-07-03T18:19:43.245000
5.522,2026-07-03T18:19:43.247000
5.524,2026-07-03T18:19:43.249000
5.526,2026-07-03T18:19:43.251000
5.528,2026-07-03T18:19:43.253000
5.53,2026-07-03T18:19:43.255000
5.532,2026-07-03T18:19:43.257000
5.534,2026-07-03T18:19:43.259000
5.536,2026-07-03T18:19:43.261000
5.538,2026-07-03T18:19:43.263000
5.54,2026-07-03T18:19:43.265000
5.542,2026-07-03T18:19:43.267000
5.544,2026-07-03T18:19:43.269000
5.546,2026-07-03T18:19:43.271000
5.548,2026-07-03T18:19:43.273000
5.55,2026-07-03T18:19:43.275000
5.552,2026-07-03T18:19:43.277000
5.554,2026-07-03T18:19:43.279000
5.556,2026-07-03T18:19:43.281000
5.558,2026-07-03T18:19:43.283000
5.56,2026-07-03T18:19:43.285000
5.562,2026-07-03T18:19:43.287000
5.564,2026-07-03T18:19:43.289000
5.566,2026-07-03T18:19:43.291000
5.568,2026-07-03T18:19:43.293000
5.57,2026-07-03T18:19:43.295000
5.572,2026-07-03T18:19:43.297000
5.574,2026-07-03T18:19:43.299000
5.576,2026-07-03T18:19:43.301000
5.578,2026-07-03T18:19:43.303000
5.58,2026-07-03T18:19:43.305000
5.582,2026-07-03T18:19:43.307000
5.584,2026-07-03T18:19:43.309000
5.586,2026-07-03T18:19:43.311000
5.588,2026-07-03T18:19:43.313000
5.59,2026-07-03T18:19:43.315000
5.592,2026-07-03T18:19:43.317000
5.594,2026-07-03T18:19:43.319000
5.596,2026-07-03T18:19:43.321000
5.598,2026-07-03T18:19:43.323000
5.6,2026-07-03T18:19:43.325000
5.602,2026-07-03T18:19:43.327000
5.604,2026-07-03T18:19:43.329000
5.606,2026-07-03T18:19:43.331000
5.608,2026-07-03T18:19:43.333000
5.61,2026-07-03T18:19:43.335000
5.612,2026-07-03T18:19:43.337000
5.614,2026-07-03T18:19:43.339000
5.616,2026-07-03T18:19:43.341000
5.618,2026-07-03T18:19:43.343000
5.62,2026-07-03T18:19:43.345000
5.622,2026-07-03T18:19:43.347000
5.624,2026-07-03T18:19:43.349000
5.626,2026-07-03T18:19:43.351000
5.628,2026-07-03T18:19:43.353000
5.63,2026-07-03T18:19:43.355000
5.632,2026-07-03T18:19:43.357000
5.634,2026-07-03T18:19:43.359000
5.636,2026-07-03T18:19:43.361000
5.638,2026-07-03T18:19:43.363000
5.64,2026-07-03T18:19:43.365000
5.642,2026-07-03T18:19:43.367000
5.644,2026-07-03T18:19:43.369000
5.646,2026-07-03T18:19:43.371000
5.648,2026-07-03T18:19:43.373000
5.65,2026-07-03T18:19:43.375000
5.652,2026-07-03T18:19:43.377000
5.654,2026-07-03T18:19:43.379000
5.656,2026-07-03T18:19:43.381000
5.658,2026-07-03T18:19:43.383000
5.66,2026-07-03T18:19:43.385000
5.662,2026-07-03T18:19:43.387000
5.664,2026-07-03T18:19:43.389000
5.666,2026-07-03T18:19:43.391000
5.668,2026-07-03T18:19:43.393000
5.67,2026-07-03T18:19:43.395000
5.672,2026-07-03T18:19:43.397000
5.674,2026-07-03T18:19:43.399000
5.676,2026-07-03T18:19:43.401000
5.678,2026-07-03T18:19:43.403000
5.68,2026-07-03T18:19:43.405000
5.682,2026-07-03T18:19:43.407000
5.684,2026-07-03T18:19:43.409000
5.686,2026-07-03T18:19:43.411000
5.688,2026-07-03T18:19:43.413000
5.69,2026-07-03T18:19:43.415000
5.692,2026-07-03T18:19:43.417000
5.694,2026-07-03T18:19:43.419000
5.696,2026-07-03T18:19:43.421000
5.698,2026-07-03T18:19:43.423000
5.7,2026-07-03T18:19:43.425000
5.702,2026-07-03T18:19:43.427000
5.704,2026-07-03T18:19:43.429000
5.706,2026-07-03T18:19:43.431000
5.708,2026-07-03T18:19:43.433000
5.71,2026-07-03T18:19:43.435000
5.712,2026-07-03T18:19:43.437000
5.714,2026-07-03T18:19:43.439000
5.716,2026-07-03T18:19:43.441000
5.718,2026-07-03T18:19:43.443000
5.72,2026-07-03T18:19:43.445000
5.722,2026-07-03T18:19:43.447000
5.724,2026-07-03T18:19:43.449000
5.726,2026-07-03T18:19:43.451000
5.728,2026-07-03T18:19:43.453000
5.73,2026-07-03T18:19:43.455000
5.732,2026-07-03T18:19:43.457000
5.734,2026-07-03T18:19:43.459000
5.736,2026-07-03T18:19:43.461000
5.738,2026-07-03T18:19:43.463000
5.74,2026-07-03T18:19:43.465000
5.742,2026-07-03T18:19:43.467000
5.744,2026-07-03T18:19:43.469000
5.746,2026-07-03T18:19:43.471000
5.748,2026-07-03T18:19:43.473000
5.75,2026-07-03T18:19:43.475000
5.752,2026-07-03T18:19:43.477000
5.754,2026-07-03T18:19:43.479000
5.756,2026-07-03T18:19:43.481000
5.758,2026-07-03T18:19:43.483000
5.76,2026-07-03T18:19:43.485000
5.762,2026-07-03T18:19:43.487000
5.764,2026-07-03T18:19:43.489000
5.766,2026-07-03T18:19:43.491000
5.768,2026-07-03T18:19:43.493000
5.77,2026-07-03T18:19:43.495000
5.772,2026-07-03T18:19:43.497000
5.774,2026-07-03T18:19:43.499000
5.776,2026-07-03T18:19:43.501000
5.778,2026-07-03T18:19:43.503000
5.78,2026-07-03T18:19:43.505000
5.782,2026-07-03T18:19:43.507000
5.784,2026-07-03T18:19:43.509000
5.786,2026-07-03T18:19:43.511000
5.788,2026-07-03T18:19:43.513000
5.79,2026-07-03T18:19:43.515000
5.792,2026-07-03T18:19:43.517000
5.794,2026-07-03T18:19:43.519000
5.796,2026-07-03T18:19:43.521000
5.798,2026-07-03T18:19:43.523000
5.8,2026-07-03T18:19:43.525000
5.802,2026-07-03T18:19:43.527000
5.804,2026-07-03T18:19:43.529000
5.806,2026-07-03T18:19:43.531000
5.808,2026-07-03T18:19:43.533000
5.81,2026-07-03T18:19:43.535000
5.812,2026-07-03T18:19:43.537000
5.814,2026-07-03T18:19:43.539000
5.816,2026-07-03T18:19:43.541000
5.818,2026-07-03T18:19:43.543000
5.82,2026-07-03T18:19:43.545000
5.822,2026-07-03T18:19:43.547000
5.824,2026-07-03T18:19:43.549000
5.826,2026-07-03T18:19:43.551000
5.828,2026-07-03T18:19:43.553000
5.83,2026-07-03T18:19:43.555000
5.832,2026-07-03T18:19:43.557000
5.834,2026-07-03T18:19:43.559000
5.836,2026-07-03T18:19:43.561000
5.838,2026-07-03T18:19:43.563000
5.84,2026-07-03T18:19:43.565000
5.842,2026-07-03T18:19:43.567000
5.844,2026-07-03T18:19:43.569000
5.846,2026-07-03T18:19:43.571000
5.848,2026-07-03T18:19:43.573000
5.85,2026-07-03T18:19:43.575000
5.852,2026-07-03T18:19:43.577000
5.854,2026-07-03T18:19:43.579000
5.856,2026-07-03T18:19:43.581000
5.858,2026-07-03T18:19:43.583000
5.86,2026-07-03T18:19:43.585000
5.862,2026-07-03T18:19:43.587000
5.864,2026-07-03T18:19:43.589000
5.866,2026-07-03T18:19:43.591000
5.868,2026-07-03T18:19:43.593000
5.87,2026-07-03T18:19:43.595000
5.872,2026-07-03T18:19:43.597000
5.874,2026-07-03T18:19:43.599000
5.876,2026-07-03T18:19:43.601000
5.878,2026-07-03T18:19:43.603000
5.88,2026-07-03T18:19:43.605000
5.882,2026-07-03T18:19:43.607000
5.884,2026-07-03T18:19:43.609000
5.886,2026-07-03T18:19:43.611000
5.888,2026-07-03T18:19:43.613000
5.89,2026-07-03T18:19:43.615000
5.892,2026-07-03T18:19:43.617000
5.894,2026-07-03T18:19:43.619000
5.896,2026-07-03T18:19:43.621000
5.898,2026-07-03T18:19:43.623000
5.9,2026-07-03T18:19:43.625000
5.902,2026-07-03T18:19:43.627000
5.904,2026-07-03T18:19:43.629000
5.906,2026-07-03T18:19:43.631000
5.908,2026-07-03T18:19:43.633000
5.91,2026-07-03T18:19:43.635000
5.912,2026-07-03T18:19:43.637000
5.914,2026-07-03T18:19:43.639000
5.916,2026-07-03T18:19:43.641000
5.918,2026-07-03T18:19:43.643000
5.92,2026-07-03T18:19:43.645000
5.922,2026-07-03T18:19:43.647000
5.924,2026-07-03T18:19:43.649000
5.926,2026-07-03T18:19:43.651000
5.928,2026-07-03T18:19:43.653000
5.93,2026-07-03T18:19:43.655000
5.932,2026-07-03T18:19:43.657000
5.934,2026-07-03T18:19:43.659000
5.936,2026-07-03T18:19:43.661000
5.938,2026-07-03T18:19:43.663000
5.94,2026-07-03T18:19:43.665000
5.942,2026-07-03T18:19:43.667000
5.944,2026-07-03T18:19:43.669000
5.946,2026-07-03T18:19:43.671000
5.948,2026-07-03T18:19:43.673000
5.95,2026-07-03T18:19:43.675000
5.952,2026-07-03T18:19:43.677000
5.954,2026-07-03T18:19:43.679000
5.956,2026-07-03T18:19:43.681000
5.958,2026-07-03T18:19:43.683000
5.96,2026-07-03T18:19:43.685000
5.962,2026-07-03T18:19:43.687000
5.964,2026-07-03T18:19:43.689000
5.966,2026-07-03T18:19:43.691000
5.968,2026-07-03T18:19:43.693000
5.97,2026-07-03T18:19:43.695000
5.972,2026-07-03T18:19:43.697000
5.974,2026-07-03T18:19:43.699000
5.976,2026-07-03T18:19:43.701000
5.978,2026-07-03T18:19:43.703000
5.98,2026-07-03T18:19:43.705000
5.982,2026-07-03T18:19:43.707000
5.984,2026-07-03T18:19:43.709000
5.986,2026-07-03T18:19:43.711000
5.988,2026-07-03T18:19:43.713000
5.99,2026-07-03T18:19:43.715000
5.992,2026-07-03T18:19:43.717000
5.994,2026-07-03T18:19:43.719000
5.996,2026-07-03T18:19:43.721000
5.998,2026-07-03T18:19:43.723000
6,2026-07-03T18:19:43.725000
6.002,2026-07-03T18:19:43.727000
6.004,2026-07-03T18:19:43.729000
6.006,2026-07-03T18:19:43.731000
6.008,2026-07-03T18:19:43.733000
6.01,2026-07-03T18:19:43.735000
6.012,2026-07-03T18:19:43.737000
6.014,2026-07-03T18:19:43.739000
6.016,2026-07-03T18:19:43.741000
6.018,2026-07-03T18:19:43.743000
6.02,2026-07-03T18:19:43.745000
6.022,2026-07-03T18:19:43.747000
6.024,2026-07-03T18:19:43.749000
6.026,2026-07-03T18:19:43.751000
6.028,2026-07-03T18:19:43.753000
6.03,2026-07-03T18:19:43.755000
6.032,2026-07-03T18:19:43.757000
6.034,2026-07-03T18:19:43.759000
6.036,2026-07-03T18:19:43.761000
6.038,2026-07-03T18:19:43.763000
6.04,2026-07-03T18:19:43.765000
6.042,2026-07-03T18:19:43.767000
6.044,2026-07-03T18:19:43.769000
6.046,2026-07-03T18:19:43.771000
6.048,2026-07-03T18:19:43.773000
6.05,2026-07-03T18:19:43.775000
6.052,2026-07-03T18:19:43.777000
6.054,2026-07-03T18:19:43.779000
6.056,2026-07-03T18:19:43.781000
6.058,2026-07-03T18:19:43.783000
6.06,2026-07-03T18:19:43.785000
6.062,2026-07-03T18:19:43.787000
6.064,2026-07-03T18:19:43.789000
6.066,2026-07-03T18:19:43.791000
6.068,2026-07-03T18:19:43.793000
6.07,2026-07-03T18:19:43.795000
6.072,2026-07-03T18:19:43.797000
6.074,2026-07-03T18:19:43.799000
6.076,2026-07-03T18:19:43.801000
6.078,2026-07-03T18:19:43.803000
6.08,2026-07-03T18:19:43.805000
6.082,2026-07-03T18:19:43.807000
6.084,2026-07-03T18:19:43.809000
6.086,2026-07-03T18:19:43.811000
6.088,2026-07-03T18:19:43.813000
6.09,2026-07-03T18:19:43.815000
6.092,2026-07-03T18:19:43.817000
6.094,2026-07-03T18:19:43.819000
6.096,2026-07-03T18:19:43.821000
6.098,2026-07-03T18:19:43.823000
6.1,2026-07-03T18:19:43.825000
6.102,2026-07-03T18:19:43.827000
6.104,2026-07-03T18:19:43.829000
6.106,2026-07-03T18:19:43.831000
6.108,2026-07-03T18:19:43.833000
6.11,2026-07-03T18:19:43.835000
6.112,2026-07-03T18:19:43.837000
6.114,2026-07-03T18:19:43.839000
6.116,2026-07-03T18:19:43.841000
6.118,2026-07-03T18:19:43.843000
6.12,2026-07-03T18:19:43.845000
6.122,2026-07-03T18:19:43.847000
6.124,2026-07-03T18:19:43.849000
6.126,2026-07-03T18:19:43.851000
6.128,2026-07-03T18:19:43.853000
6.13,2026-07-03T18:19:43.855000
6.132,2026-07-03T18:19:43.857000
6.134,2026-07-03T18:19:43.859000
6.136,2026-07-03T18:19:43.861000
6.138,2026-07-03T18:19:43.863000
6.14,2026-07-03T18:19:43.865000
6.142,2026-07-03T18:19:43.867000
6.144,2026-07-03T18:19:43.869000
6.146,2026-07-03T18:19:43.871000
6.148,2026-07-03T18:19:43.873000
6.15,2026-07-03T18:19:43.875000
6.152,2026-07-03T18:19:43.877000
6.154,2026-07-03T18:19:43.879000
6.156,2026-07-03T18:19:43.881000
6.158,2026-07-03T18:19:43.883000
6.16,2026-07-03T18:19:43.885000
6.162,2026-07-03T18:19:43.887000
6.164,2026-07-03T18:19:43.889000
6.166,2026-07-03T18:19:43.891000
6.168,2026-07-03T18:19:43.893000
6.17,2026-07-03T18:19:43.895000
6.172,2026-07-03T18:19:43.897000
6.174,2026-07-03T18:19:43.899000
6.176,2026-07-03T18:19:43.901000
6.178,2026-07-03T18:19:43.903000
6.18,2026-07-03T18:19:43.905000
6.182,2026-07-03T18:19:43.907000
6.184,2026-07-03T18:19:43.909000
6.186,2026-07-03T18:19:43.911000
6.188,2026-07-03T18:19:43.913000
6.19,2026-07-03T18:19:43.915000
6.192,2026-07-03T18:19:43.917000
6.194,2026-07-03T18:19:43.919000
6.196,2026-07-03T18:19:43.921000
6.198,2026-07-03T18:19:43.923000
6.2,2026-07-03T18:19:43.925000
6.202,2026-07-03T18:19:43.927000
6.204,2026-07-03T18:19:43.929000
6.206,2026-07-03T18:19:43.931000
6.208,2026-07-03T18:19:43.933000
6.21,2026-07-03T18:19:43.935000
6.212,2026-07-03T18:19:43.937000
6.214,2026-07-03T18:19:43.939000
6.216,2026-07-03T18:19:43.941000
6.218,2026-07-03T18:19:43.943000
6.22,2026-07-03T18:19:43.945000
6.222,2026-07-03T18:19:43.947000
6.224,2026-07-03T18:19:43.949000
6.226,2026-07-03T18:19:43.951000
6.228,2026-07-03T18:19:43.953000
6.23,2026-07-03T18:19:43.955000
6.232,2026-07-03T18:19:43.957000
6.234,2026-07-03T18:19:43.959000
6.236,2026-07-03T18:19:43.961000
6.238,2026-07-03T18:19:43.963000
6.24,2026-07-03T18:19:43.965000
6.242,2026-07-03T18:19:43.967000
6.244,2026-07-03T18:19:43.969000
6.246,2026-07-03T18:19:43.971000
6.248,2026-07-03T18:19:43.973000
6.25,2026-07-03T18:19:43.975000
6.252,2026-07-03T18:19:43.977000
6.254,2026-07-03T18:19:43.979000
6.256,2026-07-03T18:19:43.981000
6.258,2026-07-03T18:19:43.983000
6.26,2026-07-03T18:19:43.985000
6.262,2026-07-03T18:19:43.987000
6.264,2026-07-03T18:19:43.989000
6.266,2026-07-03T18:19:43.991000
6.268,2026-07-03T18:19:43.993000
6.27,2026-07-03T18:19:43.995000
6.272,2026-07-03T18:19:43.997000
6.274,2026-07-03T18:19:43.999000
6.276,2026-07-03T18:19:44.001000
6.278,2026-07-03T18:19:44.003000
6.28,2026-07-03T18:19:44.005000
6.282,2026-07-03T18:19:44.007000
6.284,2026-07-03T18:19:44.009000
6.286,2026-07-03T18:19:44.011000
6.288,2026-07-03T18:19:44.013000
6.29,2026-07-03T18:19:44.015000
6.292,2026-07-03T18:19:44.017000
6.294,2026-07-03T18:19:44.019000
6.296,2026-07-03T18:19:44.021000
6.298,2026-07-03T18:19:44.023000
6.3,2026-07-03T18:19:44.025000
6.302,2026-07-03T18:19:44.027000
6.304,2026-07-03T18:19:44.029000
6.306,2026-07-03T18:19:44.031000
6.308,2026-07-03T18:19:44.033000
6.31,2026-07-03T18:19:44.035000
6.312,2026-07-03T18:19:44.037000
6.314,2026-07-03T18:19:44.039000
6.316,2026-07-03T18:19:44.041000
6.318,2026-07-03T18:19:44.043000
6.32,2026-07-03T18:19:44.045000
6.322,2026-07-03T18:19:44.047000
6.324,2026-07-03T18:19:44.049000
6.326,2026-07-03T18:19:44.051000
6.328,2026-07-03T18:19:44.053000
6.33,2026-07-03T18:19:44.055000
6.332,2026-07-03T18:19:44.057000
6.334,2026-07-03T18:19:44.059000
6.336,2026-07-03T18:19:44.061000
6.338,2026-07-03T18:19:44.063000
6.34,2026-07-03T18:19:44.065000
6.342,2026-07-03T18:19:44.067000
6.344,2026-07-03T18:19:44.069000
6.346,2026-07-03T18:19:44.071000
6.348,2026-07-03T18:19:44.073000
6.35,2026-07-03T18:19:44.075000
6.352,2026-07-03T18:19:44.077000
6.354,2026-07-03T18:19:44.079000
6.356,2026-07-03T18:19:44.081000
6.358,2026-07-03T18:19:44.083000
6.36,2026-07-03T18:19:44.085000
6.362,2026-07-03T18:19:44.087000
6.364,2026-07-03T18:19:44.089000
6.366,2026-07-03T18:19:44.091000
6.368,2026-07-03T18:19:44.093000
6.37,2026-07-03T18:19:44.095000
6.372,2026-07-03T18:19:44.097000
6.374,2026-07-03T18:19:44.099000
6.376,2026-07-03T18:19:44.101000
6.378,2026-07-03T18:19:44.103000
6.38,2026-07-03T18:19:44.105000
6.382,2026-07-03T18:19:44.107000
6.384,2026-07-03T18:19:44.109000
6.386,2026-07-03T18:19:44.111000
6.388,2026-07-03T18:19:44.113000
6.39,2026-07-03T18:19:44.115000
6.392,2026-07-03T18:19:44.117000
6.394,2026-07-03T18:19:44.119000
6.396,2026-07-03T18:19:44.121000
6.398,2026-07-03T18:19:44.123000
6.4,2026-07-03T18:19:44.125000
6.402,2026-07-03T18:19:44.127000
6.404,2026-07-03T18:19:44.129000
6.406,2026-07-03T18:19:44.131000
6.408,2026-07-03T18:19:44.133000
6.41,2026-07-03T18:19:44.135000
6.412,2026-07-03T18:19:44.137000
6.414,2026-07-03T18:19:44.139000
6.416,2026-07-03T18:19:44.141000
6.418,2026-07-03T18:19:44.143000
6.42,2026-07-03T18:19:44.145000
6.422,2026-07-03T18:19:44.147000
6.424,2026-07-03T18:19:44.149000
6.426,2026-07-03T18:19:44.151000
6.428,2026-07-03T18:19:44.153000
6.43,2026-07-03T18:19:44.155000
6.432,2026-07-03T18:19:44.157000
6.434,2026-07-03T18:19:44.159000
6.436,2026-07-03T18:19:44.161000
6.438,2026-07-03T18:19:44.163000
6.44,2026-07-03T18:19:44.165000
6.442,2026-07-03T18:19:44.167000
6.444,2026-07-03T18:19:44.169000
6.446,2026-07-03T18:19:44.171000
6.448,2026-07-03T18:19:44.173000
6.45,2026-07-03T18:19:44.175000
6.452,2026-07-03T18:19:44.177000
6.454,2026-07-03T18:19:44.179000
6.456,2026-07-03T18:19:44.181000
6.458,2026-07-03T18:19:44.183000
6.46,2026-07-03T18:19:44.185000
6.462,2026-07-03T18:19:44.187000
6.464,2026-07-03T18:19:44.189000
6.466,2026-07-03T18:19:44.191000
6.468,2026-07-03T18:19:44.193000
6.47,2026-07-03T18:19:44.195000
6.472,2026-07-03T18:19:44.197000
6.474,2026-07-03T18:19:44.199000
6.476,2026-07-03T18:19:44.201000
6.478,2026-07-03T18:19:44.203000
6.48,2026-07-03T18:19:44.205000
6.482,2026-07-03T18:19:44.207000
6.484,2026-07-03T18:19:44.209000
6.486,2026-07-03T18:19:44.211000
6.488,2026-07-03T18:19:44.213000
6.49,2026-07-03T18:19:44.215000
6.492,2026-07-03T18:19:44.217000
6.494,2026-07-03T18:19:44.219000
6.496,2026-07-03T18:19:44.221000
6.498,2026-07-03T18:19:44.223000
6.5,2026-07-03T18:19:44.225000
6.502,2026-07-03T18:19:44.227000
6.504,2026-07-03T18:19:44.229000
6.506,2026-07-03T18:19:44.231000
6.508,2026-07-03T18:19:44.233000
6.51,2026-07-03T18:19:44.235000
6.512,2026-07-03T18:19:44.237000
6.514,2026-07-03T18:19:44.239000
6.516,2026-07-03T18:19:44.241000
6.518,2026-07-03T18:19:44.243000
6.52,2026-07-03T18:19:44.245000
6.522,2026-07-03T18:19:44.247000
6.524,2026-07-03T18:19:44.249000
6.526,2026-07-03T18:19:44.251000
6.528,2026-07-03T18:19:44.253000
6.53,2026-07-03T18:19:44.255000
6.532,2026-07-03T18:19:44.257000
6.534,2026-07-03T18:19:44.259000
6.536,2026-07-03T18:19:44.261000
6.538,2026-07-03T18:19:44.263000
6.54,2026-07-03T18:19:44.265000
6.542,2026-07-03T18:19:44.267000
6.544,2026-07-03T18:19:44.269000
6.546,2026-07-03T18:19:44.271000
6.548,2026-07-03T18:19:44.273000
6.55,2026-07-03T18:19:44.275000
6.552,2026-07-03T18:19:44.277000
6.554,2026-07-03T18:19:44.279000
6.556,2026-07-03T18:19:44.281000
6.558,2026-07-03T18:19:44.283000
6.56,2026-07-03T18:19:44.285000
6.562,2026-07-03T18:19:44.287000
6.564,2026-07-03T18:19:44.289000
6.566,2026-07-03T18:19:44.291000
6.568,2026-07-03T18:19:44.293000
6.57,2026-07-03T18:19:44.295000
6.572,2026-07-03T18:19:44.297000
6.574,2026-07-03T18:19:44.299000
6.576,2026-07-03T18:19:44.301000
6.578,2026-07-03T18:19:44.303000
6.58,2026-07-03T18:19:44.305000
6.582,2026-07-03T18:19:44.307000
6.584,2026-07-03T18:19:44.309000
6.586,2026-07-03T18:19:44.311000
6.588,2026-07-03T18:19:44.313000
6.59,2026-07-03T18:19:44.315000
6.592,2026-07-03T18:19:44.317000
6.594,2026-07-03T18:19:44.319000
6.596,2026-07-03T18:19:44.321000
6.598,2026-07-03T18:19:44.323000
6.6,2026-07-03T18:19:44.325000
6.602,2026-07-03T18:19:44.327000
6.604,2026-07-03T18:19:44.329000
6.606,2026-07-03T18:19:44.331000
6.608,2026-07-03T18:19:44.333000
6.61,2026-07-03T18:19:44.335000
6.612,2026-07-03T18:19:44.337000
6.614,2026-07-03T18:19:44.339000
6.616,2026-07-03T18:19:44.341000
6.618,2026-07-03T18:19:44.343000
6.62,2026-07-03T18:19:44.345000
6.622,2026-07-03T18:19:44.347000
6.624,2026-07-03T18:19:44.349000
6.626,2026-07-03T18:19:44.351000
6.628,2026-07-03T18:19:44.353000
6.63,2026-07-03T18:19:44.355000
6.632,2026-07-03T18:19:44.357000
6.634,2026-07-03T18:19:44.359000
6.636,2026-07-03T18:19:44.361000
6.638,2026-07-03T18:19:44.363000
6.64,2026-07-03T18:19:44.365000
6.642,2026-07-03T18:19:44.367000
6.644,2026-07-03T18:19:44.369000
6.646,2026-07-03T18:19:44.371000
6.648,2026-07-03T18:19:44.373000
6.65,2026-07-03T18:19:44.375000
6.652,2026-07-03T18:19:44.377000
6.654,2026-07-03T18:19:44.379000
6.656,2026-07-03T18:19:44.381000
6.658,2026-07-03T18:19:44.383000
6.66,2026-07-03T18:19:44.385000
6.662,2026-07-03T18:19:44.387000
6.664,2026-07-03T18:19:44.389000
6.666,2026-07-03T18:19:44.391000
6.668,2026-07-03T18:19:44.393000
6.67,2026-07-03T18:19:44.395000
6.672,2026-07-03T18:19:44.397000
6.674,2026-07-03T18:19:44.399000
6.676,2026-07-03T18:19:44.401000
6.678,2026-07-03T18:19:44.403000
6.68,2026-07-03T18:19:44.405000
6.682,2026-07-03T18:19:44.407000
6.684,2026-07-03T18:19:44.409000
6.686,2026-07-03T18:19:44.411000
6.688,2026-07-03T18:19:44.413000
6.69,2026-07-03T18:19:44.415000
6.692,2026-07-03T18:19:44.417000
6.694,2026-07-03T18:19:44.419000
6.696,2026-07-03T18:19:44.421000
6.698,2026-07-03T18:19:44.423000
6.7,2026-07-03T18:19:44.425000
6.702,2026-07-03T18:19:44.427000
6.704,2026-07-03T18:19:44.429000
6.706,2026-07-03T18:19:44.431000
6.708,2026-07-03T18:19:44.433000
6.71,2026-07-03T18:19:44.435000
6.712,2026-07-03T18:19:44.437000
6.714,2026-07-03T18:19:44.439000
6.716,2026-07-03T18:19:44.441000
6.718,2026-07-03T18:19:44.443000
6.72,2026-07-03T18:19:44.445000
6.722,2026-07-03T18:19:44.447000
6.724,2026-07-03T18:19:44.449000
6.726,2026-07-03T18:19:44.451000
6.728,2026-07-03T18:19:44.453000
6.73,2026-07-03T18:19:44.455000
6.732,2026-07-03T18:19:44.457000
6.734,2026-07-03T18:19:44.459000
6.736,2026-07-03T18:19:44.461000
6.738,2026-07-03T18:19:44.463000
6.74,2026-07-03T18:19:44.465000
6.742,2026-07-03T18:19:44.467000
6.744,2026-07-03T18:19:44.469000
6.746,2026-07-03T18:19:44.471000
6.748,2026-07-03T18:19:44.473000
6.75,2026-07-03T18:19:44.475000
6.752,2026-07-03T18:19:44.477000
6.754,2026-07-03T18:19:44.479000
6.756,2026-07-03T18:19:44.481000
6.758,2026-07-03T18:19:44.483000
6.76,2026-07-03T18:19:44.485000
6.762,2026-07-03T18:19:44.487000
6.764,2026-07-03T18:19:44.489000
6.766,2026-07-03T18:19:44.491000
6.768,2026-07-03T18:19:44.493000
6.77,2026-07-03T18:19:44.495000
6.772,2026-07-03T18:19:44.497000
6.774,2026-07-03T18:19:44.499000
6.776,2026-07-03T18:19:44.501000
6.778,2026-07-03T18:19:44.503000
6.78,2026-07-03T18:19:44.505000
6.782,2026-07-03T18:19:44.507000
6.784,2026-07-03T18:19:44.509000
6.786,2026-07-03T18:19:44.511000
6.788,2026-07-03T18:19:44.513000
6.79,2026-07-03T18:19:44.515000
6.792,2026-07-03T18:19:44.517000
6.794,2026-07-03T18:19:44.519000
6.796,2026-07-03T18:19:44.521000
6.798,2026-07-03T18:19:44.523000
6.8,2026-07-03T18:19:44.525000
6.802,2026-07-03T18:19:44.527000
6.804,2026-07-03T18:19:44.529000
6.806,2026-07-03T18:19:44.531000
6.808,2026-07-03T18:19:44.533000
6.81,2026-07-03T18:19:44.535000
6.812,2026-07-03T18:19:44.537000
6.814,2026-07-03T18:19:44.539000
6.816,2026-07-03T18:19:44.541000
6.818,2026-07-03T18:19:44.543000
6.82,2026-07-03T18:19:44.545000
6.822,2026-07-03T18:19:44.547000
6.824,2026-07-03T18:19:44.549000
6.826,2026-07-03T18:19:44.551000
6.828,2026-07-03T18:19:44.553000
6.83,2026-07-03T18:19:44.555000
6.832,2026-07-03T18:19:44.557000
6.834,2026-07-03T18:19:44.559000
6.836,2026-07-03T18:19:44.561000
6.838,2026-07-03T18:19:44.563000
6.84,2026-07-03T18:19:44.565000
6.842,2026-07-03T18:19:44.567000
6.844,2026-07-03T18:19:44.569000
6.846,2026-07-03T18:19:44.571000
6.848,2026-07-03T18:19:44.573000
6.85,2026-07-03T18:19:44.575000
6.852,2026-07-03T18:19:44.577000
6.854,2026-07-03T18:19:44.579000
6.856,2026-07-03T18:19:44.581000
6.858,2026-07-03T18:19:44.583000
6.86,2026-07-03T18:19:44.585000
6.862,2026-07-03T18:19:44.587000
6.864,2026-07-03T18:19:44.589000
6.866,2026-07-03T18:19:44.591000
6.868,2026-07-03T18:19:44.593000
6.87,2026-07-03T18:19:44.595000
6.872,2026-07-03T18:19:44.597000
6.874,2026-07-03T18:19:44.599000
6.876,2026-07-03T18:19:44.601000
6.878,2026-07-03T18:19:44.603000
6.88,2026-07-03T18:19:44.605000
6.882,2026-07-03T18:19:44.607000
6.884,2026-07-03T18:19:44.609000
6.886,2026-07-03T18:19:44.611000
6.888,2026-07-03T18:19:44.613000
6.89,2026-07-03T18:19:44.615000
6.892,2026-07-03T18:19:44.617000
6.894,2026-07-03T18:19:44.619000
6.896,2026-07-03T18:19:44.621000
6.898,2026-07-03T18:19:44.623000
6.9,2026-07-03T18:19:44.625000
6.902,2026-07-03T18:19:44.627000
6.904,2026-07-03T18:19:44.629000
6.906,2026-07-03T18:19:44.631000
6.908,2026-07-03T18:19:44.633000
6.91,2026-07-03T18:19:44.635000
6.912,2026-07-03T18:19:44.637000
6.914,2026-07-03T18:19:44.639000
6.916,2026-07-03T18:19:44.641000
6.918,2026-07-03T18:19:44.643000
6.92,2026-07-03T18:19:44.645000
6.922,2026-07-03T18:19:44.647000
6.924,2026-07-03T18:19:44.649000
6.926,2026-07-03T18:19:44.651000
6.928,2026-07-03T18:19:44.653000
6.93,2026-07-03T18:19:44.655000
6.932,2026-07-03T18:19:44.657000
6.934,2026-07-03T18:19:44.659000
6.936,2026-07-03T18:19:44.661000
6.938,2026-07-03T18:19:44.663000
6.94,2026-07-03T18:19:44.665000
6.942,2026-07-03T18:19:44.667000
6.944,2026-07-03T18:19:44.669000
6.946,2026-07-03T18:19:44.671000
6.948,2026-07-03T18:19:44.673000
6.95,2026-07-03T18:19:44.675000
6.952,2026-07-03T18:19:44.677000
6.954,2026-07-03T18:19:44.679000
6.956,2026-07-03T18:19:44.681000
6.958,2026-07-03T18:19:44.683000
6.96,2026-07-03T18:19:44.685000
6.962,2026-07-03T18:19:44.687000
6.964,2026-07-03T18:19:44.689000
6.966,2026-07-03T18:19:44.691000
6.968,2026-07-03T18:19:44.693000
6.97,2026-07-03T18:19:44.695000
6.972,2026-07-03T18:19:44.697000
6.974,2026-07-03T18:19:44.699000
6.976,2026-07-03T18:19:44.701000
6.978,2026-07-03T18:19:44.703000
6.98,2026-07-03T18:19:44.705000
6.982,2026-07-03T18:19:44.707000
6.984,2026-07-03T18:19:44.709000
6.986,2026-07-03T18:19:44.711000
6.988,2026-07-03T18:19:44.713000
6.99,2026-07-03T18:19:44.715000
6.992,2026-07-03T18:19:44.717000
6.994,2026-07-03T18:19:44.719000
6.996,2026-07-03T18:19:44.721000
6.998,2026-07-03T18:19:44.723000
7,2026-07-03T18:19:44.725000
7.002,2026-07-03T18:19:44.727000
7.004,2026-07-03T18:19:44.729000
7.006,2026-07-03T18:19:44.731000
7.008,2026-07-03T18:19:44.733000
7.01,2026-07-03T18:19:44.735000
7.012,2026-07-03T18:19:44.737000
7.014,2026-07-03T18:19:44.739000
7.016,2026-07-03T18:19:44.741000
7.018,2026-07-03T18:19:44.743000
7.02,2026-07-03T18:19:44.745000
7.022,2026-07-03T18:19:44.747000
7.024,2026-07-03T18:19:44.749000
7.026,2026-07-03T18:19:44.751000
7.028,2026-07-03T18:19:44.753000
7.03,2026-07-03T18:19:44.755000
7.032,2026-07-03T18:19:44.757000
7.034,2026-07-03T18:19:44.759000
7.036,2026-07-03T18:19:44.761000
7.038,2026-07-03T18:19:44.763000
7.04,2026-07-03T18:19:44.765000
7.042,2026-07-03T18:19:44.767000
7.044,2026-07-03T18:19:44.769000
7.046,2026-07-03T18:19:44.771000
7.048,2026-07-03T18:19:44.773000
7.05,2026-07-03T18:19:44.775000
7.052,2026-07-03T18:19:44.777000
7.054,2026-07-03T18:19:44.779000
7.056,2026-07-03T18:19:44.781000
7.058,2026-07-03T18:19:44.783000
7.06,2026-07-03T18:19:44.785000
7.062,2026-07-03T18:19:44.787000
7.064,2026-07-03T18:19:44.789000
7.066,2026-07-03T18:19:44.791000
7.068,2026-07-03T18:19:44.793000
7.07,2026-07-03T18:19:44.795000
7.072,2026-07-03T18:19:44.797000
7.074,2026-07-03T18:19:44.799000
7.076,2026-07-03T18:19:44.801000
7.078,2026-07-03T18:19:44.803000
7.08,2026-07-03T18:19:44.805000
7.082,2026-07-03T18:19:44.807000
7.084,2026-07-03T18:19:44.809000
7.086,2026-07-03T18:19:44.811000
7.088,2026-07-03T18:19:44.813000
7.09,2026-07-03T18:19:44.815000
7.092,2026-07-03T18:19:44.817000
7.094,2026-07-03T18:19:44.819000
7.096,2026-07-03T18:19:44.821000
7.098,2026-07-03T18:19:44.823000
7.1,2026-07-03T18:19:44.825000
7.102,2026-07-03T18:19:44.827000
7.104,2026-07-03T18:19:44.829000
7.106,2026-07-03T18:19:44.831000
7.108,2026-07-03T18:19:44.833000
7.11,2026-07-03T18:19:44.835000
7.112,2026-07-03T18:19:44.837000
7.114,2026-07-03T18:19:44.839000
7.116,2026-07-03T18:19:44.841000
7.118,2026-07-03T18:19:44.843000
7.12,2026-07-03T18:19:44.845000
7.122,2026-07-03T18:19:44.847000
7.124,2026-07-03T18:19:44.849000
7.126,2026-07-03T18:19:44.851000
7.128,2026-07-03T18:19:44.853000
7.13,2026-07-03T18:19:44.855000
7.132,2026-07-03T18:19:44.857000
7.134,2026-07-03T18:19:44.859000
7.136,2026-07-03T18:19:44.861000
7.138,2026-07-03T18:19:44.863000
7.14,2026-07-03T18:19:44.865000
7.142,2026-07-03T18:19:44.867000
7.144,2026-07-03T18:19:44.869000
7.146,2026-07-03T18:19:44.871000
7.148,2026-07-03T18:19:44.873000
7.15,2026-07-03T18:19:44.875000
7.152,2026-07-03T18:19:44.877000
7.154,2026-07-03T18:19:44.879000
7.156,2026-07-03T18:19:44.881000
7.158,2026-07-03T18:19:44.883000
7.16,2026-07-03T18:19:44.885000
7.162,2026-07-03T18:19:44.887000
7.164,2026-07-03T18:19:44.889000
7.166,2026-07-03T18:19:44.891000
7.168,2026-07-03T18:19:44.893000
7.17,2026-07-03T18:19:44.895000
7.172,2026-07-03T18:19:44.897000
7.174,2026-07-03T18:19:44.899000
7.176,2026-07-03T18:19:44.901000
7.178,2026-07-03T18:19:44.903000
7.18,2026-07-03T18:19:44.905000
7.182,2026-07-03T18:19:44.907000
7.184,2026-07-03T18:19:44.909000
7.186,2026-07-03T18:19:44.911000
7.188,2026-07-03T18:19:44.913000
7.19,2026-07-03T18:19:44.915000
7.192,2026-07-03T18:19:44.917000
7.194,2026-07-03T18:19:44.919000
7.196,2026-07-03T18:19:44.921000
7.198,2026-07-03T18:19:44.923000
7.2,2026-07-03T18:19:44.925000
7.202,2026-07-03T18:19:44.927000
7.204,2026-07-03T18:19:44.929000
7.206,2026-07-03T18:19:44.931000
7.208,2026-07-03T18:19:44.933000
7.21,2026-07-03T18:19:44.935000
7.212,2026-07-03T18:19:44.937000
7.214,2026-07-03T18:19:44.939000
7.216,2026-07-03T18:19:44.941000
7.218,2026-07-03T18:19:44.943000
7.22,2026-07-03T18:19:44.945000
7.222,2026-07-03T18:19:44.947000
7.224,2026-07-03T18:19:44.949000
7.226,2026-07-03T18:19:44.951000
7.228,2026-07-03T18:19:44.953000
7.23,2026-07-03T18:19:44.955000
7.232,2026-07-03T18:19:44.957000
7.234,2026-07-03T18:19:44.959000
7.236,2026-07-03T18:19:44.961000
7.238,2026-07-03T18:19:44.963000
7.24,2026-07-03T18:19:44.965000
7.242,2026-07-03T18:19:44.967000
7.244,2026-07-03T18:19:44.969000
7.246,2026-07-03T18:19:44.971000
7.248,2026-07-03T18:19:44.973000
7.25,2026-07-03T18:19:44.975000
7.252,2026-07-03T18:19:44.977000
7.254,2026-07-03T18:19:44.979000
7.256,2026-07-03T18:19:44.981000
7.258,2026-07-03T18:19:44.983000
7.26,2026-07-03T18:19:44.985000
7.262,2026-07-03T18:19:44.987000
7.264,2026-07-03T18:19:44.989000
7.266,2026-07-03T18:19:44.991000
7.268,2026-07-03T18:19:44.993000
7.27,2026-07-03T18:19:44.995000
7.272,2026-07-03T18:19:44.997000
7.274,2026-07-03T18:19:44.999000
7.276,2026-07-03T18:19:45.001000
7.278,2026-07-03T18:19:45.003000
7.28,2026-07-03T18:19:45.005000
7.282,2026-07-03T18:19:45.007000
7.284,2026-07-03T18:19:45.009000
7.286,2026-07-03T18:19:45.011000
7.288,2026-07-03T18:19:45.013000
7.29,2026-07-03T18:19:45.015000
7.292,2026-07-03T18:19:45.017000
7.294,2026-07-03T18:19:45.019000
7.296,2026-07-03T18:19:45.021000
7.298,2026-07-03T18:19:45.023000
7.3,2026-07-03T18:19:45.025000
7.302,2026-07-03T18:19:45.027000
7.304,2026-07-03T18:19:45.029000
7.306,2026-07-03T18:19:45.031000
7.308,2026-07-03T18:19:45.033000
7.31,2026-07-03T18:19:45.035000
7.312,2026-07-03T18:19:45.037000
7.314,2026-07-03T18:19:45.039000
7.316,2026-07-03T18:19:45.041000
7.318,2026-07-03T18:19:45.043000
7.32,2026-07-03T18:19:45.045000
7.322,2026-07-03T18:19:45.047000
7.324,2026-07-03T18:19:45.049000
7.326,2026-07-03T18:19:45.051000
7.328,2026-07-03T18:19:45.053000
7.33,2026-07-03T18:19:45.055000
7.332,2026-07-03T18:19:45.057000
7.334,2026-07-03T18:19:45.059000
7.336,2026-07-03T18:19:45.061000
7.338,2026-07-03T18:19:45.063000
7.34,2026-07-03T18:19:45.065000
7.342,2026-07-03T18:19:45.067000
7.344,2026-07-03T18:19:45.069000
7.346,2026-07-03T18:19:45.071000
7.348,2026-07-03T18:19:45.073000
7.35,2026-07-03T18:19:45.075000
7.352,2026-07-03T18:19:45.077000
7.354,2026-07-03T18:19:45.079000
7.356,2026-07-03T18:19:45.081000
7.358,2026-07-03T18:19:45.083000
7.36,2026-07-03T18:19:45.085000
7.362,2026-07-03T18:19:45.087000
7.364,2026-07-03T18:19:45.089000
7.366,2026-07-03T18:19:45.091000
7.368,2026-07-03T18:19:45.093000
7.37,2026-07-03T18:19:45.095000
7.372,2026-07-03T18:19:45.097000
7.374,2026-07-03T18:19:45.099000
7.376,2026-07-03T18:19:45.101000
7.378,2026-07-03T18:19:45.103000
7.38,2026-07-03T18:19:45.105000
7.382,2026-07-03T18:19:45.107000
7.384,2026-07-03T18:19:45.109000
7.386,2026-07-03T18:19:45.111000
7.388,2026-07-03T18:19:45.113000
7.39,2026-07-03T18:19:45.115000
7.392,2026-07-03T18:19:45.117000
7.394,2026-07-03T18:19:45.119000
7.396,2026-07-03T18:19:45.121000
7.398,2026-07-03T18:19:45.123000
7.4,2026-07-03T18:19:45.125000
7.402,2026-07-03T18:19:45.127000
7.404,2026-07-03T18:19:45.129000
7.406,2026-07-03T18:19:45.131000
7.408,2026-07-03T18:19:45.133000
7.41,2026-07-03T18:19:45.135000
7.412,2026-07-03T18:19:45.137000
7.414,2026-07-03T18:19:45.139000
7.416,2026-07-03T18:19:45.141000
7.418,2026-07-03T18:19:45.143000
7.42,2026-07-03T18:19:45.145000
7.422,2026-07-03T18:19:45.147000
7.424,2026-07-03T18:19:45.149000
7.426,2026-07-03T18:19:45.151000
7.428,2026-07-03T18:19:45.153000
7.43,2026-07-03T18:19:45.155000
7.432,2026-07-03T18:19:45.157000
7.434,2026-07-03T18:19:45.159000
7.436,2026-07-03T18:19:45.161000
7.438,2026-07-03T18:19:45.163000
7.44,2026-07-03T18:19:45.165000
7.442,2026-07-03T18:19:45.167000
7.444,2026-07-03T18:19:45.169000
7.446,2026-07-03T18:19:45.171000
7.448,2026-07-03T18:19:45.173000
7.45,2026-07-03T18:19:45.175000
7.452,2026-07-03T18:19:45.177000
7.454,2026-07-03T18:19:45.179000
7.456,2026-07-03T18:19:45.181000
7.458,2026-07-03T18:19:45.183000
7.46,2026-07-03T18:19:45.185000
7.462,2026-07-03T18:19:45.187000
7.464,2026-07-03T18:19:45.189000
7.466,2026-07-03T18:19:45.191000
7.468,2026-07-03T18:19:45.193000
7.47,2026-07-03T18:19:45.195000
7.472,2026-07-03T18:19:45.197000
7.474,2026-07-03T18:19:45.199000
7.476,2026-07-03T18:19:45.201000
7.478,2026-07-03T18:19:45.203000
7.48,2026-07-03T18:19:45.205000
7.482,2026-07-03T18:19:45.207000
7.484,2026-07-03T18:19:45.209000
7.486,2026-07-03T18:19:45.211000
7.488,2026-07-03T18:19:45.213000
7.49,2026-07-03T18:19:45.215000
7.492,2026-07-03T18:19:45.217000
7.494,2026-07-03T18:19:45.219000
7.496,2026-07-03T18:19:45.221000
7.498,2026-07-03T18:19:45.223000
7.5,2026-07-03T18:19:45.225000
7.502,2026-07-03T18:19:45.227000
7.504,2026-07-03T18:19:45.229000
7.506,2026-07-03T18:19:45.231000
7.508,2026-07-03T18:19:45.233000
7.51,2026-07-03T18:19:45.235000
7.512,2026-07-03T18:19:45.237000
7.514,2026-07-03T18:19:45.239000
7.516,2026-07-03T18:19:45.241000
7.518,2026-07-03T18:19:45.243000
7.52,2026-07-03T18:19:45.245000
7.522,2026-07-03T18:19:45.247000
7.524,2026-07-03T18:19:45.249000
7.526,2026-07-03T18:19:45.251000
7.528,2026-07-03T18:19:45.253000
7.53,2026-07-03T18:19:45.255000
7.532,2026-07-03T18:19:45.257000
7.534,2026-07-03T18:19:45.259000
7.536,2026-07-03T18:19:45.261000
7.538,2026-07-03T18:19:45.263000
7.54,2026-07-03T18:19:45.265000
7.542,2026-07-03T18:19:45.267000
7.544,2026-07-03T18:19:45.269000
7.546,2026-07-03T18:19:45.271000
7.548,2026-07-03T18:19:45.273000
7.55,2026-07-03T18:19:45.275000
7.552,2026-07-03T18:19:45.277000
7.554,2026-07-03T18:19:45.279000
7.556,2026-07-03T18:19:45.281000
7.558,2026-07-03T18:19:45.283000
7.56,2026-07-03T18:19:45.285000
7.562,2026-07-03T18:19:45.287000
7.564,2026-07-03T18:19:45.289000
7.566,2026-07-03T18:19:45.291000
7.568,2026-07-03T18:19:45.293000
7.57,2026-07-03T18:19:45.295000
7.572,2026-07-03T18:19:45.297000
7.574,2026-07-03T18:19:45.299000
7.576,2026-07-03T18:19:45.301000
7.578,2026-07-03T18:19:45.303000
7.58,2026-07-03T18:19:45.305000
7.582,2026-07-03T18:19:45.307000
7.584,2026-07-03T18:19:45.309000
7.586,2026-07-03T18:19:45.311000
7.588,2026-07-03T18:19:45.313000
7.59,2026-07-03T18:19:45.315000
7.592,2026-07-03T18:19:45.317000
7.594,2026-07-03T18:19:45.319000
7.596,2026-07-03T18:19:45.321000
7.598,2026-07-03T18:19:45.323000
7.6,2026-07-03T18:19:45.325000
7.602,2026-07-03T18:19:45.327000
7.604,2026-07-03T18:19:45.329000
7.606,2026-07-03T18:19:45.331000
7.608,2026-07-03T18:19:45.333000
7.61,2026-07-03T18:19:45.335000
7.612,2026-07-03T18:19:45.337000
7.614,2026-07-03T18:19:45.339000
7.616,2026-07-03T18:19:45.341000
7.618,2026-07-03T18:19:45.343000
7.62,2026-07-03T18:19:45.345000
7.622,2026-07-03T18:19:45.347000
7.624,2026-07-03T18:19:45.349000
7.626,2026-07-03T18:19:45.351000
7.628,2026-07-03T18:19:45.353000
7.63,2026-07-03T18:19:45.355000
7.632,2026-07-03T18:19:45.357000
7.634,2026-07-03T18:19:45.359000
7.636,2026-07-03T18:19:45.361000
7.638,2026-07-03T18:19:45.363000
7.64,2026-07-03T18:19:45.365000
7.642,2026-07-03T18:19:45.367000
7.644,2026-07-03T18:19:45.369000
7.646,2026-07-03T18:19:45.371000
7.648,2026-07-03T18:19:45.373000
7.65,2026-07-03T18:19:45.375000
7.652,2026-07-03T18:19:45.377000
7.654,2026-07-03T18:19:45.379000
7.656,2026-07-03T18:19:45.381000
7.658,2026-07-03T18:19:45.383000
7.66,2026-07-03T18:19:45.385000
7.662,2026-07-03T18:19:45.387000
7.664,2026-07-03T18:19:45.389000
7.666,2026-07-03T18:19:45.391000
7.668,2026-07-03T18:19:45.393000
7.67,2026-07-03T18:19:45.395000
7.672,2026-07-03T18:19:45.397000
7.674,2026-07-03T18:19:45.399000
7.676,2026-07-03T18:19:45.401000
7.678,2026-07-03T18:19:45.403000
7.68,2026-07-03T18:19:45.405000
7.682,2026-07-03T18:19:45.407000
7.684,2026-07-03T18:19:45.409000
7.686,2026-07-03T18:19:45.411000
7.688,2026-07-03T18:19:45.413000
7.69,2026-07-03T18:19:45.415000
7.692,2026-07-03T18:19:45.417000
7.694,2026-07-03T18:19:45.419000
7.696,2026-07-03T18:19:45.421000
7.698,2026-07-03T18:19:45.423000
7.7,2026-07-03T18:19:45.425000
7.702,2026-07-03T18:19:45.427000
7.704,2026-07-03T18:19:45.429000
7.706,2026-07-03T18:19:45.431000
7.708,2026-07-03T18:19:45.433000
7.71,2026-07-03T18:19:45.435000
7.712,2026-07-03T18:19:45.437000
7.714,2026-07-03T18:19:45.439000
7.716,2026-07-03T18:19:45.441000
7.718,2026-07-03T18:19:45.443000
7.72,2026-07-03T18:19:45.445000
7.722,2026-07-03T18:19:45.447000
7.724,2026-07-03T18:19:45.449000
7.726,2026-07-03T18:19:45.451000
7.728,2026-07-03T18:19:45.453000
7.73,2026-07-03T18:19:45.455000
7.732,2026-07-03T18:19:45.457000
7.734,2026-07-03T18:19:45.459000
7.736,2026-07-03T18:19:45.461000
7.738,2026-07-03T18:19:45.463000
7.74,2026-07-03T18:19:45.465000
7.742,2026-07-03T18:19:45.467000
7.744,2026-07-03T18:19:45.469000
7.746,2026-07-03T18:19:45.471000
7.748,2026-07-03T18:19:45.473000
7.75,2026-07-03T18:19:45.475000
7.752,2026-07-03T18:19:45.477000
7.754,2026-07-03T18:19:45.479000
7.756,2026-07-03T18:19:45.481000
7.758,2026-07-03T18:19:45.483000
7.76,2026-07-03T18:19:45.485000
7.762,2026-07-03T18:19:45.487000
7.764,2026-07-03T18:19:45.489000
7.766,2026-07-03T18:19:45.491000
7.768,2026-07-03T18:19:45.493000
7.77,2026-07-03T18:19:45.495000
7.772,2026-07-03T18:19:45.497000
7.774,2026-07-03T18:19:45.499000
7.776,2026-07-03T18:19:45.501000
7.778,2026-07-03T18:19:45.503000
7.78,2026-07-03T18:19:45.505000
7.782,2026-07-03T18:19:45.507000
7.784,2026-07-03T18:19:45.509000
7.786,2026-07-03T18:19:45.511000
7.788,2026-07-03T18:19:45.513000
7.79,2026-07-03T18:19:45.515000
7.792,2026-07-03T18:19:45.517000
7.794,2026-07-03T18:19:45.519000
7.796,2026-07-03T18:19:45.521000
7.798,2026-07-03T18:19:45.523000
7.8,2026-07-03T18:19:45.525000
7.802,2026-07-03T18:19:45.527000
7.804,2026-07-03T18:19:45.529000
7.806,2026-07-03T18:19:45.531000
7.808,2026-07-03T18:19:45.533000
7.81,2026-07-03T18:19:45.535000
7.812,2026-07-03T18:19:45.537000
7.814,2026-07-03T18:19:45.539000
7.816,2026-07-03T18:19:45.541000
7.818,2026-07-03T18:19:45.543000
7.82,2026-07-03T18:19:45.545000
7.822,2026-07-03T18:19:45.547000
7.824,2026-07-03T18:19:45.549000
7.826,2026-07-03T18:19:45.551000
7.828,2026-07-03T18:19:45.553000
7.83,2026-07-03T18:19:45.555000
7.832,2026-07-03T18:19:45.557000
7.834,2026-07-03T18:19:45.559000
7.836,2026-07-03T18:19:45.561000
7.838,2026-07-03T18:19:45.563000
7.84,2026-07-03T18:19:45.565000
7.842,2026-07-03T18:19:45.567000
7.844,2026-07-03T18:19:45.569000
7.846,2026-07-03T18:19:45.571000
7.848,2026-07-03T18:19:45.573000
7.85,2026-07-03T18:19:45.575000
7.852,2026-07-03T18:19:45.577000
7.854,2026-07-03T18:19:45.579000
7.856,2026-07-03T18:19:45.581000
7.858,2026-07-03T18:19:45.583000
7.86,2026-07-03T18:19:45.585000
7.862,2026-07-03T18:19:45.587000
7.864,2026-07-03T18:19:45.589000
7.866,2026-07-03T18:19:45.591000
7.868,2026-07-03T18:19:45.593000
7.87,2026-07-03T18:19:45.595000
7.872,2026-07-03T18:19:45.597000
7.874,2026-07-03T18:19:45.599000
7.876,2026-07-03T18:19:45.601000
7.878,2026-07-03T18:19:45.603000
7.88,2026-07-03T18:19:45.605000
7.882,2026-07-03T18:19:45.607000
7.884,2026-07-03T18:19:45.609000
7.886,2026-07-03T18:19:45.611000
7.888,2026-07-03T18:19:45.613000
7.89,2026-07-03T18:19:45.615000
7.892,2026-07-03T18:19:45.617000
7.894,2026-07-03T18:19:45.619000
7.896,2026-07-03T18:19:45.621000
7.898,2026-07-03T18:19:45.623000
7.9,2026-07-03T18:19:45.625000
7.902,2026-07-03T18:19:45.627000
7.904,2026-07-03T18:19:45.629000
7.906,2026-07-03T18:19:45.631000
7.908,2026-07-03T18:19:45.633000
7.91,2026-07-03T18:19:45.635000
7.912,2026-07-03T18:19:45.637000
7.914,2026-07-03T18:19:45.639000
7.916,2026-07-03T18:19:45.641000
7.918,2026-07-03T18:19:45.643000
7.92,2026-07-03T18:19:45.645000
7.922,2026-07-03T18:19:45.647000
7.924,2026-07-03T18:19:45.649000
7.926,2026-07-03T18:19:45.651000
7.928,2026-07-03T18:19:45.653000
7.93,2026-07-03T18:19:45.655000
7.932,2026-07-03T18:19:45.657000
7.934,2026-07-03T18:19:45.659000
7.936,2026-07-03T18:19:45.661000
7.938,2026-07-03T18:19:45.663000
7.94,2026-07-03T18:19:45.665000
7.942,2026-07-03T18:19:45.667000
7.944,2026-07-03T18:19:45.669000
7.946,2026-07-03T18:19:45.671000
7.948,2026-07-03T18:19:45.673000
7.95,2026-07-03T18:19:45.675000
7.952,2026-07-03T18:19:45.677000
7.954,2026-07-03T18:19:45.679000
7.956,2026-07-03T18:19:45.681000
7.958,2026-07-03T18:19:45.683000
7.96,2026-07-03T18:19:45.685000
7.962,2026-07-03T18:19:45.687000
7.964,2026-07-03T18:19:45.689000
7.966,2026-07-03T18:19:45.691000
7.968,2026-07-03T18:19:45.693000
7.97,2026-07-03T18:19:45.695000
7.972,2026-07-03T18:19:45.697000
7.974,2026-07-03T18:19:45.699000
7.976,2026-07-03T18:19:45.701000
7.978,2026-07-03T18:19:45.703000
7.98,2026-07-03T18:19:45.705000
7.982,2026-07-03T18:19:45.707000
7.984,2026-07-03T18:19:45.709000
7.986,2026-07-03T18:19:45.711000
7.988,2026-07-03T18:19:45.713000
7.99,2026-07-03T18:19:45.715000
7.992,2026-07-03T18:19:45.717000
7.994,2026-07-03T18:19:45.719000
7.996,2026-07-03T18:19:45.721000
7.998,2026-07-03T18:19:45.723000
8,2026-07-03T18:19:45.725000
8.002,2026-07-03T18:19:45.727000
8.004,2026-07-03T18:19:45.729000
8.006,2026-07-03T18:19:45.731000
8.008,2026-07-03T18:19:45.733000
8.01,2026-07-03T18:19:45.735000
8.012,2026-07-03T18:19:45.737000
8.014,2026-07-03T18:19:45.738999
8.016,2026-07-03T18:19:45.741000
8.018,2026-07-03T18:19:45.743000
8.02,2026-07-03T18:19:45.745000
8.022,2026-07-03T18:19:45.747000
8.024,2026-07-03T18:19:45.749000
8.026,2026-07-03T18:19:45.751000
8.028,2026-07-03T18:19:45.753000
8.03,2026-07-03T18:19:45.754999
8.032,2026-07-03T18:19:45.757000
8.034,2026-07-03T18:19:45.759000
8.036,2026-07-03T18:19:45.761000
8.038,2026-07-03T18:19:45.763000
8.04,2026-07-03T18:19:45.765000
8.042,2026-07-03T18:19:45.767000
8.044,2026-07-03T18:19:45.769000
8.046,2026-07-03T18:19:45.770999
8.048,2026-07-03T18:19:45.773000
8.05,2026-07-03T18:19:45.775000
8.052,2026-07-03T18:19:45.777000
8.054,2026-07-03T18:19:45.779000
8.056,2026-07-03T18:19:45.781000
8.058,2026-07-03T18:19:45.783000
8.06,2026-07-03T18:19:45.785000
8.062,2026-07-03T18:19:45.786999
8.064,2026-07-03T18:19:45.789000
8.066,2026-07-03T18:19:45.791000
8.068,2026-07-03T18:19:45.793000
8.07,2026-07-03T18:19:45.795000
8.072,2026-07-03T18:19:45.797000
8.074,2026-07-03T18:19:45.799000
8.076,2026-07-03T18:19:45.801000
8.078,2026-07-03T18:19:45.802999
8.08,2026-07-03T18:19:45.805000
8.082,2026-07-03T18:19:45.807000
8.084,2026-07-03T18:19:45.809000
8.086,2026-07-03T18:19:45.811000
8.088,2026-07-03T18:19:45.813000
8.09,2026-07-03T18:19:45.815000
8.092,2026-07-03T18:19:45.817000
8.094,2026-07-03T18:19:45.818999
8.096,2026-07-03T18:19:45.821000
8.098,2026-07-03T18:19:45.823000
8.1,2026-07-03T18:19:45.825000
8.102,2026-07-03T18:19:45.827000
8.104,2026-07-03T18:19:45.829000
8.106,2026-07-03T18:19:45.831000
8.108,2026-07-03T18:19:45.833000
8.11,2026-07-03T18:19:45.834999
8.112,2026-07-03T18:19:45.837000
8.114,2026-07-03T18:19:45.839000
8.116,2026-07-03T18:19:45.841000
8.118,2026-07-03T18:19:45.843000
8.12,2026-07-03T18:19:45.845000
8.122,2026-07-03T18:19:45.847000
8.124,2026-07-03T18:19:45.849000
8.126,2026-07-03T18:19:45.850999
8.128,2026-07-03T18:19:45.853000
8.13,2026-07-03T18:19:45.855000
8.132,2026-07-03T18:19:45.857000
8.134,2026-07-03T18:19:45.859000
8.136,2026-07-03T18:19:45.861000
8.138,2026-07-03T18:19:45.863000
8.14,2026-07-03T18:19:45.865000
8.142,2026-07-03T18:19:45.866999
8.144,2026-07-03T18:19:45.869000
8.146,2026-07-03T18:19:45.871000
8.148,2026-07-03T18:19:45.873000
8.15,2026-07-03T18:19:45.875000
8.152,2026-07-03T18:19:45.877000
8.154,2026-07-03T18:19:45.879000
8.156,2026-07-03T18:19:45.881000
8.158,2026-07-03T18:19:45.882999
8.16,2026-07-03T18:19:45.885000
8.162,2026-07-03T18:19:45.887000
8.164,2026-07-03T18:19:45.889000
8.166,2026-07-03T18:19:45.891000
8.168,2026-07-03T18:19:45.893000
8.17,2026-07-03T18:19:45.895000
8.172,2026-07-03T18:19:45.897000
8.174,2026-07-03T18:19:45.898999
8.176,2026-07-03T18:19:45.901000
8.178,2026-07-03T18:19:45.903000
8.18,2026-07-03T18:19:45.905000
8.182,2026-07-03T18:19:45.907000
8.184,2026-07-03T18:19:45.909000
8.186,2026-07-03T18:19:45.911000
8.188,2026-07-03T18:19:45.913000
8.19,2026-07-03T18:19:45.914999
8.192,2026-07-03T18:19:45.917000
8.194,2026-07-03T18:19:45.919000
8.196,2026-07-03T18:19:45.921000
8.198,2026-07-03T18:19:45.923000
8.2,2026-07-03T18:19:45.925000
8.202,2026-07-03T18:19:45.927000
8.204,2026-07-03T18:19:45.929000
8.206,2026-07-03T18:19:45.931000
8.208,2026-07-03T18:19:45.933000
8.21,2026-07-03T18:19:45.935000
8.212,2026-07-03T18:19:45.937000
8.214,2026-07-03T18:19:45.939000
8.216,2026-07-03T18:19:45.941000
8.218,2026-07-03T18:19:45.943000
8.22,2026-07-03T18:19:45.945000
8.222,2026-07-03T18:19:45.947000
8.224,2026-07-03T18:19:45.949000
8.226,2026-07-03T18:19:45.951000
8.228,2026-07-03T18:19:45.953000
8.23,2026-07-03T18:19:45.955000
8.232,2026-07-03T18:19:45.957000
8.234,2026-07-03T18:19:45.959000
8.236,2026-07-03T18:19:45.961000
8.238,2026-07-03T18:19:45.963000
8.24,2026-07-03T18:19:45.965000
8.242,2026-07-03T18:19:45.967000
8.244,2026-07-03T18:19:45.969000
8.246,2026-07-03T18:19:45.971000
8.248,2026-07-03T18:19:45.973000
8.25,2026-07-03T18:19:45.975000
8.252,2026-07-03T18:19:45.977000
8.254,2026-07-03T18:19:45.979000
8.256,2026-07-03T18:19:45.981000
8.258,2026-07-03T18:19:45.983000
8.26,2026-07-03T18:19:45.985000
8.262,2026-07-03T18:19:45.987000
8.264,2026-07-03T18:19:45.989000
8.266,2026-07-03T18:19:45.991000
8.268,2026-07-03T18:19:45.993000
8.27,2026-07-03T18:19:45.995000
8.272,2026-07-03T18:19:45.997000
8.274,2026-07-03T18:19:45.999000
8.276,2026-07-03T18:19:46.001000
8.278,2026-07-03T18:19:46.003000
8.28,2026-07-03T18:19:46.005000
8.282,2026-07-03T18:19:46.007000
8.284,2026-07-03T18:19:46.009000
8.286,2026-07-03T18:19:46.011000
8.288,2026-07-03T18:19:46.013000
8.29,2026-07-03T18:19:46.015000
8.292,2026-07-03T18:19:46.017000
8.294,2026-07-03T18:19:46.019000
8.296,2026-07-03T18:19:46.021000
8.298,2026-07-03T18:19:46.023000
8.3,2026-07-03T18:19:46.025000
8.302,2026-07-03T18:19:46.027000
8.304,2026-07-03T18:19:46.029000
8.306,2026-07-03T18:19:46.031000
8.308,2026-07-03T18:19:46.033000
8.31,2026-07-03T18:19:46.035000
8.312,2026-07-03T18:19:46.037000
8.314,2026-07-03T18:19:46.039000
8.316,2026-07-03T18:19:46.041000
8.318,2026-07-03T18:19:46.043000
8.32,2026-07-03T18:19:46.045000
8.322,2026-07-03T18:19:46.047000
8.324,2026-07-03T18:19:46.049000
8.326,2026-07-03T18:19:46.051000
8.328,2026-07-03T18:19:46.053000
8.33,2026-07-03T18:19:46.055000
8.332,2026-07-03T18:19:46.057000
8.334,2026-07-03T18:19:46.059000
8.336,2026-07-03T18:19:46.061000
8.338,2026-07-03T18:19:46.063000
8.34,2026-07-03T18:19:46.065000
8.342,2026-07-03T18:19:46.067000
8.344,2026-07-03T18:19:46.069000
8.346,2026-07-03T18:19:46.071000
8.348,2026-07-03T18:19:46.073000
8.35,2026-07-03T18:19:46.075000
8.352,2026-07-03T18:19:46.077000
8.354,2026-07-03T18:19:46.079000
8.356,2026-07-03T18:19:46.081000
8.358,2026-07-03T18:19:46.083000
8.36,2026-07-03T18:19:46.085000
8.362,2026-07-03T18:19:46.087000
8.364,2026-07-03T18:19:46.089000
8.366,2026-07-03T18:19:46.091000
8.368,2026-07-03T18:19:46.093000
8.37,2026-07-03T18:19:46.095000
8.372,2026-07-03T18:19:46.097000
8.374,2026-07-03T18:19:46.099000
8.376,2026-07-03T18:19:46.101000
8.378,2026-07-03T18:19:46.103000
8.38,2026-07-03T18:19:46.105000
8.382,2026-07-03T18:19:46.107000
8.384,2026-07-03T18:19:46.109000
8.386,2026-07-03T18:19:46.111000
8.388,2026-07-03T18:19:46.113000
8.39,2026-07-03T18:19:46.115000
8.392,2026-07-03T18:19:46.117000
8.394,2026-07-03T18:19:46.119000
8.396,2026-07-03T18:19:46.121000
8.398,2026-07-03T18:19:46.123000
8.4,2026-07-03T18:19:46.125000
8.402,2026-07-03T18:19:46.127000
8.404,2026-07-03T18:19:46.129000
8.406,2026-07-03T18:19:46.131000
8.408,2026-07-03T18:19:46.133000
8.41,2026-07-03T18:19:46.135000
8.412,2026-07-03T18:19:46.137000
8.414,2026-07-03T18:19:46.139000
8.416,2026-07-03T18:19:46.141000
8.418,2026-07-03T18:19:46.143000
8.42,2026-07-03T18:19:46.145000
8.422,2026-07-03T18:19:46.147000
8.424,2026-07-03T18:19:46.149000
8.426,2026-07-03T18:19:46.151000
8.428,2026-07-03T18:19:46.153000
8.43,2026-07-03T18:19:46.155000
8.432,2026-07-03T18:19:46.157000
8.434,2026-07-03T18:19:46.159000
8.436,2026-07-03T18:19:46.161000
8.438,2026-07-03T18:19:46.163000
8.44,2026-07-03T18:19:46.165000
8.442,2026-07-03T18:19:46.167000
8.444,2026-07-03T18:19:46.169000
8.446,2026-07-03T18:19:46.171000
8.448,2026-07-03T18:19:46.173000
8.45,2026-07-03T18:19:46.175000
8.452,2026-07-03T18:19:46.177000
8.454,2026-07-03T18:19:46.179000
8.456,2026-07-03T18:19:46.181000
8.458,2026-07-03T18:19:46.183000
8.46,2026-07-03T18:19:46.185000
8.462,2026-07-03T18:19:46.187000
8.464,2026-07-03T18:19:46.189000
8.466,2026-07-03T18:19:46.191000
8.468,2026-07-03T18:19:46.193000
8.47,2026-07-03T18:19:46.195000
8.472,2026-07-03T18:19:46.197000
8.474,2026-07-03T18:19:46.199000
8.476,2026-07-03T18:19:46.201000
8.478,2026-07-03T18:19:46.203000
8.48,2026-07-03T18:19:46.205000
8.482,2026-07-03T18:19:46.207000
8.484,2026-07-03T18:19:46.209000
8.486,2026-07-03T18:19:46.211000
8.488,2026-07-03T18:19:46.213000
8.49,2026-07-03T18:19:46.215000
8.492,2026-07-03T18:19:46.217000
8.494,2026-07-03T18:19:46.219000
8.496,2026-07-03T18:19:46.221000
8.498,2026-07-03T18:19:46.223000
8.5,2026-07-03T18:19:46.225000
8.502,2026-07-03T18:19:46.227000
8.504,2026-07-03T18:19:46.229000
8.506,2026-07-03T18:19:46.231000
8.508,2026-07-03T18:19:46.233000
8.51,2026-07-03T18:19:46.235000
8.512,2026-07-03T18:19:46.237000
8.514,2026-07-03T18:19:46.239000
8.516,2026-07-03T18:19:46.241000
8.518,2026-07-03T18:19:46.243000
8.52,2026-07-03T18:19:46.245000
8.522,2026-07-03T18:19:46.247000
8.524,2026-07-03T18:19:46.249000
8.526,2026-07-03T18:19:46.251000
8.528,2026-07-03T18:19:46.253000
8.53,2026-07-03T18:19:46.255000
8.532,2026-07-03T18:19:46.257000
8.534,2026-07-03T18:19:46.259000
8.536,2026-07-03T18:19:46.261000
8.538,2026-07-03T18:19:46.263000
8.54,2026-07-03T18:19:46.265000
8.542,2026-07-03T18:19:46.267000
8.544,2026-07-03T18:19:46.269000
8.546,2026-07-03T18:19:46.271000
8.548,2026-07-03T18:19:46.273000
8.55,2026-07-03T18:19:46.275000
8.552,2026-07-03T18:19:46.277000
8.554,2026-07-03T18:19:46.279000
8.556,2026-07-03T18:19:46.281000
8.558,2026-07-03T18:19:46.283000
8.56,2026-07-03T18:19:46.285000
8.562,2026-07-03T18:19:46.287000
8.564,2026-07-03T18:19:46.289000
8.566,2026-07-03T18:19:46.291000
8.568,2026-07-03T18:19:46.293000
8.57,2026-07-03T18:19:46.295000
8.572,2026-07-03T18:19:46.297000
8.574,2026-07-03T18:19:46.299000
8.576,2026-07-03T18:19:46.301000
8.578,2026-07-03T18:19:46.303000
8.58,2026-07-03T18:19:46.305000
8.582,2026-07-03T18:19:46.307000
8.584,2026-07-03T18:19:46.309000
8.586,2026-07-03T18:19:46.311000
8.588,2026-07-03T18:19:46.313000
8.59,2026-07-03T18:19:46.315000
8.592,2026-07-03T18:19:46.317000
8.594,2026-07-03T18:19:46.319000
8.596,2026-07-03T18:19:46.321000
8.598,2026-07-03T18:19:46.323000
8.6,2026-07-03T18:19:46.325000
8.602,2026-07-03T18:19:46.327000
8.604,2026-07-03T18:19:46.329000
8.606,2026-07-03T18:19:46.331000
8.608,2026-07-03T18:19:46.333000
8.61,2026-07-03T18:19:46.335000
8.612,2026-07-03T18:19:46.337000
8.614,2026-07-03T18:19:46.339000
8.616,2026-07-03T18:19:46.341000
8.618,2026-07-03T18:19:46.343000
8.62,2026-07-03T18:19:46.345000
8.622,2026-07-03T18:19:46.347000
8.624,2026-07-03T18:19:46.349000
8.626,2026-07-03T18:19:46.351000
8.628,2026-07-03T18:19:46.353000
8.63,2026-07-03T18:19:46.355000
8.632,2026-07-03T18:19:46.357000
8.634,2026-07-03T18:19:46.359000
8.636,2026-07-03T18:19:46.361000
8.638,2026-07-03T18:19:46.363000
8.64,2026-07-03T18:19:46.365000
8.642,2026-07-03T18:19:46.367000
8.644,2026-07-03T18:19:46.369000
8.646,2026-07-03T18:19:46.371000
8.648,2026-07-03T18:19:46.373000
8.65,2026-07-03T18:19:46.375000
8.652,2026-07-03T18:19:46.377000
8.654,2026-07-03T18:19:46.379000
8.656,2026-07-03T18:19:46.381000
8.658,2026-07-03T18:19:46.383000
8.66,2026-07-03T18:19:46.385000
8.662,2026-07-03T18:19:46.387000
8.664,2026-07-03T18:19:46.389000
8.666,2026-07-03T18:19:46.391000
8.668,2026-07-03T18:19:46.393000
8.67,2026-07-03T18:19:46.395000
8.672,2026-07-03T18:19:46.397000
8.674,2026-07-03T18:19:46.399000
8.676,2026-07-03T18:19:46.401000
8.678,2026-07-03T18:19:46.403000
8.68,2026-07-03T18:19:46.405000
8.682,2026-07-03T18:19:46.407000
8.684,2026-07-03T18:19:46.409000
8.686,2026-07-03T18:19:46.411000
8.688,2026-07-03T18:19:46.413000
8.69,2026-07-03T18:19:46.415000
8.692,2026-07-03T18:19:46.417000
8.694,2026-07-03T18:19:46.419000
8.696,2026-07-03T18:19:46.421000
8.698,2026-07-03T18:19:46.423000
8.7,2026-07-03T18:19:46.425000
8.702,2026-07-03T18:19:46.427000
8.704,2026-07-03T18:19:46.429000
8.706,2026-07-03T18:19:46.431000
8.708,2026-07-03T18:19:46.433000
8.71,2026-07-03T18:19:46.435000
8.712,2026-07-03T18:19:46.437000
8.714,2026-07-03T18:19:46.439000
8.716,2026-07-03T18:19:46.441000
8.718,2026-07-03T18:19:46.443000
8.72,2026-07-03T18:19:46.445000
8.722,2026-07-03T18:19:46.447000
8.724,2026-07-03T18:19:46.449000
8.726,2026-07-03T18:19:46.451000
8.728,2026-07-03T18:19:46.453000
8.73,2026-07-03T18:19:46.455000
8.732,2026-07-03T18:19:46.457000
8.734,2026-07-03T18:19:46.459000
8.736,2026-07-03T18:19:46.461000
8.738,2026-07-03T18:19:46.463000
8.74,2026-07-03T18:19:46.465000
8.742,2026-07-03T18:19:46.467000
8.744,2026-07-03T18:19:46.469000
8.746,2026-07-03T18:19:46.471000
8.748,2026-07-03T18:19:46.473000
8.75,2026-07-03T18:19:46.475000
8.752,2026-07-03T18:19:46.477000
8.754,2026-07-03T18:19:46.479000
8.756,2026-07-03T18:19:46.481000
8.758,2026-07-03T18:19:46.483000
8.76,2026-07-03T18:19:46.485000
8.762,2026-07-03T18:19:46.487000
8.764,2026-07-03T18:19:46.489000
8.766,2026-07-03T18:19:46.491000
8.768,2026-07-03T18:19:46.493000
8.77,2026-07-03T18:19:46.495000
8.772,2026-07-03T18:19:46.497000
8.774,2026-07-03T18:19:46.499000
8.776,2026-07-03T18:19:46.501000
8.778,2026-07-03T18:19:46.503000
8.78,2026-07-03T18:19:46.505000
8.782,2026-07-03T18:19:46.507000
8.784,2026-07-03T18:19:46.509000
8.786,2026-07-03T18:19:46.511000
8.788,2026-07-03T18:19:46.513000
8.79,2026-07-03T18:19:46.515000
8.792,2026-07-03T18:19:46.517000
8.794,2026-07-03T18:19:46.519000
8.796,2026-07-03T18:19:46.521000
8.798,2026-07-03T18:19:46.523000
8.8,2026-07-03T18:19:46.525000
8.802,2026-07-03T18:19:46.527000
8.804,2026-07-03T18:19:46.529000
8.806,2026-07-03T18:19:46.531000
8.808,2026-07-03T18:19:46.533000
8.81,2026-07-03T18:19:46.535000
8.812,2026-07-03T18:19:46.537000
8.814,2026-07-03T18:19:46.539000
8.816,2026-07-03T18:19:46.541000
8.818,2026-07-03T18:19:46.543000
8.82,2026-07-03T18:19:46.545000
8.822,2026-07-03T18:19:46.547000
8.824,2026-07-03T18:19:46.549000
8.826,2026-07-03T18:19:46.551000
8.828,2026-07-03T18:19:46.553000
8.83,2026-07-03T18:19:46.555000
8.832,2026-07-03T18:19:46.557000
8.834,2026-07-03T18:19:46.559000
8.836,2026-07-03T18:19:46.561000
8.838,2026-07-03T18:19:46.563000
8.84,2026-07-03T18:19:46.565000
8.842,2026-07-03T18:19:46.567000
8.844,2026-07-03T18:19:46.569000
8.846,2026-07-03T18:19:46.571000
8.848,2026-07-03T18:19:46.573000
8.85,2026-07-03T18:19:46.575000
8.852,2026-07-03T18:19:46.577000
8.854,2026-07-03T18:19:46.579000
8.856,2026-07-03T18:19:46.581000
8.858,2026-07-03T18:19:46.583000
8.86,2026-07-03T18:19:46.585000
8.862,2026-07-03T18:19:46.587000
8.864,2026-07-03T18:19:46.589000
8.866,2026-07-03T18:19:46.591000
8.868,2026-07-03T18:19:46.593000
8.87,2026-07-03T18:19:46.595000
8.872,2026-07-03T18:19:46.597000
8.874,2026-07-03T18:19:46.599000
8.876,2026-07-03T18:19:46.601000
8.878,2026-07-03T18:19:46.603000
8.88,2026-07-03T18:19:46.605000
8.882,2026-07-03T18:19:46.607000
8.884,2026-07-03T18:19:46.609000
8.886,2026-07-03T18:19:46.611000
8.888,2026-07-03T18:19:46.613000
8.89,2026-07-03T18:19:46.615000
8.892,2026-07-03T18:19:46.617000
8.894,2026-07-03T18:19:46.619000
8.896,2026-07-03T18:19:46.621000
8.898,2026-07-03T18:19:46.623000
8.9,2026-07-03T18:19:46.625000
8.902,2026-07-03T18:19:46.627000
8.904,2026-07-03T18:19:46.629000
8.906,2026-07-03T18:19:46.631000
8.908,2026-07-03T18:19:46.633000
8.91,2026-07-03T18:19:46.635000
8.912,2026-07-03T18:19:46.637000
8.914,2026-07-03T18:19:46.639000
8.916,2026-07-03T18:19:46.641000
8.918,2026-07-03T18:19:46.643000
8.92,2026-07-03T18:19:46.645000
8.922,2026-07-03T18:19:46.647000
8.924,2026-07-03T18:19:46.649000
8.926,2026-07-03T18:19:46.651000
8.928,2026-07-03T18:19:46.653000
8.93,2026-07-03T18:19:46.655000
8.932,2026-07-03T18:19:46.657000
8.934,2026-07-03T18:19:46.659000
8.936,2026-07-03T18:19:46.661000
8.938,2026-07-03T18:19:46.663000
8.94,2026-07-03T18:19:46.665000
8.942,2026-07-03T18:19:46.667000
8.944,2026-07-03T18:19:46.669000
8.946,2026-07-03T18:19:46.671000
8.948,2026-07-03T18:19:46.673000
8.95,2026-07-03T18:19:46.675000
8.952,2026-07-03T18:19:46.677000
8.954,2026-07-03T18:19:46.679000
8.956,2026-07-03T18:19:46.681000
8.958,2026-07-03T18:19:46.683000
8.96,2026-07-03T18:19:46.685000
8.962,2026-07-03T18:19:46.687000
8.964,2026-07-03T18:19:46.689000
8.966,2026-07-03T18:19:46.691000
8.968,2026-07-03T18:19:46.693000
8.97,2026-07-03T18:19:46.695000
8.972,2026-07-03T18:19:46.697000
8.974,2026-07-03T18:19:46.699000
8.976,2026-07-03T18:19:46.701000
8.978,2026-07-03T18:19:46.703000
8.98,2026-07-03T18:19:46.705000
8.982,2026-07-03T18:19:46.707000
8.984,2026-07-03T18:19:46.709000
8.986,2026-07-03T18:19:46.711000
8.988,2026-07-03T18:19:46.713000
8.99,2026-07-03T18:19:46.715000
8.992,2026-07-03T18:19:46.717000
8.994,2026-07-03T18:19:46.719000
8.996,2026-07-03T18:19:46.721000
8.998,2026-07-03T18:19:46.723000
9,2026-07-03T18:19:46.725000
9.002,2026-07-03T18:19:46.727000
9.004,2026-07-03T18:19:46.729000
9.006,2026-07-03T18:19:46.731000
9.008,2026-07-03T18:19:46.733000
9.01,2026-07-03T18:19:46.735000
9.012,2026-07-03T18:19:46.737000
9.014,2026-07-03T18:19:46.739000
9.016,2026-07-03T18:19:46.741000
9.018,2026-07-03T18:19:46.743000
9.02,2026-07-03T18:19:46.745000
9.022,2026-07-03T18:19:46.747000
9.024,2026-07-03T18:19:46.749000
9.026,2026-07-03T18:19:46.751000
9.028,2026-07-03T18:19:46.753000
9.03,2026-07-03T18:19:46.755000
9.032,2026-07-03T18:19:46.757000
9.034,2026-07-03T18:19:46.759000
9.036,2026-07-03T18:19:46.761000
9.038,2026-07-03T18:19:46.763000
9.04,2026-07-03T18:19:46.765000
9.042,2026-07-03T18:19:46.767000
9.044,2026-07-03T18:19:46.769000
9.046,2026-07-03T18:19:46.771000
9.048,2026-07-03T18:19:46.773000
9.05,2026-07-03T18:19:46.775000
9.052,2026-07-03T18:19:46.777000
9.054,2026-07-03T18:19:46.779000
9.056,2026-07-03T18:19:46.781000
9.058,2026-07-03T18:19:46.783000
9.06,2026-07-03T18:19:46.785000
9.062,2026-07-03T18:19:46.787000
9.064,2026-07-03T18:19:46.789000
9.066,2026-07-03T18:19:46.791000
9.068,2026-07-03T18:19:46.793000
9.07,2026-07-03T18:19:46.795000
9.072,2026-07-03T18:19:46.797000
9.074,2026-07-03T18:19:46.799000
9.076,2026-07-03T18:19:46.801000
9.078,2026-07-03T18:19:46.803000
9.08,2026-07-03T18:19:46.805000
9.082,2026-07-03T18:19:46.807000
9.084,2026-07-03T18:19:46.809000
9.086,2026-07-03T18:19:46.811000
9.088,2026-07-03T18:19:46.813000
9.09,2026-07-03T18:19:46.815000
9.092,2026-07-03T18:19:46.817000
9.094,2026-07-03T18:19:46.819000
9.096,2026-07-03T18:19:46.821000
9.098,2026-07-03T18:19:46.823000
9.1,2026-07-03T18:19:46.825000
9.102,2026-07-03T18:19:46.827000
9.104,2026-07-03T18:19:46.829000
9.106,2026-07-03T18:19:46.831000
9.108,2026-07-03T18:19:46.833000
9.11,2026-07-03T18:19:46.835000
9.112,2026-07-03T18:19:46.837000
9.114,2026-07-03T18:19:46.839000
9.116,2026-07-03T18:19:46.841000
9.118,2026-07-03T18:19:46.843000
9.12,2026-07-03T18:19:46.845000
9.122,2026-07-03T18:19:46.847000
9.124,2026-07-03T18:19:46.849000
9.126,2026-07-03T18:19:46.851000
9.128,2026-07-03T18:19:46.853000
9.13,2026-07-03T18:19:46.855000
9.132,2026-07-03T18:19:46.857000
9.134,2026-07-03T18:19:46.859000
9.136,2026-07-03T18:19:46.861000
9.138,2026-07-03T18:19:46.863000
9.14,2026-07-03T18:19:46.865000
9.142,2026-07-03T18:19:46.867000
9.144,2026-07-03T18:19:46.869000
9.146,2026-07-03T18:19:46.871000
9.148,2026-07-03T18:19:46.873000
9.15,2026-07-03T18:19:46.875000
9.152,2026-07-03T18:19:46.877000
9.154,2026-07-03T18:19:46.879000
9.156,2026-07-03T18:19:46.881000
9.158,2026-07-03T18:19:46.883000
9.16,2026-07-03T18:19:46.885000
9.162,2026-07-03T18:19:46.887000
9.164,2026-07-03T18:19:46.889000
9.166,2026-07-03T18:19:46.891000
9.168,2026-07-03T18:19:46.893000
9.17,2026-07-03T18:19:46.895000
9.172,2026-07-03T18:19:46.897000
9.174,2026-07-03T18:19:46.899000
9.176,2026-07-03T18:19:46.901000
9.178,2026-07-03T18:19:46.903000
9.18,2026-07-03T18:19:46.905000
9.182,2026-07-03T18:19:46.907000
9.184,2026-07-03T18:19:46.909000
9.186,2026-07-03T18:19:46.911000
9.188,2026-07-03T18:19:46.913000
9.19,2026-07-03T18:19:46.915000
9.192,2026-07-03T18:19:46.917000
9.194,2026-07-03T18:19:46.919000
9.196,2026-07-03T18:19:46.921000
9.198,2026-07-03T18:19:46.923000
9.2,2026-07-03T18:19:46.925000
9.202,2026-07-03T18:19:46.927000
9.204,2026-07-03T18:19:46.929000
9.206,2026-07-03T18:19:46.931000
9.208,2026-07-03T18:19:46.933000
9.21,2026-07-03T18:19:46.935000
9.212,2026-07-03T18:19:46.937000
9.214,2026-07-03T18:19:46.939000
9.216,2026-07-03T18:19:46.941000
9.218,2026-07-03T18:19:46.943000
9.22,2026-07-03T18:19:46.945000
9.222,2026-07-03T18:19:46.947000
9.224,2026-07-03T18:19:46.949000
9.226,2026-07-03T18:19:46.951000
9.228,2026-07-03T18:19:46.953000
9.23,2026-07-03T18:19:46.955000
9.232,2026-07-03T18:19:46.957000
9.234,2026-07-03T18:19:46.959000
9.236,2026-07-03T18:19:46.961000
9.238,2026-07-03T18:19:46.963000
9.24,2026-07-03T18:19:46.965000
9.242,2026-07-03T18:19:46.967000
9.244,2026-07-03T18:19:46.969000
9.246,2026-07-03T18:19:46.971000
9.248,2026-07-03T18:19:46.973000
9.25,2026-07-03T18:19:46.975000
9.252,2026-07-03T18:19:46.977000
9.254,2026-07-03T18:19:46.979000
9.256,2026-07-03T18:19:46.981000
9.258,2026-07-03T18:19:46.983000
9.26,2026-07-03T18:19:46.985000
9.262,2026-07-03T18:19:46.987000
9.264,2026-07-03T18:19:46.989000
9.266,2026-07-03T18:19:46.991000
9.268,2026-07-03T18:19:46.993000
9.27,2026-07-03T18:19:46.995000
9.272,2026-07-03T18:19:46.997000
9.274,2026-07-03T18:19:46.999000
9.276,2026-07-03T18:19:47.001000
9.278,2026-07-03T18:19:47.003000
9.28,2026-07-03T18:19:47.005000
9.282,2026-07-03T18:19:47.007000
9.284,2026-07-03T18:19:47.009000
9.286,2026-07-03T18:19:47.011000
9.288,2026-07-03T18:19:47.013000
9.29,2026-07-03T18:19:47.015000
9.292,2026-07-03T18:19:47.017000
9.294,2026-07-03T18:19:47.019000
9.296,2026-07-03T18:19:47.021000
9.298,2026-07-03T18:19:47.023000
9.3,2026-07-03T18:19:47.025000
9.302,2026-07-03T18:19:47.027000
9.304,2026-07-03T18:19:47.029000
9.306,2026-07-03T18:19:47.031000
9.308,2026-07-03T18:19:47.033000
9.31,2026-07-03T18:19:47.035000
9.312,2026-07-03T18:19:47.037000
9.314,2026-07-03T18:19:47.039000
9.316,2026-07-03T18:19:47.041000
9.318,2026-07-03T18:19:47.043000
9.32,2026-07-03T18:19:47.045000
9.322,2026-07-03T18:19:47.047000
9.324,2026-07-03T18:19:47.049000
9.326,2026-07-03T18:19:47.051000
9.328,2026-07-03T18:19:47.053000
9.33,2026-07-03T18:19:47.055000
9.332,2026-07-03T18:19:47.057000
9.334,2026-07-03T18:19:47.059000
9.336,2026-07-03T18:19:47.061000
9.338,2026-07-03T18:19:47.063000
9.34,2026-07-03T18:19:47.065000
9.342,2026-07-03T18:19:47.067000
9.344,2026-07-03T18:19:47.069000
9.346,2026-07-03T18:19:47.071000
9.348,2026-07-03T18:19:47.073000
9.35,2026-07-03T18:19:47.075000
9.352,2026-07-03T18:19:47.077000
9.354,2026-07-03T18:19:47.079000
9.356,2026-07-03T18:19:47.081000
9.358,2026-07-03T18:19:47.083000
9.36,2026-07-03T18:19:47.085000
9.362,2026-07-03T18:19:47.087000
9.364,2026-07-03T18:19:47.089000
9.366,2026-07-03T18:19:47.091000
9.368,2026-07-03T18:19:47.093000
9.37,2026-07-03T18:19:47.095000
9.372,2026-07-03T18:19:47.097000
9.374,2026-07-03T18:19:47.099000
9.376,2026-07-03T18:19:47.101000
9.378,2026-07-03T18:19:47.103000
9.38,2026-07-03T18:19:47.105000
9.382,2026-07-03T18:19:47.107000
9.384,2026-07-03T18:19:47.109000
9.386,2026-07-03T18:19:47.111000
9.388,2026-07-03T18:19:47.113000
9.39,2026-07-03T18:19:47.115000
9.392,2026-07-03T18:19:47.117000
9.394,2026-07-03T18:19:47.119000
9.396,2026-07-03T18:19:47.121000
9.398,2026-07-03T18:19:47.123000
9.4,2026-07-03T18:19:47.125000
9.402,2026-07-03T18:19:47.127000
9.404,2026-07-03T18:19:47.129000
9.406,2026-07-03T18:19:47.131000
9.408,2026-07-03T18:19:47.133000
9.41,2026-07-03T18:19:47.135000
9.412,2026-07-03T18:19:47.137000
9.414,2026-07-03T18:19:47.139000
9.416,2026-07-03T18:19:47.141000
9.418,2026-07-03T18:19:47.143000
9.42,2026-07-03T18:19:47.145000
9.422,2026-07-03T18:19:47.147000
9.424,2026-07-03T18:19:47.149000
9.426,2026-07-03T18:19:47.151000
9.428,2026-07-03T18:19:47.153000
9.43,2026-07-03T18:19:47.155000
9.432,2026-07-03T18:19:47.157000
9.434,2026-07-03T18:19:47.159000
9.436,2026-07-03T18:19:47.161000
9.438,2026-07-03T18:19:47.163000
9.44,2026-07-03T18:19:47.165000
9.442,2026-07-03T18:19:47.167000
9.444,2026-07-03T18:19:47.169000
9.446,2026-07-03T18:19:47.171000
9.448,2026-07-03T18:19:47.173000
9.45,2026-07-03T18:19:47.175000
9.452,2026-07-03T18:19:47.177000
9.454,2026-07-03T18:19:47.179000
9.456,2026-07-03T18:19:47.181000
9.458,2026-07-03T18:19:47.183000
9.46,2026-07-03T18:19:47.185000
9.462,2026-07-03T18:19:47.187000
9.464,2026-07-03T18:19:47.189000
9.466,2026-07-03T18:19:47.191000
9.468,2026-07-03T18:19:47.193000
9.47,2026-07-03T18:19:47.195000
9.472,2026-07-03T18:19:47.197000
9.474,2026-07-03T18:19:47.199000
9.476,2026-07-03T18:19:47.201000
9.478,2026-07-03T18:19:47.203000
9.48,2026-07-03T18:19:47.205000
9.482,2026-07-03T18:19:47.207000
9.484,2026-07-03T18:19:47.209000
9.486,2026-07-03T18:19:47.211000
9.488,2026-07-03T18:19:47.213000
9.49,2026-07-03T18:19:47.215000
9.492,2026-07-03T18:19:47.217000
9.494,2026-07-03T18:19:47.219000
9.496,2026-07-03T18:19:47.221000
9.498,2026-07-03T18:19:47.223000
9.5,2026-07-03T18:19:47.225000
9.502,2026-07-03T18:19:47.227000
9.504,2026-07-03T18:19:47.229000
9.506,2026-07-03T18:19:47.231000
9.508,2026-07-03T18:19:47.233000
9.51,2026-07-03T18:19:47.235000
9.512,2026-07-03T18:19:47.237000
9.514,2026-07-03T18:19:47.239000
9.516,2026-07-03T18:19:47.241000
9.518,2026-07-03T18:19:47.243000
9.52,2026-07-03T18:19:47.245000
9.522,2026-07-03T18:19:47.247000
9.524,2026-07-03T18:19:47.249000
9.526,2026-07-03T18:19:47.251000
9.528,2026-07-03T18:19:47.253000
9.53,2026-07-03T18:19:47.255000
9.532,2026-07-03T18:19:47.257000
9.534,2026-07-03T18:19:47.259000
9.536,2026-07-03T18:19:47.261000
9.538,2026-07-03T18:19:47.263000
9.54,2026-07-03T18:19:47.265000
9.542,2026-07-03T18:19:47.267000
9.544,2026-07-03T18:19:47.269000
9.546,2026-07-03T18:19:47.271000
9.548,2026-07-03T18:19:47.273000
9.55,2026-07-03T18:19:47.275000
9.552,2026-07-03T18:19:47.277000
9.554,2026-07-03T18:19:47.279000
9.556,2026-07-03T18:19:47.281000
9.558,2026-07-03T18:19:47.283000
9.56,2026-07-03T18:19:47.285000
9.562,2026-07-03T18:19:47.287000
9.564,2026-07-03T18:19:47.289000
9.566,2026-07-03T18:19:47.291000
9.568,2026-07-03T18:19:47.293000
9.57,2026-07-03T18:19:47.295000
9.572,2026-07-03T18:19:47.297000
9.574,2026-07-03T18:19:47.299000
9.576,2026-07-03T18:19:47.301000
9.578,2026-07-03T18:19:47.303000
9.58,2026-07-03T18:19:47.305000
9.582,2026-07-03T18:19:47.307000
9.584,2026-07-03T18:19:47.309000
9.586,2026-07-03T18:19:47.311000
9.588,2026-07-03T18:19:47.313000
9.59,2026-07-03T18:19:47.315000
9.592,2026-07-03T18:19:47.317000
9.594,2026-07-03T18:19:47.319000
9.596,2026-07-03T18:19:47.321000
9.598,2026-07-03T18:19:47.323000
9.6,2026-07-03T18:19:47.325000
9.602,2026-07-03T18:19:47.327000
9.604,2026-07-03T18:19:47.329000
9.606,2026-07-03T18:19:47.331000
9.608,2026-07-03T18:19:47.333000
9.61,2026-07-03T18:19:47.335000
9.612,2026-07-03T18:19:47.337000
9.614,2026-07-03T18:19:47.339000
9.616,2026-07-03T18:19:47.341000
9.618,2026-07-03T18:19:47.343000
9.62,2026-07-03T18:19:47.345000
9.622,2026-07-03T18:19:47.347000
9.624,2026-07-03T18:19:47.349000
9.626,2026-07-03T18:19:47.351000
9.628,2026-07-03T18:19:47.353000
9.63,2026-07-03T18:19:47.355000
9.632,2026-07-03T18:19:47.357000
9.634,2026-07-03T18:19:47.359000
9.636,2026-07-03T18:19:47.361000
9.638,2026-07-03T18:19:47.363000
9.64,2026-07-03T18:19:47.365000
9.642,2026-07-03T18:19:47.367000
9.644,2026-07-03T18:19:47.369000
9.646,2026-07-03T18:19:47.371000
9.648,2026-07-03T18:19:47.373000
9.65,2026-07-03T18:19:47.375000
9.652,2026-07-03T18:19:47.377000
9.654,2026-07-03T18:19:47.379000
9.656,2026-07-03T18:19:47.381000
9.658,2026-07-03T18:19:47.383000
9.66,2026-07-03T18:19:47.385000
9.662,2026-07-03T18:19:47.387000
9.664,2026-07-03T18:19:47.389000
9.666,2026-07-03T18:19:47.391000
9.668,2026-07-03T18:19:47.393000
9.67,2026-07-03T18:19:47.395000
9.672,2026-07-03T18:19:47.397000
9.674,2026-07-03T18:19:47.399000
9.676,2026-07-03T18:19:47.401000
9.678,2026-07-03T18:19:47.403000
9.68,2026-07-03T18:19:47.405000
9.682,2026-07-03T18:19:47.407000
9.684,2026-07-03T18:19:47.409000
9.686,2026-07-03T18:19:47.411000
9.688,2026-07-03T18:19:47.413000
9.69,2026-07-03T18:19:47.415000
9.692,2026-07-03T18:19:47.417000
9.694,2026-07-03T18:19:47.419000
9.696,2026-07-03T18:19:47.421000
9.698,2026-07-03T18:19:47.423000
9.7,2026-07-03T18:19:47.425000
9.702,2026-07-03T18:19:47.427000
9.704,2026-07-03T18:19:47.429000
9.706,2026-07-03T18:19:47.431000
9.708,2026-07-03T18:19:47.433000
9.71,2026-07-03T18:19:47.435000
9.712,2026-07-03T18:19:47.437000
9.714,2026-07-03T18:19:47.439000
9.716,2026-07-03T18:19:47.441000
9.718,2026-07-03T18:19:47.443000
9.72,2026-07-03T18:19:47.445000
9.722,2026-07-03T18:19:47.447000
9.724,2026-07-03T18:19:47.449000
9.726,2026-07-03T18:19:47.451000
9.728,2026-07-03T18:19:47.453000
9.73,2026-07-03T18:19:47.455000
9.732,2026-07-03T18:19:47.457000
9.734,2026-07-03T18:19:47.459000
9.736,2026-07-03T18:19:47.461000
9.738,2026-07-03T18:19:47.463000
9.74,2026-07-03T18:19:47.465000
9.742,2026-07-03T18:19:47.467000
9.744,2026-07-03T18:19:47.469000
9.746,2026-07-03T18:19:47.471000
9.748,2026-07-03T18:19:47.473000
9.75,2026-07-03T18:19:47.475000
9.752,2026-07-03T18:19:47.477000
9.754,2026-07-03T18:19:47.479000
9.756,2026-07-03T18:19:47.481000
9.758,2026-07-03T18:19:47.483000
9.76,2026-07-03T18:19:47.485000
9.762,2026-07-03T18:19:47.487000
9.764,2026-07-03T18:19:47.489000
9.766,2026-07-03T18:19:47.491000
9.768,2026-07-03T18:19:47.493000
9.77,2026-07-03T18:19:47.495000
9.772,2026-07-03T18:19:47.497000
9.774,2026-07-03T18:19:47.499000
9.776,2026-07-03T18:19:47.501000
9.778,2026-07-03T18:19:47.503000
9.78,2026-07-03T18:19:47.505000
9.782,2026-07-03T18:19:47.507000
9.784,2026-07-03T18:19:47.509000
9.786,2026-07-03T18:19:47.511000
9.788,2026-07-03T18:19:47.513000
9.79,2026-07-03T18:19:47.515000
9.792,2026-07-03T18:19:47.517000
9.794,2026-07-03T18:19:47.519000
9.796,2026-07-03T18:19:47.521000
9.798,2026-07-03T18:19:47.523000
9.8,2026-07-03T18:19:47.525000
9.802,2026-07-03T18:19:47.527000
9.804,2026-07-03T18:19:47.529000
9.806,2026-07-03T18:19:47.531000
9.808,2026-07-03T18:19:47.533000
9.81,2026-07-03T18:19:47.535000
9.812,2026-07-03T18:19:47.537000
9.814,2026-07-03T18:19:47.539000
9.816,2026-07-03T18:19:47.541000
9.818,2026-07-03T18:19:47.543000
9.82,2026-07-03T18:19:47.545000
9.822,2026-07-03T18:19:47.547000
9.824,2026-07-03T18:19:47.549000
9.826,2026-07-03T18:19:47.551000
9.828,2026-07-03T18:19:47.553000
9.83,2026-07-03T18:19:47.555000
9.832,2026-07-03T18:19:47.557000
9.834,2026-07-03T18:19:47.559000
9.836,2026-07-03T18:19:47.561000
9.838,2026-07-03T18:19:47.563000
9.84,2026-07-03T18:19:47.565000
9.842,2026-07-03T18:19:47.567000
9.844,2026-07-03T18:19:47.569000
9.846,2026-07-03T18:19:47.571000
9.848,2026-07-03T18:19:47.573000
9.85,2026-07-03T18:19:47.575000
9.852,2026-07-03T18:19:47.577000
9.854,2026-07-03T18:19:47.579000
9.856,2026-07-03T18:19:47.581000
9.858,2026-07-03T18:19:47.583000
9.86,2026-07-03T18:19:47.585000
9.862,2026-07-03T18:19:47.587000
9.864,2026-07-03T18:19:47.589000
9.866,2026-07-03T18:19:47.591000
9.868,2026-07-03T18:19:47.593000
9.87,2026-07-03T18:19:47.595000
9.872,2026-07-03T18:19:47.597000
9.874,2026-07-03T18:19:47.599000
9.876,2026-07-03T18:19:47.601000
9.878,2026-07-03T18:19:47.603000
9.88,2026-07-03T18:19:47.605000
9.882,2026-07-03T18:19:47.607000
9.884,2026-07-03T18:19:47.609000
9.886,2026-07-03T18:19:47.611000
9.888,2026-07-03T18:19:47.613000
9.89,2026-07-03T18:19:47.615000
9.892,2026-07-03T18:19:47.617000
9.894,2026-07-03T18:19:47.619000
9.896,2026-07-03T18:19:47.621000
9.898,2026-07-03T18:19:47.623000
9.9,2026-07-03T18:19:47.625000
9.902,2026-07-03T18:19:47.627000
9.904,2026-07-03T18:19:47.629000
9.906,2026-07-03T18:19:47.631000
9.908,2026-07-03T18:19:47.633000
9.91,2026-07-03T18:19:47.635000
9.912,2026-07-03T18:19:47.637000
9.914,2026-07-03T18:19:47.639000
9.916,2026-07-03T18:19:47.641000
9.918,2026-07-03T18:19:47.643000
9.92,2026-07-03T18:19:47.645000
9.922,2026-07-03T18:19:47.647000
9.924,2026-07-03T18:19:47.649000
9.926,2026-07-03T18:19:47.651000
9.928,2026-07-03T18:19:47.653000
9.93,2026-07-03T18:19:47.655000
9.932,2026-07-03T18:19:47.657000
9.934,2026-07-03T18:19:47.659000
9.936,2026-07-03T18:19:47.661000
9.938,2026-07-03T18:19:47.663000
9.94,2026-07-03T18:19:47.665000
9.942,2026-07-03T18:19:47.667000
9.944,2026-07-03T18:19:47.669000
9.946,2026-07-03T18:19:47.671000
9.948,2026-07-03T18:19:47.673000
9.95,2026-07-03T18:19:47.675000
9.952,2026-07-03T18:19:47.677000
9.954,2026-07-03T18:19:47.679000
9.956,2026-07-03T18:19:47.681000
9.958,2026-07-03T18:19:47.683000
9.96,2026-07-03T18:19:47.685000
9.962,2026-07-03T18:19:47.687000
9.964,2026-07-03T18:19:47.689000
9.966,2026-07-03T18:19:47.691000
9.968,2026-07-03T18:19:47.693000
9.97,2026-07-03T18:19:47.695000
9.972,2026-07-03T18:19:47.697000
9.974,2026-07-03T18:19:47.699000
9.976,2026-07-03T18:19:47.701000
9.978,2026-07-03T18:19:47.703000
9.98,2026-07-03T18:19:47.705000
9.982,2026-07-03T18:19:47.707000
9.984,2026-07-03T18:19:47.709000
9.986,2026-07-03T18:19:47.711000
9.988,2026-07-03T18:19:47.713000
9.99,2026-07-03T18:19:47.715000
9.992,2026-07-03T18:19:47.717000
9.994,2026-07-03T18:19:47.719000
9.996,2026-07-03T18:19:47.721000
9.998,2026-07-03T18:19:47.723000
10,2026-07-03T18:19:47.725000
10.002,2026-07-03T18:19:47.727000
10.004,2026-07-03T18:19:47.729000
10.006,2026-07-03T18:19:47.731000
10.008,2026-07-03T18:19:47.733000
10.01,2026-07-03T18:19:47.735000
10.012,2026-07-03T18:19:47.737000
10.014,2026-07-03T18:19:47.739000
10.016,2026-07-03T18:19:47.741000
10.018,2026-07-03T18:19:47.743000
10.02,2026-07-03T18:19:47.745000
10.022,2026-07-03T18:19:47.747000
10.024,2026-07-03T18:19:47.749000
10.026,2026-07-03T18:19:47.751000
10.028,2026-07-03T18:19:47.753000
10.03,2026-07-03T18:19:47.755000
10.032,2026-07-03T18:19:47.757000
10.034,2026-07-03T18:19:47.759000
10.036,2026-07-03T18:19:47.761000
10.038,2026-07-03T18:19:47.763000
10.04,2026-07-03T18:19:47.765000
10.042,2026-07-03T18:19:47.767000
10.044,2026-07-03T18:19:47.769000
10.046,2026-07-03T18:19:47.771000
10.048,2026-07-03T18:19:47.773000
10.05,2026-07-03T18:19:47.775000
10.052,2026-07-03T18:19:47.777000
10.054,2026-07-03T18:19:47.779000
10.056,2026-07-03T18:19:47.781000
10.058,2026-07-03T18:19:47.783000
10.06,2026-07-03T18:19:47.785000
10.062,2026-07-03T18:19:47.787000
10.064,2026-07-03T18:19:47.789000
10.066,2026-07-03T18:19:47.791000
10.068,2026-07-03T18:19:47.793000
10.07,2026-07-03T18:19:47.795000
10.072,2026-07-03T18:19:47.797000
10.074,2026-07-03T18:19:47.799000
10.076,2026-07-03T18:19:47.801000
10.078,2026-07-03T18:19:47.803000
10.08,2026-07-03T18:19:47.805000
10.082,2026-07-03T18:19:47.807000
10.084,2026-07-03T18:19:47.809000
10.086,2026-07-03T18:19:47.811000
10.088,2026-07-03T18:19:47.813000
10.09,2026-07-03T18:19:47.815000
10.092,2026-07-03T18:19:47.817000
10.094,2026-07-03T18:19:47.819000
10.096,2026-07-03T18:19:47.821000
10.098,2026-07-03T18:19:47.823000
10.1,2026-07-03T18:19:47.825000
10.102,2026-07-03T18:19:47.827000
10.104,2026-07-03T18:19:47.829000
10.106,2026-07-03T18:19:47.831000
10.108,2026-07-03T18:19:47.833000
10.11,2026-07-03T18:19:47.835000
10.112,2026-07-03T18:19:47.837000
10.114,2026-07-03T18:19:47.839000
10.116,2026-07-03T18:19:47.841000
10.118,2026-07-03T18:19:47.843000
10.12,2026-07-03T18:19:47.845000
10.122,2026-07-03T18:19:47.847000
10.124,2026-07-03T18:19:47.849000
10.126,2026-07-03T18:19:47.851000
10.128,2026-07-03T18:19:47.853000
10.13,2026-07-03T18:19:47.855000
10.132,2026-07-03T18:19:47.857000
10.134,2026-07-03T18:19:47.859000
10.136,2026-07-03T18:19:47.861000
10.138,2026-07-03T18:19:47.863000
10.14,2026-07-03T18:19:47.865000
10.142,2026-07-03T18:19:47.867000
10.144,2026-07-03T18:19:47.869000
10.146,2026-07-03T18:19:47.871000
10.148,2026-07-03T18:19:47.873000
10.15,2026-07-03T18:19:47.875000
10.152,2026-07-03T18:19:47.877000
10.154,2026-07-03T18:19:47.879000
10.156,2026-07-03T18:19:47.881000
10.158,2026-07-03T18:19:47.883000
10.16,2026-07-03T18:19:47.885000
10.162,2026-07-03T18:19:47.887000
10.164,2026-07-03T18:19:47.889000
10.166,2026-07-03T18:19:47.891000
10.168,2026-07-03T18:19:47.893000
10.17,2026-07-03T18:19:47.895000
10.172,2026-07-03T18:19:47.897000
10.174,2026-07-03T18:19:47.899000
10.176,2026-07-03T18:19:47.901000
10.178,2026-07-03T18:19:47.903000
10.18,2026-07-03T18:19:47.905000
10.182,2026-07-03T18:19:47.907000
10.184,2026-07-03T18:19:47.909000
10.186,2026-07-03T18:19:47.911000
10.188,2026-07-03T18:19:47.913000
10.19,2026-07-03T18:19:47.915000
10.192,2026-07-03T18:19:47.917000
10.194,2026-07-03T18:19:47.919000
10.196,2026-07-03T18:19:47.921000
10.198,2026-07-03T18:19:47.923000
10.2,2026-07-03T18:19:47.925000
10.202,2026-07-03T18:19:47.927000
10.204,2026-07-03T18:19:47.929000
10.206,2026-07-03T18:19:47.931000
10.208,2026-07-03T18:19:47.933000
10.21,2026-07-03T18:19:47.935000
10.212,2026-07-03T18:19:47.937000
10.214,2026-07-03T18:19:47.939000
10.216,2026-07-03T18:19:47.941000
10.218,2026-07-03T18:19:47.943000
10.22,2026-07-03T18:19:47.945000
10.222,2026-07-03T18:19:47.947000
10.224,2026-07-03T18:19:47.949000
10.226,2026-07-03T18:19:47.951000
10.228,2026-07-03T18:19:47.953000
10.23,2026-07-03T18:19:47.955000
10.232,2026-07-03T18:19:47.957000
10.234,2026-07-03T18:19:47.959000
10.236,2026-07-03T18:19:47.961000
10.238,2026-07-03T18:19:47.963000
10.24,2026-07-03T18:19:47.965000
10.242,2026-07-03T18:19:47.967000
10.244,2026-07-03T18:19:47.969000
10.246,2026-07-03T18:19:47.971000
10.248,2026-07-03T18:19:47.973000
10.25,2026-07-03T18:19:47.975000
10.252,2026-07-03T18:19:47.977000
10.254,2026-07-03T18:19:47.979000
10.256,2026-07-03T18:19:47.981000
10.258,2026-07-03T18:19:47.983000
10.26,2026-07-03T18:19:47.985000
10.262,2026-07-03T18:19:47.987000
10.264,2026-07-03T18:19:47.989000
10.266,2026-07-03T18:19:47.991000
10.268,2026-07-03T18:19:47.993000
10.27,2026-07-03T18:19:47.995000
10.272,2026-07-03T18:19:47.997000
10.274,2026-07-03T18:19:47.999000
10.276,2026-07-03T18:19:48.001000
10.278,2026-07-03T18:19:48.003000
10.28,2026-07-03T18:19:48.005000
10.282,2026-07-03T18:19:48.007000
10.284,2026-07-03T18:19:48.009000
10.286,2026-07-03T18:19:48.011000
10.288,2026-07-03T18:19:48.013000
10.29,2026-07-03T18:19:48.015000
10.292,2026-07-03T18:19:48.017000
10.294,2026-07-03T18:19:48.019000
10.296,2026-07-03T18:19:48.021000
10.298,2026-07-03T18:19:48.023000
10.3,2026-07-03T18:19:48.025000
10.302,2026-07-03T18:19:48.027000
10.304,2026-07-03T18:19:48.029000
10.306,2026-07-03T18:19:48.031000
10.308,2026-07-03T18:19:48.033000
10.31,2026-07-03T18:19:48.035000
10.312,2026-07-03T18:19:48.037000
10.314,2026-07-03T18:19:48.039000
10.316,2026-07-03T18:19:48.041000
10.318,2026-07-03T18:19:48.043000
10.32,2026-07-03T18:19:48.045000
10.322,2026-07-03T18:19:48.047000
10.324,2026-07-03T18:19:48.049000
10.326,2026-07-03T18:19:48.051000
10.328,2026-07-03T18:19:48.053000
10.33,2026-07-03T18:19:48.055000
10.332,2026-07-03T18:19:48.057000
10.334,2026-07-03T18:19:48.059000
10.336,2026-07-03T18:19:48.061000
10.338,2026-07-03T18:19:48.063000
10.34,2026-07-03T18:19:48.065000
10.342,2026-07-03T18:19:48.067000
10.344,2026-07-03T18:19:48.069000
10.346,2026-07-03T18:19:48.071000
10.348,2026-07-03T18:19:48.073000
10.35,2026-07-03T18:19:48.075000
10.352,2026-07-03T18:19:48.077000
10.354,2026-07-03T18:19:48.079000
10.356,2026-07-03T18:19:48.081000
10.358,2026-07-03T18:19:48.083000
10.36,2026-07-03T18:19:48.085000
10.362,2026-07-03T18:19:48.087000
10.364,2026-07-03T18:19:48.089000
10.366,2026-07-03T18:19:48.091000
10.368,2026-07-03T18:19:48.093000
10.37,2026-07-03T18:19:48.095000
10.372,2026-07-03T18:19:48.097000
10.374,2026-07-03T18:19:48.099000
10.376,2026-07-03T18:19:48.101000
10.378,2026-07-03T18:19:48.103000
10.38,2026-07-03T18:19:48.105000
10.382,2026-07-03T18:19:48.107000
10.384,2026-07-03T18:19:48.109000
10.386,2026-07-03T18:19:48.111000
10.388,2026-07-03T18:19:48.113000
10.39,2026-07-03T18:19:48.115000
10.392,2026-07-03T18:19:48.117000
10.394,2026-07-03T18:19:48.119000
10.396,2026-07-03T18:19:48.121000
10.398,2026-07-03T18:19:48.123000
10.4,2026-07-03T18:19:48.125000
10.402,2026-07-03T18:19:48.127000
10.404,2026-07-03T18:19:48.129000
10.406,2026-07-03T18:19:48.131000
10.408,2026-07-03T18:19:48.133000
10.41,2026-07-03T18:19:48.135000
10.412,2026-07-03T18:19:48.137000
10.414,2026-07-03T18:19:48.139000
10.416,2026-07-03T18:19:48.141000
10.418,2026-07-03T18:19:48.143000
10.42,2026-07-03T18:19:48.145000
10.422,2026-07-03T18:19:48.147000
10.424,2026-07-03T18:19:48.149000
10.426,2026-07-03T18:19:48.151000
10.428,2026-07-03T18:19:48.153000
10.43,2026-07-03T18:19:48.155000
10.432,2026-07-03T18:19:48.157000
10.434,2026-07-03T18:19:48.159000
10.436,2026-07-03T18:19:48.161000
10.438,2026-07-03T18:19:48.163000
10.44,2026-07-03T18:19:48.165000
10.442,2026-07-03T18:19:48.167000
10.444,2026-07-03T18:19:48.169000
10.446,2026-07-03T18:19:48.171000
10.448,2026-07-03T18:19:48.173000
10.45,2026-07-03T18:19:48.175000
10.452,2026-07-03T18:19:48.177000
10.454,2026-07-03T18:19:48.179000
10.456,2026-07-03T18:19:48.181000
10.458,2026-07-03T18:19:48.183000
10.46,2026-07-03T18:19:48.185000
10.462,2026-07-03T18:19:48.187000
10.464,2026-07-03T18:19:48.189000
10.466,2026-07-03T18:19:48.191000
10.468,2026-07-03T18:19:48.193000
10.47,2026-07-03T18:19:48.195000
10.472,2026-07-03T18:19:48.197000
10.474,2026-07-03T18:19:48.199000
10.476,2026-07-03T18:19:48.201000
10.478,2026-07-03T18:19:48.203000
10.48,2026-07-03T18:19:48.205000
10.482,2026-07-03T18:19:48.207000
10.484,2026-07-03T18:19:48.209000
10.486,2026-07-03T18:19:48.211000
10.488,2026-07-03T18:19:48.213000
10.49,2026-07-03T18:19:48.215000
10.492,2026-07-03T18:19:48.217000
10.494,2026-07-03T18:19:48.219000
10.496,2026-07-03T18:19:48.221000
10.498,2026-07-03T18:19:48.223000
10.5,2026-07-03T18:19:48.225000
10.502,2026-07-03T18:19:48.227000
10.504,2026-07-03T18:19:48.229000
10.506,2026-07-03T18:19:48.231000
10.508,2026-07-03T18:19:48.233000
10.51,2026-07-03T18:19:48.235000
10.512,2026-07-03T18:19:48.237000
10.514,2026-07-03T18:19:48.239000
10.516,2026-07-03T18:19:48.241000
10.518,2026-07-03T18:19:48.243000
10.52,2026-07-03T18:19:48.245000
10.522,2026-07-03T18:19:48.247000
10.524,2026-07-03T18:19:48.249000
10.526,2026-07-03T18:19:48.251000
10.528,2026-07-03T18:19:48.253000
10.53,2026-07-03T18:19:48.255000
10.532,2026-07-03T18:19:48.257000
10.534,2026-07-03T18:19:48.259000
10.536,2026-07-03T18:19:48.261000
10.538,2026-07-03T18:19:48.263000
10.54,2026-07-03T18:19:48.265000
10.542,2026-07-03T18:19:48.267000
10.544,2026-07-03T18:19:48.269000
10.546,2026-07-03T18:19:48.271000
10.548,2026-07-03T18:19:48.273000
10.55,2026-07-03T18:19:48.275000
10.552,2026-07-03T18:19:48.277000
10.554,2026-07-03T18:19:48.279000
10.556,2026-07-03T18:19:48.281000
10.558,2026-07-03T18:19:48.283000
10.56,2026-07-03T18:19:48.285000
10.562,2026-07-03T18:19:48.287000
10.564,2026-07-03T18:19:48.289000
10.566,2026-07-03T18:19:48.291000
10.568,2026-07-03T18:19:48.293000
10.57,2026-07-03T18:19:48.295000
10.572,2026-07-03T18:19:48.297000
10.574,2026-07-03T18:19:48.299000
10.576,2026-07-03T18:19:48.301000
10.578,2026-07-03T18:19:48.303000
10.58,2026-07-03T18:19:48.305000
10.582,2026-07-03T18:19:48.307000
10.584,2026-07-03T18:19:48.309000
10.586,2026-07-03T18:19:48.311000
10.588,2026-07-03T18:19:48.313000
10.59,2026-07-03T18:19:48.315000
10.592,2026-07-03T18:19:48.317000
10.594,2026-07-03T18:19:48.319000
10.596,2026-07-03T18:19:48.321000
10.598,2026-07-03T18:19:48.323000
10.6,2026-07-03T18:19:48.325000
10.602,2026-07-03T18:19:48.327000
10.604,2026-07-03T18:19:48.329000
10.606,2026-07-03T18:19:48.331000
10.608,2026-07-03T18:19:48.333000
10.61,2026-07-03T18:19:48.335000
10.612,2026-07-03T18:19:48.337000
10.614,2026-07-03T18:19:48.339000
10.616,2026-07-03T18:19:48.341000
10.618,2026-07-03T18:19:48.343000
10.62,2026-07-03T18:19:48.345000
10.622,2026-07-03T18:19:48.347000
10.624,2026-07-03T18:19:48.349000
10.626,2026-07-03T18:19:48.351000
10.628,2026-07-03T18:19:48.353000
10.63,2026-07-03T18:19:48.355000
10.632,2026-07-03T18:19:48.357000
10.634,2026-07-03T18:19:48.359000
10.636,2026-07-03T18:19:48.361000
10.638,2026-07-03T18:19:48.363000
10.64,2026-07-03T18:19:48.365000
10.642,2026-07-03T18:19:48.367000
10.644,2026-07-03T18:19:48.369000
10.646,2026-07-03T18:19:48.371000
10.648,2026-07-03T18:19:48.373000
10.65,2026-07-03T18:19:48.375000
10.652,2026-07-03T18:19:48.377000
10.654,2026-07-03T18:19:48.379000
10.656,2026-07-03T18:19:48.381000
10.658,2026-07-03T18:19:48.383000
10.66,2026-07-03T18:19:48.385000
10.662,2026-07-03T18:19:48.387000
10.664,2026-07-03T18:19:48.389000
10.666,2026-07-03T18:19:48.391000
10.668,2026-07-03T18:19:48.393000
10.67,2026-07-03T18:19:48.395000
10.672,2026-07-03T18:19:48.397000
10.674,2026-07-03T18:19:48.399000
10.676,2026-07-03T18:19:48.401000
10.678,2026-07-03T18:19:48.403000
10.68,2026-07-03T18:19:48.405000
10.682,2026-07-03T18:19:48.407000
10.684,2026-07-03T18:19:48.409000
10.686,2026-07-03T18:19:48.411000
10.688,2026-07-03T18:19:48.413000
10.69,2026-07-03T18:19:48.415000
10.692,2026-07-03T18:19:48.417000
10.694,2026-07-03T18:19:48.419000
10.696,2026-07-03T18:19:48.421000
10.698,2026-07-03T18:19:48.423000
10.7,2026-07-03T18:19:48.425000
10.702,2026-07-03T18:19:48.427000
10.704,2026-07-03T18:19:48.429000
10.706,2026-07-03T18:19:48.431000
10.708,2026-07-03T18:19:48.433000
10.71,2026-07-03T18:19:48.435000
10.712,2026-07-03T18:19:48.437000
10.714,2026-07-03T18:19:48.439000
10.716,2026-07-03T18:19:48.441000
10.718,2026-07-03T18:19:48.443000
10.72,2026-07-03T18:19:48.445000
10.722,2026-07-03T18:19:48.447000
10.724,2026-07-03T18:19:48.449000
10.726,2026-07-03T18:19:48.451000
10.728,2026-07-03T18:19:48.453000
10.73,2026-07-03T18:19:48.455000
10.732,2026-07-03T18:19:48.457000
10.734,2026-07-03T18:19:48.459000
10.736,2026-07-03T18:19:48.461000
10.738,2026-07-03T18:19:48.463000
10.74,2026-07-03T18:19:48.465000
10.742,2026-07-03T18:19:48.467000
10.744,2026-07-03T18:19:48.469000
10.746,2026-07-03T18:19:48.471000
10.748,2026-07-03T18:19:48.473000
10.75,2026-07-03T18:19:48.475000
10.752,2026-07-03T18:19:48.477000
10.754,2026-07-03T18:19:48.479000
10.756,2026-07-03T18:19:48.481000
10.758,2026-07-03T18:19:48.483000
10.76,2026-07-03T18:19:48.485000
10.762,2026-07-03T18:19:48.487000
10.764,2026-07-03T18:19:48.489000
10.766,2026-07-03T18:19:48.491000
10.768,2026-07-03T18:19:48.493000
10.77,2026-07-03T18:19:48.495000
10.772,2026-07-03T18:19:48.497000
10.774,2026-07-03T18:19:48.499000
10.776,2026-07-03T18:19:48.501000
10.778,2026-07-03T18:19:48.503000
10.78,2026-07-03T18:19:48.505000
10.782,2026-07-03T18:19:48.507000
10.784,2026-07-03T18:19:48.509000
10.786,2026-07-03T18:19:48.511000
10.788,2026-07-03T18:19:48.513000
10.79,2026-07-03T18:19:48.515000
10.792,2026-07-03T18:19:48.517000
10.794,2026-07-03T18:19:48.519000
10.796,2026-07-03T18:19:48.521000
10.798,2026-07-03T18:19:48.523000
10.8,2026-07-03T18:19:48.525000
10.802,2026-07-03T18:19:48.527000
10.804,2026-07-03T18:19:48.529000
10.806,2026-07-03T18:19:48.531000
10.808,2026-07-03T18:19:48.533000
10.81,2026-07-03T18:19:48.535000
10.812,2026-07-03T18:19:48.537000
10.814,2026-07-03T18:19:48.539000
10.816,2026-07-03T18:19:48.541000
10.818,2026-07-03T18:19:48.543000
10.82,2026-07-03T18:19:48.545000
10.822,2026-07-03T18:19:48.547000
10.824,2026-07-03T18:19:48.549000
10.826,2026-07-03T18:19:48.551000
10.828,2026-07-03T18:19:48.553000
10.83,2026-07-03T18:19:48.555000
10.832,2026-07-03T18:19:48.557000
10.834,2026-07-03T18:19:48.559000
10.836,2026-07-03T18:19:48.561000
10.838,2026-07-03T18:19:48.563000
10.84,2026-07-03T18:19:48.565000
10.842,2026-07-03T18:19:48.567000
10.844,2026-07-03T18:19:48.569000
10.846,2026-07-03T18:19:48.571000
10.848,2026-07-03T18:19:48.573000
10.85,2026-07-03T18:19:48.575000
10.852,2026-07-03T18:19:48.577000
10.854,2026-07-03T18:19:48.579000
10.856,2026-07-03T18:19:48.581000
10.858,2026-07-03T18:19:48.583000
10.86,2026-07-03T18:19:48.585000
10.862,2026-07-03T18:19:48.587000
10.864,2026-07-03T18:19:48.589000
10.866,2026-07-03T18:19:48.591000
10.868,2026-07-03T18:19:48.593000
10.87,2026-07-03T18:19:48.595000
10.872,2026-07-03T18:19:48.597000
10.874,2026-07-03T18:19:48.599000
10.876,2026-07-03T18:19:48.601000
10.878,2026-07-03T18:19:48.603000
10.88,2026-07-03T18:19:48.605000
10.882,2026-07-03T18:19:48.607000
10.884,2026-07-03T18:19:48.609000
10.886,2026-07-03T18:19:48.611000
10.888,2026-07-03T18:19:48.613000
10.89,2026-07-03T18:19:48.615000
10.892,2026-07-03T18:19:48.617000
10.894,2026-07-03T18:19:48.619000
10.896,2026-07-03T18:19:48.621000
10.898,2026-07-03T18:19:48.623000
10.9,2026-07-03T18:19:48.625000
10.902,2026-07-03T18:19:48.627000
10.904,2026-07-03T18:19:48.629000
10.906,2026-07-03T18:19:48.631000
10.908,2026-07-03T18:19:48.633000
10.91,2026-07-03T18:19:48.635000
10.912,2026-07-03T18:19:48.637000
10.914,2026-07-03T18:19:48.639000
10.916,2026-07-03T18:19:48.641000
10.918,2026-07-03T18:19:48.643000
10.92,2026-07-03T18:19:48.645000
10.922,2026-07-03T18:19:48.647000
10.924,2026-07-03T18:19:48.649000
10.926,2026-07-03T18:19:48.651000
10.928,2026-07-03T18:19:48.653000
10.93,2026-07-03T18:19:48.655000
10.932,2026-07-03T18:19:48.657000
10.934,2026-07-03T18:19:48.659000
10.936,2026-07-03T18:19:48.661000
10.938,2026-07-03T18:19:48.663000
10.94,2026-07-03T18:19:48.665000
10.942,2026-07-03T18:19:48.667000
10.944,2026-07-03T18:19:48.669000
10.946,2026-07-03T18:19:48.671000
10.948,2026-07-03T18:19:48.673000
10.95,2026-07-03T18:19:48.675000
10.952,2026-07-03T18:19:48.677000
10.954,2026-07-03T18:19:48.679000
10.956,2026-07-03T18:19:48.681000
10.958,2026-07-03T18:19:48.683000
10.96,2026-07-03T18:19:48.685000
10.962,2026-07-03T18:19:48.687000
10.964,2026-07-03T18:19:48.689000
10.966,2026-07-03T18:19:48.691000
10.968,2026-07-03T18:19:48.693000
10.97,2026-07-03T18:19:48.695000
10.972,2026-07-03T18:19:48.697000
10.974,2026-07-03T18:19:48.699000
10.976,2026-07-03T18:19:48.701000
10.978,2026-07-03T18:19:48.703000
10.98,2026-07-03T18:19:48.705000
10.982,2026-07-03T18:19:48.707000
10.984,2026-07-03T18:19:48.709000
10.986,2026-07-03T18:19:48.711000
10.988,2026-07-03T18:19:48.713000
10.99,2026-07-03T18:19:48.715000
10.992,2026-07-03T18:19:48.717000
10.994,2026-07-03T18:19:48.719000
10.996,2026-07-03T18:19:48.721000
10.998,2026-07-03T18:19:48.723000
11,2026-07-03T18:19:48.725000
11.002,2026-07-03T18:19:48.727000
11.004,2026-07-03T18:19:48.729000
11.006,2026-07-03T18:19:48.731000
11.008,2026-07-03T18:19:48.733000
11.01,2026-07-03T18:19:48.735000
11.012,2026-07-03T18:19:48.737000
11.014,2026-07-03T18:19:48.739000
11.016,2026-07-03T18:19:48.741000
11.018,2026-07-03T18:19:48.743000
11.02,2026-07-03T18:19:48.745000
11.022,2026-07-03T18:19:48.747000
11.024,2026-07-03T18:19:48.749000
11.026,2026-07-03T18:19:48.751000
11.028,2026-07-03T18:19:48.753000
11.03,2026-07-03T18:19:48.755000
11.032,2026-07-03T18:19:48.757000
11.034,2026-07-03T18:19:48.759000
11.036,2026-07-03T18:19:48.761000
11.038,2026-07-03T18:19:48.763000
11.04,2026-07-03T18:19:48.765000
11.042,2026-07-03T18:19:48.767000
11.044,2026-07-03T18:19:48.769000
11.046,2026-07-03T18:19:48.771000
11.048,2026-07-03T18:19:48.773000
11.05,2026-07-03T18:19:48.775000
11.052,2026-07-03T18:19:48.777000
11.054,2026-07-03T18:19:48.779000
11.056,2026-07-03T18:19:48.781000
11.058,2026-07-03T18:19:48.783000
11.06,2026-07-03T18:19:48.785000
11.062,2026-07-03T18:19:48.787000
11.064,2026-07-03T18:19:48.789000
11.066,2026-07-03T18:19:48.791000
11.068,2026-07-03T18:19:48.793000
11.07,2026-07-03T18:19:48.795000
11.072,2026-07-03T18:19:48.797000
11.074,2026-07-03T18:19:48.799000
11.076,2026-07-03T18:19:48.801000
11.078,2026-07-03T18:19:48.803000
11.08,2026-07-03T18:19:48.805000
11.082,2026-07-03T18:19:48.807000
11.084,2026-07-03T18:19:48.809000
11.086,2026-07-03T18:19:48.811000
11.088,2026-07-03T18:19:48.813000
11.09,2026-07-03T18:19:48.815000
11.092,2026-07-03T18:19:48.817000
11.094,2026-07-03T18:19:48.819000
11.096,2026-07-03T18:19:48.821000
11.098,2026-07-03T18:19:48.823000
11.1,2026-07-03T18:19:48.825000
11.102,2026-07-03T18:19:48.827000
11.104,2026-07-03T18:19:48.829000
11.106,2026-07-03T18:19:48.831000
11.108,2026-07-03T18:19:48.833000
11.11,2026-07-03T18:19:48.835000
11.112,2026-07-03T18:19:48.837000
11.114,2026-07-03T18:19:48.839000
11.116,2026-07-03T18:19:48.841000
11.118,2026-07-03T18:19:48.843000
11.12,2026-07-03T18:19:48.845000
11.122,2026-07-03T18:19:48.847000
11.124,2026-07-03T18:19:48.849000
11.126,2026-07-03T18:19:48.851000
11.128,2026-07-03T18:19:48.853000
11.13,2026-07-03T18:19:48.855000
11.132,2026-07-03T18:19:48.857000
11.134,2026-07-03T18:19:48.859000
11.136,2026-07-03T18:19:48.861000
11.138,2026-07-03T18:19:48.863000
11.14,2026-07-03T18:19:48.865000
11.142,2026-07-03T18:19:48.867000
11.144,2026-07-03T18:19:48.869000
11.146,2026-07-03T18:19:48.871000
11.148,2026-07-03T18:19:48.873000
11.15,2026-07-03T18:19:48.875000
11.152,2026-07-03T18:19:48.877000
11.154,2026-07-03T18:19:48.879000
11.156,2026-07-03T18:19:48.881000
11.158,2026-07-03T18:19:48.883000
11.16,2026-07-03T18:19:48.885000
11.162,2026-07-03T18:19:48.887000
11.164,2026-07-03T18:19:48.889000
11.166,2026-07-03T18:19:48.891000
11.168,2026-07-03T18:19:48.893000
11.17,2026-07-03T18:19:48.895000
11.172,2026-07-03T18:19:48.897000
11.174,2026-07-03T18:19:48.899000
11.176,2026-07-03T18:19:48.901000
11.178,2026-07-03T18:19:48.903000
11.18,2026-07-03T18:19:48.905000
11.182,2026-07-03T18:19:48.907000
11.184,2026-07-03T18:19:48.909000
11.186,2026-07-03T18:19:48.911000
11.188,2026-07-03T18:19:48.913000
11.19,2026-07-03T18:19:48.915000
11.192,2026-07-03T18:19:48.917000
11.194,2026-07-03T18:19:48.919000
11.196,2026-07-03T18:19:48.921000
11.198,2026-07-03T18:19:48.923000
11.2,2026-07-03T18:19:48.925000
11.202,2026-07-03T18:19:48.927000
11.204,2026-07-03T18:19:48.929000
11.206,2026-07-03T18:19:48.931000
11.208,2026-07-03T18:19:48.933000
11.21,2026-07-03T18:19:48.935000
11.212,2026-07-03T18:19:48.937000
11.214,2026-07-03T18:19:48.939000
11.216,2026-07-03T18:19:48.941000
11.218,2026-07-03T18:19:48.943000
11.22,2026-07-03T18:19:48.945000
11.222,2026-07-03T18:19:48.947000
11.224,2026-07-03T18:19:48.949000
11.226,2026-07-03T18:19:48.951000
11.228,2026-07-03T18:19:48.953000
11.23,2026-07-03T18:19:48.955000
11.232,2026-07-03T18:19:48.957000
11.234,2026-07-03T18:19:48.959000
11.236,2026-07-03T18:19:48.961000
11.238,2026-07-03T18:19:48.963000
11.24,2026-07-03T18:19:48.965000
11.242,2026-07-03T18:19:48.967000
11.244,2026-07-03T18:19:48.969000
11.246,2026-07-03T18:19:48.971000
11.248,2026-07-03T18:19:48.973000
11.25,2026-07-03T18:19:48.975000
11.252,2026-07-03T18:19:48.977000
11.254,2026-07-03T18:19:48.979000
11.256,2026-07-03T18:19:48.981000
11.258,2026-07-03T18:19:48.983000
11.26,2026-07-03T18:19:48.985000
11.262,2026-07-03T18:19:48.987000
11.264,2026-07-03T18:19:48.989000
11.266,2026-07-03T18:19:48.991000
11.268,2026-07-03T18:19:48.993000
11.27,2026-07-03T18:19:48.995000
11.272,2026-07-03T18:19:48.997000
11.274,2026-07-03T18:19:48.999000
11.276,2026-07-03T18:19:49.001000
11.278,2026-07-03T18:19:49.003000
11.28,2026-07-03T18:19:49.005000
11.282,2026-07-03T18:19:49.007000
11.284,2026-07-03T18:19:49.009000
11.286,2026-07-03T18:19:49.011000
11.288,2026-07-03T18:19:49.013000
11.29,2026-07-03T18:19:49.015000
11.292,2026-07-03T18:19:49.017000
11.294,2026-07-03T18:19:49.019000
11.296,2026-07-03T18:19:49.021000
11.298,2026-07-03T18:19:49.023000
11.3,2026-07-03T18:19:49.025000
11.302,2026-07-03T18:19:49.027000
11.304,2026-07-03T18:19:49.029000
11.306,2026-07-03T18:19:49.031000
11.308,2026-07-03T18:19:49.033000
11.31,2026-07-03T18:19:49.035000
11.312,2026-07-03T18:19:49.037000
11.314,2026-07-03T18:19:49.039000
11.316,2026-07-03T18:19:49.041000
11.318,2026-07-03T18:19:49.043000
11.32,2026-07-03T18:19:49.045000
11.322,2026-07-03T18:19:49.047000
11.324,2026-07-03T18:19:49.049000
11.326,2026-07-03T18:19:49.051000
11.328,2026-07-03T18:19:49.053000
11.33,2026-07-03T18:19:49.055000
11.332,2026-07-03T18:19:49.057000
11.334,2026-07-03T18:19:49.059000
11.336,2026-07-03T18:19:49.061000
11.338,2026-07-03T18:19:49.063000
11.34,2026-07-03T18:19:49.065000
11.342,2026-07-03T18:19:49.067000
11.344,2026-07-03T18:19:49.069000
11.346,2026-07-03T18:19:49.071000
11.348,2026-07-03T18:19:49.073000
11.35,2026-07-03T18:19:49.075000
11.352,2026-07-03T18:19:49.077000
11.354,2026-07-03T18:19:49.079000
11.356,2026-07-03T18:19:49.081000
11.358,2026-07-03T18:19:49.083000
11.36,2026-07-03T18:19:49.085000
11.362,2026-07-03T18:19:49.087000
11.364,2026-07-03T18:19:49.089000
11.366,2026-07-03T18:19:49.091000
11.368,2026-07-03T18:19:49.093000
11.37,2026-07-03T18:19:49.095000
11.372,2026-07-03T18:19:49.097000
11.374,2026-07-03T18:19:49.099000
11.376,2026-07-03T18:19:49.101000
11.378,2026-07-03T18:19:49.103000
11.38,2026-07-03T18:19:49.105000
11.382,2026-07-03T18:19:49.107000
11.384,2026-07-03T18:19:49.109000
11.386,2026-07-03T18:19:49.111000
11.388,2026-07-03T18:19:49.113000
11.39,2026-07-03T18:19:49.115000
11.392,2026-07-03T18:19:49.117000
11.394,2026-07-03T18:19:49.119000
11.396,2026-07-03T18:19:49.121000
11.398,2026-07-03T18:19:49.123000
11.4,2026-07-03T18:19:49.125000
11.402,2026-07-03T18:19:49.127000
11.404,2026-07-03T18:19:49.129000
11.406,2026-07-03T18:19:49.131000
11.408,2026-07-03T18:19:49.133000
11.41,2026-07-03T18:19:49.135000
11.412,2026-07-03T18:19:49.137000
11.414,2026-07-03T18:19:49.139000
11.416,2026-07-03T18:19:49.141000
11.418,2026-07-03T18:19:49.143000
11.42,2026-07-03T18:19:49.145000
11.422,2026-07-03T18:19:49.147000
11.424,2026-07-03T18:19:49.149000
11.426,2026-07-03T18:19:49.151000
11.428,2026-07-03T18:19:49.153000
11.43,2026-07-03T18:19:49.155000
11.432,2026-07-03T18:19:49.157000
11.434,2026-07-03T18:19:49.159000
11.436,2026-07-03T18:19:49.161000
11.438,2026-07-03T18:19:49.163000
11.44,2026-07-03T18:19:49.165000
11.442,2026-07-03T18:19:49.167000
11.444,2026-07-03T18:19:49.169000
11.446,2026-07-03T18:19:49.171000
11.448,2026-07-03T18:19:49.173000
11.45,2026-07-03T18:19:49.175000
11.452,2026-07-03T18:19:49.177000
11.454,2026-07-03T18:19:49.179000
11.456,2026-07-03T18:19:49.181000
11.458,2026-07-03T18:19:49.183000
11.46,2026-07-03T18:19:49.185000
11.462,2026-07-03T18:19:49.187000
11.464,2026-07-03T18:19:49.189000
11.466,2026-07-03T18:19:49.191000
11.468,2026-07-03T18:19:49.193000
11.47,2026-07-03T18:19:49.195000
11.472,2026-07-03T18:19:49.197000
11.474,2026-07-03T18:19:49.199000
11.476,2026-07-03T18:19:49.201000
11.478,2026-07-03T18:19:49.203000
11.48,2026-07-03T18:19:49.205000
11.482,2026-07-03T18:19:49.207000
11.484,2026-07-03T18:19:49.209000
11.486,2026-07-03T18:19:49.211000
11.488,2026-07-03T18:19:49.213000
11.49,2026-07-03T18:19:49.215000
11.492,2026-07-03T18:19:49.217000
11.494,2026-07-03T18:19:49.219000
11.496,2026-07-03T18:19:49.221000
11.498,2026-07-03T18:19:49.223000
11.5,2026-07-03T18:19:49.225000
11.502,2026-07-03T18:19:49.227000
11.504,2026-07-03T18:19:49.229000
11.506,2026-07-03T18:19:49.231000
11.508,2026-07-03T18:19:49.233000
11.51,2026-07-03T18:19:49.235000
11.512,2026-07-03T18:19:49.237000
11.514,2026-07-03T18:19:49.239000
11.516,2026-07-03T18:19:49.241000
11.518,2026-07-03T18:19:49.243000
11.52,2026-07-03T18:19:49.245000
11.522,2026-07-03T18:19:49.247000
11.524,2026-07-03T18:19:49.249000
11.526,2026-07-03T18:19:49.251000
11.528,2026-07-03T18:19:49.253000
11.53,2026-07-03T18:19:49.255000
11.532,2026-07-03T18:19:49.257000
11.534,2026-07-03T18:19:49.259000
11.536,2026-07-03T18:19:49.261000
11.538,2026-07-03T18:19:49.263000
11.54,2026-07-03T18:19:49.265000
11.542,2026-07-03T18:19:49.267000
11.544,2026-07-03T18:19:49.269000
11.546,2026-07-03T18:19:49.271000
11.548,2026-07-03T18:19:49.273000
11.55,2026-07-03T18:19:49.275000
11.552,2026-07-03T18:19:49.277000
11.554,2026-07-03T18:19:49.279000
11.556,2026-07-03T18:19:49.281000
11.558,2026-07-03T18:19:49.283000
11.56,2026-07-03T18:19:49.285000
11.562,2026-07-03T18:19:49.287000
11.564,2026-07-03T18:19:49.289000
11.566,2026-07-03T18:19:49.291000
11.568,2026-07-03T18:19:49.293000
11.57,2026-07-03T18:19:49.295000
11.572,2026-07-03T18:19:49.297000
11.574,2026-07-03T18:19:49.299000
11.576,2026-07-03T18:19:49.301000
11.578,2026-07-03T18:19:49.303000
11.58,2026-07-03T18:19:49.305000
11.582,2026-07-03T18:19:49.307000
11.584,2026-07-03T18:19:49.309000
11.586,2026-07-03T18:19:49.311000
11.588,2026-07-03T18:19:49.313000
11.59,2026-07-03T18:19:49.315000
11.592,2026-07-03T18:19:49.317000
11.594,2026-07-03T18:19:49.319000
11.596,2026-07-03T18:19:49.321000
11.598,2026-07-03T18:19:49.323000
11.6,2026-07-03T18:19:49.325000
11.602,2026-07-03T18:19:49.327000
11.604,2026-07-03T18:19:49.329000
11.606,2026-07-03T18:19:49.331000
11.608,2026-07-03T18:19:49.333000
11.61,2026-07-03T18:19:49.335000
11.612,2026-07-03T18:19:49.337000
11.614,2026-07-03T18:19:49.339000
11.616,2026-07-03T18:19:49.341000
11.618,2026-07-03T18:19:49.343000
11.62,2026-07-03T18:19:49.345000
11.622,2026-07-03T18:19:49.347000
11.624,2026-07-03T18:19:49.349000
11.626,2026-07-03T18:19:49.351000
11.628,2026-07-03T18:19:49.353000
11.63,2026-07-03T18:19:49.355000
11.632,2026-07-03T18:19:49.357000
11.634,2026-07-03T18:19:49.359000
11.636,2026-07-03T18:19:49.361000
11.638,2026-07-03T18:19:49.363000
11.64,2026-07-03T18:19:49.365000
11.642,2026-07-03T18:19:49.367000
11.644,2026-07-03T18:19:49.369000
11.646,2026-07-03T18:19:49.371000
11.648,2026-07-03T18:19:49.373000
11.65,2026-07-03T18:19:49.375000
11.652,2026-07-03T18:19:49.377000
11.654,2026-07-03T18:19:49.379000
11.656,2026-07-03T18:19:49.381000
11.658,2026-07-03T18:19:49.383000
11.66,2026-07-03T18:19:49.385000
11.662,2026-07-03T18:19:49.387000
11.664,2026-07-03T18:19:49.389000
11.666,2026-07-03T18:19:49.391000
11.668,2026-07-03T18:19:49.393000
11.67,2026-07-03T18:19:49.395000
11.672,2026-07-03T18:19:49.397000
11.674,2026-07-03T18:19:49.399000
11.676,2026-07-03T18:19:49.401000
11.678,2026-07-03T18:19:49.403000
11.68,2026-07-03T18:19:49.405000
11.682,2026-07-03T18:19:49.407000
11.684,2026-07-03T18:19:49.409000
11.686,2026-07-03T18:19:49.411000
11.688,2026-07-03T18:19:49.413000
11.69,2026-07-03T18:19:49.415000
11.692,2026-07-03T18:19:49.417000
11.694,2026-07-03T18:19:49.419000
11.696,2026-07-03T18:19:49.421000
11.698,2026-07-03T18:19:49.423000
11.7,2026-07-03T18:19:49.425000
11.702,2026-07-03T18:19:49.427000
11.704,2026-07-03T18:19:49.429000
11.706,2026-07-03T18:19:49.431000
11.708,2026-07-03T18:19:49.433000
11.71,2026-07-03T18:19:49.435000
11.712,2026-07-03T18:19:49.437000
11.714,2026-07-03T18:19:49.439000
11.716,2026-07-03T18:19:49.441000
11.718,2026-07-03T18:19:49.443000
11.72,2026-07-03T18:19:49.445000
11.722,2026-07-03T18:19:49.447000
11.724,2026-07-03T18:19:49.449000
11.726,2026-07-03T18:19:49.451000
11.728,2026-07-03T18:19:49.453000
11.73,2026-07-03T18:19:49.455000
11.732,2026-07-03T18:19:49.457000
11.734,2026-07-03T18:19:49.459000
11.736,2026-07-03T18:19:49.461000
11.738,2026-07-03T18:19:49.463000
11.74,2026-07-03T18:19:49.465000
11.742,2026-07-03T18:19:49.467000
11.744,2026-07-03T18:19:49.469000
11.746,2026-07-03T18:19:49.471000
11.748,2026-07-03T18:19:49.473000
11.75,2026-07-03T18:19:49.475000
11.752,2026-07-03T18:19:49.477000
11.754,2026-07-03T18:19:49.479000
11.756,2026-07-03T18:19:49.481000
11.758,2026-07-03T18:19:49.483000
11.76,2026-07-03T18:19:49.485000
11.762,2026-07-03T18:19:49.487000
11.764,2026-07-03T18:19:49.489000
11.766,2026-07-03T18:19:49.491000
11.768,2026-07-03T18:19:49.493000
11.77,2026-07-03T18:19:49.495000
11.772,2026-07-03T18:19:49.497000
11.774,2026-07-03T18:19:49.499000
11.776,2026-07-03T18:19:49.501000
11.778,2026-07-03T18:19:49.503000
11.78,2026-07-03T18:19:49.505000
11.782,2026-07-03T18:19:49.507000
11.784,2026-07-03T18:19:49.509000
11.786,2026-07-03T18:19:49.511000
11.788,2026-07-03T18:19:49.513000
11.79,2026-07-03T18:19:49.515000
11.792,2026-07-03T18:19:49.517000
11.794,2026-07-03T18:19:49.519000
11.796,2026-07-03T18:19:49.521000
11.798,2026-07-03T18:19:49.523000
11.8,2026-07-03T18:19:49.525000
11.802,2026-07-03T18:19:49.527000
11.804,2026-07-03T18:19:49.529000
11.806,2026-07-03T18:19:49.531000
11.808,2026-07-03T18:19:49.533000
11.81,2026-07-03T18:19:49.535000
11.812,2026-07-03T18:19:49.537000
11.814,2026-07-03T18:19:49.539000
11.816,2026-07-03T18:19:49.541000
11.818,2026-07-03T18:19:49.543000
11.82,2026-07-03T18:19:49.545000
11.822,2026-07-03T18:19:49.547000
11.824,2026-07-03T18:19:49.549000
11.826,2026-07-03T18:19:49.551000
11.828,2026-07-03T18:19:49.553000
11.83,2026-07-03T18:19:49.555000
11.832,2026-07-03T18:19:49.557000
11.834,2026-07-03T18:19:49.559000
11.836,2026-07-03T18:19:49.561000
11.838,2026-07-03T18:19:49.563000
11.84,2026-07-03T18:19:49.565000
11.842,2026-07-03T18:19:49.567000
11.844,2026-07-03T18:19:49.569000
11.846,2026-07-03T18:19:49.571000
11.848,2026-07-03T18:19:49.573000
11.85,2026-07-03T18:19:49.575000
11.852,2026-07-03T18:19:49.577000
11.854,2026-07-03T18:19:49.579000
11.856,2026-07-03T18:19:49.581000
11.858,2026-07-03T18:19:49.583000
11.86,2026-07-03T18:19:49.585000
11.862,2026-07-03T18:19:49.587000
11.864,2026-07-03T18:19:49.589000
11.866,2026-07-03T18:19:49.591000
11.868,2026-07-03T18:19:49.593000
11.87,2026-07-03T18:19:49.595000
11.872,2026-07-03T18:19:49.597000
11.874,2026-07-03T18:19:49.599000
11.876,2026-07-03T18:19:49.601000
11.878,2026-07-03T18:19:49.603000
11.88,2026-07-03T18:19:49.605000
11.882,2026-07-03T18:19:49.607000
11.884,2026-07-03T18:19:49.609000
11.886,2026-07-03T18:19:49.611000
11.888,2026-07-03T18:19:49.613000
11.89,2026-07-03T18:19:49.615000
11.892,2026-07-03T18:19:49.617000
11.894,2026-07-03T18:19:49.619000
11.896,2026-07-03T18:19:49.621000
11.898,2026-07-03T18:19:49.623000
11.9,2026-07-03T18:19:49.625000
11.902,2026-07-03T18:19:49.627000
11.904,2026-07-03T18:19:49.629000
11.906,2026-07-03T18:19:49.631000
11.908,2026-07-03T18:19:49.633000
11.91,2026-07-03T18:19:49.635000
11.912,2026-07-03T18:19:49.637000
11.914,2026-07-03T18:19:49.639000
11.916,2026-07-03T18:19:49.641000
11.918,2026-07-03T18:19:49.643000
11.92,2026-07-03T18:19:49.645000
11.922,2026-07-03T18:19:49.647000
11.924,2026-07-03T18:19:49.649000
11.926,2026-07-03T18:19:49.651000
11.928,2026-07-03T18:19:49.653000
11.93,2026-07-03T18:19:49.655000
11.932,2026-07-03T18:19:49.657000
11.934,2026-07-03T18:19:49.659000
11.936,2026-07-03T18:19:49.661000
11.938,2026-07-03T18:19:49.663000
11.94,2026-07-03T18:19:49.665000
11.942,2026-07-03T18:19:49.667000
11.944,2026-07-03T18:19:49.669000
11.946,2026-07-03T18:19:49.671000
11.948,2026-07-03T18:19:49.673000
11.95,2026-07-03T18:19:49.675000
11.952,2026-07-03T18:19:49.677000
11.954,2026-07-03T18:19:49.679000
11.956,2026-07-03T18:19:49.681000
11.958,2026-07-03T18:19:49.683000
11.96,2026-07-03T18:19:49.685000
11.962,2026-07-03T18:19:49.687000
11.964,2026-07-03T18:19:49.689000
11.966,2026-07-03T18:19:49.691000
11.968,2026-07-03T18:19:49.693000
11.97,2026-07-03T18:19:49.695000
11.972,2026-07-03T18:19:49.697000
11.974,2026-07-03T18:19:49.699000
11.976,2026-07-03T18:19:49.701000
11.978,2026-07-03T18:19:49.703000
11.98,2026-07-03T18:19:49.705000
11.982,2026-07-03T18:19:49.707000
11.984,2026-07-03T18:19:49.709000
11.986,2026-07-03T18:19:49.711000
11.988,2026-07-03T18:19:49.713000
11.99,2026-07-03T18:19:49.715000
11.992,2026-07-03T18:19:49.717000
11.994,2026-07-03T18:19:49.719000
11.996,2026-07-03T18:19:49.721000
11.998,2026-07-03T18:19:49.723000
12,2026-07-03T18:19:49.725000
12.002,2026-07-03T18:19:49.727000
12.004,2026-07-03T18:19:49.729000
12.006,2026-07-03T18:19:49.731000
12.008,2026-07-03T18:19:49.733000
12.01,2026-07-03T18:19:49.735000
12.012,2026-07-03T18:19:49.737000
12.014,2026-07-03T18:19:49.739000
12.016,2026-07-03T18:19:49.741000
12.018,2026-07-03T18:19:49.743000
12.02,2026-07-03T18:19:49.745000
12.022,2026-07-03T18:19:49.747000
12.024,2026-07-03T18:19:49.749000
12.026,2026-07-03T18:19:49.751000
12.028,2026-07-03T18:19:49.753000
12.03,2026-07-03T18:19:49.755000
12.032,2026-07-03T18:19:49.757000
12.034,2026-07-03T18:19:49.759000
12.036,2026-07-03T18:19:49.761000
12.038,2026-07-03T18:19:49.763000
12.04,2026-07-03T18:19:49.765000
12.042,2026-07-03T18:19:49.767000
12.044,2026-07-03T18:19:49.769000
12.046,2026-07-03T18:19:49.771000
12.048,2026-07-03T18:19:49.773000
12.05,2026-07-03T18:19:49.775000
12.052,2026-07-03T18:19:49.777000
12.054,2026-07-03T18:19:49.779000
12.056,2026-07-03T18:19:49.781000
12.058,2026-07-03T18:19:49.783000
12.06,2026-07-03T18:19:49.785000
12.062,2026-07-03T18:19:49.787000
12.064,2026-07-03T18:19:49.789000
12.066,2026-07-03T18:19:49.791000
12.068,2026-07-03T18:19:49.793000
12.07,2026-07-03T18:19:49.795000
12.072,2026-07-03T18:19:49.797000
12.074,2026-07-03T18:19:49.799000
12.076,2026-07-03T18:19:49.801000
12.078,2026-07-03T18:19:49.803000
12.08,2026-07-03T18:19:49.805000
12.082,2026-07-03T18:19:49.807000
12.084,2026-07-03T18:19:49.809000
12.086,2026-07-03T18:19:49.811000
12.088,2026-07-03T18:19:49.813000
12.09,2026-07-03T18:19:49.815000
12.092,2026-07-03T18:19:49.817000
12.094,2026-07-03T18:19:49.819000
12.096,2026-07-03T18:19:49.821000
12.098,2026-07-03T18:19:49.823000
12.1,2026-07-03T18:19:49.825000
12.102,2026-07-03T18:19:49.827000
12.104,2026-07-03T18:19:49.829000
12.106,2026-07-03T18:19:49.831000
12.108,2026-07-03T18:19:49.833000
12.11,2026-07-03T18:19:49.835000
12.112,2026-07-03T18:19:49.837000
12.114,2026-07-03T18:19:49.839000
12.116,2026-07-03T18:19:49.841000
12.118,2026-07-03T18:19:49.843000
12.12,2026-07-03T18:19:49.845000
12.122,2026-07-03T18:19:49.847000
12.124,2026-07-03T18:19:49.849000
12.126,2026-07-03T18:19:49.851000
12.128,2026-07-03T18:19:49.853000
12.13,2026-07-03T18:19:49.855000
12.132,2026-07-03T18:19:49.857000
12.134,2026-07-03T18:19:49.859000
12.136,2026-07-03T18:19:49.861000
12.138,2026-07-03T18:19:49.863000
12.14,2026-07-03T18:19:49.865000
12.142,2026-07-03T18:19:49.867000
12.144,2026-07-03T18:19:49.869000
12.146,2026-07-03T18:19:49.871000
12.148,2026-07-03T18:19:49.873000
12.15,2026-07-03T18:19:49.875000
12.152,2026-07-03T18:19:49.877000
12.154,2026-07-03T18:19:49.879000
12.156,2026-07-03T18:19:49.881000
12.158,2026-07-03T18:19:49.883000
12.16,2026-07-03T18:19:49.885000
12.162,2026-07-03T18:19:49.887000
12.164,2026-07-03T18:19:49.889000
12.166,2026-07-03T18:19:49.891000
12.168,2026-07-03T18:19:49.893000
12.17,2026-07-03T18:19:49.895000
12.172,2026-07-03T18:19:49.897000
12.174,2026-07-03T18:19:49.899000
12.176,2026-07-03T18:19:49.901000
12.178,2026-07-03T18:19:49.903000
12.18,2026-07-03T18:19:49.905000
12.182,2026-07-03T18:19:49.907000
12.184,2026-07-03T18:19:49.909000
12.186,2026-07-03T18:19:49.911000
12.188,2026-07-03T18:19:49.913000
12.19,2026-07-03T18:19:49.915000
12.192,2026-07-03T18:19:49.917000
12.194,2026-07-03T18:19:49.919000
12.196,2026-07-03T18:19:49.921000
12.198,2026-07-03T18:19:49.923000
12.2,2026-07-03T18:19:49.925000
12.202,2026-07-03T18:19:49.927000
12.204,2026-07-03T18:19:49.929000
12.206,2026-07-03T18:19:49.931000
12.208,2026-07-03T18:19:49.933000
12.21,2026-07-03T18:19:49.935000
12.212,2026-07-03T18:19:49.937000
12.214,2026-07-03T18:19:49.939000
12.216,2026-07-03T18:19:49.941000
12.218,2026-07-03T18:19:49.943000
12.22,2026-07-03T18:19:49.945000
12.222,2026-07-03T18:19:49.947000
12.224,2026-07-03T18:19:49.949000
12.226,2026-07-03T18:19:49.951000
12.228,2026-07-03T18:19:49.953000
12.23,2026-07-03T18:19:49.955000
12.232,2026-07-03T18:19:49.957000
12.234,2026-07-03T18:19:49.959000
12.236,2026-07-03T18:19:49.961000
12.238,2026-07-03T18:19:49.963000
12.24,2026-07-03T18:19:49.965000
12.242,2026-07-03T18:19:49.967000
12.244,2026-07-03T18:19:49.969000
12.246,2026-07-03T18:19:49.971000
12.248,2026-07-03T18:19:49.973000
12.25,2026-07-03T18:19:49.975000
12.252,2026-07-03T18:19:49.977000
12.254,2026-07-03T18:19:49.979000
12.256,2026-07-03T18:19:49.981000
12.258,2026-07-03T18:19:49.983000
12.26,2026-07-03T18:19:49.985000
12.262,2026-07-03T18:19:49.987000
12.264,2026-07-03T18:19:49.989000
12.266,2026-07-03T18:19:49.991000
12.268,2026-07-03T18:19:49.993000
12.27,2026-07-03T18:19:49.995000
12.272,2026-07-03T18:19:49.997000
12.274,2026-07-03T18:19:49.999000
12.276,2026-07-03T18:19:50.001000
12.278,2026-07-03T18:19:50.003000
12.28,2026-07-03T18:19:50.005000
12.282,2026-07-03T18:19:50.007000
12.284,2026-07-03T18:19:50.009000
12.286,2026-07-03T18:19:50.011000
12.288,2026-07-03T18:19:50.013000
12.29,2026-07-03T18:19:50.015000
12.292,2026-07-03T18:19:50.017000
12.294,2026-07-03T18:19:50.019000
12.296,2026-07-03T18:19:50.021000
12.298,2026-07-03T18:19:50.023000
12.3,2026-07-03T18:19:50.025000
12.302,2026-07-03T18:19:50.027000
12.304,2026-07-03T18:19:50.029000
12.306,2026-07-03T18:19:50.031000
12.308,2026-07-03T18:19:50.033000
12.31,2026-07-03T18:19:50.035000
12.312,2026-07-03T18:19:50.037000
12.314,2026-07-03T18:19:50.039000
12.316,2026-07-03T18:19:50.041000
12.318,2026-07-03T18:19:50.043000
12.32,2026-07-03T18:19:50.045000
12.322,2026-07-03T18:19:50.047000
12.324,2026-07-03T18:19:50.049000
12.326,2026-07-03T18:19:50.051000
12.328,2026-07-03T18:19:50.053000
12.33,2026-07-03T18:19:50.055000
12.332,2026-07-03T18:19:50.057000
12.334,2026-07-03T18:19:50.059000
12.336,2026-07-03T18:19:50.061000
12.338,2026-07-03T18:19:50.063000
12.34,2026-07-03T18:19:50.065000
12.342,2026-07-03T18:19:50.067000
12.344,2026-07-03T18:19:50.069000
12.346,2026-07-03T18:19:50.071000
12.348,2026-07-03T18:19:50.073000
12.35,2026-07-03T18:19:50.075000
12.352,2026-07-03T18:19:50.077000
12.354,2026-07-03T18:19:50.079000
12.356,2026-07-03T18:19:50.081000
12.358,2026-07-03T18:19:50.083000
12.36,2026-07-03T18:19:50.085000
12.362,2026-07-03T18:19:50.087000
12.364,2026-07-03T18:19:50.089000
12.366,2026-07-03T18:19:50.091000
12.368,2026-07-03T18:19:50.093000
12.37,2026-07-03T18:19:50.095000
12.372,2026-07-03T18:19:50.097000
12.374,2026-07-03T18:19:50.099000
12.376,2026-07-03T18:19:50.101000
12.378,2026-07-03T18:19:50.103000
12.38,2026-07-03T18:19:50.105000
12.382,2026-07-03T18:19:50.107000
12.384,2026-07-03T18:19:50.109000
12.386,2026-07-03T18:19:50.111000
12.388,2026-07-03T18:19:50.113000
12.39,2026-07-03T18:19:50.115000
12.392,2026-07-03T18:19:50.117000
12.394,2026-07-03T18:19:50.119000
12.396,2026-07-03T18:19:50.121000
12.398,2026-07-03T18:19:50.123000
12.4,2026-07-03T18:19:50.125000
12.402,2026-07-03T18:19:50.127000
12.404,2026-07-03T18:19:50.129000
12.406,2026-07-03T18:19:50.131000
12.408,2026-07-03T18:19:50.133000
12.41,2026-07-03T18:19:50.135000
12.412,2026-07-03T18:19:50.137000
12.414,2026-07-03T18:19:50.139000
12.416,2026-07-03T18:19:50.141000
12.418,2026-07-03T18:19:50.143000
12.42,2026-07-03T18:19:50.145000
12.422,2026-07-03T18:19:50.147000
12.424,2026-07-03T18:19:50.149000
12.426,2026-07-03T18:19:50.151000
12.428,2026-07-03T18:19:50.153000
12.43,2026-07-03T18:19:50.155000
12.432,2026-07-03T18:19:50.157000
12.434,2026-07-03T18:19:50.159000
12.436,2026-07-03T18:19:50.161000
12.438,2026-07-03T18:19:50.163000
12.44,2026-07-03T18:19:50.165000
12.442,2026-07-03T18:19:50.167000
12.444,2026-07-03T18:19:50.169000
12.446,2026-07-03T18:19:50.171000
12.448,2026-07-03T18:19:50.173000
12.45,2026-07-03T18:19:50.175000
12.452,2026-07-03T18:19:50.177000
12.454,2026-07-03T18:19:50.179000
12.456,2026-07-03T18:19:50.181000
12.458,2026-07-03T18:19:50.183000
12.46,2026-07-03T18:19:50.185000
12.462,2026-07-03T18:19:50.187000
12.464,2026-07-03T18:19:50.189000
12.466,2026-07-03T18:19:50.191000
12.468,2026-07-03T18:19:50.193000
12.47,2026-07-03T18:19:50.195000
12.472,2026-07-03T18:19:50.197000
12.474,2026-07-03T18:19:50.199000
12.476,2026-07-03T18:19:50.201000
12.478,2026-07-03T18:19:50.203000
12.48,2026-07-03T18:19:50.205000
12.482,2026-07-03T18:19:50.207000
12.484,2026-07-03T18:19:50.209000
12.486,2026-07-03T18:19:50.211000
12.488,2026-07-03T18:19:50.213000
12.49,2026-07-03T18:19:50.215000
12.492,2026-07-03T18:19:50.217000
12.494,2026-07-03T18:19:50.219000
12.496,2026-07-03T18:19:50.221000
12.498,2026-07-03T18:19:50.223000
12.5,2026-07-03T18:19:50.225000
12.502,2026-07-03T18:19:50.227000
12.504,2026-07-03T18:19:50.229000
12.506,2026-07-03T18:19:50.231000
12.508,2026-07-03T18:19:50.233000
12.51,2026-07-03T18:19:50.235000
12.512,2026-07-03T18:19:50.237000
12.514,2026-07-03T18:19:50.239000
12.516,2026-07-03T18:19:50.241000
12.518,2026-07-03T18:19:50.243000
12.52,2026-07-03T18:19:50.245000
12.522,2026-07-03T18:19:50.247000
12.524,2026-07-03T18:19:50.249000
12.526,2026-07-03T18:19:50.251000
12.528,2026-07-03T18:19:50.253000
12.53,2026-07-03T18:19:50.255000
12.532,2026-07-03T18:19:50.257000
12.534,2026-07-03T18:19:50.259000
12.536,2026-07-03T18:19:50.261000
12.538,2026-07-03T18:19:50.263000
12.54,2026-07-03T18:19:50.265000
12.542,2026-07-03T18:19:50.267000
12.544,2026-07-03T18:19:50.269000
12.546,2026-07-03T18:19:50.271000
12.548,2026-07-03T18:19:50.273000
12.55,2026-07-03T18:19:50.275000
12.552,2026-07-03T18:19:50.277000
12.554,2026-07-03T18:19:50.279000
12.556,2026-07-03T18:19:50.281000
12.558,2026-07-03T18:19:50.283000
12.56,2026-07-03T18:19:50.285000
12.562,2026-07-03T18:19:50.287000
12.564,2026-07-03T18:19:50.289000
12.566,2026-07-03T18:19:50.291000
12.568,2026-07-03T18:19:50.293000
12.57,2026-07-03T18:19:50.295000
12.572,2026-07-03T18:19:50.297000
12.574,2026-07-03T18:19:50.299000
12.576,2026-07-03T18:19:50.301000
12.578,2026-07-03T18:19:50.303000
12.58,2026-07-03T18:19:50.305000
12.582,2026-07-03T18:19:50.307000
12.584,2026-07-03T18:19:50.309000
12.586,2026-07-03T18:19:50.311000
12.588,2026-07-03T18:19:50.313000
12.59,2026-07-03T18:19:50.315000
12.592,2026-07-03T18:19:50.317000
12.594,2026-07-03T18:19:50.319000
12.596,2026-07-03T18:19:50.321000
12.598,2026-07-03T18:19:50.323000
12.6,2026-07-03T18:19:50.325000
12.602,2026-07-03T18:19:50.327000
12.604,2026-07-03T18:19:50.329000
12.606,2026-07-03T18:19:50.331000
12.608,2026-07-03T18:19:50.333000
12.61,2026-07-03T18:19:50.335000
12.612,2026-07-03T18:19:50.337000
12.614,2026-07-03T18:19:50.339000
12.616,2026-07-03T18:19:50.341000
12.618,2026-07-03T18:19:50.343000
12.62,2026-07-03T18:19:50.345000
12.622,2026-07-03T18:19:50.347000
12.624,2026-07-03T18:19:50.349000
12.626,2026-07-03T18:19:50.351000
12.628,2026-07-03T18:19:50.353000
12.63,2026-07-03T18:19:50.355000
12.632,2026-07-03T18:19:50.357000
12.634,2026-07-03T18:19:50.359000
12.636,2026-07-03T18:19:50.361000
12.638,2026-07-03T18:19:50.363000
12.64,2026-07-03T18:19:50.365000
12.642,2026-07-03T18:19:50.367000
12.644,2026-07-03T18:19:50.369000
12.646,2026-07-03T18:19:50.371000
12.648,2026-07-03T18:19:50.373000
12.65,2026-07-03T18:19:50.375000
12.652,2026-07-03T18:19:50.377000
12.654,2026-07-03T18:19:50.379000
12.656,2026-07-03T18:19:50.381000
12.658,2026-07-03T18:19:50.383000
12.66,2026-07-03T18:19:50.385000
12.662,2026-07-03T18:19:50.387000
12.664,2026-07-03T18:19:50.389000
12.666,2026-07-03T18:19:50.391000
12.668,2026-07-03T18:19:50.393000
12.67,2026-07-03T18:19:50.395000
12.672,2026-07-03T18:19:50.397000
12.674,2026-07-03T18:19:50.399000
12.676,2026-07-03T18:19:50.401000
12.678,2026-07-03T18:19:50.403000
12.68,2026-07-03T18:19:50.405000
12.682,2026-07-03T18:19:50.407000
12.684,2026-07-03T18:19:50.409000
12.686,2026-07-03T18:19:50.411000
12.688,2026-07-03T18:19:50.413000
12.69,2026-07-03T18:19:50.415000
12.692,2026-07-03T18:19:50.417000
12.694,2026-07-03T18:19:50.419000
12.696,2026-07-03T18:19:50.421000
12.698,2026-07-03T18:19:50.423000
12.7,2026-07-03T18:19:50.425000
12.702,2026-07-03T18:19:50.427000
12.704,2026-07-03T18:19:50.429000
12.706,2026-07-03T18:19:50.431000
12.708,2026-07-03T18:19:50.433000
12.71,2026-07-03T18:19:50.435000
12.712,2026-07-03T18:19:50.437000
12.714,2026-07-03T18:19:50.439000
12.716,2026-07-03T18:19:50.441000
12.718,2026-07-03T18:19:50.443000
12.72,2026-07-03T18:19:50.445000
12.722,2026-07-03T18:19:50.447000
12.724,2026-07-03T18:19:50.449000
12.726,2026-07-03T18:19:50.451000
12.728,2026-07-03T18:19:50.453000
12.73,2026-07-03T18:19:50.455000
12.732,2026-07-03T18:19:50.457000
12.734,2026-07-03T18:19:50.459000
12.736,2026-07-03T18:19:50.461000
12.738,2026-07-03T18:19:50.463000
12.74,2026-07-03T18:19:50.465000
12.742,2026-07-03T18:19:50.467000
12.744,2026-07-03T18:19:50.469000
12.746,2026-07-03T18:19:50.471000
12.748,2026-07-03T18:19:50.473000
12.75,2026-07-03T18:19:50.475000
12.752,2026-07-03T18:19:50.477000
12.754,2026-07-03T18:19:50.479000
12.756,2026-07-03T18:19:50.481000
12.758,2026-07-03T18:19:50.483000
12.76,2026-07-03T18:19:50.485000
12.762,2026-07-03T18:19:50.487000
12.764,2026-07-03T18:19:50.489000
12.766,2026-07-03T18:19:50.491000
12.768,2026-07-03T18:19:50.493000
12.77,2026-07-03T18:19:50.495000
12.772,2026-07-03T18:19:50.497000
12.774,2026-07-03T18:19:50.499000
12.776,2026-07-03T18:19:50.501000
12.778,2026-07-03T18:19:50.503000
12.78,2026-07-03T18:19:50.505000
12.782,2026-07-03T18:19:50.507000
12.784,2026-07-03T18:19:50.509000
12.786,2026-07-03T18:19:50.511000
12.788,2026-07-03T18:19:50.513000
12.79,2026-07-03T18:19:50.515000
12.792,2026-07-03T18:19:50.517000
12.794,2026-07-03T18:19:50.519000
12.796,2026-07-03T18:19:50.521000
12.798,2026-07-03T18:19:50.523000
12.8,2026-07-03T18:19:50.525000
12.802,2026-07-03T18:19:50.527000
12.804,2026-07-03T18:19:50.529000
12.806,2026-07-03T18:19:50.531000
12.808,2026-07-03T18:19:50.533000
12.81,2026-07-03T18:19:50.535000
12.812,2026-07-03T18:19:50.537000
12.814,2026-07-03T18:19:50.539000
12.816,2026-07-03T18:19:50.541000
12.818,2026-07-03T18:19:50.543000
12.82,2026-07-03T18:19:50.545000
12.822,2026-07-03T18:19:50.547000
12.824,2026-07-03T18:19:50.549000
12.826,2026-07-03T18:19:50.551000
12.828,2026-07-03T18:19:50.553000
12.83,2026-07-03T18:19:50.555000
12.832,2026-07-03T18:19:50.557000
12.834,2026-07-03T18:19:50.559000
12.836,2026-07-03T18:19:50.561000
12.838,2026-07-03T18:19:50.563000
12.84,2026-07-03T18:19:50.565000
12.842,2026-07-03T18:19:50.567000
12.844,2026-07-03T18:19:50.569000
12.846,2026-07-03T18:19:50.571000
12.848,2026-07-03T18:19:50.573000
12.85,2026-07-03T18:19:50.575000
12.852,2026-07-03T18:19:50.577000
12.854,2026-07-03T18:19:50.579000
12.856,2026-07-03T18:19:50.581000
12.858,2026-07-03T18:19:50.583000
12.86,2026-07-03T18:19:50.585000
12.862,2026-07-03T18:19:50.587000
12.864,2026-07-03T18:19:50.589000
12.866,2026-07-03T18:19:50.591000
12.868,2026-07-03T18:19:50.593000
12.87,2026-07-03T18:19:50.595000
12.872,2026-07-03T18:19:50.597000
12.874,2026-07-03T18:19:50.599000
12.876,2026-07-03T18:19:50.601000
12.878,2026-07-03T18:19:50.603000
12.88,2026-07-03T18:19:50.605000
12.882,2026-07-03T18:19:50.607000
12.884,2026-07-03T18:19:50.609000
12.886,2026-07-03T18:19:50.611000
12.888,2026-07-03T18:19:50.613000
12.89,2026-07-03T18:19:50.615000
12.892,2026-07-03T18:19:50.617000
12.894,2026-07-03T18:19:50.619000
12.896,2026-07-03T18:19:50.621000
12.898,2026-07-03T18:19:50.623000
12.9,2026-07-03T18:19:50.625000
12.902,2026-07-03T18:19:50.627000
12.904,2026-07-03T18:19:50.629000
12.906,2026-07-03T18:19:50.631000
12.908,2026-07-03T18:19:50.633000
12.91,2026-07-03T18:19:50.635000
12.912,2026-07-03T18:19:50.637000
12.914,2026-07-03T18:19:50.639000
12.916,2026-07-03T18:19:50.641000
12.918,2026-07-03T18:19:50.643000
12.92,2026-07-03T18:19:50.645000
12.922,2026-07-03T18:19:50.647000
12.924,2026-07-03T18:19:50.649000
12.926,2026-07-03T18:19:50.651000
12.928,2026-07-03T18:19:50.653000
12.93,2026-07-03T18:19:50.655000
12.932,2026-07-03T18:19:50.657000
12.934,2026-07-03T18:19:50.659000
12.936,2026-07-03T18:19:50.661000
12.938,2026-07-03T18:19:50.663000
12.94,2026-07-03T18:19:50.665000
12.942,2026-07-03T18:19:50.667000
12.944,2026-07-03T18:19:50.669000
12.946,2026-07-03T18:19:50.671000
12.948,2026-07-03T18:19:50.673000
12.95,2026-07-03T18:19:50.675000
12.952,2026-07-03T18:19:50.677000
12.954,2026-07-03T18:19:50.679000
12.956,2026-07-03T18:19:50.681000
12.958,2026-07-03T18:19:50.683000
12.96,2026-07-03T18:19:50.685000
12.962,2026-07-03T18:19:50.687000
12.964,2026-07-03T18:19:50.689000
12.966,2026-07-03T18:19:50.691000
12.968,2026-07-03T18:19:50.693000
12.97,2026-07-03T18:19:50.695000
12.972,2026-07-03T18:19:50.697000
12.974,2026-07-03T18:19:50.699000
12.976,2026-07-03T18:19:50.701000
12.978,2026-07-03T18:19:50.703000
12.98,2026-07-03T18:19:50.705000
12.982,2026-07-03T18:19:50.707000
12.984,2026-07-03T18:19:50.709000
12.986,2026-07-03T18:19:50.711000
12.988,2026-07-03T18:19:50.713000
12.99,2026-07-03T18:19:50.715000
12.992,2026-07-03T18:19:50.717000
12.994,2026-07-03T18:19:50.719000
12.996,2026-07-03T18:19:50.721000
12.998,2026-07-03T18:19:50.723000
13,2026-07-03T18:19:50.725000
13.002,2026-07-03T18:19:50.727000
13.004,2026-07-03T18:19:50.729000
13.006,2026-07-03T18:19:50.731000
13.008,2026-07-03T18:19:50.733000
13.01,2026-07-03T18:19:50.735000
13.012,2026-07-03T18:19:50.737000
13.014,2026-07-03T18:19:50.739000
13.016,2026-07-03T18:19:50.741000
13.018,2026-07-03T18:19:50.743000
13.02,2026-07-03T18:19:50.745000
13.022,2026-07-03T18:19:50.747000
13.024,2026-07-03T18:19:50.749000
13.026,2026-07-03T18:19:50.751000
13.028,2026-07-03T18:19:50.753000
13.03,2026-07-03T18:19:50.755000
13.032,2026-07-03T18:19:50.757000
13.034,2026-07-03T18:19:50.759000
13.036,2026-07-03T18:19:50.761000
13.038,2026-07-03T18:19:50.763000
13.04,2026-07-03T18:19:50.765000
13.042,2026-07-03T18:19:50.767000
13.044,2026-07-03T18:19:50.769000
13.046,2026-07-03T18:19:50.771000
13.048,2026-07-03T18:19:50.773000
13.05,2026-07-03T18:19:50.775000
13.052,2026-07-03T18:19:50.777000
13.054,2026-07-03T18:19:50.779000
13.056,2026-07-03T18:19:50.781000
13.058,2026-07-03T18:19:50.783000
13.06,2026-07-03T18:19:50.785000
13.062,2026-07-03T18:19:50.787000
13.064,2026-07-03T18:19:50.789000
13.066,2026-07-03T18:19:50.791000
13.068,2026-07-03T18:19:50.793000
13.07,2026-07-03T18:19:50.795000
13.072,2026-07-03T18:19:50.797000
13.074,2026-07-03T18:19:50.799000
13.076,2026-07-03T18:19:50.801000
13.078,2026-07-03T18:19:50.803000
13.08,2026-07-03T18:19:50.805000
13.082,2026-07-03T18:19:50.807000
13.084,2026-07-03T18:19:50.809000
13.086,2026-07-03T18:19:50.811000
13.088,2026-07-03T18:19:50.813000
13.09,2026-07-03T18:19:50.815000
13.092,2026-07-03T18:19:50.817000
13.094,2026-07-03T18:19:50.819000
13.096,2026-07-03T18:19:50.821000
13.098,2026-07-03T18:19:50.823000
13.1,2026-07-03T18:19:50.825000
13.102,2026-07-03T18:19:50.827000
13.104,2026-07-03T18:19:50.829000
13.106,2026-07-03T18:19:50.831000
13.108,2026-07-03T18:19:50.833000
13.11,2026-07-03T18:19:50.835000
13.112,2026-07-03T18:19:50.837000
13.114,2026-07-03T18:19:50.839000
13.116,2026-07-03T18:19:50.841000
13.118,2026-07-03T18:19:50.843000
13.12,2026-07-03T18:19:50.845000
13.122,2026-07-03T18:19:50.847000
13.124,2026-07-03T18:19:50.849000
13.126,2026-07-03T18:19:50.851000
13.128,2026-07-03T18:19:50.853000
13.13,2026-07-03T18:19:50.855000
13.132,2026-07-03T18:19:50.857000
13.134,2026-07-03T18:19:50.859000
13.136,2026-07-03T18:19:50.861000
13.138,2026-07-03T18:19:50.863000
13.14,2026-07-03T18:19:50.865000
13.142,2026-07-03T18:19:50.867000
13.144,2026-07-03T18:19:50.869000
13.146,2026-07-03T18:19:50.871000
13.148,2026-07-03T18:19:50.873000
13.15,2026-07-03T18:19:50.875000
13.152,2026-07-03T18:19:50.877000
13.154,2026-07-03T18:19:50.879000
13.156,2026-07-03T18:19:50.881000
13.158,2026-07-03T18:19:50.883000
13.16,2026-07-03T18:19:50.885000
13.162,2026-07-03T18:19:50.887000
13.164,2026-07-03T18:19:50.889000
13.166,2026-07-03T18:19:50.891000
13.168,2026-07-03T18:19:50.893000
13.17,2026-07-03T18:19:50.895000
13.172,2026-07-03T18:19:50.897000
13.174,2026-07-03T18:19:50.899000
13.176,2026-07-03T18:19:50.901000
13.178,2026-07-03T18:19:50.903000
13.18,2026-07-03T18:19:50.905000
13.182,2026-07-03T18:19:50.907000
13.184,2026-07-03T18:19:50.909000
13.186,2026-07-03T18:19:50.911000
13.188,2026-07-03T18:19:50.913000
13.19,2026-07-03T18:19:50.915000
13.192,2026-07-03T18:19:50.917000
13.194,2026-07-03T18:19:50.919000
13.196,2026-07-03T18:19:50.921000
13.198,2026-07-03T18:19:50.923000
13.2,2026-07-03T18:19:50.925000
13.202,2026-07-03T18:19:50.927000
13.204,2026-07-03T18:19:50.929000
13.206,2026-07-03T18:19:50.931000
13.208,2026-07-03T18:19:50.933000
13.21,2026-07-03T18:19:50.935000
13.212,2026-07-03T18:19:50.937000
13.214,2026-07-03T18:19:50.939000
13.216,2026-07-03T18:19:50.941000
13.218,2026-07-03T18:19:50.943000
13.22,2026-07-03T18:19:50.945000
13.222,2026-07-03T18:19:50.947000
13.224,2026-07-03T18:19:50.949000
13.226,2026-07-03T18:19:50.951000
13.228,2026-07-03T18:19:50.953000
13.23,2026-07-03T18:19:50.955000
13.232,2026-07-03T18:19:50.957000
13.234,2026-07-03T18:19:50.959000
13.236,2026-07-03T18:19:50.961000
13.238,2026-07-03T18:19:50.963000
13.24,2026-07-03T18:19:50.965000
13.242,2026-07-03T18:19:50.967000
13.244,2026-07-03T18:19:50.969000
13.246,2026-07-03T18:19:50.971000
13.248,2026-07-03T18:19:50.973000
13.25,2026-07-03T18:19:50.975000
13.252,2026-07-03T18:19:50.977000
13.254,2026-07-03T18:19:50.979000
13.256,2026-07-03T18:19:50.981000
13.258,2026-07-03T18:19:50.983000
13.26,2026-07-03T18:19:50.985000
13.262,2026-07-03T18:19:50.987000
13.264,2026-07-03T18:19:50.989000
13.266,2026-07-03T18:19:50.991000
13.268,2026-07-03T18:19:50.993000
13.27,2026-07-03T18:19:50.995000
13.272,2026-07-03T18:19:50.997000
13.274,2026-07-03T18:19:50.999000
13.276,2026-07-03T18:19:51.001000
13.278,2026-07-03T18:19:51.003000
13.28,2026-07-03T18:19:51.005000
13.282,2026-07-03T18:19:51.007000
13.284,2026-07-03T18:19:51.009000
13.286,2026-07-03T18:19:51.011000
13.288,2026-07-03T18:19:51.013000
13.29,2026-07-03T18:19:51.015000
13.292,2026-07-03T18:19:51.017000
13.294,2026-07-03T18:19:51.019000
13.296,2026-07-03T18:19:51.021000
13.298,2026-07-03T18:19:51.023000
13.3,2026-07-03T18:19:51.025000
13.302,2026-07-03T18:19:51.027000
13.304,2026-07-03T18:19:51.029000
13.306,2026-07-03T18:19:51.031000
13.308,2026-07-03T18:19:51.033000
13.31,2026-07-03T18:19:51.035000
13.312,2026-07-03T18:19:51.037000
13.314,2026-07-03T18:19:51.039000
13.316,2026-07-03T18:19:51.041000
13.318,2026-07-03T18:19:51.043000
13.32,2026-07-03T18:19:51.045000
13.322,2026-07-03T18:19:51.047000
13.324,2026-07-03T18:19:51.049000
13.326,2026-07-03T18:19:51.051000
13.328,2026-07-03T18:19:51.053000
13.33,2026-07-03T18:19:51.055000
13.332,2026-07-03T18:19:51.057000
13.334,2026-07-03T18:19:51.059000
13.336,2026-07-03T18:19:51.061000
13.338,2026-07-03T18:19:51.063000
13.34,2026-07-03T18:19:51.065000
13.342,2026-07-03T18:19:51.067000
13.344,2026-07-03T18:19:51.069000
13.346,2026-07-03T18:19:51.071000
13.348,2026-07-03T18:19:51.073000
13.35,2026-07-03T18:19:51.075000
13.352,2026-07-03T18:19:51.077000
13.354,2026-07-03T18:19:51.079000
13.356,2026-07-03T18:19:51.081000
13.358,2026-07-03T18:19:51.083000
13.36,2026-07-03T18:19:51.085000
13.362,2026-07-03T18:19:51.087000
13.364,2026-07-03T18:19:51.089000
13.366,2026-07-03T18:19:51.091000
13.368,2026-07-03T18:19:51.093000
13.37,2026-07-03T18:19:51.095000
13.372,2026-07-03T18:19:51.097000
13.374,2026-07-03T18:19:51.099000
13.376,2026-07-03T18:19:51.101000
13.378,2026-07-03T18:19:51.103000
13.38,2026-07-03T18:19:51.105000
13.382,2026-07-03T18:19:51.107000
13.384,2026-07-03T18:19:51.109000
13.386,2026-07-03T18:19:51.111000
13.388,2026-07-03T18:19:51.113000
13.39,2026-07-03T18:19:51.115000
13.392,2026-07-03T18:19:51.117000
13.394,2026-07-03T18:19:51.119000
13.396,2026-07-03T18:19:51.121000
13.398,2026-07-03T18:19:51.123000
13.4,2026-07-03T18:19:51.125000
13.402,2026-07-03T18:19:51.127000
13.404,2026-07-03T18:19:51.129000
13.406,2026-07-03T18:19:51.131000
13.408,2026-07-03T18:19:51.133000
13.41,2026-07-03T18:19:51.135000
13.412,2026-07-03T18:19:51.137000
13.414,2026-07-03T18:19:51.139000
13.416,2026-07-03T18:19:51.141000
13.418,2026-07-03T18:19:51.143000
13.42,2026-07-03T18:19:51.145000
13.422,2026-07-03T18:19:51.147000
13.424,2026-07-03T18:19:51.149000
13.426,2026-07-03T18:19:51.151000
13.428,2026-07-03T18:19:51.153000
13.43,2026-07-03T18:19:51.155000
13.432,2026-07-03T18:19:51.157000
13.434,2026-07-03T18:19:51.159000
13.436,2026-07-03T18:19:51.161000
13.438,2026-07-03T18:19:51.163000
13.44,2026-07-03T18:19:51.165000
13.442,2026-07-03T18:19:51.167000
13.444,2026-07-03T18:19:51.169000
13.446,2026-07-03T18:19:51.171000
13.448,2026-07-03T18:19:51.173000
13.45,2026-07-03T18:19:51.175000
13.452,2026-07-03T18:19:51.177000
13.454,2026-07-03T18:19:51.179000
13.456,2026-07-03T18:19:51.181000
13.458,2026-07-03T18:19:51.183000
13.46,2026-07-03T18:19:51.185000
13.462,2026-07-03T18:19:51.187000
13.464,2026-07-03T18:19:51.189000
13.466,2026-07-03T18:19:51.191000
13.468,2026-07-03T18:19:51.193000
13.47,2026-07-03T18:19:51.195000
13.472,2026-07-03T18:19:51.197000
13.474,2026-07-03T18:19:51.199000
13.476,2026-07-03T18:19:51.201000
13.478,2026-07-03T18:19:51.203000
13.48,2026-07-03T18:19:51.205000
13.482,2026-07-03T18:19:51.207000
13.484,2026-07-03T18:19:51.209000
13.486,2026-07-03T18:19:51.211000
13.488,2026-07-03T18:19:51.213000
13.49,2026-07-03T18:19:51.215000
13.492,2026-07-03T18:19:51.217000
13.494,2026-07-03T18:19:51.219000
13.496,2026-07-03T18:19:51.221000
13.498,2026-07-03T18:19:51.223000
13.5,2026-07-03T18:19:51.225000
13.502,2026-07-03T18:19:51.227000
13.504,2026-07-03T18:19:51.229000
13.506,2026-07-03T18:19:51.231000
13.508,2026-07-03T18:19:51.233000
13.51,2026-07-03T18:19:51.235000
13.512,2026-07-03T18:19:51.237000
13.514,2026-07-03T18:19:51.239000
13.516,2026-07-03T18:19:51.241000
13.518,2026-07-03T18:19:51.243000
13.52,2026-07-03T18:19:51.245000
13.522,2026-07-03T18:19:51.247000
13.524,2026-07-03T18:19:51.249000
13.526,2026-07-03T18:19:51.251000
13.528,2026-07-03T18:19:51.253000
13.53,2026-07-03T18:19:51.255000
13.532,2026-07-03T18:19:51.257000
13.534,2026-07-03T18:19:51.259000
13.536,2026-07-03T18:19:51.261000
13.538,2026-07-03T18:19:51.263000
13.54,2026-07-03T18:19:51.265000
13.542,2026-07-03T18:19:51.267000
13.544,2026-07-03T18:19:51.269000
13.546,2026-07-03T18:19:51.271000
13.548,2026-07-03T18:19:51.273000
13.55,2026-07-03T18:19:51.275000
13.552,2026-07-03T18:19:51.277000
13.554,2026-07-03T18:19:51.279000
13.556,2026-07-03T18:19:51.281000
13.558,2026-07-03T18:19:51.283000
13.56,2026-07-03T18:19:51.285000
13.562,2026-07-03T18:19:51.287000
13.564,2026-07-03T18:19:51.289000
13.566,2026-07-03T18:19:51.291000
13.568,2026-07-03T18:19:51.293000
13.57,2026-07-03T18:19:51.295000
13.572,2026-07-03T18:19:51.297000
13.574,2026-07-03T18:19:51.299000
13.576,2026-07-03T18:19:51.301000
13.578,2026-07-03T18:19:51.303000
13.58,2026-07-03T18:19:51.305000
13.582,2026-07-03T18:19:51.307000
13.584,2026-07-03T18:19:51.309000
13.586,2026-07-03T18:19:51.311000
13.588,2026-07-03T18:19:51.313000
13.59,2026-07-03T18:19:51.315000
13.592,2026-07-03T18:19:51.317000
13.594,2026-07-03T18:19:51.319000
13.596,2026-07-03T18:19:51.321000
13.598,2026-07-03T18:19:51.323000
13.6,2026-07-03T18:19:51.325000
13.602,2026-07-03T18:19:51.327000
13.604,2026-07-03T18:19:51.329000
13.606,2026-07-03T18:19:51.331000
13.608,2026-07-03T18:19:51.333000
13.61,2026-07-03T18:19:51.335000
13.612,2026-07-03T18:19:51.337000
13.614,2026-07-03T18:19:51.339000
13.616,2026-07-03T18:19:51.341000
13.618,2026-07-03T18:19:51.343000
13.62,2026-07-03T18:19:51.345000
13.622,2026-07-03T18:19:51.347000
13.624,2026-07-03T18:19:51.349000
13.626,2026-07-03T18:19:51.351000
13.628,2026-07-03T18:19:51.353000
13.63,2026-07-03T18:19:51.355000
13.632,2026-07-03T18:19:51.357000
13.634,2026-07-03T18:19:51.359000
13.636,2026-07-03T18:19:51.361000
13.638,2026-07-03T18:19:51.363000
13.64,2026-07-03T18:19:51.365000
13.642,2026-07-03T18:19:51.367000
13.644,2026-07-03T18:19:51.369000
13.646,2026-07-03T18:19:51.371000
13.648,2026-07-03T18:19:51.373000
13.65,2026-07-03T18:19:51.375000
13.652,2026-07-03T18:19:51.377000
13.654,2026-07-03T18:19:51.379000
13.656,2026-07-03T18:19:51.381000
13.658,2026-07-03T18:19:51.383000
13.66,2026-07-03T18:19:51.385000
13.662,2026-07-03T18:19:51.387000
13.664,2026-07-03T18:19:51.389000
13.666,2026-07-03T18:19:51.391000
13.668,2026-07-03T18:19:51.393000
13.67,2026-07-03T18:19:51.395000
13.672,2026-07-03T18:19:51.397000
13.674,2026-07-03T18:19:51.399000
13.676,2026-07-03T18:19:51.401000
13.678,2026-07-03T18:19:51.403000
13.68,2026-07-03T18:19:51.405000
13.682,2026-07-03T18:19:51.407000
13.684,2026-07-03T18:19:51.409000
13.686,2026-07-03T18:19:51.411000
13.688,2026-07-03T18:19:51.413000
13.69,2026-07-03T18:19:51.415000
13.692,2026-07-03T18:19:51.417000
13.694,2026-07-03T18:19:51.419000
13.696,2026-07-03T18:19:51.421000
13.698,2026-07-03T18:19:51.423000
13.7,2026-07-03T18:19:51.425000
13.702,2026-07-03T18:19:51.427000
13.704,2026-07-03T18:19:51.429000
13.706,2026-07-03T18:19:51.431000
13.708,2026-07-03T18:19:51.433000
13.71,2026-07-03T18:19:51.435000
13.712,2026-07-03T18:19:51.437000
13.714,2026-07-03T18:19:51.439000
13.716,2026-07-03T18:19:51.441000
13.718,2026-07-03T18:19:51.443000
13.72,2026-07-03T18:19:51.445000
13.722,2026-07-03T18:19:51.447000
13.724,2026-07-03T18:19:51.449000
13.726,2026-07-03T18:19:51.451000
13.728,2026-07-03T18:19:51.453000
13.73,2026-07-03T18:19:51.455000
13.732,2026-07-03T18:19:51.457000
13.734,2026-07-03T18:19:51.459000
13.736,2026-07-03T18:19:51.461000
13.738,2026-07-03T18:19:51.463000
13.74,2026-07-03T18:19:51.465000
13.742,2026-07-03T18:19:51.467000
13.744,2026-07-03T18:19:51.469000
13.746,2026-07-03T18:19:51.471000
13.748,2026-07-03T18:19:51.473000
13.75,2026-07-03T18:19:51.475000
13.752,2026-07-03T18:19:51.477000
13.754,2026-07-03T18:19:51.479000
13.756,2026-07-03T18:19:51.481000
13.758,2026-07-03T18:19:51.483000
13.76,2026-07-03T18:19:51.485000
13.762,2026-07-03T18:19:51.487000
13.764,2026-07-03T18:19:51.489000
13.766,2026-07-03T18:19:51.491000
13.768,2026-07-03T18:19:51.493000
13.77,2026-07-03T18:19:51.495000
13.772,2026-07-03T18:19:51.497000
13.774,2026-07-03T18:19:51.499000
13.776,2026-07-03T18:19:51.501000
13.778,2026-07-03T18:19:51.503000
13.78,2026-07-03T18:19:51.505000
13.782,2026-07-03T18:19:51.507000
13.784,2026-07-03T18:19:51.509000
13.786,2026-07-03T18:19:51.511000
13.788,2026-07-03T18:19:51.513000
13.79,2026-07-03T18:19:51.515000
13.792,2026-07-03T18:19:51.517000
13.794,2026-07-03T18:19:51.519000
13.796,2026-07-03T18:19:51.521000
13.798,2026-07-03T18:19:51.523000
13.8,2026-07-03T18:19:51.525000
13.802,2026-07-03T18:19:51.527000
13.804,2026-07-03T18:19:51.529000
13.806,2026-07-03T18:19:51.531000
13.808,2026-07-03T18:19:51.533000
13.81,2026-07-03T18:19:51.535000
13.812,2026-07-03T18:19:51.537000
13.814,2026-07-03T18:19:51.539000
13.816,2026-07-03T18:19:51.541000
13.818,2026-07-03T18:19:51.543000
13.82,2026-07-03T18:19:51.545000
13.822,2026-07-03T18:19:51.547000
13.824,2026-07-03T18:19:51.549000
13.826,2026-07-03T18:19:51.551000
13.828,2026-07-03T18:19:51.553000
13.83,2026-07-03T18:19:51.555000
13.832,2026-07-03T18:19:51.557000
13.834,2026-07-03T18:19:51.559000
13.836,2026-07-03T18:19:51.561000
13.838,2026-07-03T18:19:51.563000
13.84,2026-07-03T18:19:51.565000
13.842,2026-07-03T18:19:51.567000
13.844,2026-07-03T18:19:51.569000
13.846,2026-07-03T18:19:51.571000
13.848,2026-07-03T18:19:51.573000
13.85,2026-07-03T18:19:51.575000
13.852,2026-07-03T18:19:51.577000
13.854,2026-07-03T18:19:51.579000
13.856,2026-07-03T18:19:51.581000
13.858,2026-07-03T18:19:51.583000
13.86,2026-07-03T18:19:51.585000
13.862,2026-07-03T18:19:51.587000
13.864,2026-07-03T18:19:51.589000
13.866,2026-07-03T18:19:51.591000
13.868,2026-07-03T18:19:51.593000
13.87,2026-07-03T18:19:51.595000
13.872,2026-07-03T18:19:51.597000
13.874,2026-07-03T18:19:51.599000
13.876,2026-07-03T18:19:51.601000
13.878,2026-07-03T18:19:51.603000
13.88,2026-07-03T18:19:51.605000
13.882,2026-07-03T18:19:51.607000
13.884,2026-07-03T18:19:51.609000
13.886,2026-07-03T18:19:51.611000
13.888,2026-07-03T18:19:51.613000
13.89,2026-07-03T18:19:51.615000
13.892,2026-07-03T18:19:51.617000
13.894,2026-07-03T18:19:51.619000
13.896,2026-07-03T18:19:51.621000
13.898,2026-07-03T18:19:51.623000
13.9,2026-07-03T18:19:51.625000
13.902,2026-07-03T18:19:51.627000
13.904,2026-07-03T18:19:51.629000
13.906,2026-07-03T18:19:51.631000
13.908,2026-07-03T18:19:51.633000
13.91,2026-07-03T18:19:51.635000
13.912,2026-07-03T18:19:51.637000
13.914,2026-07-03T18:19:51.639000
13.916,2026-07-03T18:19:51.641000
13.918,2026-07-03T18:19:51.643000
13.92,2026-07-03T18:19:51.645000
13.922,2026-07-03T18:19:51.647000
13.924,2026-07-03T18:19:51.649000
13.926,2026-07-03T18:19:51.651000
13.928,2026-07-03T18:19:51.653000
13.93,2026-07-03T18:19:51.655000
13.932,2026-07-03T18:19:51.657000
13.934,2026-07-03T18:19:51.659000
13.936,2026-07-03T18:19:51.661000
13.938,2026-07-03T18:19:51.663000
13.94,2026-07-03T18:19:51.665000
13.942,2026-07-03T18:19:51.667000
13.944,2026-07-03T18:19:51.669000
13.946,2026-07-03T18:19:51.671000
13.948,2026-07-03T18:19:51.673000
13.95,2026-07-03T18:19:51.675000
13.952,2026-07-03T18:19:51.677000
13.954,2026-07-03T18:19:51.679000
13.956,2026-07-03T18:19:51.681000
13.958,2026-07-03T18:19:51.683000
13.96,2026-07-03T18:19:51.685000
13.962,2026-07-03T18:19:51.687000
13.964,2026-07-03T18:19:51.689000
13.966,2026-07-03T18:19:51.691000
13.968,2026-07-03T18:19:51.693000
13.97,2026-07-03T18:19:51.695000
13.972,2026-07-03T18:19:51.697000
13.974,2026-07-03T18:19:51.699000
13.976,2026-07-03T18:19:51.701000
13.978,2026-07-03T18:19:51.703000
13.98,2026-07-03T18:19:51.705000
13.982,2026-07-03T18:19:51.707000
13.984,2026-07-03T18:19:51.709000
13.986,2026-07-03T18:19:51.711000
13.988,2026-07-03T18:19:51.713000
13.99,2026-07-03T18:19:51.715000
13.992,2026-07-03T18:19:51.717000
13.994,2026-07-03T18:19:51.719000
13.996,2026-07-03T18:19:51.721000
13.998,2026-07-03T18:19:51.723000
14,2026-07-03T18:19:51.725000
14.002,2026-07-03T18:19:51.727000
14.004,2026-07-03T18:19:51.729000
14.006,2026-07-03T18:19:51.731000
14.008,2026-07-03T18:19:51.733000
14.01,2026-07-03T18:19:51.735000
14.012,2026-07-03T18:19:51.737000
14.014,2026-07-03T18:19:51.739000
14.016,2026-07-03T18:19:51.741000
14.018,2026-07-03T18:19:51.743000
14.02,2026-07-03T18:19:51.745000
14.022,2026-07-03T18:19:51.747000
14.024,2026-07-03T18:19:51.749000
14.026,2026-07-03T18:19:51.751000
14.028,2026-07-03T18:19:51.753000
14.03,2026-07-03T18:19:51.755000
14.032,2026-07-03T18:19:51.757000
14.034,2026-07-03T18:19:51.759000
14.036,2026-07-03T18:19:51.761000
14.038,2026-07-03T18:19:51.763000
14.04,2026-07-03T18:19:51.765000
14.042,2026-07-03T18:19:51.767000
14.044,2026-07-03T18:19:51.769000
14.046,2026-07-03T18:19:51.771000
14.048,2026-07-03T18:19:51.773000
14.05,2026-07-03T18:19:51.775000
14.052,2026-07-03T18:19:51.777000
14.054,2026-07-03T18:19:51.779000
14.056,2026-07-03T18:19:51.781000
14.058,2026-07-03T18:19:51.783000
14.06,2026-07-03T18:19:51.785000
14.062,2026-07-03T18:19:51.787000
14.064,2026-07-03T18:19:51.789000
14.066,2026-07-03T18:19:51.791000
14.068,2026-07-03T18:19:51.793000
14.07,2026-07-03T18:19:51.795000
14.072,2026-07-03T18:19:51.797000
14.074,2026-07-03T18:19:51.799000
14.076,2026-07-03T18:19:51.801000
14.078,2026-07-03T18:19:51.803000
14.08,2026-07-03T18:19:51.805000
14.082,2026-07-03T18:19:51.807000
14.084,2026-07-03T18:19:51.809000
14.086,2026-07-03T18:19:51.811000
14.088,2026-07-03T18:19:51.813000
14.09,2026-07-03T18:19:51.815000
14.092,2026-07-03T18:19:51.817000
14.094,2026-07-03T18:19:51.819000
14.096,2026-07-03T18:19:51.821000
14.098,2026-07-03T18:19:51.823000
14.1,2026-07-03T18:19:51.825000
14.102,2026-07-03T18:19:51.827000
14.104,2026-07-03T18:19:51.829000
14.106,2026-07-03T18:19:51.831000
14.108,2026-07-03T18:19:51.833000
14.11,2026-07-03T18:19:51.835000
14.112,2026-07-03T18:19:51.837000
14.114,2026-07-03T18:19:51.839000
14.116,2026-07-03T18:19:51.841000
14.118,2026-07-03T18:19:51.843000
14.12,2026-07-03T18:19:51.845000
14.122,2026-07-03T18:19:51.847000
14.124,2026-07-03T18:19:51.849000
14.126,2026-07-03T18:19:51.851000
14.128,2026-07-03T18:19:51.853000
14.13,2026-07-03T18:19:51.855000
14.132,2026-07-03T18:19:51.857000
14.134,2026-07-03T18:19:51.859000
14.136,2026-07-03T18:19:51.861000
14.138,2026-07-03T18:19:51.863000
14.14,2026-07-03T18:19:51.865000
14.142,2026-07-03T18:19:51.867000
14.144,2026-07-03T18:19:51.869000
14.146,2026-07-03T18:19:51.871000
14.148,2026-07-03T18:19:51.873000
14.15,2026-07-03T18:19:51.875000
14.152,2026-07-03T18:19:51.877000
14.154,2026-07-03T18:19:51.879000
14.156,2026-07-03T18:19:51.881000
14.158,2026-07-03T18:19:51.883000
14.16,2026-07-03T18:19:51.885000
14.162,2026-07-03T18:19:51.887000
14.164,2026-07-03T18:19:51.889000
14.166,2026-07-03T18:19:51.891000
14.168,2026-07-03T18:19:51.893000
14.17,2026-07-03T18:19:51.895000
14.172,2026-07-03T18:19:51.897000
14.174,2026-07-03T18:19:51.899000
14.176,2026-07-03T18:19:51.901000
14.178,2026-07-03T18:19:51.903000
14.18,2026-07-03T18:19:51.905000
14.182,2026-07-03T18:19:51.907000
14.184,2026-07-03T18:19:51.909000
14.186,2026-07-03T18:19:51.911000
14.188,2026-07-03T18:19:51.913000
14.19,2026-07-03T18:19:51.915000
14.192,2026-07-03T18:19:51.917000
14.194,2026-07-03T18:19:51.919000
14.196,2026-07-03T18:19:51.921000
14.198,2026-07-03T18:19:51.923000
14.2,2026-07-03T18:19:51.925000
14.202,2026-07-03T18:19:51.927000
14.204,2026-07-03T18:19:51.929000
14.206,2026-07-03T18:19:51.931000
14.208,2026-07-03T18:19:51.933000
14.21,2026-07-03T18:19:51.935000
14.212,2026-07-03T18:19:51.937000
14.214,2026-07-03T18:19:51.939000
14.216,2026-07-03T18:19:51.941000
14.218,2026-07-03T18:19:51.943000
14.22,2026-07-03T18:19:51.945000
14.222,2026-07-03T18:19:51.947000
14.224,2026-07-03T18:19:51.949000
14.226,2026-07-03T18:19:51.951000
14.228,2026-07-03T18:19:51.953000
14.23,2026-07-03T18:19:51.955000
14.232,2026-07-03T18:19:51.957000
14.234,2026-07-03T18:19:51.959000
14.236,2026-07-03T18:19:51.961000
14.238,2026-07-03T18:19:51.963000
14.24,2026-07-03T18:19:51.965000
14.242,2026-07-03T18:19:51.967000
14.244,2026-07-03T18:19:51.969000
14.246,2026-07-03T18:19:51.971000
14.248,2026-07-03T18:19:51.973000
14.25,2026-07-03T18:19:51.975000
14.252,2026-07-03T18:19:51.977000
14.254,2026-07-03T18:19:51.979000
14.256,2026-07-03T18:19:51.981000
14.258,2026-07-03T18:19:51.983000
14.26,2026-07-03T18:19:51.985000
14.262,2026-07-03T18:19:51.987000
14.264,2026-07-03T18:19:51.989000
14.266,2026-07-03T18:19:51.991000
14.268,2026-07-03T18:19:51.993000
14.27,2026-07-03T18:19:51.995000
14.272,2026-07-03T18:19:51.997000
14.274,2026-07-03T18:19:51.999000
14.276,2026-07-03T18:19:52.001000
14.278,2026-07-03T18:19:52.003000
14.28,2026-07-03T18:19:52.005000
14.282,2026-07-03T18:19:52.007000
14.284,2026-07-03T18:19:52.009000
14.286,2026-07-03T18:19:52.011000
14.288,2026-07-03T18:19:52.013000
14.29,2026-07-03T18:19:52.015000
14.292,2026-07-03T18:19:52.017000
14.294,2026-07-03T18:19:52.019000
14.296,2026-07-03T18:19:52.021000
14.298,2026-07-03T18:19:52.023000
14.3,2026-07-03T18:19:52.025000
14.302,2026-07-03T18:19:52.027000
14.304,2026-07-03T18:19:52.029000
14.306,2026-07-03T18:19:52.031000
14.308,2026-07-03T18:19:52.033000
14.31,2026-07-03T18:19:52.035000
14.312,2026-07-03T18:19:52.037000
14.314,2026-07-03T18:19:52.039000
14.316,2026-07-03T18:19:52.041000
14.318,2026-07-03T18:19:52.043000
14.32,2026-07-03T18:19:52.045000
14.322,2026-07-03T18:19:52.047000
14.324,2026-07-03T18:19:52.049000
14.326,2026-07-03T18:19:52.051000
14.328,2026-07-03T18:19:52.053000
14.33,2026-07-03T18:19:52.055000
14.332,2026-07-03T18:19:52.057000
14.334,2026-07-03T18:19:52.059000
14.336,2026-07-03T18:19:52.061000
14.338,2026-07-03T18:19:52.063000
14.34,2026-07-03T18:19:52.065000
14.342,2026-07-03T18:19:52.067000
14.344,2026-07-03T18:19:52.069000
14.346,2026-07-03T18:19:52.071000
14.348,2026-07-03T18:19:52.073000
14.35,2026-07-03T18:19:52.075000
14.352,2026-07-03T18:19:52.077000
14.354,2026-07-03T18:19:52.079000
14.356,2026-07-03T18:19:52.081000
14.358,2026-07-03T18:19:52.083000
14.36,2026-07-03T18:19:52.085000
14.362,2026-07-03T18:19:52.087000
14.364,2026-07-03T18:19:52.089000
14.366,2026-07-03T18:19:52.091000
14.368,2026-07-03T18:19:52.093000
14.37,2026-07-03T18:19:52.095000
14.372,2026-07-03T18:19:52.097000
14.374,2026-07-03T18:19:52.099000
14.376,2026-07-03T18:19:52.101000
14.378,2026-07-03T18:19:52.103000
14.38,2026-07-03T18:19:52.105000
14.382,2026-07-03T18:19:52.107000
14.384,2026-07-03T18:19:52.109000
14.386,2026-07-03T18:19:52.111000
14.388,2026-07-03T18:19:52.113000
14.39,2026-07-03T18:19:52.115000
14.392,2026-07-03T18:19:52.117000
14.394,2026-07-03T18:19:52.119000
14.396,2026-07-03T18:19:52.121000
14.398,2026-07-03T18:19:52.123000
14.4,2026-07-03T18:19:52.125000
14.402,2026-07-03T18:19:52.127000
14.404,2026-07-03T18:19:52.129000
14.406,2026-07-03T18:19:52.131000
14.408,2026-07-03T18:19:52.133000
14.41,2026-07-03T18:19:52.135000
14.412,2026-07-03T18:19:52.137000
14.414,2026-07-03T18:19:52.139000
14.416,2026-07-03T18:19:52.141000
14.418,2026-07-03T18:19:52.143000
14.42,2026-07-03T18:19:52.145000
14.422,2026-07-03T18:19:52.147000
14.424,2026-07-03T18:19:52.149000
14.426,2026-07-03T18:19:52.151000
14.428,2026-07-03T18:19:52.153000
14.43,2026-07-03T18:19:52.155000
14.432,2026-07-03T18:19:52.157000
14.434,2026-07-03T18:19:52.159000
14.436,2026-07-03T18:19:52.161000
14.438,2026-07-03T18:19:52.163000
14.44,2026-07-03T18:19:52.165000
14.442,2026-07-03T18:19:52.167000
14.444,2026-07-03T18:19:52.169000
14.446,2026-07-03T18:19:52.171000
14.448,2026-07-03T18:19:52.173000
14.45,2026-07-03T18:19:52.175000
14.452,2026-07-03T18:19:52.177000
14.454,2026-07-03T18:19:52.179000
14.456,2026-07-03T18:19:52.181000
14.458,2026-07-03T18:19:52.183000
14.46,2026-07-03T18:19:52.185000
14.462,2026-07-03T18:19:52.187000
14.464,2026-07-03T18:19:52.189000
14.466,2026-07-03T18:19:52.191000
14.468,2026-07-03T18:19:52.193000
14.47,2026-07-03T18:19:52.195000
14.472,2026-07-03T18:19:52.197000
14.474,2026-07-03T18:19:52.199000
14.476,2026-07-03T18:19:52.201000
14.478,2026-07-03T18:19:52.203000
14.48,2026-07-03T18:19:52.205000
14.482,2026-07-03T18:19:52.207000
14.484,2026-07-03T18:19:52.209000
14.486,2026-07-03T18:19:52.211000
14.488,2026-07-03T18:19:52.213000
14.49,2026-07-03T18:19:52.215000
14.492,2026-07-03T18:19:52.217000
14.494,2026-07-03T18:19:52.219000
14.496,2026-07-03T18:19:52.221000
14.498,2026-07-03T18:19:52.223000
14.5,2026-07-03T18:19:52.225000
14.502,2026-07-03T18:19:52.227000
14.504,2026-07-03T18:19:52.229000
14.506,2026-07-03T18:19:52.231000
14.508,2026-07-03T18:19:52.233000
14.51,2026-07-03T18:19:52.235000
14.512,2026-07-03T18:19:52.237000
14.514,2026-07-03T18:19:52.239000
14.516,2026-07-03T18:19:52.241000
14.518,2026-07-03T18:19:52.243000
14.52,2026-07-03T18:19:52.245000
14.522,2026-07-03T18:19:52.247000
14.524,2026-07-03T18:19:52.249000
14.526,2026-07-03T18:19:52.251000
14.528,2026-07-03T18:19:52.253000
14.53,2026-07-03T18:19:52.255000
14.532,2026-07-03T18:19:52.257000
14.534,2026-07-03T18:19:52.259000
14.536,2026-07-03T18:19:52.261000
14.538,2026-07-03T18:19:52.263000
14.54,2026-07-03T18:19:52.265000
14.542,2026-07-03T18:19:52.267000
14.544,2026-07-03T18:19:52.269000
14.546,2026-07-03T18:19:52.271000
14.548,2026-07-03T18:19:52.273000
14.55,2026-07-03T18:19:52.275000
14.552,2026-07-03T18:19:52.277000
14.554,2026-07-03T18:19:52.279000
14.556,2026-07-03T18:19:52.281000
14.558,2026-07-03T18:19:52.283000
14.56,2026-07-03T18:19:52.285000
14.562,2026-07-03T18:19:52.287000
14.564,2026-07-03T18:19:52.289000
14.566,2026-07-03T18:19:52.291000
14.568,2026-07-03T18:19:52.293000
14.57,2026-07-03T18:19:52.295000
14.572,2026-07-03T18:19:52.297000
14.574,2026-07-03T18:19:52.299000
14.576,2026-07-03T18:19:52.301000
14.578,2026-07-03T18:19:52.303000
14.58,2026-07-03T18:19:52.305000
14.582,2026-07-03T18:19:52.307000
14.584,2026-07-03T18:19:52.309000
14.586,2026-07-03T18:19:52.311000
14.588,2026-07-03T18:19:52.313000
14.59,2026-07-03T18:19:52.315000
14.592,2026-07-03T18:19:52.317000
14.594,2026-07-03T18:19:52.319000
14.596,2026-07-03T18:19:52.321000
14.598,2026-07-03T18:19:52.323000
14.6,2026-07-03T18:19:52.325000
14.602,2026-07-03T18:19:52.327000
14.604,2026-07-03T18:19:52.329000
14.606,2026-07-03T18:19:52.331000
14.608,2026-07-03T18:19:52.333000
14.61,2026-07-03T18:19:52.335000
14.612,2026-07-03T18:19:52.337000
14.614,2026-07-03T18:19:52.339000
14.616,2026-07-03T18:19:52.341000
14.618,2026-07-03T18:19:52.343000
14.62,2026-07-03T18:19:52.345000
14.622,2026-07-03T18:19:52.347000
14.624,2026-07-03T18:19:52.349000
14.626,2026-07-03T18:19:52.351000
14.628,2026-07-03T18:19:52.353000
14.63,2026-07-03T18:19:52.355000
14.632,2026-07-03T18:19:52.357000
14.634,2026-07-03T18:19:52.359000
14.636,2026-07-03T18:19:52.361000
14.638,2026-07-03T18:19:52.363000
14.64,2026-07-03T18:19:52.365000
14.642,2026-07-03T18:19:52.367000
14.644,2026-07-03T18:19:52.369000
14.646,2026-07-03T18:19:52.371000
14.648,2026-07-03T18:19:52.373000
14.65,2026-07-03T18:19:52.375000
14.652,2026-07-03T18:19:52.377000
14.654,2026-07-03T18:19:52.379000
14.656,2026-07-03T18:19:52.381000
14.658,2026-07-03T18:19:52.383000
14.66,2026-07-03T18:19:52.385000
14.662,2026-07-03T18:19:52.387000
14.664,2026-07-03T18:19:52.389000
14.666,2026-07-03T18:19:52.391000
14.668,2026-07-03T18:19:52.393000
14.67,2026-07-03T18:19:52.395000
14.672,2026-07-03T18:19:52.397000
14.674,2026-07-03T18:19:52.399000
14.676,2026-07-03T18:19:52.401000
14.678,2026-07-03T18:19:52.403000
14.68,2026-07-03T18:19:52.405000
14.682,2026-07-03T18:19:52.407000
14.684,2026-07-03T18:19:52.409000
14.686,2026-07-03T18:19:52.411000
14.688,2026-07-03T18:19:52.413000
14.69,2026-07-03T18:19:52.415000
14.692,2026-07-03T18:19:52.417000
14.694,2026-07-03T18:19:52.419000
14.696,2026-07-03T18:19:52.421000
14.698,2026-07-03T18:19:52.423000
14.7,2026-07-03T18:19:52.425000
14.702,2026-07-03T18:19:52.427000
14.704,2026-07-03T18:19:52.429000
14.706,2026-07-03T18:19:52.431000
14.708,2026-07-03T18:19:52.433000
14.71,2026-07-03T18:19:52.435000
14.712,2026-07-03T18:19:52.437000
14.714,2026-07-03T18:19:52.439000
14.716,2026-07-03T18:19:52.441000
14.718,2026-07-03T18:19:52.443000
14.72,2026-07-03T18:19:52.445000
14.722,2026-07-03T18:19:52.447000
14.724,2026-07-03T18:19:52.449000
14.726,2026-07-03T18:19:52.451000
14.728,2026-07-03T18:19:52.453000
14.73,2026-07-03T18:19:52.455000
14.732,2026-07-03T18:19:52.457000
14.734,2026-07-03T18:19:52.459000
14.736,2026-07-03T18:19:52.461000
14.738,2026-07-03T18:19:52.463000
14.74,2026-07-03T18:19:52.465000
14.742,2026-07-03T18:19:52.467000
14.744,2026-07-03T18:19:52.469000
14.746,2026-07-03T18:19:52.471000
14.748,2026-07-03T18:19:52.473000
14.75,2026-07-03T18:19:52.475000
14.752,2026-07-03T18:19:52.477000
14.754,2026-07-03T18:19:52.479000
14.756,2026-07-03T18:19:52.481000
14.758,2026-07-03T18:19:52.483000
14.76,2026-07-03T18:19:52.485000
14.762,2026-07-03T18:19:52.487000
14.764,2026-07-03T18:19:52.489000
14.766,2026-07-03T18:19:52.491000
14.768,2026-07-03T18:19:52.493000
14.77,2026-07-03T18:19:52.495000
14.772,2026-07-03T18:19:52.497000
14.774,2026-07-03T18:19:52.499000
14.776,2026-07-03T18:19:52.501000
14.778,2026-07-03T18:19:52.503000
14.78,2026-07-03T18:19:52.505000
14.782,2026-07-03T18:19:52.507000
14.784,2026-07-03T18:19:52.509000
14.786,2026-07-03T18:19:52.511000
14.788,2026-07-03T18:19:52.513000
14.79,2026-07-03T18:19:52.515000
14.792,2026-07-03T18:19:52.517000
14.794,2026-07-03T18:19:52.519000
14.796,2026-07-03T18:19:52.521000
14.798,2026-07-03T18:19:52.523000
14.8,2026-07-03T18:19:52.525000
14.802,2026-07-03T18:19:52.527000
14.804,2026-07-03T18:19:52.529000
14.806,2026-07-03T18:19:52.531000
14.808,2026-07-03T18:19:52.533000
14.81,2026-07-03T18:19:52.535000
14.812,2026-07-03T18:19:52.537000
14.814,2026-07-03T18:19:52.539000
14.816,2026-07-03T18:19:52.541000
14.818,2026-07-03T18:19:52.543000
14.82,2026-07-03T18:19:52.545000
14.822,2026-07-03T18:19:52.547000
14.824,2026-07-03T18:19:52.549000
14.826,2026-07-03T18:19:52.551000
14.828,2026-07-03T18:19:52.553000
14.83,2026-07-03T18:19:52.555000
14.832,2026-07-03T18:19:52.557000
14.834,2026-07-03T18:19:52.559000
14.836,2026-07-03T18:19:52.561000
14.838,2026-07-03T18:19:52.563000
14.84,2026-07-03T18:19:52.565000
14.842,2026-07-03T18:19:52.567000
14.844,2026-07-03T18:19:52.569000
14.846,2026-07-03T18:19:52.571000
14.848,2026-07-03T18:19:52.573000
14.85,2026-07-03T18:19:52.575000
14.852,2026-07-03T18:19:52.577000
14.854,2026-07-03T18:19:52.579000
14.856,2026-07-03T18:19:52.581000
14.858,2026-07-03T18:19:52.583000
14.86,2026-07-03T18:19:52.585000
14.862,2026-07-03T18:19:52.587000
14.864,2026-07-03T18:19:52.589000
14.866,2026-07-03T18:19:52.591000
14.868,2026-07-03T18:19:52.593000
14.87,2026-07-03T18:19:52.595000
14.872,2026-07-03T18:19:52.597000
14.874,2026-07-03T18:19:52.599000
14.876,2026-07-03T18:19:52.601000
14.878,2026-07-03T18:19:52.603000
14.88,2026-07-03T18:19:52.605000
14.882,2026-07-03T18:19:52.607000
14.884,2026-07-03T18:19:52.609000
14.886,2026-07-03T18:19:52.611000
14.888,2026-07-03T18:19:52.613000
14.89,2026-07-03T18:19:52.615000
14.892,2026-07-03T18:19:52.617000
14.894,2026-07-03T18:19:52.619000
14.896,2026-07-03T18:19:52.621000
14.898,2026-07-03T18:19:52.623000
14.9,2026-07-03T18:19:52.625000
14.902,2026-07-03T18:19:52.627000
14.904,2026-07-03T18:19:52.629000
14.906,2026-07-03T18:19:52.631000
14.908,2026-07-03T18:19:52.633000
14.91,2026-07-03T18:19:52.635000
14.912,2026-07-03T18:19:52.637000
14.914,2026-07-03T18:19:52.639000
14.916,2026-07-03T18:19:52.641000
14.918,2026-07-03T18:19:52.643000
14.92,2026-07-03T18:19:52.645000
14.922,2026-07-03T18:19:52.647000
14.924,2026-07-03T18:19:52.649000
14.926,2026-07-03T18:19:52.651000
14.928,2026-07-03T18:19:52.653000
14.93,2026-07-03T18:19:52.655000
14.932,2026-07-03T18:19:52.657000
14.934,2026-07-03T18:19:52.659000
14.936,2026-07-03T18:19:52.661000
14.938,2026-07-03T18:19:52.663000
14.94,2026-07-03T18:19:52.665000
14.942,2026-07-03T18:19:52.667000
14.944,2026-07-03T18:19:52.669000
14.946,2026-07-03T18:19:52.671000
14.948,2026-07-03T18:19:52.673000
14.95,2026-07-03T18:19:52.675000
14.952,2026-07-03T18:19:52.677000
14.954,2026-07-03T18:19:52.679000
14.956,2026-07-03T18:19:52.681000
14.958,2026-07-03T18:19:52.683000
14.96,2026-07-03T18:19:52.685000
14.962,2026-07-03T18:19:52.687000
14.964,2026-07-03T18:19:52.689000
14.966,2026-07-03T18:19:52.691000
14.968,2026-07-03T18:19:52.693000
14.97,2026-07-03T18:19:52.695000
14.972,2026-07-03T18:19:52.697000
14.974,2026-07-03T18:19:52.699000
14.976,2026-07-03T18:19:52.701000
14.978,2026-07-03T18:19:52.703000
14.98,2026-07-03T18:19:52.705000
14.982,2026-07-03T18:19:52.707000
14.984,2026-07-03T18:19:52.709000
14.986,2026-07-03T18:19:52.711000
14.988,2026-07-03T18:19:52.713000
14.99,2026-07-03T18:19:52.715000
14.992,2026-07-03T18:19:52.717000
14.994,2026-07-03T18:19:52.719000
14.996,2026-07-03T18:19:52.721000
14.998,2026-07-03T18:19:52.723000
15,2026-07-03T18:19:52.725000
15.002,2026-07-03T18:19:52.727000
15.004,2026-07-03T18:19:52.729000
15.006,2026-07-03T18:19:52.731000
15.008,2026-07-03T18:19:52.733000
15.01,2026-07-03T18:19:52.735000
15.012,2026-07-03T18:19:52.737000
15.014,2026-07-03T18:19:52.739000
15.016,2026-07-03T18:19:52.741000
15.018,2026-07-03T18:19:52.743000
15.02,2026-07-03T18:19:52.745000
15.022,2026-07-03T18:19:52.747000
15.024,2026-07-03T18:19:52.749000
15.026,2026-07-03T18:19:52.751000
15.028,2026-07-03T18:19:52.753000
15.03,2026-07-03T18:19:52.755000
15.032,2026-07-03T18:19:52.757000
15.034,2026-07-03T18:19:52.759000
15.036,2026-07-03T18:19:52.761000
15.038,2026-07-03T18:19:52.763000
15.04,2026-07-03T18:19:52.765000
15.042,2026-07-03T18:19:52.767000
15.044,2026-07-03T18:19:52.769000
15.046,2026-07-03T18:19:52.771000
15.048,2026-07-03T18:19:52.773000
15.05,2026-07-03T18:19:52.775000
15.052,2026-07-03T18:19:52.777000
15.054,2026-07-03T18:19:52.779000
15.056,2026-07-03T18:19:52.781000
15.058,2026-07-03T18:19:52.783000
15.06,2026-07-03T18:19:52.785000
15.062,2026-07-03T18:19:52.787000
15.064,2026-07-03T18:19:52.789000
15.066,2026-07-03T18:19:52.791000
15.068,2026-07-03T18:19:52.793000
15.07,2026-07-03T18:19:52.795000
15.072,2026-07-03T18:19:52.797000
15.074,2026-07-03T18:19:52.799000
15.076,2026-07-03T18:19:52.801000
15.078,2026-07-03T18:19:52.803000
15.08,2026-07-03T18:19:52.805000
15.082,2026-07-03T18:19:52.807000
15.084,2026-07-03T18:19:52.809000
15.086,2026-07-03T18:19:52.811000
15.088,2026-07-03T18:19:52.813000
15.09,2026-07-03T18:19:52.815000
15.092,2026-07-03T18:19:52.817000
15.094,2026-07-03T18:19:52.819000
15.096,2026-07-03T18:19:52.821000
15.098,2026-07-03T18:19:52.823000
15.1,2026-07-03T18:19:52.825000
15.102,2026-07-03T18:19:52.827000
15.104,2026-07-03T18:19:52.829000
15.106,2026-07-03T18:19:52.831000
15.108,2026-07-03T18:19:52.833000
15.11,2026-07-03T18:19:52.835000
15.112,2026-07-03T18:19:52.837000
15.114,2026-07-03T18:19:52.839000
15.116,2026-07-03T18:19:52.841000
15.118,2026-07-03T18:19:52.843000
15.12,2026-07-03T18:19:52.845000
15.122,2026-07-03T18:19:52.847000
15.124,2026-07-03T18:19:52.849000
15.126,2026-07-03T18:19:52.851000
15.128,2026-07-03T18:19:52.853000
15.13,2026-07-03T18:19:52.855000
15.132,2026-07-03T18:19:52.857000
15.134,2026-07-03T18:19:52.859000
15.136,2026-07-03T18:19:52.861000
15.138,2026-07-03T18:19:52.863000
15.14,2026-07-03T18:19:52.865000
15.142,2026-07-03T18:19:52.867000
15.144,2026-07-03T18:19:52.869000
15.146,2026-07-03T18:19:52.871000
15.148,2026-07-03T18:19:52.873000
15.15,2026-07-03T18:19:52.875000
15.152,2026-07-03T18:19:52.877000
15.154,2026-07-03T18:19:52.879000
15.156,2026-07-03T18:19:52.881000
15.158,2026-07-03T18:19:52.883000
15.16,2026-07-03T18:19:52.885000
15.162,2026-07-03T18:19:52.887000
15.164,2026-07-03T18:19:52.889000
15.166,2026-07-03T18:19:52.891000
15.168,2026-07-03T18:19:52.893000
15.17,2026-07-03T18:19:52.895000
15.172,2026-07-03T18:19:52.897000
15.174,2026-07-03T18:19:52.899000
15.176,2026-07-03T18:19:52.901000
15.178,2026-07-03T18:19:52.903000
15.18,2026-07-03T18:19:52.905000
15.182,2026-07-03T18:19:52.907000
15.184,2026-07-03T18:19:52.909000
15.186,2026-07-03T18:19:52.911000
15.188,2026-07-03T18:19:52.913000
15.19,2026-07-03T18:19:52.915000
15.192,2026-07-03T18:19:52.917000
15.194,2026-07-03T18:19:52.919000
15.196,2026-07-03T18:19:52.921000
15.198,2026-07-03T18:19:52.923000
15.2,2026-07-03T18:19:52.925000
15.202,2026-07-03T18:19:52.927000
15.204,2026-07-03T18:19:52.929000
15.206,2026-07-03T18:19:52.931000
15.208,2026-07-03T18:19:52.933000
15.21,2026-07-03T18:19:52.935000
15.212,2026-07-03T18:19:52.937000
15.214,2026-07-03T18:19:52.939000
15.216,2026-07-03T18:19:52.941000
15.218,2026-07-03T18:19:52.943000
15.22,2026-07-03T18:19:52.945000
15.222,2026-07-03T18:19:52.947000
15.224,2026-07-03T18:19:52.949000
15.226,2026-07-03T18:19:52.951000
15.228,2026-07-03T18:19:52.953000
15.23,2026-07-03T18:19:52.955000
15.232,2026-07-03T18:19:52.957000
15.234,2026-07-03T18:19:52.959000
15.236,2026-07-03T18:19:52.961000
15.238,2026-07-03T18:19:52.963000
15.24,2026-07-03T18:19:52.965000
15.242,2026-07-03T18:19:52.967000
15.244,2026-07-03T18:19:52.969000
15.246,2026-07-03T18:19:52.971000
15.248,2026-07-03T18:19:52.973000
15.25,2026-07-03T18:19:52.975000
15.252,2026-07-03T18:19:52.977000
15.254,2026-07-03T18:19:52.979000
15.256,2026-07-03T18:19:52.981000
15.258,2026-07-03T18:19:52.983000
15.26,2026-07-03T18:19:52.985000
15.262,2026-07-03T18:19:52.987000
15.264,2026-07-03T18:19:52.989000
15.266,2026-07-03T18:19:52.991000
15.268,2026-07-03T18:19:52.993000
15.27,2026-07-03T18:19:52.995000
15.272,2026-07-03T18:19:52.997000
15.274,2026-07-03T18:19:52.999000
15.276,2026-07-03T18:19:53.001000
15.278,2026-07-03T18:19:53.003000
15.28,2026-07-03T18:19:53.005000
15.282,2026-07-03T18:19:53.007000
15.284,2026-07-03T18:19:53.009000
15.286,2026-07-03T18:19:53.011000
15.288,2026-07-03T18:19:53.013000
15.29,2026-07-03T18:19:53.015000
15.292,2026-07-03T18:19:53.017000
15.294,2026-07-03T18:19:53.019000
15.296,2026-07-03T18:19:53.021000
15.298,2026-07-03T18:19:53.023000
15.3,2026-07-03T18:19:53.025000
15.302,2026-07-03T18:19:53.027000
15.304,2026-07-03T18:19:53.029000
15.306,2026-07-03T18:19:53.031000
15.308,2026-07-03T18:19:53.033000
15.31,2026-07-03T18:19:53.035000
15.312,2026-07-03T18:19:53.037000
15.314,2026-07-03T18:19:53.039000
15.316,2026-07-03T18:19:53.041000
15.318,2026-07-03T18:19:53.043000
15.32,2026-07-03T18:19:53.045000
15.322,2026-07-03T18:19:53.047000
15.324,2026-07-03T18:19:53.049000
15.326,2026-07-03T18:19:53.051000
15.328,2026-07-03T18:19:53.053000
15.33,2026-07-03T18:19:53.055000
15.332,2026-07-03T18:19:53.057000
15.334,2026-07-03T18:19:53.059000
15.336,2026-07-03T18:19:53.061000
15.338,2026-07-03T18:19:53.063000
15.34,2026-07-03T18:19:53.065000
15.342,2026-07-03T18:19:53.067000
15.344,2026-07-03T18:19:53.069000
15.346,2026-07-03T18:19:53.071000
15.348,2026-07-03T18:19:53.073000
15.35,2026-07-03T18:19:53.075000
15.352,2026-07-03T18:19:53.077000
15.354,2026-07-03T18:19:53.079000
15.356,2026-07-03T18:19:53.081000
15.358,2026-07-03T18:19:53.083000
15.36,2026-07-03T18:19:53.085000
15.362,2026-07-03T18:19:53.087000
15.364,2026-07-03T18:19:53.089000
15.366,2026-07-03T18:19:53.091000
15.368,2026-07-03T18:19:53.093000
15.37,2026-07-03T18:19:53.095000
15.372,2026-07-03T18:19:53.097000
15.374,2026-07-03T18:19:53.099000
15.376,2026-07-03T18:19:53.101000
15.378,2026-07-03T18:19:53.103000
15.38,2026-07-03T18:19:53.105000
15.382,2026-07-03T18:19:53.107000
15.384,2026-07-03T18:19:53.109000
15.386,2026-07-03T18:19:53.111000
15.388,2026-07-03T18:19:53.113000
15.39,2026-07-03T18:19:53.115000
15.392,2026-07-03T18:19:53.117000
15.394,2026-07-03T18:19:53.119000
15.396,2026-07-03T18:19:53.121000
15.398,2026-07-03T18:19:53.123000
15.4,2026-07-03T18:19:53.125000
15.402,2026-07-03T18:19:53.127000
15.404,2026-07-03T18:19:53.129000
15.406,2026-07-03T18:19:53.131000
15.408,2026-07-03T18:19:53.133000
15.41,2026-07-03T18:19:53.135000
15.412,2026-07-03T18:19:53.137000
15.414,2026-07-03T18:19:53.139000
15.416,2026-07-03T18:19:53.141000
15.418,2026-07-03T18:19:53.143000
15.42,2026-07-03T18:19:53.145000
15.422,2026-07-03T18:19:53.147000
15.424,2026-07-03T18:19:53.149000
15.426,2026-07-03T18:19:53.151000
15.428,2026-07-03T18:19:53.153000
15.43,2026-07-03T18:19:53.155000
15.432,2026-07-03T18:19:53.157000
15.434,2026-07-03T18:19:53.159000
15.436,2026-07-03T18:19:53.161000
15.438,2026-07-03T18:19:53.163000
15.44,2026-07-03T18:19:53.165000
15.442,2026-07-03T18:19:53.167000
15.444,2026-07-03T18:19:53.169000
15.446,2026-07-03T18:19:53.171000
15.448,2026-07-03T18:19:53.173000
15.45,2026-07-03T18:19:53.175000
15.452,2026-07-03T18:19:53.177000
15.454,2026-07-03T18:19:53.179000
15.456,2026-07-03T18:19:53.181000
15.458,2026-07-03T18:19:53.183000
15.46,2026-07-03T18:19:53.185000
15.462,2026-07-03T18:19:53.187000
15.464,2026-07-03T18:19:53.189000
15.466,2026-07-03T18:19:53.191000
15.468,2026-07-03T18:19:53.193000
15.47,2026-07-03T18:19:53.195000
15.472,2026-07-03T18:19:53.197000
15.474,2026-07-03T18:19:53.199000
15.476,2026-07-03T18:19:53.201000
15.478,2026-07-03T18:19:53.203000
15.48,2026-07-03T18:19:53.205000
15.482,2026-07-03T18:19:53.207000
15.484,2026-07-03T18:19:53.209000
15.486,2026-07-03T18:19:53.211000
15.488,2026-07-03T18:19:53.213000
15.49,2026-07-03T18:19:53.215000
15.492,2026-07-03T18:19:53.217000
15.494,2026-07-03T18:19:53.219000
15.496,2026-07-03T18:19:53.221000
15.498,2026-07-03T18:19:53.223000
15.5,2026-07-03T18:19:53.225000
15.502,2026-07-03T18:19:53.227000
15.504,2026-07-03T18:19:53.229000
15.506,2026-07-03T18:19:53.231000
15.508,2026-07-03T18:19:53.233000
15.51,2026-07-03T18:19:53.235000
15.512,2026-07-03T18:19:53.237000
15.514,2026-07-03T18:19:53.239000
15.516,2026-07-03T18:19:53.241000
15.518,2026-07-03T18:19:53.243000
15.52,2026-07-03T18:19:53.245000
15.522,2026-07-03T18:19:53.247000
15.524,2026-07-03T18:19:53.249000
15.526,2026-07-03T18:19:53.251000
15.528,2026-07-03T18:19:53.253000
15.53,2026-07-03T18:19:53.255000
15.532,2026-07-03T18:19:53.257000
15.534,2026-07-03T18:19:53.259000
15.536,2026-07-03T18:19:53.261000
15.538,2026-07-03T18:19:53.263000
15.54,2026-07-03T18:19:53.265000
15.542,2026-07-03T18:19:53.267000
15.544,2026-07-03T18:19:53.269000
15.546,2026-07-03T18:19:53.271000
15.548,2026-07-03T18:19:53.273000
15.55,2026-07-03T18:19:53.275000
15.552,2026-07-03T18:19:53.277000
15.554,2026-07-03T18:19:53.279000
15.556,2026-07-03T18:19:53.281000
15.558,2026-07-03T18:19:53.283000
15.56,2026-07-03T18:19:53.285000
15.562,2026-07-03T18:19:53.287000
15.564,2026-07-03T18:19:53.289000
15.566,2026-07-03T18:19:53.291000
15.568,2026-07-03T18:19:53.293000
15.57,2026-07-03T18:19:53.295000
15.572,2026-07-03T18:19:53.297000
15.574,2026-07-03T18:19:53.299000
15.576,2026-07-03T18:19:53.301000
15.578,2026-07-03T18:19:53.303000
15.58,2026-07-03T18:19:53.305000
15.582,2026-07-03T18:19:53.307000
15.584,2026-07-03T18:19:53.309000
15.586,2026-07-03T18:19:53.311000
15.588,2026-07-03T18:19:53.313000
15.59,2026-07-03T18:19:53.315000
15.592,2026-07-03T18:19:53.317000
15.594,2026-07-03T18:19:53.319000
15.596,2026-07-03T18:19:53.321000
15.598,2026-07-03T18:19:53.323000
15.6,2026-07-03T18:19:53.325000
15.602,2026-07-03T18:19:53.327000
15.604,2026-07-03T18:19:53.329000
15.606,2026-07-03T18:19:53.331000
15.608,2026-07-03T18:19:53.333000
15.61,2026-07-03T18:19:53.335000
15.612,2026-07-03T18:19:53.337000
15.614,2026-07-03T18:19:53.339000
15.616,2026-07-03T18:19:53.341000
15.618,2026-07-03T18:19:53.343000
15.62,2026-07-03T18:19:53.345000
15.622,2026-07-03T18:19:53.347000
15.624,2026-07-03T18:19:53.349000
15.626,2026-07-03T18:19:53.351000
15.628,2026-07-03T18:19:53.353000
15.63,2026-07-03T18:19:53.355000
15.632,2026-07-03T18:19:53.357000
15.634,2026-07-03T18:19:53.359000
15.636,2026-07-03T18:19:53.361000
15.638,2026-07-03T18:19:53.363000
15.64,2026-07-03T18:19:53.365000
15.642,2026-07-03T18:19:53.367000
15.644,2026-07-03T18:19:53.369000
15.646,2026-07-03T18:19:53.371000
15.648,2026-07-03T18:19:53.373000
15.65,2026-07-03T18:19:53.375000
15.652,2026-07-03T18:19:53.377000
15.654,2026-07-03T18:19:53.379000
15.656,2026-07-03T18:19:53.381000
15.658,2026-07-03T18:19:53.383000
15.66,2026-07-03T18:19:53.385000
15.662,2026-07-03T18:19:53.387000
15.664,2026-07-03T18:19:53.389000
15.666,2026-07-03T18:19:53.391000
15.668,2026-07-03T18:19:53.393000
15.67,2026-07-03T18:19:53.395000
15.672,2026-07-03T18:19:53.397000
15.674,2026-07-03T18:19:53.399000
15.676,2026-07-03T18:19:53.401000
15.678,2026-07-03T18:19:53.403000
15.68,2026-07-03T18:19:53.405000
15.682,2026-07-03T18:19:53.407000
15.684,2026-07-03T18:19:53.409000
15.686,2026-07-03T18:19:53.411000
15.688,2026-07-03T18:19:53.413000
15.69,2026-07-03T18:19:53.415000
15.692,2026-07-03T18:19:53.417000
15.694,2026-07-03T18:19:53.419000
15.696,2026-07-03T18:19:53.421000
15.698,2026-07-03T18:19:53.423000
15.7,2026-07-03T18:19:53.425000
15.702,2026-07-03T18:19:53.427000
15.704,2026-07-03T18:19:53.429000
15.706,2026-07-03T18:19:53.431000
15.708,2026-07-03T18:19:53.433000
15.71,2026-07-03T18:19:53.435000
15.712,2026-07-03T18:19:53.437000
15.714,2026-07-03T18:19:53.439000
15.716,2026-07-03T18:19:53.441000
15.718,2026-07-03T18:19:53.443000
15.72,2026-07-03T18:19:53.445000
15.722,2026-07-03T18:19:53.447000
15.724,2026-07-03T18:19:53.449000
15.726,2026-07-03T18:19:53.451000
15.728,2026-07-03T18:19:53.453000
15.73,2026-07-03T18:19:53.455000
15.732,2026-07-03T18:19:53.457000
15.734,2026-07-03T18:19:53.459000
15.736,2026-07-03T18:19:53.461000
15.738,2026-07-03T18:19:53.463000
15.74,2026-07-03T18:19:53.465000
15.742,2026-07-03T18:19:53.467000
15.744,2026-07-03T18:19:53.469000
15.746,2026-07-03T18:19:53.471000
15.748,2026-07-03T18:19:53.473000
15.75,2026-07-03T18:19:53.475000
15.752,2026-07-03T18:19:53.477000
15.754,2026-07-03T18:19:53.479000
15.756,2026-07-03T18:19:53.481000
15.758,2026-07-03T18:19:53.483000
15.76,2026-07-03T18:19:53.485000
15.762,2026-07-03T18:19:53.487000
15.764,2026-07-03T18:19:53.489000
15.766,2026-07-03T18:19:53.491000
15.768,2026-07-03T18:19:53.493000
15.77,2026-07-03T18:19:53.495000
15.772,2026-07-03T18:19:53.497000
15.774,2026-07-03T18:19:53.499000
15.776,2026-07-03T18:19:53.501000
15.778,2026-07-03T18:19:53.503000
15.78,2026-07-03T18:19:53.505000
15.782,2026-07-03T18:19:53.507000
15.784,2026-07-03T18:19:53.509000
15.786,2026-07-03T18:19:53.511000
15.788,2026-07-03T18:19:53.513000
15.79,2026-07-03T18:19:53.515000
15.792,2026-07-03T18:19:53.517000
15.794,2026-07-03T18:19:53.519000
15.796,2026-07-03T18:19:53.521000
15.798,2026-07-03T18:19:53.523000
15.8,2026-07-03T18:19:53.525000
15.802,2026-07-03T18:19:53.527000
15.804,2026-07-03T18:19:53.529000
15.806,2026-07-03T18:19:53.531000
15.808,2026-07-03T18:19:53.533000
15.81,2026-07-03T18:19:53.535000
15.812,2026-07-03T18:19:53.537000
15.814,2026-07-03T18:19:53.539000
15.816,2026-07-03T18:19:53.541000
15.818,2026-07-03T18:19:53.543000
15.82,2026-07-03T18:19:53.545000
15.822,2026-07-03T18:19:53.547000
15.824,2026-07-03T18:19:53.549000
15.826,2026-07-03T18:19:53.551000
15.828,2026-07-03T18:19:53.553000
15.83,2026-07-03T18:19:53.555000
15.832,2026-07-03T18:19:53.557000
15.834,2026-07-03T18:19:53.559000
15.836,2026-07-03T18:19:53.561000
15.838,2026-07-03T18:19:53.563000
15.84,2026-07-03T18:19:53.565000
15.842,2026-07-03T18:19:53.567000
15.844,2026-07-03T18:19:53.569000
15.846,2026-07-03T18:19:53.571000
15.848,2026-07-03T18:19:53.573000
15.85,2026-07-03T18:19:53.575000
15.852,2026-07-03T18:19:53.577000
15.854,2026-07-03T18:19:53.579000
15.856,2026-07-03T18:19:53.581000
15.858,2026-07-03T18:19:53.583000
15.86,2026-07-03T18:19:53.585000
15.862,2026-07-03T18:19:53.587000
15.864,2026-07-03T18:19:53.589000
15.866,2026-07-03T18:19:53.591000
15.868,2026-07-03T18:19:53.593000
15.87,2026-07-03T18:19:53.595000
15.872,2026-07-03T18:19:53.597000
15.874,2026-07-03T18:19:53.599000
15.876,2026-07-03T18:19:53.601000
15.878,2026-07-03T18:19:53.603000
15.88,2026-07-03T18:19:53.605000
15.882,2026-07-03T18:19:53.607000
15.884,2026-07-03T18:19:53.609000
15.886,2026-07-03T18:19:53.611000
15.888,2026-07-03T18:19:53.613000
15.89,2026-07-03T18:19:53.615000
15.892,2026-07-03T18:19:53.617000
15.894,2026-07-03T18:19:53.619000
15.896,2026-07-03T18:19:53.621000
15.898,2026-07-03T18:19:53.623000
15.9,2026-07-03T18:19:53.625000
15.902,2026-07-03T18:19:53.627000
15.904,2026-07-03T18:19:53.629000
15.906,2026-07-03T18:19:53.631000
15.908,2026-07-03T18:19:53.633000
15.91,2026-07-03T18:19:53.635000
15.912,2026-07-03T18:19:53.637000
15.914,2026-07-03T18:19:53.639000
15.916,2026-07-03T18:19:53.641000
15.918,2026-07-03T18:19:53.643000
15.92,2026-07-03T18:19:53.645000
15.922,2026-07-03T18:19:53.647000
15.924,2026-07-03T18:19:53.649000
15.926,2026-07-03T18:19:53.651000
15.928,2026-07-03T18:19:53.653000
15.93,2026-07-03T18:19:53.655000
15.932,2026-07-03T18:19:53.657000
15.934,2026-07-03T18:19:53.659000
15.936,2026-07-03T18:19:53.661000
15.938,2026-07-03T18:19:53.663000
15.94,2026-07-03T18:19:53.665000
15.942,2026-07-03T18:19:53.667000
15.944,2026-07-03T18:19:53.669000
15.946,2026-07-03T18:19:53.671000
15.948,2026-07-03T18:19:53.673000
15.95,2026-07-03T18:19:53.675000
15.952,2026-07-03T18:19:53.677000
15.954,2026-07-03T18:19:53.679000
15.956,2026-07-03T18:19:53.681000
15.958,2026-07-03T18:19:53.683000
15.96,2026-07-03T18:19:53.685000
15.962,2026-07-03T18:19:53.687000
15.964,2026-07-03T18:19:53.689000
15.966,2026-07-03T18:19:53.691000
15.968,2026-07-03T18:19:53.693000
15.97,2026-07-03T18:19:53.695000
15.972,2026-07-03T18:19:53.697000
15.974,2026-07-03T18:19:53.699000
15.976,2026-07-03T18:19:53.701000
15.978,2026-07-03T18:19:53.703000
15.98,2026-07-03T18:19:53.705000
15.982,2026-07-03T18:19:53.707000
15.984,2026-07-03T18:19:53.709000
15.986,2026-07-03T18:19:53.711000
15.988,2026-07-03T18:19:53.713000
15.99,2026-07-03T18:19:53.715000
15.992,2026-07-03T18:19:53.717000
15.994,2026-07-03T18:19:53.719000
15.996,2026-07-03T18:19:53.721000
15.998,2026-07-03T18:19:53.723000
16,2026-07-03T18:19:53.725000
16.002,2026-07-03T18:19:53.726999
16.004,2026-07-03T18:19:53.729000
16.006,2026-07-03T18:19:53.731000
16.008,2026-07-03T18:19:53.733000
16.01,2026-07-03T18:19:53.735000
16.012,2026-07-03T18:19:53.737000
16.014,2026-07-03T18:19:53.739000
16.016,2026-07-03T18:19:53.741000
16.018,2026-07-03T18:19:53.743000
16.02,2026-07-03T18:19:53.745000
16.022,2026-07-03T18:19:53.747000
16.024,2026-07-03T18:19:53.749000
16.026,2026-07-03T18:19:53.751000
16.028,2026-07-03T18:19:53.752999
16.03,2026-07-03T18:19:53.755000
16.032,2026-07-03T18:19:53.757000
16.034,2026-07-03T18:19:53.758999
16.036,2026-07-03T18:19:53.761000
16.038,2026-07-03T18:19:53.763000
16.04,2026-07-03T18:19:53.765000
16.042,2026-07-03T18:19:53.767000
16.044,2026-07-03T18:19:53.769000
16.046,2026-07-03T18:19:53.771000
16.048,2026-07-03T18:19:53.773000
16.05,2026-07-03T18:19:53.775000
16.052,2026-07-03T18:19:53.777000
16.054,2026-07-03T18:19:53.779000
16.056,2026-07-03T18:19:53.781000
16.058,2026-07-03T18:19:53.783000
16.06,2026-07-03T18:19:53.784999
16.062,2026-07-03T18:19:53.787000
16.064,2026-07-03T18:19:53.789000
16.066,2026-07-03T18:19:53.790999
16.068,2026-07-03T18:19:53.793000
16.07,2026-07-03T18:19:53.795000
16.072,2026-07-03T18:19:53.797000
16.074,2026-07-03T18:19:53.799000
16.076,2026-07-03T18:19:53.801000
16.078,2026-07-03T18:19:53.803000
16.08,2026-07-03T18:19:53.805000
16.082,2026-07-03T18:19:53.807000
16.084,2026-07-03T18:19:53.809000
16.086,2026-07-03T18:19:53.811000
16.088,2026-07-03T18:19:53.813000
16.09,2026-07-03T18:19:53.815000
16.092,2026-07-03T18:19:53.816999
16.094,2026-07-03T18:19:53.819000
16.096,2026-07-03T18:19:53.821000
16.098,2026-07-03T18:19:53.822999
16.1,2026-07-03T18:19:53.825000
16.102,2026-07-03T18:19:53.827000
16.104,2026-07-03T18:19:53.829000
16.106,2026-07-03T18:19:53.831000
16.108,2026-07-03T18:19:53.833000
16.11,2026-07-03T18:19:53.835000
16.112,2026-07-03T18:19:53.837000
16.114,2026-07-03T18:19:53.839000
16.116,2026-07-03T18:19:53.841000
16.118,2026-07-03T18:19:53.843000
16.12,2026-07-03T18:19:53.845000
16.122,2026-07-03T18:19:53.847000
16.124,2026-07-03T18:19:53.848999
16.126,2026-07-03T18:19:53.851000
16.128,2026-07-03T18:19:53.853000
16.13,2026-07-03T18:19:53.854999
16.132,2026-07-03T18:19:53.857000
16.134,2026-07-03T18:19:53.859000
16.136,2026-07-03T18:19:53.861000
16.138,2026-07-03T18:19:53.863000
16.14,2026-07-03T18:19:53.865000
16.142,2026-07-03T18:19:53.867000
16.144,2026-07-03T18:19:53.869000
16.146,2026-07-03T18:19:53.871000
16.148,2026-07-03T18:19:53.873000
16.15,2026-07-03T18:19:53.874999
16.152,2026-07-03T18:19:53.877000
16.154,2026-07-03T18:19:53.879000
16.156,2026-07-03T18:19:53.880999
16.158,2026-07-03T18:19:53.883000
16.16,2026-07-03T18:19:53.885000
16.162,2026-07-03T18:19:53.886999
16.164,2026-07-03T18:19:53.889000
16.166,2026-07-03T18:19:53.891000
16.168,2026-07-03T18:19:53.893000
16.17,2026-07-03T18:19:53.895000
16.172,2026-07-03T18:19:53.897000
16.174,2026-07-03T18:19:53.899000
16.176,2026-07-03T18:19:53.901000
16.178,2026-07-03T18:19:53.903000
16.18,2026-07-03T18:19:53.905000
16.182,2026-07-03T18:19:53.906999
16.184,2026-07-03T18:19:53.909000
16.186,2026-07-03T18:19:53.911000
16.188,2026-07-03T18:19:53.912999
16.19,2026-07-03T18:19:53.915000
16.192,2026-07-03T18:19:53.917000
16.194,2026-07-03T18:19:53.918999
16.196,2026-07-03T18:19:53.921000
16.198,2026-07-03T18:19:53.923000
16.2,2026-07-03T18:19:53.925000
16.202,2026-07-03T18:19:53.927000
16.204,2026-07-03T18:19:53.929000
16.206,2026-07-03T18:19:53.931000
16.208,2026-07-03T18:19:53.933000
16.21,2026-07-03T18:19:53.935000
16.212,2026-07-03T18:19:53.937000
16.214,2026-07-03T18:19:53.938999
16.216,2026-07-03T18:19:53.941000
16.218,2026-07-03T18:19:53.943000
16.22,2026-07-03T18:19:53.944999
16.222,2026-07-03T18:19:53.947000
16.224,2026-07-03T18:19:53.949000
16.226,2026-07-03T18:19:53.951000
16.228,2026-07-03T18:19:53.953000
16.23,2026-07-03T18:19:53.955000
16.232,2026-07-03T18:19:53.957000
16.234,2026-07-03T18:19:53.959000
16.236,2026-07-03T18:19:53.961000
16.238,2026-07-03T18:19:53.963000
16.24,2026-07-03T18:19:53.965000
16.242,2026-07-03T18:19:53.967000
16.244,2026-07-03T18:19:53.969000
16.246,2026-07-03T18:19:53.970999
16.248,2026-07-03T18:19:53.973000
16.25,2026-07-03T18:19:53.975000
16.252,2026-07-03T18:19:53.976999
16.254,2026-07-03T18:19:53.979000
16.256,2026-07-03T18:19:53.981000
16.258,2026-07-03T18:19:53.983000
16.26,2026-07-03T18:19:53.985000
16.262,2026-07-03T18:19:53.987000
16.264,2026-07-03T18:19:53.989000
16.266,2026-07-03T18:19:53.991000
16.268,2026-07-03T18:19:53.993000
16.27,2026-07-03T18:19:53.995000
16.272,2026-07-03T18:19:53.997000
16.274,2026-07-03T18:19:53.999000
16.276,2026-07-03T18:19:54.001000
16.278,2026-07-03T18:19:54.002999
16.28,2026-07-03T18:19:54.005000
16.282,2026-07-03T18:19:54.007000
16.284,2026-07-03T18:19:54.008999
16.286,2026-07-03T18:19:54.011000
16.288,2026-07-03T18:19:54.013000
16.29,2026-07-03T18:19:54.015000
16.292,2026-07-03T18:19:54.017000
16.294,2026-07-03T18:19:54.019000
16.296,2026-07-03T18:19:54.021000
16.298,2026-07-03T18:19:54.023000
16.3,2026-07-03T18:19:54.025000
16.302,2026-07-03T18:19:54.027000
16.304,2026-07-03T18:19:54.029000
16.306,2026-07-03T18:19:54.031000
16.308,2026-07-03T18:19:54.033000
16.31,2026-07-03T18:19:54.034999
16.312,2026-07-03T18:19:54.037000
16.314,2026-07-03T18:19:54.039000
16.316,2026-07-03T18:19:54.040999
16.318,2026-07-03T18:19:54.043000
16.32,2026-07-03T18:19:54.045000
16.322,2026-07-03T18:19:54.047000
16.324,2026-07-03T18:19:54.049000
16.326,2026-07-03T18:19:54.051000
16.328,2026-07-03T18:19:54.053000
16.33,2026-07-03T18:19:54.055000
16.332,2026-07-03T18:19:54.057000
16.334,2026-07-03T18:19:54.059000
16.336,2026-07-03T18:19:54.061000
16.338,2026-07-03T18:19:54.063000
16.34,2026-07-03T18:19:54.065000
16.342,2026-07-03T18:19:54.066999
16.344,2026-07-03T18:19:54.069000
16.346,2026-07-03T18:19:54.071000
16.348,2026-07-03T18:19:54.072999
16.35,2026-07-03T18:19:54.075000
16.352,2026-07-03T18:19:54.077000
16.354,2026-07-03T18:19:54.079000
16.356,2026-07-03T18:19:54.081000
16.358,2026-07-03T18:19:54.083000
16.36,2026-07-03T18:19:54.085000
16.362,2026-07-03T18:19:54.087000
16.364,2026-07-03T18:19:54.089000
16.366,2026-07-03T18:19:54.091000
16.368,2026-07-03T18:19:54.093000
16.37,2026-07-03T18:19:54.095000
16.372,2026-07-03T18:19:54.097000
16.374,2026-07-03T18:19:54.098999
16.376,2026-07-03T18:19:54.101000
16.378,2026-07-03T18:19:54.103000
16.38,2026-07-03T18:19:54.104999
16.382,2026-07-03T18:19:54.107000
16.384,2026-07-03T18:19:54.109000
16.386,2026-07-03T18:19:54.111000
16.388,2026-07-03T18:19:54.113000
16.39,2026-07-03T18:19:54.115000
16.392,2026-07-03T18:19:54.117000
16.394,2026-07-03T18:19:54.119000
16.396,2026-07-03T18:19:54.121000
16.398,2026-07-03T18:19:54.123000
16.4,2026-07-03T18:19:54.125000
16.402,2026-07-03T18:19:54.127000
16.404,2026-07-03T18:19:54.129000
16.406,2026-07-03T18:19:54.131000
16.408,2026-07-03T18:19:54.133000
16.41,2026-07-03T18:19:54.135000
16.412,2026-07-03T18:19:54.137000
16.414,2026-07-03T18:19:54.139000
16.416,2026-07-03T18:19:54.141000
16.418,2026-07-03T18:19:54.143000
16.42,2026-07-03T18:19:54.145000
16.422,2026-07-03T18:19:54.147000
16.424,2026-07-03T18:19:54.149000
16.426,2026-07-03T18:19:54.151000
16.428,2026-07-03T18:19:54.153000
16.43,2026-07-03T18:19:54.155000
16.432,2026-07-03T18:19:54.157000
16.434,2026-07-03T18:19:54.159000
16.436,2026-07-03T18:19:54.161000
16.438,2026-07-03T18:19:54.163000
16.44,2026-07-03T18:19:54.165000
16.442,2026-07-03T18:19:54.167000
16.444,2026-07-03T18:19:54.169000
16.446,2026-07-03T18:19:54.171000
16.448,2026-07-03T18:19:54.173000
16.45,2026-07-03T18:19:54.175000
16.452,2026-07-03T18:19:54.177000
16.454,2026-07-03T18:19:54.179000
16.456,2026-07-03T18:19:54.181000
16.458,2026-07-03T18:19:54.183000
16.46,2026-07-03T18:19:54.185000
16.462,2026-07-03T18:19:54.187000
16.464,2026-07-03T18:19:54.189000
16.466,2026-07-03T18:19:54.191000
16.468,2026-07-03T18:19:54.193000
16.47,2026-07-03T18:19:54.195000
16.472,2026-07-03T18:19:54.197000
16.474,2026-07-03T18:19:54.199000
16.476,2026-07-03T18:19:54.201000
16.478,2026-07-03T18:19:54.203000
16.48,2026-07-03T18:19:54.205000
16.482,2026-07-03T18:19:54.207000
16.484,2026-07-03T18:19:54.209000
16.486,2026-07-03T18:19:54.211000
16.488,2026-07-03T18:19:54.213000
16.49,2026-07-03T18:19:54.215000
16.492,2026-07-03T18:19:54.217000
16.494,2026-07-03T18:19:54.219000
16.496,2026-07-03T18:19:54.221000
16.498,2026-07-03T18:19:54.223000
16.5,2026-07-03T18:19:54.225000
16.502,2026-07-03T18:19:54.227000
16.504,2026-07-03T18:19:54.229000
16.506,2026-07-03T18:19:54.231000
16.508,2026-07-03T18:19:54.233000
16.51,2026-07-03T18:19:54.235000
16.512,2026-07-03T18:19:54.237000
16.514,2026-07-03T18:19:54.239000
16.516,2026-07-03T18:19:54.241000
16.518,2026-07-03T18:19:54.243000
16.52,2026-07-03T18:19:54.245000
16.522,2026-07-03T18:19:54.247000
16.524,2026-07-03T18:19:54.249000
16.526,2026-07-03T18:19:54.251000
16.528,2026-07-03T18:19:54.253000
16.53,2026-07-03T18:19:54.255000
16.532,2026-07-03T18:19:54.257000
16.534,2026-07-03T18:19:54.259000
16.536,2026-07-03T18:19:54.261000
16.538,2026-07-03T18:19:54.263000
16.54,2026-07-03T18:19:54.265000
16.542,2026-07-03T18:19:54.267000
16.544,2026-07-03T18:19:54.269000
16.546,2026-07-03T18:19:54.271000
16.548,2026-07-03T18:19:54.273000
16.55,2026-07-03T18:19:54.275000
16.552,2026-07-03T18:19:54.277000
16.554,2026-07-03T18:19:54.279000
16.556,2026-07-03T18:19:54.281000
16.558,2026-07-03T18:19:54.283000
16.56,2026-07-03T18:19:54.285000
16.562,2026-07-03T18:19:54.287000
16.564,2026-07-03T18:19:54.289000
16.566,2026-07-03T18:19:54.291000
16.568,2026-07-03T18:19:54.293000
16.57,2026-07-03T18:19:54.295000
16.572,2026-07-03T18:19:54.297000
16.574,2026-07-03T18:19:54.299000
16.576,2026-07-03T18:19:54.301000
16.578,2026-07-03T18:19:54.303000
16.58,2026-07-03T18:19:54.305000
16.582,2026-07-03T18:19:54.307000
16.584,2026-07-03T18:19:54.309000
16.586,2026-07-03T18:19:54.311000
16.588,2026-07-03T18:19:54.313000
16.59,2026-07-03T18:19:54.315000
16.592,2026-07-03T18:19:54.317000
16.594,2026-07-03T18:19:54.319000
16.596,2026-07-03T18:19:54.321000
16.598,2026-07-03T18:19:54.323000
16.6,2026-07-03T18:19:54.325000
16.602,2026-07-03T18:19:54.327000
16.604,2026-07-03T18:19:54.329000
16.606,2026-07-03T18:19:54.331000
16.608,2026-07-03T18:19:54.333000
16.61,2026-07-03T18:19:54.335000
16.612,2026-07-03T18:19:54.337000
16.614,2026-07-03T18:19:54.339000
16.616,2026-07-03T18:19:54.341000
16.618,2026-07-03T18:19:54.343000
16.62,2026-07-03T18:19:54.345000
16.622,2026-07-03T18:19:54.347000
16.624,2026-07-03T18:19:54.349000
16.626,2026-07-03T18:19:54.351000
16.628,2026-07-03T18:19:54.353000
16.63,2026-07-03T18:19:54.355000
16.632,2026-07-03T18:19:54.357000
16.634,2026-07-03T18:19:54.359000
16.636,2026-07-03T18:19:54.361000
16.638,2026-07-03T18:19:54.363000
16.64,2026-07-03T18:19:54.365000
16.642,2026-07-03T18:19:54.367000
16.644,2026-07-03T18:19:54.369000
16.646,2026-07-03T18:19:54.371000
16.648,2026-07-03T18:19:54.373000
16.65,2026-07-03T18:19:54.375000
16.652,2026-07-03T18:19:54.377000
16.654,2026-07-03T18:19:54.379000
16.656,2026-07-03T18:19:54.381000
16.658,2026-07-03T18:19:54.383000
16.66,2026-07-03T18:19:54.385000
16.662,2026-07-03T18:19:54.387000
16.664,2026-07-03T18:19:54.389000
16.666,2026-07-03T18:19:54.391000
16.668,2026-07-03T18:19:54.393000
16.67,2026-07-03T18:19:54.395000
16.672,2026-07-03T18:19:54.397000
16.674,2026-07-03T18:19:54.399000
16.676,2026-07-03T18:19:54.401000
16.678,2026-07-03T18:19:54.403000
16.68,2026-07-03T18:19:54.405000
16.682,2026-07-03T18:19:54.407000
16.684,2026-07-03T18:19:54.409000
16.686,2026-07-03T18:19:54.411000
16.688,2026-07-03T18:19:54.413000
16.69,2026-07-03T18:19:54.415000
16.692,2026-07-03T18:19:54.417000
16.694,2026-07-03T18:19:54.419000
16.696,2026-07-03T18:19:54.421000
16.698,2026-07-03T18:19:54.423000
16.7,2026-07-03T18:19:54.425000
16.702,2026-07-03T18:19:54.427000
16.704,2026-07-03T18:19:54.429000
16.706,2026-07-03T18:19:54.431000
16.708,2026-07-03T18:19:54.433000
16.71,2026-07-03T18:19:54.435000
16.712,2026-07-03T18:19:54.437000
16.714,2026-07-03T18:19:54.439000
16.716,2026-07-03T18:19:54.441000
16.718,2026-07-03T18:19:54.443000
16.72,2026-07-03T18:19:54.445000
16.722,2026-07-03T18:19:54.447000
16.724,2026-07-03T18:19:54.449000
16.726,2026-07-03T18:19:54.451000
16.728,2026-07-03T18:19:54.453000
16.73,2026-07-03T18:19:54.455000
16.732,2026-07-03T18:19:54.457000
16.734,2026-07-03T18:19:54.459000
16.736,2026-07-03T18:19:54.461000
16.738,2026-07-03T18:19:54.463000
16.74,2026-07-03T18:19:54.465000
16.742,2026-07-03T18:19:54.467000
16.744,2026-07-03T18:19:54.469000
16.746,2026-07-03T18:19:54.471000
16.748,2026-07-03T18:19:54.473000
16.75,2026-07-03T18:19:54.475000
16.752,2026-07-03T18:19:54.477000
16.754,2026-07-03T18:19:54.479000
16.756,2026-07-03T18:19:54.481000
16.758,2026-07-03T18:19:54.483000
16.76,2026-07-03T18:19:54.485000
16.762,2026-07-03T18:19:54.487000
16.764,2026-07-03T18:19:54.489000
16.766,2026-07-03T18:19:54.491000
16.768,2026-07-03T18:19:54.493000
16.77,2026-07-03T18:19:54.495000
16.772,2026-07-03T18:19:54.497000
16.774,2026-07-03T18:19:54.499000
16.776,2026-07-03T18:19:54.501000
16.778,2026-07-03T18:19:54.503000
16.78,2026-07-03T18:19:54.505000
16.782,2026-07-03T18:19:54.507000
16.784,2026-07-03T18:19:54.509000
16.786,2026-07-03T18:19:54.511000
16.788,2026-07-03T18:19:54.513000
16.79,2026-07-03T18:19:54.515000
16.792,2026-07-03T18:19:54.517000
16.794,2026-07-03T18:19:54.519000
16.796,2026-07-03T18:19:54.521000
16.798,2026-07-03T18:19:54.523000
16.8,2026-07-03T18:19:54.525000
16.802,2026-07-03T18:19:54.527000
16.804,2026-07-03T18:19:54.529000
16.806,2026-07-03T18:19:54.531000
16.808,2026-07-03T18:19:54.533000
16.81,2026-07-03T18:19:54.535000
16.812,2026-07-03T18:19:54.537000
16.814,2026-07-03T18:19:54.539000
16.816,2026-07-03T18:19:54.541000
16.818,2026-07-03T18:19:54.543000
16.82,2026-07-03T18:19:54.545000
16.822,2026-07-03T18:19:54.547000
16.824,2026-07-03T18:19:54.549000
16.826,2026-07-03T18:19:54.551000
16.828,2026-07-03T18:19:54.553000
16.83,2026-07-03T18:19:54.555000
16.832,2026-07-03T18:19:54.557000
16.834,2026-07-03T18:19:54.559000
16.836,2026-07-03T18:19:54.561000
16.838,2026-07-03T18:19:54.563000
16.84,2026-07-03T18:19:54.565000
16.842,2026-07-03T18:19:54.567000
16.844,2026-07-03T18:19:54.569000
16.846,2026-07-03T18:19:54.571000
16.848,2026-07-03T18:19:54.573000
16.85,2026-07-03T18:19:54.575000
16.852,2026-07-03T18:19:54.577000
16.854,2026-07-03T18:19:54.579000
16.856,2026-07-03T18:19:54.581000
16.858,2026-07-03T18:19:54.583000
16.86,2026-07-03T18:19:54.585000
16.862,2026-07-03T18:19:54.587000
16.864,2026-07-03T18:19:54.589000
16.866,2026-07-03T18:19:54.591000
16.868,2026-07-03T18:19:54.593000
16.87,2026-07-03T18:19:54.595000
16.872,2026-07-03T18:19:54.597000
16.874,2026-07-03T18:19:54.599000
16.876,2026-07-03T18:19:54.601000
16.878,2026-07-03T18:19:54.603000
16.88,2026-07-03T18:19:54.605000
16.882,2026-07-03T18:19:54.607000
16.884,2026-07-03T18:19:54.609000
16.886,2026-07-03T18:19:54.611000
16.888,2026-07-03T18:19:54.613000
16.89,2026-07-03T18:19:54.615000
16.892,2026-07-03T18:19:54.617000
16.894,2026-07-03T18:19:54.619000
16.896,2026-07-03T18:19:54.621000
16.898,2026-07-03T18:19:54.623000
16.9,2026-07-03T18:19:54.625000
16.902,2026-07-03T18:19:54.627000
16.904,2026-07-03T18:19:54.629000
16.906,2026-07-03T18:19:54.631000
16.908,2026-07-03T18:19:54.633000
16.91,2026-07-03T18:19:54.635000
16.912,2026-07-03T18:19:54.637000
16.914,2026-07-03T18:19:54.639000
16.916,2026-07-03T18:19:54.641000
16.918,2026-07-03T18:19:54.643000
16.92,2026-07-03T18:19:54.645000
16.922,2026-07-03T18:19:54.647000
16.924,2026-07-03T18:19:54.649000
16.926,2026-07-03T18:19:54.651000
16.928,2026-07-03T18:19:54.653000
16.93,2026-07-03T18:19:54.655000
16.932,2026-07-03T18:19:54.657000
16.934,2026-07-03T18:19:54.659000
16.936,2026-07-03T18:19:54.661000
16.938,2026-07-03T18:19:54.663000
16.94,2026-07-03T18:19:54.665000
16.942,2026-07-03T18:19:54.667000
16.944,2026-07-03T18:19:54.669000
16.946,2026-07-03T18:19:54.671000
16.948,2026-07-03T18:19:54.673000
16.95,2026-07-03T18:19:54.675000
16.952,2026-07-03T18:19:54.677000
16.954,2026-07-03T18:19:54.679000
16.956,2026-07-03T18:19:54.681000
16.958,2026-07-03T18:19:54.683000
16.96,2026-07-03T18:19:54.685000
16.962,2026-07-03T18:19:54.687000
16.964,2026-07-03T18:19:54.689000
16.966,2026-07-03T18:19:54.691000
16.968,2026-07-03T18:19:54.693000
16.97,2026-07-03T18:19:54.695000
16.972,2026-07-03T18:19:54.697000
16.974,2026-07-03T18:19:54.699000
16.976,2026-07-03T18:19:54.701000
16.978,2026-07-03T18:19:54.703000
16.98,2026-07-03T18:19:54.705000
16.982,2026-07-03T18:19:54.707000
16.984,2026-07-03T18:19:54.709000
16.986,2026-07-03T18:19:54.711000
16.988,2026-07-03T18:19:54.713000
16.99,2026-07-03T18:19:54.715000
16.992,2026-07-03T18:19:54.717000
16.994,2026-07-03T18:19:54.719000
16.996,2026-07-03T18:19:54.721000
16.998,2026-07-03T18:19:54.723000
17,2026-07-03T18:19:54.725000
17.002,2026-07-03T18:19:54.727000
17.004,2026-07-03T18:19:54.729000
17.006,2026-07-03T18:19:54.731000
17.008,2026-07-03T18:19:54.733000
17.01,2026-07-03T18:19:54.735000
17.012,2026-07-03T18:19:54.737000
17.014,2026-07-03T18:19:54.739000
17.016,2026-07-03T18:19:54.741000
17.018,2026-07-03T18:19:54.743000
17.02,2026-07-03T18:19:54.745000
17.022,2026-07-03T18:19:54.747000
17.024,2026-07-03T18:19:54.749000
17.026,2026-07-03T18:19:54.751000
17.028,2026-07-03T18:19:54.753000
17.03,2026-07-03T18:19:54.755000
17.032,2026-07-03T18:19:54.757000
17.034,2026-07-03T18:19:54.759000
17.036,2026-07-03T18:19:54.761000
17.038,2026-07-03T18:19:54.763000
17.04,2026-07-03T18:19:54.765000
17.042,2026-07-03T18:19:54.767000
17.044,2026-07-03T18:19:54.769000
17.046,2026-07-03T18:19:54.771000
17.048,2026-07-03T18:19:54.773000
17.05,2026-07-03T18:19:54.775000
17.052,2026-07-03T18:19:54.777000
17.054,2026-07-03T18:19:54.779000
17.056,2026-07-03T18:19:54.781000
17.058,2026-07-03T18:19:54.783000
17.06,2026-07-03T18:19:54.785000
17.062,2026-07-03T18:19:54.787000
17.064,2026-07-03T18:19:54.789000
17.066,2026-07-03T18:19:54.791000
17.068,2026-07-03T18:19:54.793000
17.07,2026-07-03T18:19:54.795000
17.072,2026-07-03T18:19:54.797000
17.074,2026-07-03T18:19:54.799000
17.076,2026-07-03T18:19:54.801000
17.078,2026-07-03T18:19:54.803000
17.08,2026-07-03T18:19:54.805000
17.082,2026-07-03T18:19:54.807000
17.084,2026-07-03T18:19:54.809000
17.086,2026-07-03T18:19:54.811000
17.088,2026-07-03T18:19:54.813000
17.09,2026-07-03T18:19:54.815000
17.092,2026-07-03T18:19:54.817000
17.094,2026-07-03T18:19:54.819000
17.096,2026-07-03T18:19:54.821000
17.098,2026-07-03T18:19:54.823000
17.1,2026-07-03T18:19:54.825000
17.102,2026-07-03T18:19:54.827000
17.104,2026-07-03T18:19:54.829000
17.106,2026-07-03T18:19:54.831000
17.108,2026-07-03T18:19:54.833000
17.11,2026-07-03T18:19:54.835000
17.112,2026-07-03T18:19:54.837000
17.114,2026-07-03T18:19:54.839000
17.116,2026-07-03T18:19:54.841000
17.118,2026-07-03T18:19:54.843000
17.12,2026-07-03T18:19:54.845000
17.122,2026-07-03T18:19:54.847000
17.124,2026-07-03T18:19:54.849000
17.126,2026-07-03T18:19:54.851000
17.128,2026-07-03T18:19:54.853000
17.13,2026-07-03T18:19:54.855000
17.132,2026-07-03T18:19:54.857000
17.134,2026-07-03T18:19:54.859000
17.136,2026-07-03T18:19:54.861000
17.138,2026-07-03T18:19:54.863000
17.14,2026-07-03T18:19:54.865000
17.142,2026-07-03T18:19:54.867000
17.144,2026-07-03T18:19:54.869000
17.146,2026-07-03T18:19:54.871000
17.148,2026-07-03T18:19:54.873000
17.15,2026-07-03T18:19:54.875000
17.152,2026-07-03T18:19:54.877000
17.154,2026-07-03T18:19:54.879000
17.156,2026-07-03T18:19:54.881000
17.158,2026-07-03T18:19:54.883000
17.16,2026-07-03T18:19:54.885000
17.162,2026-07-03T18:19:54.887000
17.164,2026-07-03T18:19:54.889000
17.166,2026-07-03T18:19:54.891000
17.168,2026-07-03T18:19:54.893000
17.17,2026-07-03T18:19:54.895000
17.172,2026-07-03T18:19:54.897000
17.174,2026-07-03T18:19:54.899000
17.176,2026-07-03T18:19:54.901000
17.178,2026-07-03T18:19:54.903000
17.18,2026-07-03T18:19:54.905000
17.182,2026-07-03T18:19:54.907000
17.184,2026-07-03T18:19:54.909000
17.186,2026-07-03T18:19:54.911000
17.188,2026-07-03T18:19:54.913000
17.19,2026-07-03T18:19:54.915000
17.192,2026-07-03T18:19:54.917000
17.194,2026-07-03T18:19:54.919000
17.196,2026-07-03T18:19:54.921000
17.198,2026-07-03T18:19:54.923000
17.2,2026-07-03T18:19:54.925000
17.202,2026-07-03T18:19:54.927000
17.204,2026-07-03T18:19:54.929000
17.206,2026-07-03T18:19:54.931000
17.208,2026-07-03T18:19:54.933000
17.21,2026-07-03T18:19:54.935000
17.212,2026-07-03T18:19:54.937000
17.214,2026-07-03T18:19:54.939000
17.216,2026-07-03T18:19:54.941000
17.218,2026-07-03T18:19:54.943000
17.22,2026-07-03T18:19:54.945000
17.222,2026-07-03T18:19:54.947000
17.224,2026-07-03T18:19:54.949000
17.226,2026-07-03T18:19:54.951000
17.228,2026-07-03T18:19:54.953000
17.23,2026-07-03T18:19:54.955000
17.232,2026-07-03T18:19:54.957000
17.234,2026-07-03T18:19:54.959000
17.236,2026-07-03T18:19:54.961000
17.238,2026-07-03T18:19:54.963000
17.24,2026-07-03T18:19:54.965000
17.242,2026-07-03T18:19:54.967000
17.244,2026-07-03T18:19:54.969000
17.246,2026-07-03T18:19:54.971000
17.248,2026-07-03T18:19:54.973000
17.25,2026-07-03T18:19:54.975000
17.252,2026-07-03T18:19:54.977000
17.254,2026-07-03T18:19:54.979000
17.256,2026-07-03T18:19:54.981000
17.258,2026-07-03T18:19:54.983000
17.26,2026-07-03T18:19:54.985000
17.262,2026-07-03T18:19:54.987000
17.264,2026-07-03T18:19:54.989000
17.266,2026-07-03T18:19:54.991000
17.268,2026-07-03T18:19:54.993000
17.27,2026-07-03T18:19:54.995000
17.272,2026-07-03T18:19:54.997000
17.274,2026-07-03T18:19:54.999000
17.276,2026-07-03T18:19:55.001000
17.278,2026-07-03T18:19:55.003000
17.28,2026-07-03T18:19:55.005000
17.282,2026-07-03T18:19:55.007000
17.284,2026-07-03T18:19:55.009000
17.286,2026-07-03T18:19:55.011000
17.288,2026-07-03T18:19:55.013000
17.29,2026-07-03T18:19:55.015000
17.292,2026-07-03T18:19:55.017000
17.294,2026-07-03T18:19:55.019000
17.296,2026-07-03T18:19:55.021000
17.298,2026-07-03T18:19:55.023000
17.3,2026-07-03T18:19:55.025000
17.302,2026-07-03T18:19:55.027000
17.304,2026-07-03T18:19:55.029000
17.306,2026-07-03T18:19:55.031000
17.308,2026-07-03T18:19:55.033000
17.31,2026-07-03T18:19:55.035000
17.312,2026-07-03T18:19:55.037000
17.314,2026-07-03T18:19:55.039000
17.316,2026-07-03T18:19:55.041000
17.318,2026-07-03T18:19:55.043000
17.32,2026-07-03T18:19:55.045000
17.322,2026-07-03T18:19:55.047000
17.324,2026-07-03T18:19:55.049000
17.326,2026-07-03T18:19:55.051000
17.328,2026-07-03T18:19:55.053000
17.33,2026-07-03T18:19:55.055000
17.332,2026-07-03T18:19:55.057000
17.334,2026-07-03T18:19:55.059000
17.336,2026-07-03T18:19:55.061000
17.338,2026-07-03T18:19:55.063000
17.34,2026-07-03T18:19:55.065000
17.342,2026-07-03T18:19:55.067000
17.344,2026-07-03T18:19:55.069000
17.346,2026-07-03T18:19:55.071000
17.348,2026-07-03T18:19:55.073000
17.35,2026-07-03T18:19:55.075000
17.352,2026-07-03T18:19:55.077000
17.354,2026-07-03T18:19:55.079000
17.356,2026-07-03T18:19:55.081000
17.358,2026-07-03T18:19:55.083000
17.36,2026-07-03T18:19:55.085000
17.362,2026-07-03T18:19:55.087000
17.364,2026-07-03T18:19:55.089000
17.366,2026-07-03T18:19:55.091000
17.368,2026-07-03T18:19:55.093000
17.37,2026-07-03T18:19:55.095000
17.372,2026-07-03T18:19:55.097000
17.374,2026-07-03T18:19:55.099000
17.376,2026-07-03T18:19:55.101000
17.378,2026-07-03T18:19:55.103000
17.38,2026-07-03T18:19:55.105000
17.382,2026-07-03T18:19:55.107000
17.384,2026-07-03T18:19:55.109000
17.386,2026-07-03T18:19:55.111000
17.388,2026-07-03T18:19:55.113000
17.39,2026-07-03T18:19:55.115000
17.392,2026-07-03T18:19:55.117000
17.394,2026-07-03T18:19:55.119000
17.396,2026-07-03T18:19:55.121000
17.398,2026-07-03T18:19:55.123000
17.4,2026-07-03T18:19:55.125000
17.402,2026-07-03T18:19:55.127000
17.404,2026-07-03T18:19:55.129000
17.406,2026-07-03T18:19:55.131000
17.408,2026-07-03T18:19:55.133000
17.41,2026-07-03T18:19:55.135000
17.412,2026-07-03T18:19:55.137000
17.414,2026-07-03T18:19:55.139000
17.416,2026-07-03T18:19:55.141000
17.418,2026-07-03T18:19:55.143000
17.42,2026-07-03T18:19:55.145000
17.422,2026-07-03T18:19:55.147000
17.424,2026-07-03T18:19:55.149000
17.426,2026-07-03T18:19:55.151000
17.428,2026-07-03T18:19:55.153000
17.43,2026-07-03T18:19:55.155000
17.432,2026-07-03T18:19:55.157000
17.434,2026-07-03T18:19:55.159000
17.436,2026-07-03T18:19:55.161000
17.438,2026-07-03T18:19:55.163000
17.44,2026-07-03T18:19:55.165000
17.442,2026-07-03T18:19:55.167000
17.444,2026-07-03T18:19:55.169000
17.446,2026-07-03T18:19:55.171000
17.448,2026-07-03T18:19:55.173000
17.45,2026-07-03T18:19:55.175000
17.452,2026-07-03T18:19:55.177000
17.454,2026-07-03T18:19:55.179000
17.456,2026-07-03T18:19:55.181000
17.458,2026-07-03T18:19:55.183000
17.46,2026-07-03T18:19:55.185000
17.462,2026-07-03T18:19:55.187000
17.464,2026-07-03T18:19:55.189000
17.466,2026-07-03T18:19:55.191000
17.468,2026-07-03T18:19:55.193000
17.47,2026-07-03T18:19:55.195000
17.472,2026-07-03T18:19:55.197000
17.474,2026-07-03T18:19:55.199000
17.476,2026-07-03T18:19:55.201000
17.478,2026-07-03T18:19:55.203000
17.48,2026-07-03T18:19:55.205000
17.482,2026-07-03T18:19:55.207000
17.484,2026-07-03T18:19:55.209000
17.486,2026-07-03T18:19:55.211000
17.488,2026-07-03T18:19:55.213000
17.49,2026-07-03T18:19:55.215000
17.492,2026-07-03T18:19:55.217000
17.494,2026-07-03T18:19:55.219000
17.496,2026-07-03T18:19:55.221000
17.498,2026-07-03T18:19:55.223000
17.5,2026-07-03T18:19:55.225000
17.502,2026-07-03T18:19:55.227000
17.504,2026-07-03T18:19:55.229000
17.506,2026-07-03T18:19:55.231000
17.508,2026-07-03T18:19:55.233000
17.51,2026-07-03T18:19:55.235000
17.512,2026-07-03T18:19:55.237000
17.514,2026-07-03T18:19:55.239000
17.516,2026-07-03T18:19:55.241000
17.518,2026-07-03T18:19:55.243000
17.52,2026-07-03T18:19:55.245000
17.522,2026-07-03T18:19:55.247000
17.524,2026-07-03T18:19:55.249000
17.526,2026-07-03T18:19:55.251000
17.528,2026-07-03T18:19:55.253000
17.53,2026-07-03T18:19:55.255000
17.532,2026-07-03T18:19:55.257000
17.534,2026-07-03T18:19:55.259000
17.536,2026-07-03T18:19:55.261000
17.538,2026-07-03T18:19:55.263000
17.54,2026-07-03T18:19:55.265000
17.542,2026-07-03T18:19:55.267000
17.544,2026-07-03T18:19:55.269000
17.546,2026-07-03T18:19:55.271000
17.548,2026-07-03T18:19:55.273000
17.55,2026-07-03T18:19:55.275000
17.552,2026-07-03T18:19:55.277000
17.554,2026-07-03T18:19:55.279000
17.556,2026-07-03T18:19:55.281000
17.558,2026-07-03T18:19:55.283000
17.56,2026-07-03T18:19:55.285000
17.562,2026-07-03T18:19:55.287000
17.564,2026-07-03T18:19:55.289000
17.566,2026-07-03T18:19:55.291000
17.568,2026-07-03T18:19:55.293000
17.57,2026-07-03T18:19:55.295000
17.572,2026-07-03T18:19:55.297000
17.574,2026-07-03T18:19:55.299000
17.576,2026-07-03T18:19:55.301000
17.578,2026-07-03T18:19:55.303000
17.58,2026-07-03T18:19:55.305000
17.582,2026-07-03T18:19:55.307000
17.584,2026-07-03T18:19:55.309000
17.586,2026-07-03T18:19:55.311000
17.588,2026-07-03T18:19:55.313000
17.59,2026-07-03T18:19:55.315000
17.592,2026-07-03T18:19:55.317000
17.594,2026-07-03T18:19:55.319000
17.596,2026-07-03T18:19:55.321000
17.598,2026-07-03T18:19:55.323000
17.6,2026-07-03T18:19:55.325000
17.602,2026-07-03T18:19:55.327000
17.604,2026-07-03T18:19:55.329000
17.606,2026-07-03T18:19:55.331000
17.608,2026-07-03T18:19:55.333000
17.61,2026-07-03T18:19:55.335000
17.612,2026-07-03T18:19:55.337000
17.614,2026-07-03T18:19:55.339000
17.616,2026-07-03T18:19:55.341000
17.618,2026-07-03T18:19:55.343000
17.62,2026-07-03T18:19:55.345000
17.622,2026-07-03T18:19:55.347000
17.624,2026-07-03T18:19:55.349000
17.626,2026-07-03T18:19:55.351000
17.628,2026-07-03T18:19:55.353000
17.63,2026-07-03T18:19:55.355000
17.632,2026-07-03T18:19:55.357000
17.634,2026-07-03T18:19:55.359000
17.636,2026-07-03T18:19:55.361000
17.638,2026-07-03T18:19:55.363000
17.64,2026-07-03T18:19:55.365000
17.642,2026-07-03T18:19:55.367000
17.644,2026-07-03T18:19:55.369000
17.646,2026-07-03T18:19:55.371000
17.648,2026-07-03T18:19:55.373000
17.65,2026-07-03T18:19:55.375000
17.652,2026-07-03T18:19:55.377000
17.654,2026-07-03T18:19:55.379000
17.656,2026-07-03T18:19:55.381000
17.658,2026-07-03T18:19:55.383000
17.66,2026-07-03T18:19:55.385000
17.662,2026-07-03T18:19:55.387000
17.664,2026-07-03T18:19:55.389000
17.666,2026-07-03T18:19:55.391000
17.668,2026-07-03T18:19:55.393000
17.67,2026-07-03T18:19:55.395000
17.672,2026-07-03T18:19:55.397000
17.674,2026-07-03T18:19:55.399000
17.676,2026-07-03T18:19:55.401000
17.678,2026-07-03T18:19:55.403000
17.68,2026-07-03T18:19:55.405000
17.682,2026-07-03T18:19:55.407000
17.684,2026-07-03T18:19:55.409000
17.686,2026-07-03T18:19:55.411000
17.688,2026-07-03T18:19:55.413000
17.69,2026-07-03T18:19:55.415000
17.692,2026-07-03T18:19:55.417000
17.694,2026-07-03T18:19:55.419000
17.696,2026-07-03T18:19:55.421000
17.698,2026-07-03T18:19:55.423000
17.7,2026-07-03T18:19:55.425000
17.702,2026-07-03T18:19:55.427000
17.704,2026-07-03T18:19:55.429000
17.706,2026-07-03T18:19:55.431000
17.708,2026-07-03T18:19:55.433000
17.71,2026-07-03T18:19:55.435000
17.712,2026-07-03T18:19:55.437000
17.714,2026-07-03T18:19:55.439000
17.716,2026-07-03T18:19:55.441000
17.718,2026-07-03T18:19:55.443000
17.72,2026-07-03T18:19:55.445000
17.722,2026-07-03T18:19:55.447000
17.724,2026-07-03T18:19:55.449000
17.726,2026-07-03T18:19:55.451000
17.728,2026-07-03T18:19:55.453000
17.73,2026-07-03T18:19:55.455000
17.732,2026-07-03T18:19:55.457000
17.734,2026-07-03T18:19:55.459000
17.736,2026-07-03T18:19:55.461000
17.738,2026-07-03T18:19:55.463000
17.74,2026-07-03T18:19:55.465000
17.742,2026-07-03T18:19:55.467000
17.744,2026-07-03T18:19:55.469000
17.746,2026-07-03T18:19:55.471000
17.748,2026-07-03T18:19:55.473000
17.75,2026-07-03T18:19:55.475000
17.752,2026-07-03T18:19:55.477000
17.754,2026-07-03T18:19:55.479000
17.756,2026-07-03T18:19:55.481000
17.758,2026-07-03T18:19:55.483000
17.76,2026-07-03T18:19:55.485000
17.762,2026-07-03T18:19:55.487000
17.764,2026-07-03T18:19:55.489000
17.766,2026-07-03T18:19:55.491000
17.768,2026-07-03T18:19:55.493000
17.77,2026-07-03T18:19:55.495000
17.772,2026-07-03T18:19:55.497000
17.774,2026-07-03T18:19:55.499000
17.776,2026-07-03T18:19:55.501000
17.778,2026-07-03T18:19:55.503000
17.78,2026-07-03T18:19:55.505000
17.782,2026-07-03T18:19:55.507000
17.784,2026-07-03T18:19:55.509000
17.786,2026-07-03T18:19:55.511000
17.788,2026-07-03T18:19:55.513000
17.79,2026-07-03T18:19:55.515000
17.792,2026-07-03T18:19:55.517000
17.794,2026-07-03T18:19:55.519000
17.796,2026-07-03T18:19:55.521000
17.798,2026-07-03T18:19:55.523000
17.8,2026-07-03T18:19:55.525000
17.802,2026-07-03T18:19:55.527000
17.804,2026-07-03T18:19:55.529000
17.806,2026-07-03T18:19:55.531000
17.808,2026-07-03T18:19:55.533000
17.81,2026-07-03T18:19:55.535000
17.812,2026-07-03T18:19:55.537000
17.814,2026-07-03T18:19:55.539000
17.816,2026-07-03T18:19:55.541000
17.818,2026-07-03T18:19:55.543000
17.82,2026-07-03T18:19:55.545000
17.822,2026-07-03T18:19:55.547000
17.824,2026-07-03T18:19:55.549000
17.826,2026-07-03T18:19:55.551000
17.828,2026-07-03T18:19:55.553000
17.83,2026-07-03T18:19:55.555000
17.832,2026-07-03T18:19:55.557000
17.834,2026-07-03T18:19:55.559000
17.836,2026-07-03T18:19:55.561000
17.838,2026-07-03T18:19:55.563000
17.84,2026-07-03T18:19:55.565000
17.842,2026-07-03T18:19:55.567000
17.844,2026-07-03T18:19:55.569000
17.846,2026-07-03T18:19:55.571000
17.848,2026-07-03T18:19:55.573000
17.85,2026-07-03T18:19:55.575000
17.852,2026-07-03T18:19:55.577000
17.854,2026-07-03T18:19:55.579000
17.856,2026-07-03T18:19:55.581000
17.858,2026-07-03T18:19:55.583000
17.86,2026-07-03T18:19:55.585000
17.862,2026-07-03T18:19:55.587000
17.864,2026-07-03T18:19:55.589000
17.866,2026-07-03T18:19:55.591000
17.868,2026-07-03T18:19:55.593000
17.87,2026-07-03T18:19:55.595000
17.872,2026-07-03T18:19:55.597000
17.874,2026-07-03T18:19:55.599000
17.876,2026-07-03T18:19:55.601000
17.878,2026-07-03T18:19:55.603000
17.88,2026-07-03T18:19:55.605000
17.882,2026-07-03T18:19:55.607000
