time,twist,height,volume
16.756,0.0,47.035291274231774,36.868021540606016
16.856,-0.20345740223815056,46.982868444375285,35.69828467405455
16.956,-0.3702868438989597,46.94289753041433,34.810494961726626
17.056,-0.47480549560785335,46.9234389049044,34.36057788300168
17.156,-0.5088789446251809,46.92583294671682,34.36098408663196
17.256,-0.4831883855003767,46.9451454672183,34.6914401136994
17.356,-0.4218200370437799,46.97274523217557,35.156903854185416
17.456,-0.3537050897987868,46.99956572079971,35.565463005951585
17.556,-0.30519733165381524,47.018804818347995,35.78855097522707
17.656,-0.29541621504063187,47.027426168976255,35.77938135312738
17.756,-0.3333394542429744,47.02631105942113,35.555349448378955
17.856,-0.41561880295848397,47.01922089703557,35.1700657474878
17.956,-0.5258410392885722,47.01101135655149,34.6962504636578
18.056,-0.6372867847959753,47.00577609575805,34.220940798937605
18.156,-0.7206855138655968,47.00560626970964,33.83883363726472
18.256,-0.7555172562689947,47.0103184233559,33.63211533023272
18.356,-0.7394996269493177,47.018012501003575,33.642206806416475
18.456,-0.6897473943608929,47.02602180735556,33.851820517689966
18.556,-0.633344188641324,47.03183252084376,34.19161098913664
18.656,-0.5922275558748566,47.03371666335381,34.56963503421913
18.756,-0.5715521219008721,47.03097581783868,34.907012524284234
18.856,-0.5588169363148126,47.02381311305099,35.159509252765524
18.956,-0.5343165102932232,47.01295329801952,35.316193846392466
19.056,-0.48592240126469477,46.99919381648528,35.38523588341459
19.156,-0.4180786352723018,46.98307161305007,35.384922528756405
19.256,-0.34933773555623304,46.96476968588257,35.34592505704821
19.356,-0.3013248794442873,46.9442822876898,35.312942832264625
19.456,-0.2871084258774417,46.92179432122224,35.33188058195432
19.556,-0.30531557832444634,46.89827426792938,35.42561297787419
19.656,-0.3416168387595988,46.87620478855728,35.57730636044013
19.756,-0.3758536348549981,46.85993052747608,35.73670823579221
19.856,-0.39148843809481093,46.854771514257784,35.84633010905476
19.956,-0.3830264030539894,46.86469639388991,35.870043544822494
20.056,-0.35758851857215745,46.88975671157508,35.80713512119009
20.156,-0.3300777844924738,46.92517554629392,35.686660435465555
20.256,-0.3152908444143918,46.962977050210306,35.54941674114394
20.356,-0.3217704581903291,46.995180090496255,35.42839498361939
20.456,-0.35060660505394026,47.016601808082136,35.33308472719132
20.556,-0.3990288535985229,47.025927371495534,35.239323020098816
20.656,-0.46517991135131354,47.025071219569476,35.0907796079936
20.756,-0.5494428882142657,47.017771984347874,34.820738172610966
20.856,-0.6507140408884524,47.00832563191401,34.39171122647448
20.956,-0.7607417181129179,47.0007336827088,33.832200871009384
21.056,-0.8616716202378782,46.99802168135085,33.2448272205883
21.156,-0.9297752702148117,47.001450782439264,32.776937122816825
21.256,-0.9443096429727333,47.009709334855756,32.56833791038833
21.356,-0.8972921469990638,47.01859449264116,32.69987386581334
21.456,-0.7988655804421185,47.02178840090513,33.16037315284647
21.556,-0.6745172734076164,47.01288125911614,33.842144866967686
21.656,-0.5549258765900689,46.98801773252975,34.56982346766477
21.756,-0.46418615985967904,46.94799177028676,35.15565881103654
21.856,-0.4132176035189019,46.8986790720372,35.45895504931783
21.956,-0.40101933696036696,46.84937205058444,35.42361089939529
22.056,-0.42078828632699583,46.80957059075329,35.08166187458181
22.156,-0.4654693246658965,46.78561336395497,34.529956838215526
22.256,-0.5293150693293924,46.77876272842411,33.89663533677612
22.356,-0.6058016580514121,46.78575479232705,33.31160518238145
22.456,-0.6846045543549835,46.80146962561458,32.886941871859186
22.556,-0.7505054148837758,46.82196259324137,32.70486683461174
22.656,-0.785727451562046,46.84586992179748,32.808083276878634
22.756,-0.7751750542522373,46.87357712829596,33.191317538198376
22.856,-0.7126415169368414,46.905262246127045,33.797393296094874
22.956,-0.60558866452876,46.9394645750055,34.52123327482256
23.056,-0.4758787076961042,46.973020841659434,35.22445976651019
23.156,-0.35460795911399146,47.00207725367411,35.7630950997063
23.256,-0.27221418887468474,47.02337006151487,36.02592670399024
23.356,-0.2482976939804331,47.035140236901725,35.97141884687016
23.456,-0.28569840190699125,47.03743727672782,35.64595872656892
23.556,-0.37053294676526605,47.03186426002557,35.17185826760574
23.656,-0.47724642318284793,47.020973587919826,34.706190470043204
23.756,-0.5767448683018159,47.00754056332807,34.38479827996005
23.856,-0.6453411675047249,46.99389155198254,34.274017741261986
23.956,-0.6718560917502003,46.98146016205101,34.35031172906413
24.056,-0.6604136933378584,46.970751450729935,34.51574743147233
24.156,-0.6278054685729089,46.9617500938345,34.6426657756867
24.256,-0.5963723427295164,46.95450240116559,34.62951972845732
24.356,-0.5851912683528937,46.94937756042595,34.44396445794838
24.456,-0.6029868194237622,46.94666843884904,34.133500949375666
24.556,-0.6454088362371095,46.94577046119908,33.800308525205395
24.656,-0.6976876559639464,46.94477886636449,33.555928009249044
24.756,-0.7416424677190605,46.94130460349715,33.47907981318866
24.856,-0.7638987375615329,46.93435915630713,33.59296052248728
24.956,-0.7611216843712469,46.925992359596606,33.866134568515996
25.056,-0.7396949833356956,46.921148157352135,34.23152216554901
25.156,-0.7110656199001895,46.925340261302246,34.6117333914491
25.256,-0.6864302389708641,46.94139647625527,34.93821189490636
25.356,-0.6732828095539958,46.96728863453765,35.159462604248674
25.456,-0.6739390904152955,46.996292885195125,35.243414488929005
25.556,-0.6855800190236181,47.01919227395042,35.179909534807166
25.656,-0.7020331115961937,47.027304850050854,34.98265801940693
25.756,-0.7173740855885455,47.01523008798534,34.686061414032935
25.856,-0.730133314094104,46.98273429723558,34.335395898241174
25.956,-0.7454957596141583,46.9355031190336,33.974573266117766
26.056,-0.7729471968774533,46.88444573300739,33.63845254056144
26.156,-0.8193434777125148,46.843146344395436,33.35436309757587
26.256,-0.8810994383716491,46.82351292546426,33.15086238930017
26.356,-0.9410800499193499,46.830930059660915,33.06423958292735
26.456,-0.9736956721235046,46.86140504848696,33.132300909368624
26.556,-0.9563888541452457,46.90279513932581,33.37526184025149
26.656,-0.8809878778142775,46.93995270100878,33.77675908933564
26.756,-0.7584577812478202,46.9612249845672,34.27930684858501
26.856,-0.6152423203055051,46.963058444479515,34.7965650771549
26.956,-0.48426547251140306,46.95065946300026,35.23343341209572
27.056,-0.39543897591100574,46.93470584560168,35.504328799688224
27.156,-0.36914891636018154,46.925983156631624,35.54683232548371
27.256,-0.41313499001748966,46.93072991458041,35.33390532040813
27.356,-0.520930820856826,46.948823204173635,34.887240326698496
27.456,-0.6709081927336698,46.97508151919175,34.28680316575955
27.556,-0.8278751831106135,47.002264093544845,33.66506293897702
27.656,-0.9501050494360044,47.023905675871156,33.178274652419624
27.756,-1.0016164066882283,47.03585589691087,32.960675788423124
27.856,-0.9650091293080933,47.03645269192787,33.0795389152356
27.956,-0.8483032602877429,47.025955870252204,33.51058142107986
28.056,-0.6818393631923172,47.005993542538704,34.14425227596233
28.156,-0.5067684389782627,46.979428424494046,34.819800181998076
28.256,-0.3611059355966475,46.95048161681683,35.373151201464815
28.356,-0.26951160797460716,46.92453828173863,35.68204082243549
28.456,-0.23951203477206917,46.90712707008352,35.696516159528024
28.556,-0.2633827936757811,46.90213236801743,35.448152482203774
28.656,-0.32348594214666804,46.91002497886324,35.034889325346875
28.756,-0.39879997755066654,46.92720273717073,34.58512120233107
28.856,-0.47065915427191385,46.947045923347495,34.2143403502788
28.956,-0.5263789286550846,46.96234439736925,33.991153813444285
29.056,-0.5604414620557137,46.968046897664905,33.92322440213261
29.156,-0.5736506727628026,46.963141622801466,33.96515196997942
29.256,-0.5709592173250684,46.95082588632414,34.044898680316365
29.356,-0.5588583749390423,46.93684339602564,34.099989009162734
29.456,-0.5432926874783135,46.92676059762261,34.108504090159876
29.556,-0.5287721830471313,46.92358645574131,34.09889075071338
29.656,-0.5188099953321696,46.92700214591604,34.131018680404466
29.756,-0.5170752914939811,46.93445479128395,34.25612992936185
29.856,-0.5278367615606712,46.94315876034267,34.47797425873199
29.956,-0.5543521736757313,46.95160424433862,34.740875331833564
30.056,-0.5955528947577449,46.95976071805163,34.95572961791913
30.156,-0.6433968892300186,46.96815089720202,35.049479070919794
30.256,-0.6836331763055554,46.976580815358545,35.006690506040734
30.356,-0.7010233664265755,46.98329991675023,34.877280670860635
30.456,-0.6871707514315446,46.985002494083304,34.74771508691865
30.556,-0.6464021517897294,46.97770459128686,34.69604505880743
30.656,-0.594949297969265,46.95826312018758,34.75800947993295
30.756,-0.5525789463501667,46.92610556383155,34.92036844004385
30.856,-0.5315056480325424,46.88455333017918,35.138812812424845
30.956,-0.5299350327073213,46.84101765852958,35.36358153559245
31.056,-0.5345231448061938,46.805528964080565,35.555149902369244
31.156,-0.5296780027114423,46.787696675901294,35.68538637307989
31.256,-0.506914510251832,46.79314581034318,35.73385619794879
31.356,-0.4684206493934795,46.82112911051512,35.689324083424594
31.456,-0.4245438534392534,46.864685929276625,35.55460816330225
31.556,-0.38915817591857405,46.91341692117094,35.3456003810139
31.656,-0.3760848903816978,46.957484491260985,35.08166458856702
31.756,-0.39647624679190585,46.99080401401845,34.77587322847309
31.856,-0.4556972672012236,47.01199385742883,34.43558941437996
31.956,-0.5497548243895309,47.02305780421843,34.07341746986602
32.056,-0.6635558571746287,47.0269691281717,33.71633817537518
32.156,-0.7737005512944961,47.02560844476325,33.40067257990132
32.256,-0.8561534899970269,47.01897038897934,33.15418334715461
32.356,-0.8951807494658155,47.00576117307352,32.98166571120552
32.456,-0.8878248960345374,46.984933868016064,32.87094621610717
32.556,-0.8410745291135555,46.957437094705256,32.81821822893257
32.656,-0.7648213144100922,46.92731056450016,32.8513045586849
32.756,-0.6665093730208156,46.90124959293108,33.0287031023652
32.856,-0.5505877501484662,46.8862668096484,33.4118451538941
32.956,-0.42152364943754606,46.88631991302076,34.02688260289255
33.056,-0.28756174211545726,46.89996814915643,34.8352112424858
33.156,-0.1632638239834634,46.92087085124689,35.723837159446504
33.256,-0.06937798549672891,46.94101496085098,36.52055239332976
33.356,-0.02843250778057893,46.954609300443074,37.036954592597525
33.456,-0.05603854495899441,46.96034593935754,37.133331034853875
33.556,-0.1516465413486685,46.961117443340314,36.779485085237276
33.656,-0.29475322415147787,46.96187329538689,36.075105339708415
33.756,-0.45030426823826275,46.967006590849785,35.212527094769754
33.856,-0.5818428106823319,46.97841557477083,34.40081289686843
33.956,-0.6662169371407529,46.99474558274976,33.791945535243215
34.056,-0.7018477834223233,47.01181115741568,33.44396588848443
34.156,-0.7056143851327548,47.02394471091636,33.33048972014724
34.256,-0.7006771761826656,47.02587167491637,33.378665967483556
34.356,-0.7034084426495752,47.01458836537965,33.506782901913276
34.456,-0.7167622905100757,46.9906527122407,33.64534226252015
34.556,-0.7317609127817803,46.958344089492776,33.74595862116352
34.656,-0.7341755801508612,46.92440201872011,33.78847959262758
34.756,-0.7123625388527302,46.895641986806524,33.78661081038852
34.856,-0.6629740618402096,46.8765100811248,33.78337523322812
34.956,-0.5926842217160768,46.86789324200216,33.83094845729423
35.056,-0.5161201940398215,46.86774123106062,33.96036180288174
35.156,-0.45175082947756096,46.872873834217074,34.15590565452545
35.256,-0.4172916144268157,46.88077940706509,34.35017668719531
35.356,-0.4252129299331173,46.890435459561665,34.446509065652286
35.456,-0.47887978241529083,46.901825698008736,34.36070919268132
35.556,-0.5705245157972882,46.914702862700274,34.063057173318086
35.656,-0.6822751061048962,46.927765544403954,33.60087868076576
35.756,-0.7903353332655385,46.93901866438471,33.090464869570226
35.856,-0.8711531677423068,46.94687050767794,32.67938588546844
35.956,-0.908154346477474,46.95078007061798,32.491806476121475
36.056,-0.8976490271582165,46.9508674821376,32.5773268844671
36.156,-0.8514586484977968,46.94716233378039,32.885467443513306
36.256,-0.7932856503176282,46.93958583537555,33.28097629724264
36.356,-0.7487427164523979,46.9288079746498,33.59917117370533
36.456,-0.7335900887235596,46.91695793322774,33.71941395191351
36.556,-0.7465479229869629,46.90720415907343,33.62002587108174
36.656,-0.7707506333698646,46.90238196828314,33.38393070819665
36.756,-0.7833310004768919,46.903789392251745,33.15258359067811
36.856,-0.7680314530044683,46.911014930397656,33.05651824638507
36.956,-0.7238324379986949,46.92262995802893,33.16022228501441
37.056,-0.6651787694607663,46.93696532538369,33.443421575092344
37.156,-0.6146338392750579,46.95247485332411,33.81721459678095
37.256,-0.5925821448637265,46.967771826249034,34.15967352710427
37.356,-0.6088060873967152,46.981630310854676,34.35635764634233
37.456,-0.6586357009191772,46.993044592599865,34.3380327072405
37.556,-0.7243418027021207,47.0012386518435,34.10845932070461
37.656,-0.7813377384545817,47.00559122347819,33.749618813704934
37.756,-0.8073987494180628,47.00564458257295,33.39476250686149
37.856,-0.7910261183840817,47.00134963699045,33.17760534436638
37.956,-0.7345241325261398,46.993425994634244,33.183255080842294
38.056,-0.6505005935390713,46.983518810672216,33.424798611867956
38.156,-0.555256281898572,46.97394835721589,33.85043011750407
38.256,-0.4641722311598073,46.96711997875032,34.36720853771108
38.356,-0.39113417958419205,46.96481878109709,34.86442336475803
38.456,-0.3495719163665214,46.96760871387713,35.23167982946432
38.556,-0.35124092843962984,46.97452552008214,35.3782898813974
38.656,-0.40144100912696956,46.98323819654449,35.2579839650834
38.756,-0.4931812464831111,46.99073228440015,34.89107151692182
38.856,-0.6046950494494396,46.99431195888314,34.369896805178264
38.956,-0.7035924599518282,46.99253526089087,33.839557737825146
39.056,-0.7575588645837996,46.9857317728832,33.45799235930342
39.156,-0.7475943018788058,46.975870728054524,33.34814538816298
39.256,-0.677389205000928,46.96566885017188,33.55767657242564
39.356,-0.5733196632872364,46.95712019278832,34.04106825401131
39.456,-0.47420698677816375,46.950131684686205,34.67380658458614
39.556,-0.4159216992492105,46.94226952138186,35.29579212511027
39.656,-0.41855247948041097,46.930216053621834,35.766136011686605
39.756,-0.48137313460046727,46.912338411408506,36.005221450160484
39.856,-0.5860079863508929,46.89063923859649,36.00823991026388
39.956,-0.7046475261142362,46.870476120142456,35.83094234150527
40.056,-0.8091781264830828,46.85797664431197,35.56042076692842
40.156,-0.8780189271771874,46.856845407613434,35.28496837729725
40.256,-0.8992823939096297,46.86672956213283,35.07166547443499
40.356,-0.8708419431124952,46.88402049006051,34.95479300408685
40.456,-0.7991684697925621,46.90409815569714,34.93421215503151
40.556,-0.6983835613597975,46.923257332969506,34.980612406129644
40.656,-0.5890141455068942,46.93927836200616,35.04518661988836
40.756,-0.4946850638992615,46.95080109606789,35.0726872940765
40.856,-0.43649340351239374,46.95636607766241,35.01494968462337
40.956,-0.4274732285354972,46.95405822914168,34.839999559836464
41.056,-0.4698064805092983,46.94232190636057,34.53643116073926
41.156,-0.5550018206064564,46.92175142573342,34.11885806861406
41.256,-0.6656677132560418,46.896685040337665,33.635300744262395
41.356,-0.7786271954945789,46.875046419654645,33.16470767161647
41.456,-0.870249515537509,46.86581157536615,32.79321098097035
41.556,-0.9231877245961684,46.8751594836591,32.577709423284595
41.656,-0.9312943770834394,46.90333827683731,32.522073931910114
41.756,-0.9002088727021302,46.94384053795888,32.58300742146499
41.856,-0.8443232707550834,46.98518020953804,32.698227048816186
41.956,-0.7825050087283216,47.01438454164802,32.81504550325231
42.056,-0.7338044641393395,47.02085727792034,32.90426479350905
42.156,-0.7130151567541532,46.99948672232077,32.96030497272079
42.256,-0.7264690115971248,46.9523259362175,32.99549520514503
42.356,-0.7698038678686387,46.88848470480443,33.031853895371945
42.456,-0.8295295533316818,46.822021940152254,33.08913867045626
42.556,-0.8884185229832937,46.76798733889792,33.171260232039785
42.656,-0.9322016003516964,46.73767062328793,33.259263456897735
42.756,-0.9539292278491089,46.73512092598761,33.317889383280594
42.856,-0.9541765592305111,46.75689119063098,33.31238874393135
42.956,-0.9386665468114117,46.79514774364619,33.22310504012738
43.056,-0.916343015606202,46.841956193308704,33.04840092340529
43.156,-0.8987595019490371,46.89185069720771,32.799626780991986
43.256,-0.8985298656378831,46.941488836437195,32.50037221076447
43.356,-0.9247855254267705,46.98765294027771,32.19445835225618
43.456,-0.9772075766322104,47.025824382410875,31.95050636811971
43.556,-1.0428006769797875,47.050591108681466,31.846965062516816
43.656,-1.0985838147645737,47.05756629995874,31.938005498679907
43.756,-1.1203834634208008,47.04551695100367,32.22046361917588
43.856,-1.0942935209743183,47.0173727624354,32.62553408421675
43.956,-1.0241768788167676,46.979569983221644,33.044634534363155
44.056,-0.9296615859833182,46.94023045802297,33.37784667911123
44.156,-0.8357859454907555,46.90714419780092,33.57881309741491
44.256,-0.7614644700414601,46.886120682818444,33.67209781976306
44.356,-0.7132582203823858,46.87972164842026,33.73629744296011
44.456,-0.6858733216322861,46.886535620512895,33.863718629671126
44.556,-0.667530815238635,46.90168534324601,34.11255959072905
44.656,-0.6483619031696222,46.91895917515645,34.464545422142784
44.756,-0.6291452891242599,46.9336339313703,34.804000771140196
44.856,-0.6245231062611225,46.94421136952183,34.94189888369759
44.956,-0.6555633496074549,46.95206715726087,34.69636820627229
45.056,-0.734638138263719,46.95959168251565,33.999786257232266
45.156,-0.8531041320425317,46.96827616779465,32.96680822813407
45.256,-0.9807424470521156,46.97789257157037,31.87156172561847
45.356,-1.077022650764917,46.98694447110916,31.042355090309123
45.456,-1.1062684183223794,46.993705063636405,30.736006873037418
45.556,-1.0489139070314621,46.99701181227463,31.054731853845382
45.656,-0.9071740540533,46.99649746869816,31.927354366854793
45.756,-0.7056414348529643,46.99242589857107,33.14295602501613
45.856,-0.4849866709294588,46.985396890478285,34.4187666475615
45.956,-0.2892281277058899,46.976125885420444,35.48290639339277
46.056,-0.15272581937048813,46.96540328991919,36.14490127792278
46.156,-0.09310416465896765,46.95409598874186,36.32964663462828
46.256,-0.11098497242615224,46.942954594593495,36.07019799617862
46.356,-0.1936926721662715,46.932337466069995,35.47350108810309
46.456,-0.320136321450768,46.92229306322696,34.67906277840973
46.556,-0.4652180633829559,46.913100867572744,33.827916452977625
46.656,-0.6029657148560261,46.90573823102758,33.05032122635144
46.756,-0.7087877662169149,46.901787959908575,32.46580553623625
46.856,-0.7624044423659626,46.90295345392221,32.17854068697925
46.956,-0.7524392129145596,46.91057489805693,32.256123628534304
47.056,-0.6812340524952987,46.925153720770865,32.69756086270667
47.156,-0.5666238538473678,46.94578306400682,33.41088706588119
47.256,-0.438389728832,46.969801008148906,34.22068688550078
47.356,-0.33011310107686853,46.99313882611136,34.91184143708215
47.456,-0.26958421935646726,47.011395961374966,35.29621911624029
47.556,-0.27132743312565566,47.02121626346819,35.274091445046444
47.656,-0.33351646482462627,47.0214432353834,34.862636510715774
47.756,-0.43961531001701815,47.01361367633938,34.182075078133416
47.856,-0.5635049800577363,47.00149634507951,33.41229255069956
47.956,-0.6763367296283818,46.98968969358595,32.74152757556851
48.056,-0.7538183221242534,46.98173781175922,32.3205868604456
48.156,-0.7829359810293965,46.97859568430015,32.22574580526418
48.256,-0.7664180321079641,46.97830718421148,32.43477569862199
48.356,-0.7227566657716196,46.97727239711691,32.827802686799245
48.456,-0.6808121401028728,46.97258558317994,33.222354444839866
48.556,-0.6702557027819083,46.96414674396147,33.43657246192519
48.656,-0.7108452331009403,46.95522039745387,33.35715163970698
48.756,-0.8043417167575626,46.95099836503396,32.981120143089655
48.856,-0.9326711735565141,46.95599401748425,32.40961032045008
48.956,-1.0640909040840825,46.97183657348566,31.79658235684993
49.056,-1.1654728406764434,46.99662294875824,31.28234077980445
49.156,-1.2149815308579335,47.02579324383341,30.949569221883188
49.256,-1.208506089988397,47.05363987604046,30.821067153988288
49.356,-1.1569359325845525,47.07466553376387,30.888314104931588
49.456,-1.0771695639017551,47.084589118535035,31.141668981496608
49.556,-0.9829988001918863,47.08108961881171,31.578623541069263
49.656,-0.8809703859756581,47.06428069003998,32.187999175110775
49.756,-0.7725667810381793,47.036809260453616,32.925931900670356
49.856,-0.6600802699283292,47.00351047546386,33.70263981026313
49.956,-0.551585251264278,46.97057851718695,34.391286679972865
50.056,-0.46146077621165205,46.944203522521384,34.85963727171152
50.156,-0.40609971756357055,46.92876049798124,35.013994239895446
50.256,-0.39746012771749406,46.92503074477737,34.83594946527244
50.356,-0.4379978779821201,46.9293745927315,34.393380347791144
50.456,-0.5192302217153468,46.93473027008494,33.81972040441612
50.556,-0.6241044216012028,46.933464828573456,33.270608994101934
50.656,-0.7317238138548632,46.92092212581946,32.8752357203223
50.756,-0.8224578871470456,46.89793299017353,32.69951544068832
50.856,-0.882077774283502,46.87099748552797,32.732340844897784
50.956,-0.904383999886818,46.85000102189569,32.89783012912592
51.056,-0.8918142939555551,46.84450053595451,33.088888408696725
51.156,-0.8534894216893463,46.86010360697071,33.211144426357436
51.256,-0.8015407890526944,46.89615154535467,33.22010363488633
51.356,-0.748324235261137,46.945417479180364,33.13208788368451
51.456,-0.7062524939871437,46.996101764557835,33.00103632838569
51.556,-0.6883071669850693,47.03564418643208,32.87798482109744
51.656,-0.705395962719976,47.05491047256552,32.78510584560336
51.756,-0.7601259427918876,47.05105048111688,32.72027307813431
51.856,-0.8418373845659701,47.02806968204895,32.6764533790452
51.956,-0.9284692577499385,46.99519871752272,32.6498739533208
52.056,-0.9958628772024198,46.96385956305141,32.630054076617206
52.156,-1.029395300909215,46.94435351803259,32.585377518442556
52.256,-1.0311046427318686,46.943329252820625,32.46041034919924
52.356,-1.0181363697472463,46.962564962163505,32.19340909413234
52.456,-1.0133659523153398,46.99892847864011,31.751803552656007
52.556,-1.0336924643345213,47.04511514080186,31.168259354738126
52.656,-1.0822490506835223,47.09098635391419,30.551408902583013
52.756,-1.1469391119514043,47.12553011863814,30.05946871483696
52.856,-1.203915377293626,47.13928222643619,29.85029868808541
52.956,-1.2248597658130222,47.126705257765224,30.031065241598455
53.056,-1.1880980309438414,47.08786326499956,30.62200255142487
53.156,-1.0904259634195625,47.028839903983354,31.54108385846854
53.256,-0.9518322411182751,46.96068721215315,32.61740024015761
53.356,-0.8077280535902958,46.89710977685984,33.63750978795478
53.456,-0.6929397196096616,46.85134078551247,34.41114997546411
53.556,-0.6279448430115977,46.83280577834033,34.82568053357037
53.656,-0.6145227954078223,46.84448093355378,34.86483058358578
53.756,-0.6402710111171288,46.88207080858541,34.59281407977252
53.856,-0.6866277788226043,46.9355521095259,34.123628272110466
53.956,-0.7353749872156357,46.99237795443325,33.59295593290907
54.056,-0.771821154574873,47.04083061947892,33.13640300301455
54.156,-0.7857185337613117,47.07234273210827,32.86861608478511
54.256,-0.7718492583643979,47.08255785492773,32.85871644393219
54.356,-0.7313290235650456,47.07151522981321,33.10564529317906
54.456,-0.672873130253933,47.043296048034954,33.52629939410439
54.556,-0.6118317102647595,47.005203775502885,33.97167006677421
54.656,-0.565570167209529,46.96647338797627,34.27504412869684
54.756,-0.5469674372625946,46.936498595192504,34.31462294997604
54.856,-0.560093385110001,46.92257107766461,34.057990164519126
54.956,-0.600623564258953,46.927476062649035,33.56495334008931
55.056,-0.6599743286856352,46.94795991417733,32.95270781264104
55.156,-0.7298728130215437,46.97526202838943,32.34878839876813
55.256,-0.8042718917634772,46.99798000082039,31.85740485173241
55.356,-0.877674703850893,47.006150852572866,31.548556453904688
55.456,-0.9420109253938094,46.99478639886437,31.461307658838535
55.556,-0.9860731323057408,46.96552126233524,31.605000176486456
55.656,-0.999900988646246,46.92588858134022,31.949747869459422
55.756,-0.9819053448341819,46.88656044843357,32.41424243894819
55.856,-0.9429488935604837,46.85766321368867,32.87032822894493
55.956,-0.9030286864161781,46.8456692532954,33.178092401913304
56.056,-0.881817369407301,46.85183063881723,33.243685492678225
56.156,-0.8886856981722175,46.87213067528148,33.07034423305274
56.256,-0.9174686337462106,46.89846878965357,32.76972514749972
56.356,-0.9480372929781353,46.92116736011987,32.52162124161191
56.456,-0.9539476508245315,46.932599825654144,32.50057151768947
56.556,-0.9139607004140657,46.930630518223126,32.8028153704331
56.656,-0.823877893846344,46.91996942586622,33.39917553686391
56.756,-0.7031039942585195,46.910294954809906,34.12783144156724
56.856,-0.5901393804356729,46.911634941074524,34.738837228313685
56.956,-0.5263846434232775,46.92914965383391,34.99243370264048
57.056,-0.5358328317968883,46.960114796306925,34.77821254045107
57.156,-0.6118795385836009,46.994784796656354,34.187398275822005
57.256,-0.7185798983299136,47.02055319646585,33.483373397947105
57.356,-0.8062065732902184,47.02717255845399,32.97880818070035
57.456,-0.8342361680715129,47.010706904375795,32.88696610860177
57.556,-0.790977951917256,46.97484502749314,33.22280787301913
57.656,-0.6998192164878745,46.92937250631189,33.795311272894814
57.756,-0.6084809662833734,46.886625901667344,34.29121916364426
57.856,-0.5669945477510581,46.85746127831586,34.4149723737794
57.956,-0.6060161981042498,46.84838744875276,34.02038198995952
58.056,-0.7254482071584007,46.86080563505122,33.16723883545557
58.156,-0.8965197279466963,46.891975522106755,32.079121675205464
58.256,-1.073892150625511,46.936359212221056,31.04008733065355
58.356,-1.2113037048233437,46.98636475329285,30.294432831379837
58.456,-1.274985948779019,47.03286134781596,29.989353531143323
58.556,-1.2515425758154706,47.066589515378844,30.16058700034698
58.656,-1.149089707326425,47.08079464171566,30.74335046760281
58.756,-0.9924279784599861,47.07389145241079,31.59621772939569
58.856,-0.8151323672473083,47.050343635721376,32.53430983933532
58.956,-0.6516880470437414,47.01891815376845,33.36978915574241
59.056,-0.5309872639153639,46.98918997043417,33.953959331508976
59.156,-0.47153885917143157,46.96816235650292,34.210279740156075
59.256,-0.4791910174059808,46.95851925131559,34.14616590915431
59.356,-0.5479752311573733,46.95892698351433,33.83757389462072
59.456,-0.6633078750522614,46.96579517732548,33.392691868535024
59.556,-0.8055656219354788,46.975392611236764,32.91266014338591
59.656,-0.9524532933680803,46.98530036012841,32.46851137723423
59.756,-1.0806664189446806,46.99476535353231,32.10103251136354
59.856,-1.1688424945476825,47.004173017772814,31.834164067927198
59.956,-1.2024850303090702,47.01417215215582,31.686552422671795
60.056,-1.1787991636171355,47.02492103172837,31.671667726848334
60.156,-1.108469580127732,47.03567916365356,31.787057392710913
60.256,-1.0128809023697016,47.04471815312003,32.002675169112635
60.356,-0.9173228508701641,47.04945029486475,32.262320137340836
60.456,-0.8425640288521876,47.04686578277407,32.50420298500332
60.556,-0.7984319259865416,47.03453813622254,32.689326068330644
60.656,-0.7823734647876179,47.0121739259764,32.81711371134627
60.756,-0.7832319034990505,46.983010006773846,32.91827954179821
60.856,-0.7875597715938909,46.95392927333402,33.03418993690063
60.956,-0.7846664888027917,46.9335867150235,33.19926572108634
61.056,-0.76795770687783,46.929057679862034,33.43307913411823
61.156,-0.7330132597319547,46.94268758644953,33.736396423862125
61.256,-0.6751837887597958,46.97092252899931,34.08449432037529
61.356,-0.5897182987920431,47.005720637554006,34.4192040201373
61.456,-0.4753807010853208,47.03761210526537,34.648335759126084
61.556,-0.3391762760629362,47.05878759453349,34.66284295564666
61.656,-0.19758014826300752,47.06502034838581,34.37672975080828
61.756,-0.07115081745671148,47.05612080532536,33.78014576205787
61.856,0.025462984250637533,47.03534746309416,32.977337503693775
61.956,0.09123672328570365,47.00851214118551,32.17590292698244
62.056,0.13758772133891028,46.98335143022351,31.617211026185657
62.156,0.17830192801125833,46.96915099561353,31.47754180846738
62.256,0.21836875508699194,46.97596027134943,31.79197594553756
62.356,0.2506157848478523,47.01261022883025,32.440262051548636
62.456,0.26189928179271504,47.083532769798516,33.19829122341286
62.556,0.2427534855070519,47.18574336064447,33.825103000727616
62.656,0.19310123303931448,47.30824238623386,34.14267864322588
62.756,0.121121061188731,47.43543970499506,34.07862100622049
62.856,0.03752590024924274,47.553854212066085,33.66696903596407
62.956,-0.04996187675720165,47.658690812889986,33.021529544278195
63.056,-0.13805602044502763,47.75619931197215,32.30047470476774
63.156,-0.22491492318890494,47.85988623944461,31.67315583075822
63.256,-0.3056821175325197,47.98218460067007,31.290303505893334
63.356,-0.3699212584768432,48.1258081372792,31.255911435757163
63.456,-0.4026172133126025,48.279507377733594,31.602204170524665
63.556,-0.38931486823833694,48.42112033303749,32.27346110355898
63.656,-0.3250479972504863,48.52720038657049,33.12878272808854
63.756,-0.2235472702082646,48.58482149841586,33.9742250656445
63.856,-0.11961106987308057,48.59973595036699,34.623967249287674
63.956,-0.059086132067349695,48.59676672453548,34.97082304564999
64.056,-0.07857816794037831,48.61185274581,35.0333243608925
64.156,-0.18490270061263914,48.67870531817523,34.95113416409515
64.256,-0.3466193157375912,48.815448585713966,34.92205585683139
64.356,-0.5052562093824022,49.01697915325282,35.10439370025508
64.456,-0.6035434615202178,49.2563756150902,35.53166311205023
64.556,-0.6164618217894215,49.494465250977015,36.0851411025948
64.656,-0.566165498490868,49.69336221869013,36.543148382410415
64.756,-0.510307825472303,49.82917491028511,36.688961364585786
64.856,-0.5105345213670347,49.90003319675487,36.42645003278586
64.956,-0.5999175003255601,49.92663896074811,35.84149762552769
65.056,-0.7663074210698468,49.94440676958903,35.17523499773462
65.156,-0.9580153785863033,49.989786614621075,34.7281134065233
65.256,-1.1079683039471746,50.08671221745994,34.74725695145315
65.356,-1.1654256632596613,50.23929767920013,35.342460558510005
65.456,-1.1205347737337732,50.43334422485064,36.45228436692101
65.556,-1.0096267927501401,50.644593279884134,37.865595118423954
65.656,-0.8996185205147427,50.84924226798316,39.291839759758304
65.756,-0.8611487265882118,51.03273981501907,40.455123682097295
65.856,-0.9433977953977504,51.19441052570122,41.17260053036465
65.956,-1.1589139336752794,51.346606678315,41.386470683673835
66.056,-1.4807642512869919,51.508469840802974,41.150250150581414
66.156,-1.8510090491854854,51.69661361726381,40.59649670935623
66.256,-2.197777567627945,51.91683975521043,39.9108724261058
66.356,-2.456181285785739,52.160642703059125,39.31317163252329
66.456,-2.5864691581242525,52.40790069870061,39.028482590902684
66.556,-2.5830268052611984,52.634541327539786,39.2395365581833
66.656,-2.47131329708634,52.82216459258741,40.033473909721636
66.756,-2.2957892201416428,52.96566476116043,41.36705331259027
66.856,-2.1057934879625435,53.075453323183346,43.065839569070604
66.956,-1.9443636749417763,53.173457318555386,44.860142023293676
67.056,-1.8403246831241802,53.28507338359377,46.45449881456689
67.156,-1.802701567154621,53.43051967951908,47.61856310358317
67.256,-1.8193692106634458,53.618482922295584,48.266524187511735
67.356,-1.8634048966760801,53.843813652871575,48.48245924176145
67.456,-1.906509841151994,54.08969511000594,48.477714935393976
67.556,-1.9325288856676721,54.333319074417886,48.51041327564282
67.656,-1.9429853858782522,54.55326915395344,48.808605250389405
67.756,-1.952099640336023,54.736638860142996,49.516795529995704
67.856,-1.9752018788816272,54.883808608275125,50.66810763488917
67.956,-2.0173476233645573,55.00895213993875,52.18494847600127
68.056,-2.068397395436108,55.13555282880243,53.91044730646901
68.156,-2.107519150408514,55.288259831420945,55.658912933980744
68.256,-2.11488081300201,55.48406088666433,57.26065538534584
68.356,-2.0839732416527568,55.72610178010987,58.58433013748443
68.456,-2.027380879788282,56.00241091797865,59.54355592004174
68.556,-1.9725655324928226,56.28980591844517,60.1078029176288
68.656,-1.950008843759747,56.56145970955034,60.32454964029205
68.756,-1.9797455333652536,56.7957372945419,60.33383812204889
68.856,-2.0621568924359934,56.983713055953146,60.34678244554115
68.956,-2.1771255375607623,57.13287738468464,60.579668601668246
69.056,-2.2934842497844343,57.265275527983974,61.16799432269869
69.156,-2.3854102497482756,57.41012588597818,62.10432800074328
69.256,-2.4452180691410064,57.593407308693116,63.23876363237309
69.356,-2.4825342860578345,57.82849255940422,64.35035554645373
69.456,-2.512001165128275,58.11142610368198,65.25213256275339
69.556,-2.542251203221724,58.42239077975572,65.86481703409291
69.656,-2.574524350121756,58.732590928250985,66.22040852613137
69.756,-2.6069975987359655,59.013937651706584,66.41720606060541
69.856,-2.637106116090017,59.24806731994283,66.5778989235989
69.956,-2.6606821720004064,59.43177584601967,66.834757421585
70.056,-2.6725468515954702,59.57750503864727,67.31983364292601
70.156,-2.672254523064204,59.709113232059146,68.1256283158233
70.256,-2.6728420776166146,59.854175424131945,69.23839520266156
70.356,-2.7041030860042525,60.03463607914467,70.49700742053336
70.456,-2.8025264298164316,60.25844498747113,71.63643006952903
70.556,-2.9907832033902295,60.515677305941956,72.41549180144456
70.656,-3.2602774456964596,60.781924590262044,72.75371163442902
70.756,-3.5687185172814537,61.028442473686866,72.78630196411756
70.856,-3.8535419048931843,61.23442747888203,72.80599329705976
70.956,-4.053216033959217,61.39512512709322,73.13432722009681
71.056,-4.127894097390147,61.521888039991886,73.99108957960257
71.156,-4.073851863719881,61.635160972888464,75.41017673071435
71.256,-3.926433381589213,61.75500162065335,77.22656376060193
71.356,-3.747038167747341,61.894002336583036,79.14616892874284
71.456,-3.5976867056794575,62.0553721071987,80.87994668061683
71.556,-3.5165477698846885,62.23624269127931,82.27340477117896
71.656,-3.507899990156936,62.43372133682615,83.34887472437279
71.756,-3.5498183295501065,62.649786298090376,84.23693143391318
71.856,-3.61203094659254,62.891993840115845,85.0558571060582
71.956,-3.6726411589749617,63.16963806318715,85.82526940982439
72.056,-3.726376572731205,63.48759642820077,86.45877929565125
72.156,-3.783451816699724,63.841317320518,86.82420006698052
72.256,-3.861625475708216,64.21594691964346,86.83389583517206
72.356,-3.9747111749937645,64.59058129462474,86.52740692484771
72.456,-4.121634851511921,64.94586021276331,86.11070894640535
72.556,-4.2813412252958045,65.27114821731422,85.92388978343445
72.656,-4.418411758531924,65.56771152665837,86.33571516021532
72.756,-4.5002058267822775,65.84642616608284,87.60069779667529
72.856,-4.518376677982467,66.12117162322183,89.73726896012582
72.956,-4.500974475797406,66.4009925529912,92.4814497953915
73.056,-4.504891334140034,66.6848319861147,95.34326923643273
73.156,-4.591926196327705,66.96153539973817,97.75494346163529
73.256,-4.802278662887105,67.21491857960523,99.26370191365243
73.356,-5.137834413231239,67.43084762410922,99.69830762114954
73.456,-5.559808810383707,67.60278796127938,99.23590075802555
73.556,-5.9996867307775545,67.73407164479532,98.33023738347535
73.656,-6.379488068165372,67.83697491866754,97.53363654238562
73.756,-6.634728304061092,67.92938097525526,97.30533039864382
73.856,-6.732032390198029,68.03006836979776,97.89394121648144
73.956,-6.675222474729814,68.15400512023271,99.32320871312908
74.056,-6.498430119891388,68.30903208745413,101.45488476020468
74.156,-6.250580346877591,68.49483036555023,104.07822490368932
74.256,-5.979680724025819,68.7042372116713,106.9756323343772
74.356,-5.724107624943223,68.92606429297213,109.93927550075807
74.456,-5.5114325572372564,69.14824484833106,112.75937666163429
74.556,-5.359614694881799,69.36067265228237,115.23127960393029
74.656,-5.276587260717157,69.55757112391957,117.20111370424516
74.756,-5.259339348109059,69.73887049375803,118.62209059717338
74.856,-5.295145745303486,69.9097449911116,119.58335771020873
74.956,-5.365174667976298,70.07827621266246,120.29688898946284
75.056,-5.4492432016802965,70.25240771038557,121.04402188467876
75.156,-5.5310684567536725,70.43743523214036,122.0905874656639
75.256,-5.60324197067149,70.63442007720526,123.596578487058
75.356,-5.669768658687396,70.83943348623991,125.56050013104797
75.456,-5.743727713662949,71.04370652564295,127.82815747145517
75.556,-5.840043891159745,71.23495883683846,130.1631080906151
75.656,-5.966830394476496,71.40022755873115,132.34267791870542
75.756,-6.119822870972726,71.53021861754067,134.23375554027922
75.856,-6.282261861446422,71.62399266694517,135.82264911036526
75.956,-6.429678399264503,71.69131905372917,137.19997952880897
76.056,-6.537242241346242,71.75032673218831,138.51248589416028
76.156,-6.586971091227348,71.82076676798465,139.894895246546
76.256,-6.572923197935083,71.91613184455964,141.40383384037983
76.356,-6.503327991741074,72.03871380087426,142.98814202572677
76.456,-6.398840712182604,72.1801501026155,144.52151967680643
76.556,-6.28658984044872,72.32716322117832,145.88679282967854
76.656,-6.191182788786982,72.46934411723798,147.06226426394514
76.756,-6.126102985406746,72.6046005876219,148.14988041182968
76.856,-6.090319704525498,72.73941640674504,149.31348248608708
76.956,-6.072965574103549,72.88444979081613,150.65275423804064
77.056,-6.06329265434411,73.04859521512867,152.09130738832656
77.156,-6.058051526334864,73.23454577330104,153.36450034854548
77.256,-6.060086225015162,73.43704864808836,154.13598886911862
77.356,-6.070517547787574,73.64385750072684,154.1795353523277
77.456,-6.083410123096115,73.83929578455815,153.5070535050225
77.556,-6.0882949453643604,74.00966799696573,152.36413174490193
77.656,-6.0769544560028095,74.14818768429484,151.11575319308182
77.756,-6.047425676867427,74.25665076016857,150.11166473635618
77.856,-6.002348198883304,74.34302127670361,149.6092460298358
77.956,-5.9439519401351575,74.41690142735537,149.77149189914348
78.056,-5.870181236339185,74.48586998528553,150.69600403905952
78.156,-5.77579548989597,74.55409600213022,152.4109918962633
78.256,-5.6585740981050066,74.62245667153445,154.8175989685784
78.356,-5.525803703650887,74.68887272075486,157.6299502145628
78.456,-5.394949507060268,74.74859341693748,160.3960527550697
78.556,-5.286983694292424,74.79499132009005,162.63650839179334
78.656,-5.217030392919966,74.82125393695749,164.0429297511075
78.756,-5.188613009482104,74.82281397168009,164.61366024837116
78.856,-5.1939504839486546,74.80000370095861,164.63601688335194
78.956,-5.2183895492148835,74.76005795342974,164.5269145617851
79.056,-5.245985261688368,74.71724565547561,164.6266310487114
79.156,-5.263937073229457,74.69015522782027,165.05311733021682
79.256,-5.263875645102843,74.69624622247032,165.68374676060324
79.356,-5.239406224531578,74.74533656265781,166.26581520173397
79.456,-5.182844459567022,74.83490628852559,166.58893622882107
79.556,-5.085933790298718,74.94979732344825,166.61841743429272
79.656,-4.9460503384620935,75.06660855702692,166.51740675801167
79.756,-4.773816659042659,75.16038219853793,166.55603075856357
79.856,-4.595820163176022,75.21049365108172,166.96248775444386
79.956,-4.449100859189237,75.20420963709785,167.78326206549264
80.056,-4.369544083948355,75.13774965875469,168.8041088115113
80.156,-4.3799822233543395,75.01456676708227,169.57005756494027
80.256,-4.4825496768806445,74.8406846419563,169.52916839371807
80.356,-4.655579155613616,74.61865629112779,168.2765122611966
80.456,-4.854164194691933,74.34345329992722,165.78994139849092
80.556,-5.016443908882927,74.00323309004467,162.50780705030357
80.656,-5.078326705654582,73.58534799571136,159.1766623363448
80.756,-4.994252118451222,73.08458209028743,156.5406496882614
80.856,-4.755513632651173,72.50860928573866,155.02606319946935
80.956,-4.396858547333743,71.8770567081709,154.55440931677535
81.056,-3.9865372257183154,71.21492028024791,154.55816887858415
81.156,-3.6017413579003232,70.54495785496867,154.2137511024732
81.256,-3.299208699911034,69.88367511594035,152.81636510236714
81.356,-3.0954673688085137,69.24186574361144,150.11493115170126
81.456,-2.9671077672566355,68.62701406410294,146.40974206756033
81.556,-2.869788221451614,68.04437683769872,142.35977997035303
81.656,-2.762637563812838,67.49597147098441,138.64830412648467
81.756,-2.621726516593789,66.97931208353445,135.7262805553002
81.856,-2.4376677346362143,66.48824788969632,133.73677251711908
81.956,-2.2080806049833654,66.0164500541442,132.5614828453752
82.056,-1.9371436122694732,65.56166721411704,131.88706810795793
82.156,-1.6406977350281764,65.12786788676628,131.2674788571069
82.256,-1.3453608315690104,64.72351982239881,130.22710750082027
82.356,-1.0765760090929888,64.35661236745749,128.4117770413566
82.456,-0.8442248628075717,64.02901556767269,125.70874182687265
82.556,-0.6382651685423397,63.73325398901615,122.25215714051143
82.656,-0.4372578630630315,63.45360049850032,118.3226932896084
82.756,-0.2209151427780256,63.171168955730415,114.22600056095456
82.856,0.024596116048151373,62.87056978218748,110.22007235899503
82.956,0.3115773647537381,62.5450317387303,106.4976388334903
83.056,0.6582687210928739,62.1979564708498,103.18831794158893
83.156,1.0882357484844292,61.840537765042974,100.35147704245821
83.256,1.6187984198736345,61.486433397995405,97.96310889242082
83.356,2.2468825960160927,61.14551461686904,95.92043470090881
83.456,2.9440113571264064,60.81923472403104,94.07686888315621
83.556,3.6643288664204086,60.49958895231655,92.29402261679652
83.656,4.359618804700435,60.17205984891846,90.48596445907717
83.756,4.992716819597394,59.821185489069485,88.63936112000607
83.856,5.54504748126239,59.43625936478388,86.80433867313896
83.956,6.018941455241954,59.01463237890488,85.05895076866922
84.056,6.4365649613358755,58.56134827502881,83.46297061136276
84.156,6.835018075659832,58.08591215218135,82.0259398054267
84.256,7.255835727597031,57.59842757110155,80.7029462452113
84.356,7.730332978600739,57.107079030326055,79.41080816759035
84.456,8.267206671805972,56.61755651611972,78.05332334188627
84.556,8.849502562605643,56.13390902592538,76.55378384803669
84.656,9.442590320505566,55.6600761879106,74.89180466254926
84.756,10.007489409541911,55.201379224803404,73.12709878490362
84.856,10.511144266778377,54.76498291695892,71.38697646804256
84.956,10.929450190495995,54.358484050240875,69.81194101005589
85.056,11.245894702139722,53.987137015254746,68.48524775896634
85.156,11.451615602075254,53.6516646043411,67.38975071040197
85.256,11.548841419650266,53.34829488732525,66.41987361538091
85.356,11.554143030351717,53.07091290993768,65.44221081458771
85.456,11.497040944407345,52.81403961863681,64.37301646006131
85.556,11.413102793424002,52.575578751683516,63.23420466795079
85.656,11.334106081729544,52.35871466062343,62.15795599020687
85.756,11.278943786943003,52.172050663489635,61.333642779884
85.856,11.248844494653213,52.026994017577316,60.92180274454947
85.956,11.229545319194713,51.932671900163086,60.976160604016385
86.056,11.200346098412062,51.890433712884246,61.406757483013635
86.156,11.146152092048531,51.890488981906486,61.99849461826828
86.256,11.066187601973617,51.9122192653278,62.47926916197156
86.356,10.973982130750699,51.92824495078442,62.6109275784692
86.456,10.887601654928396,51.911070131995196,62.26581073244181
86.556,10.81516661566561,51.84019149888214,61.46228623846142
86.656,10.744955033523834,51.70727186513838,60.35235907132879
86.756,10.64798370169919,51.517745757236504,59.16771412978706
86.856,10.49316328177801,51.288819810652974,58.13999378746156
86.956,10.265918838501172,51.0451781387488,57.42151501875327
87.056,9.97848287041839,50.81375906409864,57.03603154688038
87.156,9.666780287458945,50.61815854780388,56.87812530012587
87.256,9.378330343512744,50.47317251725896,56.76073482118585
87.356,9.158992249526225,50.38118841095161,56.49365922819287
87.456,9.04266531028047,50.332838618702105,55.96369334980453
87.556,9.043370216198227,50.31286977195702,55.182280067011334
87.656,9.148745696796144,50.309287632981885,54.280321008583016
87.756,9.317409061889453,50.3217440940749,53.46032509808231
87.856,9.484851280686314,50.365260043126064,52.93712184689106
87.956,9.579536576130245,50.467498402522054,52.88958822509639
88.056,9.543898214810895,50.660646987968924,53.42114372933709
88.156,9.34958037232634,50.9710691946911,54.51786864734997
88.256,8.998501426921411,51.41039194643857,56.01339020163229
88.356,8.511468587658683,51.97091100948003,57.59774249078261
88.456,7.915125561756849,52.62686720494294,58.90253607037873
88.556,7.236183197295887,53.34141404687737,59.6412326035003
88.656,6.502470575901494,54.076827074034505,59.726825566930984
88.756,5.745185367175438,54.80369230013871,59.29772860969841
88.856,4.9991620175864,55.50527575790317,58.65241351915262
88.956,4.301357756655904,56.176377670638836,58.14612517680307
89.056,3.687804470032834,56.81929345726203,58.09590966803805
89.156,3.18820727052524,57.43998941182352,58.70851995027722
89.256,2.8180902005197908,58.04530649174944,60.030974532110704
89.356,2.5711451246561765,58.640164923352344,61.929067364777296
89.456,2.416903254196228,59.22451383125652,64.11146583495905
89.556,2.3072792197776124,59.79162845343954,66.2180880834016
89.656,2.1898348885179644,60.32952711353258,67.96234248206459
89.756,2.0216210066852867,60.825363986875814,69.26641000356943
89.856,1.7792926297721081,61.27069070278757,70.30716536420798
89.956,1.4650564752648307,61.665044727417126,71.43845177093895
90.056,1.1079954024398262,62.01615238792331,73.03971998382974
90.156,0.7579065267306504,62.336538809585356,75.38015893926635
90.256,0.47115868042285314,62.63834886256586,78.55301645692862
90.356,0.29433967480244405,62.9295927129534,82.47445752276163
90.456,0.25223301944499354,63.21405029195569,86.90807181709052
90.556,0.341993750848232,63.49401526676274,91.48973600736706
90.656,0.533959130700616,63.772845525329,95.77191759477661
90.756,0.7802995951313392,64.05503925370898,99.32494889951842
90.856,1.0286236683643537,64.34417982580658,101.88086816712627
90.956,1.2327219982912112,64.64078086854876,103.43484649990123
91.056,1.3564155391294008,64.94129160186763,104.23129284905093
91.156,1.375488736473926,65.23764712680817,104.65290925666915
91.256,1.2837273920608467,65.5165716097424,105.08986364574474
91.356,1.09987190726185,65.75982154052868,105.84224997737218
91.456,0.865658963202641,65.94769573199656,107.0623065070846
91.556,0.6307700962862981,66.06610785665309,108.72963351200491
91.656,0.43275484851792356,66.11410248909937,110.66489251900953
91.756,0.2855676381356176,66.1074814639065,112.5917973019458
91.856,0.18295847795937448,66.07621670612009,114.23506549983458
91.956,0.11019400896721976,66.056440233607,115.41044819470895
92.056,0.052951767344509904,66.07976841480416,116.06494408638034
92.156,-0.0009500197953613565,66.16330344535554,116.26787281152946
92.256,-0.06275810693232131,66.30362534456485,116.18398949477361
92.356,-0.1414347484931895,66.47727930884042,116.04420877635033
92.456,-0.23933152871109087,66.6480251164484,116.10112059880251
92.556,-0.3492505788875846,66.77826170171825,116.55723646183424
92.656,-0.4570981798675646,66.84056610504652,117.4820304103012
92.756,-0.5495930037773391,66.82590944865093,118.76005621543158
92.856,-0.6215787981570315,66.7466405310316,120.11264143383559
92.956,-0.6768818028784835,66.63355932168322,121.20706846411011
93.056,-0.7212364142256007,66.527398817011,121.82048976962565
93.156,-0.7526783833340431,66.4664832198748,121.97541029835483
93.256,-0.7586071263891085,66.47425862263822,121.94753472075632
93.356,-0.7245587868182071,66.55156287269578,122.11374107194791
93.456,-0.6492997483617771,66.6774083536528,122.72813891006368
93.556,-0.5540642707316437,66.81858477956446,123.77290443388537
93.656,-0.47808721155104905,66.94413857200608,124.97077130441119
93.756,-0.46299690494269896,67.03811586337181,125.93441743397088
93.856,-0.5350453019784993,67.10472744510656,126.3559831035729
93.956,-0.6936311400233208,67.16400549627441,126.13979174585035
94.056,-0.9104339056954629,67.24049792235164,125.43161667924011
94.156,-1.138835297047656,67.35029566451934,124.55427642202991
94.256,-1.3295357480648349,67.49225025306426,123.88798445768384
94.356,-1.446132394746364,67.64757670716111,123.73690818442947
94.456,-1.4746825204741683,67.7880404888978,124.222674065648
94.556,-1.4243506700059712,67.88826797902026,125.24426390785737
94.656,-1.3206108893290036,67.935723141939,126.52706966929489
94.756,-1.1952834520755289,67.93406269333933,127.74630330459584
94.856,-1.0779503931754775,67.89979688794229,128.6661076047321
94.956,-0.9916039758673776,67.85519223049627,129.2185795308057
95.056,-0.952170817153764,67.82080313928564,129.48326317584824
95.156,-0.9687330068434648,67.8097621216845,129.59580059362
95.256,-1.0416142093159877,67.82457770327865,129.65488855129146
95.356,-1.1588594654537232,67.85660429904377,129.680046554281
95.456,-1.2947087365340977,67.888312832869,129.62842713881957
95.556,-1.4136558174417502,67.8982274437812,129.44783851579146
95.656,-1.4806021952105368,67.86761578660331,129.13211349167744
95.756,-1.4734515280897682,67.78712755661135,128.74585939894848
95.856,-1.391882769028399,67.66105673591983,128.40399675628217
95.956,-1.2573279096493621,67.50716648797733,128.2246687920533
96.056,-1.104229827901257,67.3515693562746,128.29198463040493
96.156,-0.9674779214463669,67.22072255934695,128.64727653359827
96.256,-0.8714262900822192,67.13429839138747,129.298479631992
96.356,-0.823021742886695,67.10188261918991,130.23166706033646
96.456,-0.809779267463739,67.12398100771094,131.41878456132858
96.556,-0.8042622798593868,67.19572302419495,132.81386726544804
96.656,-0.7763662255738382,67.31082916167863,134.32944357603705
96.756,-0.7095535730112346,67.46380711936162,135.8097084404679
96.856,-0.6116904653509678,67.64981580823284,137.03909448234063
96.956,-0.5130648667860598,67.8634171740801,137.80420169383584
97.056,-0.4531248005775055,68.09816254515762,137.98106440883976
97.156,-0.464613452967221,68.34800871416546,137.59707643149437
97.256,-0.5629741603895226,68.6098026339186,136.83492301547255
97.356,-0.743184541503382,68.88504119837604,135.97970937067794
97.456,-0.9821526309439221,69.17955236601489,135.33184163385403
97.556,-1.244611695856399,69.50112749532667,135.11450438493688
97.656,-1.491678736553503,69.85633623884326,135.40318467686916
97.756,-1.6913548450878508,70.24794280006053,136.0972232396983
97.856,-1.8286172716172544,70.67356182992387,136.94392061704193
97.956,-1.9111325961078123,71.12534004461808,137.61606133995394
98.056,-1.967718538233214,71.59028570581175,137.82650267645855
98.156,-2.040097158360915,72.05119731612098,137.4408002747643
98.256,-2.1708884311544665,72.48836879759376,136.5384770836576
98.356,-2.3911648481690975,72.88214735128051,135.3883115524418
98.456,-2.7107275976604797,73.2160421489855,134.3417929831444
98.556,-3.1138866427413063,73.47962684702219,133.69475589535014
98.656,-3.5624307435975098,73.67032867149433,133.5863441524154
98.756,-4.005435880549896,73.79349333027027,133.97870231382424
98.856,-4.392426775611128,73.86063241827344,134.71444999847364
98.956,-4.684360129236872,73.88636239178275,135.61471193707035
99.056,-4.859328242627328,73.88509781148603,136.56602841641697
99.156,-4.914865334926027,73.86866605368301,137.55137087235738
99.256,-4.869984838276892,73.8455179594914,138.61480191750022
99.356,-4.766070964791375,73.8214791268522,139.79512327646242
99.456,-4.662030932056105,73.80130780861829,141.08164310623164
99.556,-4.620786650054534,73.78978531642802,142.41739725748252
99.656,-4.69016418933743,73.79104983506771,143.73170881698334
99.756,-4.886303144021447,73.80589854785008,144.96717391623238
99.856,-5.187916399263948,73.82849273399412,146.08185802835288
99.956,-5.545152028594579,73.8449154414386,147.02896298672795
100.056,-5.899749337409773,73.83519106139319,147.72952125367306
100.156,-6.2064558890370165,73.77820843525039,148.06556356489443
100.256,-6.443746088069993,73.65731130841856,147.92281563731603
100.356,-6.608399348496725,73.46415841590103,147.27946629282187
100.456,-6.6999002879231,73.1993155740197,146.28273559492322
100.556,-6.707596992344847,72.86947940435877,145.23739027903372
100.656,-6.6106020364100715,72.48311636039624,144.48702560160348
100.756,-6.390442035498552,72.04732633902422,144.2532020984239
100.856,-6.047113823218744,71.56748423569842,144.52873593283346
100.956,-5.60717506558894,71.048696617544,145.08015163094146
101.056,-5.1184808141130915,70.49697415141593,145.54964690796518
101.156,-4.634542728999243,69.91928048420955,145.60579482023186
101.256,-4.196705678462983,69.32343705446682,145.07689082935912
101.356,-3.8230582927303374,68.71887955544412,144.00193701514786
101.456,-3.509223290077948,68.11772630850888,142.5701599250534
101.556,-3.238851653579651,67.53480183427381,140.99292707480149
101.656,-2.9955618238774164,66.986009506149,139.39997423195618
101.756,-2.76869224164696,66.48553066980261,137.8208656776257
101.856,-2.5516496552953214,66.04279077707646,136.23674157989456
101.956,-2.337107363277113,65.66012692751485,134.64120631684108
102.056,-2.1138021815463333,65.33183546429314,133.06150876615098
102.156,-1.8673838328146175,65.04490928627114,131.53289601123458
102.256,-1.585619276595196,64.78161819818946,130.0496581167258
102.356,-1.2658411826465752,64.52394350907622,128.52487856130097
102.456,-0.9194429718814661,64.25893390608036,126.78768901562032
102.556,-0.5678232769639848,63.98251935844441,124.63335364141807
102.656,-0.2296868122930249,63.699117493651904,121.9118849176831
102.756,0.09252181695088524,63.41669182226582,118.60667259056041
102.856,0.4171962920207619,63.14003802850135,114.84961315781976
102.956,0.7760641321899797,62.86617800020231,110.86265970094016
103.056,1.200574713294742,62.58428858164164,106.87063921784227
103.156,1.7106516371561113,62.280124144119455,103.03969141805766
103.256,2.309266209059743,61.94266885622004,99.46014727945389
103.356,2.9812487041639386,61.56947359391844,96.16035236916925
103.456,3.695376350074085,61.167687076888186,93.13403328077861
103.556,4.411269464969955,60.75024725829995,90.37206883774955
103.656,,,
103.756,5.706786258392693,59.91178998424073,85.7361658297759
103.856,6.250139404252458,59.496157802645236,83.9758181429454
103.956,6.7249618044947255,59.07713472141053,82.6519418564741
104.056,7.1456386753028305,58.6496389974051,81.75284502958718
104.156,7.5328319066944935,58.21243799300889,81.20159824211692
104.256,7.910579645712865,57.7685529590065,80.8684313426619
104.356,8.302559229056335,57.32326946207228,80.59199840573335
104.456,8.72720013723628,56.88155105197816,80.2032646244679
104.556,9.193480160972904,56.44618596746811,79.55916490826313
104.656,9.698822381446579,56.01712683953153,78.58800111347834
104.756,10.228425856600857,55.59224440270791,77.32770252242909
104.856,10.755193859897986,55.16966547603114,75.92606766354753
104.956,11.241802111204066,54.75091277459058,74.58501649212633
105.056,11.64774523843855,54.342747516057855,73.46511395271816
105.156,11.940914009695454,53.95595578900679,72.60033350733158
105.256,12.108117710097208,53.60168848129865,71.87759492058724
105.356,12.158743269816057,53.28808421210683,71.10096892552613
105.456,12.120721178224194,53.019634582233614,70.10682569713093
105.556,12.031805095995004,52.799310326764925,68.86066742561233
105.656,11.929256051704602,52.63096347079865,67.47700136942703
105.756,11.840089844525693,52.51919199198496,66.15542106932413
105.856,11.774274190780414,52.4660694257027,65.08125599465717
105.956,11.723805724887413,52.466818497476304,64.35585566183588
106.056,11.669198923446661,52.50726117185377,63.98886744411854
106.156,11.591096644547296,52.56449433420727,63.93481230893752
106.256,11.48109290601871,52.61042079755383,64.1337317749922
106.356,11.345632480533418,52.61696775635978,64.53132067931217
106.456,11.200730037628595,52.56193485964946,65.07780860106068
106.556,11.06093691968945,52.434410684929716,65.71157055969309
106.656,10.929805751743878,52.23821719207397,66.33451304276187
106.756,10.798189389278999,51.99171759060328,66.79831693694919
106.856,10.650985911301174,51.723493705235256,66.92594489455124
106.956,10.476846945343468,51.46536036916573,66.56949295713189
107.056,10.274581449320188,51.24513910778252,65.6735450036738
107.156,10.054318257248351,51.08089655031796,64.30767724229509
107.256,9.835387393687515,50.97749896228318,62.65240566111305
107.356,9.642999436264088,50.92644687694963,60.94618653627862
107.456,9.503818810574224,50.909855441937694,59.41584275717558
107.556,9.439460397648144,50.90800364110581,58.21820558823494
107.656,9.458086704882419,50.90804561402371,57.41462770603137
107.756,9.546828104098878,50.9106475830762,56.98273196138811
107.856,9.66912420312745,50.93174859201797,56.849145381968356
107.956,9.769338153738278,50.99829978066532,56.91831481997296
108.056,9.783500945228642,51.13948328382327,57.08650630712344
108.156,9.652819182094582,51.37714818001218,57.25364308234744
108.256,9.336766711077718,51.71932398420545,57.35089848696772
108.356,8.823776930478637,52.158698146132394,57.38065316746099
108.456,8.137653947535838,52.67561051247727,57.44017012341294
108.556,7.336641371786957,53.24392467288721,57.699923122055864
108.656,6.502095992146618,53.83805445076048,58.33519484711381
108.756,5.717173791221185,54.43950449024611,59.43963727461839
108.856,5.041738776353004,55.04109039150925,60.959440398790136
108.956,4.4938621561494045,55.647085693349545,62.680091958411296
109.056,4.047204773423427,56.26862052380503,64.28478734412755
109.156,3.646923436241689,56.91576140270496,65.4787206859111
109.256,3.2379860027582694,57.58981990603384,66.13193497382603
109.356,2.793645921123435,58.279810019302,66.3623335529904
109.456,2.330796860860737,58.96471358202769,66.50232262299056
109.556,1.90336546011455,59.619787681070136,66.96363311221974
109.656,1.5747045881100235,60.223229669932884,68.07348527988573
109.756,1.3821333088109,60.76033983722901,69.95509405054264
109.856,1.3133894751784752,61.224675538392795,72.4875467553824
109.956,1.3090545136204454,61.617374980506405,75.34988762670717
110.056,1.2897910040201808,61.94586269815195,78.14015156194203
110.156,1.1935592130408281,62.222282291787295,80.53776389624083
110.256,1.0044677455505138,62.461409542665464,82.44072758833805
110.356,0.7605908771433576,62.678048150034634,83.99689103298613
110.456,0.5374403460809063,62.884729339124874,85.5056887255007
110.556,0.41397427878234083,63.0909055624215,87.26033209017935
110.656,0.4365396937995314,63.30396485193748,89.43303450792229
110.756,0.5979778005202832,63.53087679042549,92.04703156706998
110.856,0.8419036188115356,63.778490587234806,95.00777857801938
110.956,1.0891123681221586,64.05114413081716,98.15034049144506
111.056,1.2709699057766741,64.34612533257997,101.28008536003271
111.156,1.3517742220350755,64.64989526706475,104.19620956530954
111.256,1.3313306966646223,64.93899150324083,106.69867315774923
111.356,1.232356014291554,65.18721679796788,108.6022842921069
111.456,1.084003420854927,65.37609973883212,109.78397331994199
111.556,0.910573238081696,65.50275729051903,110.2476922401163
111.656,0.7284863700227007,65.58080892860494,110.15246225107816
111.756,0.5495525059265916,65.6343120257844,109.7699595231131
111.856,0.3861670747297197,65.68836022367792,109.400009817328
111.956,0.2542340526748319,65.7608815825027,109.3020805435965
112.056,0.17130700248874575,65.85837072636811,109.66791677359626
112.156,0.14986815207225845,65.97560132080025,110.61136627093506
112.256,0.18847994922226974,66.09804206363786,112.14226457126779
112.356,0.2657310252626459,66.20627981545213,114.12559939676163
112.456,0.34184377285107814,66.2823265908935,116.2660077388233
112.556,0.3696271008896872,66.31653074045582,118.16146670387971
112.656,0.3112819792384869,66.31212809554427,119.42936757859516
112.756,0.1536525429554061,66.28476500580432,119.8518424279813
112.856,-0.08525668034238976,66.2568963386645,119.46149813585743
112.956,-0.36153620195531744,66.24969547861863,118.51784207245754
113.056,-0.6201046130073493,66.27607965327148,117.38954839619964
113.156,-0.8126645946613991,66.33747238755383,116.41222007516646
113.256,-0.9113450799728966,66.42507524549208,115.7990855040045
113.356,-0.9127134682388061,66.5248204489488,115.64127118724417
113.456,-0.8324898166145047,66.62414704731367,115.97233722751588
113.556,-0.6969082474830941,66.71797278639497,116.82825386324151
113.656,-0.5369450415216335,66.81088920711134,118.24236889700785
113.756,-0.3863594250707152,66.91374114506058,120.17148319316755
113.856,-0.2797712008951123,67.03572734820034,122.40761447094505
113.956,-0.24747596996036236,67.1762685919613,124.54856276990697
114.056,-0.30774413453270455,67.32160742303877,126.07414631865447
114.156,-0.46049302327389796,67.44852257676865,126.51901770202196
114.256,-0.6859192574812099,67.53331942076585,125.67006926615261
114.356,-0.9486547238927017,67.5613931017059,123.68579918271314
114.456,-1.2052975653519127,67.53295518019148,121.06970280061392
114.556,-1.4131991469380765,67.46306179001671,118.50859748665238
114.656,-1.5397823303643179,67.37664674220639,116.6487890122427
114.756,-1.5712218972621557,67.30067638853936,115.89574552731207
114.856,-1.5175071807751621,67.25603494932629,116.2990194282815
114.956,-1.411062364370352,67.25165619659383,117.5489954218449
115.056,-1.2983594168577852,67.28272652947292,119.08456178690341
115.156,-1.2258877728885622,67.33360273115903,120.29072138470877
115.256,-1.2236615445611534,67.38453494529902,120.73373279656516
115.356,-1.2922076731284164,67.41943929911918,120.33930474799473
115.456,-1.4001388867022442,67.43080574569946,119.41610176697523
115.556,-1.4956678238209022,67.41907891005975,118.50499017455877
115.656,-1.5279032869914815,67.38753385202548,118.14280973878039
115.756,-1.467705661525187,67.3369707371992,118.66577734843946
115.856,-1.3179434501379461,67.26457242806191,120.12348641954654
115.956,-1.1092867417124737,67.16803774356057,122.30354869058485
116.056,-0.8856260633721362,67.05214557120286,124.83199365975813
116.156,-0.6875005362370175,66.93296502995968,127.30488765166515
116.256,-0.5407595704566006,66.83627351643901,129.40409414273097
116.356,-0.45340512921212195,66.79034258448932,130.96094504475377
116.456,-0.41949399863255366,66.81650504632523,131.9576117975166
116.556,-0.4265028932461945,66.92188086752589,132.48135802207466
116.656,-0.46177372342476275,67.09726515086227,132.6607260791391
116.756,-0.5152888242402227,67.32063368147838,132.61279492829095
116.856,-0.5797952990025195,67.56434904411947,132.41599576163097
116.956,-0.6517078585017231,67.80295750659776,132.10413701283454
117.056,-0.7341001385972774,68.0188938357639,131.6728490908429
117.156,-0.838538643198298,68.20517205124996,131.099776828596
117.256,-0.9811885011322943,68.36591771239308,130.38119731392536
117.356,-1.173021883378162,68.5157247628299,129.5691970049332
117.456,-1.4099228757396105,68.67742905505693,128.77978582278595
117.556,-1.6698966829725563,68.87722684114159,128.15761264506688
117.656,-1.9202537392725887,69.13745781688446,127.81347085631046
117.756,-2.131352567891831,69.4694071587497,127.76906774829081
117.856,-2.2895103482809347,69.8690327250682,127.94213527453266
117.956,-2.4022739043399213,70.31717902823583,128.18765858331378
118.056,-2.4938881198155016,70.7838633056487,128.38068465308447
118.156,-2.5941449604290625,71.23495019746795,128.4960775401005
118.256,-2.7265375045148375,71.63927995502168,128.6347596004941
118.356,-2.9013073620381604,71.9746548647467,128.9746228684891
118.456,-3.1160607740190684,72.23162039168196,129.67015756060664
118.556,-3.3615385079495965,72.41454161294209,130.75904161715147
118.656,-3.6262774889237477,72.53992764026414,132.13418426088901
118.756,-3.896106723597981,72.63206198028166,133.59932364203033
118.856,-4.151191594662514,72.71600722714336,134.96664173750983
118.956,-4.367088896628182,72.80906251239388,136.12402564315317
119.056,-4.522861872371408,72.91400388145416,137.03173527135795
119.156,-4.612250919329455,73.01860906121304,137.67838919921394
119.256,-4.649955416752292,73.10334325927245,138.06370655785784
119.356,-4.668073672947642,73.15350415300556,138.2387121435441
119.456,-4.704646463903153,73.16816103169475,138.36328632636986
119.556,-4.7904844770471655,73.15989932606759,138.71156329578352
119.656,-4.939835424257019,73.14587884501044,139.58975363693838
119.756,-5.147886111556318,73.13670022238827,141.18950198919737
119.856,-5.395517425800001,73.13027025947,143.44485378248478
119.956,-5.658565755112981,73.11337422760063,145.97671539333595
120.056,-5.9162080009276465,73.06826827930546,148.1823468077088
120.156,-6.154011375060975,72.97948497152281,149.4566693703529
120.256,-6.361484907171949,72.83774595979904,149.44957342475865
120.356,-6.5275479476333444,72.64058993885989,148.22442053689986
120.456,-6.637751263184107,72.39062083427658,146.22301078938148
120.556,-6.675492557131314,72.09246199913584,144.0477343065944
120.656,-6.6271569513421085,71.74975026919941,142.18096755771913
120.756,-6.488508202606113,71.36359087809963,140.79732151338354
120.856,-6.2683290702074,70.9330434582274,139.7560937464788
120.956,-5.986900240754011,70.45692660003346,138.74447656635854
121.056,-5.6701799678265985,69.9358279247696,137.46645001244818
121.156,-5.342652210836924,69.37382466946248,135.7786719297415
121.256,-5.021663830060682,68.77977274318563,133.73251784918702
121.356,-4.714662265495363,68.16758292699801,131.53648568618118
121.456,-4.419478231377838,67.55485039617231,129.47803792454647
121.556,-4.127120956494281,66.96019361420664,127.84138008429173
121.656,-3.8258836338283686,66.40045424338491,126.84189584500362
121.756,-3.504992309583038,65.88857023923794,126.58295555052152
121.856,-3.156726319063452,65.4323724673202,127.03270956297274
121.956,-2.77766522262354,65.03459620794253,128.0168665424773
122.056,-2.3703303145296317,64.69432556666173,129.22843299610892
122.156,-1.9449620747852379,64.40921586400248,130.2641231534771
122.256,-1.5192142586246788,64.1768983727848,130.69872300657454
122.356,-1.11355293931193,63.994232155053105,130.19312915240522
122.456,-0.7428434465357299,63.854713737118416,128.602774010474
122.556,-0.4083320347184767,63.74598677548081,126.03105108375848
122.656,-0.09549178530605928,63.64949507767511,122.7855421724829
122.756,0.22034966862232608,63.543004041380286,119.24961784530089
122.856,0.5643031197703579,63.40516235698437,115.73635960998993
122.956,0.9539618443180302,63.22023520400172,112.3961270306734
123.056,1.3964504728763174,62.98096783133122,109.20939016109975
123.156,1.8900369173052525,62.688502494947095,106.05377258653661
123.256,2.4278024328673027,62.349850468230706,102.80733352703197
123.356,3.0007297577275978,61.97445304985465,99.43855653508957
123.456,3.5989146646849335,61.5713330834657,96.04289414334723
123.556,4.211426416311845,61.14761955764128,92.81510233410336
123.656,4.8262834593173665,60.70832917530099,89.97701934025402
123.756,5.431668232405681,60.256649263740094,87.69538002648167
123.856,6.018465309999165,59.79407287366903,86.02292986933702
123.956,6.583002916691534,59.3205817323306,84.8835422658907
124.056,7.128075969465911,58.83570472229294,84.10301752922601
124.156,7.660841890880654,58.34072605766185,83.4687405581631
124.256,8.188243094657931,57.84095669014796,82.79228314588933
124.356,8.712828883400924,57.3462738425225,81.95409243948785
124.456,9.231899222170313,56.868938332898054,80.92168557098265
124.556,9.739988076433225,56.41938372456669,79.74036696859307
124.656,10.231554996615927,56.001976921174546,78.49919878714843
124.756,10.700952968911302,55.61306711999063,77.28421897585075
124.856,11.139895732930498,55.24293780737469,76.14110512557203
124.956,11.535045518956213,54.88153150403818,75.06503356354591
125.056,11.8681606096706,54.5255480313727,74.01655245447317
125.156,12.11973600916885,54.18313985134735,72.94780310238833
125.256,12.275427448295346,53.873133166203154,71.82581649123715
125.356,12.33290297264552,53.618330514058215,70.6498879989571
125.456,12.30566901165676,53.4355910623032,69.46196353541393
125.556,12.221051181358362,53.327258107013634,68.3430725402296
125.656,12.11230045893803,53.27801172619509,67.39041947117774
125.756,12.008189521088156,53.25870288947801,66.6820741819199
125.856,11.924848673918994,53.23567384925815,66.2456961010574
125.956,11.863052127824385,53.18193748201104,66.04643878067765
126.056,11.811307198915024,53.0859345135329,66.00061318315994
126.156,11.752811234931286,52.95435913883666,66.00924147678046
126.256,11.67316919133956,52.807637351310476,65.99329188943874
126.356,11.565591689206457,52.66975441470624,65.90990762022231
126.456,11.43119527204594,52.557032219947,65.74234757624147
126.556,11.274190613547265,52.471220902241896,65.47679413539508
126.656,11.094831895262793,52.40004182719037,65.08967737984497
126.756,10.885239683138384,52.32443341735472,64.56040505908835
126.856,10.632131799454392,52.22848229684139,63.90202076128696
126.956,10.325968207321239,52.106905066558554,63.1833140327159
127.056,9.971482903314293,51.9664341833005,62.517201319775054
127.156,9.593720140732184,51.82099605251168,62.013752592066
127.256,9.236413648987675,51.68426492408101,61.724242687374385
127.356,8.952804138716704,51.5644686344433,61.612667501990174
127.456,8.791149431954551,51.464222198366805,61.575593327347605
127.556,8.779025736893146,51.384506192068805,61.50008984731153
127.656,8.911960294316135,51.3295356968795,61.32298950005483
127.756,9.15110313275789,51.30946884431511,61.05306175598565
127.856,9.431005480575799,51.339848126141504,60.74570500076963
127.956,9.674331939148068,51.43849368551399,60.456298594445755
128.056,9.808203480040426,51.62106640638544,60.21141377654766
128.156,9.77777050791937,51.89630282870917,60.01632142939464
128.256,9.555223510738806,52.26227341136759,59.88462775214889
128.356,9.14416943130179,52.7056147795439,59.85991881722042
128.456,8.578603593234735,53.205045965096055,60.008393599318836
128.556,7.9143273157103415,53.73829040666199,60.38469087836991
128.656,7.212318628383901,54.28917212878038,60.99335033411987
128.756,6.5190534149772645,54.851016966677875,61.771675924232596
128.856,5.853397662894128,55.42464379226504,62.60572086158791
128.956,5.207840720432891,56.012956331898515,63.37370067463307
129.056,4.563783203620222,56.61616516946456,64.00033331124088
129.156,3.9124291696360274,57.23013398237991,64.49887016102235
129.256,3.270054325615014,57.847266137520826,64.9768575043114
129.356,2.6796137129759856,58.45800908076989,65.59627093755829
129.456,2.197023344092159,59.05201216309315,66.5039264597267
129.556,1.8672102465816778,59.61910075210189,67.76460344107714
129.656,1.700354476029851,60.15010463690165,69.32727235491389
129.756,1.6605151270892549,60.63716939750851,71.0406464660809
129.856,1.674577597371247,61.073755355876614,72.7154966578294
129.956,1.6595261986706475,61.45545294571194,74.21089290698525
130.056,1.5557118464026232,61.782421971443185,75.50724991531108
130.156,1.350075259368758,62.06248046002349,76.73208185188648
130.256,1.0791058728624492,62.31233926997635,78.12570936092524
130.356,0.812432526030662,62.55500082149935,79.9597270868712
130.456,0.6263071405877838,62.81365919916642,82.43606058754789
130.556,0.5775153490326304,63.10456877858899,85.59794172883511
130.656,0.6851512459486813,63.431874418313086,89.2842760504581
130.756,0.9248049965117531,63.786426112145676,93.15509968831958
130.856,1.2371221883039922,64.1488820573686,96.79552829622973
130.956,1.547927601807217,64.49572522996456,99.86605686192851
131.056,1.791514422639061,64.80582171013667,102.2315049706964
131.156,1.9272621308024895,65.06510568713404,104.002040070379
131.256,1.944532281355265,65.26800481889923,105.4660670986448
131.356,1.8577744941682042,65.41602830428799,106.95410445035756
131.456,1.6970382011202219,65.5152457103716,108.69973059254897
131.556,1.4974641229433203,65.57410905554333,110.74904832943105
131.656,1.28938016422984,65.60187777271284,112.94349212621782
131.756,1.091694513761034,65.6072668773234,114.9827776664172
131.856,0.9120222553394086,65.59731621852345,116.55244445793818
131.956,0.7528692059917219,65.57707266516807,117.46275743315604
132.056,0.6173728524633333,65.55052099434913,117.72281771655125
132.156,0.5082598624355583,65.52234940413601,117.5061585949421
132.256,0.42089824144051846,65.49948746459,117.03759440599256
132.356,0.33817749665238495,65.4913734106522,116.48223796141332
132.456,0.23450354230327974,65.50836756366364,115.90490054451277
132.556,0.08899271199418735,65.55844442627887,115.30850237827013
132.656,-0.0996895458361422,65.64323331313942,114.70351405513657
132.756,-0.3066989081249858,65.75534076123574,114.14796909616993
132.856,-0.48817979515661136,65.87906451006891,113.73328526911615
132.956,-0.599817402168938,65.99547804833435,113.53904195504009
133.056,-0.617280812640189,66.09040129624655,113.59841880584506
133.156,-0.5473503392599,66.16126102479855,113.89868732609855
133.256,-0.42389890644924577,66.21845449100508,114.41131096876279
133.356,-0.2921998077881369,66.27957354383962,115.12470059283993
133.456,-0.19153415042249833,66.3592353992731,116.05003954758507
133.556,-0.14501984515873545,66.46040497949855,117.19007746560953
133.656,-0.15882999804548348,66.57266032007583,118.4887631927161
133.756,-0.22696303860409017,66.67860213467124,119.79408050960848
133.856,-0.336739554888176,66.7642052455396,120.86337579064363
133.956,-0.4727650461236692,66.82650733191906,121.42724487075779
134.056,-0.6195237102225875,66.87442611304863,121.29954050507607
134.156,-0.763567979330297,66.92318784586699,120.4799424899451
134.256,-0.8957450725052567,66.98599968818552,119.18026875320035
134.356,-1.012669761637234,67.06698030738531,117.74775512186588
134.456,-1.1159958570572641,67.15830490314382,116.5273804856019
134.556,-1.2090561281077044,67.24304104409602,115.74077775311935
134.656,-1.2924325068261595,67.30289126215605,115.44014485718805
134.756,-1.3612668586585386,67.32721687973405,115.54597478150635
134.856,-1.4065747990720467,67.31835556859019,115.93034233334416
134.956,-1.4204663178329469,67.29014383398936,116.48703455901799
135.056,-1.4021973237219996,67.26061211281431,117.14718600890612
135.156,-1.3607265638819257,67.24297403438494,117.84351941976831
135.256,-1.3115155078601504,67.23936646102328,118.46755124418286
135.356,-1.2693612596228405,67.23989194443243,118.87120898686933
135.456,-1.241874473468684,67.22707785578429,118.92683865363338
135.556,-1.2276894009594912,67.18390105334099,118.60484452084262
135.656,-1.2200922279489035,67.10214855560287,118.0081784272445
135.756,-1.2129655690308851,66.98737788465579,117.33904936162438
135.856,-1.2045770226979258,66.85791669704898,116.82602708241879
135.956,-1.1967747202156929,66.73834895770483,116.65705411895405
136.056,-1.1908807532883117,66.65104351326355,116.94126518289744
136.156,-1.1841037273287256,66.60995137858283,117.69434177469884
136.256,-1.1698979894685593,66.61867729273082,118.8350179388062
136.356,-1.142761665822924,66.67209968617931,120.19326638619353
136.456,-1.1044871609902671,66.75976957156328,121.54404725822039
136.556,-1.06736153353215,66.86961096602698,122.67430361559852
136.656,-1.0515251380159967,66.99078831103074,123.46470939820887
136.756,-1.0773688441839866,67.11503849753245,123.94441998264716
136.856,-1.1568525401757839,67.23689607039307,124.28153952993961
136.956,-1.2882811430294936,67.35433653767079,124.70644412747211
137.056,-1.4572182412594756,67.47079551216387,125.4047648706447
137.156,-1.6428085590915629,67.59729456311072,126.4312890108659
137.256,-1.8258319875840172,67.7519371728643,127.6789987826991
137.356,-1.994208781147286,67.95535941899658,128.90943270864517
137.456,-2.143543644192796,68.2237116533015,129.83097849425516
137.556,-2.2732561224351144,68.56250179668909,130.2019118983245
137.656,-2.3812073686801156,68.96392285575689,129.92834113272016
137.756,-2.4605005594859435,69.40835895827627,129.12248550785873
137.856,-2.501291269970828,69.86923477603399,128.0904557566988
137.956,-2.4979747602072564,70.31966053777147,127.24047447618435
138.056,-2.4582580472641737,70.73896663080706,126.94161688113599
138.156,-2.407911773013879,71.11695542823384,127.39607474798652
138.256,-2.386869547734868,71.45398427507907,128.58385434502884
138.356,-2.4379987868933384,71.75649080250763,130.29631605277262
138.456,-2.593916786611736,72.03000164280229,132.228017936176
138.556,-2.866570702149609,72.27340306049905,134.07734703242843
138.656,-3.24172672284962,72.47774273236294,135.617226582945
138.756,-3.67948610028629,72.63033591877684,136.7210161640311
138.856,-4.121795895016021,72.72207120456892,137.35261231694335
138.956,-4.50624844981165,72.7540046591549,137.5444468029144
139.056,-4.782345030365327,72.7395975467801,137.384089359306
139.156,-4.924546669624647,72.70139919534962,137.01235370990437
139.256,-4.9379864555907105,72.6640247016215,136.61956545538956
139.356,-4.856362664971108,72.64689531555273,136.42652480548867
139.456,-4.733856857474791,72.65983270881797,136.64907469373426
139.556,-4.632888882840014,72.70280515233597,137.45286592578134
139.656,-4.609409397366996,72.76871736394202,138.90332250217722
139.756,-4.698942453484328,72.84648139696029,140.91945452865963
139.856,-4.90822569354529,72.9221597972308,143.2535916853241
139.956,-5.216148543600262,72.97846592569063,145.52373639660053
140.056,-5.583257480451024,72.99505331209555,147.30513850319502
140.156,-5.964591327281838,72.95166086426701,148.25280328540163
140.256,-6.319677136809176,72.83346066439121,148.2044746334415
140.356,-6.616569125008958,72.63538169344989,147.22154342550704
140.456,-6.831165763458188,72.36228317859023,145.55438500562616
140.556,-6.94548778380944,72.02465389948138,143.54883922985616
140.656,-6.947797448757491,71.63258896112335,141.53132563722272
140.756,-6.834754697721465,71.19176897105399,139.71612187245736
140.856,-6.613773340080023,70.70360070554572,138.16580467044477
140.956,-6.303448433474109,70.16878235057645,136.81334693733695
141.056,-5.930777753329785,69.59129062741208,135.53385030787018
141.156,-5.525537679684227,68.97993538465181,134.23397013037226
141.256,-5.114129722022518,68.34713540752793,132.91188026873752
141.356,-4.7156350558763265,67.70701501822042,131.65255044774182
141.456,-4.340941805464105,67.07489755541626,130.56524514237168
141.556,-3.9938383348141,66.46806891373956,129.7069753380326
141.656,-3.6728483610671034,65.90585813970907,129.0368578273063
141.756,-3.3735573906186715,65.40746392257877,128.42047084542432
141.856,-3.0915149025150583,64.9877982235542,127.67681797730475
141.956,-2.824812812774155,64.65303842528193,126.64652360418475
142.056,-2.5740781506001156,64.3978067881685,125.2542247486482
142.156,-2.338029589963419,64.20534649382991,123.53843340098797
142.256,-2.1060070039829384,64.05123132716992,121.63569064086903
142.356,-1.8528546033553965,63.91006127315322,119.72899418637382
142.456,-1.5421611116568457,63.76305379610065,117.98396295102995
142.556,-1.1390064664171788,63.60304527563463,116.49484892333999
142.656,-0.6260480068782357,63.433851295810555,115.25763604394356
142.756,-0.013486898445172812,63.263879318833695,114.17774261151575
142.856,0.6627465403219546,63.097524169046785,113.10089117162073
142.956,1.3531267535092084,62.92952464378456,111.84555868632143
143.056,2.010745524355272,62.74575100205754,110.22971796474442
143.156,2.604963261543638,62.52966646955899,108.10535569381281
143.256,3.1282737980416826,62.26999152510312,105.41218968591059
143.356,3.5952352531461784,61.96487135551119,102.23488267021374
143.456,4.0349344714877695,61.62085009135863,98.82295138970132
143.556,4.479976119196465,61.24823346398172,95.53856685162788
143.656,4.955299641934538,60.855800817517185,92.73807918004857
143.756,5.470093142716255,60.447366830201915,90.63898640004442
143.856,6.015844984493672,60.02139528980081,89.23839760125695
143.956,6.571591863996634,59.57346069741314,88.32347603304466
144.056,7.1136647767771635,59.1002241504106,87.56905204405298
144.156,7.6249159669420195,58.603056382621695,86.67634964375057
144.256,8.099642679215869,58.089747858035786,85.4885855321959
144.356,8.543346307967738,57.57375991473801,84.03390964091054
144.456,8.968578230052909,57.07152218429606,82.48289064072381
144.556,9.389155267279659,56.59876264370733,81.0455409465433
144.656,9.815277368273463,56.16689785120627,79.85836143975284
144.756,10.250893417748728,55.78047220778325,78.91464459435439
144.856,10.692347274628514,55.43643969449273,78.06692869166135
144.956,11.126525421603834,55.12560147947712,77.09454082111534
145.056,11.529136396200396,54.8358715409013,75.80334622368791
145.156,11.866821540735238,54.55645592234074,74.11598834461257
145.256,12.106277515091975,54.28177294377296,72.11678490868694
145.356,12.228658291184583,54.01404705302963,70.03368594102086
145.456,12.24191090403852,53.763680083935284,68.16380112789288
145.556,12.182322868981899,53.54675583253984,66.77074016688172
145.656,12.101650042843552,53.379861904589674,65.99493676700325
145.756,12.04518794307485,53.27385306034477,65.81361938212389
145.856,12.03259322803779,53.229168360080045,66.06259733864668
145.956,12.051696059092656,53.23470912102924,66.50235308567925
146.056,12.067304839610305,53.270408545684795,66.89633439045971
146.156,12.039009323204613,53.31198184494711,67.07515701396296
146.256,11.939087546977063,53.33596242326432,66.97480302554358
146.356,11.76322568324779,53.32379549826784,66.64549645364302
146.456,11.530486443573068,53.26459225010925,66.22883894575631
146.556,11.273423888828844,53.15642222035021,65.90445014469036
146.656,11.023100737612367,53.00575206346073,65.81962771182616
146.756,10.795600944780738,52.824656417402615,66.02702394934953
146.856,10.586039329623368,52.626502307126096,66.4550780646781
146.956,10.373170069584134,52.42226989893998,66.92553940909741
147.056,10.13288373473955,52.21963521632713,67.2172270686334
147.156,9.85408761392086,52.024782677623286,67.15450838827371
147.256,9.548693837681686,51.844677569170344,66.67848419193614
147.356,9.250276500780991,51.6876491777427,65.86048900887235
147.456,9.002138776516716,51.562354868115094,64.85386310387683
147.556,8.841261018998292,51.476879577951046,63.823816064651766
147.656,8.785743954189115,51.439107687922196,62.90335593156941
147.756,8.829513913258292,51.45756652531835,62.189981387597484
147.856,8.943475106481092,51.54090557269091,61.759901955018776
147.956,9.080764807222458,51.69509074738601,61.668474821541864
148.056,9.184744840228163,51.91948812593324,61.92813431637087
148.156,9.199288782711772,52.20457683919274,62.4833925720728
148.256,9.080360258672155,52.53366306565621,63.21117765996564
148.356,8.806129436112023,52.88866224900021,63.95735534962873
148.456,8.381798635943309,53.25733904358669,64.59192795711645
148.556,7.836667215002986,53.638233606315595,65.04970403817964
148.656,7.214262142264918,54.04056636895405,65.33392789621692
148.756,6.559492271959243,54.47898307993392,65.4889712289249
148.856,5.907991143944834,54.96575709271347,65.5680008510947
148.956,5.281381054839233,55.504595375998576,65.61505756978745
149.056,4.689020466385912,56.08927033127607,65.66194827540956
149.156,4.134025151017546,56.70709213424686,65.73278051806538
149.256,3.6201609458568953,57.34410039047822,65.8531363869812
149.356,3.156240284887353,57.98837861593568,66.06119647429817
149.456,2.7556717399018495,58.630140107832716,66.41326604679448
149.556,2.4309141251025608,59.259872509136436,66.97722561352725
149.656,2.185206194882994,59.86679214036373,67.81528393548422
149.756,2.0059910832183476,60.43899191944957,68.96319442315179
149.856,1.8648429736779306,60.96513830399597,70.4140882116089
149.956,1.7262681143876577,61.43662306225398,72.11505152775402
150.056,1.5625555548717571,61.849111452380384,73.98343881814084
150.156,1.3672476568396519,62.2029501204479,75.94233213627548
150.256,1.1600376255932616,62.50250637537048,77.96032468794859
150.356,0.9806278664023083,62.755207562024054,80.07127453084578
150.456,0.8738147577326316,62.97124126436796,82.35626147673574
150.556,0.8705913829742045,63.163796446386684,84.89123566850404
150.656,0.9720914323233458,63.34823873791388,87.68836110727574
150.756,1.144531882821063,63.538768732984636,90.66949689983504
150.856,1.3298501421354558,63.74339799334069,93.6908565046186
150.956,1.4680735859427116,63.96038966550618,96.59903583655425
151.056,1.5205166409745061,64.1791834473764,99.27912490770422
151.156,1.4832421392120025,64.38606332816701,101.67509219755989
151.256,1.3856851309176221,64.57156773162664,103.79093967099936
151.356,1.2752820277085846,64.7352914589437,105.68270539318843
151.456,1.1941413362098103,64.88518414570106,107.43580010414158
151.556,1.158103098422977,65.03178692560083,109.12071619112345
151.656,1.1490051719984749,65.1809957372753,110.73793203779798
151.756,1.1248084402019316,65.32977456177576,112.18189863907602
151.856,1.04228470072227,65.46704284019299,113.25871897981276
151.956,0.8801065300754374,65.57840050947192,113.7720241141059
152.056,0.6507057770335791,65.65137622693453,113.64692131721722
152.156,0.3959547188825141,65.67880724372903,113.02138159492549
152.256,0.16988073346309562,65.66021298452772,112.23953185735292
152.356,0.016995650023460485,65.60225544538625,111.73814855463505
152.456,-0.0440963201209712,65.51890901677054,111.88267594771463
152.556,-0.02507328720264468,65.430792855192,112.83262022264287
152.656,0.040369229201466794,65.36257583818295,114.4888144625892
152.756,0.1114981995318729,65.33805149993141,116.52761833505173
152.856,0.15392458514786966,65.37389617651291,118.49472784733229
152.956,0.14653742518841995,65.47421198664672,119.92495743614657
153.056,0.08262307478630504,65.62811281538751,120.46242449987591
153.156,-0.03158558650715548,65.81187681755829,119.96102302662914
153.256,-0.17875768394245029,65.99572911565112,118.54067942735006
153.356,-0.3328854747049306,66.1533343412845,116.57122703069888
153.456,-0.4638549984764069,66.27032613476439,114.57305017431355
153.556,-0.5451359576534855,66.3480098008786,113.06306992423734
153.656,-0.5629392538591134,66.4004338845136,112.40564707824413
153.756,-0.522465848830926,66.44637913432335,112.72198276438539
153.856,-0.4471058649220012,66.50052654109982,113.87742145148533
153.956,-0.3703013444096115,66.56846054414736,115.53529480165557
154.056,-0.32412696787826434,66.64769328151144,117.25452673078715
154.156,-0.3300891775211596,66.73294732681347,118.60706827328406
154.256,-0.39571123478514636,66.82131048738239,119.28755148295343
154.356,-0.5168040253784127,66.91350760949983,119.18373968646927
154.456,-0.6821790281394016,67.01085982890615,118.385450437174
154.556,-0.8769534535919732,67.11099553370721,117.1345469697255
154.656,-1.082847676398039,67.20630325040433,115.7430667175131
154.756,-1.2771121463539714,67.28657705165674,114.51225142719196
154.856,-1.4335362083449041,67.34345707906503,113.67161215102928
154.956,-1.527967901686317,67.372799470952,113.33974728695239
155.056,-1.5471098551724367,67.37343777519332,113.50326549304606
155.156,-1.4956541539759343,67.34440672253056,114.01876088339804
155.256,-1.3967020364610079,67.28405818486,114.65096847464815
155.356,-1.2842470663923322,67.19262406508382,115.15160238990603
155.456,-1.1907587959872217,67.07646387727421,115.35836155098994
155.556,-1.1350159770593606,66.95015830166781,115.27185599732974
155.656,-1.115582256075463,66.83355379489747,115.06954187796987
155.756,-1.113675552220819,66.74437128348745,115.0412597536941
155.856,-1.1048259760350447,66.69038430377621,115.46687512918439
155.956,-1.0732304559146257,66.66580233770088,116.48697490994738
156.056,-1.0203520123102905,66.6541779014912,118.02747785004948
156.156,-0.9627577002483463,66.63674099578657,119.81812525087568
156.256,-0.921242030615467,66.60229127396474,121.49902375649475
156.356,-0.9086029350834508,66.55371080677398,122.76299071997846
156.456,-0.923430393190884,66.5075918943783,123.46334924350705
156.556,-0.9527802330104151,66.48706795687568,123.64028239796804
156.656,-0.9811732990885673,66.51156058774036,123.46895217778268
156.756,-1.0002249701202501,66.5885410150996,123.1737885309183
156.856,-1.013806783144311,66.71115582665854,122.95670178378407
156.956,-1.0368814066177805,66.8627572252465,122.95751839246319
157.056,-1.0892088839752958,67.02616450688915,123.23777376354207
157.156,-1.1865401967380222,67.19309202038399,123.77782476794846
157.256,-1.3326324026175485,67.368947656263,124.488100638448
157.356,-1.5155509788665,67.57060027107401,125.23687269169716
157.456,-1.709883644332848,67.81856961043579,125.89196749524419
157.556,-1.883624410450814,68.12797103041038,126.3693459365077
157.656,-2.007478930986771,68.50251525969622,126.6728657498908
157.756,-2.0649651838800764,68.93336817078641,126.90179831279787
157.856,-2.061174296672881,69.40195746714231,127.21076245209483
157.956,-2.0264074428642758,69.88456446229881,127.73151902943292
158.056,-2.0109662436794125,70.35684316946029,128.49305784033243
158.156,-2.070794640025113,70.7974197298109,129.38678495625146
158.256,-2.2489281712636,71.19054226233453,130.20354768005814
158.356,-2.560738056670168,71.52786462213345,130.72847055263566
158.456,-2.9887867080809656,71.80899697179812,130.84797329658937
158.556,-3.4878076143908956,72.04012673055405,130.61742854756358
158.656,-3.996484852491747,72.23042262940102,130.25437864595594
158.756,-4.451757319270143,72.38713610291796,130.056564392715
158.856,-4.801904586872858,72.5116792131504,130.28282966978733
158.956,-5.016078809705064,72.59924543717182,131.0508826884316
159.056,-5.089639639604044,72.642838652476,132.2905402836549
159.156,-5.0449793799093285,72.63981835210318,133.76701262537387
159.256,-4.927021703362776,72.59747917887908,135.1711262120391
159.356,-4.7937056143796895,72.53467470249213,136.25078209091512
159.456,-4.703976032067878,72.47815104705485,136.92800640681327
159.556,-4.706346090728999,72.45431676163398,137.33753684616914
159.656,-4.829835543178369,72.47938662972143,137.75839871852472
159.756,-5.078129213049571,72.55215257285785,138.46929881675405
159.856,-5.428235395211566,72.65279326913374,139.6004212666779
159.956,-5.835454219368266,72.74841657656141,141.0543926972056
160.056,-6.244677924717394,72.80309599158271,142.5329468249135
160.156,-6.604309299573025,72.78838679986659,143.65556873002828
160.256,-6.877341713358149,72.69014069483511,144.1143717817938
160.356,-7.046304182818311,72.50902645303918,143.79090798948098
160.456,-7.111943639575422,72.25525025687632,142.77833664947508
160.556,-7.086903516264741,71.94094189524847,141.30685213804597
160.656,-6.986369202211158,71.5743410682855,139.628126493349
160.756,-6.819496301887753,71.1580310049881,137.92845196254842
160.856,-6.586570095593309,70.69098003787562,136.3036651493084
160.956,-6.283968067516348,70.17260757551593,134.78241433124418
161.056,-5.913282188992959,69.6065773938599,133.36544498005526
161.156,-5.487836491410576,69.0025111103833,132.05830735347453
161.256,-5.032319994714818,68.37527121900872,130.8903574855004
161.356,-4.576536501960554,67.74285595027975,129.91726130164798
161.456,-4.147505978129928,67.12404808756551,129.20238015267975
161.556,-3.7635052595151564,66.53605029793997,128.77871036758714
161.656,-3.4311226581181202,65.99193781386457,128.60732839111785
161.756,-3.144861994426755,65.49849705507937,128.5567007229908
161.856,-2.8890051513768285,65.05576971512818,128.42197877773276
161.956,-2.6419699990843455,64.65915616037441,127.98630258796155
162.056,-2.3827688603070953,64.30341942387523,127.10137359784548
162.156,-2.0974031422710837,63.986446852327994,125.7448712254257
162.256,-1.7819769170782251,63.710294637163756,124.01879541755963
162.356,-1.4408127106125121,63.478549287636405,122.08843801300395
162.456,-1.0810194676786011,63.29174221913192,120.099302132883
162.556,-0.706745644856646,63.14427578467681,118.1211961400785
162.656,-0.31564362069193663,63.02514526444058,116.14903522198193
162.756,0.10130923250861912,62.92133802692966,114.15011035038935
162.856,0.5565045166890314,62.8204575334811,112.11468483580995
162.956,1.0601141823896185,62.71044016813874,110.06989276645464
163.056,1.614699765971423,62.57777108099521,108.05416563022368
163.156,2.2124146898589245,62.40744663375384,106.08345142494287
163.256,2.835911129228606,62.18631010813175,104.13993567511594
163.356,3.462737847828052,61.908184289723586,102.18786261630312
163.456,4.071820852888166,61.57737341926436,100.20073963878808
163.556,4.649564481677714,61.207901385698186,98.18326545758298
163.656,5.193271972675923,60.81839017602383,96.1805995093264
163.756,5.71114602251728,60.42487615677905,94.27437670774405
163.856,6.219432739652856,60.03480355966445,92.5631921587154
163.956,6.737458271223041,59.64473598517433,91.12361359229445
164.056,7.281441014540551,59.24258528432072,89.96139762370835
164.156,7.8586740148058425,58.81329126343197,88.98349445160798
164.256,8.463925634952489,58.345637620840414,88.0201544909738
164.356,9.07905219535855,57.83756641902192,86.8941399032866
164.456,9.675854544999353,57.29805786993481,85.49792063966456
164.556,10.221967319437741,56.74529354405215,83.8332376027998
164.656,10.689290470305295,56.2025764549545,81.99581523908056
164.756,11.063066009014335,55.693924677362666,80.12348104310367
164.856,11.34761031534778,55.24015248520457,78.33882775451178
164.956,11.564308080274778,54.85530018174388,76.7083988212661
165.056,11.741072910664052,54.54377232594423,75.22944466476913
165.156,11.898728423099922,54.29943273078143,73.8494363628096
165.256,12.042998015828854,54.10759540183549,72.51317580187289
165.356,12.166746479245184,53.94960619557688,71.21592999914466
165.456,12.259028380747047,53.8086955737151,70.0327564563049
165.556,12.313245491508617,53.675221104965544,69.10502893015038
165.656,12.329690872084598,53.54916736325305,68.58797218968103
165.756,12.313637584674979,53.438474725593856,68.58188372101195
165.856,12.27272453859495,53.35376104311798,69.07640222503085
165.956,12.215360233794293,53.30194711548014,69.93249455692604
166.056,12.149044312320214,53.281602219703345,70.91239830876304
166.156,12.077351546369776,53.28164821034587,71.74557643214483
166.256,11.99619678241815,53.28364331063037,72.19962162053338
166.356,11.89167087085783,53.266801326153775,72.12581181549966
166.456,11.742074544437745,53.21408262304052,71.47154108862557
166.556,11.525234265779972,53.1171752098824,70.27475888804243
166.656,11.2290244722846,52.97832090487996,68.65770226754809
166.756,10.860222971314709,52.808065052728644,66.82127543558018
166.856,10.446774282041467,52.620054203451275,65.02714782665727
166.956,10.031674604137418,52.42590616440594,63.55538882690402
167.056,9.660892823124954,52.23313757669157,62.638286357111326
167.156,9.370269351023815,52.04666248325458,62.38651412297541
167.256,9.176387817974643,51.87158086508354,62.735722383315675
167.356,9.07486031643073,51.71459399079274,63.44491211586231
167.456,9.046611049322955,51.5835678599189,64.16607380032546
167.556,9.068674459580876,51.486850766667395,64.57309562453376
167.656,9.12282976760834,51.433692539095276,64.49617230287625
167.756,9.196221762136119,51.435209433155286,63.98747159476629
167.856,9.273731209041468,51.5040907029602,63.27548991753744
167.956,9.3288318041329,51.65182460199963,62.63556299128199
168.056,9.322066974768433,51.884061149343744,62.2556646536747
168.156,9.210978991547602,52.19645393545386,62.170270699496626
168.256,8.96645720914092,52.57362858771289,62.28432999646904
168.356,8.585665371989805,52.99243161298063,62.454916581352975
168.456,8.093892919857268,53.42835088527147,62.573155980097454
168.556,7.534176759620632,53.862531896002665,62.60541767184357
168.656,6.950571001179323,54.286797099179225,62.591882633047305
168.756,6.374622050416754,54.7050566605564,62.62454138978853
168.856,5.821779193043234,55.130876608856624,62.81886575935336
168.956,5.296801837731763,55.582372964621975,63.27632361049663
169.056,4.801298912762533,56.07641284577244,64.03689533514874
169.156,4.337276690482227,56.62379119031882,65.04018293478474
169.256,3.9061082259428197,57.22614473657786,66.12456954970874
169.356,3.506550590083023,57.87486504692134,67.07783062700165
169.456,3.134913194123513,58.55212941067815,67.7199620759352
169.556,2.7873264449850197,59.233736176489074,67.97835597130593
169.656,2.4619981162438833,59.892915422275884,67.92302621857681
169.756,2.159786034361069,60.50428177744494,67.75364387709274
169.856,1.8833784355582566,61.047453580376256,67.74867858849257
169.956,1.636786008043174,61.510088765055464,68.19371347357317
170.056,1.4261068052662793,61.89002171408461,69.30993336843711
170.156,1.2602084710236028,62.19588256784525,71.20612017763696
170.256,1.148957763224253,62.44538778108974,73.86733278249972
170.356,1.0989658791484516,62.66103465165794,77.17214500302678
170.456,1.1099006226912635,62.86430935694252,80.91900038148218
170.556,1.1736921051132896,63.07074432545765,84.85144696520706
170.656,1.2754853144131104,63.287901495230784,88.68541523181916
170.756,1.3945604386618982,63.51649166547137,92.14447495730572
170.856,1.5061945196681847,63.752963973728534,95.00575840417183
170.956,1.586149632902682,63.99158020789341,97.15355139558044
171.056,1.616503647748722,64.22519195698354,98.62544411284118
171.156,1.5896473965855975,64.44554763102738,99.62431524466776
171.256,1.50915057915865,64.64458522494556,100.47280762431896
171.356,1.3884859172332042,64.81696963950603,101.50939500085963
171.456,1.2480091729092848,64.96217698182956,102.959120893191
171.556,1.1092741929588428,65.08403571045636,104.83886716061383
171.656,0.9876117994458724,65.1875301685593,106.95093966470208
171.756,0.8873015542635443,65.27508135405392,108.97379858122423
171.856,0.8028293224778551,65.34515760749574,110.60220284129778
171.956,0.7241903319321423,65.39421772727361,111.65991714871294
172.056,0.6406826946658342,65.42023398210758,112.12886750450105
172.156,0.5404852805600768,65.42505877048896,112.09713657420258
172.256,0.40898084043256944,65.41451439110125,111.68052573525605
172.356,0.2309425822270157,65.39714303808744,110.97821655410081
172.456,-0.0016794684497227763,65.38285830415182,110.08362689344864
172.556,-0.2799361725617189,65.3817750542534,109.12546438097905
172.656,-0.5723063897262719,65.40292874815214,108.29613627371157
172.756,-0.8286794957833763,65.45278670347106,107.83725777746233
172.856,-0.9951675380525487,65.53370930154668,107.97782471124069
172.956,-1.0345574531866149,65.64254134338081,108.84805414271574
173.056,-0.941916938882386,65.76972246990495,110.41133934568936
173.156,-0.7466133692639687,65.89997418553114,112.45334567388747
173.256,-0.5005649157723511,66.01589877113385,114.63857967850973
173.356,-0.26007738710180917,66.10441018709301,116.61102890439764
173.456,-0.06976794768750949,66.16321042193574,118.0982582972077
173.556,0.04626722348849199,66.20300904689111,118.97996928561221
173.656,0.08492799389070882,66.24286813299435,119.29566025651289
173.756,0.05817305176513088,66.30025392309508,119.19097181617312
173.856,-0.015685604949524645,66.38121790615924,118.83162647908512
173.956,-0.1197824153980207,66.47667462853673,118.32637545173179
174.056,-0.24337893639258823,66.56720342228232,117.68752033922215
174.156,-0.38293640934738704,66.63357737476532,116.83745253290499
174.256,-0.5399551108905811,66.66710667047582,115.65785702515763
174.356,-0.716237591555192,66.67459124481874,114.06869322840731
174.456,-0.9078864499193813,66.67582962704337,112.10895093942491
174.556,-1.100517304361091,66.69503103863516,109.97972151356669
174.656,-1.268926593600348,66.74994749622721,108.01869762248614
174.756,-1.3835036796922537,66.84344280346131,106.60590303836796
174.856,-1.4222077936529587,66.96104113168363,106.03504295060128
174.956,-1.3821222501370798,67.07525022870007,106.4024727159919
175.056,-1.2827763078225374,67.1546827696563,107.56062573211938
175.156,-1.1582707049522085,67.17444350204278,109.16012462028965
175.256,-1.0432687730633816,67.12416790059346,110.77019236559053
175.356,-0.9613107433979167,67.01114716076934,112.02887034486821
175.456,-0.920641403876445,66.85755919193527,112.75366836092044
175.556,-0.9173431993566581,66.6925790852628,112.96288431273223
175.656,-0.9419843754790378,66.542093578248,112.81326936780832
175.756,-0.9852700792299842,66.42030104493035,112.50859039394007
175.856,-1.040081785930461,66.32710504924582,112.23547400898809
175.956,-1.1003857046386187,66.25235508346093,112.14415810730856
176.056,-1.1595889703871478,66.18442204266698,112.35368081118267
176.156,-1.210922534537687,66.11868701298869,112.95069172557234
176.256,-1.2506494915288329,66.06206405128816,113.96537783973906
176.356,-1.2820592972314486,66.0318862622824,115.33451736967041
176.456,-1.316040056173513,66.04995002733388,116.8870022419434
176.556,-1.3654213445074248,66.13404117284075,118.38894861954074
176.656,-1.4355135278551785,66.28979365711,119.64629083114971
176.756,-1.517647308763479,66.50598039711365,120.60514557073878
176.856,-1.5915410581628606,66.75604975250567,121.37511986906071
176.956,-1.6365165034444829,67.00663245918776,122.15712266630737
177.056,-1.644855182817082,67.23008955069322,123.13032746349538
177.156,-1.627899708976372,67.41551412320237,124.36825748414753
177.256,-1.610229270865041,67.57309317519245,125.81254348895501
177.356,-1.6162982978161367,67.72997202896347,127.29239592980434
177.456,-1.6590850391916518,67.9197345905352,128.5695526029277
177.556,-1.7373957574445242,68.17027590674434,129.3991129599748
177.656,-1.8414403798047019,68.49491469593757,129.60313221082552
177.756,-1.9613320764773476,68.88935043439898,129.14503311431238
177.856,-2.0930208314491807,69.33424463082468,128.17519916980382
177.956,-2.2395580545197404,69.80141175716766,127.01262141542023
178.056,-2.4088760503817213,70.26116918758719,126.05220047554297
178.156,-2.6098640690427644,70.68873516576795,125.63285408731952
178.256,-2.847737586645607,71.06815192210728,125.92982817279471
178.356,-3.1200004190115607,71.39301472626748,126.91804142716964
178.456,-3.4149670535968397,71.66442844318125,128.40923650816282
178.556,-3.7139170088405464,71.88771647722625,130.13255404005886
178.656,-3.9959818145253223,72.06961914638708,131.82180353959797
178.756,-4.243266995931343,72.2167917196008,133.28346186051937
178.856,-4.443445441034527,72.33533708549037,134.43311065152014
178.956,-4.589109416265224,72.43083594575936,135.29597835720577
179.056,-4.676539621453969,72.50850776367544,135.9696448900269
179.156,-4.707533689685235,72.57310359276885,136.55450879829814
179.256,-4.6947097313767685,72.62821296746888,137.07868742616265
179.356,-4.666192554339105,72.67523949517268,137.46517002076524
179.456,-4.664069842553815,72.7128562934573,137.58009717056842
179.556,-4.733951592072877,72.73762693165025,137.3494123762337
179.656,-4.908535552897575,72.74565700490602,136.86895961840207
179.756,-5.192737304467677,72.7342720538343,136.41973595922622
179.856,-5.558544905819012,72.7026239509423,136.36114304983911
179.956,-5.953460033595839,72.65096050893183,136.9613188759811
180.056,-6.31918785889993,72.5792533178001,138.25894592208545
180.156,-6.611154827014211,72.48608584107396,140.02039740768586
180.256,-6.80902087492732,72.36813747491794,141.80561713974384
180.356,-6.914797077700264,72.22005272582582,143.11742538949835
180.456,-6.9428253827473725,72.03451516995503,143.5780381301091
180.556,-6.908151754021638,71.80261443574426,143.0572321048445
180.656,-6.817799857645092,71.51471388887238,141.69172522363
180.756,-6.66779525066044,71.16210788539782,139.79076022828883
180.856,-6.447498663316225,70.73951563920741,137.6867096066257
180.956,-6.149515587871093,70.24746655869008,135.6154521449301
181.056,-5.779678465125784,69.69285982104498,133.68083126816612
181.156,-5.361342288737859,69.08701871484573,131.8961879315945
181.256,-4.931864471119269,68.44296155688828,130.24996692710423
181.356,-4.5328962755886835,67.77470694965325,128.74322621674628
181.456,-4.197874010324476,67.09941658921122,127.3857705755886
181.556,-3.9410783291369924,66.43967664337403,126.17433731086132
181.656,-3.752791500967291,65.82199373408297,125.08236120220064
181.756,-3.6026842915921122,65.27046464268666,124.0711949598801
181.856,-3.4497999915896216,64.79911352399755,123.10797268885017
181.956,-3.2554679204321246,64.4081335621833,122.16787150210419
182.056,-2.9950379956950783,64.08648716857428,121.21903878213183
182.156,-2.6640310737402473,63.81876797357692,120.2146000434291
182.256,-2.2758947312707036,63.59189150365995,119.11165938373011
182.356,-1.8530784143505343,63.3982438975677,117.90452172323538
182.456,-1.4165702193479532,63.23473221413075,116.63952614387784
182.556,-0.9782338332374181,63.099566835011345,115.39368464897606
182.656,-0.5379052521844159,62.98914959778364,114.22704586494987
182.756,-0.08591237315574318,62.89622765807243,113.13302720131696
182.856,0.3899083400860448,62.80918598071851,112.01156844413077
182.956,0.8961493684964452,62.71233957213572,110.6833509006052
183.056,1.4291712206854967,62.587682414679435,108.94704218792961
183.156,1.9762697665789801,62.418367933305,106.65981871534191
183.256,2.52163415050056,62.19311264007419,103.808075374476
183.356,3.0536060375566336,61.90965407065323,100.53724013549905
183.456,3.5696975912908613,61.575276159309006,97.12458130566144
183.556,4.077779499345336,61.203670938215,93.90149821580766
183.656,4.5938193559202105,60.80942096965281,91.15409597321334
183.756,5.13710719099506,60.40268227442254,89.04234184401791
183.856,5.7239294913001295,59.98636422871482,87.56999200378122
183.956,6.361151248090511,59.556739280507465,86.61089898194709
184.056,7.041442752552719,59.10694113857314,85.96840753365798
184.156,7.741681358838054,58.63181638502112,85.43424526140483
184.256,8.426021336665201,58.132295675245444,84.82748181027267
184.356,9.054517852967322,57.61779709450192,84.01713194592134
184.456,9.59565776735694,57.10581614759764,82.94134748249476
184.556,10.03768840619188,56.61852328378863,81.6236561079762
184.656,10.392454307815076,56.17704533105523,80.16887315947106
184.756,10.68867266473637,55.79516958193058,78.7248432046955
184.856,10.957656410930944,55.47489400108181,77.42354679339842
184.956,11.219083769444968,55.205965812290906,76.33521192945811
185.056,11.47406329418245,54.97010022315397,75.45696330519266
185.156,11.708026041261583,54.74823478963624,74.72909519543005
185.256,11.90061474130978,54.52727112916089,74.06050235297896
185.356,12.03680899294848,54.30309547601817,73.3553224662936
185.456,12.113753056597957,54.07942129382208,72.54146516506088
185.556,12.140560680474575,53.864770129449916,71.59496164326909
185.656,12.132243921276835,53.67003073401303,70.54687523618036
185.756,12.101748576572895,53.50680017404369,69.46785164910304
185.856,12.05472200868303,53.385136046782925,68.44100699948586
185.956,11.990013749652416,53.310244414334555,67.5384626786501
186.056,11.905252507008079,53.279459189316476,66.8084834691023
186.156,11.802862594448435,53.28130883841037,66.27147978036159
186.256,11.691082952343088,53.297333920778094,65.92143663561065
186.356,11.578612232147556,53.30604242880947,65.73165933088022
186.456,11.467199167423665,53.28786988422046,65.66548657197733
186.556,11.348430875486528,53.22996555479354,65.69063270344145
186.656,11.207345215551953,53.129479881711156,65.78934256595389
186.756,11.029985982572342,52.99383500580478,65.9537284208029
186.856,10.809763606987886,52.83701241707504,66.16683969669542
186.956,10.549843434401975,52.672838340578565,66.38637267941786
187.056,10.26244280748217,52.508715256710275,66.5474557049935
187.156,9.967031958799755,52.343882328464574,66.58276355667965
187.256,9.687934080734681,52.17373529995169,66.44479683215948
187.356,9.450576585103118,51.99764864510721,66.11848043157818
187.456,9.276325384204046,51.82533498994067,65.62340042571249
187.556,9.177331178654637,51.67778677547013,65.01240274845804
187.656,9.15326692751741,51.58223639571253,64.370823681693
187.756,9.190820613020655,51.56375672370167,63.80985093949903
187.856,9.265369745449561,51.63731464779749,63.44271747354735
187.956,9.343547616296377,51.80337445991133,63.34628168361648
188.056,9.385955373019428,52.0484703479234,63.530427186344255
188.156,9.350840976304628,52.35024072589351,63.936909146144714
188.256,9.20051701132845,52.68487269367266,64.46517845837629
188.356,8.91045432833996,53.03435845032783,65.00299921240892
188.456,8.477163592438032,53.39135360360934,65.44498210892029
188.556,7.919632980757076,53.76016105191991,65.70167059173849
188.656,7.272902811392079,54.15342506499592,65.71244804101833
188.756,6.5780298316271875,54.58577541949625,65.46929227212551
188.856,5.874609138431012,55.067168509963416,65.04307321112898
188.956,5.198492907556595,55.59883662001289,64.59002915984283
189.056,4.581964478746606,56.17338067688165,64.31473602739531
189.156,4.051601921209393,56.77830713945872,64.38884624667256
189.256,3.6223764120932884,57.400355907509166,64.86355506141679
189.356,3.29192631621423,58.02780793377061,65.63398863286301
189.456,3.0408848869036404,58.65003592267057,66.49129000631208
189.556,2.8412187805997533,59.256035424851994,67.24480922228882
189.656,2.6682704852877706,59.83425626671681,67.8465569746946
189.756,2.509363948556505,60.374495001044764,68.4391579195104
189.856,2.3643930227256647,60.87055210286075,69.29320283313814
189.956,2.239194419591932,61.32155686891401,70.67202127734285
190.056,2.136904383829105,61.730878229941894,72.70492643875504
190.156,2.053165693940386,62.10341804559332,75.33431873265644
190.256,1.9776741131055005,62.44313650949353,78.34931186698037
190.356,1.8998247785351694,62.75202573946873,81.47118294357693
190.456,1.813860460079141,63.03038805425247,84.44114153691751
190.556,1.720279875014242,63.277825527641895,87.07788307070327
190.656,1.6234777088833638,63.49479140091061,89.29948626648962
190.756,1.528017817651886,63.68441697293169,91.12066358555454
190.856,1.4363096893215683,63.85337424300526,92.63752995818646
190.956,1.3489922848736882,64.01030772277984,94.00413774538099
191.056,1.2670929387097445,64.16188379728486,95.39587991034523
191.156,1.1934052470870427,64.3088209980729,96.9532780825513
191.256,1.1308443246873665,64.44516699958143,98.71334519744156
191.356,1.0781160455893328,64.56212768688319,100.55935473319954
191.456,1.0259316036146373,64.65426620018525,102.23015821893304
191.556,0.9573659183073246,64.72405127876426,103.40761064149692
191.656,0.8536936666964365,64.78200817463265,103.85528701601146
191.756,0.7043690252546355,64.84262544165658,103.54529925802751
191.856,0.517406518426391,64.91842070556164,102.70690694209587
191.956,0.32381613722176894,65.01502359442097,101.76410155878679
192.056,0.16928923679457597,65.12906808623822,101.18423815670077
192.156,0.0925449353190615,65.24924085325185,101.30686444090514
192.256,0.10153966971666506,65.35993850657852,102.23112259841075
192.356,0.1643526127146373,65.44656717218442,103.80367138562181
192.456,0.22162349802297143,65.50100893717456,105.69286058042877
192.556,0.2116247682487824,65.52531355225807,107.50022970054323
192.656,0.09373380559914324,65.53197066233103,108.86755435047232
192.756,-0.1379737512287278,65.5402867859527,109.56487631637859
192.856,-0.4520635893945055,65.56983696426724,109.55441304899418
192.956,-0.7864487048260074,65.63318509287355,109.01112115380062
193.056,-1.0640261858424012,65.73071427670881,108.27387367972383
193.156,-1.216844889211501,65.85001857087715,107.72750481043863
193.256,-1.212665973112827,65.97062475454135,107.66205429858957
193.356,-1.0698392190061838,66.0723177211021,108.17852748565602
193.456,-0.8487625336505715,66.14340457168574,109.18449741074753
193.556,-0.6243059408705491,66.18524582443526,110.46938443185476
193.656,-0.4570946116986221,66.21124122363935,111.81030176773294
193.756,-0.3783460290620084,66.24076907937643,113.05410852932309
193.856,-0.39018974656399763,66.29038887087076,114.1418914351988
193.956,-0.47488667376330085,66.36596040746207,115.07469053597467
194.056,-0.6058079487953947,66.45968090440414,115.84974519420453
194.156,-0.7563888834056485,66.55409828151258,116.40902577473145
194.256,-0.9059922005392593,66.63121991504758,116.63081037487291
194.356,-1.0420539623819423,66.68170126555913,116.37003476047516
194.456,-1.158028856893175,66.70921665443828,115.52751237012836
194.556,-1.2487567505910704,66.72795954832974,114.11315248406001
194.656,-1.3073432247990908,66.75456490881831,112.27108298138677
194.756,-1.3269134159956266,66.79820679854134,110.25278832725041
194.856,-1.3062877073069714,66.85381926786167,108.34822798568186
194.956,-1.254429882046601,66.90264826310468,106.80456158371993
195.056,-1.188513771307143,66.92088458505695,105.77031971163598
195.156,-1.1253085662555975,66.89209462765383,105.29365509340195
195.256,-1.0716575298605306,66.8162669609312,105.37172676513273
195.356,-1.021829388999727,66.71039739590432,106.00595165252761
195.456,-0.9645437367885421,66.60091952466566,107.20580344851211
195.556,-0.8938546585348774,66.51238562047664,108.92914608270368
195.656,-0.8149247064735619,66.45738521915186,111.01114170493702
195.756,-0.7419064491563816,66.43122034913152,113.15112716187971
195.856,-0.6920837277488587,66.41321896432555,114.98379356415435
195.956,-0.6802656254431696,66.37482833860754,116.20198412948469
196.056,-0.7142730665425319,66.29228077545058,116.67116533934652
196.156,-0.7922227357088687,66.15938245131056,116.48879076577404
196.256,-0.903556873480305,65.99547913885252,115.97055662711614
196.356,-1.0344449493479573,65.84545377823217,115.5679161033514
196.456,-1.1748784601013327,65.77118686210002,115.73710586309622
196.556,-1.3229196399801424,65.83558890413876,116.79359258885762
196.656,-1.4828612373127683,66.08161648023676,118.79224388249656
196.756,-1.6577812663562312,66.51126108595825,121.47254552236888
196.856,-1.840969768865648,67.07296026284293,124.30433888428047
196.956,-2.012018538976797,67.6670219730639,126.64997732992245
197.056,-2.141013019842383,68.17394816207845,128.00446321843106
197.156,,,
197.256,-2.1792591005876005,68.61358355527784,127.4916558638607
197.356,-2.094497045488829,68.56778093704783,126.36037750291712
197.456,-1.9873855922608499,68.46759483643673,125.32675738674345
197.556,-1.9077248656918542,68.42807819957216,124.71692211554932
197.656,-1.8915964297203516,68.53034937853003,124.59527024618694
197.756,-1.9467921453496828,68.80048946530633,124.82135118756403
197.856,-2.0539379308302017,69.21295425116041,125.17798127823548
197.956,-2.180854336886725,69.70984783714962,125.49977170515947
198.056,-2.3010086130393574,70.22465097152414,125.74542929706939
198.156,-2.4070501147832672,70.70168450416914,125.99163692583798
198.256,-2.5139504769058902,71.1070282394237,126.37181831408566
198.356,-2.6507505297064995,71.43053695384098,127.00934840898358
198.456,-2.844945031671415,71.68108947024926,127.97904219571862
198.556,-3.107151195856858,71.87823762082982,129.29336168930587
198.656,-3.4235475947582543,72.04325306672747,130.89245205185748
198.756,-3.7597423211481455,72.19166594614519,132.63158936625402
198.856,-4.074014099935276,72.32865034424687,134.28170680897938
198.956,-4.333056242579211,72.44846997683834,135.56372911377844
199.056,-4.52276804643293,72.53856567512507,136.2209949526589
199.156,-4.650560695487918,72.58680715137315,136.10886247807082
199.256,-4.740206156221802,72.58840872729203,135.2664941234838
199.356,-4.8222962885378,72.54922139900079,133.9420094070229
199.456,-4.923517740006176,72.48438895596969,132.55873948850294
199.556,-5.058118311417552,72.4136489176807,131.62391181432181
199.656,-5.225252885521343,72.3554669725716,131.59173580812242
199.756,-5.414100384451807,72.32183569292467,132.7099868503182
199.856,-5.613413965618285,72.3148954682593,134.90308829255414
199.956,-5.817876835712788,72.32611263195997,137.75410161783458
200.056,-6.026467877471887,72.33819449391855,140.61847892456336
200.156,-6.235442095404657,72.32896047114534,142.84005281050617
200.256,-6.432012351478406,72.27571141661717,143.98130236886422
200.356,-6.592817615607579,72.15890091478495,143.96070444500333
200.456,-6.688384467286177,71.96472696748468,143.028431308388
200.556,-6.6924194795897805,71.68676014865748,141.60106832670726
200.656,-6.591684768097167,71.32654347113846,140.06131556429162
200.756,-6.39051015731539,70.89266648736718,138.6362864326475
200.856,-6.107271367306261,70.39797616226446,137.3913825363163
200.956,-5.76654408964496,69.8557545947481,136.29084056937492
201.056,-5.393407366043974,69.27697604892889,135.2537168309926
201.156,-5.012587993541096,68.67045446170705,134.17625492500372
201.256,-4.649253227061308,68.04548651768994,132.94309280323787
201.356,-4.326465653957186,67.41454460149457,131.4609962348597
201.456,-4.05827918325231,66.79380498037199,129.71530686913925
201.556,-3.8430990938913325,66.20130670552089,127.80864497517956
201.656,-3.6632823923405837,65.6540318005929,125.93853711668746
201.756,-3.492274514758897,65.16515504075316,124.31308506020113
201.856,-3.3045890235232207,64.74215775142737,123.05218862575987
201.956,-3.0827763238825128,64.38627296663674,122.13241293992905
202.056,-2.8196409126098985,64.09333919528294,121.40067391906638
202.156,-2.5178218155063448,63.85538236824723,120.63693017800921
202.256,-2.1882960557784514,63.66196660690002,119.62603928097079
202.356,-1.84658398348639,63.50101198293157,118.21322576302788
202.456,-1.5053465609145036,63.359757616562334,116.34022992775684
202.556,-1.1659570400270596,63.22679165645811,114.06097254926502
202.656,-0.8151195407962248,63.094794507641225,111.52401399192027
202.756,-0.4301491573510745,62.961704976055834,108.91864623975869
202.856,0.010797940150922614,62.828082158274114,106.4147909318495
202.956,0.5212053305310818,62.69155813489658,104.13743012369406
203.056,1.1048451292643833,62.54249764225449,102.17842402646653
203.156,1.7570785979974133,62.364711204852384,100.60776419403803
203.256,2.4636566071038146,62.141449586574254,99.45500973871209
203.356,3.197095604722115,61.863089478099035,98.67097407415719
203.456,3.916813308645086,61.53168897877096,98.09960267826679
203.556,4.578435095979238,61.15962343712472,97.48703598531978
203.656,5.149729753831455,60.76330131034715,96.54728302934336
203.756,5.624355246818521,60.35580188630004,95.07803732440716
203.856,6.025961781965933,59.942300540557824,93.07065108941325
203.956,6.400738447953721,59.51986660949775,90.73477348770723
204.056,6.801275956604449,59.08075661731678,88.40371261637306
204.156,7.267602752211413,58.61717690822623,86.36639111751275
204.256,7.812555967423002,58.125636596871274,84.71770454596974
204.356,8.417454842316054,57.6097792821827,83.30866256537016
204.456,9.039689828470344,57.08133733391535,81.82803239846865
204.556,9.628169893189106,56.559224829533605,79.97712129530838
204.656,10.139755870066836,56.0668563343901,77.64141544776123
204.756,10.551398385092941,55.62783856377454,74.96606003352211
204.856,10.865320687406097,55.26048636431254,72.30953649856491
204.956,11.105561499105821,54.97237827669764,70.11638144580535
205.056,11.305581791323856,54.75702689649942,68.7651967960781
205.156,11.490961039802535,54.59467442368655,68.43147969354175
205.256,11.666173191623017,54.4577488022207,68.99678475918984
205.356,11.814047332363451,54.319354866706306,70.04400327643444
205.456,11.908188526941657,54.16167040877908,70.97408296160296
205.556,11.92910580790775,53.98119414949079,71.22950063928708
205.656,11.873811426342392,53.78910532442763,70.52886823237672
205.756,11.75596630791194,53.60656431935179,68.9808403795504
205.856,11.600236710476409,53.45641274295494,67.01053015659818
205.956,11.435219508058033,53.35436586685304,65.15189607761997
206.056,11.28666806392657,53.30325167280063,63.83184947977914
206.156,11.171287137748251,53.29225124380378,63.24876260798676
206.256,11.092260926470068,53.3006286541887,63.369967611681034
206.356,11.038615870495004,53.303994634620445,64.00748322783676
206.456,10.989310996444623,53.28104221827503,64.91243534922616
206.556,10.920399486912885,53.218993766440896,65.84886812675407
206.656,10.812237464393835,53.11621916986392,66.6396465821666
206.756,10.654539392289315,52.98096124445292,67.19302373325827
206.856,10.448579734150556,52.826290812625295,67.51060166410747
206.956,10.206437594825996,52.66330472170611,67.6658255975765
207.056,9.947214358618037,52.496221819092604,67.74809062692349
207.156,9.690865240755322,52.322695434042735,67.79054051682033
207.256,9.452115276150423,52.13964836479921,67.72240305287116
207.356,9.238282469350548,51.95109450618925,67.38586426393532
207.456,9.052917820428782,51.77276060849877,66.62109119387934
207.556,8.902264245043899,51.63022549203725,65.37279384526896
207.656,8.798169999823944,51.55130017823318,63.750519943330204
207.756,8.752892281214706,51.5565684471808,62.00300964632645
207.856,8.767314942396467,51.65252628304316,60.42314210352325
207.956,8.820173262522829,51.83003694021632,59.24180002049091
208.056,8.866702441969561,52.06843177644627,58.56528074744493
208.156,8.849175780515683,52.34354050788138,58.37013064176399
208.256,8.714149727551305,52.63656456641412,58.534620373489645
208.356,8.428138372372455,52.94039644439493,58.88531719035045
208.456,7.985654983792092,53.26100121651411,59.25112503957233
208.556,7.408101578413607,53.613486424380184,59.51713364054028
208.656,6.736254671459307,54.014723350857025,59.66260977580886
208.756,6.020986115987306,54.475805877384616,59.77054589849354
208.856,5.315577419279702,54.99738300660392,60.00562530605366
208.956,4.6702891036152145,55.56931295275043,60.5617149557593
209.056,4.1277510472911345,56.174306510209796,61.587101581314116
209.156,3.7172179238398115,56.79371993296047,63.11247767491342
209.256,3.447565279155512,57.41265688834727,65.01626786705458
209.356,3.3019922978540066,58.02204079738748,67.04727111439698
209.456,3.238524645727793,58.61746690346822,68.89655394132986
209.556,3.1984538957275035,59.19658564848259,70.2926871503691
209.656,3.1216641873672515,59.756969691402645,71.09262479735864
209.756,2.9648144197273254,60.29533085060225,71.34305216285729
209.856,2.7160045218282605,60.80766996666616,71.28848623619547
209.956,2.398961955103424,61.28929084676229,71.31193290580525
210.056,2.0627944242158875,61.73422022586846,71.81891827226895
210.156,1.7605167644626505,62.13491842868397,73.10602301369771
210.256,1.5272890389554092,62.48356628995795,75.26834198278604
210.356,1.370661560873522,62.77500326231656,78.18396823372672
210.456,1.2770092136160471,63.00989874530882,81.5759935148576
210.556,1.2269842315540345,63.19648242059332,85.114588179929
210.656,1.207893260135961,63.34998861837298,88.50577257609694
210.756,1.2155532480560964,63.489861715563904,91.53174110155877
210.856,1.2473568870970553,63.63548705804057,94.04791432110127
210.956,1.2942026931588586,63.801765942858744,95.97017982647147
211.056,1.3377513137386288,63.99567907959825,97.278007234644
211.156,1.3542847209068754,64.21420673816199,98.02924196570198
211.256,1.3227171184120223,64.44375996713339,98.36370029475238
211.356,1.2331983884744773,64.66183916703358,98.47841369248623
211.456,1.0922792459794124,64.84171400144542,98.57636746670498
211.556,0.921023343028736,64.9597161530645,98.80849178097671
211.656,0.7461246789083447,65.0030445442321,99.23569598781857
211.756,0.589761202556943,64.975211846289,99.82957091779195
211.856,0.465079184863157,64.8969638733413,100.51254739369341
211.956,0.3779244606454739,64.80205368355364,101.21989216622987
212.056,0.3289879338133588,64.72880634089827,101.95153112304583
212.156,0.31183591616566275,64.70965727557937,102.77867156396529
212.256,0.3089355967398859,64.76172630246113,103.79137771607736
212.356,0.2918622392095571,64.88168489994486,105.01539338524961
212.456,0.22961341315625816,65.04715904877587,106.35624231503888
212.556,0.10255501005374867,65.22460232226135,107.6144375675913
212.656,-0.08550265253706613,65.38090858256874,108.5692605199871
212.756,-0.3042759089826532,65.49445950160084,109.08935889329166
212.856,-0.5057707512721308,65.5616084951407,109.21505637590099
212.956,-0.6421158751788667,65.59643625862411,109.16638112395304
213.056,-0.6845875105276988,65.62402068501116,109.26336152068848
213.156,-0.6339331471815157,65.66968436305969,109.79191677464658
213.256,-0.5170520835530468,65.74830608295927,110.87746146529983
213.356,-0.3739813795754401,65.85824079177782,112.42153134666302
213.456,-0.2435396346321852,65.98288479847442,114.12896229479995
213.556,-0.15359005748137378,66.09941027659109,115.619039277685
213.656,-0.11771442516000263,66.1903269331232,116.5764989836209
213.756,-0.13756248290426498,66.25187364821132,116.87082289982828
213.856,-0.20844691584892416,66.29502781027466,116.58120104305104
213.956,-0.32415969571613346,66.33894623644913,115.91829869304567
214.056,-0.4773385641223271,66.4006220086643,115.09745499914206
214.156,-0.6557867368356938,66.48645223240065,114.23817549058398
214.256,-0.8400813950442227,66.58996196243363,113.33278161960666
214.356,-1.007552704437721,66.69576997273474,112.2845636871067
214.456,-1.1411669495803451,66.78622001680311,110.99249354946676
214.556,-1.2360293136107714,66.84677956962861,109.446286431913
214.656,-1.2982999103022692,66.86870240170225,107.78380080731108
214.756,-1.3389188750336132,66.84975775790065,106.26914165198087
214.856,-1.3683108933489123,66.79437647759376,105.18930489341392
214.956,-1.3947699353816319,66.71375792871476,104.71937981172869
215.056,-1.4249032065954381,66.6254405643241,104.82798533901081
215.156,-1.4643554921163968,66.55121144746188,105.27060097031733
215.256,-1.5181790145649146,66.5123780280177,105.67690073770862
215.356,-1.5896291588571216,66.5227577877123,105.7064235070122
215.456,-1.6761741572071358,66.58185849082462,105.22042020112502
215.556,-1.7645682964045264,66.67194057755201,104.39025339678602
215.656,-1.8305312515488978,66.76152962893103,103.66600109673053
215.756,-1.8474482960349192,66.81491646974925,103.59769145650372
215.856,-1.8004295564896395,66.80415044892369,104.59791487982577
215.956,-1.6944588056670682,66.71873114791539,106.77195940154326
216.056,-1.5495341769776445,66.56922048823951,109.89191794222859
216.156,-1.3887913002688776,66.38377986764006,113.50409492047262
216.256,-1.231000908512648,66.19973523176223,117.09541185717566
216.356,-1.0910646277067713,66.05388759412098,120.237282527111
216.456,-0.9831056283001445,65.97460789941965,122.66475987571994
216.556,-0.9202937592980547,65.97693499541143,124.29037305356374
216.656,-0.9112035890950736,66.06084625535662,125.16893169012582
216.756,-0.9569258761720221,66.21295272548895,125.43336909778486
216.856,-1.0526560347678142,66.41172317308471,125.2267054401955
216.956,-1.1933079467415766,66.63506073140553,124.65703344028088
217.056,-1.378433364242298,66.8675110833587,123.7918822154324
217.156,-1.6109660269631547,67.1041581910501,122.6881394746868
217.256,-1.888368373367058,67.34985010492659,121.43891490836663
217.356,-2.1912805069195755,67.61469331835804,120.21451092114947
217.456,-2.4791440182706594,67.90832489688576,119.26944317367753
217.556,-2.7003390428895457,68.23568839742943,118.8870234695556
217.656,-2.815033584741819,68.59588180551422,119.26397029662877
217.756,-2.8175178570032813,68.98363601264658,120.39155458626277
217.856,-2.742578429574266,69.3914938793813,122.01406482365977
217.956,-2.6523137852369842,69.81094497619459,123.70748336014626
218.056,-2.6137936822402708,70.23216499709531,125.04579125486731
218.156,-2.6801377771124493,70.64318236917538,125.76468930775431
218.256,-2.8799616787077724,71.02949738377758,125.83615966220046
218.356,-3.2133742557449168,71.37475190575248,125.42941651860485
218.456,-3.652035326960906,71.66266939796887,124.8035127864211
218.556,-4.1442051349113385,71.88027628935,124.20090302133366
218.656,-4.627156894571328,72.02178536096292,123.7835681967725
218.756,-5.044412580930221,72.0913762000188,123.61212881071083
218.856,-5.35926966379116,72.10277766723253,123.65329720741056
218.956,-5.558231282498845,72.07518487143905,123.81416093101629
219.056,-5.6460238232670505,72.02758468431044,124.00657845524583
219.156,-5.638457811155909,71.97479370269612,124.21944698887029
219.256,-5.558384844848966,71.92731226762618,124.55377831675429
219.356,-5.436505474334851,71.8941664047568,125.19374526021579
219.456,-5.314397927734156,71.88537873766252,126.32765724664941
219.556,-5.243958433303568,71.91091525135022,128.05511234347998
219.656,-5.27883121241841,71.97607757662018,130.31691323789622
219.756,-5.459273456844585,72.07656965286603,132.87784628864534
219.856,-5.79700910311832,72.19689199950416,135.37599752294142
219.956,-6.266887613637053,72.31320269497346,137.42253406743475
220.056,-6.809196628791554,72.39876625153143,138.7097532680983
220.156,-7.342935332538175,72.4290228898241,139.08340749710035
220.256,-7.7862383411439495,72.38462501839041,138.55948629400308
220.356,-8.07649596789841,72.25285868899967,137.29487572161702
220.456,-8.182749607597152,72.02860151974913,135.53425180666113
220.556,-8.107065487794777,71.71495935577704,133.55250272861952
220.656,-7.8766872707815665,71.322609552133,131.60267572449038
220.756,-7.5322012867130255,70.86719678465701,129.8695525640939
220.856,-7.117107592400892,70.3653708185954,128.43027838979714
220.956,-6.6708703488203085,69.8308913299971,127.2416588549257
221.056,-6.22424092293425,69.27239598724792,126.18211986719524
221.156,-5.795845440190057,68.6939197649625,125.14439061983566
221.256,-5.390896490175102,68.09774240145771,124.12353261349634
221.356,-5.0033576958399735,67.48765691168379,123.23176678566631
221.456,-4.62209750306112,66.87102380632119,122.61917530399313
221.556,-4.239768951547951,66.25948113332629,122.34939085026812
221.656,-3.8600842617036903,65.66879203444525,122.3162352600674
221.756,-3.498175570907307,65.1176945831821,122.26377979812702
221.856,-3.1730660275253584,64.62534135581774,121.903263161284
221.956,-2.896743200078923,64.20764017067602,121.05488446167664
222.056,-2.6652856167617784,63.87359187715285,119.73159406456665
222.156,-2.455485235600598,63.62278452333269,118.12754801170917
222.256,-2.229095869988619,63.44474886159622,116.52812279954392
222.356,-1.9450496678567006,63.32044984981588,115.18583728675713
222.456,-1.5755424607411186,63.225944836590386,114.21115088395428
222.556,-1.1176268038390234,63.137675103864005,113.52118983357778
222.656,-0.5931290022124927,63.03768572432043,112.87236089903845
222.756,-0.036985864222842224,62.91642735624966,111.96620868162148
222.856,0.5180171735758776,62.77198826482005,110.56929410288436
222.956,1.0504233560797687,62.6067866252479,108.57301066574598
223.056,1.5498716436412039,62.42383596982866,105.97495805812054
223.156,2.0127703214599464,62.22412929217818,102.83842751364267
223.256,2.441255765174297,62.00561021733552,99.28854644186512
223.356,2.846188492315676,61.76360547230509,95.53443468213938
223.456,3.248016448929313,61.49242324546296,91.86138643942532
223.556,3.670929460192223,61.1874825208925,88.56838896682781
223.656,4.133740298664367,60.84684911364166,85.88578306802512
223.756,4.645117297914091,60.471249325782125,83.92560614583218
223.856,5.205688781278376,60.06276852684014,82.6827714243217
223.956,5.811944240190154,59.62349335547761,82.0613262887653
224.056,6.456621145275246,59.1552634799809,81.89184838348098
224.156,7.126385359286559,58.660654879908435,81.93783645211587
224.256,7.801256731280532,58.1444705307113,81.91836468574486
224.356,8.457901050445162,57.615039569126395,81.56493678685271
224.456,9.075062080222544,57.084928153370264,80.69824947328776
224.556,9.638260224574598,56.570523185570785,79.29190611045063
224.656,10.141711600721582,56.08983418982677,77.49064367470437
224.756,10.586235487560941,55.65855679341261,75.55989234118141
224.856,10.973194732537298,55.28566815964624,73.7704987872844
224.956,11.29726841259243,54.9706182757906,72.26977683044747
225.056,11.543247424867694,54.70381681957821,71.01921952486428
225.156,11.69059739175741,54.470523139853455,69.84927487601128
225.256,11.724415896670074,54.25635729601202,68.60356134662992
225.356,,,
225.456,11.486737272073928,53.854930763373105,66.04567211278625
225.556,11.292397787598667,53.67015419517742,65.17843717588006
225.656,11.123292529833034,53.50759391636641,64.86885355357141
225.756,11.02685106379257,53.37949789206959,65.107985782696
225.856,11.02172169634192,53.296143145119785,65.65368034891475
225.956,11.093613923038411,53.26140380820921,66.12146996964682
226.056,11.204754069787569,53.269713991912035,66.16055921234094
226.156,11.309320089284,53.30572089242219,65.62283559901059
226.256,11.366309814897221,53.34696565498905,64.62062174271597
226.356,11.345807600900102,53.36895390622485,63.440631370218966
226.456,11.230251625541129,53.35127440927498,62.38532986164934
226.556,11.014897590410598,53.28305394059932,61.64513480081263
226.656,10.70892868219314,53.16592923214181,61.249861234995876
226.756,10.334443139327853,53.012972783552534,61.088745525973266
226.856,9.921680072078907,52.84314320956246,60.97777473144127
226.956,9.503872496119271,52.673104328394224,60.756226478669575
227.056,9.115461361860486,52.5104927949948,60.37277495039808
227.156,8.79184376367158,52.35267097120316,59.90689439111466
227.256,8.565658892339258,52.19188677937109,59.50932650835476
227.356,8.458474937533737,52.02370190787371,59.306477250407966
227.456,8.472490637777852,51.853666675857305,59.33221313780598
227.556,8.587768356432449,51.69871465348874,59.520034943913146
227.656,8.766521668670759,51.583134936681645,59.74981399816295
227.756,8.961778132209421,51.53164403267738,59.918681081643854
227.856,9.126566519885454,51.562574467932826,59.995773938285524
227.956,9.22120175285292,51.683191716338214,60.03022824082221
228.056,9.217858083202493,51.88815680929042,60.1107881929571
228.156,9.10206202329356,52.161656284568856,60.30321075239081
228.256,8.870818219845248,52.482975919588675,60.598678656126324
228.356,8.527827036127654,52.8338540302658,60.89551484624617
228.456,8.077514954486773,53.20471938878631,61.02144897387787
228.556,7.520930273036626,53.597093170322346,60.79283526753508
228.656,6.857129483533015,54.02100885852371,60.098186617166235
228.756,6.091968894269385,54.488451604078925,58.97820639291737
228.856,5.25190900458534,55.00586008396603,57.66122270796238
228.956,4.395262712782394,55.56969562618097,56.52567020917253
229.056,3.610128543750143,56.16762885942975,55.99727801926568
229.156,2.991825719449409,56.78424433024395,56.41413728135946
229.256,2.6063001068075096,57.40702012122682,57.89680996427414
229.356,2.460643030880277,58.028467001909036,60.26503292775328
229.456,2.4996325406011124,58.64359642598375,63.05333783052754
229.556,2.6277309931913564,59.24548761274734,65.6596231069096
229.656,2.74106263150901,59.82288912749994,67.58472680815268
229.756,2.7556760119853863,60.362008841763256,68.63905214992764
229.856,2.6266089361988563,60.85147690021068,68.99876023336992
229.956,2.355190744393056,61.28721912721483,69.09306258006819
230.056,1.981678528661,61.67414441968421,69.40039456431164
230.156,1.5655027237955608,62.023653742506134,70.25974812604053
230.256,1.1647052196914487,62.348305635981504,71.77764634575841
230.356,0.8261809676908385,62.65636157511135,73.85817813596356
230.456,0.5856602365855395,62.9490832441654,76.31496797247189
230.556,0.4668934345126772,63.222341689552024,78.97467777271487
230.656,0.47472218811616074,63.471517828479605,81.70549644413886
230.756,0.588181105347708,63.696341530108185,84.38920077440169
230.856,0.7631083754108801,63.902220479500826,86.90614368413583
230.956,0.9459761420276749,64.09700263159758,89.1631609317018
231.056,1.0913149273060583,64.28516935881873,91.12621283816587
231.156,1.173339208380554,64.46324345422856,92.80951822062666
231.256,1.1874358615505471,64.61977193888558,94.22448148798844
231.356,1.1433907215220742,64.74048355338277,95.34089031651209
231.456,1.0559457412113034,64.8156235409159,96.10688195722048
231.556,0.938009672488981,64.84500853005966,96.51534852089519
231.656,0.7985119773630629,64.83836054740549,96.65104832830924
231.756,0.6438930280435997,64.81185278848669,96.66788659222829
231.856,0.4813087729852512,64.78359643251068,96.715527157252
231.956,0.3213278287461989,64.77028702980495,96.8777600709673
232.056,0.17772138903573875,64.78554510344807,97.16497351386538
232.156,0.06357013579272319,64.83893063192126,97.55747840989144
232.256,-0.014124394807303986,64.93414855668118,98.06287511251787
232.356,-0.05796390554998965,65.06616240830871,98.74028329960605
232.456,-0.0798540802294454,65.21916176888217,99.66806326976588
232.556,-0.09672501582598869,65.36844336291388,100.88108485043153
232.656,-0.12372792597425786,65.48751501115905,102.33058795974607
232.756,-0.16845124414497548,65.55810847956937,103.89197757265325
232.856,-0.23013343349848725,65.57829633334676,105.39861871708865
232.956,-0.3039812430605622,65.56440721932758,106.67150142207254
233.056,-0.3853970769496371,65.54527126857506,107.54864498709952
233.156,-0.46879299806455066,65.55077261826325,107.93834527461863
233.256,-0.5419255308335167,65.59935797386787,107.88924603078493
233.356,-0.582787761133936,65.69012691651535,107.62379468340296
233.456,-0.5659215490812528,65.80372879499392,107.48513242468027
233.556,-0.4780119643875551,65.91242891585054,107.80764765092414
233.656,-0.3328860425501432,65.9947696614851,108.7763579105902
233.756,-0.1724555956083691,66.0471144420654,110.34152909911614
233.856,-0.0498323215720049,66.08551424316157,112.22205383038278
233.956,-0.005721902413604596,66.13657728671652,114.00053018737728
234.056,-0.0530087645073678,66.22221794558678,115.28039917766861
234.156,-0.1756342640710571,66.34652854242155,115.83495731852847
234.256,-0.33868329573750344,66.49173609707807,115.66820409477714
234.356,-0.5036817473258708,66.62521331755855,114.95872078489674
234.456,-0.6435266440729777,66.71371696164655,113.93160946337076
234.556,-0.7522213483388,66.73770156783694,112.736113146409
234.656,-0.8460459662004709,66.6992251173019,111.38592956018809
234.756,-0.9553199539892248,66.62053950786428,109.78327402131575
234.856,-1.109177118672001,66.53476381078195,107.81889925626987
234.956,-1.3193492542158936,66.4733426713128,105.50294155084086
235.056,-1.570906606504252,66.45602457446051,103.04135407840869
235.156,-1.8258884965530768,66.48722300809095,100.78653650983516
235.256,-2.0395532465947213,66.55875006187931,99.08077143390322
235.356,-2.1809808459481204,66.6554421928936,98.09831928734066
235.456,-2.2455613643081094,66.7595177040345,97.78790841952237
235.556,-2.2518525596161965,66.85192200423225,97.938311177228
235.656,-2.2261781988226588,66.91210400785567,98.31715927979336
235.756,-2.185465135253594,66.91905523854757,98.80694913842682
235.856,-2.128436895766214,66.85564671110394,99.46978657236306
235.956,-2.0405070616151733,66.71616155831448,100.50544661871146
236.056,-1.9102000021050571,66.51409636278335,102.126203314358
236.156,-1.746315563540442,66.28534925282179,104.42528800210559
236.256,-1.582372370360389,66.08302609501797,107.31755448611139
236.356,-1.463375931639419,65.96389548127159,110.5772909700581
236.456,-1.4228494608465283,65.96984893604454,113.92989140882648
236.556,-1.463818673897066,66.10903166983786,117.11905850602872
236.656,-1.5537672702663414,66.34225489756275,119.89868653005107
236.756,-1.635562613288414,66.58180488195923,121.97597052210307
236.856,-1.6486385882904955,66.70954566894882,122.99691679988936
236.956,-1.551153322814045,66.61626090907816,122.65010169216086
237.056,-1.3364288860028424,66.25393454481315,120.86639518232371
237.156,-1.0419040261920642,65.68048491238868,117.98796839678923
237.256,-0.7487750382931253,65.06966202959589,114.76419149079422
237.356,-0.56448505472855,64.6662609998891,112.13103550216385
237.456,,,
237.556,-0.8284674218357182,65.25115140760703,111.30210788311356
237.656,-1.252540987261078,66.2706596392788,113.1848595324793
237.756,-1.75107864531428,67.54200890431193,115.81188906285982
237.856,-2.2254723847485423,68.80569488457233,118.30999716184618
237.956,-2.6190789701825636,69.84824092246676,119.96317160933637
238.056,-2.926558855227448,70.56166533043634,120.43580133911047
238.156,-3.1817261281020777,70.95341874657528,119.84155098147076
238.256,-3.4346984873360995,71.11733550041828,118.68032945840307
238.356,-3.728550673289213,71.18564127875504,117.67701984578011
238.456,-4.083970759590933,71.28069222917435,117.55189420971553
238.556,-4.494694223709139,71.47835491898533,118.77232052057329
238.656,-4.929897191358677,71.7877670648707,121.35175222076222
238.756,-5.337841387747254,72.14766321918593,124.75676252997906
238.856,-5.647975277606328,72.43791845305967,127.97539995827239
238.956,-5.773621716220816,72.50528247412015,129.78194621293946
239.056,-5.6221705506549995,72.20223681234583,129.15840875219655
239.156,-5.120180610565072,71.4345682587818,125.71296353821657
239.256,-4.252004963235329,70.2055480669646,119.87692473029387
239.356,-3.0936650327018853,68.63690683931456,112.75411126588622
239.456,-1.8123457936402545,66.94846540041691,105.69591002453816
239.556,-0.6166418597341305,65.39565839073563,99.83313968756366
239.656,0.31875732161859816,64.18940321828246,95.7880681113828
239.756,0.9079781940830856,63.43550106238425,93.63769310532678
239.856,1.1628700321773877,63.11887087189442,93.05076656376282
239.956,1.165231134796052,63.13190095958528,93.48373047042759
240.056,1.0258302922319444,63.326367472938806,94.36372185797165
240.156,0.8479828869530621,63.56433382873721,95.2279101033484
240.256,0.7041438292524802,63.75127733226673,95.80170573120338
240.356,0.6277381340632431,63.84624653816853,96.00738412295728
240.456,0.6181720877224706,63.85322805218584,95.91448344872805
240.556,0.6538407356406424,63.80258602935262,95.66252880650899
240.656,0.7067884594183056,63.731565312283486,95.38992152059129
240.756,0.7539396774169305,63.67003373324972,95.19013739566351
240.856,0.7825858702081661,63.63385639073971,95.09906266306139
240.956,0.790529114737538,63.625103251239594,95.10530972284934
241.056,0.7828661936271644,63.63648912290905,95.17132509442897
241.156,0.7676971305057094,63.65709752174355,95.25469839347892
241.256,0.7524937265135918,63.67712987435908,95.32312131514546
241.356,0.7420022918477827,63.69055764210521,95.36075689169037
241.456,0.7377626795156615,63.695621767038496,95.36716580495012
241.556,0.7388017433296312,63.693815415931006,95.3518129682585
241.656,0.7428573150256454,63.68822506711629,95.3274800779928
241.756,0.7475568245955486,63.68198340749357,95.30505485105544
241.856,0.751198255277437,63.677275707037424,95.29082857867891
241.956,0.7530348449660522,63.67500640327901,95.28622413132415
242.056,0.7531569628461199,63.674987477066345,95.28914231575892
242.156,0.7521563121842405,63.67639828396793,95.29591024478768
242.256,0.7507572892665451,63.67827377466435,95.30300383876724
242.356,0.7495424374903052,63.67985844360586,95.30809154978479
242.456,0.7488229397169803,63.68076494914794,95.3103234409093
242.556,0.7486412425680982,63.680959679118914,95.31005227058557
242.656,0.748856500627987,63.68064331800296,95.30828186004958
242.756,0.7492558061239194,63.680102218888116,95.30611491299277
242.856,0.7496470494089209,63.67958764786065,95.304372788229
242.956,0.7499111901473938,63.6792503186735,95.30344269354772
243.056,0.7500125421933959,63.67913032525663,95.30331640680596
243.156,0.7499792871701061,63.679185265773526,95.30373807850661
243.256,0.7498712298724257,63.67933376209552,95.304374959487
243.356,0.7497495363264122,63.67949515004548,95.30494940601297
243.456,0.7496571618218084,63.679614370302104,95.30530522621261
243.556,0.7496121450682764,63.6796697335756,95.30541178880439
243.656,0.7496111340328397,63.67966742830948,95.3053274620567
243.756,0.7496382863260749,63.67962935253022,95.30514871427758
243.856,0.749674794965479,63.67958051599595,95.30496601327987
243.956,0.7497058397035445,63.67954009880647,95.30483778549521
244.056,0.7497237424380074,63.6795176117441,95.30478393467885
244.156,0.7497277378471665,63.67951348193596,95.3047937747089
244.256,0.7497216748705569,63.67952225588002,95.30484062558978
244.356,0.7497111261731746,63.67953645969144,95.30489608174996
244.456,0.7497010237829471,63.67954967139032,95.30493961343063
244.556,0.7496943629810318,63.67955813658958,95.30496218737889
244.656,0.7496919831375237,63.67956095883201,95.30496492014092
244.756,0.7496930948314287,63.679559328946425,95.30495494864573
244.856,0.7496961124911081,63.67955538699996,95.30494078894105
244.956,0.7496994213814432,63.6795512069736,95.30492883151844
245.056,0.7497018689443635,63.67954817582862,95.30492173747025
245.156,0.7497029380193396,63.67954681551297,95.30491870206302
245.256,0.7497026766048478,63.67954694004892,95.30491702088129
245.356,0.7497015051799281,63.67954797457808,95.30491415587889
245.456,0.7497000081747061,63.67954927623758,95.30490949492108
245.556,0.7496987683116032,63.679550355417064,95.30490515412018
245.656,0.7496982519903881,63.67955096532029,95.30490544247633
245.756,0.7496987239581188,63.67955108209751,95.30491498027871
245.856,0.7497001700628232,63.679550825226414,95.30493592201438
245.956,0.7497022330951495,63.67955036889836,95.30496521634093
246.056,0.7497042018411619,63.67954987846306,95.30499319268658
246.156,0.7497051147143665,63.67954948275386,95.30500477938153
246.256,0.7497040259652579,63.679549273253194,95.304984118948
246.356,0.7497004247813521,63.679549310792815,95.30492216683828
246.456,0.7496947047298548,63.67954962176816,95.30482521602093
246.556,0.7496884843808758,63.67955017675723,95.30472069521612
246.656,0.7496845289897038,63.679550860134455,95.30465584420853
246.756,0.7496860708226905,63.679551453173026,95.30468583480476
246.856,0.7496955051786429,63.679551658399454,95.30485110418144
246.956,0.7497127366726986,63.679551184406755,95.30514882882784
247.056,0.7497337858525768,63.679549886675865,95.30550919699341
247.156,0.7497504949791463,63.679547925894475,95.30579094760486
247.256,0.7497521184643574,63.67954587233904,95.30580954325318
247.356,0.7497291107591693,63.67954466988853,95.30540302312811
247.456,0.7496785225661142,63.67954539331707,95.30452494384649
247.556,0.7496092808750845,63.67954879737248,95.30333432138336
247.656,0.749544683422009,63.67955475918539,95.30223650903109
247.756,0.7495192599356031,63.6795618278301,95.3018264013255
247.856,0.7495682749863519,63.679567166352065,95.30270528045583
247.956,0.7497107740775562,63.67956714354461,95.30518822208631
248.056,0.7499307839554135,63.679558661466984,95.30898268920497
248.156,0.7501648645919872,63.6795409916222,95.31297994309784
248.256,0.7503058293030307,63.67951750997194,95.31532761063194
248.356,0.750230168065535,63.67949641677392,95.3139110117216
248.456,0.7498494102712172,63.67948949703902,95.30724335140269
248.556,0.7491740415312265,63.679508395017564,95.29556301929712
248.656,0.748365818716259,63.679558795481526,95.28171686868663
248.756,0.7477459577167522,63.679634163539625,95.2712702416268
248.856,0.7477293976581905,63.67971186957146,95.27134256699954
248.956,0.7486744883004093,63.679754988068936,95.28800440375184
249.056,0.7506733126368488,63.679722166228245,95.32268161743058
249.156,0.7533521920768109,63.679585362022955,95.3687564418962
249.256,0.7557869211784265,63.67935124137788,95.41015430179209
249.356,0.7566399452939123,63.67907775466488,95.42378237313947
249.456,0.7545787195412004,63.678874840377354,95.38687866516909
249.556,0.7489330202661648,63.67887959386596,95.28849172363287
249.656,0.740411960267835,63.67920324164655,95.14176218147807
249.756,0.7315671354889801,63.679859766237946,94.99135492171465
249.856,0.7266160844872687,63.680701236532265,94.90963988711749
249.956,0.7303125192215134,63.6813972221563,94.97716040847286
250.056,0.7458481067888059,63.681497954745076,95.24777326352599
250.156,0.7722891905173412,63.68060717810109,95.70578709348266
250.256,0.8025856001020344,63.67865985372837,96.23006364995913
250.356,0.8233615126660254,63.6762592321471,96.58620156522544
250.456,0.8172569679478698,63.67499332027289,96.46811067941472
250.556,0.7677209822841888,63.677642827301305,95.59734018606859
250.656,0.66534725207908,63.6882238631529,93.85847535024959
250.756,0.5142691129205943,63.71186332750862,91.41273540227076
250.856,0.33641935951734325,63.75451091948331,88.71926021803536
250.956,0.1705213777783925,63.82233251039369,86.43070158859695
251.056,0.06292314861588011,63.92032905313732,85.20094489917723
251.156,0.050998418685999525,64.04970422849424,85.48870790675574
251.256,0.1458897200748055,64.20431694337992,87.42253941950123
251.356,0.3241010033506342,64.36801070008904,90.74376892754192
251.456,0.532955696758286,64.5155176773481,94.82440532110367
251.556,0.707140027429233,64.61886669937593,98.77447852136486
251.656,0.7885886574927596,64.65874909196589,101.65834420252587
251.756,0.7417296096029418,64.63711537568571,102.7906051228122
251.856,0.5594251872266227,64.58506764744202,102.00225556374312
251.956,0.25947414614067554,64.5605290711163,99.73155141248688
252.056,-0.12511062016852748,64.63336463417879,96.86219321742352
252.156,-0.5573261464343844,64.86019069353823,94.37759315184798
252.256,-1.0039405147844818,65.25599195208919,93.0056838803441
252.356,-1.436246067604202,65.77414717115896,93.0046708774428
252.456,-1.824527874237475,66.3079568631261,94.14115224441016
252.556,-2.1323718048301927,66.7211388619743,95.8449997378611
252.656,,,
252.756,-2.3447780702781174,66.80437447022422,98.70823196436098
252.856,-2.1957071492147975,66.48287229903532,99.51985472203545
252.956,-1.8867950927861656,66.04896065190071,100.26160955755275
253.056,-1.4721099609242785,65.62764194874963,101.29822311476936
253.156,-1.0361279872679887,65.30943871467599,102.7606754872655
253.256,-0.6720422721380075,65.13127632695021,104.45044793505124
253.356,-0.45344661699871835,65.08469473611297,105.94610773409428
253.456,-0.41245348329542963,65.137761016234,106.83219079140537
253.556,-0.5341577702528184,65.255611748601,106.90790319459273
253.656,-0.7685304065216769,65.41118856308823,106.2514125787392
253.756,-1.0528642511386082,65.5860022545623,105.1184134448591
253.856,-1.3341561581633314,65.76612572024392,103.76942466033287
253.956,-1.5823267065117221,65.93929366447513,102.35069516373012
254.056,-1.791047406158384,66.0956459675126,100.8869855434608
254.156,-1.9691217968036128,66.23017926883736,99.35824482100006
254.256,-2.128126308550904,66.34321451064895,97.79046938051421
254.356,-2.2718468289801095,66.43757354393875,96.29950476318699
254.456,-2.392008909499289,66.51480854568268,95.06453138058238
254.556,-2.472465913818695,66.57381510969677,94.25289911182732
254.656,-2.4991862754971237,66.61287073158601,93.94856349761625
254.756,-2.4687413660862205,66.63308630479912,94.1347057702479
254.856,-2.388952492133207,66.63998172915247,94.74199093358882
254.956,-2.2724447663539493,66.64133254148224,95.71997931945887
255.056,-2.13000084791409,66.64259279871608,97.06572160036801
255.156,-1.9692165782597755,66.64334951443438,98.77913009527892
255.256,-1.7973118239239767,66.63732738714079,100.7824082142693
255.356,-1.623194236943938,66.61566394533523,102.87605609466529
255.456,-1.4564476951133116,66.5713448486423,104.7747594888821
255.556,-1.30525511212673,66.50267570242148,106.20668304851364
255.656,-1.176333714911415,66.41448384973675,107.02136700780682
255.756,-1.07761389838317,66.31672242821492,107.25054243732077
255.856,-1.021375480996781,66.22110218170201,107.09026747530098
255.956,-1.0245477437341393,66.13707797199334,106.81098837715368
256.056,-1.1045900116863834,66.0688903327187,106.64250928160058
256.156,-1.2720207674894652,66.01519370649115,106.69893200879895
256.256,-1.5225878362951804,65.97168758698211,106.9827980364498
256.356,-1.8332022989045171,65.935441140016,107.44874329778168
256.456,-2.1651767536721636,65.9084649962277,108.06412236053663
256.556,-2.4745961008351642,65.89850101508536,108.81965537411358
256.656,-2.7250210936572614,65.91678128482042,109.6990312214163
256.756,-2.8964570144281865,65.97424358723356,110.65358611038869
256.856,-2.9872740457334928,66.07798490546547,111.61542081503836
256.956,-3.0099772212212983,66.22886491415984,112.53737567622613
257.056,-2.984823427836268,66.42072549938807,113.41387685368827
257.156,-2.9352448511861198,66.64209557519088,114.25178564774387
257.256,-2.8858973015082725,66.88090118713733,115.01598097719062
257.356,-2.8611522372808267,67.13059925399622,115.6045598121778
257.456,-2.8821327086700776,67.39404317265434,115.87379133522049
257.556,-2.962892015635603,67.68185714242317,115.68283257776244
257.656,-3.107304262183824,68.0053866165741,114.9302529087771
257.756,-3.3070123333321604,68.36792916885719,113.59212290750497
257.856,-3.540335096393818,68.75922272286543,111.7741009970926
257.956,-3.7736308612564002,69.15652599839756,109.75046983392849
258.056,-3.9680956954211553,69.53250087513563,107.94661486942687
258.156,-4.0937382889106075,69.8670694671626,106.8554904054615
258.256,-4.147314760298151,70.15831279972404,106.91760735463527
258.356,-4.164524250345323,70.42684529018665,108.40014776548205
258.456,-4.215162247397657,70.70950286519283,111.2992108562301
258.556,-4.37795127310703,71.04178525855727,115.28449189730546
258.656,-4.703667132042391,71.43339089152963,119.70460342733557
258.756,-5.180364453457273,71.84561060576678,123.6625388033641
258.856,-5.712952591461658,72.18158997626223,126.15953083704227
258.956,-6.1287704420943285,72.29896008644587,126.29806598718912
259.056,-6.219362574327889,72.04771724178165,123.51914910832286
259.156,-5.815183649263915,71.32517182150337,117.81401862445506
259.256,-4.8646669956219455,70.12836571697561,109.81466996959179
259.356,-3.4739150849107645,68.5787809765556,100.67559664159843
259.456,-1.8794457852495867,66.9006483797505,91.74869828402906
259.556,-0.3656246818365929,65.35485211236315,84.18884960405217
259.656,0.8307799942118876,64.15591047037735,78.6813726488722
259.756,1.5857774565478593,63.4105436076801,75.38243417926432
259.856,1.9032359354554558,63.10269165144503,74.01969206231301
259.956,1.885839332592461,63.12317096804925,74.05546187828695
260.056,1.6823329091026906,63.32260726668476,74.85656546092453
260.156,1.4342026949734006,63.56277092503707,75.84927430487606
260.256,1.2394681358432607,63.749632522942335,76.63431319753845
260.356,1.1406961698485247,63.843168747628845,77.03327722289617
260.456,1.133582107971968,63.848330505828095,77.06017488482262
260.556,1.1863932715270522,63.79619433737551,76.84407554399581
260.656,1.2603553073209497,63.72434814842153,76.5436210328813
260.756,1.3244332053619985,63.662667316451895,76.28486180775666
260.856,1.3621440888143965,63.62681161077046,76.13372474975895
260.956,1.3713221257011483,63.61857533909353,76.09803260831507
261.056,1.3595254322970334,63.63043893650187,76.1467241564246
261.156,1.3381039840442952,63.65135047272378,76.233823462208
261.256,1.3172594968512215,63.671480515979646,76.31817608225512
261.356,1.30327593730253,63.684845296956304,76.37450935778173
261.456,1.2979924568241046,63.689764311415686,76.39553428153394
261.556,1.2998603774417958,63.68780609899272,76.38765427720537
261.656,1.3056703916648758,63.6821069615379,76.36394509305867
261.756,1.3121631993062621,63.67581769052005,76.33761701067893
261.856,1.3170638136207344,63.67111593770436,76.31784090510385
261.956,1.3194291227090318,63.668884619250065,76.30837417262678
262.056,1.319452775694515,63.66891210766523,76.30838051956997
262.156,1.3179874134187628,63.670360191375956,76.31437852820167
262.256,1.3160368510228437,63.672255554543504,76.32229765453884
262.356,1.3143875495488402,63.673842887861234,76.32896303290184
262.456,1.3134431830473972,63.67474033948898,76.33275648334383
262.556,1.3132393388468415,63.67492142453247,76.3335496721342
262.656,1.3135676128220197,63.67459276820589,76.33219709639285
262.756,1.3141302123098413,63.674044060970964,76.32990861013299
262.856,1.314665646148164,63.673527218461196,76.32774156286371
262.956,1.315016930009648,63.673191701146436,76.32632708144959
263.056,1.3151421553469618,63.6730755372005,76.3258298318668
263.156,1.315085295083911,63.67313438996362,76.3260680081971
263.256,1.3149309518914052,63.67328563332536,76.32669727048273
263.356,1.3147630558662016,63.67344817890799,76.32737779937288
263.456,1.314638940104814,63.673567195726605,76.3278785871646
263.556,1.3145812305640021,63.67362156241174,76.32810949713522
263.656,1.314583536691842,63.67361807026326,76.32809762179309
263.756,1.3146230997817057,63.67357905167495,76.32793577334915
263.856,1.31467389979764,63.67352970775828,76.32772941141958
263.956,1.3147159657347558,63.673489198656284,76.32755913766944
264.056,1.3147393813192494,63.673466893659615,76.32746473454031
264.156,1.314743685812779,63.67346305468141,76.32744780176553
264.256,1.314734548186685,63.67347210902513,76.32748531744298
264.356,1.3147197525923247,63.67348653543827,76.32754585690427
264.456,1.3147059984456035,63.67349992132682,76.32760241435776
264.556,1.3146972115820574,63.67350853868387,76.32763907281962
264.656,1.3146943358711596,63.673511492054935,76.32765172725148
264.756,1.3146961252489717,63.673509923918786,76.3276448791679
264.856,1.3147003226532163,63.673505885086215,76.32762702945067
264.956,1.3147047200378736,63.67350136267957,76.32760670265718
265.056,1.3147078193454433,63.67349772546214,76.32759014799012
265.156,1.3147090428086514,63.67349560922339,76.3275807667434
265.256,1.3147085984037759,63.67349509966903,76.32757964453681
265.356,1.314707168824775,63.673496006937874,76.32758635084797
265.456,1.3147055759803763,63.67349805620462,76.3275993661065
265.556,1.3147045145449212,63.67350091080894,76.3276159499006
265.656,1.3147043858540002,63.67350405646359,76.32763176176077
265.756,1.314705223639045,63.673506666765775,76.32764087994887
265.856,1.3147066938521235,63.67350760858953,76.3276368741492
265.956,1.3147081635020683,63.673505711166804,76.32761520761636
266.056,1.3147088491199597,63.67350031383315,76.32757653613085
266.156,1.3147080543144796,63.67349194837669,76.3275296496888
266.256,1.3147054763079353,63.67348285392559,76.327492216215
266.356,1.3147015071600663,63.673476938108976,76.32748753662104
266.456,1.3146973980479473,63.67347886336999,76.32753651546832
266.556,1.3146951291824251,63.673492198354985,76.32764601564354
266.656,1.3146968700277952,63.67351701129052,76.32779727243938
266.756,1.3147040447773861,63.67354778039838,76.3279401650526
266.856,1.314716222450663,63.67357284679801,76.32799961744732
266.956,1.3147302692486917,63.67357658204141,76.327898045163
267.056,1.3147403307728425,63.673544779896986,76.32759210878822
267.156,1.314739136171596,63.67347248495695,76.32711395762098
267.256,1.3147207524415947,63.673371810767144,76.32659922794632
267.356,1.3146842771185874,63.67327588476943,76.32628029486627
267.456,1.3146371971468582,63.6732347251941,76.32642792781483
267.556,1.3145965661305326,63.67330039780369,76.32724015281416
267.656,1.3145861528858163,63.67350254541871,76.3287024447483
267.756,1.314628626318715,63.67382076275645,76.33047149959548
267.856,1.3147337458109405,63.67416560085357,76.3318535551133
267.956,1.3148860596447278,63.67438257226295,76.33194285664186
268.056,1.3150378900187434,63.6742905341139,76.32994502629158
268.156,1.3151141274449571,63.67375548736639,76.32563327336882
268.256,1.3150333174375888,63.6727839793914,76.31978959271504
268.356,1.3147441002851963,63.671601457988594,76.31440471853834
268.456,1.3142679756863416,63.67066822849103,76.3123984985438
268.556,1.3137310235784412,63.67058893395493,76.31672065367817
268.656,1.3133625430512978,63.67189836703244,76.32891553770364
268.756,1.3134420149696453,63.67475738899258,76.34754598253389
268.856,1.3141904845890835,63.67865663336086,76.36716973442789
268.956,1.3156278130249675,63.68227852167895,76.3786948251184
269.056,1.317446810698982,63.68367745100413,76.37174427823912
269.156,1.318976435579657,63.68087395912279,76.33903421284796
269.256,1.3193034914925192,63.672810190059245,76.28176659243933
269.356,1.3175839677160113,63.660405217017754,76.21394629570447
269.456,1.3135010658562507,63.64724760051876,76.16286426877704
269.556,1.3077320939641695,63.639372497321204,76.1633190788832
269.656,1.302200214943987,63.64370059796896,76.2448278341475
269.756,1.2998512065650374,63.665129971670325,76.4139775484928
269.856,1.303760898673616,63.70293080720025,76.63753680215144
269.956,1.315588085731612,63.74781568190289,76.83489250613309
270.056,1.3337224023754572,63.78152752578112,76.88923192422938
270.156,1.3517983036050722,63.780630059555406,76.68356540088574
270.256,1.3583211714820251,63.725123004318135,76.15843610466244
270.356,1.3378257197158305,63.61054874461377,75.37424625373109
270.456,1.2733952088415492,63.45987469385046,74.54956314964814
270.556,1.1499352817665596,63.32958069958462,74.04831959455944
270.656,0.9576872210292535,63.30426172580534,74.30825954165388
270.756,,,
270.856,,,
270.956,0.02365948741383761,64.62338679513911,82.73429414079808
271.056,-0.3246436343892185,65.52275943805812,87.90594025954174
271.156,-0.6291699641282378,66.44896119544967,93.34867076525967
271.256,-0.8579962240930854,67.20420370798543,98.18060709160586
271.356,,,
271.456,-1.055949156699512,67.71645640546029,103.59984944869666
271.556,-1.0660942190086828,67.54936183440952,104.27491237983261
271.656,-1.0682620799732305,67.32451224686909,104.3810449027041
271.756,,,
271.856,-1.1309858456222912,67.2951514308417,105.29836164785678
271.956,-1.144850845276217,67.51013012289333,106.55749755387421
272.056,-1.0670594357003935,67.70656280724722,108.12696261748604
272.156,,,
272.256,-0.4678066563395049,67.42471107901456,110.7357836481479
272.356,0.001324861228411578,66.86688183261992,111.22139766955783
272.456,0.4561908464125395,66.16515813592812,110.99791477376002
272.556,,,
272.656,0.8943024761396359,64.94842697753712,108.32887704838504
272.756,0.7761661252989427,64.62165192904146,105.9727209012274
272.856,,,
272.956,,,
273.056,-0.388492152099424,64.70046157298013,98.2348190641395
273.156,-0.7515876840639848,64.92048628843594,96.87802638654463
273.256,-0.9989400427559403,65.15429784434883,96.51516638633476
273.356,-1.1297249143065642,65.36285592263363,96.98165268791921
273.456,-1.1723491148236533,65.52328699956361,97.93390565807564
273.556,-1.1599713208544955,65.63280477308086,99.01032823389819
273.656,-1.1139308872368616,65.70641783056787,99.96536020012282
273.756,-1.0419029573575642,65.76833779055094,100.71176128564944
273.856,-0.9454761079532474,65.84075379224659,101.26786429548176
273.956,-0.8291386021429261,65.93554478763231,101.66299141706016
274.056,-0.7071521110413173,66.05270606304244,101.8662555887701
274.156,-0.6076299078925729,66.18473214045476,101.77864277841651
274.256,-0.570887305041019,66.32261195626631,101.29231760791995
274.356,-0.6380169190026379,66.45922173711372,100.3821858480504
274.456,,,
274.556,-1.136947272667804,66.70342217564676,97.8804315667101
274.656,,,
274.756,,,
274.856,-2.091803590097342,66.82034257089029,96.01344213712215
274.956,-2.2034162277175255,66.74270220234095,96.39255500604315
275.056,-2.179584792334296,66.61317674892605,97.16006070056208
275.156,-2.058224948516532,66.45932293927564,98.14011798769704
275.256,-1.8940991763277992,66.31739634705868,99.17795344949289
275.356,-1.7360696191531915,66.21985116853254,100.20670551989784
275.456,-1.6115761321919493,66.18323936025595,101.24706373890227
275.556,-1.5247861132950504,66.20174382945235,102.3218379984174
275.656,-1.466459340226244,66.24876507884218,103.34680689738983
275.756,-1.4258855532876638,66.28556124012572,104.09262622415449
275.856,-1.3955853575982857,66.27376788596672,104.26267828388703
275.956,-1.36755140514569,66.18779450600526,103.64528376935687
276.056,-1.3276741397047616,66.02315780485544,102.24359284399985
276.156,-1.2562772923295427,65.79797081041072,100.29989502856155
276.256,-1.1371933265115146,65.54707421938724,98.20294273978878
276.356,-0.9696924713846826,65.31088660017505,96.34050639091625
276.456,-0.7735288383470547,65.12305173429226,94.97784957641848
276.556,-0.5820258834640413,65.00150041527445,94.20643685898217
276.656,-0.4276272538492947,64.94594225099786,93.96082941991197
276.756,-0.3293363212286451,64.94171049303789,94.0771887413442
276.856,-0.28830840924624823,64.96724466658202,94.36346435623551
276.956,-0.2914772504716865,65.00172141239187,94.65770229276455
277.056,-0.31921248439913086,65.03027610017368,94.86081333081619
277.156,-0.3528006267086923,65.04588096808085,94.9412693939927
277.256,-0.3792603991819874,65.04835853949412,94.91870054543288
277.356,-0.3928824865559548,65.04177509988911,94.83820537557328
277.456,-0.39414708577656654,65.0315498340106,94.74648378923513
277.556,-0.38723246598962646,65.02224391311584,94.67650093580805
277.656,-0.3773346367061876,65.0164469872122,94.64223812004875
277.756,-0.36866598055011934,65.0146942564012,94.64134576509946
277.856,-0.36349912926418426,65.01605652961867,94.66190185383202
277.956,-0.36217091063184625,65.01897017403931,94.68965347497827
278.056,-0.3636913540887292,65.02195948843087,94.71332088246534
278.156,-0.36654284317389596,65.02406573657643,94.72702926243123
278.256,-0.36934885199918455,65.02495693799628,94.73016243318204
278.356,-0.37125190211914116,65.0248015868094,94.72562745583727
278.456,-0.37199049465932177,65.02403250123307,94.71765493119553
278.556,-0.3717619842950981,65.02311487540175,94.70999339583035
278.656,-0.3709927332448544,65.02238936777994,94.70491741670016
278.756,-0.3701211609076722,65.02201162525057,94.70305990623682
278.856,-0.36945660980541817,65.02197169829046,94.7038178726045
278.956,-0.3691302642026528,65.02215795914775,94.70599434332676
279.056,-0.36911966416075614,65.02242925046674,94.70838966841393
279.156,-0.3693121418792771,65.02266974492987,94.7101765318001
279.256,-0.3695730893320004,65.02281575909544,94.711021186198
279.356,-0.3697959892391225,65.02285646026272,94.71100627018012
279.456,-0.36992530964305104,65.02281783388149,94.71045211977275
279.556,-0.36995509326911247,65.02274105849804,94.70972957547478
279.656,-0.36991260837657336,65.0226640852798,94.70912579066695
279.756,-0.36983764398566876,65.02261098911364,94.708785424321
279.856,-0.3697655044140262,65.0225895576434,94.70871786703067
279.956,-0.36971764732835055,65.02259484455105,94.7088439925398
280.056,-0.3697000778500268,65.02261538863429,94.70905333983015
280.156,-0.36970715111988994,65.02263918036617,94.70925006518385
280.256,-0.3697276111661125,65.02265760815021,94.70937746017849
280.356,-0.36975016158407925,65.02266689570826,94.7094212620837
280.456,-0.3697670028830018,65.02266750379562,94.70939851281238
280.556,-0.3697749802661008,65.02266243042854,94.70934074784212
280.656,-0.36977486155587513,65.02265534418956,94.70927883968285
280.756,-0.3697696571473301,65.02264919399745,94.70923361450288
280.856,-0.3697628576856502,65.02264555386434,94.7092130476397
280.956,-0.3697571692174577,65.02264463702869,94.70921449631405
281.056,-0.3697539575275002,65.02264572922164,94.70922942333944
281.156,-0.36975331447787596,65.02264775203155,94.70924822401632
281.256,-0.36975449722550735,65.02264973291547,94.70926361317602
281.356,-0.3697564664147919,65.02265106958136,94.70927204500629
281.456,-0.3697583191728242,65.02265158181919,94.70927344540438
281.556,-0.3697595205230826,65.02265141268064,94.70926996006284
281.656,-0.36975993509066996,65.02265086515048,94.70926447014251
281.756,-0.3697597225573901,65.02265024893089,94.70925942374473
281.856,-0.3697591795065378,65.0226497814016,94.70925623157592
281.956,-0.3697585966620949,65.0226495537418,94.70925520804914
282.056,-0.36975817038556613,65.0226495488469,94.7092558758668
282.156,-0.3697579761005869,65.02264968643053,94.70925740562062
282.256,-0.36975798918951597,65.02264987126428,94.70925900373787
282.356,-0.3697581294103216,65.02265002835954,94.70926014677595
282.456,-0.3697583063463199,65.02265011891768,94.70926064543924
282.556,-0.36975845133692786,65.02265013913693,94.70926058088754
282.656,-0.36975853089857935,65.02265010854455,94.70926018009965
282.756,-0.36975854424782284,65.02265005534005,94.70925969154288
282.856,-0.36975851153858486,65.02265000441686,94.70925929980065
282.956,-0.36975845989009315,65.02264997081478,94.70925909147243
283.056,-0.36975841237288165,65.02264995864999,94.70925906415594
283.156,-0.36975838230060987,65.02264996384395,94.70925915988133
283.256,-0.36975837265696754,65.02264997840525,94.70925930359581
283.356,-0.36975837895263197,65.02264999435829,94.70925943284651
283.456,-0.3697583933622113,65.02265000622269,94.70925951263357
283.556,-0.36975840838585583,65.02265001180339,94.7092595362482
283.656,-0.3697584190702017,65.02265001166572,94.7092595169833
283.756,-0.3697584236298326,65.02265000794348,94.70925947663747
283.856,-0.3697584228612669,65.0226500030978,94.70925943558458
283.956,-0.3697584189709531,65.0226499990337,94.70925940692479
284.056,-0.36975841438877666,65.02264999671786,94.70925939504247
284.156,-0.3697584109282914,65.02264999623141,94.7092593974175
284.256,-0.36975840941855864,65.02264999707774,94.70925940794186
284.356,-0.369758409745387,65.02264999855116,94.70925942016764
284.456,-0.36975841115076236,65.02265000002411,94.70925942950394
284.556,-0.3697584126311426,65.02265000109193,94.70925943405315
284.656,-0.3697584133147842,65.0226500015859,94.7092594343002
284.756,-0.3697584127502367,65.02265000150892,94.70925943212391
284.856,-0.36975841106814755,65.02265000095792,94.70925942964871
284.956,-0.36975840899060586,65.02265000007812,94.70925942832343
285.056,-0.3697584076625944,65.02264999906214,94.70925942844401
285.156,-0.36975840829394,65.02264999817109,94.70925942918242
285.256,-0.36975841164836254,65.02264999773625,94.70925942905575
285.356,-0.36975841749402605,65.02264999810022,94.709259426693
285.456,-0.3697584242252958,65.0226499994808,94.70925942166403
285.556,-0.3697584289146647,65.02265000178652,94.70925941509628
285.656,-0.36975842800929826,65.02265000445851,94.70925940978287
285.756,-0.3697584187121308,65.02265000644667,94.70925940953768
285.856,-0.36975840077533206,65.02265000642028,94.70925941775631
285.956,-0.3697583780755167,65.02265000324945,94.70925943544725
286.056,-0.3697583590776148,65.02264999667756,94.70925945936875
286.156,-0.36975835531546863,65.02264998796028,94.70925948123298
286.256,-0.3697583774904061,65.02264998013285,94.70925948892773
286.356,-0.3697584297192904,65.02264997755432,94.70925947032175
286.456,-0.36975850369183405,65.02264998453225,94.70925941925748
286.556,-0.3697585755598709,65.02265000317105,94.70925934205354
286.656,-0.36975860867528354,65.02265003105501,94.70925926161331
286.756,-0.3697585642221455,65.02265005981283,94.70925921574201
286.856,-0.36975841908655127,65.02265007578411,94.70925924714861
286.956,-0.36975818635883684,65.02265006367959,94.70925938523304
287.056,-0.3697579298949094,65.0226500131702,94.70925962387088
287.156,-0.36975776231076907,65.0226499268564,94.7092599038156
287.256,-0.3697578177848797,65.02264982649214,94.7092601110686
287.356,-0.36975819844830937,65.02264975338207,94.70926010128626
287.456,-0.369758905452251,65.02264975937418,94.70925975330704
287.556,-0.3697597797886445,65.02264988742813,94.70925904231865
287.656,-0.3697604876922469,65.02265014528501,94.70925810800831
287.756,-0.3697605836915656,65.02265048121006,94.70925728120206
287.856,-0.36975966530825133,65.02265077496686,94.70925703176819
287.956,-0.36975759635972594,65.02265085731128,94.70925781776211
288.056,-0.36975472863862535,65.02265056495241,94.70925985282682
288.156,-0.36975201177892814,65.02264982448081,94.70926285904389
288.256,-0.36975087226421977,65.02264874071582,94.70926591857857
288.356,-0.3697527872085118,65.02264764849868,94.70926755458241
288.456,-0.36975858579434373,65.02264708118818,94.70926613454246
288.556,-0.36976766455767773,65.02264762303733,94.70926058445804
288.656,-0.36977745323250133,65.02264965080344,94.70925124230776
288.756,-0.36978353983361245,65.02265302763834,94.70924051103718
288.856,-0.36978077597331804,65.02265687241677,94.70923287292254
288.956,-0.36976538665095404,65.0226595619699,94.70923388754404
289.056,-0.3697376277981803,65.02265910030778,94.70924807722278
289.156,-0.369703999826541,65.02265388588287,94.70927609624091
289.256,-0.3696776685937735,65.02264372980856,94.70931216322849
289.356,-0.3696758458596179,65.02263076889787,94.70934317491641
289.456,-0.3697136553792646,65.02261976251019,94.70935091397082
289.556,-0.3697954676825361,65.02261726925686,94.7093180585645
289.656,-0.369906504672592,65.02262945913655,94.70923723840255
289.756,-0.3700090080950176,65.02265884728092,94.70912044258999
289.856,-0.37004750917824936,65.0227009330517,94.70900434809292
289.956,-0.369965885066307,65.02274234586935,94.70894657587172
290.056,-0.3697346376909181,65.02276228610218,94.70900945270981
290.156,-0.36938088503445243,65.02273846348733,94.70923202573472
290.256,-0.36900785926560076,65.02265721704991,94.70959730192594
290.356,-0.3687882127582611,65.0225252563509,94.71000809356256
290.456,-0.36891922837727265,65.02237817890135,94.71028838037489
290.556,-0.3695398945222834,65.02227969509997,94.71022432310242
290.656,-0.37062857595736887,65.02230654916227,94.70964769560872
290.756,-0.3719204474496678,65.0225182649408,94.70854520669464
290.856,-0.37289685125698213,65.02291781837532,94.70715490623755
290.956,-0.37289356108708915,65.02341735104321,94.70599478892022
291.056,-0.371343584129761,65.02382874629913,94.70577015279457
291.156,-0.3681128759317147,65.02389813927277,94.70713464894692
291.256,-0.36381737384229496,65.02339284508903,94.71033733194882
291.356,-0.35995416378374756,65.02222827212714,94.71486356030049
291.456,-0.3586740682289218,65.02059544866918,94.71924433735032
291.556,-0.3620992320906353,65.01902661002917,94.72122678341272
291.656,-0.3712574190781197,65.018330472623,94.71842932399771
291.756,-0.38493553298680894,65.0193533110055,94.7094354475264
291.856,-0.3989713762040594,65.02258229853881,94.69504252048928
291.956,-0.40659008049174616,65.0276949032831,94.67915717147415
292.056,-0.40023261842961233,65.03324521116438,94.6687191341077
292.156,-0.3748563681881052,65.03672210790428,94.67214082557851
292.256,-0.3319691569574914,65.03516916574543,94.69615928029724
292.356,-0.2829039570643559,65.0263933325341,94.7417633406943
292.456,-0.24940562196259464,65.01052268774893,94.80087270229502
292.556,-0.2598800284320575,64.99137621133728,94.85623243684584
292.656,-0.3409197276705669,64.97691279859247,94.88671832648738
292.756,-0.5059016216970917,64.97809114248874,94.87829458878245
292.856,-0.744938275817475,65.00591568128027,94.83760627452027
292.956,-1.0219511859588692,65.06725716541509,94.80192166327959
293.056,-1.2832376926838975,65.16099087831608,94.83731769790417
293.156,-1.4763202513174534,65.27658878111173,95.0192328502706
293.256,-1.5702608430998595,65.39686187692011,95.39889363221957
293.356,-1.5657337547683454,65.50470259012397,95.97171362734758
293.456,-1.489780864758579,65.59106220029805,96.66723739879647
293.556,-1.3810203179866036,65.65977361814248,97.36885497462491
293.656,-1.2756067895581538,65.72583315082848,97.95455713299994
293.756,-1.199880301866294,65.80721313759733,98.33896347223182
293.856,-1.1691895537765546,65.91407429692683,98.49633529738848
293.956,-1.1897138764985442,66.04108549562329,98.45498748243574
294.056,-1.2608437432455943,66.16746508282273,98.27045581713317
294.156,-1.3767123985092269,66.26564791341319,97.99687781414057
294.256,-1.525800128408875,66.3146782958845,97.67584349666984
294.356,-1.6889181617590197,66.31139167823564,97.34973501443572
294.456,-1.838864630933493,66.27353700688181,97.08682162936631
294.556,-1.9461581782166277,66.23342939755122,96.98832214355303
294.656,-1.9913190350527543,66.22526153865643,97.15017362768229
294.756,-1.9776464298109317,66.2714289254347,97.58532266810433
294.856,-1.9351984935580049,66.3730483550908,98.15948211839579
294.956,-1.9104401558001385,66.50824540704895,98.60857649024075
295.056,-1.94528198074633,66.63931680043783,98.65556307196955
295.156,-2.0569858742073706,66.72664287010052,98.15894023646106
295.256,-2.2299356307815046,66.74395464904022,97.19023053298356
295.356,-2.422520755225449,66.68812927046481,95.9963485926946
295.456,-2.5841141876982974,66.57877609890151,94.89142905957533
295.556,-2.6734359389782725,66.44792832859191,94.15203597944758
295.656,-2.671173219571706,66.32524406021305,93.95561156521613
295.756,-2.5841887220360746,66.22608779470531,94.36151851451989
295.856,-2.4423270854557586,66.14773796852255,95.31961572169776
295.956,-2.2897387421796935,66.07450063028857,96.694906961763
296.056,-2.172463737638104,65.98842829424459,98.30186936440633
296.156,-2.125019594691146,65.88033612308605,99.94322669054725
296.256,-2.1600040489109134,65.7561785956398,101.4482775370471
296.356,-2.264155475388769,65.63619459164734,102.70604263460564
296.456,-2.4021825957857956,65.54760572663034,103.6856173474782
296.556,-2.5277354538641035,65.51447890304503,104.43296960617977
296.656,-2.599373568936528,65.54926053592193,105.03867028507017
296.756,-2.596925940304324,65.64937684426604,105.58706369696955
296.856,-2.5308713297868906,65.80004941091836,106.11268632769617
296.956,-2.4385551469316837,65.98192744096634,106.58865586685314
297.056,-2.3683489820244006,66.18003107391435,106.95185740546216
297.156,-2.3607351179184235,66.38981459295579,107.14575448697306
297.256,-2.436298870574042,66.61763118408517,107.1517970590584
297.356,-2.5945037387667256,66.87596596271379,106.99216295278816
297.456,-2.819815730848518,67.1764777110616,106.71167922613282
297.556,-3.0886118079457034,67.52431768866046,106.36344820428715
297.656,-3.372918947110982,67.91558888278513,106.01251305013892
297.756,-3.6424556744130214,68.3379208825254,105.74464195085974
297.856,-3.869246304491341,68.77320037089933,105.65542897707911
297.956,-4.036449652810418,69.20140797088862,105.81410029736676
298.056,-4.147570422392015,69.60463728459513,106.22595173843453
298.156,-4.229233662238947,69.9704046893729,106.82533450001512
298.256,-4.32359478244468,70.29332892529867,107.50897466212811
298.356,-4.473279459753158,70.57433699607004,108.18826675062905
298.456,-4.706425851799018,70.81717582236831,108.8267546605268
298.556,-5.028040670054764,71.02352615704933,109.44308377803611
298.656,-5.418980604059101,71.18956247749938,110.08426897842372
298.756,-5.840650748400378,71.30654575173041,110.7886555750064
298.856,-6.243482124902272,71.36556379466772,111.55712750874042
298.956,-6.577876733206587,71.36386630840073,112.34408632192694
299.056,-6.805783777273341,71.30946607392548,113.07293228691893
299.156,-6.9102277375924075,71.22183257830675,113.67145669355722
299.256,-6.900246707057583,71.12840880254575,114.11207992351495
299.356,-6.8099363801905,71.05838455304931,114.43983853282447
299.456,-6.691844595887382,71.03599374699397,114.77787718107203
299.556,-6.606051449731176,71.0751575344374,115.3042105798566
299.656,-6.606882074985734,71.17614193052367,116.1938409930847
299.756,-6.7300417032080375,71.3243970036833,117.53174331192787
299.856,-6.984181542359465,71.49223666685748,119.22791755117166
299.956,-7.350618074410555,71.64408585966174,120.9846017943548
300.056,-7.791097351461154,71.7445001850189,122.35453247826405
300.156,-8.258386074703608,71.76607376829644,122.8864943118183
300.256,-8.703566644969776,71.69388354173222,122.30407236084554
300.356,-9.078588925237867,71.52507742499094,120.63687760904745
300.456,-9.33791608755076,71.26507057405135,118.23715120833387
300.556,-9.443638807720056,70.92327371661338,115.66530074912447
300.656,-9.37398749972349,70.51051826470383,113.49418326620679
300.756,-9.130486272798727,70.03845040315534,112.12286387550293
300.856,-8.738739997844185,69.51964990966613,111.67473639135179
300.956,-8.241788647569955,68.96695371297719,112.00081904425073
301.056,-7.689312947551464,68.3916842485052,112.76356529224483
301.156,-7.127663613899841,67.80227340190098,113.55857640177067
301.256,-6.593734652052056,67.20501211850488,114.03105534202359
301.356,-6.112040714161026,66.60670033328694,113.95568331374801
301.456,-5.6930444038131895,66.01713414870243,113.2684608854311
301.556,-5.332857861751954,65.44967976847288,112.05132847589053
301.656,-5.016188158392502,64.91967640078488,110.47550105137276
301.756,-4.722856687783704,64.44135745919482,108.72534654964878
301.856,-4.435164887102843,64.0244231318309,106.94235652406127
301.956,-4.1423255539748425,63.67180594570869,105.21745699535865
302.056,-3.840120722712463,63.3798751024076,103.62136680852302
302.156,-3.527192419245843,63.14085343116676,102.23393037220741
302.256,-3.20158504607614,62.945678779341435,101.13823554315226
302.356,-2.860477869655668,62.78552748972062,100.37502629878058
302.456,-2.5026027373785027,62.65178370068085,99.88575575881906
302.556,-2.129749167439712,62.53557585386174,99.48958323096338
302.656,-1.7442467461770548,62.427732921511655,98.92636578772223
302.756,-1.343046960112531,62.31907788878664,97.95545855204955
302.856,-0.9127472847840039,62.20089170978463,96.45728225768751
302.956,-0.43068633200370954,62.06575850420361,94.47856446988658
303.056,0.12584136771538112,61.908647858688504,92.20052281342224
303.156,0.765944623004458,61.72737127697595,89.85848116598336
303.256,1.475483830670477,61.52168694014015,87.66079234278601
303.356,2.218780588444851,61.29130318670304,85.73723001880245
303.456,2.9515287005666053,61.03389577700165,84.12065603026329
303.556,3.636768218348479,60.74445078524328,82.75642422978993
303.656,4.2545754854243505,60.41662191747269,81.53577271495662
303.756,4.8022749881470475,60.045596323396325,80.34492181600416
303.856,5.28912320249832,59.631066845794585,79.11126871458585
303.956,5.731236083331858,59.17891981862415,77.82479132128245
304.056,6.148923929330142,58.70087668956336,76.52308683259675
304.156,6.5645917504871605,58.21215243075289,75.24869381745842
304.256,6.9990170277119965,57.72807014026984,74.00597736439695
304.356,7.466290690186774,57.2610589947926,72.7469836539606
304.456,7.969414990287131,56.81899876371521,71.3952801099796
304.556,8.498045482966965,56.40482418486907,69.88838459597433
304.656,9.029005401083289,56.01682681940812,68.20956024307793
304.756,9.530390353219182,55.64959235311379,66.3971278081944
304.856,9.969623607953707,55.29601931743723,64.5399614617621
304.956,10.323052167420236,54.950417280178755,62.76676632139049
305.056,10.582066279446238,54.61164944145291,61.2239202103917
305.156,10.75226421612453,54.28484926162862,60.03719183214635
305.256,10.847062793166103,53.980968986970176,59.267608673775484
305.356,10.880464971625916,53.71453981837197,58.881991401230735
305.456,10.863106528463831,53.50033283469533,58.75457590838545
305.556,10.802958038344077,53.34932936733671,58.70325060441468
305.656,10.709181799726686,53.264818392166745,58.54851623439683
305.756,10.595810937885915,53.24025254967405,58.170840198313996
305.856,10.482253329462992,53.26007085295423,57.54322380645577
305.956,10.389874781253031,53.30302573521718,56.7327238462065
306.056,10.33591453280831,53.346393112763174,55.879186684933316
306.156,10.326597280065922,53.36968027249441,55.158463068188155
306.256,10.35191330690298,53.35733382275931,54.734747733924195
306.356,10.385460783400159,53.30051525427386,54.71419957569526
306.456,10.391414860066124,53.197937963486034,55.11585598429647
306.556,10.336424013334323,53.05535344376454,55.86638964881432
306.656,10.200704465085764,52.883272596469205,56.81619861379562
306.756,9.982921327084668,52.69345976996558,57.7734267927751
306.856,9.697163253179589,52.49599286842106,58.548361209243325
306.956,9.365229850563324,52.298622790935106,58.9927791176744
307.056,9.010196450273071,52.108280803127585,59.02299862630369
307.156,8.654947482467577,51.932665721023646,58.62862356170308
307.256,8.324069080479052,51.78004911082661,57.870728858384155
307.356,8.044687416659698,51.65756021038805,56.864988794309
307.456,7.843632487251696,51.56986061316729,55.74829409430363
307.556,7.74169814428339,51.51959464085849,54.64372877408344
307.656,7.74731165874935,51.50913924816463,53.644410014249914
307.756,7.8512657553961205,51.54197886785466,52.817267202093944
307.856,8.023664742858024,51.62238419642652,52.20596179129679
307.956,8.21537354686556,51.75341170314439,51.81983871456424
308.056,8.366729767767026,51.93457256918193,51.624008863658574
308.156,8.422815125119975,52.1609991674669,51.554075773523664
308.256,8.348694229512745,52.42509101190946,51.554720069752605
308.356,8.135795797209141,52.719958948437245,51.61412096632813
308.456,7.795583833721569,53.04283119788944,51.766764154097984
308.556,7.345511898023318,53.39662717058289,52.063348092038964
308.656,6.797709141269944,53.78877994279972,52.53100072355568
308.756,6.158091032576266,54.227752566680685,53.14948537307103
308.856,5.435273394697571,54.71907429224341,53.85425683761889
308.956,4.652236919987782,55.262862007443765,54.56099031320602
309.056,3.8528596805670148,55.85330335839529,55.19687057617354
309.156,3.098412611108671,56.47921448148172,55.723175026466336
309.256,2.453541976576304,57.1250293196156,56.14056644467803
309.356,1.9660506733933119,57.77245387956547,56.478639243463064
309.456,1.648722226304372,58.40299009864783,56.77986614941537
309.556,1.4723706582124052,59.000855651873465,57.09130358480651
309.656,1.3751798921665497,59.555511049461124,57.47087384514033
309.756,1.2853094712212467,60.063048269671945,57.99971341756651
309.856,1.1468370181161873,60.525728544300016,58.780570859979136
309.956,0.9379220915774695,60.94935466306311,59.90957231540108
310.056,0.6744796310713639,61.339257860580055,61.43302671425376
310.156,0.39948210429241726,61.69681961004551,63.319944820579636
310.256,0.1638694757903565,62.018639739773135,65.4732427846004
310.356,0.007422357747536523,62.29933691586268,67.77242192303603
310.456,-0.05341987275897253,62.53692095115631,70.1165416760474
310.556,-0.027286196641327365,62.7377318752315,72.44158649292781
310.656,0.059845150121482504,62.91752539800995,74.71177591104974
310.756,0.1762336194971681,63.09714720108939,76.90182596495994
310.856,0.2929526732701717,63.29428282239133,78.98502530029741
310.956,0.38693329495225015,63.514988496182795,80.93253408003964
311.056,0.44190441241673284,63.749169622501974,82.72385987488093
311.156,0.4511327439492234,63.97287276112545,84.36218632527853
311.256,0.4204208845452797,64.15723542592762,85.87711297063935
311.356,0.36584897736553046,64.28033364833644,87.29800375526918
311.456,0.3038818636255982,64.33645392155822,88.60856136063984
311.556,0.23882493336643762,64.33879267572888,89.72316691697169
311.656,0.15671982840898124,64.31491260997969,90.51695428722257
311.756,0.031600637604881854,64.29720354723347,90.89705887735853
311.856,-0.1578324232364352,64.31199653201872,90.86826388536552
311.956,-0.40995107351130144,64.37106370026368,90.55274143100563
312.056,-0.6911959698147996,64.46845925528909,90.1554853059803
312.156,-0.9433243876449282,64.5839315806907,89.89507232091599
312.256,-1.1054568139848229,64.69140259556677,89.93260637310243
312.356,-1.1407336165004764,64.76861323017094,90.32916048083723
312.456,-1.0544321352782333,64.8040347707901,91.04294123366306
312.556,-0.8953418585870025,64.79941160923065,91.95374739377559
312.656,-0.740443736556017,64.76836935073013,92.89504638637828
312.756,-0.6691382637176915,64.73217151465965,93.6864267486161
312.856,-0.7362578257410348,64.71395314839448,94.1725788641574
312.956,-0.9531664146287255,64.73307517851734,94.2717480538363
313.056,-1.2834146287131247,64.80089413689156,94.01668753466006
313.156,-1.6548349416221129,64.91831926790931,93.55522763750373
313.256,-1.9846211157100484,65.07516621712806,93.09360967831786
313.356,-2.2080679341656477,65.25188358373448,92.80917394822916
313.456,-2.298346844320619,65.42453625364293,92.78463650178257
313.556,-2.268911833631009,65.57256984791852,92.99670970570978
313.656,-2.1602978316332297,65.68636693533894,93.35270736516834
313.756,-2.020579789931965,65.77043071130701,93.74682636927591
313.856,-1.8888956698133867,65.83988274082793,94.10837030825431
313.956,-1.7875044499145005,65.91174866342094,94.42180528267689
314.056,-1.723746480824751,65.99566941043037,94.70816392874745
314.156,-1.699316448224792,66.08925606410014,94.97656753071695
314.256,-1.7205610417570583,66.18067844671239,95.17881375372308
314.356,-1.8022568632647022,66.2564942188236,95.20664346374946
314.456,-1.960735135419128,66.30934838815833,94.94620846380334
314.556,-2.1996074593285826,66.34066191843397,94.35978589824694
314.656,-2.4978896567845723,66.35722438794713,93.53526624250242
314.756,-2.810300703242561,66.36470815827865,92.66143622212991
314.856,-3.082316604907504,66.36293610494664,91.94217282657445
314.956,-3.2730933665780455,66.34643275902444,91.50525192638014
315.056,-3.373408190179987,66.31014240848623,91.3579278676226
315.156,-3.4074818792421766,66.25629340036963,91.40484797534815
315.256,-3.417033615889032,66.19697300126676,91.5081516579229
315.356,-3.4367591565436584,66.14960222669941,91.55568930995423
315.456,-3.4750400566539454,66.12757697804135,91.50750316371592
315.556,-3.5102854152709213,66.13193311165038,91.40341282897829
315.656,-3.5044819315762297,66.14923196495027,91.33555787494019
315.756,-3.425777517422425,66.15680044921486,91.4101898082508
315.856,-3.267224627275745,66.13229798392659,91.72274315429583
315.956,-3.052093301675974,66.06288497346927,92.35009957650459
316.056,-2.8241215856164033,65.95016736741296,93.34822199757058
316.156,-2.628612253844011,65.80940093960932,94.74440739636366
316.256,-2.494436797825969,65.6641024407085,96.52138558061047
316.356,-2.425938737577539,65.53914415766327,98.59727225232568
316.456,-2.407326432898678,65.45543754883595,100.81463353037866
316.556,-2.414333480985192,65.42748356731005,102.95952492114534
316.656,-2.424798992696907,65.46298746771487,104.82042270687978
316.756,-2.4236445863265956,65.56296089294618,106.26537543459278
316.856,-2.403931373524472,65.7215043408887,107.29007809207553
316.956,-2.367887550469895,65.92591421077593,107.99905914650071
317.056,-2.32887108882948,66.15858607271814,108.52575195162285
317.156,-2.311470157701443,66.40151956219016,108.9412839707833
317.256,-2.3466001298526393,66.64243819459794,109.21049015921386
317.356,-2.461631441327711,66.87988867874179,109.22127041801014
317.456,-2.6691530787589244,67.12437208591678,108.86563587865606
317.556,-2.959436513087738,67.39408293372908,108.12103656977624
317.656,-3.3006656577739406,67.7065472770561,107.08717364837031
317.756,-3.6479178833147543,68.0697824780123,105.96689108260554
317.856,-3.95760702978788,68.47718298023108,105.01052927713405
317.956,-4.201163482559153,68.90876101471456,104.45139985407974
318.056,-4.3725660401203115,69.33820808950814,104.45144026642416
318.156,-4.487837848157959,69.74203188443619,105.06670373427156
318.256,-4.577690578096373,70.1058818484612,106.23779374475237
318.356,-4.676646486202941,70.42519524101331,107.80456878416521
318.456,-4.813554364593138,70.7009851907403,109.5366179524836
318.556,-5.007203942619753,70.9341386665669,111.17259257196378
318.656,-5.2660260348162,71.12173349654766,112.47334457268468
318.756,-5.587241256322471,71.25729163764288,113.29229335063599
318.856,-5.952983519786365,71.33461344886827,113.63812403345835
318.956,-6.327215800849707,71.3529183851834,113.68177248763732
319.056,-6.660538119651818,71.32045099041414,113.68426109046021
319.156,-6.905261651188589,71.2547194567083,113.88146755104285
319.256,-7.034414318384158,71.1793429533033,114.39534020761391
319.356,-7.054697249325038,71.11891531736451,115.21714685597593
319.456,-7.007370807295956,71.09361213515595,116.25665020684764
319.556,-6.9570407162730845,71.11478939219289,117.41344648874735
319.656,-6.97221561562943,71.18230920689341,118.61844491482438
319.756,-7.104180436781178,71.28402306266183,119.81450818305532
319.856,-7.37230789417913,71.39769177093433,120.89069159898133
319.956,-7.761379220700867,71.49550008293494,121.63145664389532
320.056,-8.229245675727206,71.55062183760056,121.75049652304216
320.156,-8.717445773553258,71.54376090688712,121.02502258558945
320.256,-9.159389343773377,71.46654942521377,119.4589538060352
320.356,-9.48734093855029,71.31981972656148,117.35636664127082
320.456,-9.642424271142183,71.10794099117842,115.23495900700928
320.556,-9.588577982681848,70.83327611965335,113.61897185261373
320.656,-9.325855495947607,70.49465589198884,112.82515590586814
320.756,-8.895548004095787,70.09036899282466,112.84367345695946
320.856,-8.37192211056206,69.62254802735632,113.35433831816962
320.956,-7.84198989706713,69.09918491167345,113.860429141657
321.056,-7.380946617972413,68.5325478077629,113.88265329297514
321.156,-7.0322457711957895,67.93593198775953,113.13341842654148
321.256,-6.79809578556398,67.32163048451491,111.59882574330373
321.356,-6.642066257830216,66.70127959435544,109.50298900466095
321.456,-6.502415762444478,66.08750802253539,107.19373666952436
321.556,-6.312071180985797,65.49514482285934,105.02209828412427
321.656,-6.019072829362408,64.94086530176546,103.26510192083617
321.756,-5.601589622107404,64.44098075467092,102.09218331011101
321.856,-5.074155393532493,64.0079990715404,101.55033067243527
321.956,-4.483843744248901,63.647577589961806,101.55637698611376
322.056,-3.896478762180706,63.357648278854256,101.90832068641883
322.156,-3.3763422312721545,63.130199116674554,102.3292562389152
322.256,-2.9668695161346363,62.95430603794325,102.53531984948769
322.356,-2.6792963773355254,62.81827447204778,102.29975501318606
322.456,-2.490936612927456,62.7099808199564,101.49173313823779
322.556,-2.3507988574316556,62.616413056417144,100.09023893929228
322.656,-2.190564801930364,62.523978612039905,98.18267697158667
322.756,-1.9397881511158772,62.42003351193586,95.95038437647395
322.856,-1.542419944725033,62.29472385713464,93.63612185104087
322.956,-0.9700686776876069,62.141911686496734,91.49185364957685
323.056,-0.22879523889980646,61.95869255219514,89.71586091933732
323.156,0.6413991496226004,61.74406667312359,88.39934966728221
323.256,1.5747510348926212,61.49794583368944,87.50468584337996
323.356,2.4954571571532114,61.22129621698316,86.88441945028586
323.456,3.3376443291603124,60.91700266174465,86.33086673531044
323.556,4.062398666317616,60.59008936088949,85.63682435502362
323.656,4.664594408142513,60.24614401240329,84.65086373801985
323.756,5.167257507460981,59.88813976145544,83.31165445920394
323.856,5.607572578066009,59.51357805119086,81.64581808115248
323.956,6.021889954472972,59.11450510333624,79.73016349989356
324.056,6.435910098019278,58.68134522202136,77.64452748272875
324.156,6.862265598549222,58.20878712782717,75.44517465757876
324.256,7.3036445097247125,57.7006579765027,73.16706041366328
324.356,7.757569496691431,57.17155465983071,70.84383619524928
324.456,8.219537131865511,56.64464677398449,68.53116538285313
324.556,8.683525717688092,56.146422770258624,66.32146699175185
324.656,9.141077193404357,55.70001475671114,64.34025466905112
324.756,9.580366087561643,55.31911562539785,62.72029510545083
324.856,9.985421065865879,55.00449488677437,61.56025717591355
324.956,10.335908220305551,54.744608820649866,60.88362492394302
325.056,10.609897398901268,54.52040994023903,60.61735841587503
325.156,10.791591231632687,54.312595192344666,60.605637727363515
325.256,10.88105477375931,54.10845164855778,60.658908770350735
325.356,10.898613497523424,53.90581351309067,60.61641353918043
325.456,10.878679022714042,53.71290503329005,60.38912625108401
325.556,10.855118687087774,53.544300011952764,59.96486179458243
325.656,10.846711246342007,53.41462914750937,59.38724683582777
325.756,10.851704067581814,53.332610242512686,58.73447077063311
325.856,10.85429963797209,53.2977108293295,58.10848437016945
325.956,10.837598159608337,53.300242558834945,57.622271317137134
326.056,10.793817702365573,53.32403675085309,57.37047325869514
326.156,10.725920598916648,53.35015001442136,57.38682275090197
326.256,10.641354844061816,53.360381327841274,57.60978513883569
326.356,10.54335431517189,53.34009148387907,57.883310147790795
326.456,10.425847473923142,53.280251041843236,58.00982844884335
326.556,10.274975646827151,53.17857490317225,57.8435213970664
326.656,10.075775605508028,53.039294932219526,57.374530528031784
326.756,9.819895282750366,52.87120500555534,56.74607364095395
326.856,9.510760151581763,52.68452538151115,56.18757896540646
326.956,9.164721389473552,52.488278006874054,55.90387980458412
327.056,8.808145084817998,52.28979906690616,55.98210812807558
327.156,8.471249565617502,52.096270380810395,56.35671552165452
327.256,8.180928621384652,51.916347045036495,56.83770248496626
327.356,7.955876275867116,51.76010316246069,57.18070242597432
327.456,7.805971581493868,51.63744767182066,57.16759838596033
327.556,7.734655213740144,51.55664160882129,56.67161926582956
327.656,7.741078422846066,51.52403128883936,55.69207451115358
327.756,7.819698638956432,51.544502539718295,54.352134472670826
327.856,7.957033501689079,51.621387204162986,52.85995385514022
327.956,8.126804582711596,51.755304921928825,51.44460812848918
328.056,8.286320054878288,51.94281769141338,50.29114243603303
328.156,8.378494214040437,52.176448295562174,49.50239931649506
328.256,8.342456235130712,52.4468425325394,49.101104836599205
328.356,8.130105455688017,52.746244297997585,49.06053411293975
328.456,7.720740019079287,53.07142866325079,49.33538779303866
328.556,7.126584586432138,53.42449243110285,49.871312265621356
328.656,6.3881161635771235,53.81103264222418,50.59608106663313
328.756,5.56342981420341,54.23677569844943,51.41401298044424
328.856,4.716152315420953,54.70491650211497,52.21874487634298
328.956,3.9039488321216993,55.215865061183976,52.917331627615454
329.056,3.1695192170725335,55.7686682410686,53.44973351571953
329.156,2.537744448983787,56.36154386377745,53.80041127719616
329.256,2.0208374161750697,56.989859464157895,54.008504215215495
329.356,1.6268167191112894,57.64254357644009,54.1737052142627
329.456,1.3624587169636158,58.29990417081445,54.44444058559803
329.556,1.226536630957483,58.935746709712305,54.98301260649109
329.656,1.198821088783994,59.52434040281325,55.919474180787034
329.756,1.2351227723317066,60.04928844553666,57.31273366388402
329.856,1.2745359265215654,60.509343476604016,59.13202216155156
329.956,1.2566687566408703,60.91762311222211,61.26425138162652
330.056,1.1406017264148431,61.294474097229596,63.5460263703162
330.156,0.9168998024163599,61.65761336334378,65.81026687738863
330.256,0.6087041099075918,62.014296534243634,67.9307503023582
330.356,0.2638488581687284,62.358982625050025,69.85122899761961
330.456,-0.05755468871461744,62.67723918569942,71.59373070598514
330.556,-0.29727981763691247,62.953866375932186,73.24227410888231
330.656,-0.41402707384524007,63.181475816737624,74.90011027099413
330.756,-0.39703723090728005,63.365418797944976,76.6339868752778
330.856,-0.2725286457924554,63.522178765961456,78.43705159189409
330.956,-0.09719652231152764,63.67128061881333,80.2363653924387
331.056,0.06106947538147267,63.82465087831021,81.93909399872292
331.156,0.1477183817768548,63.979717054401426,83.48329443981443
331.256,0.14080139176367368,64.12079529128225,84.86039879341749
331.356,0.056535014509670134,64.22803010741956,86.10046379420415
331.456,-0.06212192871632993,64.28842656773779,87.23529820451155
331.556,-0.1695945197262958,64.30296828808405,88.26511147966208
331.656,-0.24227692218170205,64.28697392941017,89.14957719169814
331.756,-0.2892017696241709,64.26457500858706,89.82901477744183
331.856,-0.342496408982349,64.26029764406304,90.26418377079251
331.956,-0.43463228229346385,64.29106944402604,90.47114852014037
332.056,-0.5774567333771969,64.3613319185202,90.52718351565385
332.156,-0.755287746069186,64.46280398885547,90.53975148364556
332.256,-0.9345165645676801,64.5787849556509,90.59568624390482
332.356,-1.0826987381753526,64.69096836324043,90.72180252303795
332.456,-1.1860147930204405,64.7856155356934,90.87964648015421
332.556,-1.255525306477594,64.85658051078174,90.99587225297206
332.656,-1.3184117255096766,64.90486192220216,91.01339482435277
332.756,-1.3990769300086043,64.9364875019496,90.94104732385678
332.856,-1.5022025163213755,64.96076711075031,90.875307152795
332.956,-1.608958728100319,64.98923183509783,90.97410865669599
333.056,-1.6879813673703907,65.03399783672161,91.39042244501759
333.156,-1.712858107431252,65.10460583862974,92.20262541081603
333.256,-1.6757866524692773,65.204176026606,93.3773223161486
333.356,-1.591992617607012,65.32723464441325,94.77198694360806
333.456,-1.495009799401899,65.46131585403504,96.16389658808801
333.556,-1.425490196189152,65.5922108432434,97.29451799175777
333.656,-1.4170894575300608,65.7100346689658,97.92764687388471
333.756,-1.4838585799512103,65.81241383292709,97.9155918741261
333.856,-1.6141211950345422,65.9029925851436,97.25378013696753
333.956,-1.7747601987117392,65.98663495847968,96.09745203872629
334.056,-1.9259016677225063,66.0647552923187,94.72519148356864
334.156,-2.039404373735742,66.13380897595876,93.45892293275122
334.256,-2.1100904875797895,66.18753836170264,92.57205360946766
334.356,-2.152667339973469,66.22094839216848,92.21993342680827
334.456,-2.188183338364844,66.23319797219177,92.41071252236189
334.556,-2.231226022381243,66.2279648792374,93.01609225407505
334.656,-2.2860489929892225,66.2117899168862,93.81163537107498
334.756,-2.3507232340879582,66.19183468064352,94.53523897077942
334.856,-2.422473515645187,66.1741856026297,94.95516714327238
334.956,-2.4989517982015457,66.16304246417084,94.9375345748622
335.056,-2.5759716375121684,66.16055325191292,94.4935683287885
335.156,-2.645870338451992,66.16692345613937,93.78113181412292
335.256,-2.699433793054233,66.18056901137327,93.04819520788116
335.356,-2.73051563355569,66.19826994048212,92.53526454380624
335.456,-2.7398693914608003,66.21539307907115,92.37983502654431
335.556,-2.7352772317925584,66.22625122571621,92.57040276073236
335.656,-2.7279418706452603,66.22462442121946,92.97538662990702
335.756,-2.7274410909968836,66.20450933534582,93.43395781650311
335.856,-2.7376422614748748,66.16122277047273,93.86093756811155
335.956,-2.7550096977278073,66.09279349014167,94.30631555599483
336.056,-2.7699533117229507,66.00109189718466,94.9323634845264
336.156,-2.7708233526688986,65.8919053007494,95.91865277263605
336.256,-2.7489979289966513,65.77380205103925,97.34737379981739
336.356,-2.703331020897238,65.65681278837405,99.13110845796577
336.456,-2.6424157964726263,65.55223934150851,101.02370797757892
336.556,-2.58259434785262,65.47345690539191,102.71870267391554
336.656,-2.540425368747016,65.43585902303063,103.99574320372344
336.756,-2.5224866465260973,65.45436023829808,104.83547813437394
336.856,-2.5198332334811937,65.539077759893,105.42266581911431
336.956,-2.513641044469402,65.69160660736397,106.01970291949917
337.056,-2.4911707577785194,65.90407785011642,106.7815884261274
337.156,-2.461994137033223,66.16156886710178,107.62888220810365
337.256,-2.461636634263975,66.44681020074398,108.26437717933763
337.356,-2.5377967488825988,66.74530286814269,108.33281765900284
337.456,-2.726911410067352,67.04904329821869,107.63017070961479
337.556,-3.034664157377435,67.35769778479971,106.2322586847651
337.656,-3.429715132410614,67.67691850852756,104.47066286930487
337.756,-3.8519531746205686,68.0145093145239,102.79305908632229
337.856,-4.231212129898893,68.3760459667917,101.60789122301283
337.956,-4.50997509963603,68.76165948022633,101.18758484696785
338.056,-4.662384459302466,69.16491365587908,101.63910081868103
338.156,-4.702893629870452,69.57375407521955,102.91030176199757
338.256,-4.682316832732745,69.97286418889634,104.80409335357052
338.356,-4.673813737520014,70.34638470059969,107.00043649283376
338.456,-4.753067941291242,70.67993306096888,109.10903294599112
338.556,-4.9770006498444985,70.96153128992245,110.76627735146852
338.656,-5.366198373754116,71.18209564276576,111.74831216029895
338.756,-5.896515231123033,71.33641938736073,112.03899835382788
338.856,-6.502919063652705,71.42459757327987,111.81143228018331
338.956,-7.094601461312145,71.45279039033473,111.33936740032118
339.056,-7.577525497216797,71.43248410277255,110.89239294745238
339.156,-7.879604419432532,71.37864389894283,110.66178786220601
339.256,-7.97261512424776,71.30789752606893,110.7373944999218
339.356,-7.8834831621446,71.23746993972402,111.13176348745503
339.456,-7.688805050952119,71.18459883659656,111.82669709304338
339.556,-7.492480871892262,71.16549107985986,112.80339032592676
339.656,-7.394465244137429,71.1929327466967,114.02731749746798
339.756,-7.463259245291674,71.27235388192695,115.39621035178877
339.856,-7.722139034683984,71.39723256366224,116.69693062291876
339.956,-8.150729587870309,71.54588665185966,117.62297401937693
340.056,-8.695445995342517,71.68225648468267,117.87248007672031
340.156,-9.280822729585374,71.76226413400728,117.29227457914408
340.256,-9.819336331553139,71.74465650186589,115.98659211464854
340.356,-10.223246337544204,71.60247412338914,114.31205272013938
340.456,-10.421250532145343,71.3304313931802,112.74741777100391
340.556,-10.376401919767481,70.94511986652955,111.70603657629232
340.656,-10.097199259196763,70.47800968257029,111.38309681574202
340.756,-9.63561457306789,69.96415590093969,111.69431420700326
340.856,-9.071754741221604,69.43110213234571,112.31606332559366
340.956,-8.490483024201346,68.89215608001379,112.80898388234237
341.056,-7.958495715872779,68.34626305346953,112.78554472048788
341.156,-7.509940362587457,67.7840798186689,112.0577614873184
341.256,-7.144081851156173,67.19742036031748,110.7000706584885
341.356,-6.832705064412899,66.58765509310052,109.00363638362688
341.456,-6.532785443666789,65.9689625194937,107.35224687810452
341.556,-6.201442982172779,65.36513217539796,106.07693937132751
341.656,-5.810617595233779,64.80227816465917,105.34469270320054
341.756,-5.357064875893407,64.30157144625353,105.11912774511134
341.856,-4.863091981354529,63.8749854022496,105.20059038513969
341.956,-4.367093896782968,63.5246871252012,105.31763574300157
342.056,-3.907922181452008,63.2450863373628,105.22388323994622
342.156,-3.5100667948742625,63.0260851312776,104.76383686182706
342.256,-3.1761888262034645,62.8560797344201,103.89204545856163
342.356,-2.889804264236446,62.72357149517472,102.64547853314323
342.456,-2.6252282968466503,62.6172011803039,101.08614097606976
342.556,-2.357757631791948,62.525207813148484,99.25144868188401
342.656,-2.0681427717214547,62.43558614356106,97.14919721276307
342.756,-1.7408418988322865,62.3373267845228,94.80018529611273
342.856,-1.360348811607139,62.22208202393891,92.29190137713964
342.956,-0.9107044288887494,62.085236657623646,89.79552575459691
343.056,-0.3805787514478496,61.92560965747236,87.52428606027465
343.156,0.22836798800329206,61.74363963333886,85.65361019999798
343.256,0.8959637376836085,61.53878031171415,84.24772844712439
343.356,1.5859055655409406,61.307456414888264,83.2262671219268
343.456,2.255544802279829,61.04280508697647,82.38023331696829
343.556,2.8684533345701553,60.73662182353502,81.43669224147523
343.656,3.40564978504117,60.38277593245287,80.16449002112658
343.756,3.8733104819504263,59.98036189381073,78.48724688479531
343.856,4.304681677794086,59.534829065270365,76.54167990462554
343.956,4.752949831392453,59.05661724670021,74.63195114284567
344.056,5.274079212937849,58.55853534669855,73.09126107464463
344.156,5.904909542298611,58.0537909930267,72.1213697807989
344.256,6.646845325613967,57.55553502760543,71.69033199341928
344.356,7.463565087043786,57.07697338341007,71.53474625829442
344.456,8.29308394084627,56.630350039777575,71.26750458260392
344.556,9.066612793071208,56.224226711340926,70.54552747655438
344.656,9.725081684558212,55.86039646908299,69.2153828440314
344.756,10.229178835909003,55.53275823119432,67.3631433010872
344.856,10.56418428178911,55.22977033539637,65.25495277561448
344.956,10.741291427350511,54.93996644468798,63.21567853573035
345.056,10.794210608132872,54.65759296829354,61.51009130911662
345.156,10.769399759099297,54.38481131596719,60.27096581087065
345.256,10.712045075102143,54.129382309512145,59.48758325647013
345.356,10.65382198210127,53.90030056912753,59.04253037551139
345.456,10.608200262767117,53.704783882948654,58.77265282736863
345.556,10.57479551413827,53.54764934955719,58.53200169341086
345.656,10.549232233449906,53.43158672196623,58.24101298368511
345.756,10.532045013670121,53.35683494251615,57.90841534566695
345.856,10.531079425275077,53.32032508577539,57.6162412223792
345.956,10.556577697220241,53.31510824669419,57.47264335273782
346.056,10.613176567038398,53.33042201648381,57.55320844303127
346.156,10.69409172153707,53.3522468280066,57.85557203776294
346.256,10.779661982368125,53.36428442132138,58.28691247342411
346.356,10.839328102468293,53.34960497770988,58.69344381970478
346.456,10.836086240484313,53.29325471910532,58.92028172569874
346.556,10.73385923775465,53.18562554055717,58.86780027860151
346.656,10.507654553336042,53.02551187883247,58.51265045255283
346.756,10.153597593912433,52.82129886096641,57.89186997610908
346.856,9.694221293637696,52.58944889880607,57.075309422865644
346.956,9.175942694011084,52.35094094979062,56.148828527557185
347.056,8.658689185960245,52.12702997157339,55.20873025562412
347.156,8.200082319554916,51.935134427790224,54.35432488015151
347.256,7.839372240611006,51.78523704035683,53.671719595742104
347.356,7.5889311071826775,51.67789036657204,53.2153564157577
347.456,7.438884898546537,51.60548630186078,52.997959792312514
347.556,7.371743818393533,51.55728085850121,52.99305576315113
347.656,7.37567961929733,51.526368389675156,53.14691206054563
347.756,7.446248495474652,51.51535247743821,53.39447146851228
347.856,7.5764627641546305,51.53785777973243,53.67448623227453
347.956,7.744390785008278,51.61480526415663,53.939198589702414
348.056,7.908067564502019,51.76663020708579,54.153770658956475
348.156,8.01085424415275,52.004556947970315,54.28405044083378
348.256,7.99345421624114,52.324850349472854,54.280756750362514
348.356,7.806796884211327,52.70901545080414,54.0775686093568
348.456,7.422560661862644,53.1303811661119,53.617129933644605
348.556,6.840834195914574,53.56446858215789,52.89888124630555
348.656,6.094080891202928,53.99845835161591,52.01961472157967
348.756,5.2444863522467,54.43525418577446,51.172598475673524
348.856,4.372095768893484,54.890434926419964,50.59378525707045
348.956,3.5558447942525078,55.38405507753799,50.47892788725865
349.056,2.8550598789969825,55.93115977230661,50.91308812660229
349.156,2.299333770954796,56.53446372625133,51.841212067813345
349.256,1.8887771090532723,57.18140115496964,53.08284576330445
349.356,1.6002646476605946,57.8464642722095,54.37943870524704
349.456,1.3946047766597403,58.498067058505725,55.463031003307606
349.556,1.2238726039224375,59.10744458520411,56.13646412256455
349.656,1.0412380373712793,59.656335846123035,56.34709121489102
349.756,0.8138224295259491,60.1407458285965,56.22543215701316
349.856,0.5349353209978176,60.569614343499424,56.06411120339257
349.956,0.22972434070876346,60.95920580395255,56.23743353347862
350.056,-0.05069770848304245,61.325640107764684,57.09175268724964
350.156,-0.24751658345400074,61.67845807402003,58.846012724684655
350.256,-0.31916702215229265,62.01747466870287,61.527487926730274
350.356,-0.2614305816426281,62.333917886691175,64.95098085823956
350.456,-0.11174217912901696,62.615316100566616,68.74664696520261
350.556,0.06500439444318573,62.85213037121157,72.44484487055915
350.656,0.20183264351048535,63.043400002153085,75.61294280993285
350.756,0.25378307106515763,63.199078913349666,78.00035560021578
350.856,0.21040029568050045,63.33784488025263,79.61758520913905
350.956,0.09314059373049588,63.48049697638804,80.69830666115757
351.056,-0.05899653537323957,63.64091400604016,81.56368353275131
351.156,-0.20831074582226705,63.818650434245846,82.46682046911566
351.256,-0.33280650399038336,63.99759914516685,83.49987938576888
351.356,-0.4290679734055658,64.15226418977622,84.60197814786886
351.456,-0.5037996392961048,64.2587608990164,85.64438341489996
351.556,-0.562454720663446,64.30514947782602,86.52824987301001
351.656,-0.6039423514825017,64.2966641751954,87.23481147943778
351.756,-0.6234370976684787,64.25446315633316,87.80979663811381
351.856,-0.6190303358870395,64.20936933067385,88.3080843733751
351.956,-0.596744637609909,64.1932844674795,88.74387221157492
352.056,-0.5706230396787646,64.23060275501204,89.0795904686825
352.156,-0.558202073255039,64.33125234090683,89.25510617507777
352.256,-0.5752195263715763,64.4870481039968,89.23110672699448
352.356,-0.6339850038817261,64.67327854869342,89.01592003073864
352.456,-0.745672110242964,64.85613570336128,88.66347876299555
352.556,-0.9213375088222406,65.003560211476,88.25470608357818
352.656,-1.1662196423526225,65.0948818971746,87.88233892929543
352.756,-1.4687614009525234,65.12560756048747,87.64250800919
352.856,-1.7936257231452544,65.10681092998493,87.61893587255246
352.956,-2.088112438117804,65.06089702936698,87.85448428764458
353.056,-2.302086140151154,65.01571278796611,88.32679939032613
353.156,-2.4104344955225585,64.99802194963247,88.94633093473875
353.256,-2.4239561475819187,65.02682212572957,89.57851086096801
353.356,-2.3819066419837256,65.10759618114524,90.08504442307026
353.456,-2.3312356545487916,65.22977707634674,90.37829943562124
353.556,-2.3055781537204822,65.3698161120323,90.46477128958048
353.656,-2.3160875708518276,65.50003630502394,90.43834009060598
353.756,-2.3569593324480422,65.59993384758245,90.4141600007701
353.856,-2.418040007513781,65.66451088166123,90.45151248647814
353.956,-2.4935215431466915,65.70528754521996,90.52938968896187
354.056,-2.581405512470006,65.74323917893796,90.59030560281079
354.156,-2.6769537536656642,65.79718059545398,90.61022134861167
354.256,-2.767125574317191,65.87381912897163,90.6405676903299
354.356,-2.830862603673289,65.96486868261874,90.79889020424304
354.456,-2.845881460029908,66.05236320228762,91.21879832959785
354.556,-2.7991795291785806,66.11848538237572,91.98419283349648
354.656,-2.6963208248039194,66.15414764876735,93.07258388716045
354.756,-2.5643226731156687,66.16214840562208,94.33001369108717
354.856,-2.445477481842566,66.15431247951152,95.4954634357742
354.956,-2.384074437890959,66.14520090554576,96.27638072970177
355.056,-2.4115910143006687,66.14607403103791,96.44936547523935
355.156,-2.535608622986132,66.16157853822759,95.94090551860135
355.256,-2.7347252740810646,66.18941080750689,94.85334299708295
355.356,-2.9602169003398657,66.22175870883235,93.43329159274086
355.456,-3.1462911875331088,66.24732536703797,92.00402908633161
355.556,-3.230317925550928,66.25354340950084,90.88650876071337
355.656,-3.178654862706658,66.22917836299563,90.32541244000575
355.756,-3.0059170692356574,66.1673203316864,90.43102010654648
355.856,-2.7742206307001993,66.06794626016126,91.15400983719644
355.956,-2.568692715577292,65.93863027510527,92.31887103984265
356.056,-2.460292956142922,65.79248820394324,93.7205815365721
356.156,-2.4748845631289313,65.64415041221729,95.23437826149096
356.256,-2.5838447524324337,65.50620573627974,96.85625278474762
356.356,-2.720725482990609,65.38838354956093,98.63639174332158
356.456,-2.81545151446376,65.29951747915725,100.56001262744287
356.556,-2.82763404618467,65.25000996684261,102.47761470257032
356.656,-2.761687550703222,65.2520852848148,104.1404770150057
356.756,-2.658835473801517,65.3167043073555,105.3104903672641
356.856,-2.5740892762682037,65.44840928264482,105.86952416749733
356.956,-2.5514912038274744,65.64121201024076,105.86971478341945
357.056,-2.6085279081931603,65.87876883624841,105.50660518399556
357.156,-2.7341688037116754,66.13996509975591,105.03511128876627
357.256,-2.89825907474048,66.40760171815427,104.67217898358251
357.356,-3.066313884521165,66.67547921633498,104.52935361647789
357.456,-3.2137250503354124,66.94983768682127,104.59577710023751
357.556,-3.3348027923099366,67.24458206788748,104.76515151024927
357.656,-3.4435546590623645,67.57336997351862,104.88511376380995
357.756,-3.5657962041410656,67.94276343065664,104.8099635295332
357.856,-3.7263900978677427,68.34899471801835,104.44995470505137
357.956,-3.938151416696577,68.778503712705,103.81494314560729
358.056,-4.19747280077538,69.21112338170765,103.04086433468163
358.156,-4.48741743973855,69.62470205027424,102.37897722601082
358.256,-4.785559507892053,70.00008316136737,102.1361387102936
358.356,-5.072702003240899,70.32516970021587,102.57841143089244
358.456,-5.338891807507885,70.59662178582282,103.83324511441668
358.556,-5.584671166883268,70.81828004945616,105.82869877726071
358.656,-5.81807455749351,70.99697564093273,108.29153845673176
358.756,-6.049117242186298,71.13811800357679,110.80928412938636
358.856,-6.2826950989385395,71.2436646842767,112.95027840945303
358.956,-6.511627504548478,71.31327219509474,114.41036005276544
359.056,-6.7150669560955905,71.34725911645668,115.11768273507019
359.156,-6.867776060026621,71.34932549815026,115.22934163263628
359.256,-6.958742691298326,71.32776124561269,115.02019655057947
359.356,-7.008322476829342,71.29493498241087,114.73989122584379
359.456,-7.070287563266426,71.265405594427,114.528928036737
359.556,-7.212491365209459,71.25308188712948,114.43235922042598
359.656,-7.483302769319643,71.26784312551374,114.47441666794276
359.756,-7.88178304225287,71.31220312956744,114.71471947442163
359.856,-8.350566906333924,71.37896817743531,115.23004986598289
359.956,-8.799552490109257,71.45110164303225,116.03203098240118
360.056,-9.149272601184336,71.50458274636061,116.98176121258274
360.156,-9.367186954093796,71.5136272953973,117.76909355126759
360.256,-9.473823842355749,71.45609522286446,117.99569154600809
360.356,-9.51831287611499,71.31684688156227,117.34468263205787
360.456,-9.543196226927762,71.08849305652392,115.75346335910896
360.556,-9.560049473037864,70.77064128067249,113.48426274885529
360.656,-9.545485688892548,70.36880107792982,111.04590214723294
360.756,-9.454838104331728,69.89315644117306,109.01316552728133
360.856,-9.244504142627157,69.35697388247996,107.83500212717118
360.956,-8.893191996402138,68.77474461629124,107.69884953066818
361.056,-8.414706101315751,68.16045455649072,108.47381528018292
361.156,-7.858095646097453,67.52643604902995,109.7356833274651
361.256,-7.2944733379972675,66.88340549846271,110.87829336941508
361.356,-6.794710979810844,66.24213204131878,111.3019464030495
361.456,-6.406999437256829,65.61603724608572,110.62256331529724
361.556,-6.143104618207396,65.02257226509046,108.80612774773431
361.656,-5.976712552822455,64.48128824739918,106.16024181482712
361.756,-5.852622143357287,64.00873083237504,103.19868338568432
361.856,-5.7042336335741695,63.61287878072424,100.46011859896723
361.956,-5.474761942998462,63.29055612805861,98.36106188701504
362.056,-5.134172583123963,63.029583566114745,97.11836057696873
362.156,-4.684361000725573,62.81460982701125,96.73582127463314
362.256,-4.151493949582353,62.63339683918341,97.0362045060035
362.356,-3.57150496159921,62.48026142627384,97.72213226381143
362.456,-2.9771989066594102,62.355280249549196,98.44733300480281
362.556,-2.392568466986326,62.26012800031712,98.87595489327903
362.656,-1.8341790252453407,62.19282378394005,98.72000141104266
362.756,-1.3146892337039944,62.14412167098224,97.76717560439215
362.856,-0.8431648257645676,62.09758653030092,95.91546894738185
362.956,-0.4209664812860865,62.0332880053423,93.20974795632665
363.056,-0.03708227829949351,61.93278724382418,89.85362819991873
363.156,0.33191203031842775,61.782723109525044,86.17304345248556
363.256,0.7162987131162737,61.57597740683417,82.53886475004924
363.356,1.1464304275263473,61.31121028191802,79.28665029811299
363.456,1.6488069042351867,60.99205695600039,76.66896182362932
363.556,2.243470081107155,60.62657635116481,74.84351899890558
363.656,2.93815996895308,60.226415792615356,73.87294477628261
363.756,3.719361910367585,59.804643533495536,73.71178208104786
363.856,4.547546044906305,59.3721722564178,74.1817343754628
363.956,5.364239537707796,58.93444969848309,74.96630956533308
364.056,6.110455298675934,58.490677238986116,75.66111891435045
364.156,6.747622842392694,58.03646506398384,75.88206839843889
364.256,7.270881179339334,57.56871858342097,75.38537936188457
364.356,7.709021003942691,57.09021025388997,74.13516368746032
364.456,8.110693516017765,56.611448747736915,72.28479829900037
364.556,8.521496412257267,56.14891735149302,70.09040891699179
364.656,8.961376551937786,55.72050416938099,67.8058350575458
364.756,9.413534388660032,55.339933576735284,65.60557929870865
364.856,9.831149455519764,55.01219680371455,63.56173696464273
364.956,10.158565785167436,54.731872098159265,61.674635758783566
365.056,10.35585194597435,54.48557023722146,59.92968684875224
365.156,10.414959119300534,54.25801470766279,58.34143943026781
365.256,10.361364376839397,54.03916250099504,56.96299357993237
365.356,10.242867917818408,53.828886816301896,55.867894902661504
365.456,10.11275115358098,53.636845266033454,55.12372779542369
365.556,10.014936718906938,53.47762866212788,54.76764120701738
365.656,9.97495175783131,53.36375543980755,54.78480674432852
365.756,9.996884654407292,53.30000472836685,55.09496891986355
365.856,10.065615185677245,53.28131163433308,55.55849672945183
365.956,10.153170454992143,53.294142297630664,56.00621864779252
366.056,10.226598010562682,53.3197996723326,56.28217787114211
366.156,10.254397780492127,53.3381530866697,56.28232427381495
366.256,10.210879776739226,53.33108018868627,55.97901158560258
366.356,10.080458777650325,53.28543321696075,55.42954615784501
366.456,9.863211751096117,53.19520400620483,54.767882416942186
366.556,9.57920507841865,53.06215839565763,54.17617517904114
366.656,9.266689063513311,52.89433908141767,53.83683724150835
366.756,8.97159297416983,52.702936237740744,53.87594799381894
366.856,8.731160875398771,52.49934115114327,54.31617805106124
366.956,8.558889688240331,52.294127135774055,55.056471222507156
367.056,8.438517444841608,52.09780873537273,55.88801334424451
367.156,8.331313823546175,51.921370592950645,56.5450250428549
367.256,8.194613079642941,51.77490150857451,56.778472094085345
367.356,8.003497230227374,51.66493941300509,56.432747762263645
367.456,7.765603158060642,51.59283195722686,55.50069952965825
367.556,7.5222043812238475,51.555808119140934,54.135173995699546
367.656,7.334220735174341,51.550370395045775,52.60760206794146
367.756,7.25709762782607,51.57601931241523,51.222485620202065
367.856,7.313679797036201,51.637171923009014,50.21650868790357
367.956,7.478041948795081,51.74221095026981,49.68428774551785
368.056,7.680419998056262,51.9002509854839,49.566934439372346
368.156,7.831461442120748,52.1174753215302,49.70912570395434
368.256,7.851488437129149,52.39484128346619,49.94918631157451
368.356,7.6897333087532935,52.72775667294541,50.18787440075505
368.456,7.329701782116587,53.10732082576563,50.405762015264216
368.556,6.786908040644363,53.522552320982356,50.64142773681138
368.656,6.104459081047622,53.96301202804843,50.960587425337565
368.756,5.345214863593014,54.421098657551035,51.432388283811406
368.856,4.577746329007354,54.89358052704715,52.10898115933172
368.956,3.859034902180408,55.382267124045754,52.99991185555882
369.056,3.2217632021647162,55.89335566302381,54.045304539267576
369.156,2.6721706252204953,56.43475744485297,55.10662255850883
369.256,2.1980344570500066,57.011711541468564,55.99388632809932
369.356,1.7814281315489424,57.62231553979632,56.5303474691448
369.456,1.410213201574301,58.254917871597605,56.63095757385486
369.556,1.0835566693336247,58.888817760053186,56.35492413421842
369.656,0.8087376730157416,59.49876388202896,55.901038302705885
369.756,0.5909402136745214,60.06201618479317,55.54977279216152
369.856,0.4234382241229895,60.56490769074363,55.58892938992588
369.956,0.28594864125429353,61.00568317754386,56.255196517926265
370.056,0.1516316608890591,61.39240318793729,57.69370514547826
370.156,-0.0029480183500396606,61.73736441866812,59.9265827388661
370.256,-0.1885661672677088,62.05106573059382,62.84011913960052
370.356,-0.39541706529524134,62.33861790142127,66.20928755927446
370.456,-0.5901404599464755,62.599946634077,69.7552045390159
370.556,-0.7239171554569026,62.833039370731925,73.20670551508738
370.656,-0.7526008509269317,63.038037779965194,76.34261101038982
370.756,-0.660623663420516,63.2198897585705,79.01131426828229
370.856,-0.4751637953758916,63.388130147241284,81.13302150900995
370.956,-0.26042993337843257,63.553499913354734,82.688740070034
371.056,-0.09298517105158766,63.722629107441755,83.70189888570727
371.156,-0.0309659080738669,63.89365278987092,84.22376071494477
371.256,-0.09375240381869077,64.05582759621498,84.33182988147323
371.356,-0.2612640218679232,64.19393352570266,84.13730108642923
371.456,-0.4898282324636867,64.29500605425982,83.78665952804639
371.556,-0.7333042555127065,64.35352690056774,83.4474233938876
371.656,-0.9584277305340194,64.37264663952344,83.28034602852316
371.756,-1.1499734573232274,64.36174981019077,83.40504415200199
371.856,-1.3073485783972671,64.33252739892178,83.86789565481716
371.956,-1.4361138629515082,64.29592810352827,84.62755357601284
372.056,-1.5389749567399207,64.26135139959338,85.57090575323022
372.156,-1.612054020743841,64.23780833043645,86.55293847096591
372.256,-1.6493308210250603,64.23526457007229,87.43801922983826
372.356,-1.6512786223701141,64.26403716710134,88.12582641373534
372.456,-1.6301384642186179,64.33143672031765,88.5621076834855
372.556,-1.6077039152016894,64.43713486415186,88.74142049829918
372.656,-1.6076088278482317,64.57047096037564,88.70253618401809
372.756,-1.6472169919431394,64.71257903594301,88.51247694194888
372.856,-1.7332403788106419,64.84343123083852,88.24203831318509
372.956,-1.8621477305385454,64.95032842300176,87.94618481300049
373.056,-2.0230553827757873,65.03287857542823,87.66377493583578
373.156,-2.199483491470289,65.10147683993675,87.43693012140098
373.256,-2.369136288543068,65.17024160030607,87.32997870434224
373.356,-2.505105479548085,65.24851107784069,87.42311685401948
373.456,-2.5822620263729164,65.3356929217226,87.77568458997715
373.556,-2.588120425646167,65.42235847445976,88.3797709033538
373.656,-2.5324874780295374,65.4968486333259,89.13538159024942
373.756,-2.44923752251119,65.55322564039515,89.86976775748465
373.856,-2.38731482674752,65.59562594609386,90.40145117627011
373.956,-2.3936376731163307,65.6366570710946,90.62209832366612
374.056,-2.494313324537856,65.6911975853017,90.55217298173133
374.156,-2.681162657360119,65.7690596595376,90.33779114976242
374.256,-2.909446902743703,65.86993618972902,90.19319347989705
374.356,-3.110621883145946,65.9828297712726,90.32290326722193
374.456,-3.218505261591382,66.0902489506997,90.85584921138576
374.556,-3.198020248134277,66.17519125739533,91.80498025180012
374.656,-3.060364317473379,66.22751373788958,93.05689615931352
374.756,-2.855657151021525,66.24688178838998,94.39795964561546
374.856,-2.6494016210487317,66.24161130138701,95.57633318256589
374.956,-2.497865478801522,66.22468880083485,96.37828670419523
375.056,-2.4333945181987104,66.20895007642223,96.68431009702368
375.156,-2.4614947606544604,66.20299887454752,96.48252294711824
375.256,-2.5663621156483956,66.20872901905528,95.84155368019691
375.356,-2.7207830036051135,66.22076986185388,94.86491082240651
375.456,-2.8961742893262823,66.22786179493887,93.65771272845645
375.556,-3.0686633253436852,66.21599434819674,92.32880763821309
375.656,-3.219482291665294,66.17291664911455,91.02502699020813
375.756,-3.3316625382185165,66.09311051001201,89.96631506700439
375.856,-3.3875196683575197,65.9815674579921,89.44263187889737
375.956,-3.3715471729599003,65.85429867510102,89.75088455268079
376.056,-3.2797489634490873,65.73419872564126,91.08459157746687
376.156,-3.1295122053844935,65.64303526775424,93.4241393206335
376.256,-2.9604634674692676,65.59302339602036,96.48726791106762
376.356,-2.8225584069573344,65.58248850811233,99.77611173605702
376.456,-2.7580029523177245,65.598126526958,102.71165866342692
376.556,-2.787704777969374,65.6226064266704,104.80346090754477
376.656,-2.9080422744226624,65.64353538548139,105.78504282433963
376.756,-3.096292061348585,65.65966018682045,105.66416704393242
376.856,-3.3193675185878035,65.68196785485004,104.68031133016805
376.956,-3.5415617105879065,65.72968491459136,103.20335334720596
377.056,-3.730233201645895,65.82319837459445,101.62445263948224
377.156,-3.8608531059369966,65.97709745607192,100.27627849944928
377.256,-3.922749806300125,66.19624021148546,99.39027812965955
377.356,-3.9243117500302276,66.47593357897541,99.07767353963483
377.456,-3.893577274558332,66.80516378036808,99.32184608926866
377.556,-3.8704275472553107,67.17076154104261,99.98702099491207
377.656,-3.891400279627625,67.56065888691548,100.85933595824052
377.756,-3.9743551168408615,67.96526939548276,101.72059857330183
377.856,-4.112277049816363,68.37697751043878,102.42339653061855
377.956,-4.280805893424457,68.788556400021,102.92753476022065
378.056,-4.455321873208831,69.19176286404232,103.2871662170408
378.156,-4.6263740357333205,69.57712284598682,103.61336960014773
378.256,-4.802942028868571,69.93510965426772,104.04127116005637
378.356,-5.0027808132975125,70.25794248497583,104.70714571234737
378.456,-5.239660981405535,70.54063298597838,105.72110987703951
378.556,-5.517765521680019,70.78024501201824,107.1246889752561
378.656,-5.834174669897038,70.97381676288713,108.84407838171589
378.756,-6.182687004689875,71.11706517491875,110.67058560057174
378.856,-6.553682478163644,71.2059704065248,112.29913840297155
378.956,-6.930868971588488,71.24100650667773,113.427415177781
379.056,-7.288678862171892,71.23112427806878,113.8789157415701
379.156,-7.592985725852529,71.19415730593451,113.68991655171774
379.256,-7.806602149551701,71.1524957421418,113.11113658074049
379.356,-7.8999023477860035,71.1259208854852,112.51791288532064
379.456,-7.863464205386705,71.12532051107075,112.26990724624076
379.556,-7.716115616915417,71.15039230142192,112.58054770454544
379.656,-7.5032034849874165,71.19187289119306,113.44271669014975
379.756,-7.2855062644783,71.2363715395551,114.63072426814873
379.856,-7.1234370655923485,71.27126573437833,115.77641811189824
379.956,-7.061869286461132,71.28811483781,116.49868660668565
380.056,-7.1199445189415655,71.28432253533572,116.54411621170192
380.156,-7.288341241326776,71.26340437938745,115.88352084518974
380.256,-7.53328004515091,71.23408890448817,114.72565674489601
380.356,-7.803922872415939,71.20808891347319,113.44811907896627
380.456,-8.04056142728782,71.19643255687693,112.47468370681455
380.556,-8.18411777964868,71.20501388171155,112.1384898892064
380.656,-8.188530100133995,71.23099933216498,112.57343674670136
380.756,-8.034214851417865,71.26201806706722,113.67134283165771
380.856,-7.736514536517333,71.27915219111982,115.12052826143835
380.956,-7.343496679206979,71.26305615548867,116.5093935370366
381.056,-6.923104678290379,71.20112363951222,117.45518232257979
381.156,-6.54511562123502,71.09309300994134,117.71386325511807
381.256,-6.26443158088253,70.95275269978254,117.23825538154429
381.356,-6.109984668585483,70.80447002207939,116.16984308259862
381.456,-6.081058226711832,70.67525149962586,114.77181581163512
381.556,-6.1512342843279555,70.58527457203245,113.33398350166223
381.656,-6.278734328917501,70.54079715736997,112.09133097731669
381.756,-6.419847222882147,70.532224338981,111.1852199198583
381.856,-6.540084354108494,70.53773485425498,110.66893217760514
381.956,-6.618269932204562,70.5307845681416,110.53716730618254
382.056,-6.643626870676165,70.48883169125071,110.75186282556365
382.156,-6.6115436541003945,70.4006522926609,111.24554170912432
382.256,-6.523464482140135,70.27012579434286,111.90639148489683
382.356,-6.389487487625935,70.11506866023898,112.57258173822109
382.456,-6.227476641716123,69.96087231878174,113.0624172502865
382.556,-6.056779994545977,69.83073076446708,113.234956285794
382.656,-5.892277359294766,69.73638438137674,113.04160392599104
382.756,-5.744857841732646,69.67377349719071,112.52948132231614
382.856,-5.6267813474010495,69.62586025336941,111.79529821193591
382.956,-5.55400722537734,69.57129644870255,110.92895428863827
383.056,-5.540288412091918,69.49471193996027,109.9890602725566
383.156,-5.586845805717907,69.3935996168394,109.01571174797041
383.256,-5.67655627497178,69.27840685944426,108.05099285625414
383.356,-5.777906659100999,69.165925677544,107.14052665848797
383.456,-5.856481664855586,69.06976833905944,106.31701192046128
383.556,-5.887079555603556,68.99332724556864,105.58376251445614
383.656,-5.860150310760446,68.92890530547137,104.91074899355354
383.756,-5.780970773118945,68.86283059876344,104.24184073008738
383.856,-5.664396363730383,68.78297399329517,103.50746198555748
383.956,-5.5282273760193235,68.68415223843002,102.64338730109208
384.056,-5.386203286732972,68.56867595466927,101.61918417466259
384.156,-5.2419877221792035,68.44258114715511,100.46940130812743
384.256,-5.087850421643445,68.31083590806399,99.30652023765124
384.356,-4.911378237036658,68.17514097225764,98.29397122658231
384.456,-4.708259410259622,68.03551012092713,97.5782959049234
384.556,-4.49298196861578,67.89350784750033,97.2101080609204
384.656,-4.298803327580892,67.7535946351781,97.09897731983696
384.756,-4.165043584816509,67.62079027520109,97.03610738003046
384.856,-4.118008615977331,67.49633278432972,96.7867694306953
384.956,-4.155892004781798,67.37501351364568,96.21127809251934
385.056,-4.246124621670141,67.24660738888483,95.34320745440297
385.156,-4.336800566674512,67.10062129041388,94.37349280051554
385.256,-4.375834788733094,66.93131028981709,93.55438688127842
385.356,-4.328136034230816,66.74018344402236,93.08761438231804
385.456,-4.1845200437370735,66.53525724468678,93.05379359458091
385.556,-3.9621349969707467,66.32800664280381,93.3972534756511
385.656,-3.69893365257105,66.1292734332674,93.948614579805
385.756,-3.4435700217519454,65.94527536802612,94.46805988410539
385.856,-3.2416396969692514,65.77519332990006,94.7091865143742
385.956,-3.121755508162366,65.61171529007864,94.50329077716391
386.056,-3.0868462366221223,65.4444305865942,93.8368674821539
386.156,-3.1138618105551856,65.26417102686989,92.87315596629851
386.256,-3.161048476991091,65.06623783282517,91.88698176229465
386.356,-3.179960606399007,64.85197047085425,91.13547607238935
386.456,-3.129358139306987,64.62913797471543,90.73433167459434
386.556,-2.987502903157335,64.41086820687201,90.61004070000318
386.656,-2.7580000758930368,64.21200634562456,90.55063972311585
386.756,-2.465749510970568,64.04314643457919,90.31887513815012
386.856,-2.1451409526983696,63.90514364142617,89.7631359715439
386.956,-1.8278292447438247,63.7875465934821,88.87385612649406
387.056,-1.5369767889505113,63.672025935942855,87.76941848187977
387.156,-1.2890091322645816,63.538822115312236,86.63031721751126
387.256,-1.0982263685634592,63.373167604209186,85.61606898730058
387.356,-0.9789597664817222,63.1696372375701,84.79555579457417
387.456,-0.9436942529240184,62.93359393231078,84.11015296308747
387.556,-0.9992045245904606,62.67943139536663,83.3802712300123
387.656,-1.1433532299598994,62.42594602416169,82.35881662788955
387.756,-1.3633769747375197,62.190230231983364,80.82357238045361
387.856,-1.63479231585616,61.98209733205816,78.68316119600621
387.956,-1.9208799322865602,61.80084491205305,76.05263283206948
388.056,-2.175531941975521,61.63560496596016,73.24977646421048
388.156,-2.3525187989674876,61.469482885934454,70.69452234354041
388.256,-2.4189862927520593,61.28589896385354,68.75429895892186
388.356,-2.3660213529427665,61.07423287026281,67.61256348068453
388.456,-2.211870592804928,60.8324473666799,67.21167625264987
388.556,-1.9985339636173691,60.56622897030651,67.27758055728125
388.656,-1.7814313603284049,60.28572126343997,67.41797326065134
388.756,-1.61130481092912,60.00152722152591,67.27293378102729
388.856,-1.5146057979121323,59.72147867001134,66.65790799961687
388.956,-1.4841028792557367,59.44899622781552,65.61848669217999
389.056,-1.4859292594129911,59.1831378107551,64.36891379637754
389.156,-1.4775125533224411,58.919915988406366,63.17107028215479
389.256,-1.4243421670380911,58.65417675742009,62.23601056553285
389.356,-1.3082771608019996,58.381397229202136,61.679693015432875
389.456,-1.12955809672615,58.09910296266508,61.510003053148296
389.556,-0.9072116888947264,57.80790236078122,61.62088314487097
389.656,-0.6773086197764329,57.512200882827656,61.80251218327432
389.756,-0.4851866999482013,57.22040800839806,61.79078764706364
389.856,-0.3713249564729253,56.94406363065094,61.35518150314512
389.956,-0.35661056702158334,56.695347076689565,60.38751783364343
390.056,-0.4348255342371985,56.483128634602615,58.942303565517776
390.156,-0.576216912233015,56.30872450341922,57.20635195523033
390.256,-0.7389535668723326,56.16326669195836,55.42156851275614
390.356,-0.880870710452129,56.028471871152256,53.8092946737934
390.456,-0.9665010012057564,55.88135237068686,52.526441691669575
390.556,-0.9711436556579827,55.70165317417598,51.64750166574001
390.656,-0.8861223145075598,55.47929944844397,51.15296921642667
390.756,-0.7245352544402408,55.21849816818984,50.922593062363916
390.856,-0.5215695941831697,54.93611815228301,50.75467688766645
390.956,-0.324664560764937,54.65474332897873,50.43044811758888
391.056,-0.17544022282578453,54.39382624108921,49.809225553944884
391.156,-0.0917042212845729,54.16335962289809,48.90165720431254
391.256,-0.05971325696660301,53.96256473994648,47.86661382598223
391.356,-0.04237639103391189,53.782843611395904,46.926935531453324
391.456,0.0006980605272701723,53.61232825533242,46.25857369317933
391.556,0.09375452612648871,53.43982693426943,45.92076118331727
391.656,0.23695687192544312,53.25734675590646,45.85667948463944
391.756,0.4108828307602579,53.06109294712963,45.945927741551984
391.856,0.5866949390402283,52.85117586491656,46.067231349503885
391.956,0.7355347753674337,52.630782983429874,46.138543582436114
392.056,0.834675194604884,52.40560990575081,46.12625085431435
392.156,0.8706016780502637,52.18344993702298,46.03341143152316
392.256,0.8397998407616427,51.973168275903994,45.87973992075757
392.356,0.7478678472563516,51.78277298119878,45.68114531138464
392.456,0.6074998907759266,51.6170923391832,45.43392337785832
392.556,0.4361151333301265,51.475739063939955,45.110384733177625
392.656,0.25418620665144687,51.35210782755738,44.67287863868978
392.756,0.08466765244855878,51.23446090189083,44.102938396345266
392.856,-0.04808180081192859,51.10960149974937,43.42528414354203
392.956,-0.12252029991007873,50.96780813621257,42.703487956523716
393.056,-0.12752263661432295,50.80645245000253,42.00562614861484
393.156,-0.06981430762984075,50.630567919782365,41.3643613952197
393.256,0.02333708366793985,50.45043464290315,40.76055172395803
393.356,0.10874016721593449,50.27728727791835,40.14109171401081
393.456,0.13928281112178809,50.11872907479013,39.45896715817669
393.556,0.08058888818059273,49.97596508036267,38.7114069986551
393.656,-0.07441020510451324,49.84464585427782,37.9529927128808
393.756,-0.3013047737414709,49.71901508961332,37.274509731515046
393.856,-0.5533587763455969,49.596431479992184,36.761262655736026
393.956,-0.7782753917355976,49.47869482591948,36.45813859287203
394.056,-0.9337549690038571,49.36898418851952,36.35817861011776
394.156,-0.9969107352820927,49.266876538587006,36.41077917734868
394.256,-0.9671430854144845,49.165739496707786,36.53829720040765
394.356,-0.8636580723153244,49.055191239180914,36.65580791402019
394.456,-0.7193597941808534,48.927634458871964,36.69206515418745
394.556,-0.5733719597442928,48.78481625274313,36.60602184587315
394.656,-0.4635213619549816,48.63989715114768,36.39276501842786
394.756,-0.4183634497616495,48.51300304042006,36.080044685869716
394.856,-0.44881664965690504,48.422216918330285,35.72142202707659
394.956,-0.5427140458032511,48.37470482969522,35.38553178123308
395.056,-0.6675282498977566,48.362360495628515,35.133678431746326
395.156,-0.7830766982689639,48.36375202620127,34.98695548689776
395.256,-0.8585658287325941,48.35135122570604,34.90363973499843
395.356,-0.8837237078957401,48.30127658595203,34.792208653780484
395.456,-0.8674854211024865,48.202108569654456,34.56234672952719
395.556,-0.8269914263292577,48.05951763836003,34.18367310269885
395.656,-0.7758700242463945,47.894656630760295,33.71161221495999
395.756,-0.7189598689105807,47.73666370844881,33.26434320066698
395.856,-0.65420635091386,47.61236458500523,32.970362012316606
395.956,-0.5780112321990956,47.53755619547751,32.9190661738374
396.056,-0.4903446058901082,47.5130611949872,33.13298101917941
396.156,-0.39793582144461936,47.52608905471041,33.56319201713656
396.256,-0.31479285900680054,47.55529518702858,34.10475276988218
396.356,-0.258933198337715,47.57725876794868,34.6304272828918
396.456,-0.24480133980890884,47.572509837221666,35.036874261895775
396.556,-0.2741230763551954,47.52991982354246,35.28488812503323
396.656,-0.3314565567837491,47.448735058147705,35.40821671894846
396.756,-0.38946194159505865,47.33779877204789,35.48008395405287
396.856,-0.42231095121916695,47.21204978541562,35.55593853896415
396.956,-0.41927056887130476,47.08754035076068,35.628845739662516
397.056,-0.3899417256837907,46.97720212971607,35.62677994851608
397.156,-0.3582344458742668,46.88901017024296,35.45598160225083
397.256,-0.34937236965649987,46.82627221213053,35.06506574830024
397.356,-0.37753689761090925,46.788595667667046,34.488912923126485
397.456,-0.43952273101911743,46.77266650558747,33.845167922893665
397.556,-0.5156758834302906,46.77300751609791,33.28879239535441
397.656,-0.5771818354924108,46.78310063104271,32.951708498127914
397.756,-0.5974917536659206,46.79690075575608,32.894512699834905
397.856,-0.5635345670141234,46.81044912979179,33.087916812628244
397.956,-0.48165777233943885,46.82306574924736,33.4292761580027
398.056,-0.3762187742338199,46.83740396377931,33.78289874370916
398.156,-0.28243299013955436,46.85784436393261,34.02226819449879
398.256,-0.23587562961236586,46.88765027310767,34.06003744340947
398.356,-0.26058801056811376,46.926487469095726,33.86590287314343
398.456,-0.35899619486976775,46.97008752939058,33.47299384174623
398.556,-0.5085244135846523,47.01244109185812,32.9661249342593
398.656,-0.6685583319910435,47.048961604320574,32.450167077608775
398.756,-0.7961528291879887,47.07834227066996,32.012624535713925
398.856,-0.8623688220840364,47.1020411616051,31.702174611439254
398.956,-0.8594170611891698,47.122244547240385,31.53505649059052
399.056,-0.7954266603223701,47.13999727622336,31.521434383250913
399.156,-0.6833880175624856,47.15458301882779,31.688797265866533
399.256,-0.5340481095596346,47.164191266688356,32.08089342569619
399.356,-0.3568897302150731,47.16727830231566,32.72804465200029
399.456,-0.16569698899235163,47.16388485671256,33.60444047372499
399.556,0.01777626989056813,47.15629057199803,34.59880835730785
399.656,0.1664141506326544,47.1486503021914,35.5234452081349
399.756,0.25619250369432933,47.145654409113476,36.168942746946286
399.856,0.2751540993809982,47.15071809983821,36.38070220923794
399.956,0.22663945215771975,47.16451909094795,36.113787311276845
400.056,0.12544978418439712,47.1846416811519,35.4390485350901
400.156,-0.008451475073613324,47.20661422052181,34.50966181546131
400.256,-0.1535955478089619,47.225898146405754,33.5157517235501
400.356,-0.2875020692745096,47.23973386559005,32.64586257770159
400.456,-0.38741993443155565,47.247735497553904,32.05741731005637
400.556,-0.4342767332983044,47.251051764259095,31.85139572504582
400.656,-0.41914834997362505,47.25106677328549,32.05051279234915
400.756,-0.3481982490983526,47.248780322313806,32.58786494767004
400.856,-0.24190413051341864,47.24501088909189,33.316619444520384
400.956,-0.1280164444890417,47.24066263659903,34.04575362051245
401.056,-0.0321064936792439,47.23657213072597,34.593519575397536
401.156,0.029247053443889115,47.23335222530567,34.83883625878361
401.256,0.05033196843223209,47.23177874405637,34.751323004515974
401.356,0.03454608665428083,47.23335488881178,34.392287187471084
401.456,-0.00840656867894296,47.24001696692833,33.89067495721933
401.556,-0.06497076391341494,47.25261159492375,33.40298632124122
401.656,-0.12003778576856661,47.269223433426724,33.06741204741308
401.756,-0.16000072009499178,47.28511433118331,32.96359662744262
401.856,-0.17715901696443836,47.29511552440926,33.0895394085953
401.956,-0.1744209816033333,47.29737081227254,33.36401721244274
402.056,-0.1670386588767272,47.295874508330776,33.655807711658525
402.156,-0.17797435469650225,47.2996911869169,33.83173464002974
402.256,-0.22695036656086387,47.31897222041603,33.807853913215425
402.356,-0.3178460602561515,47.35995870863265,33.584869769381726
402.456,-0.43128990328728634,47.4213208100846,33.25183209423635
402.556,-0.5280429730149692,47.49287848986452,32.95223353611012
402.656,-0.5644958541273013,47.556766161956965,32.822118954284626
402.756,-0.5146663009338681,47.591040013039766,32.92501885276089
402.856,-0.38684472555620175,47.57553261016525,33.21440312271624
402.956,-0.22407557604938688,47.498732572221385,33.54453219493756
403.056,-0.08746372975243588,47.363319324309956,33.728169058085605
403.156,-0.03171957599603559,47.18776347564311,33.615670369657366
403.256,-0.08492826282756027,47.00249842230227,33.15821191152626
403.356,-0.2397711099890074,46.84131117048008,32.42736928922929
403.456,-0.45740596001884626,46.730910132754396,31.587370753560897
403.556,-0.6812977063539662,46.68273940187672,30.83709375376914
403.656,-0.8558343461299813,46.69014156312602,30.346617903827088
403.756,-0.943262589874152,46.731562372037025,30.2098446845716
403.856,-0.9335101710792344,46.77824673512045,30.42417946365964
403.956,-0.8444282022338214,46.8037393921088,30.897012180162683
404.056,-0.712999215425441,46.792214357789774,31.47447408476293
404.156,-0.5806775252673617,46.74280737778787,31.988094092194544
404.256,-0.4785134103550135,46.66821385765257,32.30901560833656
404.356,-0.4184619932975977,46.58830823653017,32.389074191123846
404.456,-0.39417204961872443,46.522038482068574,32.26990235281984
404.556,-0.38896515355165207,46.48121781631972,32.05923927295503
404.656,-0.3855709416874191,46.46808546566779,31.888261881984455
404.756,-0.3735270401549897,46.47643288060658,31.864025517296206
404.856,-0.35216693562806967,46.49495160282611,32.03022565714684
404.956,-0.3277344542698799,46.511430341775274,32.35311119414247
405.056,-0.30583568207330103,46.516898011925974,32.74213074404501
405.156,-0.2848767969904813,46.508806061788,33.09380753428482
405.256,-0.2557518357006998,46.49188457606836,33.33472064370375
405.356,-0.2069097706542138,46.47570109306897,33.447871683956784
405.456,-0.1298614507461906,46.46978563061067,33.479756754067026
405.556,-0.022457999668574757,46.47900737947386,33.526798098533575
405.656,0.10910112772726421,46.50184669523319,33.69732161534992
405.756,0.24889274446597653,46.53223756435287,34.05446650513023
405.856,0.3724021219078395,46.56337437969833,34.56426742744229
405.956,0.45206019224541194,46.590876029480775,35.08279411227746
406.056,0.4659341405055315,46.613457848199864,35.40155583841603
406.156,0.4054632822469486,46.63121269177282,35.33670018232769
406.256,0.2782745585377171,46.643454137971176,34.817859010700325
406.356,0.1047363812753801,46.64829787805293,33.928865936736194
406.456,-0.08984384634704412,46.64437614052015,32.87874322004113
406.556,-0.28329130287296067,46.63295158574155,31.919624684964447
406.656,-0.46107264822637717,46.61833345300758,31.25263796840712
406.756,-0.6158042319355133,46.60614465212745,30.961588552527303
406.856,-0.7427530902477315,46.600872902169165,30.99767882242903
406.956,-0.8338434066743332,46.60443357536975,31.218614846795262
407.056,-0.874087165613382,46.61620341208537,31.46343448006713
407.156,-0.8447610901452336,46.63380254039528,31.625228114743223
407.256,-0.7342182833219297,46.65387792278536,31.684536315254228
407.356,-0.550555276327735,46.67273460992613,31.692334082172003
407.456,-0.3268113267003585,46.687055172049746,31.722174442886832
407.556,-0.11392629527176013,46.69492849321281,31.821968877509583
407.656,0.03470023654369925,46.696931372952285,31.98596867839902
407.756,0.07893302033549077,46.69638934952246,32.15277681877348
407.856,0.0021450601025350124,46.698082691015834,32.2268272175245
407.956,-0.18540968954855686,46.705836004479224,32.11713465361767
408.056,-0.4492297679123993,46.72050834507251,31.78257920495686
408.156,-0.7383221030403746,46.73966748044517,31.266236190480583
408.256,-0.9975350600913302,46.75895639424033,30.69807842933492
408.356,-1.182782159096007,46.77413108764355,30.256059983183697
408.456,-1.274339070982883,46.78266000056945,30.099687623621513
408.556,-1.2813058064970022,46.784305768727535,30.30787032814414
408.656,-1.2338855950567904,46.780710379177215,30.84791623901765
408.756,-1.1679351042478245,46.774397594669836,31.583568761842166
408.856,-1.110674675929161,46.76772524643752,32.31451789855473
408.956,-1.0739613734562639,46.762202717995365,32.833343028627034
409.056,-1.0560324418375515,46.75833931055521,32.98472743941797
409.156,-1.048292550968256,46.75593498256389,32.71254937078232
409.256,-1.041956937851353,46.75456518076555,32.08127607186319
409.356,-1.030985835750137,46.75398115579221,31.261155652835036
409.456,-1.011638666075342,46.7542398549197,30.477259901955748
409.556,-0.9814583241840822,46.7555612654725,29.938298794503424
409.656,-0.9396704302564984,46.758085828648696,29.770581919043387
409.756,-0.8887653294195275,46.76172969391553,29.978953669105053
409.856,-0.8357639372120573,46.76619109310662,30.446389407920293
409.956,-0.7918539787479091,46.771012543174095,30.9740698649818
410.056,-0.7703014245634208,46.77560890437256,31.35155381059017
410.156,-0.7837373770167275,46.77928991632946,31.43130428812198
410.256,-0.8416453962935222,46.78137945342091,31.174914831671877
410.356,-0.9474638437442096,46.78147382298365,30.65117853793926
410.456,-1.0948784354093277,46.7797295489485,29.992124910148874
410.556,-1.2655086833136977,46.77695947187424,29.33399718082805
410.656,-1.4313421179089545,46.774375822920106,28.773791598216306
410.756,-1.5617472471595732,46.773047093969105,28.3586846648128
410.856,-1.6306705087240374,46.773357572576245,28.104470251497276
410.956,-1.6205087828344773,46.77478715941144,28.02288211179983
411.056,-1.5237039829497618,46.776148744902706,28.135545683287354
411.156,-1.3451364020692083,46.77617053824508,28.463686891806596
411.256,-1.1057404413728236,46.774131934283965,28.999257890831416
411.356,-0.8437272033454803,46.770222876946086,29.676269532939358
411.456,-0.6086722383954211,46.7654256840189,30.365441530617744
411.556,-0.4475500479495338,46.76098669364086,30.905767282454192
411.656,-0.38823784181531806,46.75780413844424,31.163414564202213
411.756,-0.42914391479833824,46.756098611524585,31.08752061361401
411.856,-0.540298127895646,46.755504784275395,30.733719310695697
411.956,-0.6750842566508624,46.75543736977691,30.246189052437614
412.056,-0.7878000967774881,46.75547395072899,29.8071944604226
412.156,-0.8505936348499787,46.75556422815526,29.57265901821478
412.256,-0.8622582768353695,46.755985396640774,29.618783088718594
412.356,-0.8432651538626104,46.7570741713535,29.92400927449296
412.456,-0.8192720717264095,46.75889548118099,30.3937518689838
412.556,-0.804023509397922,46.76107892718977,30.909666235012693
412.656,-0.792962296440102,46.76295893496937,31.372351198556494
412.756,-0.7705445128175512,46.76393991618776,31.71682743939847
412.856,-0.7249790826186384,46.763851174694224,31.902843867081977
412.956,-0.6600853791033003,46.763066921132804,31.899266247290115
413.056,-0.596443103036087,46.76231024446701,31.68322093302517
413.156,-0.5612506342238746,46.76224526833412,31.25951347923636
413.256,-0.573807397035317,46.76309567959154,30.683986055407956
413.356,-0.6358370327010192,46.76452136960839,30.064698042512994
413.456,-0.7317175831840359,46.7658217617355,29.52892901714469
413.556,-0.8371481065650386,46.766326188646694,29.171141439708663
413.656,-0.9303021643559504,46.76573353259836,29.013873340897128
413.756,-0.998900592998865,46.764230054029035,29.007497022378523
413.856,-1.040077551368121,46.7623664119403,29.070144095436845
413.956,-1.0556745216532377,46.76079453206987,29.14084045236521
414.056,-1.0489899434240542,46.75999771380134,29.208062187554567
414.156,-1.0262645798889451,46.760115922482534,29.295339538903463
414.256,-1.0000031726770189,46.76091894898066,29.420333849326695
414.356,-0.9885571673152853,46.76192966796159,29.562102489456528
414.456,-1.0098599086252094,46.762644076662895,29.66019657350528
414.556,-1.0726738176159856,46.762759820551814,29.64422011759978
414.656,-1.17108151229926,46.76234182016579,29.473601669842417
414.756,-1.2857994874100527,46.76189069720481,29.163982576316656
414.856,-1.3913401021874066,46.762285855176195,28.787742091872197
414.956,-1.4647353799417147,46.76456754934689,28.451649618833997
415.056,-1.491685190268207,46.769549977777,28.263115897552147
415.156,-1.4686113376515237,46.77732016279963,28.296581004304755
415.256,-1.4015813885266368,46.78674127898852,28.569199844884686
415.356,-1.3039226585126897,46.79513805293598,29.032690609104407
415.456,-1.1937849664065183,46.79841045680662,29.584077203768402
415.556,-1.091721531160033,46.791848242350206,30.09259234585415
415.656,-1.017369043674691,46.77175597725989,30.436249378467096
415.756,-0.9844874216745723,46.73755367686655,30.538998743673204
415.856,-0.9952510470291287,46.69344726453441,30.39598716949208
415.956,-1.0365032241250205,46.64846741901844,30.07479988636662
416.056,-1.0810597733432061,46.614086164386,29.69056275344309
416.156,-1.0956333004698209,46.599883871861856,29.366538577857284
416.256,-1.0539848266959098,46.60930532171883,29.196545030842614
416.356,-0.9503517370096475,46.638076756975735,29.219329848820138
416.456,-0.8061923080908073,46.67640142091196,29.40825022163414
416.556,-0.665591706542564,46.713580642235925,29.67785768486155
416.656,-0.5806963773375102,46.7423659513734,29.908040292507195
416.756,-0.5933518981155501,46.76097141763779,29.982682916772873
416.856,-0.7195646077705078,46.77225127693745,29.833553218532728
416.956,-0.9415619973551799,46.780857353333744,29.47255995584129
417.056,-1.2105940686350607,46.789808511149204,28.99350099552833
417.156,-1.4612575751073251,46.797908226246626,28.536738557851052
417.256,-1.6332004925857078,46.799020551249875,28.23252836075266
417.356,-1.690609636408496,46.78354583477804,28.152962628000246
417.456,-1.6298891742368937,46.74168761945533,28.29602662473488
417.556,-1.473842595907513,46.667403803929,28.602996668676568
417.656,-1.2597551302390997,46.56149657911935,28.98913028335903
417.756,-1.030052045670736,46.43246971636333,29.36461088254017
417.856,-0.8274632215583893,46.29470588337974,29.64147297631643
417.956,-0.6903134558733015,46.16466939486066,29.74267482032429
418.056,-0.6445588383287202,46.05652126331664,29.62578139699363
418.156,-0.6953264610526659,45.97866569655408,29.30823539137041
418.256,-0.8243100453718455,45.93248095873567,28.866325854811727
418.356,-0.9965568294240583,45.913640952941996,28.39789555749406
418.456,-1.173902165259662,45.9151678666043,27.972268813592002
418.556,-1.3277262405593362,45.930523393760126,27.604645905059286
418.656,-1.4441517627910159,45.95524955528101,27.27287185454005
418.756,-1.520148532343697,45.98665495065795,26.960572297349863
418.856,-1.5551411674732378,46.022143417434606,26.691959903780294
418.956,-1.5448814853651527,46.05749573903375,26.533326175753622
419.056,-1.4818723496338109,46.0865164944908,26.561300963267577
419.156,-1.362245705826723,46.10283548666102,26.817107185640673
419.256,-1.1950290709244982,46.10329328919403,27.27068451539455
419.356,-1.0073925763476836,46.0907790916337,27.813224918491997
419.456,-0.8404208028093052,46.073991907012804,28.286861913795924
419.556,-0.7352530856602115,46.063377665428256,28.545396453090518
419.656,-0.7162193044883836,46.065371032580764,28.520243011073106
419.756,-0.7802646359169714,46.078555666550066,28.254213256940325
419.856,-0.898306069397016,46.094258197243505,27.879558930736074
419.956,-1.027444996683208,46.10134915160893,27.55138136982533
420.056,-1.1276988298133759,46.09239083573928,27.37529437704383
420.156,-1.1756448659856247,46.06741676777581,27.367991820810282
420.256,-1.170035092210675,46.033339152467036,27.465644703023628
420.356,-1.1286893999047933,45.999978817456174,27.567471248294247
420.456,-1.07936552916199,45.97550000231627,27.586761071236815
420.556,-1.049003412071734,45.96358789074728,27.48424600642919
420.656,-1.0553779133993615,45.963122454993005,27.274361252073966
420.756,-1.1028399323976572,45.96976627895163,27.012273574291086
420.856,-1.1816572212409682,45.978305148673655,26.77530869173438
420.956,-1.2707014417712728,45.98465718092275,26.643775775723768
421.056,-1.3442099090434851,45.98691860082302,26.67733400955128
421.156,-1.3816871533540436,45.985351213217314,26.887570769882124
421.256,-1.3764708561825714,45.98162352186699,27.21960689032654
421.356,-1.3376916018699632,45.977784823300176,27.559852016275393
421.456,-1.2842110250450887,45.97539108013231,27.776960998974864
421.556,-1.2342629518795647,45.9750277144333,27.782657079292647
421.656,-1.1968796767435848,45.976295787228096,27.58007186038975
421.756,-1.1696184669656091,45.97817414528709,27.267839988470435
421.856,-1.1428481701535276,45.979551867804425,26.995784038150788
421.956,-1.106742596728708,45.97968768088621,26.900582493621116
422.056,-1.0563528396172615,45.97842718953738,27.05664586399817
422.156,-0.9930030807109773,45.97615014825634,27.457877695245394
422.256,-0.923363419706412,45.97353462785859,28.025788413618855
422.356,-0.8580656999264349,45.971263833424686,28.634138375492334
422.456,-0.8103125643863152,45.969785535727716,29.143446604400516
422.556,-0.7935631305682023,45.969193639400814,29.439797937189248
422.656,-0.8174360077227689,45.96925669361099,29.468630406844376
422.756,-0.8828936995810039,45.96958255254517,29.249693527498252
422.856,-0.9798391081096085,45.969859658202665,28.862851203725235
422.956,-1.089591858017073,45.9700452473636,28.410006130309036
423.056,-1.1911536204165074,45.970360241861066,27.975268700500337
423.156,-1.267259998006736,45.97107540998263,27.606333881847085
423.256,-1.3073480849656178,45.97225309066221,27.3218860196731
423.356,-1.3084112843785434,45.97366047609137,27.12921604216553
423.456,-1.2760011597923437,45.97491885679625,27.03289770918024
423.556,-1.2245365201915206,45.97573977327413,27.03118290325626
423.656,-1.1737711733977605,45.97604626910353,27.11194622113041
423.756,-1.1411980343652814,45.975929763075456,27.25667281659696
423.856,-1.1348963660544626,45.975557733349454,27.446296144419172
423.956,-1.1517720461865224,45.97514190201487,27.658422549483987
424.056,-1.181925323066956,45.974947775235314,27.85773453598194
424.156,-1.215668327278152,45.97525586007436,27.992502582701448
424.256,-1.2488757999977835,45.9762473928562,28.004743361810156
424.356,-1.2842382245026585,45.97788576096093,27.848137568063528
424.456,-1.3283535815965521,45.979882717438365,27.503708570611288
424.556,-1.3863365879516465,45.981775885550036,26.989203894079452
424.656,-1.4566977907634993,45.9830771206077,26.362211566501394
424.756,-1.529395209716121,45.983427284236065,25.715319559599592
424.856,-1.5887336695147027,45.98270645859101,25.16024456706051
424.956,-1.6203583275606448,45.981072927953484,24.80111084739729
425.056,-1.6188953032866493,45.97891872004192,24.703617850230252
425.156,-1.5913061826852797,45.976742282531475,24.872779382766986
425.256,-1.5526102508186597,45.9749728024759,25.25195178440439
425.356,-1.5158129567459682,45.97382438327032,25.7459727069283
425.456,-1.483074672432302,45.97326368072497,26.25588604598807
425.556,-1.44483436433989,45.97311435544653,26.70590174906259
425.656,-1.3874140948057914,45.97323371338995,27.052399884199097
425.756,-1.303541306924167,45.97365193953933,27.278912094640717
425.856,-1.1991847880670434,45.97458674992841,27.38626051614606
425.956,-1.0932803750946434,45.97630649633988,27.384656090541817
426.056,-1.010776472331571,45.978891200306485,27.29215987666008
426.156,-0.9720728044221971,45.98201739794817,27.140826724004043
426.256,-0.983233990912403,45.98491224600893,26.98476687287831
426.356,-1.0312182985504847,45.98653694976634,26.899156512460053
426.456,-1.0867862798367796,45.98592375073876,26.96397436060179
426.556,-1.115087447059608,45.98252148352696,27.237124456796195
426.656,-1.0902961002212237,45.97643484622935,27.72827708457706
426.756,-1.007365928327701,45.96849262892178,28.384587809073487
426.856,-0.8841332488540274,45.9600944529955,29.096900268651346
426.956,-0.7520847520881233,45.952819859655065,29.730844717369322
427.056,-0.6410983129940107,45.94790815054342,30.175995129924033
427.156,-0.5672491463096634,45.94585952966648,30.389183114537182
427.256,-0.5303726999008376,45.94638685040747,30.402903667665726
427.356,-0.5211544858514827,45.948721497445696,30.29120868313892
427.456,-0.5314933231616124,45.952046833346046,30.11784734829005
427.556,-0.5610693002414351,45.955800270537516,29.903229138807674
427.656,-0.6167717437367699,45.9597282431624,29.629497086192572
427.756,-0.7063131697619696,45.963742203462,29.27457775520586
427.856,-0.8304489274285203,45.96771281731791,28.847041276071472
427.956,-0.9787442702535358,45.97134415375273,28.395162403936475
428.056,-1.1313658238394098,45.97420458276121,27.985025225047323
428.156,-1.2651599132777207,45.975887732353755,27.66750991410772
428.256,-1.3597900396297788,45.97619507872123,27.46061998029853
428.356,-1.4012706114294602,45.97522564202297,27.35711326302502
428.456,-1.383585103218408,45.9733274564986,27.345375077546407
428.556,-1.3101180796091185,45.97095583269827,27.423239593055612
428.656,-1.1948180148522738,45.968533542179344,27.59336654582713
428.756,-1.0613151473004052,45.96639041307144,27.84470642473518
428.856,-0.9388034246487749,45.96479079238738,28.13536388741602
428.956,-0.8553137020485551,45.96398347534633,28.392182990108815
429.056,-0.8298891206383487,45.96418779438231,28.533701108546595
429.156,-0.86538592698966,45.96549365633811,28.5088570065301
429.256,-0.9448212353218395,45.96775312884122,28.32883549662209
429.356,-1.0350686967766265,45.970570615914966,28.067957086349367
429.456,-1.0989958726135995,45.97342227222323,27.830429062542066
429.556,-1.1112996226911491,45.9758373175164,27.704538235456376
429.656,-1.0694993771072134,45.97754571344588,27.729063639162312
429.756,-0.9940318619446487,45.97853647637145,27.881487128912262
429.856,-0.9183110511833732,45.97902230126677,28.08592180056148
429.956,-0.8749241964262495,45.97933554470322,28.238181449145586
430.056,-0.884368938749013,45.97978999723357,28.244820119749335
430.156,-0.9497458674262802,45.98055136968439,28.06369866336098
430.256,-1.0578384996796046,45.98157392734095,27.7246429684404
430.356,-1.1852264915558806,45.982648646309045,27.315211001640563
430.456,-1.3071003348476609,45.983544361069285,26.937460126404865
430.556,-1.4056110395771029,45.98415202312738,26.660081533691958
430.656,-1.4741129632466468,45.9845307754665,26.49341380183528
430.756,-1.5149800411876981,45.98481890278372,26.401473352287617
430.856,-1.5322866515551397,45.985072929695875,26.341959127433007
430.956,-1.5243881872792073,45.98515745342051,26.30591089927031
431.056,-1.4822259544035248,45.984769365091935,26.328562995859144
431.156,-1.3957593801703752,45.98358409573189,26.463677218802474
431.256,-1.2651710862163625,45.98145122796389,26.73852518965296
431.356,-1.1095066407421044,45.97856051105021,27.117477198168423
431.456,-0.9662439000526106,45.97550188496907,27.496101318734283
431.556,-0.8800527616426805,45.97315272020257,27.733264932182692
431.656,-0.8843658940176837,45.9723830312338,27.71213754704396
431.756,-0.9832129795120395,45.973673212717976,27.404468621126583
431.856,-1.1425402225451364,45.97682214224028,26.903127899794086
431.956,-1.29863841462479,45.98091135402767,26.397798660239218
432.056,-1.3843537840478675,45.98457198865691,26.09813892953901
432.156,-1.3625309418902773,45.986447177923736,26.137536378188898
432.256,-1.2476809510273554,45.985649917274,26.501377654284283
432.356,-1.1005834769852143,45.98204437316142,27.018109627656806
432.456,-0.99754753059009,45.97631534746398,27.429602933381062
432.556,-0.9932023452825476,45.96992151872653,27.513810447423168
432.656,-1.0979024866926963,45.96500632103974,27.190467165678378
432.756,-1.2787095536301436,45.964179300980746,26.54668485160456
432.856,-1.4788569187914717,45.969986704001926,25.77788487599878
432.956,-1.6429868593918187,45.98402076421502,25.094573027683893
433.056,-1.7355944830147862,46.00590051371003,24.650749969468755
433.156,-1.746583245692527,46.032599791325815,24.516196310236104
433.256,-1.6861683282535154,46.058655099633754,24.68206646051589
433.356,-1.5756604377831493,46.0775556559518,25.079875099978565
433.456,-1.4393497693635098,46.08403458899163,25.60276744658384
433.556,-1.2992031292728967,46.0762458796922,26.128854980218698
433.656,-1.1717891918736711,46.05656380034679,26.54938191753056
433.756,-1.0665942080418063,46.03048166119164,26.798392512923087
433.856,-0.9860363232918559,46.004321895421896,26.87092415430258
433.956,-0.9283995306899726,45.9830817476065,26.815300759913576
434.056,-0.8934693889525036,45.969325066326945,26.699861336669237
434.156,-0.887190964997373,45.96320901310503,26.5751959107211
434.256,-0.920442358629451,45.96320759358664,26.457939311194657
434.356,-1.0011683286186042,45.967025204076656,26.343749148089934
434.456,-1.1250746312898698,45.972370499758796,26.232950795709073
434.556,-1.2715693045062366,45.97745092677361,26.146197456658655
434.656,-1.4078979223280186,45.98117169896304,26.121303415998348
434.756,-1.4997033400627942,45.98310181159509,26.196921905497916
434.856,-1.523511830576389,45.983313915357826,26.391727587336952
434.956,-1.4759520480876347,45.98220262939793,26.686335932351056
435.056,-1.3755165780179865,45.98034002003857,27.017463899208316
435.156,-1.2555992302992678,45.978363754566786,27.294181518977915
435.256,-1.1516182768934087,45.976855768978176,27.435497124976877
435.356,-1.0879620362796487,45.97618898441538,27.4112844995801
435.456,-1.0704358415192203,45.97638473153261,27.261053705130728
435.556,-1.087031135599517,45.97708186990403,27.07709804693414
435.656,-1.115759968689737,45.977712719614985,26.961170112455896
435.756,-1.1351751756740285,45.97788966183464,26.978720451887597
435.856,-1.1327507428253583,45.977862481603665,27.132728963660625
435.956,-1.1082164465480204,45.97878558259153,27.366403792780687
436.056,-1.0715492945641145,45.98253209765572,27.59057333756313
436.156,-1.0375682905247174,45.990964726340565,27.721375823937763
436.256,-1.0202987820681955,46.00486490162733,27.709172804850347
436.356,-1.029638452254794,46.02299097110682,27.5453456377075
436.456,-1.070538063336393,46.04184041054246,27.24936749917501
436.556,-1.1427133726993972,46.05650917569302,26.85282607973297
436.656,-1.2390481255530048,46.06250497409539,26.396241225314682
436.756,-1.343602990993375,46.057674412993556,25.938124840374222
436.856,-1.4325661067056714,46.043132415351195,25.560249703657377
436.956,-1.4803258726085886,46.022685662760686,25.354639518826474
437.056,-1.4690123062689224,46.00127599276131,25.392914156022158
437.156,-1.3971472697129173,45.983456286912755,25.69163247670312
437.256,-1.2830771290534955,45.972529917145856,26.191238404010804
437.356,-1.1605688572364201,45.97030921830595,26.76374993266139
437.456,-1.0668050832560994,45.97710176329213,27.25490612949598
437.556,-1.0269641661306181,45.991648966817,27.547686187766644
437.656,-1.0427296369492183,46.01110162793937,27.61477495599859
437.756,-1.0913922694686917,46.031404058180776,27.527360418926257
437.856,-1.1368060011990693,46.048394861463684,27.413815182882658
437.956,-1.1465968073630677,46.05941319641477,27.393196682876265
438.056,-1.1068936832566862,46.06450566739955,27.51827828790526
438.156,-1.0283496151207814,46.06617807307734,27.750292851528222
438.256,-0.9421735333240804,46.067530962955296,27.971368760878505
438.356,-0.8885174869523738,46.06996941487429,28.0305482491343
438.456,-0.9013175466491177,46.0721850220247,27.810006624490036
438.556,-0.9947558045958758,46.07119071975251,27.285155284807907
438.656,-1.1567228702927252,46.06458701985441,26.545825732789453
438.756,-1.3524403720826967,46.05230908138705,25.76246754506296
438.856,-1.5367127326985326,46.03665362012792,25.116184772672185
438.956,-1.6691691297994637,46.0208518171763,24.732480973355955
439.056,-1.7263917134751168,46.007444942328284,24.64737456030771
439.156,-1.7073829605838355,45.99753066164514,24.80969141712606
439.256,-1.6315720365843447,45.99108835641902,25.109289411425067
439.356,-1.530536917065639,45.98788876253079,25.41891233312011
439.456,-1.4366382636482413,45.98829978271171,25.636440198349227
439.556,-1.3731088491882346,45.993495682716905,25.71284308209607
439.656,-1.3489495052770266,46.00491344814105,25.65655839353569
439.756,-1.3589418447951473,46.02314279637843,25.517667799813225
439.856,-1.387293330128891,46.04674364050937,25.363724134503045
439.956,-1.4138991592718497,46.071672625865894,25.25628254618968
440.056,-1.4224924617152652,46.09189201320271,25.231056670714935
440.156,-1.4083129279175495,46.10117869789165,25.284653543701417
440.256,-1.3813347629072155,46.09534072351564,25.374036259139345
440.356,-1.3623492268255788,46.07366657276805,25.43308614686041
440.456,-1.3729009856511283,46.03900430420629,25.402661909967883
440.556,-1.4235347768526054,45.99689977910349,25.26117515449466
440.656,-1.5062823372748326,45.95463524638966,25.038096650219366
440.756,-1.5962438971138724,45.92046705319251,24.799325672263414
440.856,-1.662753617758554,45.90257373456754,24.611760779234878
440.956,-1.6842072319419472,45.90710118369517,24.511326858250072
441.056,-1.6576072995605244,45.935598385722905,24.495577280895716
441.156,-1.5980615615959124,45.98343861467018,24.54005067062871
441.256,-1.5304201710643,46.04097396822367,24.620108563293755
441.356,-1.4781278655108068,46.09736627547775,24.723291893755714
441.456,-1.4531100806947563,46.14477189080391,24.852350239854317
441.556,-1.4493669118896904,46.180154233450274,25.025879976901408
441.656,-1.443281775279047,46.203776500815366,25.27585803503822
441.756,-1.4028819196529412,46.21570978582923,25.6338926110175
441.856,-1.3041597854570952,46.21289132231879,26.104598138688267
441.956,-1.14703364054143,46.18883471077616,26.63887768102063
442.056,-0.9617374603311148,46.136390248439724,27.12680002586417
442.156,-0.8010253605641111,46.05207570394267,27.423294043177727
442.256,-0.7210634498049373,45.9396080144431,27.403431909425883
442.356,-0.7588569254227906,45.81071844462257,27.0243744383798
442.456,-0.9152432820331526,45.68262722381327,26.358994679034183
442.556,-1.1512085607460136,45.57299228259429,25.575551139806898
442.656,-1.4010685105222862,45.494275322927805,24.870238582982672
442.756,-1.5981055389358048,45.44992232988719,24.391085908943623
442.856,-1.7002741076780765,45.43415918335743,24.19359708568856
442.956,-1.702787399434456,45.435563133948165,24.242487300177274
443.056,-1.6328943253239032,45.44255980339756,24.4467689979928
443.156,-1.5328549552090678,45.447786035374115,24.70435841867223
443.256,-1.4416356222182998,45.44901667736906,24.935570355151192
443.356,-1.3828968445044012,45.447000270036675,25.096524638161668
443.456,-1.361067057973024,45.44290700619762,25.17737716110834
443.556,-1.3634898175198131,45.43777201992597,25.196807585454252
443.656,-1.3664006239537727,45.43372910444615,25.19812837621138
443.756,-1.343839191458315,45.43484549238711,25.241517535402245
443.856,-1.278275468860457,45.44589258852807,25.38523594650797
443.956,-1.169373017694788,45.46949962706505,25.658922080792905
444.056,-1.0363002281020144,45.503648218792485,26.041666036628172
444.156,-0.9117367071220173,45.541268892521394,26.45684936882884
444.256,-0.830380380512203,45.57232163742149,26.788130271512642
444.356,-0.8175428279433135,45.58738342455534,26.91309815129828
444.456,-0.8822964647528124,45.58123601527367,26.745587238812746
444.556,-1.0162678155960023,45.55518884186991,26.273721929589072
444.656,-1.1971908564946787,45.517342620509005,25.577143909492307
444.756,-1.3963587988958182,45.480445633196055,24.809195563241573
444.856,-1.5880143407077512,45.45765847411348,24.146351232118477
444.956,-1.7561291066421205,45.45760664323262,23.72860564172865
445.056,-1.8945981441561912,45.48098702599337,23.61872682035574
445.156,-2.002171728431385,45.52058978627319,23.792080388070218
445.256,-2.0775700356797557,45.564695888150666,24.15215917498285
445.356,-2.118406488317767,45.60186215574328,24.562736512314288
445.456,-2.122928290210048,45.624698469959945,24.8884675870176
445.556,-2.0916734299680186,45.63134906512281,25.033982801236853
445.656,-2.027911058235752,45.62480119144838,24.969681433201075
445.756,-1.9382126061505929,45.61095354280587,24.73408012772255
445.856,-1.8344601161328526,45.59645344287982,24.409503772442847
445.956,-1.7356471495726922,45.58692730500678,24.081609613928904
446.056,-1.6658197587188397,45.585775712572875,23.804934204744725
446.156,-1.6471582630663235,45.593490627267755,23.592025174748443
446.256,-1.691939603355415,45.60748616151527,23.42590107528057
446.356,-1.798230107223418,45.62251901088855,23.28267437816158
446.456,-1.9509623695699148,45.63178117333477,23.151206790360206
446.556,-2.1265258161676996,45.62865088084709,23.04334792305795
446.656,-2.2978809935111357,45.60886949789135,22.994505085412463
446.756,-2.4385199228298333,45.572590324986955,23.056551675571285
446.856,-2.5260311726620657,45.525447693215845,23.283210315900007
446.956,-2.5473485364904036,45.47778440532834,23.706747487028913
447.056,-2.5059503195137864,45.441746436724856,24.30966303167584
447.156,-2.427058249863059,45.42705978632919,25.004878333756437
447.256,-2.3544685161370467,45.437288609815106,25.643042302993635
447.356,-2.3360371878444397,45.468421306019394,26.055528984084667
447.456,-2.402819701411758,45.51055589896088,26.11809145479795
447.556,-2.553106993481798,45.551869552374704,25.801524846382144
447.656,-2.7512865418232266,45.58292543852686,25.182032019270935
447.756,-2.9426664380176817,45.599394859131216,24.411106634721556
447.856,-3.075802478885379,45.60233779779915,23.66625261939067
447.956,-3.12094265006926,45.59646265976418,23.104567759900725
448.056,-3.077666080377483,45.58752852077717,22.83086234666179
448.156,-2.9710451563154976,45.5800880809375,22.88334224306883
448.256,-2.8395382962465874,45.57632299097893,23.234440602710762
448.356,-2.7199555556344635,45.57610973570794,23.80082858826865
448.456,-2.6362822429293615,45.57793734877187,24.457036444702972
448.556,-2.5976232621839372,45.58005808384577,25.052238072255548
448.656,-2.6042238854033073,45.58133663747854,25.435664835435112
448.756,-2.6541059595197822,45.581546393188034,25.49535715246393
448.856,-2.7436860262030436,45.58115673154971,25.202131103905927
448.956,-2.8632895865292056,45.580861009828205,24.633929598126315
449.056,-2.9940062409241577,45.58115433168882,23.95677482326895
449.156,-3.11020180703963,45.58214975384832,23.36532907336364
449.256,-3.186133507000079,45.58361604050514,23.014363882627393
449.356,-3.2026992156737464,45.585112830051244,22.97436396633875
449.456,-3.152397327476045,45.586138905919235,23.224103658277237
449.556,-3.042124112636536,45.58627164609535,23.673702348183063
449.656,-2.8924929971121713,45.58527493314134,24.203835526558386
449.756,-2.732533623769733,45.583143742730456,24.705496228898646
449.856,-2.5916212477105276,45.58009219480994,25.106094692842838
449.956,-2.4926971256106967,45.576528992371884,25.373755780391967
450.056,-2.449240053552252,45.57303375484619,25.502890614744118
450.156,-2.464843994082173,45.57028066380839,25.495127634552965
450.256,-2.5325640873152153,45.56884987872157,25.352780621907677
450.356,-2.633116037831762,45.568959852627536,25.092439582386227
450.456,-2.7347093984724467,45.570264455192195,24.76734511355211
450.556,-2.799039644107623,45.57187660681314,24.47362747557588
450.656,-2.7949227712834173,45.57267509264518,24.323399538545402
450.756,-2.7140338539585613,45.57178287239747,24.39472354353873
450.856,-2.578191767508983,45.56897847714073,24.69093802733316
450.956,-2.4315476377878227,45.5648195006209,25.137761679431215
451.056,-2.322043923963342,45.56042518807128,25.618357202932145
451.156,-2.283475819459646,45.557052410375775,26.019973333295226
451.256,-2.3262296480444107,45.55566792096205,26.2649223902611
451.356,-2.437426792619604,45.55666563767369,26.31901635539279
451.456,-2.587667370987198,45.55978846853219,26.18696113646093
451.556,-2.7418271402459524,45.56424837562293,25.904284204105615
451.656,-2.8710585899273156,45.56899494682471,25.52854467244611
451.756,-2.9614493044897117,45.57304695569114,25.12942037508538
451.856,-3.015092407047753,45.575778229791446,24.778175313375932
451.956,-3.0435091010020727,45.577059552724464,24.537553791513403
452.056,-3.0583933400657344,45.577211930036356,24.45113016127062
452.156,-3.0657755143323797,45.57680419849312,24.53046519213912
452.256,-3.066124973120388,45.57639611555255,24.743660336765316
452.356,-3.058463350448065,45.57634837350194,25.015158743198597
452.456,-3.044749306279563,45.57676522943928,25.243900927132998
452.556,-3.0317416726093924,45.57754146590706,25.334885580807388
452.656,-3.0297428400605497,45.57844729521992,25.229019948626224
452.756,-3.0496774689039796,45.579229272797015,24.91723351509576
452.856,-3.1003820023998543,45.579740566784324,24.435840308261348
452.956,-3.18614848735006,45.580060311348525,23.852446585226737
453.056,-3.3027831435882646,45.58048552365103,23.255039221259516
453.156,-3.432052380021652,45.5813204507492,22.7470677122284
453.256,-3.5387542066180018,45.58256068060196,22.438708946573577
453.356,-3.576687912340887,45.58370710579206,22.42474063863046
453.456,-3.5054871937339627,45.58388588782488,22.752541688699296
453.556,-3.3115358384928797,45.58223428431784,23.39476735863323
453.656,-3.020256944651557,45.57833651346469,24.24176822971429
453.756,-2.6905614021863684,45.572484083669046,25.12252547209355
453.856,-2.3938741399037724,45.5656473377487,25.851991260617233
453.956,-2.190146822572821,45.559186666960194,26.2872980435761
454.056,-2.112906888814237,45.554441768233,26.365936983924477
454.156,-2.166687644960895,45.552366676896256,26.109316905933802
454.256,-2.332353695667571,45.553320414504064,25.598676952038048
454.356,-2.5742332983130325,45.557034326289745,24.944764946108627
454.456,-2.8459107807035124,45.56271317532503,24.266923121709198
454.556,-3.095306512105097,45.56920935035211,23.6811399245237
454.656,-3.27168764968674,45.57523851005449,23.28768237182262
454.756,-3.3359976846480137,45.579641467255726,23.1540479488336
454.856,-3.272015009273943,45.58167833954629,23.29877465753716
454.956,-3.092838286383035,45.581269054642235,23.68445175044137
455.056,-2.8384859037204535,45.579058595334686,24.22364452829855
455.156,-2.565300687180276,45.576246779804315,24.795779423824882
455.256,-2.3317657525117497,45.57422658765173,25.2709134866763
455.356,-2.1852879526328906,45.57413954662014,25.537251533311156
455.456,-2.15238426220791,45.57647641077964,25.528403255698784
455.556,-2.2333903905409542,45.58085340213698,25.242300756011204
455.656,-2.402427406039962,45.58606653580112,24.743154795568152
455.756,-2.6128618658507676,45.590447776749926,24.145169676005644
455.856,-2.807766517697047,45.59243314663481,23.585338701668157
455.956,-2.9341732373865668,45.591151262785374,23.193721315673805
456.056,-2.958795962552209,45.58680291579121,23.06395100429466
456.156,-2.8808399753915808,45.580659964480006,23.223699819613948
456.256,-2.7354910002806108,45.574653747956766,23.61193095539165
456.356,-2.5830066474953597,45.57069323047291,24.08171196189648
456.456,-2.485356745321475,45.5699778677346,24.445461783670275
456.556,-2.4809894580696152,45.57258890501646,24.552825609002312
456.656,-2.5703990453086405,45.57752550784344,24.36049976205188
456.756,-2.7187101782080347,45.58314079049955,23.952375838311937
456.856,-2.8726488034250224,45.58776028561808,23.499669932078213
456.956,-2.9836643767944864,45.590239121292626,23.184304893679965
457.056,-3.0271510332417506,45.59029213917498,23.123108108127354
457.156,-3.0093644270962514,45.58851286350785,23.325263242802848
457.256,-2.9595461010003135,45.58607245491676,23.697778701680193
457.356,-2.9126820718627044,45.584195331066034,24.091822435556864
457.456,-2.892609033247723,45.583616676613815,24.366380285866768
457.556,-2.9032548638878666,45.58426084165875,24.441536875166356
457.656,-2.930506198236813,45.58529649861384,24.32161929575509
457.756,-2.9522986761396837,45.58555898665544,24.08272455366746
457.856,-2.9515313240848755,45.58416279631469,23.833316146590697
457.956,-2.92566231540642,45.581028569298105,23.666151362148973
458.056,-2.8884680591813137,45.57706129737728,23.6220580829794
458.156,-2.862988856663442,45.573857532289274,23.680161528526384
458.256,-2.8693296315474512,45.5730536091164,23.775850065176243
458.356,-2.9145221982058516,45.575624968480454,23.83250824903275
458.456,-2.9904497086048636,45.58145935253084,23.788051165895958
458.556,-3.0799277143838424,45.58935485275691,23.60807042707198
458.656,-3.165878375717341,45.59739946521666,23.29084261884057
458.756,-3.238028440210236,45.60358254469157,22.870687960326805
458.856,-3.2942313376044225,45.60643549557588,22.418180486335068
458.956,-3.3367478842637155,45.605474616099656,22.030843382826106
459.056,-3.366638578448452,45.601285466750774,21.81108359567395
459.156,-3.380821478781762,45.595257538858625,21.83469994345092
459.256,-3.3747410830338183,45.58913280140463,22.118371784975444
459.356,-3.349076069134391,45.584550234421236,22.59819576612761
459.456,-3.314857992783381,45.582673216595765,23.133518623272387
459.556,-3.2916612190628243,45.58391304245577,23.545297268078237
459.656,-3.298356999254686,45.58778967074557,23.68114956426092
459.756,-3.3417111671832913,45.59303036695245,23.477920577434283
459.856,-3.410446937343515,45.597965945706726,22.986798820694716
459.956,-3.479147899460777,45.60111413662343,22.347530262319943
460.056,-3.5197108594755804,45.60167918798076,21.731409648000025
460.156,-3.5131708187656514,45.59971749510506,21.2874265959869
460.256,-3.4553134120353306,45.59592571565678,21.112799424751692
460.356,-3.3545308535491642,45.59123346019066,21.247064247791428
460.456,-3.225415792884178,45.58646661637174,21.677754636535433
460.556,-3.083102042993353,45.58224751080527,22.347437687848952
460.656,-2.9413604861303355,45.5790828149519,23.158673541076844
460.756,-2.814069055302639,45.57742375007333,23.97997738729095
460.856,-2.7170576851085926,45.577534447270025,24.65985233894186
460.956,-2.667125912536882,45.57924384415977,25.054839254694144
461.056,-2.6773953966837283,45.581832067444296,25.069464029314567
461.156,-2.7511473509429862,45.58422104099466,24.694139797557554
461.256,-2.8776846198257218,45.5853917747026,24.020382850349634
461.356,-3.0329061553284404,45.58478387144104,23.21959944857582
461.456,-3.1849172963196395,45.58247050079667,22.49063819338071
461.556,-3.302456878761326,45.57906062293362,21.99857594726604
461.656,-3.362663519526933,45.57541485515989,21.829884204524035
461.756,-3.3554448939622077,45.572310961178005,21.97833259187665
461.856,-3.2837400250578597,45.57017833056877,22.362276019791828
461.956,-3.1609270844624433,45.56898012114877,22.86357168856768
462.056,-3.0077044735652763,45.56828718908463,23.370789609126767
462.156,-2.8502818135213914,45.56754314673873,23.806973271359205
462.256,-2.719218158189527,45.56642645649625,24.13190937881653
462.356,-2.6457323182137884,45.5651104188529,24.32755238712224
462.456,-2.6533934049215944,45.564227198385844,24.385216654035823
462.556,-2.74772381468825,45.564518872241834,24.304692778526366
462.656,-2.909905803836672,45.56639154189883,24.101012168858432
462.756,-3.1000843280362673,45.56967322012081,23.809455889362674
462.856,-3.2710370722523052,45.573726198303355,23.483071441945008
462.956,-3.386570627255388,45.57780741255475,23.182010223058448
463.056,-3.4348361195352695,45.5814199093511,22.958502627379232
463.156,-3.429140917051562,45.58444893556594,22.844364885887394
463.256,-3.3972718418439243,45.58705107492558,22.845416875113017
463.356,-3.3676236045700136,45.589431269164095,22.940316383350087
463.456,-3.359969758390143,45.591697514511516,23.07984933697975
463.556,-3.382628659129182,45.5938793242733,23.190043982022196
463.656,-3.433443045658514,45.596008887005674,23.187601357190957
463.756,-3.50227703883192,45.598089379720676,23.009407232468703
463.856,-3.57442400013084,45.599919742374254,22.644414363680283
463.956,-3.6345849623809485,45.60095612118392,22.149188288794278
464.056,-3.6704558446575177,45.60042146510267,21.63584973101468
464.156,-3.6747604272946646,45.59767938338059,21.237440783097384
464.256,-3.6451966493022,45.59265443803031,21.066621202341594
464.356,-3.5831238159629635,45.5860270104014,21.18220347654683
464.456,-3.4928833409891666,45.579095087256086,21.571110530673927
464.556,-3.3826185137015443,45.573403003662705,22.149525582427245
464.656,-3.264654736143939,45.57030622030157,22.785717385762652
464.756,-3.152708421468489,45.57058971062779,23.34145752418918
464.856,-3.056697924784828,45.57421465413944,23.71753442861337
464.956,-2.9796359671421513,45.58026309507173,23.88207984075757
465.056,-2.9195050253547237,45.587124778357,23.86978897025321
465.156,-2.8738253458998955,45.5929070458236,23.75856662006244
465.256,-2.8424349279380294,45.59597379909018,23.638505814456572
465.356,-2.827001325784785,45.5954583504772,23.582769487413508
465.456,-2.8295429742649816,45.59157223124022,23.624421087782146
465.556,-2.852006230407426,45.58556828551988,23.745101663632276
465.656,-2.895721712374744,45.57932390317045,23.88346632710241
465.756,-2.958818125544717,45.57467562514451,23.963666639136427
465.856,-3.033239044560716,45.57278176006953,23.929697747658345
465.956,-3.105563646578851,45.573805654285216,23.765940236758546
466.056,-3.162714144592563,45.57705251292245,23.49646136651053
466.156,-3.198322309226562,45.58143481341228,23.171939088744267
466.256,-3.214905108836412,45.585968564801206,22.855044240677927
466.356,-3.221476617943715,45.59005424194438,22.60571085258063
466.456,-3.2296719757699677,45.59350283845459,22.463880589227657
466.556,-3.250366732616854,45.59641974256654,22.434343439497617
466.656,-3.2901951939283194,45.59904614398176,22.484924780774918
466.756,-3.347473608394658,45.60156951275944,22.563663701503174
466.856,-3.409719553547653,45.603906051874816,22.625270821818056
466.956,-3.4563643577854037,45.60555035859912,22.648089220791434
467.056,-3.4672853704184305,45.6056491538263,22.63199623268416
467.156,-3.4324978089942135,45.60337786942489,22.5860003454654
467.256,-3.356507587614182,45.598519129461984,22.520762413949285
467.356,-3.2546681760642002,45.591977779057736,22.4510614151069
467.456,-3.1444836660488136,45.585910299002556,22.401589339477148
467.556,-3.0377942665921083,45.58325077276875,22.40721903305947
467.656,-2.9390717064330047,45.586677101499134,22.502535374077077
467.756,-2.8509151014362786,45.597364734469544,22.701479292313962
467.856,-2.7818821545777297,45.6140533137322,22.97720280634433
467.956,-2.7487163041517775,45.63293162798365,23.25912724562577
468.056,-2.7690558508831913,45.64863425308742,23.458106299695395
468.156,-2.8491458917061863,45.656184865810154,23.510301510757017
468.256,-2.975879122241416,45.65306785581543,23.41145413740952
468.356,-3.119477075339006,45.6402690395387,23.21613132031373
468.456,-3.2456656607746908,45.62166935551773,23.002690065127695
468.556,-3.3301593155172924,45.60227763621182,22.830376796823764
468.656,-3.3673331214675812,45.58640597928046,22.716830322794905
468.756,-3.3693865484680146,45.57659005078416,22.644130967692533
468.856,-3.3584113508085025,45.57338963896587,22.5802975961329
468.956,-3.356591619484888,45.57578946368923,22.498031222464256
469.056,-3.3783535018823727,45.58185930117015,22.382962241739513
469.156,-3.425984484402001,45.58943824571316,22.234816235599894
469.256,-3.489297188635547,45.596707327503516,22.065799981159053
469.356,-3.549398550924181,45.6025515901996,21.895955329914543
469.456,-3.585445752128912,45.60663250375314,21.74521377340259
469.556,-3.5819098824552285,45.609161919366834,21.62643728043767
469.656,-3.5333248847430028,45.61049793463365,21.54551785498277
469.756,-3.4444329556496953,45.610788102267456,21.509816526638794
469.856,-3.326076452293414,45.609862724693286,21.53798054113917
469.956,-3.189915201218433,45.60742646279982,21.659862700679398
470.056,-3.0459860706502937,45.60341182492648,21.900522347976953
470.156,-2.905060861408373,45.59825319453946,22.25446972690999
470.256,-2.7836646788238113,45.59287659457529,22.666039690466604
470.356,-2.7065602300257225,45.58837584557937,23.03131880382214
470.456,-2.7025228830502144,45.585560930886956,23.226021648727524
470.556,-2.79377172671456,45.584649616863594,23.14948826448709
470.656,-2.9835987116805853,45.5852500711256,22.766655476256354
470.756,-3.248120460711732,45.586583251516494,22.13018612844119
470.856,-3.5369971556914663,45.587804403528594,21.37238947918464
470.956,-3.784808927669445,45.588304842575575,20.669671163591516
471.056,-3.9301433222220155,45.587898844219566,20.19422386882495
471.156,-3.935617681232877,45.58682307062288,20.06902879762346
471.256,-3.801278209648771,45.58556185481531,20.334977073707904
471.356,-3.566002798359918,45.58461588167414,20.93525291333396
471.456,-3.295345744134778,45.584338392279264,21.72599102884653
471.556,-3.059168312886463,45.58486661046994,22.521158594519306
471.656,-2.9075569881709313,45.58609898051884,23.161131630117012
471.756,-2.8557634176659477,45.58769254834449,23.569528374710586
471.856,-2.885147505381056,45.58911989333799,23.76181119398418
471.956,-2.9585826755809563,45.58982578875588,23.80301797928523
472.056,-3.040768743876967,45.589445834391555,23.750359245227287
472.156,-3.111979054680525,45.58797550481279,23.62212879006649
472.256,-3.169409761569959,45.58578774756422,23.407491595627548
472.356,-3.2188824141539953,45.583488491413455,23.101021495359802
472.456,-3.264655785509447,45.58169537750934,22.732672563056596
472.556,-3.304237775499537,45.580843613570956,22.370916852731398
472.656,-3.3306406914638558,45.581059656227424,22.096679618609713
472.756,-3.3395218901122377,45.582084700704776,21.96534685113562
472.856,-3.3354300960877694,45.58325372960583,21.98052762618837
472.956,-3.33209460481244,45.58361182315444,22.093588401525288
473.056,-3.3463501278825944,45.58226671375045,22.225981794301624
473.156,-3.3900766256000026,45.578960991773904,22.299145355590007
473.256,-3.4653671488039564,45.57464238879295,22.256558365712017
473.356,-3.564936265502226,45.57166086441962,22.072928125885625
473.456,-3.6759182091525346,45.57327504492431,21.75616350918873
473.556,-3.783876853597974,45.58244255560935,21.34819298361078
473.656,-3.8753217332054533,45.600271467279974,20.922490505888405
473.756,-3.9390854650509226,45.62480961258681,20.571451987399684
473.856,-3.967631355702146,45.65088037992781,20.3818531940814
473.956,-3.9585890151810688,45.67136461263645,20.405862669013317
474.056,-3.91566677204964,45.679668676947735,20.640104552326022
474.156,-3.847811320506821,45.67232495176382,21.02297589753376
474.256,-3.7664978744933393,45.65036582406617,21.4527151365263
474.356,-3.6824784695786903,45.61880629479548,21.819930910944628
474.456,-3.603684184594165,45.584798707624486,22.042962857911192
474.556,-3.534759237015848,45.555665346358026,22.094074977816668
474.656,-3.477287941784951,45.53761997403034,22.007263517997686
474.756,-3.429775533027275,45.535152799898256,21.863558102291755
474.856,-3.38754661498605,45.550547739227085,21.757865823253546
474.956,-3.3433638437944353,45.583110102797164,21.760067138115353
475.056,-3.289302851846614,45.628242038089525,21.88653909594737
475.156,-3.220076635091921,45.677130414981185,22.09425782338981
475.256,-3.1375170682609195,45.71805199799873,22.300472319876626
475.356,-3.0543195626873185,45.73974475416409,22.419645802817406
475.456,-2.993352826067472,45.73591853303523,22.400248836890754
475.556,-2.9798452148141976,45.708634156470325,22.24402303829777
475.656,-3.028631557775782,45.668344864096056,22.00148674499593
475.756,-3.1336862604586244,45.63022485815281,21.750666897795142
475.856,-3.2672212420224582,45.60858837687108,21.570695330825593
475.956,-3.3900353964211476,45.61204677211608,21.518138972334704
476.056,-3.4680808646509647,45.64130398815942,21.60952979536038
476.156,-3.4868058051404702,45.69000715336322,21.812930695501272
476.256,-3.455923736599985,45.747700236181544,22.05269676074962
476.356,-3.4022174849665134,45.80325594099117,22.230881174713517
476.456,-3.3548062382233894,45.84746739006759,22.262710465708984
476.556,-3.331507170135197,45.87439257826117,22.113290591035053
476.656,-3.3329045433992306,45.881702182865325,21.81697573064249
476.756,-3.3449143396782404,45.870275209647,21.46805801312464
476.856,-3.3467588520235694,45.843154778362766,21.186952919291095
476.956,-3.3208259907509543,45.80437560069355,21.0766895346745
477.056,-3.260872802209569,45.75864315334551,21.185135365890652
477.156,-3.1745953262024145,45.712216093325544,21.484809362756664
477.256,-3.0784873116011227,45.67377267598172,21.879020737992256
477.356,-2.9878827530093943,45.65340954102125,22.236953169866005
477.456,-2.9091216525846306,45.659343202236975,22.447090293423827
477.556,-2.8394677952147944,45.69400251529971,22.46435070392276
477.656,-2.7741256873454176,45.751924691269735,22.32558133881298
477.756,-2.7138516824586674,45.82079472478924,22.125560164225497
477.856,-2.6666875546278064,45.885286575182874,21.968488159432383
477.956,-2.6430784052505487,45.93218378489204,21.921156272244616
478.056,-2.649115675545332,45.95480752161452,21.989060335612898
478.156,-2.682851359840022,45.95496370222091,22.12260116181033
478.256,-2.7346556184119706,45.941519703520115,22.246226748183446
478.356,-2.789330842747461,45.92622502379832,22.295567297067002
478.456,-2.8283706295618742,45.918795584426626,22.247116045295016
478.556,-2.8335831587555163,45.923622450477154,22.128134790137345
478.656,-2.793598740735149,45.93935630658122,22.001326726101944
478.756,-2.7112555059647363,45.960852098330214,21.931661077620937
478.856,-2.606554559393686,45.98189351810963,21.954746186038037
478.956,-2.5110380370696035,45.99730271678643,22.065494130504057
479.056,-2.4548727889387365,46.00390485988095,22.231173808993525
479.156,-2.4534251305661385,46.00058740177199,22.415970520475348
479.256,-2.5011795414354907,45.988020355457685,22.59811132032062
479.356,-2.576524343507465,45.96847441607359,22.76890927829787
479.456,-2.6544277089901342,45.94576735628902,22.91727953319169
479.556,-2.719628510084526,45.92498406289102,23.013058362244493
479.656,-2.7729735364832777,45.911533318497455,23.00414088874455
479.756,-2.827763006106686,45.909484819245804,22.835270524339457
479.856,-2.8989073531444944,45.919847550720164,22.48121582665985
479.956,-2.9914112668304327,45.939894138649194,21.97364074668443
480.056,-3.094184518231266,45.964159409256624,21.40246614837214
480.156,-3.182186393197533,45.98661858048662,20.8889612120821
480.256,-3.226591566193896,46.002836911861706,20.544146371921947
480.356,-3.2091034600236767,46.011115209958945,20.43046352330893
480.456,-3.133517993422096,46.0123852202796,20.53981664943238
480.556,-3.027922488714111,46.00920977274825,20.795100721755745
480.656,-2.9355344496865854,46.00449914015409,21.07637694803485
480.756,-2.898373409004357,46.00050717177763,21.263670182249157
480.856,-2.9416454672858805,45.99840020412952,21.27884662809752
480.956,-3.0655739611250894,45.99834550565246,21.10836654895634
481.056,-3.2465432558897973,45.999847059779185,20.800103465195853
481.156,-3.4449438024658363,46.002067328871355,20.441613046466152
481.256,-3.6161315792581803,46.004033600443144,20.132665501798307
481.356,-3.721942264049673,46.00478010611982,19.96070423102467
481.456,-3.7400065885280114,46.00352376503343,19.982273659999947
481.556,-3.667531967549124,45.99990641484526,20.211407248817245
481.656,-3.5185467115611644,45.99421884886074,20.615910717612508
481.756,-3.3177145709465776,45.987442088785876,21.122913785564826
481.856,-3.094709423830274,45.980985710006465,21.635914207547458
481.956,-2.8799704448142407,45.97618642125626,22.063056210214093
482.056,-2.7004438758175624,45.9738271156266,22.347055635149317
482.156,-2.5753607261218363,45.97394829490404,22.479361345712462
482.256,-2.5137291606767036,45.97600168057407,22.489119363128566
482.356,-2.514174075866201,45.97915747139949,22.417216310503413
482.456,-2.566234279354859,45.982563655417394,22.29530864253151
482.556,-2.6524666447573395,45.98551290718485,22.14107722393038
482.656,-2.751363989142959,45.987554202304615,21.96756288736529
482.756,-2.8407608672229756,45.98853429110321,21.7977880937146
482.856,-2.9009266710529857,45.98852997067051,21.674482246276284
482.956,-2.916905376044255,45.98770791106253,21.65565841779881
483.056,-2.8806038418276003,45.98621586051535,21.792470838812832
483.156,-2.7935419450283163,45.98418181544872,22.097270716394995
483.256,-2.6698553198664428,45.98181401867937,22.520012342823136
483.356,-2.536702060447084,45.97952221351159,22.95050720471091
483.456,-2.428692936819971,45.97795369582563,23.25132784257231
483.556,-2.376345242650771,45.97787099003158,23.309591041376088
483.656,-2.3936435547307156,45.97988537919616,23.084378635232987
483.756,-2.4719436954998173,45.984156694482685,22.62611490335359
483.856,-2.5841343235266265,45.99020845343979,22.057880116023505
483.956,-2.6963959422875874,45.9969642135575,21.529771492411832
484.056,-2.780456687030437,46.003022572485804,21.16942724839565
484.156,-2.8203109761686846,46.007091874802356,21.047389604067547
484.256,-2.8120178048831974,46.00842055241694,21.165576112958313
484.356,-2.759263023830826,46.007034876939706,21.469669278535164
484.456,-2.669070979171707,46.003686296076836,21.877695365203138
484.556,-2.551324618939894,45.999570949229266,22.307310924086657
484.656,-2.4220772823661463,45.995976933301684,22.686743772314358
484.756,-2.3056828461021084,45.993969502491346,22.952926573402728
484.856,-2.229966635546454,45.99413795665358,23.05421282661232
484.956,-2.214779840283988,45.9964324173186,22.965633446594126
485.056,-2.261697265631234,46.000180887373354,22.704173615810518
485.156,-2.3530612097617833,46.00434600109799,22.326600132663913
485.256,-2.46140199570101,46.007930815620384,21.907786192457003
485.356,-2.5626896977606535,46.01032782363451,21.513467247300085
485.456,-2.645116470555614,46.01144535766846,21.18295423696253
485.556,-2.709370423700058,46.011592887906616,20.927553425104392
485.656,-2.7627216878073,46.01123988376058,20.7388375945047
485.756,-2.812666207047009,46.010803281929945,20.59665703233248
485.856,-2.863792072443154,46.010558236920026,20.47385053464339
485.956,-2.9171802317628632,46.01066227402829,20.343163851223018
486.056,-2.970452587735174,46.011214623250964,20.18844415735608
486.156,-3.0185997660883146,46.0122761892575,20.011900494800095
486.256,-3.0563656245122246,46.01382571274189,19.829890453980255
486.356,-3.080781192134232,46.01568205609207,19.66289573891354
486.456,-3.0912315110086794,46.01745549617322,19.532001109370732
486.556,-3.0870230238008247,46.018589461549894,19.463042229006945
486.656,-3.0658439043675116,46.01851265917872,19.485643691385846
486.756,-3.0259749043923065,46.01685459520663,19.618298688925613
486.856,-2.970896168440092,46.0136282079189,19.84839654207819
486.956,-2.9119988886201256,46.00929083360813,20.124953106859486
487.056,-2.8663975927177248,46.004649359551905,20.372377841606074
487.156,-2.850349143473977,46.00063675227916,20.51839999747972
487.256,-2.871372723964953,45.99803520498403,20.52185806863921
487.356,-2.9229738315186466,45.997246529711305,20.38799804791158
487.456,-2.985076934941695,45.998189998971064,20.166218817188643
487.556,-3.03081437700488,46.000346523926176,19.933569463026323
487.656,-3.0372256672041473,46.00291706520705,19.771264224928892
487.756,-2.9954015275399755,46.005050908516665,19.74017781240478
487.856,-2.915203025668255,46.00609496880866,19.861239704260967
487.956,-2.8211990784886822,46.00579023702466,20.109576531015556
488.056,-2.7407113055865793,46.00432662163826,20.428764137359174
488.156,-2.690325080046854,46.00221720624253,20.7590847001588
488.256,-2.669325666695208,46.00006133845809,21.06107617247438
488.356,-2.664273153242462,45.99834255013319,21.317927829957895
488.456,-2.661051151102292,45.99736465170756,21.51855331492723
488.556,-2.655577310879792,45.99729781763144,21.640189622440296
488.656,-2.6558833730605045,45.99821993044519,21.648891232025022
488.756,-2.674661931826222,46.00007957613442,21.520036012177506
488.856,-2.717764782571699,46.0026181551585,21.263149980325196
488.956,-2.7766360279754423,46.0053562123707,20.930255005291308
489.056,-2.8300487686077673,46.007715981252986,20.59944504841181
489.156,-2.8546039408164816,46.0092463480557,20.3442483585805
489.256,-2.838091211267198,46.00982446253661,20.20692808462747
489.356,-2.788001628179593,46.00970374628573,20.187443939372038
489.456,-2.729673977113677,46.00935905028936,20.251026658123997
489.556,-2.6937940219754637,46.00919151858923,20.351706101701872
489.656,-2.6993514841494317,46.00924635366787,20.46164888080189
489.756,-2.741876691813495,46.00912099928698,20.588359986111712
489.856,-2.7942869539508877,46.008160564232526,20.76619607431325
489.956,-2.820194051147382,46.005869048250325,21.027258706680676
490.056,-2.79247556741214,46.00230799704968,21.371638052469663
490.156,-2.7073576782890143,45.99822380089187,21.75486010357332
490.256,-2.5866551403476663,45.99478460167207,22.098789548939116
490.356,-2.467189010561377,45.99304864342687,22.32167392167571
490.456,-2.384022941038104,45.993465661548576,22.373905378893774
490.556,-2.357470310554554,45.99568986009723,22.260509600336867
490.656,-2.389598624331782,45.99877745309965,22.037677756226955
490.756,-2.468408300126896,46.001620131779255,21.787486309724365
490.856,-2.5741160442193873,46.00337295883005,21.58701737792611
490.956,-2.68402165855516,46.0036908056198,21.48582496783002
491.056,-2.7763234496156173,46.00272172471188,21.49626304583642
491.156,-2.8344055026531407,46.00092751882603,21.595511907717054
491.256,-2.8509764837639295,45.998848003918035,21.73717897529309
491.356,-2.8295235616183874,45.996897857049944,21.86884127237218
491.456,-2.781906535858191,45.99524310101967,21.948718506561185
491.556,-2.7240007785632443,45.993792221141526,21.95382800398118
491.656,-2.6722574015199925,45.992324678607055,21.876615282607276
491.756,-2.641996097378403,45.99071839357953,21.715292454390188
491.856,-2.6458542981894126,45.989152361913625,21.468281130144184
491.956,-2.6907099728706925,45.9881340386177,21.13946716618505
492.056,-2.77363285061012,45.98828566439012,20.750467058421364
492.156,-2.8798288567204793,45.989986849538695,20.34819117993159
492.256,-2.985619681366643,45.993099244367286,19.998253260023894
492.356,-3.0666530875143536,45.99697189323759,19.764630156959363
492.456,-3.107847496123732,46.00073761977227,19.684607246620345
492.556,-3.1098689192535502,46.00370828598018,19.75087299875883
492.656,-3.0885180378384263,46.005625661348056,19.90994532010287
492.756,-3.067364703327435,46.00664931806522,20.07872760054964
492.856,-3.067492378985662,46.00713930750639,20.172872538160682
492.956,-3.0987924260913076,46.007387436087946,20.137546657300426
493.056,-3.1556016015353308,46.00744391582688,19.9715724934547
493.156,-3.217954511868271,46.00712355333857,19.73488812272437
493.256,-3.2584140301419,46.00618446811401,19.531342181631004
493.356,-3.2523296566730266,46.00457270468326,19.470177131910354
493.456,-3.1875177268513397,46.00257373868936,19.622658825931694
493.556,-3.069405600892054,46.000756289480464,19.993412995588294
493.656,-2.9194730185822024,45.999719634868825,20.51840698593565
493.756,-2.767442482485613,45.999780163972076,21.08956728746545
493.856,-2.640208802744212,46.000764458596656,21.595307307267817
493.956,-2.5518681724660084,46.00200799762652,21.960389758463975
494.056,-2.499086103887599,46.00257361047716,22.16857915872948
494.156,-2.4644967466613394,46.001642908793585,22.25769078845174
494.256,-2.4274074867213145,45.99895174104196,22.28942655983377
494.356,-2.3766344839792666,45.99504758795411,22.31063055105986
494.456,-2.3180095939315564,45.99116136225385,22.328073555916127
494.556,-2.271598494062296,45.98867682411403,22.310992559292885
494.656,-2.2599658706144297,45.9884473096842,22.218750780623722
494.756,-2.2947282587123823,45.99035207452204,22.034765322857567
494.856,-2.369783282104457,45.993367467316766,21.783888605836935
494.956,-2.464995967924878,45.99610923818062,21.523012420351023
495.056,-2.5571854223915764,45.99751335667253,21.313142413200808
495.156,-2.6310038653644625,45.99727704907531,21.190936465723475
495.256,-2.6834251979016415,45.9958846941184,21.155074288728926
495.356,-2.7206446261986272,45.99430313508299,21.17304993662897
495.456,-2.75112044580122,45.99355592116267,21.202526854327523
495.556,-2.7799534336940965,45.99435099422772,21.213324969291058
495.656,-2.8076165968991305,45.996848962762556,21.19666582394583
495.756,-2.8324850908017893,46.00060350912536,21.158014689827034
495.856,-2.854184410141542,46.004674119447564,21.10192365689027
495.956,-2.8746630797085047,46.00787666014423,21.022712086958585
496.056,-2.895934073741799,46.00911457219666,20.909030072755876
496.156,-2.9164477893862895,46.00773065803135,20.757184467790253
496.256,-2.929852577990033,46.003798769193274,20.579276557590624
496.356,-2.9284385036652694,45.998231130716285,20.397153676937968
496.456,-2.9093752677975573,45.99258411506089,20.22772638222805
496.556,-2.878524276933753,45.98856134891957,20.07469845567985
496.656,-2.84785498100063,45.987390620999875,19.935948190276264
496.756,-2.8279195821098284,45.989363311109265,19.819580871132885
496.856,-2.82119456472973,45.993767059908556,19.75196571838336
496.956,-2.8210152196082703,45.99923120877095,19.76878138258246
497.056,-2.8161804550713043,46.004285867427015,19.895414224057845
497.156,-2.7978726157425697,46.00785813059613,20.129230912890257
497.256,-2.7648349853507312,46.00951734003369,20.432544334553917
497.356,-2.7239089514998085,46.00944390268119,20.740329694781636
497.456,-2.6860018140958104,46.0082223510335,20.98125864928437
497.556,-2.660977648378072,46.006591453646315,21.102565932770517
497.656,-2.655063947848255,46.00523705987359,21.086522389561246
497.756,-2.670632956840592,46.00464972273369,20.953941469524402
497.856,-2.705795819543887,46.00504206795316,20.757764529355114
497.956,-2.7534118336172426,46.006329863220174,20.568399458492408
498.056,-2.8020120956285197,46.00818770460812,20.450619575290617
498.156,-2.8399553056697044,46.01017065263837,20.438645841217458
498.256,-2.860412004988781,46.01186114078821,20.523278262293175
498.356,-2.863651602164346,46.01298732476318,20.659731421229097
498.456,-2.85581539801602,46.01347651083647,20.789942734467537
498.556,-2.8462185086381453,46.01343923976647,20.863744395383648
498.656,-2.845162399503316,46.01310433300061,20.848387616043006
498.756,-2.8622859512178565,46.01273421434607,20.728456699167218
498.856,-2.9045717997981413,46.01254641656729,20.504124741767072
498.956,-2.974118611642112,46.01265796287482,20.190903598651936
499.056,-3.0667717415733193,46.01306022717386,19.81822206151177
499.156,-3.1720904411090984,46.01362692449555,19.4257555328709
499.256,-3.2740338089826864,46.01415609038344,19.060680717617828
499.356,-3.352168317976272,46.01444174575888,18.776853108736788
499.456,-3.384688930210295,46.01435719719609,18.63015931304634
499.556,-3.354391148784096,46.013916280183295,18.663960361195684
499.656,-3.255979925141652,46.01328070006852,18.88834822704611
499.756,-3.1007071463719384,46.01271108871534,19.266471599335752
499.856,-2.915440504775411,46.01249355158714,19.71879282231628
499.956,-2.736593241293285,46.01287549977614,20.144159837967308
500.056,-2.601066263058975,46.014012038356654,20.448370102158954
500.156,-2.5359992388774373,46.01589952390717,20.572225891569204
500.256,-2.549582588867075,46.01829648509889,20.51275658894403
500.356,-2.6267419105265617,46.020683459450375,20.328136988963784
500.456,-2.7328718852727647,46.02231902348717,20.119688856970292
500.556,-2.8249601536232376,46.022386647821705,19.998138524784437
500.656,-2.8657499888741853,46.02017682951554,20.050597822610122
500.756,-2.835813620449734,46.015274676744205,20.318198192197876
500.856,-2.7397011976077508,46.00776154008464,20.783324997495882
500.956,-2.6041184427875095,45.99839905780619,21.36513144041038
501.056,-2.46860566961314,45.988675416470116,21.92967465331811
501.156,-2.372422904288193,45.980575852731036,22.322254074745217
501.256,-2.342966057252589,45.97604642136995,22.418269424038755
501.356,-2.3892828660391103,45.976299200377696,22.17370028103108
501.456,-2.5011707827824097,45.98126740578858,21.649555239261204
501.556,-2.652865821841381,45.98953097963008,20.993552969495305
501.656,-2.8101767757527156,45.99879833610748,20.385335671832898
501.756,-2.939496345112964,46.006695190902406,19.973010708630333
501.856,-3.0164850269388097,46.01147985243791,19.830226210880227
501.956,-3.0318936330660335,46.01244160736919,19.946477725017452
502.056,-2.992396020235539,46.00994274906774,20.2463081390119
502.156,-2.916276643231491,46.00518247760098,20.62400172851917
502.256,-2.826523589971792,45.99979073644935,20.97785440960285
502.356,-2.744608918645959,45.99535154826141,21.23240367551859
502.456,-2.6864465380186076,45.99296090878865,21.346953341709636
502.556,-2.6603675789613845,45.99295337523978,21.315755006838955
502.656,-2.667046327378344,45.99491373818139,21.163352018176717
502.756,-2.7014892109069137,45.99797059123343,20.93439458533706
502.856,-2.755880448603726,46.001216046372086,20.679783553707587
502.956,-2.8209075248713305,46.004034890756124,20.446730054432024
503.056,-2.884873979732035,46.00620162551647,20.27749478082253
503.156,-2.933348258101738,46.00775599132648,20.210428913776575
503.256,-2.9525290431069706,46.008794370563784,20.273128527664298
503.356,-2.935438921784325,46.009336352871735,20.46794466252043
503.456,-2.886431517723402,46.00933853236159,20.76089002080346
503.556,-2.8206018921379155,46.00880731104896,21.083769888871068
503.656,-2.75845158606667,46.007902276628045,21.35107837458075
503.756,-2.7185748346422116,46.006953837322435,21.486111332900826
503.856,-2.7115149427928245,46.006395670027096,21.44546948290273
503.956,-2.7373639406972643,46.006655587525074,21.22921290431011
504.056,-2.788144623745083,46.00802821925659,20.871291795140834
504.156,-2.853347355852897,46.010528519301864,20.419436672238227
504.256,-2.9247068216161693,46.01376057342913,19.921771834465574
504.356,-2.996732929048534,46.0168940050668,19.429794203272877
504.456,-3.063062840362335,46.01883466760354,19.01049711982472
504.556,-3.1126678193103956,46.01858913653386,18.74923792822829
504.656,-3.130708146884608,46.01570312016145,18.729747579682382
504.756,-3.1054119685103245,46.010573703292984,18.99524644287699
504.856,-3.037467724157686,46.0044600252879,19.510488745893973
504.956,-2.9458768995343902,45.999146157687235,20.147910293909447
505.056,-2.8656563489702194,45.99636540949487,20.712936906019358
505.156,-2.836987616817808,45.99720170785101,21.007472766923534
505.256,-2.889913504432137,46.00170154725465,20.908485857221905
505.356,-3.031090188170161,46.00884020042357,20.422271487761407
505.456,-3.2381498510669218,46.01683113969761,19.683760266347782
505.556,-3.4639346713647186,46.023651630212086,18.903225921561052
505.656,-3.6494930287471377,46.02762953897803,18.291391720717407
505.756,-3.742216767813673,46.02794193379203,17.995990724149124
505.856,-3.713505183400173,46.02486941519284,18.066175748427113
505.956,-3.569440108209889,46.01968244626924,18.44642173666294
506.056,-3.3496520895034223,46.01416696222232,18.99713539602771
506.156,-3.1141351614205988,46.009972483847505,19.53842967180031
506.256,-2.923121948342022,46.00805720748023,19.908012842920577
506.356,-2.8179379197220698,46.008445760348614,20.01530517112775
506.456,-2.809513307589235,46.010360476427735,19.870650205218276
506.556,-2.877625213463169,46.01263199916357,19.57660742177717
506.656,-2.9802358024564413,46.014195087954484,19.285248442251614
506.756,-3.069323661135755,46.014458106849695,19.14077280662636
506.856,-3.1077260394124693,46.01341719881489,19.22990797869499
506.956,-3.081149219793957,46.01152618085535,19.554989562184026
507.056,-3.001053384296476,46.009433712598884,20.036126788611583
507.156,-2.897753794613422,46.00771160218328,20.54161439707341
507.256,-2.807356800844076,46.00666462174572,20.93621375485941
507.356,-2.758296734560801,46.00628472877611,21.127995231364558
507.456,-2.762305444337443,46.00637398941269,21.09399220205829
507.556,-2.8121496224978344,46.006770389282515,20.876135906120766
507.656,-2.885962752996008,46.007516612221636,20.555220821942036
507.756,-2.956073531803206,46.008831451347454,20.219505766189755
507.856,-2.99911927720931,46.010897578545595,19.94061482330241
507.956,-3.0039650137575578,46.013629375961656,19.76057063930864
508.056,-2.974589601665066,46.016592012747346,19.689193132326928
508.156,-2.9269463916408966,46.019121349909675,19.710231902348724
508.256,-2.8815288651174384,46.02056157808545,19.792960352157912
508.356,-2.855355453781108,46.02048374328651,19.903855448093495
508.456,-2.8567658892587176,46.01878587975526,20.01433465263679
508.556,-2.884188356807215,46.01566397600713,20.10533595229265
508.656,-2.9279362316711257,46.01151860463424,20.17187409864207
508.756,-2.973568575821183,46.00687096652089,20.226956476945894
508.856,-3.005985346279182,46.00230674973922,20.29952498082291
508.956,-3.013872585058813,45.9984132286572,20.422540752514863
509.056,-2.9936738547809014,45.995685839338755,20.614298016172654
509.156,-2.951583625967359,45.99443345041389,20.861730570992293
509.256,-2.902236511723544,45.99472911320698,21.11488792528329
509.356,-2.8639646698962054,45.996411671771824,21.298391138569443
509.456,-2.8519837539414894,45.99910693442221,21.339655550904773
509.556,-2.8720536528182947,46.002259696610686,21.203983066882806
509.656,-2.917619065221487,46.00521562991526,20.917319888202428
509.756,-2.972475069364286,46.00738780879559,20.559479505769772
509.856,-3.01836014534868,46.00846807974742,20.22829610875128
509.956,-3.0438420482816824,46.00856940121274,19.995216630506434
510.056,-3.049732581825303,46.008192826115646,19.877566708605897
510.156,-3.048101457786963,46.00800721395881,19.840562480380378
510.256,-3.0554247453523615,46.00854458127757,19.825008339947715
510.356,-3.083210949775072,46.0099678210535,19.784666815309542
510.456,-3.130371360122858,46.01202095920061,19.71438674756375
510.556,-3.181012187469598,46.01416598998152,19.655449904994548
510.656,-3.209791642297702,46.01582747584297,19.674489944498447
510.756,-3.1938968631503926,46.01664097390707,19.824058205741217
510.856,-3.1262175428147714,46.016609914615515,20.103452832335478
510.956,-3.0219905301912746,46.01610528795326,20.44095252679851
511.056,-2.91452702203442,46.01570459118948,20.709663696623693
511.156,-2.842252365225754,46.01594088149671,20.774113918982486
511.256,-2.833515742714333,46.01706821482447,20.5501643505568
511.356,-2.8953926426991714,46.01892867957945,20.051514241937063
511.456,-3.0101478179761827,46.02096192377648,19.398410971145204
511.556,-3.14041534651912,46.02236010306507,18.780912473616993
511.656,-3.2417496966616,46.022333276147855,18.39172274064068
511.756,-3.278456053802053,46.02040525673148,18.357603955667074
511.856,-3.23645256526725,46.01663169440207,18.69591878415754
511.956,-3.127595813258864,46.01164958203346,19.30973975358132
512.056,-2.983894771433839,46.00652837755563,20.02163264902908
512.156,-2.844777052879664,46.00246851906016,20.63527445309517
512.256,-2.7431199071533854,46.0004499566508,21.003216014868748
512.356,-2.6954590759432904,46.00094773151907,21.07271908345914
512.456,-2.699643173483885,46.00380108030877,20.889346598293407
512.556,-2.7400964957194063,46.008270722953085,20.559987415499045
512.656,-2.7974816358827823,46.01327040208946,20.19841053629049
512.756,-2.8573660211865715,46.01770984756161,19.88230532163596
512.856,-2.913372008434301,46.020833510690096,19.639629384298196
512.956,-2.964364284163011,46.02241901266094,19.46288550018094
513.056,-3.0094924456999124,46.022750116137104,19.334645377343996
513.156,-3.045658406693775,46.022382233845924,19.24582043613959
513.256,-3.06887789835978,46.02181600720188,19.199183269057222
513.356,-3.07724562121372,46.02124080585169,19.20319928398363
513.456,-3.0720110919432173,46.02047957393692,19.26566614006795
513.556,-3.055348316586503,46.019159043140945,19.392580531850065
513.656,-3.026821740966305,46.01699858616077,19.59032723281574
513.756,-2.9821513281068164,46.01404291945478,19.865342664915516
513.856,-2.916153245504873,46.01070358186042,20.21814779645974
513.956,-2.8284121950461696,46.007593869985755,20.633868361342657
514.056,-2.7280678397167506,46.00526535370167,21.073766798763515
514.156,-2.6342496372688657,46.00399855435851,21.47290276729011
514.256,-2.571023283139226,46.00374046937836,21.74902013614915
514.356,-2.559018934467261,46.00418193697019,21.82407397859555
514.456,-2.6077299008978514,46.00491072955354,21.652690431092978
514.556,-2.711468730924487,46.005576794704716,21.246202849271597
514.656,-2.849888970156634,46.00603010370169,20.679545033855057
514.756,-2.992764495468087,46.00640458965668,20.07327441736279
514.856,-3.10786016525514,46.00710615238545,19.555837186354168
514.956,-3.1695373328216476,46.008652078657775,19.22375001613485
515.056,-3.165265761713968,46.01137355956226,19.117042116724654
515.156,-3.0981821727141323,46.0151177414529,19.215472204733828
515.256,-2.9852599257728585,46.01913628656962,19.451738055006764
515.356,-2.851623663509052,46.022243488474395,19.737484417948032
515.456,-2.7224441808156,46.02316788901865,19.998094765357386
515.556,-2.615136986479861,46.02095011104295,20.2051410952039
515.656,-2.535421238636907,46.01527293485918,20.387878208259814
515.756,-2.479593109928196,46.00666888057816,20.611390379188713
515.856,-2.44183105627517,45.996570187261824,20.929599805854274
515.956,-2.4216622453809364,45.987133701496944,21.34023044323842
516.056,-2.426010810286833,45.98075070458814,21.771260839043542
516.156,-2.4637720046667155,45.97926601407532,22.111392494808513
516.256,-2.5368335495541245,45.98320693727074,22.266803896499624
516.356,-2.635462344858553,45.991502557146724,22.203408830865655
516.456,-2.743209627153469,46.00194335903353,21.945342335503327
516.556,-2.847709641954765,46.01211253649543,21.54148091773193
516.656,-2.94748457655939,46.02021709238132,21.03786516368256
516.756,-3.048325472331584,46.02541782301539,20.478417066770454
516.856,-3.152385551789571,46.02766678783021,19.923079739221947
516.956,-3.24923563023669,46.02734710100717,19.456718108861082
517.056,-3.3163636562702195,46.02501657722276,19.17238529264678
517.156,-3.329562776991679,46.021352892104595,19.13484404927312
517.256,-3.2765421550719367,46.01717852471086,19.346418989961514
517.356,-3.1648915005032237,46.01338696495154,19.737173446914703
517.456,-3.0199162778197817,46.010713198319095,20.187675969483927
517.556,-2.8748039897767796,46.00945406648856,20.575003758712626
517.656,-2.759316395387863,46.00931638193193,20.8193410450285
517.756,-2.6919988787731697,46.00951850671496,20.906913255857873
517.856,-2.6771684147382118,46.00912952709722,20.879844351306126
517.956,-2.705259057759875,46.007484837818,20.80523995821961
518.056,-2.7555317258550858,46.004475771186726,20.74410036546569
518.156,-2.8020897511892855,46.00060298059786,20.730372908436657
518.256,-2.8236696676031983,45.99681649179417,20.758880344692194
518.356,-2.813862928164575,45.994234331097154,20.782114600958728
518.456,-2.7854463153153475,45.99382540686644,20.72283528832891
518.556,-2.7646530399665465,45.99611388738406,20.507271853430346
518.656,-2.777540581564928,46.00095203897728,20.10940390674395
518.756,-2.8360127885121713,46.00743025742416,19.581522007729326
518.856,-2.9313596221725646,46.01401978258582,19.046766771077408
518.956,-3.038349513475545,46.01899154194625,18.652046736519367
519.056,-3.126591431352857,46.02099508289035,18.507754477555224
519.156,-3.1723910298526548,46.01954362254279,18.64816122608449
519.256,-3.1654790854375463,46.015175562732,19.029120244183737
519.356,-3.109218435777109,46.00922373006878,19.556365692267555
519.456,-3.0168630443238698,46.00330294676364,20.124049333362706
519.556,-2.907516008718062,45.998749048492876,20.64250626537315
519.656,-2.803422224891868,45.99626471860829,21.044944987735192
519.756,-2.7274848181516163,45.995912322441036,21.27912296186684
519.856,-2.6992004427724225,45.99737864622418,21.30082414723867
519.956,-2.7290258023229796,46.000274246867015,21.082253633391772
520.056,-2.8134500500768382,46.004268289449406,20.632731137877634
520.156,-2.933698394154071,46.009053634337775,20.01460587118673
520.256,-3.0597157042740406,46.01427523815536,19.337949791750596
520.356,-3.1587724470360357,46.01951796861287,18.732913178219512
520.456,-3.2058434244463925,46.02434237318873,18.312872443007237
520.556,-3.191791381373072,46.02832639714683,18.143164140614225
520.656,-3.125904848228153,46.03110969042163,18.22457775031299
520.756,-3.0316384566167116,46.032450381113456,18.496277982938537
520.856,-2.937759134634689,46.03227793756439,18.857680662402842
520.956,-2.869324591857904,46.0307190856044,19.200302147426996
521.056,-2.8419980539379566,46.02810128576541,19.435508148378297
521.156,-2.8601304536070984,46.02494853956588,19.50930188239581
521.256,-2.917088297460154,46.02194654931641,19.405501240873114
521.356,-2.9969591009433714,46.019819555171885,19.14312814303773
521.456,-3.0781462862037543,46.019104715619164,18.770835947676545
521.556,-3.1391751179927354,46.01991671392535,18.357389063857937
521.656,-3.1654602133315706,46.02185419185985,17.97708317927095
521.756,-3.1545577644666096,46.02413287687907,17.692008377297256
521.856,-3.117360618388389,46.02588730834684,17.537124212909156
521.956,-3.0737195604420435,46.02648289482975,17.51604648611577
522.056,-3.0434305027882615,46.025691978060486,17.61086812303313
522.156,-3.0369332139235468,46.02368566790713,17.798685780851066
522.256,-3.0513576291076348,46.02089809451636,18.060955342534093
522.356,-3.0741892898650107,46.01786582203684,18.378874191614116
522.456,-3.09129221047494,46.01511968575615,18.722342944963316
522.556,-3.093633890531187,46.01313960783933,19.046046033509533
522.656,-3.0795686103870636,46.01232439121477,19.298646111020417
522.756,-3.0535839044352144,46.012924901094145,19.439263132310984
522.856,-3.023991070679365,46.01494055606395,19.450803568129203
522.956,-3.0007778600472292,46.0180302677959,19.34435628582616
523.056,-2.9933409535750926,46.021502151702684,19.155085365862377
523.156,-3.0078704809850834,46.02443549689094,18.931557283842224
523.256,-3.045008430077054,46.02595379449639,18.72010456437414
523.356,-3.0985754672808596,46.0255819085566,18.54914183626113
523.456,-3.155704363738778,46.02351889830905,18.42273135642747
523.556,-3.198701889749259,46.02064593171867,18.329575382730596
523.656,-3.2093174474554544,46.018213160678066,18.261858454088973
523.756,-3.1753706543067253,46.01733053967014,18.229031357681507
523.856,-3.097409790259931,46.018498870634225,18.25544900567391
523.956,-2.9913084105755203,46.021392187828035,18.364476890117963
524.056,-2.884036338965828,46.02497122639383,18.561853937172806
524.156,-2.8039018426951614,46.02786127679532,18.82989969668899
524.256,-2.7699383676549587,46.028840313600824,19.13532334851152
524.356,-2.7852222539025675,46.02726586592537,19.444459486269274
524.456,-2.8366430339975253,46.02330221347795,19.735002564981507
524.556,-2.9011059270017654,46.017882377001115,19.994880466008553
524.656,-2.9557536684494607,46.01243019588978,20.208145845741967
524.756,-2.9875923165946574,46.008436562269566,20.34017281951948
524.856,-2.9976738887078582,46.00701661388053,20.338378834944116
524.956,-2.9981055916453485,46.008585029699574,20.153545069327855
525.056,-3.0044797015185836,46.01276262646357,19.769748785010044
525.156,-3.0282116331842417,46.01854237951693,19.223877267773602
525.256,-3.0719996275820236,46.024629182780345,18.603327445938078
525.356,-3.12933044513953,46.02980898302932,18.023421481904855
525.456,-3.1873331972313608,46.033232311786556,17.59449353472459
525.556,-3.2314136909186146,46.034561843719345,17.390713250369238
525.656,-3.2498606222329727,46.033976760446066,17.43033716304341
525.756,-3.2370186862939008,46.032047228283204,17.67263612776152
525.856,-3.194254061713913,46.02951251772039,18.033167744741846
525.956,-3.1286219042914425,46.027024620434645,18.415091551347054
526.056,-3.0501781840237854,46.024948290395095,18.745674106051204
526.156,-2.9696000156713396,46.02330854878939,18.99908136147208
526.256,-2.8969691236040873,46.02190955444256,19.192409977566214
526.356,-2.8409226230405267,46.02053546970956,19.361441906896083
526.456,-2.8072389441324432,46.01908790382215,19.535592128762843
526.556,-2.7977800041703915,46.017589875314044,19.724530451862762
526.656,-2.811692826503055,46.016121963444405,19.91443975964434
526.756,-2.8485780437621813,46.01480240153709,20.068804017851967
526.856,-2.9103512596386025,46.013834774146396,20.135815535190332
526.956,-2.9989151946243453,46.01353870486375,20.066502074893265
527.056,-3.1104002624944798,46.01427444112474,19.8393876217664
527.156,-3.22984955885952,46.01626549850653,19.478976477057373
527.256,-3.330573200198117,46.01941648655343,19.05623274369126
527.356,-3.3804519414257896,46.02324462114666,18.66841407220128
527.456,-3.3541471703227685,46.02698774249701,18.405698132141772
527.556,-3.246280479979106,46.02985469452143,18.317965912008383
527.656,-3.078369431197636,46.03130760367256,18.39583411318354
527.756,-2.894509728176324,46.03125994545847,18.575280162057723
527.856,-2.747084171196157,46.030122612971766,18.76487518299942
527.956,-2.6793804626582727,46.02867984769178,18.88211567729975
528.056,-2.7126431497216217,46.0278186481403,18.879887726548702
528.156,-2.841402821391405,46.02818740431989,18.75307133573795
528.256,-3.0366684704736784,46.02989957202855,18.53144210269229
528.356,-3.2542017122010805,46.03238722897905,18.27179263929188
528.456,-3.444684944056476,46.03446338637551,18.053866162694
528.556,-3.5635740494370722,46.03461439146059,17.972488773959135
528.656,-3.57996635875638,46.031499927188165,18.116665559285508
528.756,-3.484193110327176,46.02454333739742,18.53729261545542
528.856,-3.292265209915115,46.01438590366165,19.216902679739462
528.956,-3.0440147494612333,46.00295978181411,20.0573164745013
529.056,-2.7934257953443478,45.99304634079347,20.895548415428784
529.156,-2.593365454855217,45.98738179568398,21.54923247318748
529.256,-2.4799850178640384,45.98760610083084,21.87857786981872
529.356,-2.46312937129057,45.993550796607344,21.835043104928346
529.456,-2.5272472498643594,46.00331493572557,21.466592683367445
529.556,-2.6419218805967333,46.01414139709387,20.878820049171487
529.656,-2.7753515393316803,46.0235675880605,20.185129010797155
529.756,-2.903362529497876,46.03019292003383,19.47982873880312
529.856,-3.011421700211322,46.033768280261064,18.839243485306234
529.956,-3.0922653536918574,46.03477083368484,18.332782614702225
530.056,-3.143094013781372,46.03383208776864,18.02548795044683
530.156,-3.1644842621977674,46.03132448090168,17.96655960714709
530.256,-3.1606206924949234,46.02724139632263,18.170873684047564
530.356,-3.1389750310770452,46.0213580067384,18.605456199067355
530.456,-3.1082069911774255,46.01357153392875,19.189757896087208
530.556,-3.0753234493924566,46.004269157216974,19.81083090615416
530.656,-3.0446207376265235,45.99455220712147,20.34717504618154
530.756,-3.0194889070111373,45.98616544627964,20.693266845856918
530.856,-3.0047734752541686,45.98104933974428,20.781620683189686
530.956,-3.0060998789122877,45.980592079197415,20.60280084295629
531.056,-3.0258601307629434,45.98491021140765,20.217291748644
531.156,-3.059970275226277,45.99262912342741,19.744568934336456
531.256,-3.099137146235229,46.0014039037934,19.323148946291866
531.356,-3.133573410571735,46.008922837139835,19.05808142938777
531.456,-3.1570911761086933,46.01381695818584,18.983608999308778
531.556,-3.16797684468942,46.0160094334892,19.058469346692434
531.656,-3.1668453872675,46.01641357169141,19.193511875192662
531.756,-3.1532671141674555,46.01623918959661,19.297252911106888
531.856,-3.1236365360753595,46.01632478778458,19.316755046093228
531.956,-3.0723723929652706,46.016837305161694,19.253342583065
532.056,-2.996469831738146,46.01743177117147,19.147846855334606
532.156,-2.9008440975401797,46.01768930813485,19.0481853559673
532.256,-2.8008743206319338,46.017515647797325,18.97964713201518
532.356,-2.7195764215391236,46.01724407037356,18.934192629646546
532.456,-2.6790541984151517,46.01738437684199,18.885586873151368
532.556,-2.6887987006642007,46.0181748150344,18.82363807206773
532.656,-2.736701568406076,46.01921743953518,18.784871250236307
532.756,-2.790133724230685,46.01945455694803,18.851440044578887
532.856,-2.8103124907525796,46.01758458261431,19.10861655835049
532.956,-2.773619361314367,46.0127795616558,19.58355260826564
533.056,-2.6865919087165295,46.005361168914504,20.204504857498186
533.156,-2.584823319681476,45.99703625655247,20.807875381163925
533.256,-2.5167666664416473,45.99044770861724,21.194478373534068
533.356,-2.521723815461698,45.98813726486422,21.211328890250726
533.456,-2.6127012251125095,45.9914033802034,20.81863848762255
533.556,-2.771221343170893,45.99968535528448,20.10597389131447
533.656,-2.955169188084966,46.010807905529916,19.252651100321387
533.756,-3.114790021055512,46.02188203398128,18.462245330536668
533.856,-3.209242719418384,46.030341932393,17.90716221606612
533.956,-3.217889072921963,46.034682265278505,17.697692695624404
534.056,-3.144281162786669,46.03472130330007,17.869444589968786
534.156,-3.0135116637516077,46.03141460089822,18.379530570728207
534.256,-2.8646138779344525,46.02635483192325,19.109637075981226
534.356,-2.740079504747939,46.021167762895885,19.882640219670435
534.456,-2.6749283331651768,46.01703434796935,20.500822055205283
534.556,-2.687931014206434,46.01449059732103,20.802426488747784
534.656,-2.7772349833612893,46.0135140062561,20.714505485218545
534.756,-2.9216341428158543,46.013784761886,20.2732958503966
534.856,-3.0871489558298038,46.014958959258855,19.601481467571347
534.956,-3.2369469042062633,46.01681621912616,18.85905290630238
535.056,-3.341587753478308,46.01924001599921,18.194656919742435
535.156,-3.3864431551627874,46.022105948154866,17.71339955191754
535.256,-3.373992084764943,46.025202560113925,17.46241671839548
535.356,-3.320502100443413,46.02825170114226,17.43008145811087
535.456,-3.2488061196125813,46.03098869925848,17.556534593934458
535.556,-3.1803383645133962,46.03320573227219,17.75462488060041
535.656,-3.1294519775825265,46.034703113269806,17.937846691494585
535.756,-3.101495086436806,46.035195958784264,18.047647613315263
535.856,-3.094239089330337,46.03430438646108,18.070368601602574
535.956,-3.1010783068064285,46.03174135410127,18.0367104198015
536.056,-3.114247380263315,46.027687685081396,18.004164063926396
536.156,-3.1268216909088764,46.023176147204886,18.031144590650335
536.256,-3.1331548963924902,46.02020943345223,18.154499622699298
536.356,-3.128485093463027,46.02138619021157,18.378033025488655
536.456,-3.109166391467461,46.02900357350612,18.67302565863625
536.556,-3.074300476585961,46.043881259743884,18.98789139884572
536.656,-3.0274268690490587,46.064401356304025,19.26441122568506
536.756,-2.975800882627091,46.08634981683757,19.45792742694669
536.856,-2.9268475329740866,46.10394930288333,19.55453431427876
536.956,-2.8845977184519427,46.11191095227328,19.57487443650455
537.056,-2.8491485755635537,46.10758770139683,19.560028172049883
537.156,-2.8191015973859024,46.092002752599804,19.54769246977809
537.256,-2.7942214621822785,46.06916749335732,19.55447574650689
537.356,-2.7758563390307174,46.04425986169193,19.575346616352576
537.456,-2.7650711990929935,46.02184318938272,19.5976565006209
537.556,-2.7604962749831827,46.004934446512294,19.615855482842655
537.656,-2.757810887931093,45.99492426490214,19.635003630888605
537.756,-2.7507994412489367,45.991835315235235,19.665133672286643
537.856,-2.732580817374881,45.994475446697514,19.717482868077433
537.956,-2.6969022312591306,46.00051023104037,19.80553036262149
538.056,-2.6410594234342355,46.00683624690225,19.94159631109622
538.156,-2.5704324643915655,46.01047304420766,20.123500310245596
538.256,-2.5012711548034545,46.00967700221704,20.32027835963713
538.356,-2.4581690936686087,46.00467663021939,20.470165450283638
538.456,-2.4662881772038077,45.99759942815038,20.495046464819943
538.556,-2.5416466492981016,45.99157870171959,20.327042321853817
538.656,-2.6832167382617556,45.989412386219605,19.93885046518607
538.756,-2.8697641768113016,45.99238239201621,19.364451140739547
538.856,-3.063620366911991,45.99981185981902,18.695777989346624
538.956,-3.2216041325823994,46.00954064814771,18.053825560899504
539.056,-3.3097299061839465,46.0189623786806,17.549962105018807
539.156,-3.315796279115304,46.026026609482024,17.25534470148051
539.256,-3.2544428371266534,46.029795533820426,17.18517553434115
539.356,-3.162074777328421,46.03048242178985,17.297633873736658
539.456,-3.0830886958495185,46.029121385304904,17.508307703777618
539.556,-3.053095903238713,46.02708372049203,17.71866522225045
539.656,-3.0867632373931784,46.02562589845175,17.848116553316842
539.756,-3.175180312227681,46.025575861069754,17.85496073676827
539.856,-3.2921062431153842,46.02718306457788,17.739692164134816
539.956,-3.4046666308737557,46.030115413644225,17.53570870056248
540.056,-3.484065355498892,46.03358115003868,17.295962468459663
540.156,-3.5134389900429923,46.03655376061121,17.08060829556642
540.256,-3.490916664693337,46.03806265772637,16.946987326508065
540.356,-3.4271669774315896,46.03748535622734,16.94115069746148
540.456,-3.3393715820078214,46.03476226062807,17.088496554195103
540.556,-3.2455411788286312,46.0304692203788,17.381787063130858
540.656,-3.161678547637159,46.02570742623589,17.770404209679512
540.756,-3.1008309042331277,46.021791832193394,18.16192532654955
540.856,-3.071512907167019,46.01977056204969,18.446818978754187
540.956,-3.074805066275978,46.019916835823096,18.543222843611375
541.056,-3.102204169320146,46.02144505998715,18.43921942684959
541.156,-3.136794879230628,46.02268884487198,18.20503555564016
541.256,-3.1580674775825557,46.021781356326976,17.966702577627473
541.356,-3.1482819023470583,46.01759356309257,17.85780533755021
541.456,-3.097911912115684,46.010482982898786,17.973647012336237
541.556,-3.0087203907114457,46.00240282063864,18.343154263429398
541.656,-2.8936001242945792,45.99616532125651,18.923656904957426
541.756,-2.772718906869642,45.99411165129931,19.61765208538376
541.856,-2.6672089135870607,45.9969091404612,20.303631113708597
541.956,-2.5935660169925256,46.00329449728511,20.866840791186178
542.056,-2.561227336739698,46.011074239041534,21.21993823652668
542.156,-2.5728823387128372,46.01882256314982,21.31495499295565
542.256,-2.62535510068831,46.02706049131668,21.151502816967557
542.356,-2.709758752061866,46.03783391571027,20.778894619746538
542.456,-2.8115599598337226,46.05272142286934,20.285107473369152
542.556,-2.9121061677937305,46.070672728511454,19.7725420005491
542.656,-2.9919134540209242,46.087418275087735,19.33312630537884
542.756,-3.0341287289226457,46.09707954643328,19.037006298127736
542.856,-3.027027243601161,46.0950080947687,18.933368968420204
542.956,-2.96671193875666,46.08008706276241,19.04643486395325
543.056,-2.8614251167390066,46.055266761440734,19.355363157814836
543.156,-2.7355644146726092,46.02637480451109,19.76960124887931
543.256,-2.6282003290711486,46.00011519695392,20.127990144079064
543.356,-2.582254730813112,45.98215021667228,20.244020693701195
543.456,-2.6267076535941527,45.97568724845071,19.990557374553696
543.556,-2.7604686110599914,45.98069135967745,19.380486592765777
543.656,-2.9478401587353673,45.99386652808732,18.586068198129865
543.756,-3.130234193247489,46.00958785502841,17.87397805666849
543.856,-3.2492673900375237,46.02169927016737,17.493590584986556
543.956,-3.268918475964135,46.025630670861595,17.58430559437248
544.056,-3.185953552278299,46.02006081752465,18.14017664007745
544.156,-3.026880275373223,46.00752622570749,19.02637910702292
544.256,-2.8367436648170923,45.99373644611759,20.024979043718204
544.356,-2.6652133081197533,45.985703142747454,20.895679922962252
544.456,-2.552982722587359,45.98915053324768,21.444140045978372
544.556,-2.5211381441955965,46.006068773841235,21.581515499907717
544.656,-2.5667688098068027,46.03346284541999,21.347870072726984
544.756,-2.6665008347805568,46.064026482263706,20.884151212491275
544.856,-2.7860384746982376,46.08867801813178,20.36983373181519
544.956,-2.8915771362791176,46.10002342498487,19.961209841501066
545.056,-2.959716138725213,46.095252462099175,19.751244606384397
545.156,-2.983972976405049,46.077081738534,19.75033826430301
545.256,-2.976071070188617,46.05232142533202,19.88462512305518
545.356,-2.96039814637615,46.028944470211215,20.017892889791774
545.456,-2.9627047247349694,46.01317825386139,20.001922320019112
545.556,-2.997786337381413,46.00775540679774,19.742110161920976
545.656,-3.0619942995357263,46.011636948324565,19.24756779851657
545.756,-3.1340487870667033,46.020927611347936,18.636641875841676
545.856,-3.183868762167137,46.03048824937883,18.091578141418033
545.956,-3.185853089730216,46.03572963344246,17.78338093385154
546.056,-3.130986923073671,46.034096715981,17.801182006228835
546.156,-3.03218507053208,46.02582529115631,18.11490547092135
546.256,-2.9201199447970865,46.013732345176834,18.584980584788518
546.356,-2.8312977975973084,46.0020879754739,19.01677109476968
546.456,-2.7938137891330825,45.99495659427256,19.239862371208716
546.556,-2.8172447835741607,45.99467993520321,19.17584431794745
546.656,-2.8910037608011976,46.00117889798132,18.859075323389796
546.756,-2.9908457418161944,46.01231441300338,18.403883528533598
546.856,-3.0890224511745785,46.024929362225166,17.946159342137328
546.956,-3.1631708910266667,46.03591774697465,17.59371518606735
547.056,-3.2016857399084913,46.04290345777208,17.40031373342584
547.156,-3.2053905383627637,46.044529700343325,17.36124459551918
547.256,-3.185618529280042,46.040590794265015,17.425321939007034
547.356,-3.1591671653293503,46.03219205466013,17.51929135526138
547.456,-3.141779442163198,46.02191955686424,17.577952081921552
547.556,-3.142542963979345,46.01379708704858,17.56965386377928
547.656,-3.1610495869086037,46.012726240311935,17.50742223756503
547.756,-3.1880296737647313,46.023224988672524,17.441313508481002
547.856,-3.209249827473883,46.047609648484304,17.43477036795224
547.956,-3.2115814746707727,46.08421195338941,17.5340927212521
548.056,-3.189039565592701,46.1265777384406,17.743993882153333
548.156,-3.1459765026194972,46.16455715189267,18.02152283916307
548.256,-3.0955801104666847,46.18749029822795,18.29345481004443
548.356,-3.0541114647204566,46.18839242056511,18.49019032102597
548.456,-3.0333827731115406,46.166971298293554,18.57913159798896
548.556,-3.0347549546293706,46.129635869158676,18.580070232100496
548.656,-3.047427387628467,46.08649443734434,18.555322398333104
548.756,-3.052327142176175,46.04719996966891,18.580577903201835
548.856,-3.030841569335628,46.01785307417405,18.70948628262404
548.956,-2.975269654015399,46.00008502524979,18.94457328315397
549.056,-2.895767612327397,45.99207407642451,19.225381501701357
549.156,-2.818582981545312,45.990456268812586,19.44392931709494
549.256,-2.7743296685207426,45.99202884564332,19.490559753306854
549.356,-2.7814210868431672,45.994622184026,19.315067175064627
549.456,-2.8340358968588575,45.99720964963545,18.969160328280914
549.556,-2.9026486054326384,45.99977073749574,18.598313317580327
549.656,-2.948185592599657,46.003277875057606,18.381378076664014
549.756,-2.9421231938267596,46.009641916075246,18.451088651669302
549.856,-2.880605573511261,46.02114235463866,18.8370412969998
549.956,-2.784712294867063,46.039137892362,19.45427336422054
550.056,-2.688299415338925,46.06248900849465,20.136909584012116
550.156,-2.6218904458012204,46.08667605808743,20.70034451200526
550.256,-2.601402489082929,46.10466690753652,21.006208285596585
550.356,-2.62604098914273,46.109868437895635,21.00166002759493
550.456,-2.6844425496904094,46.10000642598007,20.715785266087757
550.556,-2.7637412035721027,46.079423456960114,20.223935276931655
550.656,-2.8545829863000094,46.0576289838977,19.614187533553512
550.756,-2.9490975653273566,46.04440371456685,18.97954214678782
550.856,-3.0360325746403376,46.04441994421368,18.424591721922965
550.956,-3.0999408942952584,46.05476939675326,18.058701073330333
551.056,-3.1267957136049347,46.066799824750156,17.96527850812965
551.156,-3.1122943391513402,46.07104402032382,18.162329533767
551.256,-3.0668254867497495,46.062408308117284,18.578878189443465
551.356,-3.013010077364328,46.04281652470257,19.06607041798938
551.456,-2.9762561391198616,46.02009411713898,19.446908151472336
551.556,-2.9736789611419496,46.00407050159204,19.585557244096258
551.656,-3.008140992906057,46.002182236267316,19.43906142932176
551.756,-3.0698961086049152,46.01656810753739,19.063322427287417
551.856,-3.1425237156098405,46.04345009313482,18.577145709996927
551.956,-3.208703177579686,46.07459164934771,18.110407761245284
552.056,-3.254583778524328,46.100185955459324,17.75976888051236
552.156,-3.273487987433775,46.11229587424819,17.56326915582857
552.256,-3.2684010197890956,46.107676929370044,17.497396088724095
552.356,-3.2513277163205387,46.08881251569872,17.495161459394446
552.456,-3.238661134879571,46.062734455755184,17.477902615496433
552.556,-3.24418607601897,46.038334233960036,17.388677222660426
552.656,-3.2730019937190775,46.023446465877086,17.214122590213
552.756,-3.319403869052742,46.022681226368704,16.985820347414503
552.856,-3.369821123970098,46.03636016541224,16.761227889800708
552.956,-3.4091687970650426,46.06055057958154,16.594970692333796
553.056,-3.426938487119209,46.088140701095654,16.516995499218915
553.156,-3.419846757786118,46.110867427123964,16.52873023720271
553.256,-3.3907820755156663,46.12190517665786,16.614797762052433
553.356,-3.3462838154399464,46.11810465619909,16.757790583217613
553.456,-3.294554393121814,46.10080051001712,16.945395092229788
553.556,-3.2441356129335546,46.07479707349087,17.168627929272404
553.656,-3.2022841358454173,46.04626587998505,17.41737857423371
553.756,-3.172633365429114,46.02080434588244,17.679652169453036
553.856,-3.1531927209766835,46.00244452208061,17.945048179024887
553.956,-3.1366746992285357,45.99357428243305,18.206790866994908
554.056,-3.1142654512279435,45.99522943673146,18.45689595335329
554.156,-3.0814399099807375,46.00722127449031,18.676426635801107
554.256,-3.0422901057772123,46.027917297255,18.829573825530225
554.356,-3.009154826729336,46.05392236170689,18.86990901891768
554.456,-2.9972119723475785,46.08016275209147,18.760016461965876
554.556,-3.0170840961590812,46.1008057643359,18.495532135629354
554.656,-3.0697106867880066,46.11098811783665,18.118203285212175
554.756,-3.145808218784765,46.108618760142996,17.70797946480932
554.856,-3.229179612910812,46.09514389780013,17.35849742782804
554.956,-3.301670151633701,46.074702300926,17.149375067859864
555.056,-3.3480240853273457,46.05221982037268,17.125921308758727
555.156,-3.3595663277279684,46.031619449418784,17.290329944058392
555.256,-3.335664378731593,46.0149715553704,17.605585603536227
555.356,-3.2822455081707815,46.00261959425586,18.011435173208596
555.456,-3.2080515450650324,45.993811766633925,18.44677301101293
555.556,-3.1210573675505557,45.9873825648166,18.867558987456867
555.656,-3.027873421336359,45.98232700573315,19.24970326425784
555.756,-2.9367072976041797,45.97827240816458,19.574985604023702
555.856,-2.8605042330367354,45.975689168006134,19.812585338934255
555.956,-2.8153115234513777,45.975532211807995,19.917325713952394
556.056,-2.812893976315351,45.97831594265163,19.853987247069306
556.156,-2.852930677948372,45.983224559827924,19.63047700651969
556.256,-2.9218733083300137,45.98807435061835,19.308744278135066
556.356,-3.0003609962235984,45.99043978496222,18.97930197369496
556.456,-3.0736658492658506,45.98938666585938,18.71722054406621
556.556,-3.13701684822194,45.98668495483397,18.552172051378477
556.656,-3.192014070176448,45.98653982540865,18.47163412302114
556.756,-3.237285066657023,45.99371151076231,18.4510862584264
556.856,-3.2611014684355197,46.01089109966987,18.485698956148134
556.956,-3.2435753977695185,46.03674699764509,18.59520365871755
557.056,-3.1698325257028017,46.06579840320684,18.794392813220654
557.156,-3.045796146579285,46.0903607350189,19.053359207639772
557.256,-2.903778642838752,46.10373943653305,19.283267337781936
557.356,-2.791879000562375,46.10310646575606,19.363916304325414
557.456,-2.753431244822636,46.09052709025777,19.19833641508899
557.556,-2.809076329219998,46.071625269586264,18.761311297454526
557.656,-2.9501934568407577,46.05277727677983,18.114401909678293
557.756,-3.1440767637249323,46.038414198341016,17.383895246753198
557.856,-3.3457653104658434,46.029633094645774,16.719542461660495
557.956,-3.5108550346265517,46.024461570342595,16.255438149124558
558.056,-3.605671833210522,46.0194329670523,16.083779015192782
558.156,-3.6135837278636345,46.01176426822483,16.240489272887245
558.256,-3.5377176023044044,46.00128932277536,16.6973299339097
558.356,-3.4001269400777403,45.99133964616232,17.359739436106203
558.456,-3.236423843216194,45.98802249944646,18.078318059358274
558.556,-3.085562468452288,45.997859982884506,18.683789283264417
558.656,-2.977594928575833,46.02449187876144,19.041581043659
558.756,-2.9250173587076276,46.06587448816666,19.10034011364533
558.856,-2.9221934946220642,46.1135956875436,18.903991220089225
558.956,-2.952062389578863,46.15510660918556,18.56233961955781
559.056,-2.994536479436192,46.178122464985854,18.20514561442058
559.156,-3.031762746638961,46.175211121107864,17.94597591963067
559.256,-3.0504344787535658,46.14652738966855,17.861057437358475
559.356,-3.044132608241675,46.099690444510394,17.97513220457037
559.456,-3.0164343098683233,46.04718431472836,18.25133100141722
559.556,-2.981934698923787,46.00257294943123,18.592913728193054
559.656,-2.9617921689317726,45.97686752226107,18.868508144134005
559.756,-2.9737805010430876,45.975871100352556,18.962874534353233
559.856,-3.02177160127966,45.99890233346012,18.833571739255447
559.956,-3.0918346868088946,46.03915453981119,18.537951011438174
560.056,-3.158519992917128,46.08574827078154,18.20805074910693
560.156,-3.1976418531166075,46.12710463551275,17.987222347475026
560.256,-3.19762028446317,46.15475537572615,17.965996219867286
560.356,-3.163760417029259,46.166277340745324,18.147047399903002
560.456,-3.115290984509791,46.16594127205008,18.447286208429915
560.556,-3.077918097522044,46.16232802186247,18.731195130866176
560.656,-3.074225382266299,46.16367949188982,18.86470400751245
560.756,-3.114260135466438,46.173354547631746,18.771475135458253
560.856,-3.190448261200345,46.18809424369957,18.464586154738278
560.956,-3.28062076004052,46.20010568241955,18.034586447195565
561.056,-3.358073477811061,46.2013907169859,17.60293740040339
561.156,-3.40253386678323,46.1875909768734,17.271471999200557
561.256,-3.405960901841482,46.15967003885627,17.09386423590746
561.356,-3.371685644451702,46.12339511701915,17.07491350962154
561.456,-3.3097740854643334,46.08728812054636,17.187164531889422
561.556,-3.232516430579736,46.05977923479971,17.38947314139449
561.656,-3.1520659873693617,46.04644377904334,17.63730233865079
561.756,-3.0795639888394675,46.04826304186325,17.885756297610598
561.856,-3.023575323991814,46.061498842785674,18.095662905623662
561.956,-2.9866851035719577,46.07923537849636,18.25011022933083
562.056,-2.9621550848565263,46.09416697605811,18.37315726546108
562.156,-2.934523230342741,46.10170451358468,18.53048069635411
562.256,-2.886235452459559,46.10197995727136,18.79999807178833
562.356,-2.807893720449222,46.09941644720439,19.223249146157464
562.456,-2.7061413765649007,46.09970425610323,19.76544401138029
562.556,-2.6032864022430644,46.10574385279942,20.312930711269857
562.656,-2.527015313392475,46.1150479018029,20.720838938095177
562.756,-2.4952184930255115,46.12040926777787,20.891960291298687
562.856,-2.5055149922562734,46.1136863893735,20.836762498133417
562.956,-2.5370408244866454,46.09056761443894,20.66753927597008
563.056,-2.5639245370529977,46.053577996373775,20.526258619474206
563.156,-2.571485267445958,46.01178259114813,20.495547640560176
563.256,-2.564106114260163,45.977485581987374,20.551904498535137
563.356,-2.559732625280354,45.96142963220127,20.58919143667447
563.456,-2.5755130324632916,45.968389052426154,20.494538150625104
563.556,-2.615257191041337,45.994945066596365,20.223686814533167
563.656,-2.6674359042746474,46.0305450462052,19.824848593410515
563.756,-2.713620814005438,46.061612812649855,19.404476701852353
563.856,-2.7393805040866113,46.07705427138847,19.07274652543508
563.956,-2.7398571346533487,46.07278624462496,18.90663690783802
564.056,-2.7187637125460853,46.053311524397145,18.937233600034013
564.156,-2.6845390548892354,46.029711878900116,19.14878512590306
564.256,-2.6469839065224505,46.015032877386965,19.4835753344939
564.356,-2.614967624319746,46.01904995767249,19.856933247015036
564.456,-2.5950186535012563,46.044508248555694,20.181281988432303
564.556,-2.591539006477788,46.086264987282874,20.385816980650787
564.656,-2.6085794678173784,46.13351206270118,20.422035952115678
564.756,-2.650401151194842,46.1738415652249,20.264719468950965
564.856,-2.7179399551601975,46.19721586051148,19.924316292404562
564.956,-2.8029413031786703,46.19842870512058,19.46551348718097
565.056,-2.885975702002618,46.17776381989205,19.005355505504795
565.156,-2.9425906878040067,46.14022754812403,18.675573564208293
565.256,-2.95485826698188,46.09379905637827,18.566649215863016
565.355,-2.9210328617464967,46.04720074608619,18.686520060557676
565.455,-2.857700382175288,46.007891288030876,18.954615676099472
565.555,-2.7932879316997727,45.98088539167508,19.23415816690826
565.655,-2.755548614910218,45.96853040176765,19.392980949114396
565.755,-2.75865121115298,45.97096533602004,19.36740587884644
565.855,-2.7968585047733185,45.986851678532936,19.192099192667406
565.955,-2.848651744522293,46.01391018896512,18.975000175459414
566.055,-2.8884770769446675,46.048858041864186,18.8358499734097
566.155,-2.898508037529858,46.08679680895781,18.85072937871422
566.255,-2.873877331656736,46.12082633853455,19.032397104934844
566.355,-2.82045156840163,46.14294839810201,19.34512797223922
566.455,-2.7493627820441517,46.14659683062809,19.73128162204612
566.555,-2.6727237141943547,46.129729069866904,20.12934151619541
566.655,-2.6012180537523477,46.09653476952235,20.481889898979247
566.755,-2.541926544252327,46.056411111237914,20.74353964469494
566.855,-2.4963095263084654,46.02058114573343,20.8915700818636
566.955,-2.460390205798859,45.9981756902298,20.930705415284862
567.055,-2.4281354213000768,45.99363951365126,20.886427061703188
567.155,-2.396072329015638,46.006247414094766,20.792753853232107
567.255,-2.3662701995568725,46.03144436358039,20.681929664827265
567.355,-2.3464148482103013,46.06312484199967,20.57562765284561
567.455,-2.3470627685311456,46.09562612205489,20.47687906860881
567.555,-2.3767986798844873,46.12439132567226,20.36932777484371
567.655,-2.437265947421878,46.145397200866675,20.229402222498223
567.755,-2.520809713055023,46.15468606745233,20.04534175316681
567.855,-2.6119779380223846,46.149163562294405,19.830602741638373
567.955,-2.6917645773090513,46.128337942936895,19.625117336790268
568.055,-2.7429300671304233,46.09562921696123,19.485115622332543
568.155,-2.7555437024945206,46.058224555478375,19.463488110287805
568.255,-2.731485015532627,46.02547710944595,19.585069297414968
568.355,-2.685364689904439,46.00652162029615,19.827662104739417
568.455,-2.64005116234987,46.00788038838181,20.121431261011843
568.555,-2.617940289001318,46.0317056665782,20.371430933563353
568.655,-2.6318576292782367,46.07520340027291,20.49424356732011
568.755,-2.680343000613199,46.13148322442774,20.448464703444294
568.855,-2.750370678035601,46.191350136749705,20.24077411119358
568.955,-2.826740429689309,46.244989551683496,19.905358995393165
569.055,-2.903297543161905,46.28301663702507,19.471537369705203
569.155,-2.9889472916324706,46.29755808926334,18.9422785129722
569.255,-3.1033246997119974,46.28424039059564,18.301181629607775
569.355,-3.2634268049533404,46.24458340908708,17.545709313827224
569.455,-3.469055313631557,46.18694777408208,16.721654316907134
569.555,-3.6959504682611453,46.12463531990704,15.930434892734475
569.655,-3.9009214878508374,46.07167127905738,15.3020136204155
569.755,-4.036969884760552,46.038307194990665,14.950673430646994
569.855,-4.071153510423301,46.02818022689342,14.938202354299264
569.955,-3.995861643954491,46.03787741085253,15.260211754189513
570.055,-3.8280549316443953,46.058587031778515,15.856958585937711
570.155,-3.5996262349424626,46.079114539649936,16.637055244199438
570.255,-3.3473961156303673,46.08950086760995,17.497667260682157
570.355,-3.1078093754809686,46.08433818266679,18.333733462519348
570.455,-2.9144706317433062,46.064644204251444,19.042714920634552
570.555,-2.7949129610199748,46.03738033242597,19.533189511759645
570.655,-2.7661883248967385,46.0126735942619,19.736671524157707
570.755,-2.830463013526831,45.99989958087622,19.62114669662101
570.855,-2.9709243814374986,46.004185787285465,19.210494391104227
570.955,-3.149985020381507,46.02460707599101,18.603696649602988
571.055,-3.3155179157655823,46.05476369473815,17.968088998946484
571.155,-3.4186683270022584,46.08559050240943,17.489118679769966
571.255,-3.4361923477446794,46.10919209964481,17.297156193594738
571.355,-3.3821843554766318,46.12180102665663,17.415145188799613
571.455,-3.300065878879323,46.124323063143045,17.755183973997603
571.555,-3.2409017072960467,46.12041262735104,18.159654984642707
571.655,-3.2424832264737447,46.11362132819244,18.46131930982102
571.755,-3.318620157520634,46.105576868343725,18.53640192884051
571.855,-3.457874369823749,46.09605455250113,18.339845566136717
571.955,-3.6261446417631973,46.084200091088114,17.925540413448033
572.055,-3.7709380113454145,46.069470457637664,17.450569848540688
572.155,-3.8312098325450705,46.051643928452194,17.149395828942367
572.255,-3.7567493628796313,46.03054153063443,17.266789373007526
572.355,-3.532738845828753,46.00638127186695,17.961259359880053
572.455,-3.1963197602606357,45.98073962009677,19.210573873768944
572.555,-2.8326444534643755,45.957138754978864,20.75969782119911
572.655,-2.548164053627474,45.94033483389131,22.15883999474294
572.755,-2.431194295546632,45.93436566684195,22.921212062569197
572.855,-2.5168811408395726,45.94051760919122,22.749778413804634
572.955,-2.7722279923679665,45.956683881956046,21.693607370832765
573.055,-3.108395622091713,45.97872603331022,20.11971839471358
573.155,-3.415531447470684,46.00301043550952,18.529731457078825
573.255,-3.6037441415518146,46.028427557502745,17.357984739255613
573.355,-3.6303148147153763,46.05656755179517,16.856837155651093
573.455,-3.503665207747197,46.08996420501592,17.075895275012016
573.555,-3.2700902101623868,46.12954306064963,17.88885127529712
573.655,-2.9946856083676323,46.172911928724744,19.037407368061764
573.755,-2.7427764410318645,46.214653774427596,20.19642085126855
573.855,-2.5635482462771293,46.248543353576764,21.06936966194133
573.955,-2.478492052813799,46.270371463495636,21.489743879618132
574.055,-2.4793742176830094,46.27973221610429,21.47021972236746
574.155,-2.5380293874104467,46.27989458592415,21.16082462196615
574.255,-2.6230929606799194,46.27603436839433,20.745880668839504
574.355,-2.713559565420475,46.27286463950751,20.35390313444779
574.455,-2.802240003649267,46.27282942156862,20.028527021627227
574.555,-2.8908040440206264,46.275659392252436,19.751446712893987
574.655,-2.9829541098833516,46.27934216499593,19.48075749130512
574.755,-3.079977992897078,46.28162390833033,19.18022976447113
574.855,-3.1786476280617606,46.28078411627828,18.835982672726686
574.955,-3.2705300575221514,46.275296998159696,18.462657360063005
575.055,-3.343482572017095,46.26336412626525,18.0973435713575
575.155,-3.386120359308414,46.243531389676384,17.78247749036632
575.255,-3.3932853235546645,46.21632060550199,17.548075766571998
575.355,-3.3686132352597724,46.185443474125684,17.40530685500051
575.455,-3.3221175958746514,46.15723450653342,17.353588049184182
575.555,-3.2647007582766534,46.13838641856343,17.392119096333502
575.655,-3.203744863246044,46.133366236781484,17.524127894192887
575.755,-3.1425272420191064,46.14280682884423,17.74912524463585
575.855,-3.0830070115229518,46.16325379286247,18.048124665441662
575.955,-3.029458869996006,46.18820344600001,18.372129725634835
576.055,-2.9901845961590965,46.21039702875314,18.644422771010852
576.155,-2.975389546477679,46.22481223333425,18.783114603193837
576.255,-2.991415182073247,46.23077645757219,18.739225290681517
576.355,-3.034870586599837,46.23159016811384,18.52878878397118
576.455,-3.092070317395631,46.23170330526569,18.23156226411014
576.555,-3.145973762312302,46.23343083742631,17.949999368760736
576.655,-3.186082572457785,46.235489859917095,17.755188155950556
576.755,-3.213511007194846,46.23409998673137,17.656440013439067
576.855,-3.237635636357979,46.22551527811996,17.609876339616356
576.955,-3.267806916013619,46.20808668075323,17.553680966190264
577.055,-3.306532310554111,46.18267536747422,17.446232474485235
577.155,-3.3479199265190474,46.15177096008607,17.28901328539778
577.255,-3.380924910724488,46.11859058310157,17.12749473980712
577.355,-3.3946031496156834,46.0868497771417,17.03214556425369
577.455,-3.3824197095937194,46.060677154395634,17.068963007843166
577.555,-3.3435748553496367,46.04389482328436,17.274161498606233
577.655,-3.2812035442040113,46.03881423900623,17.644305868474092
577.755,-3.199987761518585,46.04552498957442,18.140136993981116
577.855,-3.106586998244154,46.062332060068336,18.692906841464733
577.955,-3.012836989824912,46.08680827287223,19.209311688635935
578.055,-2.936795680566611,46.11620349869202,19.586194860218008
578.155,-2.896868786315423,46.1467110932768,19.745541909487905
578.255,-2.900631678329269,46.172636971907814,19.67857995658487
578.355,-2.936038011992359,46.187027202935816,19.469235358822033
578.455,-2.9724790003229273,46.184137421206195,19.27490503737301
578.555,-2.973563105408971,46.16247853940532,19.26812248832487
578.655,-2.9164062177930177,46.12646328214995,19.563029994728502
578.755,-2.8066439797752807,46.08535310824471,20.158316612717144
578.855,-2.67872689919227,46.049870532929184,20.925455924892624
578.955,-2.580079422028433,46.02838744896204,21.653762210866248
579.055,-2.5489927956928824,46.02472367979918,22.133022766436568
579.155,-2.5993632674863107,46.038166650040374,22.229993677601918
579.255,-2.7187951114578937,46.06479302053085,21.92185902738788
579.355,-2.8774475722987276,46.098946807067854,21.283790501108328
579.455,-3.040667960086921,46.134558983185414,20.452879173684835
579.555,-3.179930264234663,46.16649997621362,19.587410335073585
579.655,-3.2793573712607795,46.191762230730696,18.82950035985303
579.755,-3.3363087317713465,46.20983073479199,18.27856422253783
579.855,-3.35649048259706,46.22198701234471,17.982060294648413
579.955,-3.3475859345873147,46.230120498830985,17.940202598298136
580.055,-3.316349096005105,46.2358188134042,18.114367079160324
580.155,-3.2702528694475816,46.23988649257626,18.43403611526034
580.255,-3.2199140397191215,46.24203757633846,18.807741895963268
580.355,-3.1776056819798697,46.24093067509464,19.146330322635478
580.455,-3.151147484982083,46.23503502020085,19.395579947231127
580.555,-3.1376735141641134,46.224134747511755,19.55866978995258
580.655,-3.1232189134236776,46.21039072697273,19.68729250105428
580.755,-3.090070230688781,46.19807032462416,19.842056213937866
580.855,-3.027811136960267,46.19209927852121,20.04858766935166
580.955,-2.9409433011312416,46.196173048797135,20.27925559825063
581.055,-2.848051460587932,46.21095000466151,20.470668750850287
581.155,-2.773262250691836,46.23284820982819,20.562401491091464
581.255,-2.7358879391154005,46.254477511281685,20.529525816103174
581.355,-2.74419484134107,46.26742745933588,20.389318711407675
581.455,-2.7947066073359252,46.266359411665576,20.18478597205023
581.555,-2.874633462619137,46.25182268815407,19.962562799562797
581.655,-2.9652840208959006,46.229852501151925,19.757254242238048
581.755,-3.046562470088162,46.20876734820481,19.58146871921464
581.855,-3.102828911803776,46.19544799093651,19.42004887643369
581.955,-3.127917109222743,46.19323370188559,19.236236334575764
582.055,-3.1256142018204045,46.201947540000454,18.997775040672032
582.155,-3.104547189115195,46.219137346934666,18.7138355760189
582.255,-3.0715617571414384,46.24136490241582,18.454279198850756
582.355,-3.02998118561176,46.26495687397954,18.325649716531935
582.455,-2.9850287804133373,46.2862719310172,18.408555243834094
582.555,-2.951317364723934,46.30181033555463,18.693031554572094
582.655,-2.9542707865238356,46.308431893408425,19.0542085216373
582.755,-3.022018011977856,46.30384434184644,19.290120342721657
582.855,-3.17169145409963,46.287458563680715,19.211418209652848
582.955,-3.3974647725688953,46.26141672131867,18.74014398385603
583.055,-3.6660076591991384,46.23111688798309,17.960943492532756
583.155,-3.921446741800196,46.20445136148999,17.094487701021876
583.255,-4.098927324891676,46.18955902434162,16.413355112848805
583.355,-4.143699286479979,46.1918210689108,16.147957891514544
583.455,-4.030429486512183,46.211544383970654,16.41656288012898
583.555,-3.7755680135781873,46.24371497432167,17.187605117714604
583.655,-3.436330789621323,46.280035301844386,18.274621351754703
583.755,-3.0946556647529135,46.311871504364,19.373482565371333
583.855,-2.831409073905867,46.33228909590981,20.15232714610279
583.955,-2.700935011020867,46.33664563586777,20.375395899694965
584.055,-2.715714588673194,46.32274729280099,20.00109978600897
584.155,-2.845896810262431,46.29152993595723,19.19378547270518
584.255,-3.032067836640735,46.247877357060446,18.244752910298182
584.355,-3.205266001614099,46.20040484552957,17.457177915771823
584.455,-3.307346674384789,46.159622274915705,17.055111004436874
584.555,-3.3066233762097568,46.13498457244737,17.138701436085505
584.655,-3.2060687173688436,46.13200959278637,17.67478358511343
584.755,-3.0424374807081307,46.15062947224205,18.50892689828914
584.855,-2.8755620803782165,46.185319025262295,19.398881599418317
584.955,-2.770113167149489,46.22674579788934,20.074566835028456
585.055,-2.775858177315918,46.26424837680955,20.316649460645912
585.155,-2.9129510188800296,46.288461950502054,20.027371153082278
585.255,-3.1660396697546815,46.293655857964566,19.26213738581893
585.355,-3.4880024087912815,46.27949204940661,18.205943506759198
585.455,-3.811777409312363,46.251588288605326,17.10778119557292
585.555,-4.066851656855377,46.21990562161285,16.207149403329353
585.655,-4.19641929272661,46.1947332432364,15.681622889464315
585.755,-4.1715010802399135,46.18190173570303,15.622764709040105
585.855,-3.9980971014296927,46.18004980800965,16.032976865521924
585.955,-3.7143658674141165,46.18183300131991,16.834819620230057
586.055,-3.3789046488372705,46.17841507733561,17.887586435225046
586.155,-3.055690252425755,46.16442310922956,19.007375795560982
586.255,-2.8016353154502482,46.14052227893334,19.989024437581044
586.355,-2.6590034218913416,46.112722625579536,20.63345954241236
586.455,-2.6508132496886603,46.08949580513632,20.78781168453314
586.555,-2.776193570109669,46.078303716695146,20.398496961902147
586.655,-3.0057934331729257,46.08275824132149,19.555710572736423
586.755,-3.2824355444243807,46.10128068408891,18.490557965895142
586.855,-3.5329999342146436,46.1276902048442,17.50535623141446
586.955,-3.690682117448219,46.153378505752784,16.866797754673563
587.055,-3.7178805731974904,46.170071048021015,16.718345602394344
587.155,-3.6178729663702924,46.17215149579734,17.048167783658386
587.255,-3.429704780553955,46.15810424103921,17.714831449156584
587.355,-3.209720941229662,46.131180208765336,18.513451800239956
587.455,-3.009358343965303,46.099271157791875,19.254503221238473
587.555,-2.859339690843875,46.07344408062308,19.822199271128063
587.655,-2.765652950858552,46.06467106522724,20.189776096192553
587.755,-2.7163342579322816,46.07945400725408,20.39331590118976
587.855,-2.6934516416178838,46.11634390809831,20.486759572911325
587.955,-2.6829009467862903,46.165367977222154,20.507622193874496
588.055,-2.676687741174554,46.21089739796819,20.47347365938912
588.155,-2.6684464250232054,46.23678125595882,20.405283619964997
588.255,-2.6488212499282184,46.23186107181084,20.349836647032966
588.355,-2.607099913591057,46.19417714735293,20.372877765324453
588.455,-2.538962682903019,46.132499256400465,20.521731417403437
588.555,-2.4539951025117475,46.06425881371147,20.784750723625713
588.655,-2.3765020675080066,46.01012183689172,21.07866052603734
588.755,-2.3380133047335008,45.98701697040371,21.27542130553755
588.855,-2.3649397142458,46.002292549875726,21.25563014194342
588.955,-2.467380267325737,46.051269548897615,20.959726625292824
589.055,-2.6345243759828776,46.119097644165436,20.4095947098621
589.155,-2.8388865113793997,46.186123709913986,19.691278774572147
589.255,-3.047273838697947,46.23467590278772,18.912242268168818
589.355,-3.2331126440064537,46.25484876879645,18.159027198113193
589.455,-3.3842760010725215,46.24747829425653,17.477358475808735
589.555,-3.5029490585479763,46.22339667334353,16.881121981072212
589.655,-3.598061841808267,46.19894340399109,16.378818591549994
589.755,-3.6748486709789674,46.18891226345305,15.996057643117119
589.855,-3.728062582740705,46.19964968604774,15.776802046149449
589.955,-3.743317045578557,46.225789109211874,15.762010765692345
590.055,-3.705732718769795,46.25285648074831,15.960720209974198
590.155,-3.610439785136421,46.26492943483537,16.333637456521245
590.255,-3.4688215696540325,46.25347443309683,16.800536223002553
590.355,-3.3071176942819847,46.22245153078859,17.26872907888948
590.455,-3.15784455150596,46.186627005233206,17.669454294290958
590.555,-3.048370968172719,46.16385634265069,17.9831305184671
590.655,-2.9929090043010618,46.165614366887716,18.23611285554385
590.755,-2.9913995236681643,46.191011482099476,18.468571891506564
590.855,-3.0332068524341196,46.22738135546946,18.697427530613247
590.955,-3.1007204438072336,46.25675814225623,18.905757093716375
591.055,-3.1701587790283696,46.26450502227483,19.069985758431542
591.155,-3.211782868517865,46.24562872838665,19.2030254045942
591.255,-3.194952806528498,46.20602436422298,19.372694120572056
591.355,-3.1005446491879596,46.15877611251769,19.670179970746304
591.455,-2.9348850068917685,46.1180137992681,20.143327508296245
591.555,-2.7339849371638465,46.09356015576702,20.740482343187246
591.655,-2.551795150235293,46.08853047829609,21.309261182999137
591.755,-2.43788891645751,46.10000388733152,21.660984769586307
591.855,-2.417693148927455,46.12128861033947,21.663731978674477
591.955,-2.4857606572123316,46.1441771346057,21.303281922292854
592.055,-2.6128133878055735,46.16069207729101,20.67982711448621
592.155,-2.759185789273566,46.164809838338776,19.959528979190196
592.255,-2.886909121059375,46.1544113347745,19.318491237685166
592.355,-2.9677326470954384,46.1326361563793,18.898278538052324
592.455,-2.9880667503507965,46.10737388353787,18.77425821438353
592.555,-2.9514815711341313,46.08858493336999,18.937531381030873
592.655,-2.877790107026641,46.084605437757034,19.295790932293464
592.755,-2.7978566417918387,46.09913546964422,19.69675515772063
592.855,-2.7453298528479664,46.129984702906995,19.969645885277522
592.955,-2.7480927944231013,46.16975449852506,19.972946215820713
593.055,-2.8212164598598264,46.20815866497676,19.63737920569877
593.155,-2.9616545154405287,46.23542003865299,18.99524130327245
593.255,-3.145991722788878,46.24576136303159,18.1824509614677
593.355,-3.334301848501916,46.239693736000476,17.401162746495963
593.455,-3.481200747532043,46.22401936523435,16.852571455696406
593.555,-3.5501279193639803,46.20919121901719,16.672566620403494
593.655,-3.524119713133395,46.20479461834428,16.899739204668506
593.755,-3.408733854205053,46.21519032301232,17.481336750565426
593.855,-3.2273492221197344,46.23776506743802,18.304026908168872
593.955,-3.011835279515843,46.2647945007115,19.233627644218444
594.055,-2.792357219844611,46.28744496881971,20.152584720777696
594.155,-2.5900858086596017,46.29915643663509,20.986005370281667
594.255,-2.4155626197739792,46.296752085736856,21.706862475095633
594.355,-2.2729702513637733,46.279877912473886,22.315992636905506
594.455,-2.167408299348182,46.25048645548736,22.805858234270048
594.555,-2.110404407099516,46.21315362151807,23.129806017049077
594.655,-2.1197971931537936,46.175363908538976,23.198660348237368
594.755,-2.2131537902575786,46.14639049427955,22.913389491220777
594.855,-2.397144818993496,46.1345423303313,22.2234885398793
594.955,-2.657804430432442,46.14416340820586,21.181450267645182
595.055,-2.9575596992870032,46.17416538019515,19.955990105649498
595.155,-3.242572973892372,46.21862811809162,18.786817876064184
595.255,-3.4582616450787285,46.26852531678286,17.90332470675279
595.355,-3.56604727750846,46.31346936266254,17.450989682294953
595.455,-3.5544905316906252,46.34332866901212,17.454944955398098
595.555,-3.4414884984839844,46.35026061461715,17.824635066676613
595.655,-3.267813205348972,46.33132101695333,18.39019166346872
595.755,-3.08523556819825,46.29073737085181,18.956070255310728
595.855,-2.9437196598445965,46.240138540394895,19.354581511630606
595.955,-2.880556552133683,46.19542382204466,19.485164324332203
596.055,-2.912343185457395,46.17079171811446,19.332605013467266
596.155,-3.0309009926730255,46.172727530069324,18.962076278681174
596.255,-3.204892075430344,46.19747996334898,18.49322537463157
596.355,-3.3877501073868075,46.23363880057005,18.06289455601585
596.455,-3.530378512413286,46.2681800010236,17.788943757969754
596.555,-3.595302987273598,46.29234759270158,17.74248406812316
596.655,-3.5673278486338447,46.30428730384477,17.933072585846773
596.755,-3.455333851442859,46.30765894772273,18.31455100660365
596.855,-3.2838225616060583,46.307790479421385,18.814965307016216
596.955,-3.0795420576375463,46.307918945118715,19.37809640010309
597.055,-2.8611714634604297,46.30752223909005,19.992994620270835
597.155,-2.6365912017856274,46.30343454165779,20.693753592093024
597.255,-2.407187411414064,46.292944670246975,21.52922279887771
597.355,-2.174919651945565,46.27677878204049,22.521737442418832
597.455,-1.9463265280081998,46.25963483836379,23.64442583226866
597.555,-1.7299475793421308,46.24748051132512,24.836103365607165
597.655,-1.529330114578201,46.24335546585377,26.04358961302767
597.755,-1.3380915835320977,46.24485576102475,27.256806322491308
