time,twist,height,volume
16.512,0.0,45.21523355285676,44.52620456412987
16.612,0.04969191346491186,45.378700986554406,45.2524233112489
16.712,0.11386196539576332,45.52021490980491,45.96860243716561
16.812,0.20265108394811193,45.62418840296536,46.67131039304135
16.912,0.31767686522810124,45.684804356473435,47.369007714674616
17.012,0.44993814418258893,45.70591598501782,48.064572214413936
17.112,0.5812022056283652,45.69804505253668,48.73568775824064
17.212,0.6898540321810245,45.674219420787054,49.33034680352607
17.312,0.7585279134333689,45.646284991406525,49.78110593974823
17.412,0.778927602506748,45.622607239558114,50.0279994511468
17.512,0.7515043210806667,45.60733175987384,50.03741893177157
17.612,0.681845740311978,45.600902797108745,49.811805954859224
17.712,0.5777431980416594,45.601339311241325,49.39303971879093
17.812,0.4494091817888375,45.60574013294945,48.86183566597402
17.912,0.31185412787878874,45.61156198358031,48.328029827299694
18.012,0.1858516232856502,45.61734968198307,47.90413719271305
18.112,0.09422205371719627,45.62279526417591,47.66427697639562
18.212,0.05341437075490063,45.62824506468821,47.605752028932024
18.312,0.06462565391873198,45.63397696836188,47.63840026733339
18.412,0.11075331836334357,45.63963623602049,47.61927557353603
18.512,0.16282045301486647,45.64410660797353,47.42719069600361
18.612,0.19322123091976096,45.645848027682185,47.042550480842415
18.712,0.18806414260259885,45.643494806182225,46.58293508726404
18.812,0.15127594609197814,45.63643540379881,46.26308997194179
18.912,0.09846902993255213,45.625192382726425,46.2928340204159
19.012,0.04486439703373435,45.611523871276226,46.76440477196179
19.112,-0.004902913994428104,45.59817044476529,47.587013120448496
19.212,-0.05825464277945969,45.58819343753881,48.505534903144714
19.312,-0.12602617063756583,45.584038921006666,49.20371354692466
19.412,-0.20962311119487964,45.58669988119551,49.44616883066206
19.512,-0.29391404648994524,45.59537121335179,49.18190687607648
19.612,-0.35254443930485024,45.60774787893434,48.55046964790406
19.712,-0.36317541336080694,45.62082491434801,47.796197129900115
19.812,-0.32194321783335056,45.63189853185937,47.15159629669717
19.912,-0.24660367614399092,45.63941671788728,46.753628110123586
20.012,-0.1665894292931327,45.643341824602906,46.620078766911
20.112,-0.10740966830144316,45.64483359488512,46.678068557512724
20.212,-0.07892266031683448,45.6453668219464,46.82134036282685
20.312,-0.07258876256860702,45.64571987573402,46.968693461693064
20.412,-0.06742884146908068,45.64537802373615,47.09662022129895
20.512,-0.041310684433199185,45.64267449997508,47.23119327023045
20.612,0.017478698160822148,45.63559069487635,47.408235119708195
20.712,0.10420279066384808,45.6228440780817,47.631564893576304
20.812,0.20083893294077626,45.60483847086648,47.85976131782302
20.912,0.2865116259201983,45.58413046442109,48.03060912166072
21.012,0.3485460667508846,45.56515120075961,48.104476717158555
21.112,0.38765106496794033,45.55304963348855,48.09413627544284
21.212,0.41480913637692396,45.55185832432311,48.05875647907212
21.312,0.44212054424001934,45.562731268087106,48.06520186408791
21.412,0.47320038875850656,45.583287619201606,48.14168071808755
21.512,0.49935299065734995,45.608554480185155,48.25304009779622
21.612,0.504236070284044,45.63293917481265,48.312445642401535
21.712,0.4737408386838453,45.65209611550705,48.222045678118036
21.812,0.4043426490564386,45.66390330515139,47.92021635555683
21.912,0.3051129490167881,45.66845990738129,47.41219012611488
22.012,0.1935416385757449,45.667446341509674,46.77123026346071
22.112,0.08886119968330775,45.663266454738384,46.112427603356274
22.212,0.006599800504694997,45.65828364602384,45.55412304028456
22.312,-0.044003731018726455,45.65430599224873,45.1858681566474
22.412,-0.05994172121162933,45.652346797831804,45.053919352361554
22.512,-0.04286550894916985,45.652609567932444,45.16223481505599
22.612,0.002676271536806496,45.654612840848884,45.480207157523324
22.712,0.07052448260613886,45.65737848114824,45.952204945543734
22.812,0.15393016583975339,45.65964837670396,46.510186384740976
22.912,0.24636793816565472,45.660137528578424,47.08905597740442
23.012,0.3414544943141635,45.65784066973581,47.637847240969464
23.112,0.4315624559137774,45.65236962074298,48.11970233800824
23.212,0.5061261716595808,45.64422469099492,48.50258924426947
23.312,0.5515796575606444,45.63484115868788,48.751335907481526
23.412,0.5542196176958427,45.62626815096448,48.83127367661285
23.512,0.5054154368785149,45.62048720551026,48.72463458226792
23.612,0.40665418055900204,45.61863035562861,48.44909520681736
23.712,0.271120703220717,45.62053173046626,48.06250793632012
23.812,0.11981658702686104,45.62491652810504,47.64580975047027
23.912,-0.026554726920437588,45.63011124347102,47.27262071737385
24.012,-0.15564027052815987,45.63479848311376,46.98378169357031
24.112,-0.26682629968075844,45.6383732084678,46.78025042897486
24.212,-0.36814482180513863,45.64082647029448,46.635967910957774
24.312,-0.4682899322885703,45.64242378953936,46.52241995775734
24.412,-0.5673035972525184,45.643483279973516,46.43087502228426
24.512,-0.6504822158231391,45.644341565560424,46.3788957443567
24.612,-0.6903095975878344,45.64538046346297,46.39691709408143
24.712,-0.6584378830736313,45.64695732566081,46.5036513251134
24.812,-0.5431154815644987,45.64920953140418,46.686616959732504
24.912,-0.36181398816901833,45.651846579603585,46.90107712068438
25.012,-0.16024410014224344,45.65409183938001,47.088585122183595
25.112,0.0028284420340796146,45.65487126897285,47.20275838044406
25.212,0.07726940170881136,45.65321808098228,47.22574125349145
25.312,0.03937179281911796,45.64874144760767,47.167604101148015
25.412,-0.10171581121797146,45.641947026030174,47.05311248946268
25.512,-0.31073847568890045,45.63422117871819,46.905811444766144
25.612,-0.5418991688481114,45.62740878613669,46.73849750346183
25.712,-0.7547038272734952,45.623118041304814,46.55495014349698
25.812,-0.9226951787215754,45.622090065127,46.359847982574884
25.912,-1.033968212548686,45.62399806886364,46.166164967767386
26.012,-1.0879075331950006,45.62778702105762,45.99176189266529
26.112,-1.0923322617652076,45.632300542676916,45.84950830844516
26.212,-1.0613137879836145,45.63677622638127,45.74364316058471
26.312,-1.0118112884755774,45.64093190200545,45.678752078626495
26.412,-0.9586943839037474,45.64465441256609,45.67333718248598
26.512,-0.9104001208511221,45.64752979366571,45.761980171459875
26.612,-0.868341805444004,45.64852521556121,45.97730454940545
26.712,-0.8307646126790829,45.646072280544324,46.32077718783635
26.812,-0.7979937217834845,45.63866045521208,46.74345603181676
26.912,-0.7749307250093764,45.625852085124535,47.152139724837774
27.012,-0.7692319161967589,45.60941819334358,47.439599995105006
27.112,-0.7868256244072711,45.594154869532,47.52503818941939
27.212,-0.8276740157722458,45.58793128915151,47.38800885761946
27.312,-0.8841114203358842,45.60063412060985,47.08151575560233
27.412,-0.9427526950774023,45.641928225202925,46.716574162190085
27.512,-0.9893591431583033,45.71822370443984,46.42268970012903
27.612,-1.0145211382954074,45.8298268994691,46.30130023138233
27.712,-1.0172587650385552,45.96951462080756,46.392981001982626
27.812,-1.004509552924496,46.123327622052415,46.670805230091155
27.912,-0.9869071084964247,46.27349249913623,47.05802214492625
28.012,-0.9735054754484054,46.40261432575237,47.45902410118463
28.112,-0.9683072981789778,46.497803485198304,47.79304363724197
28.212,-0.9699051721762899,46.553294297415555,48.02298625807737
28.312,-0.9740125237078132,46.57072095329415,48.169689452657735
28.412,-0.9778502184232565,46.55738425629348,48.30077523426143
28.512,-0.9845980270142434,46.52369644865573,48.49413463585538
28.612,-1.0052850776594866,46.48096335794654,48.79465254358939
28.712,-1.0557696312671467,46.44004732661587,49.19099280225028
28.812,-1.148880841529703,46.410855386088514,49.626548042597236
28.912,-1.2854425343190172,46.402275890756385,50.0341554953317
29.012,-1.4498855965371291,46.42200512727424,50.368907916297104
29.112,-1.6141578545235618,46.47562451954885,50.61999038513308
29.212,-1.7486972624161368,46.56467148601306,50.8018160208196
29.312,-1.8349915316857732,46.68450519073985,50.938191728215216
29.412,-1.8734668990236187,46.82383409217126,51.053219992892394
29.512,-1.8832237601504787,46.96755320436957,51.17302227297856
29.612,-1.8944983914935847,47.10244763612436,51.33069310383031
29.712,-1.9379155846238305,47.22267237351272,51.56247272952339
29.812,-2.03499234088752,47.3312180237274,51.8904443687054
29.912,-2.1927462815454177,47.435914337865334,52.299598937258054
30.012,-2.4033169461162203,47.542269351193355,52.724950932284585
30.112,-2.6477239831244574,47.647848174642135,53.063281751080794
30.212,-2.9013340273122097,47.74225205012606,53.21345369942465
30.312,-3.1384152350711503,47.81321808779832,53.13053387188859
30.412,-3.335006120471,47.855117384658776,52.86297568964774
30.512,-3.4713338323802674,47.87435135763923,52.546703703552325
30.612,-3.5348048454024905,47.88821124512318,52.356760994147066
30.712,-3.522795343155501,47.91792809664188,52.442613209244755
30.812,-3.443727572638686,47.980011650291175,52.87654845394279
30.912,-3.3160143195270138,48.08076799980164,53.63051822668713
31.012,-3.1656799172585437,48.21680366056486,54.58265845748295
31.112,-3.023426556170193,48.38049254238371,55.54987675158556
31.212,-2.921063809725858,48.566151897513876,56.34252847713201
31.312,-2.886689403393426,48.772399520938016,56.8311161540327
31.412,-2.938421695974334,48.99932140100798,57.002101745078434
31.512,-3.0778237045554704,49.243256620502265,56.97383720266775
31.612,-3.2857206634058542,49.49368173667523,56.957811067741744
31.712,-3.523731555222078,49.73479778904637,57.17872472479621
31.812,-3.743462754778548,49.95116671975222,57.78780718888579
31.912,-3.901690763763554,50.13446169386791,58.80481910505749
32.012,-3.9755712486098744,50.28776918035504,60.11079654037735
32.112,-3.9702694486458796,50.42502793570757,61.49508899158825
32.212,-3.914684099237199,50.56588521237551,62.74027099487479
32.312,-3.8475681870130884,50.728807880407345,63.71033969385559
32.412,-3.8018109093084362,50.925590944497785,64.40078734664361
32.512,-3.7950289843456986,51.15855336646618,64.92430895279819
32.612,-3.8295636948086624,51.42006114288154,65.4405419372113
32.712,-3.8984294218697784,51.6940597796406,66.07050487530532
32.812,-3.9911923217854763,51.95982700707625,66.84204487341687
32.912,-4.096772988169455,52.19753425553465,67.68923461787587
33.012,-4.20441390517005,52.39391917407263,68.4967160642828
33.112,-4.30462386429182,52.545963157152094,69.16106958593528
33.212,-4.389796029743962,52.661374927069396,69.64046562344514
33.312,-4.453920383941416,52.75613400999422,69.9729598302136
33.412,-4.492725267781545,52.85022647502202,70.25704863789471
33.512,-4.505901790172139,52.96253658025254,70.60450866012025
33.612,-4.50078494470295,53.105625410701315,71.08879435246736
33.712,-4.4946943324439275,53.28192862276293,71.71389438064126
33.812,-4.512836164923435,53.48369375134333,72.41838432376902
33.912,-4.580274186630575,53.69760666054883,73.112983354475
34.012,-4.7098385198000585,53.91182297710515,73.73266667237888
34.112,-4.891741161752186,54.12122600529143,74.27381969086207
34.212,-5.092311129983699,54.328236610956154,74.79290695575848
34.312,-5.266004281903669,54.5395630478148,75.3675462056873
34.412,-5.376815825313756,54.76106731102446,76.04676864644367
34.512,-5.417349571626687,54.993250012844804,76.82192356106232
34.612,-5.413367013662587,55.229658905735505,77.63215298498577
34.712,-5.410705685433953,55.459280923480506,78.39670484573023
34.812,-5.452870472673801,55.67149057618408,79.05347928695615
34.912,-5.562150025653565,55.860528305639384,79.58313304938463
35.012,-5.733107795775155,56.02746506808086,80.01045059796796
35.112,-5.9395047493173365,56.17962068274253,80.38973281270341
35.212,-6.148638957896274,56.328142447825165,80.7859844577417
35.312,-6.334084373113605,56.4843092492645,81.25787865452091
35.412,-6.481140991351509,56.65567971814652,81.84201099380519
35.512,-6.586095249541351,56.8439787898792,82.53899526399371
35.612,-6.653787776248464,57.045893863082405,83.3073561244955
35.712,-6.695595589951125,57.255891746793665,84.07175500532114
35.812,-6.7263981315913455,57.46896205075502,84.7462714061505
35.912,-6.759049986719887,57.68195724270573,85.2675208990389
36.012,-6.797827464557464,57.893499961401766,85.62816392197828
36.112,-6.834922672472985,58.10274743722697,85.89625112762246
36.212,-6.853606726866488,58.30728781728183,86.20490599003425
36.312,-6.837688840929943,58.501269997444865,86.70875484435112
36.412,-6.782210976058039,58.67578075602078,87.52266013390728
36.512,-6.699027732090904,58.822593723229154,88.66871331787075
36.612,-6.614003433082573,58.93953459512058,90.05394260434365
36.712,-6.557464536512981,59.03340683758151,91.49008207698861
36.812,-6.553166499192905,59.11760068607068,92.75183195313686
36.912,-6.611512310149898,59.20573839739746,93.65222772885586
37.012,-6.730032917617656,59.30604923429062,94.10101693180248
37.112,-6.899709154078792,59.42030133030436,94.11929452419078
37.212,-7.111888441204059,59.54693841087174,93.81327338066397
37.312,-7.359993662367742,59.684631546529204,93.33665513075339
37.412,-7.634263344492226,59.8327670832205,92.8668906002037
37.512,-7.9138946131764385,59.98876416651187,92.59294058621343
37.612,-8.164291346819944,60.14540869134157,92.69405737869315
37.712,-8.34492177298467,60.29186190930433,93.29712764906252
37.812,-8.426394460029066,60.41909424227103,94.42209905648696
37.912,-8.407411382805535,60.52636107519868,95.94362983921815
38.012,-8.319776115163528,60.62360241250397,97.60141971937409
38.112,-8.21687892929426,60.72712079529257,99.07306549251554
38.212,-8.152169301454428,60.85057369015137,100.08648931960143
38.312,-8.15872400374186,60.996542421228334,100.52129632240636
38.412,-8.237809635661463,61.15367027753843,100.45251517791075
38.512,-8.359788488237882,61.301013909759966,100.1170019439058
38.612,-8.477608345825608,61.416988975774075,99.81277618542325
38.712,-8.548669762824922,61.48796115101418,99.76935728183045
38.812,-8.554968900980732,61.51259773128293,100.04594662084108
38.912,-8.510191339358585,61.50118411428386,100.50835816506093
39.012,-8.450097873820006,61.471586102546745,100.9012649734126
39.112,-8.413496818458519,61.444147644375896,100.9838134702809
39.212,-8.425598616873344,61.43712988734873,100.6582010218302
39.312,-8.491028245469487,61.46338848686293,100.0205986566562
39.412,-8.596158826616595,61.52844581995292,99.31013081438823
39.512,-8.716320036996173,61.63000635239722,98.79226319350032
39.612,-8.824102967223553,61.759030903234596,98.64251448725004
39.712,-8.897217121471797,61.90226883013588,98.88227410701403
39.812,-8.924896029835722,62.045402885895555,99.38440200525746
39.912,-8.91056537384398,62.17541855636076,99.93814200530363
40.012,-8.868228979730986,62.28159178893336,100.34591740666245
40.112,-8.813223889302854,62.35603306298052,100.51334744327326
40.212,-8.752843807424412,62.3949635811548,100.49185101795094
40.312,-8.683789330308166,62.40043040280848,100.45105309355637
40.412,-8.598983345448659,62.380955669693236,100.5931104482898
40.512,-8.499466812762925,62.34994310632068,101.05090265307147
40.612,-8.403745335233133,62.32188860178573,101.816640813331
40.712,-8.349096035961097,62.30778134097021,102.72859029391823
40.812,-8.383918305428026,62.312137072712616,103.5181670860381
40.912,-8.553815628416025,62.33373437868615,103.90002143336775
41.012,-8.886003795276771,62.36949392499346,103.67473079754019
41.112,-9.377008603781,62.41797007859401,102.80661725438253
41.212,-9.987340034257365,62.47889946960597,101.44461018840676
41.312,-10.644742395425304,62.54847662635992,99.87706977032168
41.412,-11.255882177627704,62.61340735110549,98.44089211637014
41.512,-11.72481319866214,62.647735884029856,97.42038579587299
41.612,-11.97448355771747,62.615005278391436,96.9660187240465
41.712,-11.965114861222617,62.47588063192835,97.05169654776907
41.812,-11.70245645624368,62.19908677481145,97.48379794236918
41.912,-11.23228603635431,61.77206820538008,97.9670178721807
42.012,-10.624155148489969,61.20759277356204,98.2098961335757
42.112,-9.951949140657796,60.543577563823554,98.02851647617365
42.212,-9.278096015732949,59.83535614067733,97.40371587716947
42.312,-8.644516338970163,59.14221139494144,96.47067998691394
42.412,-8.070128373636216,58.51274551060957,95.45335440198201
42.512,-7.553190632324039,57.97486570779864,94.57801939671131
42.612,-7.07687599446286,57.534108676885964,93.99963703767538
42.712,-6.617299842323639,57.17944409951579,93.7593758420928
42.812,-6.1531353729791505,56.891948624307645,93.77954205316426
42.912,-5.674492194645609,56.65160176867707,93.89631059849064
43.012,-5.187784542038507,56.44038196245868,93.9201430901073
43.112,-4.714349647054,56.24300044324578,93.69954851797576
43.212,-4.282649435645382,56.04769987482028,93.16280098990194
43.312,-3.9161066292423,55.848121914040206,92.32816430304779
43.412,-3.621056205413282,55.64473293487998,91.28834453358934
43.512,-3.3804846816575704,55.44331472520218,90.17772502522587
43.612,-3.157342554467789,55.25008396994775,89.12881134887783
43.712,-2.907151117904114,55.06623789193557,88.22589869357587
43.812,-2.595447991399624,54.88563403551493,87.46823652345772
43.912,-2.2124440656349975,54.69693257072996,86.75782373660596
44.012,-1.7770676578826254,54.48834767825241,85.92493023500408
44.112,-1.3274436350619254,54.25199577563783,84.79241696518793
44.212,-0.9023864903728978,53.986010252296005,83.25824773399314
44.312,-0.5228580365532451,53.69432463432303,81.35917081914396
44.412,-0.1814039623478294,53.384893892189396,79.2834432017881
44.512,0.1559709961585014,53.06719220075913,77.32271336023751
44.612,0.5353901468217614,52.74959049024101,75.77727195478339
44.712,0.9935407068744979,52.437034548228915,74.84662486941622
44.812,1.5389186361366853,52.129671994404504,74.5448854993684
44.912,2.1450787790333976,51.82337572986822,74.67445839818417
45.012,2.7582579255354887,51.51246964819407,74.873387653784
45.112,3.3140768821181084,51.193438332047464,74.72497684282578
45.212,3.755263859045293,50.86757138180037,73.89058697979365
45.312,4.0451289780096005,50.54122718641848,72.21566103246812
45.412,4.175820812239081,50.223667601428865,69.77520525442067
45.512,4.171906142569036,49.923225902274254,66.85310133779129
45.612,4.087923721034784,49.643326528986805,63.86822940371961
45.712,3.9968138837381844,49.38069844688854,61.26746824971697
45.812,3.9687628821771312,49.127713444207,59.41210195419106
45.912,4.0472623903970515,48.878293245814156,58.49058358733117
46.012,4.234911589391878,48.63388300720998,58.48509087506396
46.112,4.497660382550556,48.405324973431135,59.19785128660206
46.212,4.783761767866366,48.208798114329504,60.31860849683687
46.312,5.04439109157919,48.057530645423924,61.50324235679406
46.412,5.2451740225116765,47.95358265468351,62.4409152419191
46.512,5.367500422240095,47.88428451034999,62.90318941816646
46.612,5.40561541463661,47.82564623680693,62.77717340767819
46.712,5.365184787460844,47.751484266331985,62.081190772943074
46.812,5.264083949273573,47.64415316606657,60.956146189161075
46.912,5.132155803203066,47.50191071421897,59.629164936338086
47.012,5.006397896809538,47.339397133750886,58.356486031801566
47.112,4.920831674252767,47.18104804468517,57.36087103842422
47.212,4.894458670351817,47.0509129660568,56.78019168721569
47.312,4.923606243809921,46.963953930318574,56.64039897529754
47.412,4.983482711108238,46.92237455111521,56.86023162079145
47.512,5.038088280014048,46.91734586821584,57.28663782054137
47.612,5.052688674664694,46.93404265186805,57.74909580938842
47.712,5.0032111515062745,46.95726171265909,58.11219593002494
47.812,4.881044593418245,46.975617253546865,58.30681455052617
47.912,4.69495049527108,46.983487642582446,58.33302624154567
48.012,4.471026586787012,46.980860983394514,58.242190595328054
48.112,4.248973660207689,46.97173976100012,58.10965390665321
48.212,4.07269394950368,46.96187527532235,58.00524373505458
48.312,3.976364616554605,46.95648588017076,57.966445398182444
48.412,3.9705123020425575,46.95843507444273,57.98101159496096
48.512,4.033895184549316,46.96721540804845,57.985550375623475
48.612,4.116007947581352,46.97899831519812,57.88179979483125
48.712,4.151761882774451,46.98784936534981,57.56679680685939
48.812,4.084643481646843,46.98787553227561,56.969679166321995
48.912,3.8896509510511024,46.97564814226309,56.08463187510348
49.012,3.5857847903261018,46.9519842732383,54.98674114437206
49.112,3.231485363053565,46.922297264984586,53.821208796616034
49.212,2.9039822075903388,46.89527733215982,52.76855619276641
49.312,2.671236360914321,46.88048069882758,51.99915094336002
49.412,2.568511094045192,46.88608600934699,51.63044729500197
49.512,2.5889041085345212,46.91794738349469,51.695693675145236
49.612,2.6905810636604883,46.97994316471101,52.13273439615389
49.712,2.816153244634279,47.0745723460765,52.80156449580015
49.812,2.9144822319768906,47.20301604946303,53.53049148576234
49.912,2.955028817452785,47.3649484648792,54.17545409069635
50.012,2.930109884493824,47.558761001600864,54.666232197900584
50.112,2.8476281998574606,47.78241916361852,55.01727169602606
50.212,2.7214937720807484,48.03481148014952,55.30170290982856
50.312,2.5661085135718764,48.317144912298595,55.60947576304734
50.412,2.3956017025193503,48.633365552028756,56.01349330084386
50.512,2.2235067662619556,48.988660629010894,56.55319702881927
50.612,2.0595676756639136,49.38641284900543,57.23306019660669
50.712,1.9055268301302704,49.82517652039775,58.031430820623456
50.812,1.754525189799331,50.297049264503556,58.91550914428464
50.912,1.5961600621547092,50.78781642407534,59.85625713830349
51.012,1.424246168159577,51.27861221510113,60.835890473959125
51.112,1.2416622059728795,51.74886885629369,61.844248072973514
51.212,1.0586945027172447,52.180486931664795,62.86768838882389
51.312,0.8862789662209352,52.562622342688385,63.87907771706223
51.412,0.7292609222202984,52.89516263347208,64.83635660259992
51.512,0.5845037003986349,53.188365939212,65.6934844508716
51.612,0.4451290423616783,53.45785001153379,66.42328038828333
51.712,0.30794425066792286,53.717284561040124,67.04358003573512
51.812,0.1787296918884067,53.972902825949824,67.62886862777201
51.912,0.0712249809016825,54.222757380815324,68.29134564242388
52.012,2.7731360177085662e-06,54.46071108436129,69.13431501374222
52.112,-0.02812107992684787,54.682513287656434,70.20384851617145
52.212,-0.018618373298288304,54.890210417671206,71.46958203557423
52.312,0.01254350388382619,55.09220430512865,72.84549723938059
52.412,0.04534623288657258,55.299008791847776,74.23453459077997
52.512,0.06348362052323608,55.51717513088683,75.56840477614628
52.612,0.059811594978093297,55.74446184823138,76.81990776797387
52.712,0.03589882243329612,55.968545697523616,77.98161717092373
52.812,-0.005362463801617423,56.17018424465685,79.02479480352739
52.912,-0.0692965810254691,56.32977694016946,79.86778740455476
53.012,-0.1725173241105722,56.43436359663781,80.38379734682093
53.112,-0.3347288701784805,56.481816367181736,80.45865451265188
53.212,-0.5631663051806655,56.48078480407126,80.07570765013752
53.312,-0.8393454535974954,56.447285165835815,79.37700468535336
53.412,-1.1171692342167603,56.39994125013585,78.6535641905718
53.512,-1.336349393498267,56.355576713465474,78.25685590678228
53.612,-1.4478044110949497,56.326035711930466,78.46768889810095
53.712,-1.439769269732075,56.316520155213695,79.37655814160414
53.812,-1.349053797570754,56.3254844451411,80.82424911444421
53.912,-1.2478993023396399,56.346042359301244,82.43812200360867
54.012,-1.2123500403519785,56.36874806884306,83.77015365478704
54.112,-1.2896416405734925,56.38530513640625,84.48782416943286
54.212,-1.4801093194347459,56.39223450424643,84.52009876776876
54.312,-1.7397265889921911,56.39323553961436,84.07159760628083
54.412,-2.0014990720373333,56.39920122059598,83.49616014648325
54.512,-2.207028586480199,56.42540483357956,83.10887038029472
54.612,-2.3325642300619194,56.486178472596364,83.04545302353971
54.712,-2.39430663709566,56.58858888307306,83.23654511151628
54.812,-2.4307698864114826,56.72773007408467,83.49346436228574
54.912,-2.4756309308784523,56.886193178534924,83.6455710034711
55.012,-2.538521707018681,57.03853198492201,83.64938004977897
55.112,-2.602720359476322,57.159124519847424,83.61416437861058
55.212,-2.6378212950623308,57.23041193600424,83.74012712120286
55.312,-2.619916165376175,57.24872639395732,84.20555562377666
55.412,-2.550335069429302,57.22607935940428,85.05459748353584
55.512,-2.46281083982241,57.187374293155536,86.14068794210252
55.612,-2.4118553744434905,57.16329821902053,87.16754776568754
55.712,-2.447080175578769,57.18029873913612,87.8190653807531
55.812,-2.589766078770303,57.2508990660526,87.90304213492423
55.912,-2.8252387001477572,57.36876579781918,87.42068524113117
56.012,-3.111084388292852,57.511441153818296,86.53755205340421
56.112,-3.3921190322921078,57.64965981239148,85.50329929022433
56.212,-3.614433059921332,57.75854420818556,84.57682623608108
56.312,-3.736700898653666,57.825488850538214,83.97404820094212
56.412,-3.739503310423963,57.85211110778019,83.82648158098398
56.512,-3.6310379201467526,57.85077877649723,84.14651911087745
56.612,-3.4453505504525097,57.837951170222325,84.81648109835034
56.712,-3.232327633151435,57.82692671653996,85.61976274887843
56.812,-3.0445276826789254,57.82241267952744,86.30872522116988
56.912,-2.9271303710031233,57.81880033322664,86.67913502814122
57.012,-2.9125850881840165,57.80280253159569,86.62009916046932
57.112,-3.0168501029910004,57.75923909328377,86.13055642616823
57.212,-3.2342147628026865,57.67711327040113,85.31222643892919
57.312,-3.531908039245998,57.55307566468903,84.34827984625166
57.412,-3.8499474778165563,57.39145633009377,83.46882099903286
57.512,-4.112036618210311,57.20255738577365,82.9033031269757
57.612,-4.24809417144602,57.00117429824793,82.82642548965104
57.712,-4.220470865327485,56.80534056228939,83.31274252816439
57.812,-4.040948788687267,56.63407001942797,84.31743682965524
57.912,-3.7696870520254038,56.50405935615501,85.68959664522976
58.012,-3.4966093769663615,56.42692641480515,87.21056814712573
58.112,-3.312412665190884,56.408334977421795,88.64740292796792
58.212,-3.2787937147626423,56.4488914385417,89.81218222563703
58.312,-3.4079053829925314,56.545831335338725,90.61066933318477
58.412,-3.659051353574327,56.694682303414325,91.05964850750695
58.512,-3.954873876620894,56.89049373346727,91.2652931167308
58.612,-4.211131501233233,57.128269563199034,91.37485680495371
58.712,-4.3678166932269775,57.40223313721799,91.5227846261681
58.812,-4.409005897669594,57.70425523600622,91.78882022189131
58.912,-4.364436929612168,58.02301698989946,92.18016900049017
59.012,-4.293405010824358,58.34569579995407,92.64550631617038
59.112,-4.258067593830241,58.66216358409425,93.11858755877859
59.212,-4.297746564757823,58.96922294533145,93.56975163708513
59.312,-4.416394882479956,59.27168868695463,94.02886296942904
59.412,-4.589209694923191,59.578975536482886,94.5574133475784
59.512,-4.782920646214436,59.89877230234126,95.18906674426343
59.612,-4.975974022954347,60.23116770219493,95.88635108934047
59.712,-5.1676590560655455,60.566263630808365,96.5450232773204
59.812,-5.3757598013295365,60.88643797839349,97.03688056829274
59.912,-5.628894418152136,61.17222851451252,97.25866994358812
60.012,-5.957683717639661,61.409305947251475,97.16380905716208
60.112,-6.384361611259578,61.593559406555705,96.77638421443352
60.212,-6.91011160669467,61.731925657951564,96.19763676758014
60.312,-7.503772175878389,61.8383403870613,95.60500508719059
60.412,-8.100091519377564,61.926788819718276,95.2285872775939
60.512,-8.615070174507238,62.00542364376832,95.29280185161718
60.612,-8.977419409484177,62.07525337470751,95.93489796976117
60.712,-9.16213426164844,62.13377594890077,97.13596770725563
60.812,-9.205517582136807,62.18042370067958,98.70435808973652
60.912,-9.190276396769711,62.21975741885596,100.33395773348364
61.012,-9.208694655458395,62.26049719031864,101.7266193866205
61.112,-9.324317789170031,62.31127153521167,102.72504932506664
61.212,-9.550475514776231,62.37525783493039,103.37346426454799
61.312,-9.853617052816823,62.445806638646005,103.85035123656841
61.412,-10.177213443632041,62.50455361156677,104.30657767734266
61.512,-10.470863405918344,62.52273806504559,104.72292120401004
61.612,-10.70565191856442,62.46565179749648,104.89544613986105
61.712,-10.866941949988906,62.29950830038112,104.56669596447131
61.812,-10.934295785769763,61.999449842398256,103.61413654961542
61.912,-10.86965275537402,61.55682704550249,102.16134373487212
62.012,-10.628812213989356,60.98366431448088,100.53157785302139
62.112,-10.191810661904597,60.312778024540535,99.07808806142069
62.212,-9.58970533712764,59.5930184965359,98.00586347571777
62.312,-8.9044104754555,58.88008609834183,97.29214120918763
62.412,-8.237991025871118,58.2247356014199,96.74170934316511
62.512,-7.671041827846132,57.66195296205497,96.1286024718029
62.612,-7.235169799657079,57.20510288383016,95.32648143499782
62.712,-6.911046196103115,56.84682871176536,94.35129241990167
62.812,-6.646998814811518,56.56532284024898,93.312052222312
62.912,-6.385626823363793,56.333015913324104,92.3211421797397
63.012,-6.086869040976545,56.12504483288545,91.41993011589919
63.112,-5.740006178134742,55.92568279812843,90.55194928247217
63.212,-5.361794169866435,55.731278338016224,89.59167222071963
63.312,-4.982609684294175,55.54844809215012,88.41769270936412
63.412,-4.626140119261962,55.38756622190054,87.00181841021819
63.512,-4.29102112079925,55.25425159800412,85.4702294909012
63.612,-3.9446845175569294,55.14341982251726,84.09134041303913
63.712,-3.5366520317307533,55.03933118308555,83.175373393181
63.812,-3.0274350106501515,54.921503413472145,82.92494166939855
63.912,-2.416075420642784,54.77297625531955,83.31157281482959
64.012,-1.7475370594010187,54.58644940983498,84.04220625389121
64.112,-1.0950709019243305,54.36568062052649,84.63915108165165
64.212,-0.5293149451133488,54.12255402100494,84.61077972911588
64.312,-0.09083562571938586,53.87201895655123,83.64646445650642
64.412,0.22361503524555104,53.626905513809206,81.7463735966155
64.512,0.45939189602713526,53.393812361985276,79.22241559517917
64.612,0.6896598900660322,53.17102301208889,76.57499330793755
64.712,0.9921817644107591,52.94920603035716,74.31328685855935
64.812,1.4214289390569164,52.71474728149936,72.79962412278161
64.912,1.9839254652594605,52.454445049415156,72.16138051589311
65.012,2.62941235742818,52.15981971632236,72.27011235816346
65.112,3.2670966662970926,51.82965911386304,72.7776447188979
65.212,3.8016345275352705,51.470289856494006,73.21255416192824
65.312,4.170297791629459,51.09378238717289,73.13284865825268
65.412,4.363882073697731,50.71464089420437,72.28893139819566
65.512,4.425168906383362,50.346021154176974,70.71864768876691
65.612,4.42890107860017,49.99712077677785,68.71847961732033
65.712,4.452439667130719,49.67300963851164,66.70431453550262
65.812,4.548156577907676,49.376506824747885,65.03840372940634
65.912,4.7276097057459765,49.11022140813403,63.90749241864273
66.012,4.962815697233907,48.876986954972786,63.292852189021914
66.112,5.202511052827052,48.67835658130874,63.020274235891335
66.212,5.394777067927581,48.512419779027915,62.851678828806115
66.312,5.505627751203193,48.37305574289907,62.580164759075686
66.412,5.52704662220971,48.25205282402022,62.10006721242159
66.512,5.474296672397024,48.143215967430045,61.43222865994072
66.612,5.376594383440416,48.04551885207851,60.69642787638573
66.712,5.2659486404972995,47.96285047256766,60.044029972419864
66.812,5.167988388010649,47.90063794998067,59.585485359147626
66.912,5.097577489495286,47.86184945837635,59.35170490975955
67.012,5.060330331269899,47.84478081415484,59.30803678257233
67.112,5.058005323186855,47.84337593076944,59.40408039128364
67.212,5.092948681356937,47.84934660297913,59.61656882502399
67.312,5.16730000402222,47.854845081530215,59.95052311254784
67.412,5.276812195706963,47.85466827426815,60.40137391729827
67.512,5.403765179440374,47.84741631903096,60.913210812909256
67.612,5.515097577239338,47.83540917961854,61.36945630123988
67.712,5.56910716136813,47.823503534954135,61.62663497536738
67.812,5.528481537684922,47.81729913611673,61.570526914444
67.912,5.373372687576698,47.82139909556826,61.15950617665057
68.012,5.109017665805741,47.83817200386622,60.43459605681808
68.112,4.7661015015479435,47.86701757483512,59.503016295140895
68.212,4.3943289390412446,47.90390360449521,58.51097827815016
68.312,4.050242624490174,47.94108686062484,57.61197908447271
68.412,3.782103142481631,47.96724851278721,56.933793993257595
68.512,3.617023748272082,47.96858023907044,56.55279555879565
68.612,3.5547353415794234,47.93148635879569,56.48004800438686
68.712,3.568916290605486,47.84708208288965,56.65471857422949
68.812,3.6152694074774843,47.71629907335787,56.946465872309844
68.912,3.645027739877058,47.55296045212762,57.18123323467036
69.012,3.6199772710106046,47.3822310731503,57.19723970390419
69.112,3.522735316561757,47.23401300980256,56.91083820402646
69.212,3.3586026423700233,47.133810174779725,56.356511818271684
69.312,3.1508649550865684,47.09524415111812,55.67945771782314
69.412,2.93361367556183,47.11776906298808,55.08602811015956
69.512,2.743645639417224,47.190521544592606,54.77315481370836
69.612,2.6111375081357977,47.29983253391245,54.860806011478246
69.712,2.550868541910887,47.43588839922402,55.34911122038808
69.812,2.557806120791305,47.59520638873619,56.113501900237964
69.912,2.608965567869795,47.77903963266868,56.93792813725548
70.012,2.6699876207879427,47.990368032927464,57.57624376530269
70.112,2.7033811196338746,48.231884769889426,57.82718974077727
70.212,2.6761601905323715,48.505475723927255,57.6037807255491
70.312,2.566731523449903,48.81229689399745,56.97503555276042
70.412,2.3725033425616715,49.15246036634762,56.16386180027368
70.512,2.1177093772152844,49.52396096501392,55.49918586758356
70.612,1.8551472940091003,49.921307042150474,55.33502312152649
70.712,1.6521755855193234,50.33499958409933,55.95548685772279
70.812,1.5590329514254577,50.752847624535725,57.481592231646786
70.912,1.5754748800450287,51.16287749162772,59.79555666316301
71.012,1.6421491272740738,51.55618733232623,62.51443787563015
71.112,1.668355260310804,51.927867049761154,65.062480384929
71.212,1.5791883682609225,52.27558393928927,66.86499357248421
71.312,1.352902848544062,52.59749084691021,67.5979144367672
71.412,1.031014437456875,52.89164680081265,67.3477285143606
71.512,0.7006167316665426,53.15753494101016,66.56931243669007
71.612,0.4578145824420474,53.398416530952794,65.86549910748256
71.712,0.36577408089458174,53.62290163943264,65.7227666881648
71.812,0.42518687989201,53.84456135476,66.33584117512049
71.912,0.5738596530380846,54.0787113187627,67.58010043237014
72.012,0.7172667804644846,54.33654579056994,69.11805479644019
72.112,0.771502194948404,54.6189049663091,70.57687356614187
72.212,0.6950142285516279,54.913015701320916,71.7103531130591
72.312,0.49861522982142503,55.194110732758524,72.47753289297471
72.412,0.23696868760638523,55.431456583494835,73.02401480815132
72.512,-0.01181240213557544,55.596921088080364,73.59755470359046
72.612,-0.17365377297055318,55.673708678627385,74.43945725759596
72.712,-0.20695092948987792,55.66270285504036,75.6831300842446
72.812,-0.12109489928928241,55.58426610649175,77.28681402832476
72.912,0.025671008930025607,55.474574749778206,79.02991910564509
73.012,0.15013473003335776,55.377119643080654,80.59035421630631
73.112,0.17848880467641237,55.33142225490109,81.68064078889998
73.212,0.07481908478461463,55.36224288878744,82.17370965995221
73.312,-0.14895545923069875,55.473179336227666,82.14171642005661
73.412,-0.44546358985200385,55.6474480612357,81.7860866721294
73.512,-0.759592563574131,55.85543830870982,81.31244295189337
73.612,-1.056103694465527,56.06521995817225,80.83392717787234
73.712,-1.3314081770756516,56.25126015367684,80.35562674631737
73.812,-1.6035488101357913,56.39858798601936,79.83648187172206
73.912,-1.8882720099538588,56.502470538547165,79.27821426038153
74.012,-2.177664734308955,56.56540708812472,78.7749478348211
74.112,-2.436406918912361,56.59357890782871,78.48395257797053
74.212,-2.61981682949898,56.59425754928823,78.53316859192797
74.312,-2.702159111544894,56.57457967778753,78.92631600604592
74.412,-2.6942469778297777,56.54123156089258,79.51248676151693
74.512,-2.6371152138444884,56.50055142689268,80.05202847827732
74.612,-2.577769696900134,56.45909227507569,80.34864648299323
74.712,-2.5453408353594114,56.424811709354564,80.36286146532174
74.812,-2.543069054355634,56.40827027242195,80.22472300496744
74.912,-2.559133642472176,56.42221475291259,80.13714728601381
75.012,-2.5860011937028915,56.478025220477754,80.24340377147493
75.112,-2.6327042586015494,56.5794807503087,80.54766445806766
75.212,-2.722184057443407,56.717217286783765,80.92413407171044
75.312,-2.878227154196992,56.86846543526049,81.18956653525017
75.412,-3.111154936443967,57.00406861771656,81.19168180626176
75.512,-3.408566199904662,57.09974012327281,80.87470802198597
75.612,-3.734633033467027,57.14526953432744,80.29796446750733
75.712,-4.0396988216461835,57.146772796147836,79.60198521733581
75.812,-4.27788170987931,57.12162192218507,78.9428793726714
75.912,-4.424848670035196,57.08957244153013,78.43208217832294
76.012,-4.4857239350195925,57.06457100642876,78.11112389871344
76.112,-4.487719156996526,57.05036250697788,77.96936206589025
76.212,-4.4616572683360545,57.04099540100543,77.9900122459622
76.312,-4.423876021686581,57.02549323317206,78.19325376542419
76.412,-4.3691029793704885,56.994422180444744,78.64505838078954
76.512,-4.27758726060523,56.945290360364126,79.42093685354072
76.612,-4.131701706713741,56.88434284633686,80.54201843605938
76.712,-3.931823078959134,56.82412263768153,81.92060539049493
76.812,-3.7009527474543376,56.77802496411715,83.35604318480375
76.912,-3.4739980369081707,56.75417215241924,84.60391336457091
77.012,-3.2779963151311975,56.75115827592485,85.49880646922061
77.112,-3.1168732704640334,56.75760892867631,86.0603119538671
77.212,-2.972817423197739,56.756105470029766,86.49955445033422
77.312,-2.8251201516758755,56.73011005680281,87.10283239210156
77.412,-2.6729938647883458,56.67091436810501,88.05995974075323
77.512,-2.5439035023260743,56.58143570624222,89.34566415097748
77.612,-2.479803225347638,56.47531659710902,90.72504546830547
77.712,-2.510981195166444,56.372301020760126,91.87727510820832
77.812,-2.6352706351901602,56.292558303382826,92.56241272919046
77.912,-2.8147764677485227,56.252437054130375,92.73211708313619
78.012,-2.991039628836255,56.262508347664,92.52565308995948
78.112,-3.110724269764731,56.32712298743147,92.16933017332737
78.212,-3.149542005708909,56.44418850773982,91.8519523998802
78.312,-3.1229029743738863,56.60472971080393,91.64832756313126
78.412,-3.0789004674880758,56.79336875650198,91.51884916418642
78.512,-3.0790691523295024,56.99153520731751,91.36298316535512
78.612,-3.1770670065372286,57.18361588037418,91.08286988504949
78.712,-3.402713436545021,57.36335483960846,90.62636596839107
78.812,-3.7539858878454524,57.536664139930636,90.00430572658142
78.912,-4.197149029036744,57.71917287058144,89.28969893656037
79.012,-4.674834109444639,57.93022540548294,88.60184389855311
79.112,-5.121224490982307,58.18642975584444,88.07243114159495
79.212,-5.48074305636537,58.496744806348374,87.80099513429559
79.312,-5.723126229757327,58.85963099269606,87.82406668342877
79.412,-5.848320592838249,59.262528440758246,88.11926555193273
79.512,-5.880885631017215,59.684161213483534,88.63924424142832
79.612,-5.859627475101981,60.09948555752224,89.34831439293889
79.712,-5.828085576897934,60.48548351505545,90.23737854155867
79.812,-5.827180435500416,60.82510802238331,91.31155623972904
79.912,-5.888828067822907,61.107928156061554,92.56042560359383
80.012,-6.030845543240133,61.32846724200354,93.92753734646136
80.112,-6.255729794896659,61.48456017750071,95.29751243691304
80.212,-6.554609696034056,61.57737825723313,96.5150029200642
80.312,-6.913497151400797,61.613068101039964,97.43574615357954
80.412,-7.317304182449384,61.604615761047555,97.98752063715791
80.512,-7.750310408384941,61.57230153296298,98.20426727416348
80.612,-8.195772661414324,61.54176587879237,98.20930461382936
80.712,-8.637928416968045,61.53968404075562,98.15592231907047
80.812,-9.067051572350785,61.58798135245723,98.15542303567526
80.912,-9.484905152920597,61.69814936806002,98.22272498281119
81.012,-9.906197693957402,61.86733370462723,98.26201478914807
81.112,-10.353460594698632,62.07747009309996,98.10379417179834
81.212,-10.846914782777915,62.29782735185107,97.58112670680643
81.312,-11.392485416943835,62.49001467653315,96.60865482912445
81.412,-11.969305456436096,62.61373364087582,95.23010356093104
81.512,-12.519292088821054,62.632135866602916,93.62291606866009
81.612,-12.948431698412989,62.51685932363776,92.0612125834688
81.712,-13.151474685074376,62.25303897641299,90.84223392410507
81.812,-13.056104886210711,61.843467445780995,90.19693363575678
81.912,-12.659563097845783,61.31002547343024,90.21726113715745
82.012,-12.029942055481975,60.69087602914651,90.82236986085606
82.112,-11.272476255280246,60.033565376502935,91.77263575619163
82.212,-10.486868057092273,59.38595710416776,92.73629648358171
82.312,-9.740394160466117,58.787827581646745,93.39515018254517
82.412,-9.063615211712886,58.26551671575444,93.5400146883848
82.512,-8.461772991916838,57.83046126764807,93.10183808131232
82.612,-7.931126904950716,57.480550479918946,92.11541688864347
82.712,-7.470890262629233,57.20235952393513,90.66489784197613
82.812,-7.085414955766318,56.973481125585536,88.85578945840676
82.912,-6.777076443064274,56.7661938891852,86.81815261775526
83.012,-6.535180408088628,56.55363363984541,84.72189211505373
83.112,-6.328016346018245,56.31704719660947,82.78452128636017
83.212,-6.104278716743721,56.050748465632935,81.25436062246905
83.312,-5.806357361083258,55.7622376666012,80.35850083529914
83.412,-5.391207537467281,55.46753851188111,80.22465613170195
83.512,-4.848465835063095,55.184259552799624,80.80872873211841
83.612,-4.2058842081128205,54.92582855598631,81.86768248032726
83.712,-3.519081840850042,54.69900075492274,83.00555734034012
83.812,-2.8507498556892656,54.504135529683964,83.79043523818694
83.912,-2.2492196768212196,54.33641062276506,83.89855848734717
84.012,-1.7357495118837463,54.187079236075014,83.21577636395173
84.112,-1.3045580469087241,54.045216416475526,81.8463608738352
84.212,-0.932852778572844,53.90017361799444,80.03633859669988
84.312,-0.5936284277522788,53.743776012547855,78.06675474668577
84.412,-0.26401199673661324,53.57119660374204,76.17549354508273
84.512,0.07330897614391318,53.380737219544535,74.52904474423201
84.612,0.4317058307015813,53.17353685134797,73.22430181280453
84.712,0.8197006201267243,52.95335282990682,72.29069271825648
84.812,1.2369587649277847,52.725459021281296,71.68628555747125
84.912,1.6720094522125564,52.494147092164546,71.30548501633116
85.012,2.105593338239615,52.25981141152143,71.01267116898391
85.112,2.5179869744322474,52.017506223351575,70.69085619251139
85.212,2.8950370930236957,51.758466120465044,70.27419577069992
85.312,3.229215677662175,51.47449265398924,69.74050586696224
85.412,3.5168393241150326,51.16301899152252,69.07305104057531
85.512,3.7558015613816096,50.82970060608101,68.22964206101709
85.612,3.9463283100889015,50.48685613339182,67.14970659360596
85.712,4.092856107157317,50.14902637625995,65.79224415538339
85.812,4.203535080213612,49.82870852580448,64.16975201321642
85.912,4.2863806547892835,49.534564016119404,62.351880243962995
86.012,4.344544279967025,49.27232021004747,60.4419717814026
86.112,4.374270037667316,49.047084538095454,58.54702043932522
86.212,4.367294590658716,48.86514636558176,56.75691461386819
86.312,4.316782250336281,48.733212460739345,55.1387280694135
86.412,4.224580891826726,48.65417757930934,53.74931709530996
86.512,4.107615823735799,48.62130995485714,52.665663941917686
86.612,4.000825799093448,48.61512608577428,52.015892303811015
86.712,3.9526802313498948,48.60666552015776,51.97768624184195
86.812,4.009964371428886,48.56715027457945,52.72099351791333
86.912,4.195152814162398,48.47970479200764,54.307571010611625
87.012,4.489445667280158,48.34712847754612,56.59163883783182
87.112,4.835173054335598,48.191703107175314,59.177583752645276
87.212,5.1572759236790375,48.04699936036569,61.48334949810261
87.312,5.389508588964407,47.94525872632234,62.91914502374162
87.412,5.491889631523566,47.90564049907474,63.11748220880435
87.512,5.456093607439872,47.92787512570883,62.092892883281195
87.612,5.30176823465035,47.993316780299836,60.23334667560965
87.712,5.066956365723588,48.07249073597521,58.12811342880272
87.812,4.795425110156103,48.13592203758383,56.33653555328216
87.912,4.525207950987287,48.16374576983208,55.21770705017292
88.012,4.2828647924536085,48.15016713844463,54.876213251612995
88.112,4.084119885367123,48.10166097046398,55.205310156374395
88.212,3.936861250856346,48.03123767001989,55.97654607024434
88.312,3.842382777943243,47.952551107528215,56.929385602750955
88.412,3.7949514626153373,47.8763805752344,57.83398333480723
88.512,3.7826104162326644,47.809726374840196,58.521829535550154
88.612,3.790433382225089,47.75623531077323,58.893768898232125
88.712,3.8043197994448477,47.7164931679561,58.91803472208571
88.812,3.812971132775189,47.68759348910924,58.625742511821485
88.912,3.8076193867905985,47.662744472799424,58.102764371617695
89.012,3.7804147977521154,47.63255176052645,57.469429111949395
89.112,3.7221400969605583,47.58892347054912,56.842181713939624
89.212,3.6201872631195897,47.530399521190475,56.28846418436923
89.312,3.459928903279085,47.465905502090834,55.802948064754176
89.412,3.233165985492427,47.4141776418713,55.32945496286716
89.512,2.951764152175059,47.398347979666006,54.825529339077605
89.612,2.6568969312388475,47.43796950038253,54.33182760786151
89.712,2.4133810952156978,47.54238775965044,53.993796903657014
89.812,2.286520515154578,47.70876093907615,54.010216879530844
89.912,2.310741804728835,47.92548873787778,54.5354385434874
90.012,2.4676351889273818,48.17889122523201,55.59237742677803
90.112,2.6879058195975176,48.4594727376673,57.04035218675904
90.212,2.8769240004987253,48.76479770865933,58.60766247047425
90.312,2.949319997828553,49.09805219265174,59.97145191325225
90.412,2.8565063987690493,49.4632694505419,60.85848067066
90.512,2.59962795939218,49.859450863988364,61.14229497851906
90.612,2.22777747072535,50.27658940967884,60.90534943617271
90.712,1.8225319742490953,50.69630542313541,60.42515239501272
90.812,1.4704137577507197,51.09765335568268,60.06973092517667
90.912,1.230725554266698,51.465473126147515,60.147154193482976
91.012,1.1135984446123643,51.79668024233461,60.78472194809281
91.112,1.0807549534646128,52.10082176853118,61.8880735132871
91.212,1.067069321483686,52.39465292073115,63.187511402937545
91.312,1.008685570288101,52.69388811159407,64.35001461123116
91.412,0.8650893965665958,53.006199009739476,65.11745038409332
91.512,0.6315429488690114,53.328092442059855,65.41918968942849
91.612,0.3417965052496541,53.646428945497576,65.4072341265691
91.712,0.058018239073270195,53.9438427710482,65.38816037659541
91.812,-0.15394343441538894,54.20583444329582,65.68026124003309
91.912,-0.2546990579062296,54.42647528168445,66.46950618551591
92.012,-0.24795118752677325,54.61048952323764,67.73516106014519
92.112,-0.17278994233890188,54.77118202976264,69.27504759285058
92.212,-0.0806698868800595,54.924896073692395,70.81197897891019
92.312,-0.014313848731426049,55.08364463223916,72.12311709654172
92.412,0.003387880427972334,55.24879733880632,73.12497663581276
92.512,-0.027767578870573573,55.4091719454665,73.8817135930911
92.612,-0.08891997599523194,55.5451994680175,74.54919731873642
92.712,-0.1533226720374401,55.63751921241659,75.28535826353377
92.812,-0.20301069511382508,55.67577361541847,76.15931520615754
92.912,-0.24255964679860398,55.66354439551714,77.09417353154885
93.012,-0.30114788164708983,55.617916469112615,77.8704402587489
93.112,-0.4214117331203511,55.56477474252328,78.19405161854311
93.212,-0.6414124471032991,55.532018757903515,77.80768091507571
93.312,-0.9782364451218868,55.54266384422498,76.60664786442726
93.412,-1.4182202922204894,55.60922309620319,74.71619989444818
93.512,-1.9144824684602995,55.73042734481731,72.49549743999643
93.612,-2.392615743061647,55.891275542717366,70.45514539762091
93.712,-2.768277053654991,56.06701332373595,69.11206386956144
93.812,-2.977021324500612,56.230329270182395,68.83929345251362
93.912,-3.003672878968281,56.35934873972688,69.76459721128921
94.012,-2.8898095369696506,56.44326767187456,71.73775112404589
94.112,-2.7105812826911944,56.483501055713475,74.36725654950574
94.212,-2.5368828198281648,56.490448652364435,77.12906989584482
94.312,-2.408455217837279,56.4780239345865,79.53086541588407
94.412,-2.3304856139047487,56.45883649670815,81.26710220210055
94.512,-2.2880498538054397,56.44212364175299,82.28171891518114
94.612,-2.2648551148597846,56.434738597025664,82.70832214658222
94.712,-2.25649785788017,56.44364227887604,82.73728194855714
94.812,-2.276010638601626,56.47737015813172,82.4930367522719
94.912,-2.3526110164523146,56.544518213784144,81.97999147253542
95.012,-2.523161614014569,56.64934658330848,81.1101942121226
95.112,-2.8168058033691494,56.787035219060755,79.791202231773
95.212,-3.2381407673972333,56.94206250853363,78.03136586885428
95.312,-3.756347805753414,57.091446953363366,76.01065375180157
95.412,-4.304357760563022,57.211515266038035,74.07465062734899
95.512,-4.789192474784471,57.28511680512162,72.64347214709043
95.612,-5.114685895869542,57.30653323663509,72.07441604748456
95.712,-5.2143210779225555,57.28244457460488,72.54191901183056
95.812,-5.080798162593901,57.22863892883746,73.97910228224994
95.912,-4.772285331683555,57.16393129477961,76.08818449758783
96.012,-4.388730557568991,57.10417054261488,78.40874010103413
96.112,-4.034608993546556,57.058938576206536,80.43147613891301
96.212,-3.7902389565255064,57.031663595533935,81.73755957963343
96.312,-3.6994274426782567,57.02188042414858,82.12239704949859
96.412,-3.767480257590215,57.0275883409686,81.64798922227519
96.512,-3.9631911322487454,57.046212753555196,80.5902394841821
96.612,-4.225932224891565,57.073887248887424,79.30718832332722
96.712,-4.48230830325852,57.103876612326545,78.10280429488382
96.812,-4.669864025360006,57.12552297106417,77.15375199451911
96.912,-4.756154018690005,57.12509934218832,76.51411816397183
97.012,-4.743996208834254,57.08941343247853,76.16214483802177
97.112,-4.665451857993723,57.01161555668293,76.0401600825981
97.212,-4.571757222724507,56.8965883615431,76.06810081084492
97.312,-4.521004751465988,56.76213379252573,76.14935887218624
97.412,-4.561997071602683,56.633828471610876,76.19262548373564
97.512,-4.716738476350969,56.53547986318994,76.1455419414302
97.612,-4.96865123783865,56.48040011768855,76.01816701056188
97.712,-5.262768577822676,56.468280451251175,75.88654484925766
97.812,-5.519412204284663,56.48869326746244,75.8819073659488
97.912,-5.6583106004496955,56.52836652809795,76.16634764928895
98.012,-5.626657015735169,56.57797998874573,76.88672185997243
98.112,-5.421244902801355,56.63538834244247,78.1083915801871
98.212,-5.0939035844641865,56.704509773441195,79.75459583461593
98.312,-4.735466207382075,56.791426237936555,81.5922621400134
98.412,-4.4445983854850155,56.90064509330985,83.29351301448945
98.512,-4.295102457686525,57.03414315533103,84.56162656848511
98.612,-4.313705562651286,57.19353563092641,85.26145789220011
98.712,-4.474082204434289,57.38286893035491,85.47926551752622
98.812,-4.707983459123042,57.608671301702984,85.47799479504697
98.912,-4.9310009407362045,57.87617112035882,85.57834285320475
99.012,-5.075455005381521,58.18411923580383,86.02826917518672
99.112,-5.11696674098404,58.522251556781114,86.91159374861984
99.212,-5.081069463845672,58.87377398442071,88.12152434035524
99.312,-5.026594744326722,59.221827891597734,89.4054233641997
99.412,-5.017187808368931,59.556229634856315,90.46296289663603
99.512,-5.097552050078939,59.87641454537999,91.05647074093517
99.612,-5.2832330766709035,60.188615720556776,91.09261743528734
99.712,-5.56265674974324,60.4988228374801,90.65366392318337
99.812,-5.906656435552733,60.80569905796614,89.97114068301781
99.912,-6.281068542953591,61.097328142333524,89.34863927451444
100.012,-6.657246006902291,61.35306072367954,89.06232382419047
100.112,-7.016352734560925,61.54947767889889,89.27746097688733
100.212,-7.349099535383644,61.66863291205209,90.00339957877016
100.312,-7.656262448306393,61.706092508124044,91.09189767166743
100.412,-7.950399090604186,61.67557956368567,92.2829171929935
100.512,-8.25358302738433,61.607696925616075,93.29669690796929
100.612,-8.589159680378394,61.54265314051602,93.94251483578523
100.712,-8.971808965770371,61.51953414314225,94.19109934728839
100.812,-9.401160949072988,61.56580666431223,94.17212804985093
100.912,-9.861913721620525,61.69027201388201,94.09759644075977
101.012,-10.330626231355858,61.88130571597933,94.14916595542287
101.112,-10.784689661029596,62.11041213870296,94.39135990106878
101.212,-11.206239324082006,62.339275393390345,94.762660756708
101.312,-11.578954602873388,62.52737595028066,95.14219221245312
101.412,-11.883564411189049,62.63770719810931,95.43213486230795
101.512,-12.097916907864295,62.639991482433054,95.59476917532747
101.612,-12.200760445768331,62.512581849426866,95.63619231104688
101.712,-12.174803185936689,62.244482233858946,95.57366191618026
101.812,-12.007676975435977,61.837654215541455,95.42052951633107
101.912,-11.693444450971306,61.308426406445264,95.1921092959844
102.012,-11.236929937682142,60.68667536815813,94.91318864001269
102.112,-10.659423965424402,60.01243621119437,94.60800780911958
102.212,-10.001726293192128,59.330662395393084,94.27165370121917
102.312,-9.321423552312105,58.68510013907926,93.84253919322356
102.412,-8.683816995459281,58.11180605233034,93.20347324671751
102.512,-8.147872613863427,57.632862495693814,92.22485386371487
102.612,-7.750467440956285,57.25191041089294,90.83205698680686
102.712,-7.49386918884715,56.953860323843195,89.0566573591707
102.812,-7.341427261017159,56.71001339191923,87.04283033437315
102.912,-7.225144884950446,56.4874464899951,85.01141215636294
103.012,-7.065835665217939,56.25956885071068,83.20146868647183
103.112,-6.800159745983386,56.013950287514696,81.80924277662486
103.212,-6.402431321246375,55.75414759479971,80.94076041783303
103.312,-5.891061282029725,55.49486393124656,80.58728017813041
103.412,-5.319566214307557,55.25351126300456,80.62209678180987
103.512,-4.75889105482198,55.043131331482655,80.81688567697216
103.612,-4.276178791350944,54.86961774952728,80.88824448273799
103.712,-3.912480247100156,54.73214856795196,80.58429210323693
103.812,-3.6640519127035773,54.623677511529145,79.79046515779575
103.912,-3.475449525049541,54.53003027393076,78.60040932314043
104.012,-3.2523153348908806,54.429579631630645,77.30101988998793
104.112,-2.8951676138403784,54.296893318956904,76.26413683452553
104.212,-2.3431186551870695,54.11132891792816,75.78911606066535
104.312,-1.6054425052649464,53.86719024316075,75.96319862832223
104.412,-0.7614865139712066,53.579451465159316,76.59417425071528
104.512,0.07174205931266897,53.280405921263814,77.24683050721652
104.612,0.7848111165800518,53.007345884189036,77.38908452903912
104.712,1.3103278618135263,52.78678077635271,76.60546217669379
104.812,1.6353121702521278,52.62323606428486,74.77669380975618
104.912,1.7943900814072578,52.49828312497982,72.12275814689167
105.012,1.8521727440801712,52.379511226235884,69.09500514138463
105.112,1.881679554192651,52.23387971114875,66.20251788704229
105.212,1.944179128625187,52.038795704360105,63.87007837358621
105.312,2.076464029599002,51.78713268758129,62.35952459652556
105.412,2.289973984985771,51.486185305627345,61.73197153215327
105.512,2.57905559702553,51.15279943654087,61.83349075062763
105.612,2.928825046267427,50.80734572019546,62.31983015919667
105.712,3.3157905698983328,50.46853920307349,62.74334476391837
105.812,3.7044589909926984,50.1501030334574,62.691837604624894
105.912,4.048488221025281,49.85955747125216,61.92458328866303
106.012,4.300417265883134,49.59902058150998,60.4394842743707
106.112,4.426565725487201,49.36746427932647,58.44464638480666
106.212,4.420675794788764,49.16338998324457,56.26761442226193
106.312,4.310880351946061,48.98663554633481,54.26204421232816
106.412,4.156227733840545,48.8382472040702,52.746141489892025
106.512,4.031155473677956,48.71842929894868,51.9658589230221
106.612,4.000797780072112,48.62425788812289,52.05961046470391
106.712,4.096130315769408,48.54953483627472,53.01572713006753
106.812,4.3012492963191775,48.48761339064032,54.64056955724011
106.912,4.560608614882817,48.435339974644066,56.57264562787738
107.012,4.80283564619932,48.39499096469811,58.36774136188805
107.112,4.9687336671970534,48.37244319008996,59.63919986008828
107.212,5.031442420576898,48.37250858267037,60.19407455536766
107.312,5.003069965436719,48.39426089975942,60.09634343982745
107.412,4.926998056505155,48.429238661319836,59.62077646163277
107.512,4.857769906515131,48.46372802229942,59.11654079623014
107.612,4.834922525327919,48.483785878675896,58.846988890317746
107.712,4.862446568469917,48.479942340110966,58.88092768466275
107.812,4.9052234857017325,48.449041061526906,59.08038647340841
107.912,4.9051872296192265,48.393001250442595,59.18675181135599
108.012,4.8091310876735704,48.31640792679092,58.9648247453441
108.112,4.594591792326618,48.22495122087468,58.32844312063699
108.212,4.281939842663569,48.12493883762055,57.37308367902827
108.312,3.9271195579913822,48.022685557878816,56.30285109922194
108.412,3.5979322461612426,47.92335317137412,55.31315949986464
108.512,3.34498350018994,47.83034185028147,54.5038741609967
108.612,3.181809992462,47.746058164394974,53.85388893781703
108.712,3.08358721029537,47.67317553068644,53.24867153919055
108.812,3.0029925271045528,47.614938222112606,52.54383074281817
108.912,2.893088209250166,47.574397459766175,51.64497270710385
109.012,2.726362017000305,47.55377477331856,50.57025631577004
109.112,2.50452278730706,47.55478636016386,49.45970328759276
109.212,2.258148144059355,47.57937903075124,48.52486811853285
109.312,2.036021725588,47.62961332248276,47.97045288713715
109.412,1.885803757041657,47.706133226828825,47.929098777363095
109.512,1.8336644615552018,47.80616264469876,48.43139732972788
109.612,1.8744811325602555,47.92301252498875,49.41021491800363
109.712,1.9784070313045916,48.04860472460804,50.72657761275434
109.812,2.1075307815283253,48.178400042992386,52.20350909520677
109.912,2.2299104610706735,48.31578558123888,53.659404537729216
110.012,2.323260126849064,48.47265131788076,54.93756474212647
110.112,2.3707470166000633,48.66528799505756,55.92902810465988
110.212,2.3567221533433482,48.90788765365299,56.582881230142334
110.312,2.2676140666696156,49.207059826893264,56.899657696773744
110.412,2.097705181802951,49.55934787323415,56.916330181605844
110.512,1.856444416448518,49.95177954644487,56.70397079857791
110.612,1.5731810250092977,50.364836919488795,56.38664272287241
110.712,1.2945669971838853,50.77740196530054,56.15620363442646
110.812,1.0712241692493478,51.17279662604438,56.24421117077159
110.912,0.9369772882063572,51.5438769134984,56.84362723462864
111.012,0.8923268071915942,51.89452529753888,58.019223058460895
111.112,0.9038686971818137,52.236019133695024,59.66198789435191
111.212,0.9204177382302632,52.57952120786434,61.52029494080665
111.312,0.8952114325803464,52.928590633827206,63.29717354002079
111.412,0.8017003338894071,53.27602590189288,64.76242045202572
111.512,0.6368559948514942,53.60693132589863,65.81857227687361
111.612,0.41466429485543443,53.9060717821789,66.49544981586601
111.712,0.1584213379158541,54.164936616627756,66.90080319925148
111.812,-0.10090808598123857,54.38457269647538,67.17598320723361
111.912,-0.3215496738583852,54.573600355269996,67.48157506042466
112.012,-0.4524031049681412,54.74371436097938,67.99616271290483
112.112,-0.4479170146371132,54.905181662078355,68.88944257130372
112.212,-0.2941208183176869,55.06351707376909,70.25083608020546
112.312,-0.02977390686705661,55.21784858143495,72.00238129301216
112.412,0.25597880728575007,55.361581989416024,73.85810823983482
112.512,0.4529657873646471,55.485406211969476,75.38366561117056
112.612,0.47064055349920864,55.5812722556447,76.15988971538964
112.712,0.26918618019172413,55.64537983319215,75.98036749620765
112.812,-0.13031986397751893,55.67933762801026,74.96516884587916
112.912,-0.6563416709016607,55.6901247810854,73.51186700179434
113.012,-1.2112113509255167,55.68959649322066,72.1160316399047
113.112,-1.700829513037256,55.69335057217817,71.17398347193145
113.212,-2.060737125402163,55.71819145745308,70.86589474817825
113.312,-2.270260431272199,55.77790315862385,71.14799572077183
113.412,-2.350798415654552,55.87835040362781,71.82664004472467
113.512,-2.3513820060427904,56.014153660995525,72.66662015255325
113.612,-2.329232702726223,56.169111165168694,73.48849880765215
113.712,-2.332397060300657,56.3207923786162,74.22216532091039
113.812,-2.3878218420823245,56.44742707236992,74.90521832981071
113.912,-2.4955046534156295,56.534034032236576,75.63973480851436
114.012,-2.6297853169456644,56.57548491413364,76.53233024188964
114.112,-2.7500147664048242,56.57618936408102,77.634876523205
114.212,-2.8196071885895435,56.54762680208221,78.89643579397172
114.312,-2.824911089151435,56.505073838826796,80.14532762032339
114.412,-2.781850356616701,56.46431852825649,81.12682611551246
114.512,-2.725119874279642,56.43891844465244,81.60214551345783
114.612,-2.686554680961592,56.43851850700322,81.47270178948092
114.712,-2.676801206742951,56.4683835853556,80.86080834367333
114.812,-2.683435214537674,56.52974283836125,80.08439071549134
114.912,-2.688379723037798,56.62025514776016,79.51872862665502
115.012,-2.691889830683543,56.734155590417984,79.41108464868245
115.112,-2.723248820016181,56.862348347256486,79.7480447593247
115.212,-2.829795975137067,56.9932964302385,80.2509119246873
115.312,-3.0534446410942238,57.115226936879786,80.51312818285459
115.412,-3.408387435838428,57.21888811605205,80.21599420659916
115.512,-3.867487687356821,57.29905034145519,79.30196686008077
115.612,-4.360892908990444,57.353510369522795,78.006099272369
115.712,-4.790541839760067,57.38049106700276,76.74184313954339
115.812,-5.06131153736326,57.377131464446485,75.92168756418484
115.912,-5.119246849139266,57.34113565656123,75.80181104473226
116.012,-4.976695802645509,57.27475814829809,76.3975266872739
116.112,-4.707997168533481,57.187845884171495,77.48121096711846
116.212,-4.418781582015846,57.09704872703089,78.66144748616485
116.312,-4.2074693118811695,57.02108807245397,79.52408509597225
116.412,-4.1363469532632,56.9745793529386,79.7822903427335
116.512,-4.219841479627341,56.96346163237316,79.36590734554255
116.612,-4.428930206345932,56.98374915271162,78.41454877498141
116.712,-4.704569587528532,57.02345336678898,77.2031984102406
116.812,-4.971928835030077,57.06633962940307,76.05909796799943
116.912,-5.1534549343398055,57.095989292959956,75.29785475487975
117.012,-5.185887235763893,57.099079447773946,75.16376974503513
117.112,-5.0432494160193855,57.06749422641434,75.75936910406459
117.212,-4.755229908317318,56.99947733421101,76.98623165909906
117.312,-4.404170635327013,56.900033386226184,78.54674891513294
117.412,-4.095538351820629,56.780192830325355,80.03932824641132
117.512,-3.915979930951586,56.6545297054295,81.11938747952735
117.612,-3.9011089042826796,56.53735660187846,81.63867300853106
117.712,-4.027488467908384,56.439476609760625,81.67789220147642
117.812,-4.228807272032164,56.367170219512836,81.46537398741424
117.912,-4.424710551828262,56.323054870099945,81.25483910173283
118.012,-4.547972764976215,56.30716773049012,81.23962478866737
118.112,-4.561602527493804,56.31770383796337,81.52288946671098
118.212,-4.465184373089279,56.3524168018564,82.1170882380873
118.312,-4.292617444221079,56.41123392049299,82.94758655088336
118.412,-4.102081488694154,56.49864048429852,83.86395451654549
118.512,-3.9591356748419386,56.62358614377784,84.67953010756847
118.612,-3.9177397707287795,56.79634141603146,85.24224730461955
118.712,-4.00691467300102,57.02415944683779,85.5018775683062
118.812,-4.227461338277585,57.3082829662728,85.52408663929137
118.912,-4.556411258681656,57.64338473233637,85.43597526513162
119.012,-4.953888555626698,58.0187221250923,85.34445189394275
119.112,-5.3697925058922,58.41971400668678,85.29076583181599
119.212,-5.7517025024115895,58.829233361317975,85.26762386865155
119.312,-6.0556103691284235,59.22873959785253,85.27079012350389
119.412,-6.257046206645548,59.59989032084724,85.33974589659479
119.512,-6.357510721839255,59.92727805991953,85.56099423090015
119.612,-6.384189369780678,60.202158877189085,86.02860619407555
119.712,-6.384691726213383,60.42558431835599,86.77599861530015
119.812,-6.417642416263966,60.6085284655492,87.7195100666137
119.912,-6.538775154755875,60.76784506795587,88.66196344289166
120.012,-6.785134507661461,60.919512892635154,89.36803251908313
120.112,-7.1631586015393935,61.07235970108088,89.67136567180577
120.212,-7.64583762166739,61.22525791381402,89.55441955490122
120.312,-8.1807878321316,61.36932626686772,89.16267095879967
120.412,-8.706892962596442,61.49447270499835,88.74942258575085
120.512,-9.173562239553632,61.597075010195674,88.57799277441815
120.612,-9.555431005980687,61.684297166923095,88.82553046872967
120.712,-9.857422709924698,61.772066173789085,89.52816503989261
120.812,-10.109318941169441,61.877479606155745,90.58322421596323
120.912,-10.353085649504926,62.00988810622486,91.79594140503535
121.012,-10.628378562715667,62.16568944626851,92.94141415985032
121.112,-10.961172032498453,62.32926974931927,93.81586249407292
121.212,-11.357643101040829,62.47836097306092,94.26993148528037
121.312,-11.801919569362823,62.58967220492248,94.23388482681406
121.412,-12.255321116085447,62.64179577618462,93.74114390306617
121.512,-12.65828939867373,62.615597549201595,92.9337288365541
121.612,-12.940187337568709,62.494453495198265,92.02407638924879
121.712,-13.039197690454152,62.266125435638195,91.21818906404935
121.812,-12.925013537431745,61.92590479041833,90.64242303967681
121.912,-12.610721963268055,61.47925852592993,90.31319734976803
122.012,-12.144544949865036,60.942546244503276,90.15780243799293
122.112,-11.584483971335608,60.341457885081006,90.072210906685
122.212,-10.971247283519766,59.70755250932803,89.98698911483457
122.312,-10.317825814964138,59.07368860513409,89.8979792634772
122.412,-9.62298381269435,58.469581535327556,89.83187753815328
122.512,-8.897278899449283,57.91876655679536,89.77010357812719
122.612,-8.179504981195088,57.437216442812364,89.5987878385676
122.712,-7.52947573162038,57.032521731556,89.13653176930356
122.812,-7.002571712524912,56.70272532919276,88.22850816870135
122.912,-6.623466200326902,56.435710154230264,86.84481214598414
123.012,-6.372908952615724,56.211175495274325,85.12323547073575
123.112,-6.191619119928191,56.00606279070175,83.33813298487318
123.212,-5.999161741114214,55.80168572667564,81.81384547892023
123.312,-5.7223962862001585,55.58897307490767,80.81384332793264
123.412,-5.323004625452569,55.3689690995238,80.44118269028421
123.512,-4.809855788138755,55.14889059505648,80.59190604088182
123.612,-4.22834614371245,54.93685817924172,80.9933628321936
123.712,-3.6341901899190105,54.73833241472966,81.3173575318632
123.812,-3.069085967438184,54.55501433261986,81.30612662535323
123.912,-2.5508944116782786,54.385236072728155,80.84148568383748
124.012,-2.077973898902961,54.22485347218218,79.94043616737945
124.112,-1.6384828441926587,54.06832201157285,78.71682967373114
124.212,-1.2167372089723472,53.90997523176691,77.34911415643442
124.312,-0.7961564617060262,53.74562242158981,76.05302674795455
124.412,-0.3627203317227483,53.57438869904986,75.03442013509775
124.512,0.09014982891729062,53.39984672587709,74.4189273842424
124.612,0.5591846175773441,53.228744069819626,74.19295935460704
124.712,1.034308218641229,53.06661807608713,74.19859915219264
124.812,1.5042592025472956,52.912283535388696,74.19148248937391
124.912,1.9587795148584064,52.75524734673873,73.9280322485862
125.012,2.3850404567377055,52.579028214009455,73.23719919751048
125.112,2.762573527108188,52.3692211362776,72.05648777048064
125.212,3.063629915763464,52.12127290041444,70.43717906534826
125.312,3.2618020086501502,51.84289257337433,68.52384808248168
125.412,3.344981628097379,51.54985814943318,66.50660381477198
125.512,3.325644822281099,51.25831119257061,64.5574441008998
125.612,3.2433328051468067,50.978226482706724,62.78270725581942
125.712,3.1577221482748996,50.711120108640046,61.21864744904191
125.812,3.133352278750195,50.452059796501416,59.864007253499736
125.912,3.2190120175037578,50.193959916924,58.71504832551109
126.012,3.4275349335168244,49.93191257282899,57.77196889177114
126.112,3.725249371364775,49.6661163446194,57.01575049739111
126.212,4.03976126002253,49.40284342307158,56.38348778924447
126.312,4.285825662661566,49.15362710151306,55.77361326014719
126.412,4.397554669550779,48.93314890062847,55.08819208280157
126.512,4.351975331295314,48.75597384698597,54.28791995386332
126.612,4.175500218426471,48.63227390484294,53.42252340768937
126.712,3.9335266442750196,48.563700484325445,52.61660878469715
126.812,3.708559484393234,48.54146626522407,52.02326650243286
126.912,3.574276422042189,48.548092128234096,51.774218950296685
127.012,3.5737747469662224,48.56257254291689,51.94418006254337
127.112,3.7094085931882503,48.567198265358584,52.528156972275724
127.212,3.9472347256055684,48.553480224196676,53.42830273550433
127.312,4.2324132925456155,48.52456141033829,54.462200515257024
127.412,4.507665432164394,48.49257672181679,55.41172332318425
127.512,4.727447753287663,48.471831942347194,56.10657783854465
127.612,4.863911146005286,48.47118028911051,56.49476881099184
127.712,4.904555086075504,48.48954128261189,56.64493013993848
127.812,4.844951004387283,48.51659327861119,56.673626632842286
127.912,4.6824310266994615,48.5377392869468,56.64971955983228
128.012,4.416695485814628,48.54028796640567,56.544852340807964
128.112,4.0590344202745285,48.51753333245393,56.265914074415264
128.212,3.6441790440736312,48.46927615771825,55.74563588356368
128.312,3.2334349730361183,48.39998228747757,55.02024171067579
128.412,2.9011371817018556,48.31699018769273,54.2318657996545
128.512,2.7082915369348655,48.23005838685461,53.55863768349694
128.612,2.6783479823769625,48.151328172445595,53.13281203726329
128.712,2.78967851752887,48.093613267328735,53.00159016350598
128.812,2.9871950336502664,48.06625549394322,53.136309704026615
128.912,3.2035122040846957,48.07068015682758,53.46101074537701
129.012,3.378325251070301,48.09902346196472,53.875794025867336
129.112,3.4708866524092414,48.13713097136088,54.27364210139193
129.212,3.465750502043278,48.17031974809526,54.560550976587535
129.312,3.372304426365389,48.189338384252025,54.678674740844514
129.412,3.217528606543432,48.194391443085294,54.61847124782227
129.512,3.033566418813116,48.19570546742087,54.41064064417927
129.612,2.84593535049067,48.210427159802485,54.10834448687707
129.712,2.6685623375627827,48.25746085059488,53.77737819636195
129.812,2.5061828856998503,48.35240475658509,53.49562787046058
129.912,2.359141212781502,48.50378150325763,53.34742727056563
130.012,2.2263858716305123,48.711062948589195,53.40583857586195
130.112,2.1069009470258493,48.96519376441708,53.71368913552047
130.212,2.001320713963871,49.25205279832574,54.276480299429025
130.312,1.9129058615166556,49.557861829818926,55.06545775718692
130.412,1.8451055635773415,49.87416287340148,56.01821236113213
130.512,1.7950597589215107,50.19992070463975,57.03133245207516
130.612,1.746813925464025,50.5396049177218,57.957289991825206
130.712,1.6701514657577903,50.898157856105755,58.6269358622839
130.812,1.5281352432588449,51.27565024627856,58.90510617731124
130.912,1.290718269193107,51.66487596017336,58.754936380401745
131.012,0.9481718323046948,52.05346097685845,58.268341056725475
131.112,0.5188875942533855,52.429140966148985,57.64178478550244
131.212,0.04859329989152883,52.7846379884822,57.11542680095501
131.312,-0.40041124054998534,53.11879069980812,56.90669393012668
131.412,-0.7688021902484579,53.43345084662981,57.15517730369402
131.512,-1.0214057973582769,53.72893815604039,57.8868388733773
131.612,-1.157660636263195,54.00152458292132,59.01223495722513
131.712,-1.2027853681041378,54.24415523291326,60.374245612089524
131.812,-1.184450325962949,54.449332501219835,61.83540408865102
131.912,-1.11221465213778,54.61289312328134,63.353772323067645
132.012,-0.9768759134406437,54.73784786980237,64.98306967843952
132.112,-0.7719282942556944,54.836636051064836,66.78063754163021
132.212,-0.5199684270982914,54.9292986761102,68.68482700337908
132.312,-0.2808971373255318,55.03662247239366,70.46055384443696
132.412,-0.1331545167582675,55.170908048246496,71.77345863694507
132.512,-0.13925876846793273,55.329521868839805,72.36354276057102
132.612,-0.31520595750106395,55.49524862439708,72.20844444432673
132.712,-0.6195451664983977,55.64334890423668,71.56160798663342
132.812,-0.9693573920431717,55.75141896437923,70.83684052098371
132.912,-1.2779934390770222,55.8072960233536,70.41619823220829
133.012,-1.495104462768893,55.81219436386489,70.49234840870635
133.112,-1.625249172532179,55.77903396899297,71.01058840044419
133.212,-1.7160294308101314,55.727849843682,71.71351190731761
133.312,-1.8274547189991637,55.680586445299824,72.25954686193215
133.412,-2.001019924829734,55.65673966591292,72.37748172240012
133.512,-2.2398084805243172,55.67019727921978,72.00665222911022
133.612,-2.503990552916747,55.72721023797961,71.358056784084
133.712,-2.7244765941181797,55.82560267851162,70.85075552392496
133.812,-2.8337983332718366,55.95532397836348,70.94311125920275
133.912,-2.8023823366037064,56.100233918266696,71.93723599743755
134.012,-2.659042680388623,56.24108523693732,73.83765116916577
134.112,-2.4811974456151447,56.35962929645584,76.31423277891633
134.212,-2.3608546050508252,56.44301133077762,78.79247965897663
134.312,-2.3667960447981997,56.48696636821893,80.65585366376361
134.412,-2.5205690824434726,56.49689042751504,81.48016200146311
134.512,-2.79279972114486,56.486967895557555,81.18076389626442
134.612,-3.117752761814934,56.47773858742432,80.00145403875997
134.712,-3.418961518505654,56.49190820132071,78.37829170536271
134.812,-3.6355367957855833,56.54824987756338,76.77462422770928
134.912,-3.7390976605218142,56.6546823631966,75.56340075299396
135.012,-3.7362055973302404,56.803154485463935,74.97649029012535
135.112,-3.658495154866287,56.96957852034083,75.10107244501515
135.212,-3.5484550442411376,57.12077397347989,75.89117705575066
135.312,-3.4489533288738485,57.22688454402326,77.17284586834263
135.412,-3.398550175918679,57.273638050719114,78.64943888336103
135.512,-3.4280594557827797,57.26755030177329,79.9423829543291
135.612,-3.5533201596661144,57.23069350077376,80.69909764042953
135.712,-3.764943439170402,57.18799575397372,80.74309652888594
135.812,-4.0223690984782365,57.15476039370749,80.17188996514061
135.912,-4.261383415050354,57.13170512772748,79.31390525668289
136.012,-4.418247389411768,57.10951003116545,78.5555981368143
136.112,-4.460669686760369,57.078638135267525,78.14632744933262
136.212,-4.4058990479964635,57.037641769388316,78.0916628700084
136.312,-4.312603953548276,56.995450134840816,78.17830387694748
136.412,-4.252405943283165,56.967465095422384,78.1060168212262
136.512,-4.278301994875683,56.96828258338502,77.66154389595519
136.612,-4.4027207717062495,57.00449871135722,76.85175007686742
136.712,-4.590271781110751,57.07032852738886,75.92614019455476
136.812,-4.768244152136191,57.14759638720503,75.27440498560097
136.912,-4.8554579377503515,57.21029747018185,75.2542539267014
137.012,-4.800096037645929,57.2325159032183,76.03115633870515
137.112,-4.606197366352561,57.19725393039924,77.48902456653222
137.212,-4.331812593731485,57.102973640692696,79.24742322258683
137.312,-4.061187904307211,56.96489629278504,80.80185876986384
137.412,-3.8701989617897894,56.809894468060214,81.74396856456812
137.512,-3.803602804568577,56.666887125124006,81.93815133786069
137.612,-3.8700089080762297,56.55724907300367,81.53670917504401
137.712,-4.049601848044475,56.489697128926394,80.83773043740224
137.812,-4.3067437216885125,56.461299212619785,80.10508342538806
137.912,-4.6017118946884565,56.4629356001637,79.46792196427997
138.012,-4.898180327127115,56.485809150629855,78.93415164417495
138.112,-5.165014803153589,56.525839041085796,78.4775779364703
138.212,-5.374100113039063,56.5843872630978,78.12832012067439
138.312,-5.49855149105354,56.665874008231505,78.0090409441105
138.412,-5.51514266348228,56.77444213495238,78.30209980000204
138.512,-5.412095107123612,56.912154156773816,79.17360532513679
138.612,-5.200035399021829,57.07993895178794,80.69134322022859
138.712,-4.920039686802248,57.28011985186147,82.7613713700405
138.812,-4.641124819273202,57.5175330908248,85.10242260541351
138.912,-4.4442094926742755,57.79703485366769,87.28687230817924
139.012,-4.397654439616389,58.11850609613325,88.86864915509749
139.112,-4.533967069505195,58.47324699886957,89.56118632303505
139.212,-4.836592215558426,58.84504187285551,89.36380623988813
139.312,-5.2432012143614415,59.21569442952936,88.5488306145852
139.412,-5.667923758804783,59.571498556359856,87.51903662960959
139.512,-6.036948933337399,59.906454393951186,86.62656646762791
139.612,-6.3216788400106125,60.220521907346836,86.04380157724404
139.712,-6.550389177623387,60.51498234158688,85.7314235965536
139.812,-6.790245687577276,60.788781883060636,85.50914694091212
139.912,-7.109685849746292,61.03779920354365,85.19673022343888
140.012,-7.541721042868822,61.255694590704934,84.74989802674025
140.112,-8.06602326455026,61.43445714331684,84.30524512813565
140.212,-8.617356550647976,61.56520427758328,84.10543483644236
140.312,-9.115536160622938,61.641216747269915,84.36330611331158
140.412,-9.500874026417648,61.66324138072446,85.1587092099566
140.512,-9.75573529695398,61.64413610837443,86.42059813934617
140.612,-9.903118946721442,61.60937449073407,87.98118652474537
140.712,-9.989859369837035,61.59206138704239,89.65109531831526
140.812,-10.069472975822762,61.62382855713989,91.26718683600815
140.912,-10.192888359373683,61.72469518969875,92.69738223319875
141.012,-10.404601918912377,61.89552024926161,93.82264447696559
141.112,-10.738046491944168,62.11604161596299,94.52608682034601
141.212,-11.20719690453722,62.34932648519893,94.70450552074328
141.312,-11.79544517710655,62.55043111059434,94.30449777790018
141.412,-12.445890395481094,62.67546685245233,93.37374743707801
141.512,-13.06183234554424,62.68845351214219,92.09132203463746
141.612,-13.527883230663889,62.56569679654095,90.72772916519438
141.712,-13.750607476347248,62.298416012666664,89.53140843006753
141.812,-13.696967156688366,61.89364815423312,88.61144051565222
141.912,-13.402276560078882,61.37276406532404,87.90492421935245
142.012,-12.940176481682364,60.767448076294,87.25923374597666
142.112,-12.376543747457347,60.11423536169508,86.57285544552666
142.212,-11.739358174346542,59.449433181110145,85.88934749442095
142.312,-11.02203136924657,58.8057006111369,85.37198229495294
142.412,-10.213419120558072,58.21015711507879,85.18126044323463
142.512,-9.330884127676718,57.68307636095132,85.34852548186718
142.612,-8.433234430268158,57.236681120828905,85.73039668041558
142.712,-7.605714159293221,56.87421032869543,86.0684068487929
142.812,-6.926789059881763,56.58942444261098,86.11719238601185
142.912,-6.435196090982885,56.366878039051336,85.76681998305368
143.012,-6.113880861414863,56.18414829266505,85.0861072758312
143.112,-5.898834082051842,56.01727606644399,84.26331077861283
143.212,-5.708726940295371,55.84840833803311,83.4889145569572
143.312,-5.479248560537677,55.671458929868315,82.85871106305434
143.412,-5.182327282145678,55.49135186053322,82.35241700806999
143.512,-4.8213677966906445,55.31666424516768,81.88847854201165
143.612,-4.411553301982984,55.150710850944485,81.406678131451
143.712,-3.9630191768168714,54.98723611860094,80.91536526976348
143.812,-3.478309344085538,54.81301357593801,80.47097199224518
143.912,-2.9618013110509267,54.614682048742644,80.11040998000102
144.012,-2.429330598665402,54.38524424969268,79.78899250618616
144.112,-1.907797875101224,54.12732663425811,79.37160228886265
144.212,-1.4241755618442724,53.85285192277828,78.69512985912463
144.312,-0.9915221478682952,53.58002237972902,77.67418351932446
144.412,-0.6009268401892882,53.32875210516955,76.37708363066284
144.512,-0.22471407310530367,53.11574919833266,75.00302258562293
144.612,0.16963746617398812,52.9501751828531,73.76517369967962
144.712,0.6021040324244211,52.830410667653794,72.7639454082571
144.812,1.0696234271875298,52.74275374695074,71.93939651186598
144.912,1.5480676052235793,52.66340063918931,71.1268202937479
145.012,2.0029986010473166,52.564316469783165,70.16843873439846
145.112,2.4009734426032523,52.42151363554974,69.0044280144446
145.212,2.7171212239158464,52.22248555029279,67.69187382875994
145.312,2.9409579851189207,51.969631140326676,66.35882207000932
145.412,3.082459997672288,51.67843629741838,65.13989209677788
145.512,3.17482112567631,51.371517766856805,64.13097545460123
145.612,3.267942087070253,51.070991040261234,63.370016495811825
145.712,3.4118848931120667,50.79177041251413,62.83435580390268
145.812,3.636987095077181,50.53777102262803,62.44703127995574
145.912,3.9406457403782227,50.30197388636764,62.09321575364126
146.012,4.288138172999233,50.0702540305616,61.652900112008226
146.112,4.627507792188489,49.82775258264962,61.04866961949314
146.212,4.91072935909493,49.565506432651304,60.29104985256318
146.312,5.110755374470514,49.284870401423944,59.49437505517152
146.412,5.22773967982652,48.99837998643617,58.8441683574154
146.512,5.283729858568407,48.72708053158317,58.519684182835135
146.612,5.3098987767067385,48.49512914399596,58.60259247151296
146.712,5.332482649406735,48.32310622845725,59.01891326741463
146.812,5.362748621012649,48.22213343498537,59.55117867265051
146.912,5.394143973764304,48.190789403562746,59.922221552464734
147.012,5.407559457282069,48.21575534875493,59.9100682887846
147.112,5.382517244812867,48.27585355755258,59.43303839425948
147.212,5.308527174490877,48.34808659018572,58.56399798495528
147.312,5.1900747109304035,48.413546065088156,57.479153471096424
147.412,5.042516817476702,48.46111390942077,56.37974248098719
147.512,4.882087244863442,48.48801522951636,55.42300611946659
147.612,4.716878345580419,48.497828811678204,54.68077618144949
147.712,4.54458593294968,48.49744282704212,54.133652257110924
147.812,4.357798910648171,48.4942868219355,53.70296156947022
147.912,4.152116901099511,48.494522477512845,53.30762563241625
148.012,3.930586287798718,48.50236641383323,52.91384826654688
148.112,3.701796700281669,48.52031822446441,52.54623171036276
148.212,3.475282618808613,48.54950724034917,52.25886485351752
148.312,3.260083246562246,48.58906471965261,52.096097056126126
148.412,3.0678962418570066,48.63420639668172,52.07246346443303
148.512,2.9164002898584016,48.67443351797986,52.176565495265464
148.612,2.8273852372020656,48.69434322856278,52.38521882388102
148.712,2.818478459038481,48.67847443218774,52.6723158582641
148.812,2.892132684527688,48.61874742470826,53.00289117504671
148.912,3.0278967754869868,48.52050773216122,53.31475845412524
149.012,3.1830473395964916,48.40313950348486,53.50718071819702
149.112,3.3028626940723456,48.294044615396004,53.46232898523097
149.212,3.3371540970761018,48.218650458241115,53.10534900405487
149.312,3.2569449295479345,48.19150816697942,52.47303506260326
149.412,3.065316728718848,48.21297746358829,51.73993385279567
149.512,2.798296480215349,48.27266809010246,51.16888950310354
149.612,2.5143669924709258,48.35688736942067,51.00367682099281
149.712,2.274915241239995,48.45568814151871,51.362689304102716
149.812,2.122532915465655,48.566568023513426,52.18974015218488
149.912,2.066801624359208,48.69462553857708,53.2811014156636
150.012,2.084166863928715,48.85062973819158,54.37045113375372
150.112,2.130767128676318,49.04806422120605,55.23318666115824
150.212,2.1607163985080646,49.299030805364225,55.767270204510496
150.312,2.141428030215515,49.60911450576051,56.01674152504168
150.412,2.0612072978867033,49.97307686303706,56.129248596186
150.512,1.9288164740861404,50.3741969215999,56.2735760341739
150.612,1.7669749270786284,50.78856083808869,56.56301871230808
150.712,1.6021400919023563,51.19276112659693,57.02032807795189
150.812,1.4534823547850948,51.57154554545154,57.591444747563116
150.912,1.3247624698687943,51.92198901856834,58.189522035991075
151.012,1.2023184838518617,52.25241568215195,58.74096058132585
151.112,1.0602192169790925,52.57669270597811,59.21285730178265
151.212,0.8710878618989,52.90652684239819,59.61835962953057
151.312,0.6194160618641931,53.245063236693014,60.01105965232581
151.412,0.3130524054791053,53.58434564606454,60.4795388741375
151.512,-0.012659290088684827,53.907526626856786,61.136272499916075
151.612,-0.30276068049615645,54.194646956771095,62.08392824812144
151.712,-0.5017513247284455,54.429457486867975,63.359637773344346
151.812,-0.5755745699671948,54.605049215951546,64.88772202638603
151.912,-0.5253832834542536,54.72699175256915,66.47947856935276
152.012,-0.38656988850528506,54.81287415851126,67.8965956935831
152.112,-0.2150528203880313,54.887423205281934,68.95484146631658
152.212,-0.0688052618810957,54.97413562322036,69.60966859525362
152.312,0.007842731301607841,55.08665179224323,69.97025143717553
152.412,-0.006045777404317221,55.2238239637917,70.23921467276887
152.512,-0.10508071412225206,55.370947259236424,70.62107421271777
152.612,-0.26288339112944215,55.50664069938921,71.24304639309585
152.712,-0.44550425125432724,55.61178220081931,72.11117192573916
152.812,-0.6270690532748802,55.675827072279475,73.11449161359674
152.912,-0.7983933647772474,55.697969940769674,74.08035796105827
153.012,-0.9637723844876973,55.68430911016653,74.85862690515528
153.112,-1.1299426476398438,55.64438174572487,75.38801650297785
153.212,-1.2962636539975065,55.589714136635614,75.70465364777621
153.312,-1.4531029752815385,55.53447806835137,75.8929150395475
153.412,-1.5890242576076545,55.49622736116174,76.01853507685735
153.512,-1.7012491807246803,55.49444463777163,76.091998308453
153.612,-1.8013479798721264,55.54603785065164,76.08619438136773
153.712,-1.9110384991532001,55.65895983595824,75.99326814124291
153.812,-2.050130351603748,55.82683952224274,75.8722642171213
153.912,-2.224849637370383,56.028000923791645,75.83929023616733
154.012,-2.4249392818785864,56.23070888730942,75.99645400358727
154.112,-2.6314614353069885,56.40316564286632,76.34990541370573
154.212,-2.828436237585713,56.523698548501585,76.78196589126182
154.312,-3.0078516869835994,56.58631031153064,77.10740501091588
154.412,-3.163871725981018,56.599769733439636,77.18638955535476
154.512,-3.2831754319976767,56.5821864346944,77.02249439241761
154.612,-3.3436519357325523,56.554645902657576,76.7753102351837
154.712,-3.3277457852503787,56.5364721755547,76.67101513490687
154.812,-3.2433349528583975,56.542632339164236,76.86444199655311
154.912,-3.135203665559885,56.582442795966344,77.33789414845927
155.012,-3.074817722504065,56.65876676446262,77.89516361909362
155.112,-3.1324047526988323,56.767754653672064,78.25165211371608
155.212,-3.3470646200243976,56.89963780781506,78.17218998498542
155.312,-3.708499342128576,57.04050895388251,77.58869003909975
155.412,-4.155333796697434,57.17427800459382,76.64278000199471
155.512,-4.589947804933722,57.28433741628888,75.63411521868015
155.612,-4.9078705945387995,57.35555183495322,74.89934910460529
155.712,-5.034575753654558,57.37739228430257,74.68083049551687
155.812,-4.9542375635502225,57.3478121664462,75.04457883044594
155.912,-4.7141001717714275,57.27591628780875,75.87367193257101
156.012,-4.401232710544534,57.18107294779786,76.92720151853187
156.112,-4.105815122978051,57.08762772710097,77.93692621706316
156.212,-3.891051500520213,57.01710616912872,78.70301748424625
156.312,-3.781782030247591,56.98163450963848,79.14383852772438
156.412,-3.7714263209939745,56.98162573634887,79.27584394605684
156.512,-3.838147896486994,57.00817946898502,79.14961150238851
156.612,-3.9588124811546237,57.04817209771295,78.80003182998063
156.712,-4.113603621588624,57.08911747287739,78.24811173887956
156.812,-4.282065563131475,57.12172598920339,77.5432717649155
156.912,-4.437361773931592,57.139918651878304,76.80405506573302
157.012,-4.5463794153614,57.13954919785022,76.21864690310908
157.112,-4.579408853131973,57.117369445692184,75.99300803863827
157.212,-4.526068382027837,57.07116828703417,76.26642822823482
157.312,-4.406963879165033,57.00114651935991,77.03835661189692
157.412,-4.269974653977677,56.911585817499756,78.15244529541093
157.512,-4.170545602192654,56.81120284528471,79.35291732837848
157.612,-4.148841152488849,56.71121126475868,80.3796345579315
157.712,-4.218379460103968,56.62193802653816,81.04671912688318
157.812,-4.369178815099417,56.55018812720164,81.27815611175221
157.912,-4.57724605961117,56.499072940835354,81.11254605980234
158.012,-4.8119102406122565,56.47021023530592,80.69192013382417
158.112,-5.039490917473223,56.46660315249839,80.23017856084242
158.212,-5.2268662956962615,56.494156773035606,79.9543317316079
158.312,-5.3476131598693755,56.560723523829175,80.03115405343614
158.412,-5.388968285133181,56.67310297595304,80.51038931316631
158.512,-5.355408139998765,56.83376688424963,81.31395845189174
158.612,-5.267383676253793,57.039533035295285,82.27551255553485
158.712,-5.157884817260509,57.283378075188466,83.20400630335793
158.812,-5.068895437437931,57.55840972787464,83.9368644372419
158.912,-5.045566951788594,57.861330915288114,84.36907595552681
159.012,-5.12500723470265,58.192791208043865,84.46780346556578
159.112,-5.321368978281377,58.55369648984806,84.28245356363927
159.212,-5.614531968499577,58.93920674693273,83.94388083797162
159.312,-5.950637365701354,59.33464098237014,83.63882103389929
159.412,-6.258035745355478,59.71743139755603,83.55859353213249
159.512,-6.474201724939974,60.06532248763875,83.84046461128074
159.612,-6.571976866478408,60.36593099381803,84.52468514009897
159.712,-6.572312731638341,60.62119416944103,85.53872759395986
159.812,-6.537601657553843,60.84363514024887,86.71009150405563
159.912,-6.549900902770787,61.04693635796046,87.80785307384832
160.012,-6.684221321068897,61.236894257306396,88.60768810390366
160.112,-6.985916451546444,61.4081026802569,88.95987793938612
160.212,-7.457126885060283,61.547592063347906,88.83340752021144
160.312,-8.055099552858096,61.64258135203303,88.32210893213654
160.412,-8.704403514943024,61.68825276988986,87.61608168296877
160.512,-9.321041125517574,61.69254302718054,86.95284399217886
160.612,-9.83954979592179,61.67637132372652,86.56687387835962
160.712,-10.231902664649162,61.66901354334835,86.64641036469543
160.812,-10.512610566089357,61.699861993489456,87.2904273849771
160.912,-10.730877505528504,61.7891102905154,88.46352973948945
161.012,-10.952520674738516,61.9403508029526,89.97362231966572
161.112,-11.234994456068982,62.13760410753071,91.51138045312156
161.212,-11.601431466910014,62.34784705780103,92.76393565733738
161.312,-12.022383901586466,62.52796181671316,93.55830320535034
161.412,-12.415040516918403,62.6335354229841,93.9472192435878
161.512,-12.667193785579592,62.627159489415504,94.169177649741
161.612,-12.682428625720519,62.485003080231856,94.49641334974011
161.712,-12.425137568484494,62.200922050269284,95.06492057466816
161.812,-11.93681625237442,61.78716697117243,95.79101215781455
161.912,-11.313953625361187,61.27107649816017,96.41682970013562
162.012,-10.665921373081538,60.6884785803215,96.64489863541874
162.112,-10.079126267862613,60.075993268093534,96.27437431925439
162.212,-9.600213662168393,59.46495183902117,95.26452622094814
162.312,-9.23653507573512,58.87873030016605,93.70765462559024
162.412,-8.966770399064409,58.33326239058433,91.75137841298407
162.512,-8.754492227652953,57.838703036872886,89.5350019932139
162.612,-8.558482044132624,57.40015664210955,87.18446454495933
162.712,-8.337545863850792,57.017064885766075,84.85560273735065
162.812,-8.054128248750452,56.68274533160425,82.76585608038964
162.912,-7.682759724106425,56.38612025336636,81.15884011157334
163.012,-7.222174410066515,56.11630767751932,80.2062059450564
163.112,-6.701933292343256,55.86816041166485,79.90859364555948
163.212,-6.176011254415293,55.644944497598225,80.06096657109163
163.312,-5.705476450982225,55.45532128545534,80.30596758566509
163.412,-5.339043390135906,55.305727463493945,80.25309602595156
163.512,-5.098242259911515,55.192965466535945,79.61686729613542
163.612,-4.968809273120975,55.10187536613054,78.32289217970198
163.712,-4.898994258061855,55.00947565293695,76.53899075996878
163.812,-4.808222723381576,54.8929871133122,74.61307625188807
163.912,-4.609076951663468,54.73736191268044,72.94219310095744
164.012,-4.237667291870537,54.53904371818871,71.83198464797515
164.112,-3.6776332507974345,54.30543136768445,71.40428505797206
164.212,-2.962882571313351,54.05152795726182,71.58096532250057
164.312,-2.15765885176031,53.79539654449092,72.14119682756427
164.412,-1.3284262158851945,53.55358318272725,72.82146037193472
164.512,-0.5254983889220028,53.33771319518085,73.40318260091047
164.612,0.21889166314680608,53.15304880332137,73.74012317898149
164.712,0.883459688051218,52.99838337017556,73.73130084200321
164.812,1.4532524641458409,52.866037163335335,73.29588759857816
164.912,1.9221225693761212,52.74206154719515,72.39559005010736
165.012,2.2977830569295463,52.60811842708879,71.09019317130227
165.112,2.602123211745557,52.44567450203534,69.56712197675027
165.212,2.8637938791973596,52.24097468683128,68.09952677402109
165.312,3.10694642720442,51.98836389946531,66.9438382415794
165.412,3.3433930585684806,51.69087010136342,66.23087974509967
165.512,3.5723654202358333,51.35888143872807,65.90253056997636
165.612,3.7861384625014836,51.00829433441773,65.72088356328625
165.712,3.9769200900643895,50.65864494836356,65.35462479714215
165.812,4.141264485522882,50.33079452137748,64.51797245796624
165.912,4.2800521791799895,50.043664352587356,63.09757769523354
166.012,4.394372682737632,49.810168873849136,61.194894371060855
166.112,4.480898386633356,49.63322263276909,59.066385670248536
166.212,4.531732108671321,49.50331605462055,57.013529400839175
166.312,4.540191981236923,49.39964639755747,55.289112732470414
166.412,4.50811055247717,49.29616827451132,54.04857262730172
166.512,4.448320420697378,49.17134403649432,53.33939526248814
166.612,4.380253852593384,49.01730210309182,53.11345453862599
166.712,4.322242081184456,48.84340735932227,53.252197207757206
166.812,4.285655213243295,48.672054552032186,53.59840567395037
166.912,4.273319669652793,48.52898423984903,53.99035279740728
167.012,4.281403300917624,48.433308911538774,54.294468423760364
167.112,4.302753040685786,48.391785728640805,54.43041923797985
167.212,4.330203943397741,48.39871271210005,54.382127870279675
167.312,4.358993957655166,48.43983855408062,54.19141979334262
167.412,4.387518709116478,48.49754929432678,53.935184996983565
167.512,4.416420799158466,48.55513534494805,53.694877504027886
167.612,4.4474030304456775,48.599210334764265,53.536247283705606
167.712,4.482773941756051,48.62063656902404,53.511254594912316
167.812,4.52446699496155,48.61500589117177,53.67068012181589
167.912,4.57087318518397,48.5833391407347,54.06142848878261
168.012,4.612746873417798,48.53257174464606,54.69820321663417
168.112,4.63185828329231,48.474817429869034,55.52861620114132
168.212,4.604571579745688,48.42496231964023,56.42079756019373
168.312,4.5090750343264645,48.397056427027024,57.18703141064134
168.412,4.333436134325652,48.40037637948493,57.636789553665565
168.512,4.082151753197593,48.43613395040353,57.64059871351705
168.612,3.779138502813325,48.49602373223907,57.17951946050418
168.712,3.465043888024944,48.56375273734587,56.356744864612224
168.812,3.1880822698912326,48.61972675583037,55.36482992329614
168.912,2.9905186842070037,48.64738414020936,54.424039693161546
169.012,2.895420820817236,48.638473729280875,53.71656667385723
169.112,2.898619060174987,48.595062101014776,53.3376757875034
169.212,2.969351379427316,48.52800279602394,53.27892598513685
169.312,3.0605121079196422,48.4533445522176,53.45099670704164
169.412,3.125362777625746,48.38846904157567,53.73769326962011
169.512,3.1334524727258,48.34904717059047,54.052879609912196
169.612,3.078111292252899,48.34717244414562,54.36666660999711
169.712,2.9724943306096634,48.39059223037832,54.68823154626996
169.812,2.8377369209582284,48.48277509652139,55.025580519995756
169.912,2.691081909749286,48.62369038324253,55.35767385757313
170.012,2.540823637960969,48.81135834153164,55.63981638201835
170.112,2.3887324502149667,49.04381169934018,55.83376464730539
170.212,2.2345004179688814,49.32022747162382,55.933819775325134
170.312,2.0770248908584037,49.63993174148241,55.96706066325734
170.412,1.9131959733279018,49.99947924573865,55.97390645140118
170.512,1.7384463518688449,50.38983439163295,55.99287638187637
170.612,1.5504524678656324,50.79600386420655,56.061784652688544
170.712,1.3526754311325249,51.200011455818164,56.226108042674056
170.812,1.153882616575487,51.58607092929525,56.53961950759303
170.912,0.9634798672788563,51.94545416974068,57.051976618871464
171.012,0.7864227389940268,52.27852728538386,57.78925046229368
171.112,0.6223411501284204,52.59280580819286,58.73962778498867
171.212,0.47057192512136226,52.89796108128709,59.855648238457434
171.312,0.338027876524734,53.20029737318402,61.075576590075045
171.412,0.2436707921091923,53.49943308425424,62.35310768334067
171.512,0.21400055836286214,53.78859754839335,63.67387091537741
171.612,0.268680986903604,54.05786342922913,65.0397545577807
171.712,0.40296757734281385,54.298307433943,66.42552534097292
171.812,0.5790401346981042,54.505322893124934,67.74348056325782
171.912,0.7346406485462751,54.680182946344885,68.85700335901417
172.012,0.8054967677372105,54.82944381277698,69.64679046361195
172.112,0.7491175871712272,54.96224216945352,70.08577329373719
172.212,0.5591138601519106,55.08656447930051,70.26801541187518
172.312,0.2660019333994228,55.20644198372058,70.36999148048248
172.412,-0.07491077955394587,55.32157382139069,70.56558328978703
172.512,-0.4044944661492451,55.42920930208826,70.9416658665099
172.612,-0.6804606866536673,55.52662388350851,71.46294825947459
172.712,-0.8870240833560459,55.61237200361125,72.00943804336661
172.812,-1.0304549942760488,55.68568315555039,72.46347976319363
172.912,-1.1276817382554682,55.74490773811992,72.78696077652371
173.012,-1.1971666713951379,55.78666388686543,73.0381480273228
173.112,-1.255024074353912,55.80686945859957,73.32639581079617
173.212,-1.3133924940630521,55.80370192113206,73.74528796573836
173.312,-1.3780103204152852,55.781378282592435,74.32787417091535
173.412,-1.4458112338336093,55.75269011797356,75.04351190023111
173.512,-1.5057363563535802,55.73784728579954,75.8300982736641
173.612,-1.5443007072676522,55.75842093175172,76.63678221634417
173.712,-1.5538115867565736,55.82828246547848,77.44613174648333
173.812,-1.5386661545247975,55.94628929284429,78.26246797750194
173.912,-1.5157435319095072,56.0952214002268,79.083180673095
174.012,-1.508902254952595,56.24786052161163,79.87766298072198
174.112,-1.542094288317898,56.376896647178434,80.57798926946936
174.212,-1.6355324585817428,56.463634370386735,81.07370787109393
174.312,-1.8040751267618802,56.50203883645442,81.22217889913779
174.412,-2.0529632250289893,56.497797110436466,80.90131010414055
174.512,-2.369229624962415,56.46451170711574,80.09890362146722
174.612,-2.7150604779291925,56.41972678363609,78.97519898805773
174.712,-3.0334498133743395,56.38229507681421,77.83042423466146
174.812,-3.270175009459898,56.370675585166936,76.98115938678605
174.912,-3.4016443192068166,56.40065761357458,76.62352068778014
175.012,-3.4482932574879825,56.48159359425226,76.76416046803018
175.112,-3.4613742455694663,56.61195259312472,77.24613363449394
175.212,-3.492103972123836,56.77665106324115,77.84230822481726
175.312,-3.564545519140445,56.94899913409999,78.36270581624228
175.412,-3.666943315053558,57.09829123736823,78.72500943146309
175.512,-3.761694229857916,57.20046908071063,78.96330146999301
175.612,-3.805488168379192,57.246547230468366,79.18384517955297
175.712,-3.770167100586086,57.244326842025266,79.49839239393539
175.812,-3.6562916254455615,57.21279556951599,79.96776713235347
175.912,-3.493487102347551,57.17242123083915,80.57874420954376
176.012,-3.3269051074121023,57.1361613681148,81.26180645085114
176.112,-3.196799869441776,57.1053666026004,81.93728034780752
176.212,-3.122383096485194,57.07237557006121,82.55911496000711
176.312,-3.0983120761197327,57.0281604312876,83.12356443639949
176.412,-3.1048090268731485,56.97052530662723,83.63325671992591
176.512,-3.1247375955914336,56.908098762264515,84.0435179343236
176.612,-3.157051925167032,56.85800278232489,84.23670021545523
176.712,-3.218853794254862,56.83860001855649,84.05177971631426
176.812,-3.3356856064882905,56.86081653439328,83.35733462350252
176.912,-3.5256286786709836,56.92169017191871,82.12975199469375
177.012,-3.784775879789116,57.00285288709138,80.49659106302997
177.112,-4.081522672237718,57.075169132292785,78.7192378532788
177.212,-4.3648322236747745,57.10854765046483,77.11630787640325
177.312,-4.584815539287938,57.08325679000783,75.96221705383593
177.412,-4.714943877898499,56.997498834870065,75.40823270474641
177.512,-4.7624814951649626,56.86743390267834,75.45338686196801
177.612,-4.761340516620123,56.72000819612653,75.96469927333953
177.712,-4.752325762712715,56.582819931837456,76.73700515041313
177.812,-4.7611966074010255,56.47603414046556,77.58183457754063
177.912,-4.784814138571583,56.409224230136644,78.41728545298989
178.012,-4.792546248806332,56.38314059394413,79.30779124960598
178.112,-4.743822317126487,56.39429080047043,80.41638081744908
178.212,-4.613780642294152,56.43934075298686,81.88819947341376
178.312,-4.4128287636251144,56.51703999263077,83.73039265170662
178.412,-4.188657275701281,56.627397381949876,85.75211154685671
178.512,-4.009756033142757,56.769824144161326,87.59754356755353
178.612,-3.9399801657660944,56.94240041634337,88.86816927736463
178.712,-4.016993107096134,57.14303007180659,89.2871487571057
178.812,-4.242695988750327,57.37134660875812,88.82222513564665
178.912,-4.586449782723776,57.62956068110812,87.69559580752349
179.012,-4.9973240688905705,57.92130992360457,86.28078735709866
179.112,-5.420185899703654,58.2488143222624,84.95719170914364
179.212,-5.810300413762249,58.609499459044855,83.99913780357312
179.312,-6.141884309144615,58.99392121456526,83.53212456181717
179.412,-6.40876519579389,59.38693000731837,83.54610817099694
179.512,-6.619985888431465,59.772430353879116,83.93431981574524
179.612,-6.795910292037753,60.139141551186285,84.52736401019025
179.712,-6.9665084559655455,60.48306118239455,85.11973129068579
179.812,-7.16657998375463,60.80417689506705,85.51584539405945
179.912,-7.422373869627947,61.099417237571934,85.61184572241211
180.012,-7.733121575883949,61.35721118006643,85.47668977141497
180.112,-8.061017696622976,61.55836865841278,85.36199863860814
180.212,-8.34324175983533,61.683732226463256,85.60598085063005
180.312,-8.525980964196158,61.72455134990552,86.47276293292221
180.412,-8.60182842955934,61.69006161825344,88.00716180856416
180.512,-8.62591359024374,61.60871520879605,89.96637668124605
180.612,-8.700468948150991,61.5226979112935,91.85954014654118
180.712,-8.937727410376375,61.47763328364067,93.10326567524986
180.812,-9.418545658249528,61.51034382801252,93.25922193239609
180.912,-10.159015456157796,61.63791788649591,92.25594202602002
181.012,-11.091778130953905,61.85143036755924,90.46856866978135
181.112,-12.069128159246773,62.116836851685775,88.59312580765334
181.212,-12.896586104978915,62.383129087692986,87.37647641269491
181.312,-13.397902851093647,62.594734949892235,87.34075508194394
181.412,-13.489478783860186,62.7036754273493,88.60801175232844
181.512,-13.219864020556109,62.678186891053834,90.85163039679762
181.612,-12.742789357285986,62.50681702271844,93.37170782554645
181.712,-12.241168750523563,62.198358333747194,95.30104715577119
181.812,-11.852229711676323,61.77810464624667,95.91252613789199
181.912,-11.628639655169884,61.2809249573289,94.90932699844717
182.012,-11.53741540573455,60.74243240036132,92.54104272448708
182.112,-11.482875085783029,60.190775910600514,89.47789145488852
182.212,-11.342250025028918,59.642088482104434,86.52706434943447
182.312,-11.006999269928329,59.10142524072033,84.35350505577486
182.412,-10.420843428360108,58.56846844903594,83.31818649881106
182.512,-9.601143048234412,58.044863170066805,83.44374973607007
182.612,-8.633570222462474,57.53913785681196,84.4613798964612
182.712,-7.64325420297957,57.066349241203795,85.90369528489066
182.812,-6.75718359861893,56.642710469669794,87.23232124718355
182.912,-6.072072909903092,56.27890197129424,87.98317488856861
183.012,-5.633653141062965,55.97673220692742,87.88972182401751
183.112,-5.428129095639228,55.731026453729235,86.93922087737232
183.212,-5.38690234781771,55.53423445378103,85.34045463982693
183.312,-5.406415047897795,55.37921613268688,83.41862009769349
183.412,-5.381029356258701,55.257929225338735,81.48367930230711
183.512,-5.238311494914619,55.15802845916741,79.72792199779083
183.612,-4.9599637595176205,55.06147219602849,78.19242907462531
183.712,-4.576735946729691,54.94743761436205,76.80972305825269
183.812,-4.140994801776586,54.79827012549362,75.49602690385242
183.912,-3.6937526799847262,54.605005976886055,74.24288018587364
184.012,-3.2439499684547854,54.369629774231086,73.15611800517826
184.112,-2.768690110990619,54.10358663453048,72.41874057184259
184.212,-2.2315547054447364,53.823971467559545,72.19933737950872
184.312,-1.6077277942322539,53.549272404026496,72.55624328073343
184.412,-0.9025985957856832,53.29608983438006,73.38180906300757
184.512,-0.155253135628044,53.07725718925053,74.40666882009587
184.612,0.5735494246716115,52.90047345474387,75.26318478596318
184.712,1.2224623612669987,52.766234314011314,75.59329227222415
184.812,1.7504406055240551,52.66544437529717,75.17060498445741
184.912,2.1494804544574677,52.57896683855981,73.99172461484218
185.012,2.44509478252656,52.48105969278195,72.29262257631757
185.112,2.6848923856878457,52.34619324097087,70.47382727841251
185.212,2.919629823348359,52.15652291288797,68.96043719227681
185.312,3.1840633195982804,51.9071096572282,68.05100456366085
185.412,3.485713308415889,51.607351714603475,67.80807356980785
185.512,3.8064753726165392,51.278432718484474,68.02540054558315
185.612,4.115182007804783,50.94744168590422,68.29050020695823
185.712,4.383379790579042,50.63977139047918,68.13811306614599
185.812,4.596401489427485,50.37225411757126,67.24447990882753
185.912,4.7561701961296095,50.14938241127689,65.57018305875397
186.012,4.876346214181844,49.96381045140459,63.37283449538157
186.112,4.972181127812597,49.80067527042705,61.0838075484874
186.212,5.048581718470821,49.643740071821654,59.119970715063985
186.312,5.092154032182464,49.48085861610344,57.727715065394364
186.412,5.073807698667331,49.30714237940698,56.924570192364115
186.512,4.963966770505024,49.12546805147274,56.547885406836514
186.612,4.7544297537406734,48.94465263693102,56.375910130417765
186.712,4.475531093131117,48.776096438653084,56.25911824020257
186.812,4.1972833387757476,48.63025058115819,56.18941695405441
186.912,4.008669807186642,48.5142444870112,56.26497271545783
187.012,3.9807978909596358,48.431170135408884,56.57825653816158
187.112,4.132649721211564,48.38061777332934,57.10775074379799
187.212,4.420223950677496,48.35964151074215,57.684523622335846
187.312,4.754971842213571,48.36341964052953,58.05339536251108
187.412,5.03830169839312,48.385428953358094,57.99414796216536
187.512,5.192922403283024,48.41765710941975,57.43327005462302
187.612,5.180054122356211,48.45157318526482,56.48028266001336
187.712,5.002098569080228,48.47997927367483,55.37145019308778
187.812,4.695255243271724,48.49895821806965,54.36412045226179
187.912,4.316926355824982,48.50873259818951,53.64726174833116
188.012,3.9320159098515646,48.51275156537323,53.30688099384747
188.112,3.601335020825424,48.51532479900923,53.34283992608282
188.212,3.3736046047919714,48.5188918682212,53.70972527868166
188.312,3.2801546359877634,48.5222205839736,54.35333359497123
188.412,3.330277278051021,48.52056454376567,55.224818327774344
188.512,3.507031114212822,48.50804821070539,56.26949110919813
188.612,3.7665539922937725,48.481265577686464,57.402271325927515
188.712,4.0445687128498164,48.44204033883093,58.4880679351709
188.812,4.2702805205846275,48.39761964611253,59.34064492622639
188.912,4.383548899598445,48.358158073255524,59.74939933432833
189.012,4.349773832523276,48.33285019642657,59.54136541829749
189.112,4.168410624175287,48.32656290491822,58.6666947164142
189.212,3.8733405189681633,48.338417458123786,57.26214760835251
189.312,3.5250566788806452,48.36290720523449,55.63993231207158
189.412,3.1954131220450535,48.39312022290821,54.19189788545923
189.512,2.9467695526788944,48.424728625762754,53.25644003928994
189.612,2.8111948331208723,48.458947755905115,53.01497292350237
189.712,2.780161569867076,48.503061134762866,53.45634129584482
189.812,2.8126106638916895,48.56840832782162,54.40666428989297
189.912,2.8569094927095975,48.667216022659034,55.60173183848916
190.012,2.8722616921778155,48.81009809449299,56.776797669037705
190.112,2.8384776162513106,49.004898506507644,57.746922383915916
190.212,2.7538723253481834,49.25592428657749,58.44865147520372
190.312,2.627729588906959,49.56246106061487,58.925344599545696
190.412,2.4734824848279686,49.91705520035582,59.26935029838651
190.512,2.305390880778262,50.305361856290375,59.562259682344134
190.612,2.137666965570766,50.70874802783005,59.848730575387805
190.712,1.982037905294824,51.109020069759005,60.14255303322061
190.812,1.8408532690625137,51.493255694581165,60.43685527978664
190.912,1.69933296239482,51.856465175627484,60.703087135664276
191.012,1.525917481585239,52.20071622788103,60.8934294248068
191.112,1.2858234063129927,52.53121451888129,60.96490570478775
191.212,0.9622609846687524,52.85161482242499,60.91655028077514
191.312,0.5728101613924537,53.16118401657547,60.811165552852614
191.412,0.17044591434930823,53.45510597055028,60.76459334985999
191.512,-0.17312743674688136,53.727196240940465,60.91053501004326
191.612,-0.39467709680440066,53.972880893393196,61.360189320506336
191.712,-0.46416274078463005,54.1905384356499,62.17001678704408
191.812,-0.39568753350600616,54.38111762310376,63.32242905900161
191.912,-0.2414232829543792,54.547558508333374,64.72282063886342
192.012,-0.07337491463513857,54.69512510883729,66.21886805934045
192.112,0.038819301824446484,54.831726935805776,67.64441088421088
192.212,0.047044747969692935,54.96620843227894,68.87515963831937
192.312,-0.0636392902457672,55.104186842042076,69.86666860910108
192.412,-0.273357497369517,55.24397715450775,70.64800950232913
192.512,-0.5361561835447759,55.3762371891539,71.27667456881987
192.612,-0.7961706721556041,55.488589071662155,71.79532610358704
192.712,-1.0052230703989693,55.57253793368174,72.22823514177188
192.812,-1.1357628390985397,55.62813490403214,72.61284218949937
192.912,-1.1861103282298302,55.66360033589458,73.02490536296322
193.012,-1.1783141592358533,55.69065437409689,73.56125809146832
193.112,-1.1501185314209508,55.718634458379206,74.28422658150457
193.212,-1.142324106827303,55.75052646088992,75.16953826367467
193.312,-1.1843071653619432,55.78274524224883,76.10146639864708
193.412,-1.2839502905966782,55.80880198055203,76.92099702576192
193.512,-1.428724065711819,55.82502981645152,77.49008025741487
193.612,-1.598335775140825,55.835075014800424,77.72956658302382
193.712,-1.7806238686133682,55.8503103687885,77.62101941697712
193.812,-1.9795020570982018,55.88558309991479,77.1943637806838
193.912,-2.2090472085399497,55.95211385570388,76.52576825347397
194.012,-2.4767140880030354,56.05084046188976,75.74937727473635
194.112,-2.7662140388588696,56.169691965930724,75.06305795423262
194.212,-3.0330444633527307,56.28677138181467,74.70110960948288
194.312,-3.2194554544805385,56.378609206539835,74.86515694152111
194.412,-3.282373044669214,56.43004600677795,75.63579375877607
194.512,-3.2175134614511407,56.44136512233587,76.90854437720336
194.612,-3.0653653241046754,56.42949380641373,78.39671801595655
194.712,-2.896979494029729,56.42267692006624,79.7204155343907
194.812,-2.7876432810282736,56.45056645740197,80.55822844721705
194.912,-2.789119034307454,56.533212397063984,80.79149051949278
195.012,-2.910157142471455,56.67288499484864,80.55653774819966
195.112,-3.113442153488201,56.85201721568186,80.16694866577195
195.212,-3.332592793531191,57.03854247972478,79.94965607863746
195.312,-3.5028307122514946,57.196697917620206,80.08989408862678
195.412,-3.5886765453311114,57.29862199628265,80.56568560609955
195.512,-3.592816184115577,57.3319775564882,81.19551154950115
195.612,-3.543941424240664,57.30146146996198,81.76066516888135
195.712,-3.475096943141544,57.22510230143962,82.12564029755198
195.812,-3.4069988632206076,57.127763129692134,82.28790141788464
195.912,-3.344173035925458,57.03423786021486,82.34006670149599
196.012,-3.2822516062664704,56.96358582430323,82.3857339908838
196.112,-3.2183677980357217,56.92563039500553,82.47194998108706
196.212,-3.1572040017270027,56.92016367697395,82.57439511720256
196.312,-3.111322325477701,56.938921029837736,82.6237216821224
196.412,-3.0988467305009166,56.96941798943244,82.53709875967795
196.512,-3.140318817418631,56.99895848423344,82.23483823519834
196.612,-3.253549596243225,57.017396467559216,81.65153154978802
196.712,-3.4455143761604248,57.01819806084797,80.75967166727013
196.812,-3.703403255501364,56.99814300627929,79.60615089879953
196.912,-3.989800710544877,56.956513892079904,78.33825772314805
197.012,-4.247844877957178,56.89484022957309,77.18776053865967
197.112,-4.419631393101589,56.81764903433444,76.39984701408774
197.212,-4.4730825769920415,56.733279219348965,76.1309079081006
197.312,-4.421863920776424,56.65298226168535,76.37171707339165
197.412,-4.321331264899264,56.58749062687344,76.95310867437048
197.512,-4.238662867500757,56.54240803513311,77.64671803428182
197.612,-4.215499035515201,56.51519527280648,78.30279255684376
197.712,-4.247478078274369,56.496017566315906,78.92745270159442
197.812,-4.293335625191169,56.472774041013395,79.64262108622366
197.912,-4.306737561910708,56.43835839872739,80.56410907813328
198.012,-4.268893094732043,56.39669538505881,81.6908152118671
198.112,-4.20021945792363,56.36429020543096,82.88035878675267
198.212,-4.146136075695303,56.36599865789909,83.92462128245621
198.312,-4.150176729004961,56.42646068846322,84.67466686606839
198.412,-4.2317086280126475,56.56077904125687,85.13065779228793
198.512,-4.377812501846243,56.7685915697729,85.43603644719343
198.612,-4.550368136461856,57.034309057300206,85.78519107783646
198.712,-4.704426277822442,57.33338007313026,86.31080940741099
198.812,-4.809864789942722,57.641471150719234,87.01679072710492
198.912,-4.86490338182027,57.94230037857977,87.78293692893303
199.012,-4.893021777139495,58.23112169187843,88.43058329550644
199.112,-4.92607469627567,58.513306549703266,88.81534397747467
199.212,-4.986379355623036,58.79954239199815,88.8986185733223
199.312,-5.079854777013921,59.100058066036425,88.75482326728347
199.412,-5.203100880696546,59.41999491947208,88.50824477872916
199.512,-5.357146439564474,59.757175724673274,88.24410788242116
199.612,-5.555394069077238,60.10250982643013,87.96328211701861
199.712,-5.817378592901093,60.442062455846475,87.62047637089991
199.812,-6.1517691619054204,60.7591371889531,87.21627884706298
199.912,-6.541836291637637,61.035791715802524,86.86214882577232
200.012,-6.946003223442261,61.25507804252338,86.75585900038296
200.112,-7.3157067088252745,61.405175699733,87.07956085510104
200.212,-7.619698388110713,61.484082203985196,87.89402941222697
200.312,-7.858389704636764,61.50186478326623,89.0991451913974
200.412,-8.060201867972914,61.479058732218775,90.47700828741117
200.512,-8.266163777284476,61.44266880867588,91.7821300705802
200.612,-8.51459160521484,61.42186694769486,92.82788088977813
200.712,-8.832250991215794,61.443709814951596,93.53620681388576
200.812,-9.231015683163484,61.5279415946382,93.9433637483454
200.912,-9.70623582206855,61.6809167174424,94.1704826595384
201.012,-10.235230710351132,61.89077619122532,94.37143686444324
201.112,-10.778760413613,62.1270949777404,94.66791800643274
201.212,-11.289782331941815,62.346814188236834,95.08638221438413
201.312,-11.72839328165658,62.504855542951,95.52661027878708
201.412,-12.07387826213045,62.565013133183704,95.79353673728889
201.512,-12.324060683873405,62.50680086937941,95.69276544999491
201.612,-12.481589570935142,62.32645238215585,95.14414910709121
201.712,-12.537906466879797,62.03318976930568,94.24566989120169
201.812,-12.468154980807007,61.643689799722495,93.24321500224195
201.912,-12.241687972025424,61.177629774183345,92.4196621975649
202.012,-11.839835073049372,60.65538723062492,91.96835945408904
202.112,-11.267261716654005,60.097007622879204,91.91989816037764
202.212,-10.551424871081267,59.521302462994974,92.1472398202952
202.312,-9.736277841924263,58.945091508373864,92.42647644029181
202.412,-8.87738741249602,58.38327108357902,92.51617151944068
202.512,-8.037764810907035,57.849810392560066,92.23080386512196
202.612,-7.279796265870139,57.35866682973605,91.4939620148894
202.712,-6.652753993888474,56.922999349591564,90.35683942262855
202.812,-6.180635443908912,56.55192085264521,88.97302967111128
202.912,-5.856009565939949,56.24629471860538,87.53857142084419
203.012,-5.642787990220391,55.9967956855179,86.22391795039742
203.112,-5.487309222381427,55.78661110475522,85.12632752835144
203.212,-5.334259622046069,55.59794319003994,84.25586944741546
203.312,-5.141553169346608,55.41831304042417,83.55129783808448
203.412,-4.8877188750430705,55.242544218761196,82.91678512853065
203.512,-4.569394441144112,55.06984495769489,82.26973017944287
203.612,-4.193284766136955,54.89931438915487,81.5807788499072
203.712,-3.7697251114122707,54.727597669190295,80.88001768053621
203.812,-3.311177076147324,54.54958740684144,80.2198661773183
203.912,-2.833148464245589,54.36060451622163,79.61921922414062
204.012,-2.352840317389706,54.15839101938859,79.03089946972611
204.112,-1.8837593843118938,53.944229765954866,78.35735283813734
204.212,-1.4294964737098255,53.72297294581954,77.50457701937391
204.312,-0.982046422679538,53.50199145855744,76.43950626634798
204.412,-0.5269701764763184,53.28958645718955,75.21674292125147
204.512,-0.05195298148440486,53.09347534537362,73.96278574603768
204.612,0.44722334725030777,52.91921607046091,72.83017983471373
204.712,0.9656915255015264,52.768177824340576,71.94186165334803
204.812,1.4904416684740625,52.635703548439075,71.33952572586131
204.912,1.9996214895313642,52.51096050982065,70.94723387990581
205.012,2.461645818986412,52.37907931345528,70.57019753046265
205.112,2.8394166047327047,52.22454525730257,69.95059780510269
205.212,3.102081530736484,52.034563290990654,68.87599910536552
205.312,3.2399524167283644,51.802193572715275,67.2920117071982
205.412,3.2744792177917077,51.529297362815576,65.35107145105468
205.512,3.2570691095068653,51.228020243978165,63.362202660767466
205.612,3.2555631666614744,50.91872642933597,61.6701762425928
205.712,3.3327975894553816,50.623862332388406,60.531607904699285
205.812,3.5260368127987434,50.36015386857297,60.04339878169158
205.912,3.836341500731116,50.133119667075434,60.140414406422465
206.012,4.231599203906661,49.93664457411337,60.647485541036914
206.112,4.659417508224152,49.757291135043324,61.35302256019422
206.212,5.062547402924572,49.58051848767519,62.06779475087035
206.312,5.391810773456221,49.3957999526,62.6487956419888
206.412,5.61514383289348,49.19944096333296,62.99666466557028
206.512,5.722319340058867,48.995571311652576,63.05025281221175
206.612,5.724511493503588,48.79569396018084,62.79119757272473
206.712,5.648758299275045,48.616152918411004,62.25145279586967
206.812,5.529312923736917,48.473128068106554,61.510455685030735
206.912,5.399265309246747,48.37668860278486,60.67956299543707
207.012,5.28543884179323,48.326887339957906,59.884096572136016
207.112,5.2069300340130695,48.31402553951232,59.25082218808407
207.212,5.174473257033327,48.32282517924078,58.89234539148541
207.312,5.187458870516771,48.33829270305447,58.873085871138386
207.412,5.2289613939247594,48.35053889904186,59.16133387621504
207.512,5.263553453973671,48.35662523947616,59.60141108280261
207.612,5.24372926380515,48.359118933953596,59.94452120194401
207.712,5.126352150754311,48.36262193600751,59.94350919804822
207.812,4.893011295627648,48.37024579311426,59.467790820410684
207.912,4.563394144200707,48.38163379880472,58.5708607677287
208.012,4.192961395923938,48.39313488844121,57.469443701243975
208.112,3.85422081333504,48.39969509015408,56.4505997474798
208.212,3.610009345631738,48.39738473122125,55.76120456784558
208.312,3.491925889943907,48.38538364284806,55.52868056097273
208.412,3.493666955569971,48.36658167042169,55.733111930706656
208.512,3.5795811114047993,48.346542196139865,56.2282296815479
208.612,3.700951484089117,48.33129935596559,56.798065613650365
208.712,3.8115735669776356,48.32504413918992,57.22830654558288
208.812,3.878035932034763,48.32876424453022,57.367350683620785
208.912,3.883874794644214,48.34025128621136,57.15996966600771
209.012,3.828400208836932,48.355143422884076,56.65097758311002
209.112,3.721700786584961,48.36841750204903,55.96512587616185
209.212,3.5783935100970226,48.37594939259262,55.27189444572028
209.312,3.4131194765530353,48.37602581992472,54.744144110534435
209.412,3.2392453992368857,48.3707025170621,54.51786846938771
209.512,3.0696219009600227,48.3666003641414,54.65841885981874
209.612,2.917038847866735,48.37441100460593,55.140959498284175
209.712,2.793337349726592,48.406589733761166,55.8575852833541
209.812,2.7079839362870004,48.47375221856137,56.658853017327004
209.912,2.666510825204419,48.58163994489987,57.41620654100227
210.012,2.6675112733064594,48.730815013399216,58.06896721548695
210.112,2.697483981093143,48.919562630186284,58.62170718078406
210.212,2.726280472246536,49.14788056651074,59.09047937549731
210.312,2.7084339616921653,49.4193664996114,59.43602057864885
210.412,2.593811278911211,49.739362486829464,59.538807076671716
210.512,2.3457153432252014,50.11034080491593,59.249584237501054
210.612,1.9597985910816789,50.527185939849176,58.49761268307947
210.712,1.4755174322979983,50.975232999837296,57.38959972713229
210.812,0.9729347929010004,51.43274526988768,56.2267165114005
210.912,0.5513199173488985,51.87695111407512,55.41832852887951
211.012,0.29392974937143634,52.29025288069735,55.33824533750435
211.112,0.23404224966719056,52.66321719366332,56.193792305866936
211.212,0.341174322505033,52.99362699950099,57.95148745927976
211.312,0.5350506604030087,53.28361745009004,60.330779771069814
211.412,0.7167988607946967,53.53754234298504,62.86923400415637
211.512,0.8003257027183182,53.761643618042584,65.0589701490623
211.612,0.7350463980322033,53.96428469930347,66.5260625237299
211.712,0.5200740967000215,54.15471375870293,67.18149662148436
211.812,0.2094317346590202,54.3401130793048,67.26075892648575
211.912,-0.09818172399155145,54.52306791157329,67.22133557683622
212.012,-0.2914024038801415,54.70158575163721,67.55030020217771
212.112,-0.29300723662373684,54.87140632507545,68.57638029916876
212.212,-0.09753324031780153,55.02846037837037,70.35679610422041
212.312,0.2241016269889755,55.1698278591153,72.66157836105768
212.412,0.5549395520348028,55.2932826210773,75.05056338245812
212.512,0.7774326882454119,55.39663302215986,77.02362276565272
212.612,0.8113226498135546,55.47801498891349,78.198799898193
212.712,0.6326668338080523,55.53727271929695,78.44811501068764
212.812,0.2738140105247311,55.57730165243868,77.9309564574009
212.912,-0.19132042472991628,55.604013796644836,77.01412764401171
213.012,-0.6711384203779005,55.6247393548732,76.12394068238441
213.112,-1.0816891085427258,55.646134496975236,75.60472758506027
213.212,-1.3644087751504443,55.67289640956931,75.64284641463836
213.312,-1.491993245812246,55.707842029157604,76.26655183945773
213.412,-1.4664346151908987,55.75279946366899,77.38747736991475
213.512,-1.3157413459160452,55.80914526842726,78.84180265163229
213.612,-1.0907619391289245,55.87733632123298,80.41526197500919
213.712,-0.8587022555299768,55.9558506025629,81.86499069731877
213.812,-0.6907310356403187,56.04041026609682,82.95684311634862
213.912,-0.6455614340357343,56.12414194214622,83.51822198686101
214.012,-0.7546595135225971,56.199030923891534,83.48347673530814
214.112,-1.015076350154672,56.258553455501,82.90377445612542
214.212,-1.3926690571761284,56.3003799275179,81.91333801966663
214.312,-1.8332991000813053,56.32720475990893,80.67570609203695
214.412,-2.2756026755140937,56.344521998591254,79.34884780856204
214.512,-2.6600111882111506,56.35674312840488,78.08671273271021
214.612,-2.9349497385502943,56.36513150638772,77.0547920852566
214.712,-3.065578749470255,56.36991188935644,76.42149247927823
214.812,-3.0464969817062197,56.375149922642365,76.31173962338927
214.912,-2.9112133088301775,56.39212028076706,76.7458385947798
215.012,-2.7283834864309497,56.43742957723459,77.60296362590775
215.112,-2.582205045350939,56.5256428366975,78.63900819339608
215.212,-2.544941840267512,56.66027479832263,79.56134202802203
215.312,-2.653812950278585,56.828943009831995,80.1295868699491
215.412,-2.9014332919014123,57.00636953489533,80.23109314408029
215.512,-3.243213218244506,57.16389223745352,79.89218122658092
215.612,-3.6181479541708086,57.28001809634814,79.22893915136231
215.712,-3.972011689709504,57.346412866902796,78.38155484996236
215.812,-4.2700772082821885,57.367296128319516,77.4779806259278
215.912,-4.494926527445735,57.354384873823236,76.63672614748776
216.012,-4.636700369606139,57.32114889835426,75.98230915526487
216.112,-4.6862681980917245,57.278776669734164,75.64332418344516
216.212,-4.63559109792196,57.23420080288717,75.72652506796831
216.312,-4.483185185810221,57.189881033755235,76.28022165493462
216.412,-4.240678988501394,57.145384842839384,77.26366509703635
216.512,-3.9362846732746775,57.10044450205805,78.53774417859424
216.612,-3.611643835283374,57.05785901746395,79.89021403246566
216.712,-3.312081519716962,57.02393447186542,81.09553854226121
216.812,-3.0749351476318125,57.005346658196615,81.98788661843918
216.912,-2.9217015565174123,57.00381210198017,82.51398761070355
217.012,-2.856780722509555,57.012009592136906,82.74014372750698
217.112,-2.8716862949030357,57.0141453019571,82.80993663572961
217.212,-2.951117629165317,56.99202946104546,82.87494372331288
217.312,-3.0771037805693027,56.933886917546964,83.03500730911941
217.412,-3.2295354412563455,56.840746162467106,83.31634986518887
217.512,-3.384755226058637,56.72619562019823,83.6901641858386
217.612,-3.516367509203647,56.60957737196,84.10867839471041
217.712,-3.601762347142433,56.5073169844016,84.52685088399205
217.812,-3.6332115225601314,56.42809409465939,84.89351801271938
217.912,-3.6263371968546494,56.37410535623236,85.12888874524762
218.012,-3.617182538952953,56.3460855415486,85.12994286047334
218.112,-3.646026251899883,56.34779385115218,84.82980900876413
218.212,-3.7366318640362977,56.38704216303715,84.28057433279426
218.312,-3.8837415877939705,56.47313281826503,83.68420051939259
218.412,-4.056274415893,56.612725763450925,83.32220207390601
218.512,-4.2145341168871155,56.80679502460333,83.41589024764023
218.612,-4.331869417546933,57.05043487645463,84.00825817886383
218.712,-4.40736617162041,57.335284227041,84.94909908770207
218.812,-4.460726786301244,57.65255268496521,85.9990243528597
218.912,-4.513639546178375,57.994549716711674,86.98464448631111
219.012,-4.572854033105614,58.35409159260328,87.89220817579867
219.112,-4.628178688055058,58.72261002231955,88.82922889299195
219.212,-4.666022806320001,59.08844074288152,89.88757715182533
219.312,-4.687132407463295,59.436899870022884,91.01391700078477
219.412,-4.714901216941605,59.75316858850248,91.98037415471818
219.512,-4.788428490301719,60.027343051644294,92.47956215990692
219.612,-4.944856318812057,60.25906777602342,92.2933692095427
219.712,-5.201065837702323,60.458585096126356,91.43666047302673
219.812,-5.54404387946925,60.64265017294375,90.18573241205128
219.912,-5.934495512834744,60.82667546466191,88.97476244250998
220.012,-6.321980019094013,61.016725767638746,88.22838319903185
220.112,-6.664419421843135,61.20534487349069,88.22239720873253
220.212,-6.943410665094554,61.3737676802672,89.01969116407379
220.312,-7.170231709205233,61.50034673117228,90.47312084029451
220.412,-7.382278669987386,61.57174432028678,92.27081929961169
220.512,-7.6322134848547805,61.5914605841062,94.01448083752669
220.612,-7.972478307988617,61.5813529992947,95.32777622024716
220.712,-8.438022355224177,61.57533025885155,95.97227770713769
220.812,-9.03099910737236,61.60791814321496,95.92584471913756
220.912,-9.712755718910934,61.70219647679104,95.38379581706747
221.012,-10.409256746564054,61.86151489623895,94.67711271675633
221.112,-11.032636880850234,62.067718638946126,94.14199066870906
221.212,-11.512295326418055,62.28584536673051,93.99690681976632
221.312,-11.820027180644992,62.472655620228366,94.27378599977337
221.412,-11.974847438164474,62.5855315114365,94.81980451151271
221.512,-12.025158811762061,62.58949219807511,95.36210846648729
221.612,-12.018639427798298,62.461831875164265,95.61685655225068
221.712,-11.97510845040987,62.19466171806994,95.41037411717134
221.812,-11.874980271391742,61.79541869701046,94.76134169347529
221.912,-11.66949768509479,61.28519144039634,93.87560687743803
222.012,-11.309984754570465,60.69507521563297,93.0457606756897
222.112,-10.782415732830408,60.06135501985819,92.50222490041305
222.212,-10.12661718399928,59.42058289040213,92.2927628332282
222.312,-9.426318099185295,58.80538928441136,92.25415621829028
222.412,-8.775936541258687,58.241306966923894,92.09135871906398
222.512,-8.244729134066418,57.74447511504542,91.52287795981832
222.612,-7.855671531902651,57.32027751995502,90.41812419417661
222.712,-7.583190622201414,56.963487739092116,88.86028672700749
222.812,-7.365741530284097,56.660634941954946,87.10873222804273
222.912,-7.12883030006504,56.394665378202376,85.48430771596665
223.012,-6.8125684140853835,56.15069685191785,84.23744485259711
223.112,-6.392160683019775,55.92056856765447,83.46517262595054
223.212,-5.880256122740086,55.70403323172361,83.11121155071154
223.312,-5.312308882300812,55.505869403624445,83.03177459932174
223.412,-4.7273450945040025,55.33007488098256,83.07579764437095
223.512,-4.1555521113431695,55.17403867422599,83.13321845404104
223.612,-3.616123984608784,55.02632510903316,83.13684398648952
223.712,-3.1220911748755213,54.87008851131924,83.03561894448761
223.812,-2.685278188640467,54.690448461714425,82.77091486595513
223.912,-2.3152242126862816,54.48124505103547,82.27836517242989
224.012,-2.011584348345508,54.24712642321426,81.51592303406102
224.112,-1.755569147996404,54.000334449997744,80.50127032633348
224.212,-1.5071515932550668,53.75479103833655,79.3356450032196
224.312,-1.212132034944645,53.52100769633084,78.19353344940993
224.412,-0.8194182763416364,53.30413078767379,77.26984534680902
224.512,-0.30330425325678334,53.10515596395445,76.69904813395928
224.612,0.320397418096924,52.92327037314434,76.48013869776779
224.712,0.9950341006702033,52.757036277709865,76.44275040849415
224.812,1.6419225642304127,52.60395385317144,76.27832582738148
224.912,2.1880796594104126,52.45964661227363,75.64241516841429
225.012,2.590378347044897,52.31766420171925,74.30088227919347
225.112,2.84774607808248,52.16972460394654,72.25225526560742
225.212,2.999203855407451,52.006136571723985,69.75318236217018
225.312,3.1097632288613113,51.81705597734451,67.22718533227368
225.412,3.248708547574253,51.59523781289337,65.10822099918592
225.512,3.4672412407078212,51.33940086023858,63.6987297749632
225.612,3.7832660128955595,51.056069660631856,63.093101252975686
225.712,4.177761367435096,50.758503114462094,63.17169068020789
225.812,4.602171993901557,50.46320300480648,63.64958946117099
225.912,4.993724366628431,50.18567252033082,64.16838252354587
226.012,5.294725605700513,49.93706144683832,64.41693536995858
226.112,5.470496367406707,49.722504571175946,64.2436724014076
226.212,5.519708572812725,49.54089456475437,63.704714090634894
226.312,5.472415608068051,49.38547428878166,63.01577691030057
226.412,5.375444861715945,49.24533285861221,62.433019544445514
226.512,5.271409209921071,49.108401814631904,62.129818692976116
226.612,5.182331743677686,48.965689209235,62.12903904980662
226.712,5.106072030825683,48.815060399097426,62.30871501220497
226.812,5.024949136197844,48.66258166199128,62.461076410976176
226.912,4.919855849619331,48.52060160085373,62.37133499801182
227.012,4.783358643048992,48.40330120871776,61.888766556189964
227.112,4.627365921774981,48.32160526261804,60.973468547857294
227.212,4.481968452803066,48.27974518988283,59.708839548539814
227.312,4.3841881007382995,48.27488648526087,58.27550428068743
227.412,4.3602574923278254,48.29934411436229,56.89381302195571
227.512,4.409897569427152,48.343528924501136,55.755539107857714
227.612,4.501492750876814,48.39799093251209,54.97043844215547
227.712,4.582154088256935,48.454110002715616,54.54799567188057
227.812,4.59944731927046,48.50387380205985,54.42325105248453
227.912,4.5256036585167365,48.53950843135129,54.51635185780074
228.012,4.372644349627137,48.55385454191453,54.79121462538362
228.112,4.189538240629524,48.54204878159898,55.27192777600297
228.212,4.040739973135743,48.5038925045532,56.00397615746883
228.312,3.976300877057362,48.445207789542934,56.988336546350226
228.412,4.009394011139335,48.37690952116172,58.13050086288402
228.512,4.111708950096769,48.312108652807055,59.23017052653586
228.612,4.225661199130414,48.262602357983425,60.01750203824216
228.712,4.284987169154363,48.23596693695389,60.23015698585978
228.812,4.235559525785263,48.233919918895126,59.71225116504584
228.912,4.051864709845319,48.252276996619614,58.498072791706576
229.012,3.7467658063843956,48.282604075054586,56.835412592550625
229.112,3.372144758783797,48.31528057699856,55.12498819538996
229.212,3.007760924143085,48.34310716700524,53.79862433516345
229.312,2.7374429286491377,48.36415165865844,53.190503540827976
229.412,2.6175811996871943,48.382677127105026,53.44492720166896
229.512,2.6519376521184768,48.407717580739906,54.47592876464695
229.612,2.7899770002553126,48.4497777243133,55.986846766294875
229.712,2.9530490438030768,48.51705615307505,57.560299213026894
229.812,3.071706320472657,48.6132773206456,58.80224496201171
229.912,3.1102032064491283,48.73879431836955,59.47678841993593
230.012,3.067198388815129,48.894492289354545,59.56056921516226
230.112,2.959475818669553,49.08543309698003,59.19938349702369
230.212,2.803491366156713,49.320717111761546,58.61232130169489
230.312,2.6061876643222917,49.60872152221054,58.00443211434117
230.412,2.3677567716553085,49.95054015988762,57.52060088105668
230.512,2.0913552214413897,50.335911216356834,57.23863147205701
230.612,1.7917993048899916,50.74428636020774,57.18266217266083
230.712,1.4970215559301536,51.150693575398606,57.339277734704524
230.812,1.2410433042178326,51.53368345654527,57.67107623150156
230.912,1.0529880527053308,51.88180975199153,58.13561979761418
231.012,0.948859121154328,52.19594690538926,58.71508651056966
231.112,0.929115673305347,52.48685800995502,59.441141168464725
231.212,0.9799726622776461,52.769499397998445,60.38735022487475
231.312,1.0756393896419496,53.0564173399386,61.621148929168655
231.412,1.181557251193297,53.35239636016656,63.14227716613962
231.512,1.260304867822839,53.65196940923123,64.84982908218024
231.612,1.2804408780361314,53.94064208132054,66.56443050133743
231.712,1.2261225082366138,54.199663133345055,68.10005175749649
231.812,1.1040899868527632,54.41306878737053,69.35084606067204
231.912,0.9445307147506554,54.574655030262676,70.34589670580856
232.012,0.7926200228169265,54.69185990295816,71.2357561276743
232.112,0.6901622136485486,54.784161741585116,72.20803142290045
232.212,0.6539882039888099,54.87587059009214,73.37147161704704
232.312,0.6643801771682973,54.98606865358341,74.67398406230606
232.412,0.6730051981537386,55.120334056639194,75.90844757918158
232.512,0.6263040235014614,55.268596581173334,76.81063992390234
232.612,0.4901313813005217,55.41063511284934,77.19347975319631
232.712,0.2630269293671219,55.52644625268678,77.03780438984244
232.812,-0.025688170334206006,55.605781944254495,76.49793972470232
232.912,-0.3284968476520831,55.651855471866604,75.84394614779869
233.012,-0.5951681644487721,55.677971533261505,75.38648422837515
233.112,-0.7858782869276197,55.699846332638074,75.40493588063742
233.212,-0.8806065004915951,55.72820007406244,76.07646563631405
233.312,-0.8838198596955991,55.765315889532744,77.41409525347667
233.412,-0.8226467403943829,55.80669221379627,79.24054769456863
233.512,-0.7389997488608202,55.846045300111825,81.22120658032884
233.612,-0.679286660084145,55.88011227734216,82.95498751568512
233.712,-0.6852298003072264,55.91020959068554,84.09381764606272
233.812,-0.7863927378229434,55.94023579632479,84.44666619834949
233.912,-0.9929582704179367,55.97356617452476,84.0313650466564
234.012,-1.2888188434849468,56.01147688207288,83.05998356150954
234.112,-1.6293380421032069,56.05339525558621,81.86594084128963
234.212,-1.950265735990719,56.09740010612219,80.79588934455049
234.312,-2.1891782169110527,56.14017687180655,80.0985808121816
234.412,-2.310505922659054,56.177559073999966,79.84732587179762
234.512,-2.319735149259813,56.207016404301456,79.92696676465239
234.612,-2.2589453875127177,56.2315122712438,80.09452358949397
234.712,-2.188520226139019,56.262050484633704,80.08994461336968
234.812,-2.16632542619449,56.31600420023466,79.74854685393251
234.912,-2.232258655017148,56.410337754268205,79.0675137057406
235.012,-2.3993775671967157,56.55199619806821,78.20453772623875
235.112,-2.6498432687653377,56.73040817643637,77.41838141770907
235.212,-2.936380805556155,56.917331521478005,76.97937808709216
235.312,-3.193491191426304,57.07590361824016,77.07998077794115
235.412,-3.359687716660517,57.17515257498246,77.77195889954133
235.512,-3.4016469127308895,57.202438849471655,78.95242301379588
235.612,-3.3254056499172577,57.1674193700303,80.40671516452682
235.712,-3.1687720257332685,57.09621001528856,81.88771170914308
235.812,-2.983589068740933,57.01964494831263,83.18772611924817
235.912,-2.8204085962750725,56.96175394905437,84.16772491842472
236.012,-2.721007221729593,56.933343385418944,84.74361266900924
236.112,-2.716436726859783,56.93232754379797,84.85755932705815
236.212,-2.82568532136753,56.949053296210714,84.46537627376209
236.312,-3.0514519437218794,56.97289400769416,83.55621594920055
236.412,-3.373017053857481,56.9966821698984,82.19813624956949
236.512,-3.74080429622132,57.01747237912724,80.57808660054044
236.612,-4.080558935975702,57.03427564755691,78.993823417726
236.712,-4.31256984664045,57.04486983427163,77.77852199131567
236.812,-4.381250231889645,57.04407367168263,77.18710566545377
236.912,-4.279320515802837,57.024701673121825,77.3046647785281
237.012,-4.050459116187696,56.98049131517247,78.0260638347765
237.112,-3.7678943738975974,56.90914839228134,79.1164234450702
237.212,-3.502534613311589,56.81404626719157,80.31920194405859
237.312,-3.2988494190870625,56.70412922336034,81.4519194896104
237.412,-3.1681536384700664,56.592042066201635,82.44103499752455
237.512,-3.0969787727601528,56.49072244189453,83.29498837622927
237.612,-3.0620482941163374,56.40949712248533,84.05528536071397
237.712,-3.0438441368793505,56.351599354933384,84.76495316919707
237.812,-3.0336189018639317,56.31467363548179,85.46419287492454
237.912,-3.0319496258892187,56.294191234446906,86.19699320014286
238.012,-3.041104526451406,56.28801631008906,87.00771621038143
238.112,-3.057203300242172,56.29973123572728,87.92185518358268
238.212,-3.068251734838178,56.3389559403595,88.9240491068007
238.312,-3.0600766170800355,56.41838490203713,89.95056670037076
238.412,-3.02705991830873,56.548952455501656,90.90144030823126
238.512,-2.981709267577507,56.735606647511986,91.66491025345195
238.612,-2.9573573444124435,56.975874506923475,92.14531367674337
238.712,-3.000737799011283,57.26163935832007,92.28988778216662
238.812,-3.154975228437408,57.58246324184278,92.1106968001016
238.912,-3.438121963524914,57.92806680471969,91.69554882846666
239.012,-3.82647988088317,58.28867454051008,91.2011290257685
239.112,-4.2528955905542745,58.65372281599787,90.8235266875031
239.212,-4.625530710678703,59.01072110029596,90.74691439811185
239.312,-4.862822731072747,59.346223933022,91.08036806217243
239.412,-4.930209663743831,59.64954240758889,91.80065775296936
239.512,-4.860488542136601,59.91747192295015,92.7236262931395
239.612,-4.746511072093426,60.15664094927364,93.53034831094494
239.712,-4.7089508636873845,60.38076976521257,93.866270873509
239.812,-4.853262173085916,60.60319554724765,93.49507935751225
239.912,-5.231933581247844,60.82852147334114,92.43621999903667
240.012,-5.823893475365203,61.048478468240646,90.99798046509433
240.112,-6.538602951428864,61.24472306993104,89.67309618486816
240.212,-7.247305279242013,61.39689733369416,88.95056371484223
240.312,-7.833049746511648,61.49133931222879,89.13745446961752
240.412,-8.236957345785882,61.526558904452244,90.2600859803789
240.512,-8.47506669637849,61.514589440257176,92.07171728655796
240.612,-8.61790589770338,61.47926280347584,94.1596122576874
240.712,-8.750336900840225,61.45208009252092,96.10348169001085
240.812,-8.93817454065212,61.465485659934956,97.60421156018562
240.912,-9.21564682983631,61.54389837049151,98.52407747880679
241.012,-9.589728169381267,61.694581447429115,98.8518991583728
241.112,-10.04848532725864,61.901844453284404,98.65562565973158
241.212,-10.563667676433951,62.1278509049363,98.06501201560748
241.312,-11.087534296921888,62.32098493608525,97.27190316507243
241.412,-11.552551976443134,62.42926286904048,96.50677148988889
241.512,-11.883704679968822,62.413835700605865,95.97057855503375
241.612,-12.024273660004944,62.25778785670367,95.74394703027254
241.712,-11.961945334373844,61.967783456672414,95.72337291393316
241.812,-11.736222763143516,61.569099270557416,95.63199211542644
241.912,-11.419609083907751,61.09675253598361,95.12214347001537
242.012,-11.083810316488353,60.58588617830896,93.93654389478107
242.112,-10.769891773799117,60.06377595204969,92.04983517949327
242.212,-10.475121038695626,59.545228814285664,89.7102450540173
242.312,-10.15975551072303,59.032908235595336,87.35446559705123
242.412,-9.77001878293347,58.522845510562654,85.44346878886556
242.512,-9.267039335023775,58.01278927385001,84.3065195935613
242.612,-8.646870991300766,57.508944221629505,84.05833173235824
242.712,-7.9411844568239545,57.027117157218484,84.59940572612553
242.812,-7.202314525306683,56.58761824596889,85.66930338112348
242.912,-6.48631322604912,56.207290846956695,86.91505500913186
243.012,-5.842961721196602,55.89359873121864,87.95503751777719
243.112,-5.310862786159092,55.64364584286303,88.44387925802074
243.212,-4.912446588291225,55.44730523801972,88.14774592971301
243.312,-4.648330290578507,55.29135491226877,87.01328534170538
243.412,-4.49437024798474,55.16217203893705,85.19210509655449
243.512,-4.403892867022691,55.04681478165582,82.99966374351243
243.612,-4.315028801788479,54.933574138905406,80.82544539538479
243.712,-4.162300285117901,54.81246802261252,79.02919418935912
243.812,-3.8917199881114897,54.675283713393426,77.85004291081994
243.912,-3.476405269594906,54.51512367765867,77.34659984751853
244.012,-2.925727836495888,54.326423381921536,77.38603320806612
244.112,-2.2811421361233073,54.10645537340824,77.69585571475073
244.212,-1.5991626129920888,53.85789722304979,77.97184177973375
244.312,-0.9305519452036322,53.59052514577196,78.00160064647818
244.412,-0.30632566652015214,53.3201843332848,77.73924384666311
244.512,0.26482175843872824,53.0648444972711,77.28625767608106
244.612,0.7902205381605611,52.83927649948041,76.79440935972775
244.712,1.2836605903889762,52.65060534325288,76.35565736082548
244.812,1.7569317949346512,52.496651272472896,75.94179098234301
244.912,2.2143679425462253,52.367645268466376,75.41798246738058
245.012,2.650983912292425,52.24996062477965,74.61494937790619
245.112,3.0543705515868496,52.129375299617536,73.42106086512113
245.212,3.40944044885795,51.99238704206879,71.8498971781526
245.312,3.7036571354153622,51.826370289474596,70.0502967043679
245.412,3.930550686534559,51.620428697150636,68.2536124018311
245.512,4.09136051673012,51.367676101531146,66.68568421256889
245.612,4.195933078744709,51.06804367558764,65.48845939622008
245.712,4.262993950420437,50.73031762932411,64.68640231073496
245.812,4.318401688363188,50.372634464703175,64.20445344419562
245.912,4.389911974357609,50.02102999431101,63.91645112810485
246.012,4.4984445511136,49.70570066103126,63.69244608408776
246.112,4.648652622395694,49.45481474735573,63.42655696701675
246.212,4.824283464505221,49.28657333839057,63.050184248402246
246.312,4.992917599760947,49.201938257859,62.543590087167246
246.412,5.119293687059187,49.18169569831203,61.94555886530861
246.512,5.1806790356572705,49.190487948166584,61.34629949968566
246.612,5.176156165870001,49.18729398878142,60.85416579965408
246.712,5.1252920387777365,49.13867207331953,60.54949821435304
246.812,5.058151264402227,49.029698044863636,60.454485281046246
246.912,5.003321695889909,48.868344594045745,60.53679281788203
247.012,4.9796167279558645,48.681526956355334,60.73606054011357
247.112,4.9923264467704165,48.50439959047218,60.98580201751797
247.212,5.032360792344292,48.36750465854193,61.215228080035246
247.312,5.078337885054829,48.28725136675858,61.34147107024694
247.412,5.1034402193754325,48.263067013251714,61.27579811771318
247.512,5.086788344039938,48.280920152511854,60.956223137961715
247.612,5.024500948714792,48.32032999270824,60.39254264932924
247.712,4.933198455462609,48.3615428579352,59.68970369881785
247.812,4.8417775040531055,48.39057050710174,59.023432811772324
247.912,4.775026063517025,48.40114155851513,58.576710581559865
248.012,4.739476574265758,48.393783068057786,58.473543657956455
248.112,4.720816585342519,48.373134007827325,58.7405407005532
248.212,4.693144183903485,48.3450289605715,59.30135486942174
248.312,4.63237213229641,48.314625009979245,59.99470400810711
248.412,4.52621435789338,48.28598484339383,60.609628093285636
248.512,4.378193446544465,48.26259427350523,60.93570672383588
248.612,4.206161435463038,48.24779507817304,60.82050155771556
248.712,4.0360777803503325,48.244302427702465,60.218501212721634
248.812,3.8927147356406024,48.25278339407827,59.215753077658974
248.912,3.7910728621946603,48.27044699973972,58.02074536317265
249.012,3.7324956223172663,48.291044885033,56.918719592704804
249.112,3.7064262744740972,48.307140926176785,56.19457057613194
249.212,3.695303944539262,48.314122021219255,56.04212567108959
249.312,3.67978207065579,48.313954710254464,56.490809949401466
249.412,3.6436251153527905,48.31621413829294,57.38453921985251
249.512,3.57832253603776,48.33511129026169,58.43336249639266
249.612,3.485719455606194,48.38364822747137,59.3247596366661
249.712,3.3764394733415912,48.468087820512665,59.84414978093932
249.812,3.2644539244705797,48.58616557610222,59.94428408024923
249.912,3.1609273842905097,48.73052125005768,59.73568773751417
250.012,3.070375824871924,48.895550827636654,59.417774928560405
250.112,2.98991796403687,49.0832207030163,59.193387572944204
250.212,2.9107616496046944,49.30357074083577,59.20181468989999
250.312,2.8210981906329877,49.56910008424926,59.48646040682223
250.412,2.709909899073324,49.88647381369881,59.997471103076535
250.512,2.5707622601767497,50.25067105157581,60.62027118234792
250.612,2.4041027346267256,50.64485847303882,61.21870301870197
250.712,2.2168819227462677,51.045785491077616,61.68278555170399
250.812,2.0196067872347427,51.431772290401,61.96990377490178
250.912,1.8225361804700597,51.78953146998129,62.125084128086954
251.012,1.6332680731743636,52.1170529982126,62.268780602430866
251.112,1.456626732370367,52.42186188740629,62.55353885670503
251.212,1.295651145507101,52.71594478202515,63.10748289600134
251.312,1.151759562186136,53.0096325683015,63.990419448835425
251.412,1.0235560028513007,53.30680563855882,65.18035019060544
251.512,0.9057348328249901,53.603274651710215,66.58942872229032
251.612,0.790054941193084,53.888966675013336,68.09280854547566
251.712,0.6689590104055583,54.152889960625004,69.55326529529158
251.812,0.5405302306694111,54.38860254999525,70.8386581053814
251.912,0.41246093339213274,54.59750896291302,71.84348258730452
252.012,0.30263099853821274,54.787911829646006,72.52301164097437
252.112,0.23475216658823683,54.96971593948304,72.92913546245403
252.212,0.22964686288702296,55.14752369454239,73.22065312988303
252.312,0.29516968763622486,55.31646889068782,73.6257815396621
252.412,0.4188042733969155,55.46364986414172,74.3597486721829
252.512,0.566311508065013,55.57426466962097,75.52798228010418
252.612,0.688175689638939,55.63859866935556,77.058915321224
252.712,0.7326171004091222,55.656101143893615,78.7029536342618
252.812,0.659995821616441,55.63523524494095,80.10618118344517
252.912,0.45211983078048235,55.590256975917534,80.9293775487527
253.012,0.1137917629981402,55.53707890363212,80.95880603561767
253.112,-0.3304905198276131,55.49003949082864,80.1653345731269
253.212,-0.839860920464325,55.460499542286655,78.70373416769826
253.312,-1.3588412114692048,55.45716563433604,76.87141641658874
253.412,-1.8209463768688678,55.487071375417656,75.04711175723263
253.512,-2.159016231997178,55.55563756623154,73.6203398313114
253.612,-2.322407895097328,55.66478298086084,72.92090510934219
253.711,-2.2942863757608833,55.80973290910613,73.15907812131829
253.811,-2.100258917096319,55.9769112126292,74.38155443789682
253.911,-1.8039804653664575,56.145450163406984,76.44402857427642
254.011,-1.491176362573583,56.29274319627614,79.01025520206389
254.111,-1.247086455655058,56.40154973924078,81.60052037831257
254.211,-1.1340389806875777,56.46495622441071,83.70393611347289
254.311,-1.1759717415641973,56.48697966960356,84.93028575118151
254.411,-1.3542228324863146,56.47929366478588,85.13760027473651
254.511,-1.614838283147435,56.456394608898705,84.47166158082342
254.611,-1.8849366121323996,56.43167881887854,83.29824614236813
254.711,-2.0949607109963395,56.41577166087638,82.06269673045782
254.811,-2.202046961223587,56.41688601899807,81.13855602596409
254.911,-2.2059770610524723,56.44179079075885,80.72145526374257
255.011,-2.1484093899569885,56.49574963928482,80.79940296850566
255.111,-2.0939894885693846,56.58075538199356,81.19855497302153
255.211,-2.1033842054422323,56.69296934512425,81.67541099861057
255.311,-2.211652630156408,56.821285982826936,82.01405582876028
255.411,-2.4190180734489743,56.94854886323809,82.09416911314403
255.511,-2.6940223840237323,57.05545822163247,81.9125149544853
255.611,-2.9864217788077667,57.125781367809175,81.55770618905889
255.711,-3.2457280726085784,57.151055241552484,81.15486557910971
255.811,-3.43813357889222,57.13345846329286,80.81077921743304
255.911,-3.553593101048776,57.086025849710744,80.58838575419878
256.011,-3.6006666831909513,57.02956080930557,80.51618047179205
256.111,-3.595323236879871,56.98631684337954,80.61060015400018
256.211,-3.552509218692002,56.972220172665956,80.88262694411537
256.311,-3.4843340399023432,56.99088817433838,81.31914671304499
256.411,-3.402405678507378,57.0324384462376,81.8571297049913
256.511,-3.3193983717673277,57.077975392635935,82.38115816579146
256.611,-3.2469623921322466,57.10780463386832,82.7612191043962
256.711,-3.1911703477242597,57.109340232969195,82.91635272356929
256.811,-3.1493794800501433,57.08072076601862,82.86428357041804
256.911,-3.111513875317442,57.02870096070831,82.72191806001811
257.011,-3.065323140266784,56.962894005003854,82.65676969451846
257.111,-3.0026082443210598,56.89038777549314,82.821264499163
257.211,-2.9238632792635997,56.81385265251319,83.30092789744263
257.311,-2.8403540270401635,56.73344355505254,84.08708813469025
257.411,-2.7726672120394795,56.65022341182974,85.07516574132761
257.511,-2.7443495232367,56.56818386486928,86.09297704920313
257.611,-2.7713169405283082,56.49345010003065,86.95959838536355
257.711,-2.8518005014207546,56.43162689012057,87.55545301203473
257.811,-2.9636563498610116,56.38554578623397,87.86550295419421
257.911,-3.072767732424772,56.355053934957326,87.9657814867504
258.011,-3.1493761500030146,56.338880019686975,87.96051010901537
258.111,-3.183472428158396,56.33743691629404,87.91219807299352
258.211,-3.1903538373882654,56.35509761151186,87.81085380353744
258.311,-3.2036426187832276,56.400683213139175,87.59870600787532
258.411,-3.2611073357385933,56.48551422254451,87.22525838348791
258.511,-3.3919906914775666,56.61952840548046,86.68672059613911
258.611,-3.6105419412809496,56.80729301416699,86.02503361480485
258.711,-3.9137460473722925,57.04618665313981,85.30494388430272
258.811,-4.279335048346248,57.327857646490735,84.60431521019589
258.911,-4.664901413746691,57.6419465728262,84.02511117793605
259.011,-5.01382603222639,57.979623989792124,83.69762930446772
259.111,-5.271429778109393,58.334723159279534,83.75139408801391
259.211,-5.406244905796193,58.70187436742712,84.25800893406591
259.311,-5.425030286332998,59.07316896419909,85.17859394201763
259.411,-5.372477789253253,59.43617862662925,86.35112223988311
259.511,-5.315449077625949,59.775435650126504,87.53448558127873
259.611,-5.319553131277694,60.077099794232915,88.49732864761451
259.711,-5.427822388216953,60.334300916902606,89.1132743378006
259.811,-5.648548672246811,60.549998015993175,89.41381492821806
259.911,-5.95562912811797,60.735348128389404,89.56761802265241
260.011,-6.300870695194796,60.903860149172196,89.79725656275421
260.111,-6.633559636123458,61.06393499089752,90.28068203226891
260.211,-6.920097091949458,61.2137082811851,91.08441069998628
260.311,-7.156889971561924,61.341536521895414,92.14759384108584
260.411,-7.371985409834082,61.432680249646936,93.31205696530033
260.511,-7.614570767501327,61.47902818526095,94.38295932895146
260.611,-7.93611333490454,61.48670681485812,95.19869532545225
260.711,-8.370104259190505,61.477583359610605,95.68574360541909
260.811,-8.917227092475564,61.483770140820944,95.88042895140501
260.911,-9.540951286220917,61.53709575177751,95.91221848630892
261.011,-10.176385775428678,61.65718480738855,95.95492674551504
261.111,-10.751128110589548,61.842391754797276,96.1608298066663
261.211,-11.210543702944292,62.06717333750334,96.5972994099835
261.311,-11.535366467631782,62.287129962028565,97.20677962542469
261.411,-11.741653467674908,62.44967752685132,97.81101200602822
261.511,-11.862557092799662,62.50626659768173,98.1730965899053
261.611,-11.922151025068928,62.42246664550167,98.10503932256435
261.711,-11.916111539534135,62.18393168033929,97.57024206697102
261.811,-11.810362700654984,61.7976101750338,96.71279082443014
261.911,-11.559338801077175,61.28844545297094,95.78068658517999
262.011,-11.133912321475755,60.692782557456376,94.98405387245724
262.111,-10.542171434506614,60.05055102382413,94.37881145682238
262.211,-9.831295932981654,59.39851130180577,93.84751757111546
262.311,-9.072224414831283,58.76623199049271,93.18437464198252
262.411,-8.337890931060052,58.17511526199711,92.23066220500519
262.511,-7.684718987565162,57.63940972592734,90.98091929962119
262.611,-7.141577880326544,57.16765640602303,89.59984502650114
262.711,-6.707104235539035,56.76345863580583,88.34614499365534
262.811,-6.355456842679203,56.42529976144432,87.45447776176283
262.911,-6.048831684840913,56.14608385912679,87.0405611379971
263.011,-5.751521903039965,55.91375332813881,87.06744513800218
263.111,-5.439015938596242,55.7138811192888,87.37346041066066
263.211,-5.099708176794643,55.53343595515913,87.73634113129197
263.311,-4.732305552181614,55.36349094130085,87.9393903402729
263.411,-4.343026378438651,55.19916206105328,87.81591642530844
263.511,-3.9437402034122115,55.03724117736161,87.26911713897722
263.611,-3.5499445554635827,54.87370033880559,86.27664824736259
263.711,-3.17739124522992,54.70284793599392,84.88601148930121
263.811,-2.836831229785517,54.51814395304503,83.20281608298308
263.911,-2.527601256786639,54.31370554433119,81.37582316381898
264.011,-2.232952053140366,54.086089292563784,79.58092909634966
264.111,-1.921195476888876,53.83646473789185,77.99935584778677
264.211,-1.554671516434027,53.572592061200865,76.78517915781327
264.311,-1.1039563990355887,53.3091255402199,76.02777046107781
264.411,-0.5607093001637367,53.065069635710195,75.72578966444125
264.511,0.05798190948024029,52.85847184591205,75.78958801125064
264.611,0.7165174153511344,52.69985506893716,76.07407286308313
264.711,1.3746605840277795,52.587093339785525,76.42348614322071
264.811,1.9999961856213915,52.50452057691492,76.70225387732309
264.911,2.572696231788875,52.42714646368425,76.79958241543277
265.011,3.082070861532074,52.32800233868717,76.61684091055456
265.111,3.5195489206546213,52.18524130019412,76.06022631645449
265.211,3.8744575299929522,51.98667814018967,75.05846758726432
265.311,4.136337527441995,51.731573505829886,73.60464194797925
265.411,4.302577962862863,51.43045253603486,71.7949324662455
265.511,4.386361918729548,51.10307954805123,69.82873381680616
265.611,4.419154302920084,50.7740596687816,67.95588262896109
265.711,4.444442353792617,50.46647749274317,66.39416808593543
265.811,4.50423257470419,50.195873837723525,65.26252452210139
265.911,4.624050448784821,49.9675829035108,64.56212180701134
266.011,4.8029906821531725,49.778705787475054,64.20263644240777
266.111,5.01297674860146,49.622802883401,64.04717295036325
266.211,5.207879630926826,49.49348966728255,63.95256399134763
266.311,5.339499846419546,49.384459896409886,63.79929790962365
266.411,5.374564863980829,49.28701013868417,63.51560488610295
266.511,5.306593405236356,49.18865010186533,63.09549892145745
266.611,5.158705336108451,49.075572814829506,62.600492061851554
266.711,4.976342679964816,48.93845536023637,62.13501761616111
266.811,4.812126247336366,48.77808024900088,61.80103010170751
266.911,4.708908214931164,48.606888444999356,61.65339788280204
267.011,4.688320131139683,48.44506695730348,61.67682570051616
267.111,4.748008933522819,48.31324104461151,61.789074756512576
267.211,4.865339701599574,48.22558859500886,61.86328865221559
267.311,5.004447597127104,48.18620146109131,61.764342995468795
267.411,5.125880037479476,48.18922660526389,61.398200170988716
267.511,5.198293995674188,48.221664095836594,60.76425591440368
267.611,5.2086667736117285,48.26729517107947,59.984306103017175
267.711,5.165343151361107,48.31058338497581,59.27956824623935
267.811,5.091141527607167,48.33986916226275,58.89164742800391
267.911,5.010736162105427,48.34938281060965,58.980469616359045
268.011,4.940701271258014,48.3396593955463,59.55075651276191
268.111,4.886754715292959,48.3162700282516,60.44256325441799
268.211,4.845753285882612,48.28741689972428,61.3863153458277
268.311,4.808315606252883,48.26134245530738,62.09476753973257
268.411,4.7612342055551125,48.244305799263806,62.35525067213254
268.511,4.690762263455596,48.23936672076918,62.09107311340526
268.611,4.5865782052115165,48.2459160976021,61.37343289089014
268.711,4.444828881771713,48.259952153541455,60.383136110902186
268.811,4.269051936382951,48.27521656867636,59.341592566689584
268.911,4.068889233346155,48.285130258321914,58.44143846656719
269.011,3.857139843962372,48.28507315641182,57.80153397477433
269.111,3.6462008869064704,48.274331007839514,57.455473412226965
269.211,3.4454550534374917,48.25717305946937,57.36762076966927
269.311,3.2608332077844437,48.24277178130809,57.46236117633529
269.411,3.096508197298263,48.243758647309924,57.65352472225459
269.511,2.9574333772855184,48.2733040281019,57.86823189025277
269.611,2.8507787168515506,48.34111672877991,58.06317644161608
269.711,2.7845114784183593,48.449692058936435,58.22919215389645
269.811,2.7628568271368152,48.59286580262263,58.38126579077756
269.911,2.780652705063268,48.75829707541765,58.54011514780058
270.011,2.820134091983242,48.93345835049976,58.71799355485322
270.111,2.8531931906284385,49.112147935428254,58.916894631728184
270.211,2.8495044016507123,49.29775218288164,59.13651405134189
270.311,2.787375824484819,49.50154650624368,59.38261636755601
270.411,2.6622165928640413,49.73746894685665,59.668832567738804
270.511,2.4886033027249113,50.016318935822774,60.01255016562226
270.611,2.2950332507416746,50.34164414821149,60.430582920308794
270.711,2.1134019740349643,50.70827699272158,60.939157340331334
270.811,1.9672086656227492,51.10373182814889,61.55816799927604
270.911,1.8634328392462152,51.512050614676745,62.315014732940995
271.011,1.7919878816893018,51.91870897534035,63.241048143665935
271.111,1.7329784836926336,52.31442240154858,64.35721900241484
271.211,1.6673788572502914,52.69593703478981,65.65409931577591
271.311,1.5846682463398807,53.06336737812992,67.07717415333931
271.411,1.4836484736197875,53.415727320925775,68.5271325418367
271.511,1.3682427996827258,53.747581210430305,69.88019355114614
271.611,1.2434662119148925,54.049126983776574,71.02603675310205
271.711,1.1150180071754434,54.309992763859384,71.90954975093088
271.811,0.9914264575291227,54.52486475878594,72.5549258146936
271.911,0.8848111480949754,54.69762874720857,73.05661211143155
272.011,0.8071624773287525,54.84092161562009,73.53809019929474
272.111,0.7626885309409204,54.97056071433593,74.0946155542648
272.211,0.7407583621661686,55.09790662630352,74.74416805828653
272.311,0.7151386125691772,55.2248422456541,75.41189196502687
272.411,0.6521077243156697,55.3441685544053,75.96411275461536
272.511,0.5247294638912479,55.44445145808459,76.28424450130981
272.611,0.32657443346841575,55.515892072847514,76.3522068510533
272.711,0.07742504503067948,55.55419116018878,76.2770667711591
272.811,-0.1834132372543067,55.56140305847809,76.258384715536
272.911,-0.4140521094417622,55.544443499724345,76.49645784387552
273.011,-0.5883625476539436,55.51257438286586,77.09762080259102
273.111,-0.7053356076151758,55.475186054463364,78.01674593063305
273.211,-0.7848943676290787,55.44076582359588,79.06139133417166
273.311,-0.8544054127185134,55.41713942409276,79.96122605234665
273.411,-0.9348797098900405,55.412226768328736,80.48071483891398
273.511,-1.0336694208277493,55.434177773587436,80.52865725067717
273.611,-1.1449376149154702,55.49012438540498,80.21180275249988
273.711,-1.2552217703891486,55.58373288194156,79.80175906279855
273.811,-1.3501789507580781,55.712700982558076,79.62704908212478
273.911,-1.4192313935586895,55.86758824363591,79.93976385375015
274.011,-1.4572929550406286,56.03264254557472,80.81363765381184
274.111,-1.4654716463833495,56.188331143227444,82.10988457170544
274.211,-1.452335676477162,56.31498594046408,83.52072062629428
274.311,-1.434570229120233,56.397084911180215,84.67606971491696
274.411,-1.434894153667301,56.42747593601231,85.27267933663434
274.511,-1.4769677433012163,56.41042028980454,85.17060428147221
274.611,-1.578944595565524,56.36225882031924,84.42059075165484
274.711,-1.7479432855735055,56.30890925297257,83.22597838381016
274.811,-1.9774789707679687,56.28014549567642,81.8693871955983
274.911,-2.24870448096555,56.30158582458702,80.63442698526205
275.011,-2.534435955131727,56.38639804425166,79.74175875322915
275.111,-2.8039400352858053,56.52963531783595,79.31164903903682
275.211,-3.027335629874429,56.70817520874286,79.35911023012778
275.311,-3.180247371949477,56.887574693565384,79.81563559725258
275.411,-3.2498711347321176,57.03385939421953,80.55886752720575
275.511,-3.241464638330619,57.12525817661384,81.43312019384399
275.611,-3.180960250785006,57.158609168510964,82.26275335605672
275.711,-3.108980940926223,57.147908917134465,82.87785590545543
275.811,-3.0662445214527025,57.1161724072904,83.16360868601791
275.911,-3.0769135493630557,57.08449007092912,83.11265167844029
276.011,-3.1391166200750718,57.06329339872359,82.83774507958944
276.111,-3.2281843172870097,57.049926716027215,82.52143942500588
276.211,-3.310439645542097,57.03346049572934,82.32767044764336
276.311,-3.358902409770593,57.00364638636371,82.33012650580268
276.411,-3.3622632340771617,56.95857562971929,82.49680371417583
276.511,-3.324914701471293,56.906640714582764,82.72842658243093
276.611,-3.262020453576447,56.862098387631676,82.91705206206603
276.711,-3.194177586308271,56.83724097659329,82.98896461610389
276.811,-3.1430045061851715,56.83554826678919,82.91694256481617
276.911,-3.1267265881119215,56.8490166633774,82.71175992623935
277.011,-3.1553770020777847,56.86063953831619,82.41261247954375
277.111,-3.226962072527165,56.85105770271563,82.08666952381868
277.211,-3.3265629461705046,56.80690229928694,81.8318278386722
277.311,-3.4293798289814177,56.72719454908295,81.76876569387427
277.411,-3.5072289386586277,56.624212874927096,82.0135186694795
277.511,-3.5366586314752766,56.51777258828563,82.63645115213107
277.611,-3.5059281630977708,56.42604966279022,83.62691911044008
277.711,-3.418439167657624,56.358496384030744,84.88214798543392
277.811,-3.291931124246773,56.31473878255316,86.22449255393428
277.911,-3.1541511008883134,56.28923552464512,87.43965578104408
278.011,-3.0359838840188758,56.27826762555454,88.32803216081018
278.111,-2.9634266995520235,56.28516726479872,88.76132561252255
278.211,-2.9505715614111097,56.3211022614396,88.72912720244423
278.311,-2.995776723220409,56.40103173999855,88.35470564225504
278.411,-3.0824229226856446,56.53669996624878,87.86650508159511
278.511,-3.1846665622800288,56.73006469138587,87.52964466713793
278.611,-3.2771674184934696,56.97066072962656,87.55969734342003
278.711,-3.345819133299628,57.23862379672706,88.04901518053393
278.811,-3.395139546402852,57.512141223422084,88.93117519083576
278.911,-3.4484581639865297,57.77576704034657,89.99757695002036
279.011,-3.5397608840388983,58.0256502064506,90.96587532626855
279.111,-3.700086602587369,58.26921003348458,91.58030530321193
279.211,-3.9445430166977005,58.51955376398545,91.70348837982196
279.311,-4.266243407345428,58.787911779310974,91.3563143055365
279.411,-4.640328633883442,59.07848392262475,90.68791085881455
279.511,-5.035925882975953,59.388037905730826,89.89617283469379
279.611,-5.429000113298642,59.709081839902524,89.14427872324671
279.711,-5.808448133680862,60.03346879147197,88.51633509473395
279.811,-6.173149362663523,60.353873435257775,88.02914375535416
279.911,-6.524534945196656,60.662548218636736,87.68264762396947
280.011,-6.8610975984002565,60.9487463017128,87.51031106092941
280.111,-7.177742107828557,61.19731802885257,87.59600884451942
280.211,-7.468973951469714,61.39067769752025,88.0486317555709
280.311,-7.73369111874387,61.51448799812769,88.94915280962014
280.411,-7.979305862721681,61.56486881725948,90.29643774698614
280.511,-8.222437996607361,61.55348789448608,91.98061875790782
280.611,-8.484166358945387,61.50771924323618,93.80487562791168
280.711,-8.781344316414483,61.46531727790192,95.55088738202186
280.811,-9.118898650807488,61.46500050119028,97.05152609873814
280.911,-9.487667142089748,61.535338284486016,98.22631437497145
281.011,-9.86888274309753,61.68487331784376,99.06222036659726
281.111,-10.242530995313338,61.89672986790734,99.56274306483925
281.211,-10.593898906381604,62.13041424222301,99.71128761956932
281.311,-10.912981021617632,62.33131635200133,99.4824066810828
281.411,-11.187222660705139,62.44505106505763,98.89141707548694
281.511,-11.39536319136942,62.43130599076598,98.03354904075441
281.611,-11.510271097782145,62.27213635280098,97.06894814803223
281.711,-11.509802436655875,61.9725370049194,96.15933693404541
281.811,-11.38627907223269,61.554842340167845,95.40553000068584
281.911,-11.146663436405504,61.05078827219246,94.82784104048054
282.011,-10.804624110815354,60.49451077499552,94.38737686307334
282.111,-10.37249265545033,59.9174217345021,94.01511342953567
282.211,-9.85992951997239,59.34450258789615,93.62494060916575
282.311,-9.279156157448035,58.79204214965135,93.11993404587196
282.411,-8.650443006227519,58.267667346695625,92.41881559793514
282.511,-8.0019515044498,57.77320873811693,91.50772219620292
282.611,-7.364145454217031,57.30943718940391,90.48104317516604
282.711,-6.763755424800912,56.88005760813884,89.52305199181579
282.811,-6.221278109590294,56.49234143500941,88.81988743240856
282.911,-5.751737668127049,56.15410930932013,88.44576186838839
283.011,-5.365344346221306,55.86949944411463,88.29274595355454
283.111,-5.064910779047288,55.63649124389424,88.09599381965143
283.211,-4.840289616761353,55.44721996985748,87.5560655886714
283.311,-4.664137658874772,55.28987503722032,86.49762158009982
283.411,-4.494299560633273,55.15059259973279,84.96930218865191
283.511,-4.284628272548353,55.015054179738414,83.22303946432977
283.611,-4.000239149797942,54.87040780724238,81.59439481990809
283.711,-3.6290237194338033,54.707474085426,80.3647241018241
283.811,-3.1824695464402097,54.52212732941393,79.67548283594053
283.911,-2.685747661569515,54.31498719484427,79.5131782215623
284.011,-2.1643093088176144,54.09001913070819,79.74306902476782
284.111,-1.6354171777408766,53.85343200314219,80.16071120886609
284.211,-1.1077172725089213,53.6133971318494,80.54153654379066
284.311,-0.5856501744161662,53.37991896452346,80.6838768629968
284.411,-0.07339935711808465,53.164062456443624,80.44822237034488
284.511,0.4242957723327052,52.97618707728121,79.78850234671596
284.611,0.9034149773727194,52.82305922413127,78.75928480988445
284.711,1.3618990423235005,52.7043105803937,77.48710918448816
284.811,1.8002473796921308,52.61001510151841,76.11814046773999
284.911,2.221839647954795,52.5216582172003,74.77271334911315
285.011,2.6323101435951486,52.417087296903716,73.52793626475764
285.111,3.0364839962006585,52.27726890738578,72.42317224032591
285.211,3.433037387733343,52.0913408235145,71.46903771178378
285.311,3.809887595809954,51.857724623486455,70.6501241695624
285.411,4.14438298972339,51.58180768324563,69.92854531700054
285.511,4.41030376204759,51.27265083704296,69.258139546035
285.611,4.5894747081761835,50.94106530444218,68.60600920588523
285.711,4.682097931624938,50.599760489061794,67.96592539489127
285.811,4.709588663989145,50.26440191842101,67.35121477461456
285.911,4.707374484852998,49.95348399842359,66.77038771673284
286.011,4.71056754243277,49.685509014066746,66.20292782448355
286.111,4.739398440059006,49.47367055077563,65.5943919600089
286.211,4.791524052977628,49.32006618037224,64.87861935968671
286.311,4.84471035168627,49.21258354008967,64.01734397931101
286.411,4.868390563739975,49.12721651606693,63.033649836604894
286.511,4.839033419919549,49.03619751231668,62.015440175677966
286.611,4.752739539433925,48.91896598394105,61.08266966578583
286.711,4.628923142746309,48.770800669334065,60.33745290854486
286.811,4.502736008912102,48.60457791225391,59.82814603220184
286.911,4.410482789386215,48.444591197742675,59.54575524558551
287.011,4.376369648600104,48.31575624442975,59.44660419358944
287.111,4.406714226360947,48.23384075158613,59.48221597364635
287.211,4.492296210418445,48.20102358617584,59.62246680360633
287.311,4.615599854847794,48.20753811636424,59.866928447368906
287.411,4.7582820746534225,48.23715813890491,60.24014630621447
287.511,4.904845225918294,48.27333368130086,60.76745426396434
287.611,5.041377364359423,48.30358583902787,61.43959056808394
287.711,5.152143532538368,48.32128263768266,62.18762539475915
287.811,5.218813246398174,48.325210554907734,62.887577758309504
287.911,5.225159378772499,48.31796325227366,63.39644740629994
288.011,5.165271092412549,48.304119812123126,63.60240686561312
288.111,5.049540433680772,48.28876823908229,63.46370293412923
288.211,4.90339131147077,48.276465104999666,63.01745610191115
288.311,4.758538056031483,48.27049172494006,62.3567355393797
288.411,4.641376844278824,48.27234588051331,61.590849139211045
288.511,4.564208780945165,48.281530538292365,60.80997374625976
288.611,4.522336457414397,48.295644263962956,60.069419432365464
288.711,4.4965208449374785,48.310715337469354,59.39540319331873
288.811,4.458639946586835,48.32183364472414,58.80164173621536
288.911,4.379113407149269,48.32422318442276,58.303328547907356
289.011,4.235624917865337,48.31473934772825,57.92209485992983
289.111,4.021886988180391,48.29348554196246,57.68356395455331
289.211,3.7535275772857304,48.26506546145641,57.612824293335436
289.311,3.4678198285200708,48.238982379985885,57.732398916171675
289.411,3.2153907323249697,48.2287718255572,58.06114639402844
289.511,3.044755999501554,48.24959622099787,58.6051535258849
289.611,2.9843775870395177,48.314440856833116,59.33462078209729
289.711,3.0300942578810393,48.429886615035606,60.15728087982042
289.811,3.1447408364585883,48.593341738719516,60.9147958691764
289.911,3.2708430103244623,48.79367219894634,61.42469391489797
290.011,3.350466725267985,49.01567551139197,61.56096676256135
290.111,3.3433116376565337,49.2464990424267,61.3294924696462
290.211,3.2361688469042065,49.480860370313714,60.8845964139591
290.311,3.0420465358819087,49.72274865117598,60.46864234216102
290.411,2.7925187575312265,49.982956699089904,60.31019036347274
290.511,2.5284945740293168,50.27310025375765,60.538101895005525
290.611,2.291450087766485,50.59822057022584,61.1453478572013
290.711,2.1139122654019715,50.95171826975981,62.00230570614086
290.811,2.0098137543430283,51.31620904201298,62.907092184735504
290.911,1.9695073392265456,51.67060824997568,63.66163396104717
291.011,1.9638400892601027,51.99961235039761,64.15370699366983
291.111,1.9560839117100102,52.30029850360224,64.41058153107873
291.211,1.9154570993062805,52.582473167544,64.5937179635115
291.311,1.8256574726170243,52.8626629734484,64.93290434479012
291.411,1.6856528993670992,53.15466104476151,65.6303262316598
291.511,1.5048649127356057,53.46150473979191,66.77751275936727
291.611,1.2975355655827272,53.77335269695376,68.31826943391077
291.711,1.0798049952839008,54.072421704757005,70.06923026006275
291.811,0.8693625404152812,54.34195906809425,71.78711230773791
291.911,0.6848890734055217,54.57406650723485,73.25481049897762
292.011,0.5430281808551385,54.7721427177711,74.3518129750263
292.111,0.45344874576752403,54.9469280806897,75.08169756527298
292.211,0.4147278294847041,55.10886886903027,75.54941829470525
292.311,0.413416540619437,55.26157275845846,75.90365200736848
292.411,0.42703173870816613,55.40000801147575,76.27282444592451
292.511,0.43044170854733466,55.513657245764826,76.72300150532371
292.611,0.4033633276443993,55.59187603341549,77.2522195390298
292.711,0.3347088475138804,55.628314416416615,77.81402653049382
292.811,0.2208423678273519,55.622984699361844,78.34717570492779
292.911,0.060342355557452265,55.58243652602953,78.79341072286093
293.011,-0.14795506801853975,55.51913646866814,79.10652796951386
293.111,-0.3997179916059963,55.45054240801947,79.26810983661213
293.211,-0.6766765169388904,55.39745504887266,79.31182946530642
293.311,-0.943927284507744,55.380968092642966,79.33536354314843
293.411,-1.1588813758764118,55.41789480911527,79.4771533158714
293.511,-1.289260304266513,55.51547062869739,79.85969703942553
293.611,-1.3302174380136833,55.667058352235514,80.52721358886642
293.711,-1.3098854792336638,55.85121070828872,81.41085070355037
293.811,-1.2792322068497768,56.03600703959922,82.34010422483318
293.911,-1.2910087966979233,56.18838548154683,83.10032601973099
294.011,-1.3775270034289804,56.28507956107234,83.52031831686716
294.111,-1.5367895221897356,56.32013062239087,83.55503530444794
294.211,-1.7331486338299982,56.30538830292948,83.31438363003303
294.311,-1.912765201899255,56.263976794173814,83.00924529821445
294.411,-2.026792786193816,56.220138495281844,82.84078287300153
294.511,-2.0509474997750843,56.19055276862634,82.89958005105548
294.611,-1.9929672555012274,56.18131968588951,83.1299447396549
294.711,-1.8872574071382289,56.19134614962009,83.37020960195377
294.811,-1.7821336092693016,56.218843188381264,83.44036792693782
294.911,-1.7257848286425315,56.26597774113831,83.23147233100507
295.011,-1.7544034105106334,56.33847870348968,82.75626434599614
295.111,-1.8836137573099379,56.440623659009376,82.14169774148425
295.211,-2.1040240220675273,56.56918711547625,81.57216702521922
295.311,-2.382626911788755,56.710841947646344,81.21405839458914
295.411,-2.671615193053192,56.845445516410514,81.15657415109386
295.511,-2.92307004682808,56.95362955031133,81.39115393779129
295.611,-3.103591350210138,57.023969811347094,81.83190506570664
295.711,-3.2021445419707746,57.055432862692406,82.36080346682995
295.811,-3.2288206892819673,57.05457965337592,82.87198808520925
295.911,-3.207241887806447,57.03073370655375,83.29641713457278
296.011,-3.1647442116624163,56.99277211836809,83.60579826670887
296.111,-3.123509917285027,56.948676388447375,83.80572173374478
296.211,-3.095267813057184,56.90642397352547,83.92433628239189
296.311,-3.08139108761236,56.87427128050525,83.99586848163844
296.411,-3.077428497270013,56.85961050587984,84.04135331964994
296.511,-3.078124604517413,56.86690787412845,84.05742294754658
296.611,-3.079448355916341,56.895846818710126,84.02266484222633
296.711,-3.0777154586640663,56.94067381094345,83.9188190985512
296.811,-3.068627107483721,56.99113880171076,83.75322065648889
296.911,-3.048850535093692,57.034644451193145,83.56623912966742
297.011,-3.0204027094205017,57.058755418304216,83.41394975289386
297.111,-2.995020950028291,57.05341084841795,83.33270194658421
297.211,-2.9940555923077667,57.012694537543354,83.31019704261702
297.311,-3.0412789026370604,56.93613688778306,83.28916823295965
297.411,-3.1505783776295075,56.829085779885254,83.20847961917609
297.511,-3.314396602996773,56.70143392867627,83.0584817626039
297.611,-3.499580725961991,56.56476949595117,82.91470782750376
297.711,-3.6549462425883092,56.42947705327244,82.92464438575367
297.811,-3.7298801430272945,56.303890991074795,83.24861571790652
297.911,-3.696737788197531,56.19626470966028,83.98261775908952
298.011,-3.5654042340698453,56.11794280793129,85.10333988732135
298.111,-3.3811030853580135,56.08468563406295,86.46631319318365
298.211,-3.2059185975706797,56.11393937365261,87.86142993998146
298.311,-3.0935804491666303,56.21863145987079,89.09835888628889
298.411,-3.06989816129218,56.40076719430054,90.07435777091817
298.511,-3.1278331112648345,56.64854776589859,90.78534412213013
298.611,-3.2390172044847105,56.93876673086023,91.27939247350733
298.711,-3.374690645927082,57.243575323180536,91.5934823343938
298.811,-3.5228911470424293,57.53892721327754,91.72299437540931
298.911,-3.690929778540024,57.8116802441194,91.64266347639351
299.011,-3.8926701305650226,58.06309874512647,91.3572394192804
299.111,-4.131186837077763,58.30759858436178,90.94086382881481
299.211,-4.390551128853119,58.566815832855355,90.53414730376171
299.311,-4.64330319246578,58.860675442857406,90.29717429755988
299.411,-4.867940706173123,59.19848748624927,90.3455721169642
299.511,-5.0634393054383295,59.57329543728681,90.705147378719
299.611,-5.251322368610211,59.96184356631634,91.30443166319654
299.711,-5.465375118192824,60.33100558040246,92.00175485132283
299.811,-5.735672466624891,60.6490084552803,92.63385647193063
299.911,-6.074430382697308,60.89670498997259,93.0741891822717
300.011,-6.469131687007611,61.07298234520063,93.28500818011024
300.111,-6.885221114183828,61.191395272418085,93.33974892944799
300.211,-7.276997211279806,61.27079623377754,93.40056987208246
300.311,-7.602566174980986,61.32653400950658,93.6613967828307
300.411,-7.837808165315202,61.36756037967114,94.28420059527271
300.511,-7.984923665866539,61.3998195203787,95.35045254713084
300.611,-8.072827828607181,61.43184554727286,96.83371042678178
300.711,-8.149257322336688,61.47763206248776,98.5916151394958
300.811,-8.267423849707356,61.55420216201061,100.37907115682337
300.911,-8.472035122793052,61.67467718694186,101.8891462522781
301.011,-8.788998799635799,61.84027110078447,102.8239028890884
301.111,-9.220467096960945,62.03552046040289,102.98120929172667
301.211,-9.744436316166805,62.229598025657516,102.32457986461843
301.311,-10.317508868217566,62.38335027087237,100.99947946550441
301.411,-10.880291519016552,62.45885118215644,99.28212521750058
301.511,-11.365961144771362,62.427590491828745,97.48355091045003
301.611,-11.711922164884868,62.27475503645194,95.85631672138511
301.711,-11.871627282573478,61.99915951948609,94.54624712720384
301.811,-11.821853674268972,61.6103337863492,93.60100275477629
301.911,-11.563276198382177,61.12524637773169,93.01289988818439
302.011,-11.116445802059282,60.56630704309157,92.75845370011592
302.111,-10.516693677611286,59.96028689236402,92.8091121396419
302.211,-9.81004020513818,59.33664061745832,93.11387595725022
302.311,-9.05027332661421,58.724265909363595,93.57419987953205
302.411,-8.29573785673135,58.14705409735533,94.03386540130629
302.511,-7.603559491637768,57.61982899448463,94.29609731129679
302.611,-7.020335760175435,57.14690722463565,94.16659140397432
302.711,-6.5715440988112235,56.72459209070281,93.50956204415509
302.811,-6.254433835061057,56.34652723072031,92.29676514269134
302.911,-6.038588854032916,56.008998251846855,90.62859407996473
303.011,-5.874931331551444,55.71356530726392,88.71422280483118
303.111,-5.7100431649738255,55.466130356616205,86.81546532662577
303.211,-5.500548302015652,55.27309191313577,85.17733817509928
303.311,-5.2226233206143675,55.13613796523362,83.97143412643454
303.411,-4.8737389704991685,55.047870527062045,83.26556935744783
303.511,-4.4666705299465335,54.990612767200076,83.02000720442878
303.611,-4.019215927986735,54.93958726011869,83.10451881123011
303.711,-3.5452096411194347,54.86932617373008,83.32893949260601
303.811,-3.051056360070959,54.76026624648815,83.48226931039436
303.911,-2.537898633733043,54.602540338306646,83.37936145261861
304.011,-2.006185148165997,54.396046988851474,82.91148325902384
304.111,-1.4590873718538049,54.14828552331287,82.08581061156465
304.211,-0.9031955418498399,53.87209511255376,81.0312006456891
304.311,-0.3471628321056528,53.58401910220169,79.95615935146944
304.411,0.1997327442978687,53.30243851953926,79.06724833774939
304.511,0.7273050352653456,53.04456018410722,78.47781734284668
304.611,1.2228019097467495,52.82246003985843,78.14739612762227
304.711,1.6709381561862813,52.63952126710035,77.88735312219126
304.811,2.0585099812134047,52.48910027359148,77.44389436837275
304.911,2.3823903753746762,52.356566734810464,76.62605151365861
305.011,2.655403832859122,52.22398505055968,75.40810843469956
305.111,2.9045472580588907,52.07509769064441,73.94248977519959
305.211,3.1607101967571936,51.89860127666202,72.47730942638336
305.311,3.4448981751457666,51.68950609197038,71.2342951357745
305.411,3.7587314592837515,51.449424453984804,70.31722317785541
305.511,4.084402997322201,51.18599415628397,69.68892246086705
305.611,4.392908147048807,50.910867960318924,69.21127105203372
305.711,4.654490322145854,50.6362750717589,68.71554362004204
305.811,4.84594915557949,50.37135024590543,68.06785759641204
305.911,4.953916840454735,50.11988301801797,67.20827185709271
306.011,4.976309018755629,49.880652718335696,66.15824235770272
306.111,4.923488361283333,49.65027223249568,65.0022116861111
306.211,4.818172072143476,49.42687778410774,63.85512915686169
306.311,4.691927357977498,49.212402853358185,62.82845971755535
306.411,4.5775590365355185,49.012352821061654,62.003787569862254
306.511,4.499715581478441,48.83367907455012,61.41931349654364
306.611,4.46799264723176,48.68202245810876,61.07041954314778
306.711,4.475629673182219,48.559530519579276,60.91901068026671
306.811,4.50363678830886,48.464316508595545,60.902297267312775
306.911,4.5281240362660355,48.39190980521574,60.937320519520085
307.011,4.5288509350132955,48.33764356551798,60.92939308369934
307.111,4.497362202353109,48.29826933329073,60.79586960359313
307.211,4.442003006608957,48.27199296629623,60.50228899882485
307.311,4.386440531109621,48.257452797177486,60.0888618960949
307.411,4.36050237691083,48.252665966174696,59.664842431831644
307.511,4.386517663994937,48.25465194743343,59.369424258228776
307.611,4.467613138034821,48.25982974389318,59.31883658407716
307.711,4.584052018103186,48.264794049307035,59.563632183774175
307.811,4.699863258950657,48.26697167599223,60.07070626550052
307.911,4.776790926823679,48.26491901360437,60.73126960210696
308.011,4.788841103464513,48.25834007371337,61.38685914601308
308.111,4.730867910811675,48.24800361322841,61.86579637032739
308.211,4.618724453234037,48.23561433430361,62.028057405594055
308.311,4.483028875902654,48.22356474807254,61.813221580985385
308.411,4.359780526936191,48.21450162102128,61.271354006397246
308.511,4.279515821813163,48.210724830408715,60.55232238357161
308.611,4.256411902132875,48.21352174251576,59.85170181513723
308.711,4.280952017211554,48.22262425190885,59.34075951588059
308.811,4.3208617274298575,48.23601822637075,59.11333747318487
308.911,4.331842034990224,48.250255274319294,59.165107189329916
309.011,4.274099377273629,48.26123621724095,59.40411393937542
309.111,4.127401274046925,48.26531497008607,59.68581256492058
309.211,3.8984054571620206,48.26060179075307,59.86291207011256
309.311,3.617870914321877,48.24836699710013,59.834811061354685
309.411,3.3296852524212923,48.23426107519606,59.578803562345044
309.511,3.0766260995087364,48.22876445077422,59.15129505851648
309.611,2.888243119140064,48.24618464830006,58.659893082158874
309.711,2.774304176750263,48.30190129152389,58.22049212914439
309.811,2.724632784463182,48.40843182957147,57.92113988874124
309.911,2.714517176520225,48.571849252384276,57.81054092182728
310.011,2.7140306527801243,48.79034321297693,57.91308425102622
310.111,2.6986107283154794,49.05570698845235,58.253876154703335
310.211,2.6571734700880896,49.35677168318876,58.86955849918287
310.311,2.5941481271826348,49.68273988880471,59.78973447977819
310.411,2.5242881896691287,50.02482136044949,60.99502843920685
310.511,2.4630799645512553,50.37595798988086,62.3789834127505
310.611,2.4178651124071067,50.72971405706384,63.74737274837247
310.711,2.383434857973562,51.079877124614164,64.87033295075854
310.811,2.342746605297428,51.42155441683184,65.5672327591633
310.911,2.271758553122204,51.75298699797286,65.77917959497387
311.011,2.1475817689427004,52.07634335920035,65.5933199222562
311.111,1.9588416576857597,52.39636718264666,65.21554915083217
311.211,1.714792630008617,52.71730214885605,64.91119828479682
311.311,1.4472849103869905,53.03965428623697,64.93410126130682
311.411,1.2010534187667758,53.358512247079965,65.45781207667017
311.511,1.0145628239682196,53.66440267382853,66.52291950836832
311.611,0.9017616557939121,53.946268513967944,68.0191883220724
311.711,0.8466659461641228,54.195070682362,69.71815771520863
311.811,0.8142293426424487,54.40666233040094,71.35254766526404
311.911,0.7694843394660609,54.583302846044184,72.71195530121177
312.011,0.6928043996489563,54.73329521350024,73.7114217944225
312.111,0.5843217826990212,54.86826152865717,74.40274696062909
312.211,0.4586270110871524,54.998615848273886,74.92809564974318
312.311,0.33534879495099545,55.12918890103845,75.44157459512356
312.411,0.23052553741341342,55.25713273228184,76.03495414635466
312.511,0.15078167710981916,55.373035732358936,76.69870592035109
312.611,0.09077908517827638,55.46471780702148,77.333747663337
312.711,0.03466855710144756,55.5221739418204,77.80759484506112
312.811,-0.037968333132013754,55.5418012859659,78.02865277997618
312.911,-0.14330354563767145,55.528560712089295,78.00273804955931
313.011,-0.28555515805702214,55.49572723656763,77.84206004628524
313.111,-0.45426058629142574,55.46252514599604,77.72003222244832
313.211,-0.6275303257296798,55.45002428661663,77.79574379421608
313.311,-0.7793882834311745,55.47579890726956,78.1483298663165
313.411,-0.888503372882937,55.5484121980062,78.75154649317038
313.511,-0.9459389533915754,55.66350132579081,79.49383484906731
313.611,-0.9595480454252439,55.803506037783634,80.22817975348764
313.711,-0.9529100155982491,55.942359635539106,80.82764316604741
313.811,-0.9581776104388737,56.05446855267782,81.2255463682094
313.911,-1.004555606421178,56.12461994876155,81.42937302151608
314.011,-1.1064370099778884,56.15387494074803,81.50815748639184
314.111,-1.2563347224569625,56.15791339187482,81.56046131163662
314.211,-1.426475472041929,56.15850829781814,81.67477964352828
314.311,-1.579204915821812,56.173012210146375,81.89596173382787
314.411,-1.6820207417528579,56.207772914963094,82.2080596112771
314.511,-1.7206479504281518,56.25857396554414,82.53921003751044
314.611,-1.7044267633655252,56.31672734496167,82.7910142669012
314.711,-1.6619385653676844,56.37641801419707,82.88757868567942
314.811,-1.6294031258513897,56.438927197000446,82.82408045944442
314.911,-1.6375700511947358,56.511734397360904,82.68389349190795
315.011,-1.703090346070418,56.60336171828448,82.60371246087387
315.111,-1.827429383496714,56.71683320386956,82.69781890734889
315.211,-2.0013996940489704,56.845248980932986,82.98593195121583
315.311,-2.210031578103532,56.972002711364574,83.37561442745942
315.411,-2.434489997210683,57.07580522402858,83.71507673513277
315.511,-2.6528553879358086,57.138116039163265,83.87833168464108
315.611,-2.8432693914095637,57.14956376059021,83.82190389649226
315.711,-2.9895572941900284,57.112923790616975,83.58331201322977
315.811,-3.085921214539887,57.04192643938402,83.24101147811213
315.911,-3.1375928633818333,56.95653922744633,82.87444491058808
316.011,-3.1572359164787045,56.87652893771122,82.5452351331079
316.111,-3.1592571914661463,56.815885250490666,82.29587920894569
316.211,-3.1547568886696595,56.78025377948773,82.15294509553826
316.311,-3.1492157363449067,56.76788737980331,82.12627751774612
316.411,-3.1437212605951146,56.772929759671754,82.203160372797
316.511,-3.138571115533246,56.78911960849729,82.34217412675085
316.611,-3.1362221440368856,56.81230854601488,82.4756861685286
316.711,-3.140751273974473,56.840974621830064,82.52830760809898
316.811,-3.1540706803686405,56.87473893280684,82.44766025338123
316.911,-3.1725841669555805,56.91163237227456,82.23149633875661
317.011,-3.1880831031609986,56.94550054228057,81.93529988716217
317.111,-3.1928488547468987,56.96529027250452,81.65873045730608
317.211,-3.1847893871891984,56.95751567634274,81.52277963772964
317.311,-3.1682451939971514,56.911568854457215,81.64826671055594
317.411,-3.1498730962099515,56.82538895267156,82.13588284796135
317.511,-3.1328532314098396,56.708056015390426,83.04340152117973
317.611,-3.1137753866061715,56.57738553178279,84.35915123085304
317.711,-3.0849074372823537,56.453798025912356,85.97749147677418
317.811,-3.0409301422630435,56.354125476748415,87.69154322944058
317.911,-2.9857427195394806,56.2886282368794,89.2228789839775
318.011,-2.934794707558922,56.261866114993516,90.2927524565802
318.111,-2.911739122434817,56.275508317776996,90.71135136753394
318.211,-2.9413369403003813,56.330432196194764,90.44721876133809
318.311,-3.041128318642137,56.42663165764397,89.64853426813643
318.411,-3.214054827976021,56.56149874484034,88.60643080298799
318.511,-3.4447936387468374,56.7286238316711,87.66811717889358
318.611,-3.7026350949574507,56.91923258995487,87.12765762915535
318.711,-3.9510586620919455,57.12640170441162,87.13727768285676
318.811,-4.159922964981192,57.34955476785031,87.67494634242775
318.911,-4.3142166645677165,57.59581865177478,88.57691788224376
319.011,-4.415572001035208,57.87661377569435,89.61615660999445
319.111,-4.477407008610726,58.20071894947788,90.58981781874402
319.211,-4.517973700412419,58.566968328624625,91.37498913610449
319.311,-4.555388411613507,58.960319553016944,91.93020985476585
319.411,-4.605931143796013,59.35426433931089,92.2576763982854
319.511,-4.6843874132057834,59.71978194672772,92.36833641545836
319.611,-4.8043470603354095,60.03689376193586,92.28155749347042
319.711,-4.976881855816991,60.3023482801682,92.05214494706404
319.811,-5.207546314049381,60.528700741840105,91.78907413602418
319.911,-5.493473293192295,60.73522829422485,91.63871042149505
320.011,-5.823121634034685,60.93595044153752,91.73732197097553
320.111,-6.180078732091793,61.131302180400695,92.15979941931188
320.211,-6.549506902387542,61.307591740095184,92.8897189970999
320.311,-6.923282895842874,61.44423800415351,93.82318924701565
320.411,-7.300329172674431,61.525034648031735,94.80756699780504
320.511,-7.682316004092115,61.54799493704261,95.70329666746585
320.611,-8.068506431725709,61.529414716085626,96.44170626470394
320.711,-8.453746681362183,61.50066540232033,97.04712587005999
320.811,-8.830584900855982,61.49904709997814,97.60947884523738
320.911,-9.193145423148529,61.555757572423104,98.22295813784713
321.011,-9.539544022433844,61.68471230794298,98.92483533638071
321.111,-9.871462580087211,61.875850688143224,99.6644937179665
321.211,-10.191527438353724,62.095519387027046,100.31407753246079
321.311,-10.499560090929165,62.294216610714315,100.71334365521929
321.411,-10.788563341151097,62.419003304385136,100.7295842806478
321.511,-11.041900611044966,62.42599211662118,100.30841399663069
321.611,-11.234006617428946,62.2888298432173,99.49271970223568
321.711,-11.336284378841299,62.00150526576851,98.39875761721139
321.811,-11.32640517903625,61.57647444613701,97.16197288165851
321.911,-11.195183473170346,61.04042997955409,95.88740770347204
322.011,-10.94571782355436,60.42944902507259,94.63601359244545
322.111,-10.5860944999229,59.783784632516614,93.44510966037191
322.211,-10.123437315449515,59.14212686377554,92.35037063800313
322.311,-9.566087792315166,58.53615886998984,91.38141272991712
322.411,-8.932430291779006,57.987003959004646,90.5380737382294
322.511,-8.257375740336165,57.50444967514782,89.78077412424923
322.611,-7.588560267264789,57.08846537506269,89.05647323969264
322.711,-6.972870614115365,56.73190085755302,88.34397907632518
322.811,-6.441249117858362,56.423585564269864,87.67913147526325
322.911,-5.9998793258240255,56.15166593212706,87.13660935579777
323.011,-5.631062740217871,55.9071445127734,86.78292909370725
323.111,-5.302486825935496,55.686746274744756,86.6346425970557
323.211,-4.981085892740829,55.493120493313945,86.64099212016248
323.311,-4.646269475497334,55.330892091600035,86.68593068130798
323.411,-4.296607917380513,55.19995474875619,86.60164642285645
323.511,-3.9460759475936698,55.090285148371436,86.20058321370705
323.611,-3.6115325236488687,54.982265989264405,85.33412361256511
323.711,-3.2987103877136903,54.852939187574876,83.96269839221048
323.811,-2.9948615758756745,54.6847560887571,82.20033175275998
323.911,-2.671884363774474,54.47205059364719,80.30281152930426
324.011,-2.2977676446332964,54.222177327427964,78.59740941917913
324.111,-1.8502174351585197,53.95147210435645,77.37969771805693
324.211,-1.3262008206372258,53.6786464895033,76.81391792389253
324.311,-0.7442318175968694,53.4188058891801,76.86789226202232
324.411,-0.13981656539517218,53.180370549059326,77.3026600547594
324.511,0.4437263868885353,52.96541405440294,77.72903321934575
324.611,0.9666257325499998,52.7720337073183,77.73048449211812
324.711,1.4036952075742377,52.59665602813821,77.02159631626914
324.811,1.7521741875433179,52.435164529723146,75.57514176471248
324.911,2.0331671350681617,52.282988067888255,73.64618073129364
325.011,2.2842327699319185,52.13455789085612,71.66982368657547
325.111,2.544161357496776,51.982554470943334,70.08182344501841
325.211,2.836558406148157,51.81790057696915,69.15116230296216
325.311,3.1613210585880296,51.63151755327374,68.89431745163644
325.411,3.49830258683356,51.417506927504874,69.09038278187649
325.511,3.8193817281267144,51.175837341081724,69.37698920574175
325.611,4.101227789590418,50.91269493968054,69.38750965479456
325.711,4.332908287739848,50.63835523019662,68.87971961097381
325.811,4.516499630041672,50.363973246319155,67.80928083604763
325.911,4.662030875121495,50.09897272794689,66.32642342573847
326.011,4.779877973614049,49.85008642554843,64.7080025640556
326.111,4.874482941095582,49.62196917625172,63.25810414265082
326.211,4.942809587285883,49.418091849840174,62.213050910612964
326.311,4.978750166461843,49.240513080310606,61.67878030849087
326.411,4.980963338897169,49.08856598253376,61.61620744167432
326.511,4.958280291251153,48.95790402967966,61.87482661266347
326.611,4.927460151440581,48.841255924975805,62.25908683965467
326.711,4.904010915214922,48.73114206002849,62.60119242887177
326.811,4.893149847679641,48.62357602617194,62.81212206535622
326.911,4.88833861077303,48.52064211176378,62.89232426527961
327.011,4.878881848995466,48.42976908108122,62.903587199114966
327.111,4.861145946501072,48.35955236107895,62.92316845008155
327.211,4.845231502217327,48.31473198328846,63.00545795936941
327.311,4.851969065511227,48.2936583639133,63.16370470198112
327.411,4.901378801512976,48.28960375464386,63.36925351369443
327.511,4.998767910506778,48.294496230175035,63.560766579758635
327.611,5.125790810613676,48.302271489547195,63.659270477545505
327.711,5.241725939930699,48.30985885288547,63.588528199396734
327.811,5.296336774574485,48.31590195110573,63.30005993334376
327.911,5.250385298008158,48.31891132130455,62.79791879970725
328.011,5.094746021169399,48.31661408987151,62.152288411627126
328.111,4.857967684146473,48.30703623882343,61.4890693419331
328.211,4.597330767628215,48.29032345790561,60.95143420872465
328.311,4.377110653872023,48.26963049902412,60.64661409891295
328.411,4.244158779379099,48.25015360259139,60.60339184750906
328.511,4.211519468968319,48.236859328327746,60.76167170136142
328.611,4.2560226782149755,48.23232304875357,60.99814785471048
328.711,4.328830246435153,48.23577003074393,61.17389713419401
328.811,4.373067781459298,48.24351692053561,61.18203126159467
328.911,4.342186910649751,48.25038165874136,60.97967740839225
329.011,4.2145646777778225,48.25155386277934,60.599767503741205
329.111,4.0009551067246605,48.24460116564804,60.14269291054491
329.211,3.741843586165473,48.23127836033452,59.74737641913114
329.311,3.4938075229845396,48.21851598391068,59.54588342938398
329.411,3.308475228167069,48.21781152058963,59.614925036499116
329.511,3.2125512980707356,48.24270378364412,59.942169339380484
329.611,3.1987007228937046,48.30500126575662,60.42255430674088
329.711,3.2319733946045304,48.41129486332202,60.891772241905386
329.811,3.2673065676763215,48.56138054939065,61.189085300563846
329.911,3.2676782011049355,48.749382345807554,61.22334457440867
330.011,3.2141969762864733,48.96689312979248,61.009554402369204
330.111,3.105939542379673,49.20623636081978,60.65770178817172
330.211,2.95309929945833,49.46216008920592,60.32109068448625
330.311,2.7693774425809607,49.73181520970765,60.131452058729224
330.411,2.568478247766585,50.01402627462929,60.1528790869647
330.511,2.3654805558273395,50.30857525495769,60.3740287878243
330.611,2.1789137479919063,50.61544468976255,60.73474801007774
330.711,2.028154487458025,50.93385581619635,61.16498275886673
330.811,1.9253640481844343,51.26136201173053,61.61309519858615
330.911,1.8672814443840622,51.59366070967889,62.05518560451149
331.011,1.8336526326532052,51.92574652578472,62.49277203544031
331.111,1.794643381561059,52.25414883623336,62.949958882005404
331.211,1.723328402629697,52.5786818768584,63.47194314705246
331.311,1.6064853670981805,52.90182934648249,64.11788376375317
331.411,1.4489838554603907,53.22544999736228,64.94463891325374
331.511,1.2709280541773964,53.54678764703011,65.98712693423228
331.611,1.0992935448065353,53.85664906546706,67.24271402068209
331.711,0.9572923884328475,54.14130039793993,68.66196275800219
331.811,0.8557001987514496,54.38738196210214,70.14694922055024
331.911,0.7896766531896589,54.5874939539749,71.56335839886998
332.011,0.7419658010261259,54.743684858821986,72.77435340680199
332.111,0.6907592725313734,54.86705153260763,73.69324953915252
332.211,0.6192127190963674,54.97372635447588,74.33112232364002
332.311,0.5230674125660997,55.079321820097235,74.80430339517402
332.411,0.41291907629393165,55.194088297162494,75.28536660440167
332.511,0.3093680422768301,55.31998900467377,75.92095222245905
332.611,0.23265883015019995,55.450012945000765,76.76403375336729
332.711,0.19152960648168005,55.56978972027894,77.75457909238038
332.811,0.17657312500666933,55.66142456372021,78.74908544867331
332.911,0.1613804084381485,55.70911657155166,79.5781725920915
333.011,0.11167953155361232,55.705430768149704,80.1098354819976
333.111,-0.00048457183186911834,55.65607210117416,80.29956237631457
333.211,-0.18313714704927264,55.5805680566458,80.21076723862605
333.311,-0.4176954257261656,55.50759914014695,79.99685783878829
333.411,-0.6635768741528736,55.46633763544706,79.8498532918105
333.511,-0.8740282161148656,55.47706727827429,79.93122428897503
333.611,-1.0173146505291086,55.544462716667894,80.30707754219684
333.711,-1.0926525969326377,55.65587964982898,80.9146235929624
333.811,-1.1308636575631894,55.78569299014317,81.58359252543472
333.911,-1.1779916611671837,55.904932962300066,82.11404802347403
334.011,-1.27130629757675,55.99285948043772,82.37509355179914
334.111,-1.4219639047045902,56.04491222360158,82.36638002052716
334.211,-1.6129707352230582,56.072334534347,82.20534102222807
334.311,-1.810472609459552,56.09365960154174,82.05464172373293
334.411,-1.9796200441555385,56.12385373501879,82.0390780372029
334.511,-2.0968986978830912,56.16815364247309,82.19521269709327
334.611,-2.155668363620059,56.22335740968304,82.46872144136188
334.711,-2.1658292791123444,56.283747703950034,82.74979008788324
334.811,-2.1497819690516593,56.34659753593168,82.92657406014865
334.911,-2.1359861004069316,56.41391136453375,82.93712461977184
335.011,-2.150700370722518,56.490179215425435,82.80146882865671
335.111,-2.2092630064876175,56.57820888859347,82.61799029807187
335.211,-2.3099046047811314,56.675819072194194,82.52308429117069
335.311,-2.4337778593744517,56.77546873681258,82.63528572823014
335.411,-2.5530107413292242,56.8671202225624,83.0115443871051
335.511,-2.644220175249629,56.94251003595751,83.62785866901312
335.611,-2.700799675272478,56.99793155364557,84.3798575594905
335.711,-2.736880153203181,57.0337628344855,85.09935483294166
335.811,-2.780176397979517,57.05160320152999,85.59227180170753
335.911,-2.857405903740137,57.051703865973074,85.69856186398854
336.011,-2.980111601971764,57.03278839562695,85.3530638540934
336.111,-3.13790271351845,56.994149216529095,84.61485406914458
336.211,-3.3018803234714724,56.93832425438581,83.64971822071242
336.311,-3.436599142775293,56.87282356111004,82.67668826662357
336.411,-3.5157268153757926,56.81023893646214,81.90015495756367
336.511,-3.5345364900185103,56.766421074654545,81.44658813549661
336.611,-3.512658016583508,56.75663482060195,81.32336585231384
336.711,-3.4847984651495096,56.790402029108996,81.41667394421567
336.811,-3.4838291870568767,56.8666753488003,81.53754762360617
336.911,-3.5248347623029517,56.97129735304591,81.50683276424792
337.011,-3.5976128246544476,57.07823370191615,81.24625241818465
337.111,-3.670685804653438,57.15500740777073,80.82866918545464
337.211,-3.705330559733241,57.17136527722349,80.45458847312474
337.311,-3.674303199056766,57.10881062374766,80.3630733595905
337.411,-3.576748575385814,56.96765436010472,80.72388146607638
337.511,-3.4405628384802966,56.76842731432233,81.5648181536643
337.611,-3.3093875189661404,56.546549251769186,82.76474001904975
337.711,-3.2210766494544245,56.342278227252066,84.10915143788543
337.811,-3.1899229515928766,56.189957064024576,85.37893666360189
337.911,-3.201818939393611,56.11025769194157,86.43102759977026
338.011,-3.2236988215882505,56.107513520696486,87.2363079525621
338.111,-3.221931684908057,56.17243308792535,87.8629320190108
338.211,-3.180971197616664,56.28848974418715,88.42068121384786
338.311,-3.113427922380964,56.43867881998752,88.99800350888546
338.411,-3.0563396123700883,56.60969965571178,89.62065634375939
338.511,-3.055211197170948,56.79303516092952,90.24600362659486
338.611,-3.143605428961969,56.98462900135663,90.79143564076905
338.711,-3.3277575543926616,57.184825876828846,91.18311354113233
338.811,-3.582624250866253,57.398421039202454,91.40190092533963
338.911,-3.8604530225326954,57.633480846335566,91.5024583185137
339.011,-4.107908861584939,57.898413608567346,91.59405520645905
339.111,-4.2847978407518,58.198333616534676,91.79063503076341
339.211,-4.377458940085546,58.532297109015744,92.15188008893065
339.311,-4.402718083807024,58.892490406759315,92.64235901583136
339.411,-4.402331436022713,59.26576591043301,93.13100994030818
339.511,-4.430974506900625,59.637170002653484,93.43673961145117
339.611,-4.541815068225041,59.99411854715731,93.4030593286094
339.711,-4.7730552466025955,60.32909045476565,92.96872391755505
339.811,-5.138152670522906,60.63904394614417,92.2028999078463
339.911,-5.6223695540562915,60.92169989225287,91.29033779680141
340.011,-6.1874751504446905,61.17133409542316,90.4728391865732
340.111,-6.7834331617920895,61.37753617501404,89.96865449438363
340.211,-7.361898627680851,61.52840626377755,89.89940333621993
340.311,-7.884762292811452,61.61639189837867,90.25497598139599
340.411,-8.324486376805993,61.64315258277378,90.91560591907279
340.511,-8.659825939476917,61.62068857794922,91.72175359606813
340.611,-8.874336465209979,61.568324765780076,92.55032174651087
340.711,-8.961445766745747,61.5071800790073,93.35078492528024
340.811,-8.932461724567993,61.45460036758948,94.12650331238574
340.911,-8.82002441593604,61.42066874764416,94.88536536028803
341.011,-8.672060997320308,61.40771385074907,95.5988679448059
341.111,-8.537491725147717,61.41237605309374,96.19660931471009
341.211,-8.45010938964122,61.42885483372489,96.59680919180079
341.311,-8.418037633160786,61.451690794065534,96.7495498320223
341.411,-8.42315497508632,61.47688156495567,96.66376050634935
341.511,-8.43038982292309,61.50112332820669,96.40379260054023
341.611,-8.402693348808377,61.52000960894123,96.06273736768307
341.711,-8.314822354098553,61.526594518861586,95.73141258258187
341.811,-8.15990069675636,61.51161344977786,95.47841402003125
341.911,-7.94765607517423,61.46587783934681,95.344730709806
342.011,-7.698114673675093,61.38420932226525,95.34758436455174
342.111,-7.43517342506496,61.26920103446308,95.48567009048371
342.211,-7.182270729458395,61.13250898014091,95.73822732896643
342.311,-6.9607191917776206,60.99188301557207,96.0542927161608
342.411,-6.79002717608973,60.86429264291048,96.33981895950242
342.511,-6.687753577564322,60.758403854056404,96.46216299241767
342.611,-6.6661685441169,60.67083896586126,96.28724208325379
342.711,-6.72603584794151,60.58863948128249,95.73997323759112
342.811,-6.851647450199749,60.496620019121885,94.85354488113538
342.911,-7.011708653596116,60.38559121157369,93.77340199708125
343.011,-7.167073306401299,60.257242714902155,92.71001142153057
343.111,-7.281788754792764,60.123487015764354,91.86552841493811
343.211,-7.3322581478267566,60.00080165781472,91.3678435613299
343.311,-7.311508149706192,59.90216890731832,91.2323427045927
343.411,-7.228574495587374,59.83017842467862,91.35788632130784
343.511,-7.103835003571049,59.77467475408147,91.55972679843418
343.611,-6.960844243199894,59.71664156641866,91.63833360488842
343.711,-6.816785175739469,59.63710536278067,91.46587893404238
343.811,-6.676282693764193,59.527117773630295,91.04826788189582
343.911,-6.53297671161085,59.39377506270632,90.52008602794695
344.011,-6.378469045223106,59.25853948429978,90.06932127652433
344.111,-6.212716251327656,59.14779391711757,89.83789063483353
344.211,-6.048612103106947,59.07998949721712,89.85720397017768
344.311,-5.907636821872067,59.05607850524851,90.04895697996238
344.411,-5.809548028443949,59.058401699536965,90.27971182894747
344.511,-5.762490646082377,59.05877456277194,90.43049307074608
344.611,-5.75888385478072,59.031709927396456,90.44019027397563
344.711,-5.778395021920765,58.96589198499939,90.30381185639834
344.811,-5.794853082751253,58.86779877949583,90.04051298222076
344.911,-5.782277484874157,58.75581354935568,89.66603014075504
345.011,-5.718066191253811,58.64876856432984,89.19222580091252
345.111,-5.585761180025926,58.555814689705635,88.64598801036202
345.211,-5.3800886827647005,58.47296077211365,88.08214526020076
345.311,-5.112314856818742,58.387203183962335,87.5745651342785
345.411,-4.810116593642391,58.28496942695036,87.19119486436091
345.511,-4.508657876918647,58.15969591609684,86.97075113660225
345.611,-4.236853837526375,58.01434070451357,86.91455444061368
345.711,-4.007539218380877,57.85800481701459,86.99403026749354
345.811,-3.8174139086995993,57.69971311686474,87.16374013115563
345.911,-3.655186192424175,57.54396872826988,87.36969321868963
346.011,-3.5112926989203075,57.39064955323065,87.55178295540905
346.111,-3.3831746372912903,57.23806798968115,87.64618509937351
346.211,-3.2741355764810436,57.08586438939064,87.59134342999019
346.311,-3.18786168206843,56.935401338239146,87.3357196080898
346.411,-3.1228078964367185,56.788169520511566,86.84487745837605
346.511,-3.0700804209580497,56.64460876368047,86.1089010619648
346.611,-3.0157326606184753,56.50491935823258,85.15196352174878
346.711,-2.9457078072338376,56.3708279592167,84.04101467512787
346.811,-2.850938537754793,56.24565793178188,82.88523499171704
346.911,-2.7310391996872454,56.13137701764998,81.81894323625158
347.011,-2.5958935863116324,56.02457658539694,80.96808558741519
347.111,-2.4645243741666363,55.91530503056304,80.40960818365527
347.211,-2.360632881986568,55.791088119964265,80.14027192664538
347.311,-2.3048830140986922,55.644515933042534,80.0734168693666
347.411,-2.3055070704197007,55.47966490749058,80.07337161888763
347.511,-2.3506910278182858,55.31263794039526,80.0160640832669
347.611,-2.40728658961757,55.164793984287556,79.84326191240193
347.711,-2.429120414234717,55.0519283857028,79.57775046760513
347.811,-2.373810812299915,54.975641224608076,79.2928818196416
347.911,-2.2213226008396774,54.9220970233901,79.06034353282662
348.011,-1.9847208134697425,54.868909180079434,78.90919831858922
348.111,-1.7069637694612894,54.796047061998735,78.81472948631779
348.211,-1.4453552952506783,54.694527114018136,78.71357331188379
348.311,-1.2516751550984466,54.568273369035175,78.52803125680279
348.411,-1.1566728660743664,54.42880448050671,78.18458731895603
348.511,-1.1632578300879146,54.28674346538164,77.62637768469433
348.611,-1.2476657346586606,54.14572374441465,76.83162893412235
348.711,-1.3659491545903748,54.00207848937777,75.84233984885037
348.811,-1.4644440082973418,53.84962493447192,74.78351220005067
348.911,-1.4937791748977673,53.68581021789898,73.84368896258434
349.011,-1.423515869362987,53.51497298119925,73.21206239037507
349.111,-1.2511315914515606,53.346409248922704,73.00259940512198
349.211,-1.000432020996577,53.188456560846056,73.20533767219052
349.311,-0.7109830359467182,53.042951993645104,73.68607893248223
349.411,-0.4252262137056775,52.90441914775224,74.23104174695402
349.511,-0.17864879085325924,52.764497911650345,74.61777100788409
349.611,0.0063223041024613735,52.61766881912597,74.6865711084436
349.711,0.12398820208004935,52.46358133508558,74.3850074881802
349.811,0.18576139445489304,52.30497095474277,73.76618454382854
349.911,0.2148634301450656,52.14432187172929,72.94303094556626
350.011,0.2360497068706806,51.982857858842785,72.02613144754167
350.111,0.26607752851219146,51.82221207896185,71.0828490689986
350.211,0.31104370462338693,51.66611948211372,70.13931822602517
350.311,0.37131501016127544,51.51972141774909,69.21450788987259
350.411,0.4488738017333418,51.38672389966747,68.35267879084842
350.511,0.5504101440723019,51.2665714702002,67.62474271567436
350.611,0.6831372631898063,51.15339920942156,67.0953127825673
350.711,0.8464896577005874,51.03712218950154,66.78051406108983
350.811,1.0267220197832287,50.90630201121232,66.63034395934145
350.911,1.1992972511634932,50.75219916902503,66.55053320695016
351.011,1.337886424286303,50.5728750885367,66.44883889322685
351.111,1.4245534199765402,50.375766920470696,66.2763087896064
351.211,1.4559913363682213,50.177495018087996,66.04353976146847
351.311,1.4435596617663151,50.00045661182955,65.80957475657863
351.411,1.4077638101683334,49.86665792895053,65.6510086974842
351.511,1.369972806070912,49.790354025620886,65.62216551971538
351.611,1.3452811604874029,49.772019249113924,65.72135956415892
351.711,1.3395675876784097,49.796222299060794,65.88098257165075
351.811,1.3509658129110917,49.83487649635199,65.99094959606202
351.911,1.3731993587317888,49.85536199030995,65.94500595009964
352.011,1.3978757868183607,49.83095175383199,65.68254225453836
352.111,1.4149526086047928,49.749815947757966,65.20219603947564
352.211,1.4129985001624092,49.619072411098045,64.54573158899399
352.311,1.3813635736522585,49.461835313308946,63.77057347585324
352.411,1.3146196053720942,49.307910310663736,62.93149140277522
352.511,1.2171640925573683,49.181892677683926,62.079369491739456
352.611,1.1045770253614933,49.09397559314047,61.26879367437
352.711,0.9994099498851838,49.03740241408768,60.557226366964116
352.811,0.9226248286450769,48.993123228887164,59.98594864852751
352.911,0.8856687283225426,48.93898626930893,59.55412261844667
353.011,0.8883782122935813,48.85916507329472,59.21217666881691
353.111,0.9233526827842198,48.749932413882654,58.88954740623669
353.211,0.9821000226850529,48.61999315612478,58.54043319211682
353.311,1.057440391033893,48.48614391847351,58.170562963153486
353.411,1.1411029063154388,48.36667368811983,57.82211218440692
353.511,1.2205998564811793,48.27530242479285,57.53043583987096
353.611,1.2801108696694499,48.21784777342783,57.28916574273799
353.711,1.305761794098963,48.19235552778052,57.050541988689346
353.811,1.2911563987468995,48.191714957113355,56.75885756619111
353.911,1.2390581163105594,48.20694547905396,56.39112356457862
354.011,1.1590626062316502,48.22976478758882,55.97598610805689
354.111,1.0641543200342198,48.25393083643409,55.579612223244965
354.211,0.9683431699703107,48.27540088510626,55.27112634536002
354.311,0.8851409202541518,48.29157599294909,55.09237412455049
354.411,0.8258718364705615,48.30010597466521,55.050723344189564
354.511,0.7981542121578684,48.29790316007795,55.13524897198765
354.611,0.8059137086842867,48.280929565956264,55.33828874114069
354.711,0.8510971784740917,48.244927098465745,55.6600930633019
354.811,0.9350069197204647,48.18673698750147,56.0899765207574
354.911,1.0569041185737333,48.10551894274587,56.580231549533565
355.011,1.210212958762348,48.00336223862228,57.037959145643796
355.111,1.3795796069736568,47.88540811867854,57.34775278077697
355.211,1.5421848322592595,47.75986316122841,57.41560087628743
355.311,1.6742667208469584,47.63760699674518,57.20828134383538
355.411,1.7606132376236943,47.53050148471755,56.76563644497577
355.511,1.801950966120323,47.448335790171804,56.18273049443624
355.611,1.814632446184227,47.39585013423771,55.57571271927911
355.711,1.8210817388167513,47.371565651416,55.046574813168206
355.811,1.8359681037331868,47.368940070860276,54.65610563180549
355.911,1.856249352352009,47.37902419455257,54.411815429483894
356.011,1.8607197110580245,47.39329666678328,54.275897996199575
356.111,1.8194118411043618,47.40565041179483,54.1912387684508
356.211,1.7084590700300808,47.41312009655292,54.11311951369176
356.311,1.5235613653655165,47.41548742365468,54.02945246885302
356.411,1.2860517845094606,47.41421619655251,53.959033713153545
356.511,1.0389082261672442,47.41125482512957,53.93132166533856
356.611,0.8336583677177956,47.408144193094444,53.962380312881535
356.711,0.7123792567658356,47.405640565424726,54.042661422633884
356.811,0.6919333010647435,47.40380787843852,54.142824072805666
356.911,0.7580112920054489,47.40236492829954,54.230292263055816
357.011,0.8724808492857576,47.40104542146869,54.28235412517061
357.111,0.9906078629744641,47.39980800702398,54.287030272529066
357.211,1.079160674679791,47.398843706131615,54.2351788453591
357.311,1.1262739152441767,47.398426046338365,54.11529551378963
357.411,1.1397685532797013,47.39871689196363,53.919379651349615
357.511,1.137648711377416,47.399647019730686,53.65655868480141
357.611,1.1373237643545977,47.40092563221524,53.36208052121347
357.711,1.1484344740516619,47.402148971088636,53.09274572505659
357.811,1.1711696440713197,47.40293795512033,52.911292826496634
357.911,1.199444694791218,47.4030500370539,52.86760633902793
358.011,1.2263886042620342,47.402445578972525,52.981102385399495
358.111,1.2487792738139873,47.40130502887049,53.227716989334226
358.211,1.267986390363859,47.3999854029455,53.54099981794657
358.311,1.28721559275521,47.398905313150294,53.83692393497759
358.411,1.3073146415966193,47.39838514967843,54.055482089450564
358.511,1.3245086648574826,47.398518967723724,54.19208619088363
358.611,1.3317863102013021,47.39915449589292,54.29315906250103
358.711,1.3224189426241182,47.39998812602031,54.41668463537586
358.811,1.2926019161181017,47.40070614907612,54.58531592640533
358.911,1.241743747419143,47.4010915771221,54.76379603427476
359.011,1.1713009732205464,47.401061569918,54.87453845490718
359.111,1.083954956108812,47.40064878486799,54.84093113258723
359.211,0.9841091267730988,47.399957040235094,54.63200899201679
359.311,0.8791268441816129,47.39911228273824,54.2828988750054
359.411,0.7796550617585893,47.39821497942179,53.88195985107683
359.511,0.6976512514300595,47.39729592094425,53.535519466852534
359.611,0.6424298286147021,47.39628883957323,53.32993729481392
359.711,0.6172100992077247,47.3950542088884,53.30593193924646
359.811,0.6191258072140187,47.39349589984136,53.450669106408824
359.911,0.6430876581351797,47.39177043787079,53.70632091554536
360.011,0.6863755737671582,47.39049293498465,53.990334840070105
360.111,0.7499500853853505,47.39075907639645,54.22099536075764
360.211,0.8349864194179659,47.39382105590133,54.34104081050714
360.311,0.9368652392957202,47.40040535465157,54.33229306608406
360.411,1.041126102618371,47.40987587817943,54.21667656305672
360.511,1.1251982762563557,47.41962247232474,54.043656790683045
360.611,1.166550671521854,47.425105826318074,53.8694721989998
360.711,1.1540122289669767,47.420858806549525,53.737625730567416
360.811,1.0961387703766547,47.40241165015047,53.669896151028695
360.911,1.020469180174473,47.368628505708266,53.67049307350797
361.011,0.9618651199203896,47.323480787461484,53.73670591141048
361.111,0.9454858156019199,47.27610400819259,53.865909077372976
361.211,0.97476547171064,47.23840036646814,54.05437992102368
361.311,1.0317612874951578,47.220651182437024,54.2907995492362
361.411,1.0882736382887614,47.22716873660707,54.549055076416636
361.511,1.1196040128259028,47.25459302171382,54.78426600146332
361.611,1.1139475259804996,47.293942191676486,54.93750136180256
361.711,1.0754066812749628,47.33497509351975,54.95300435405565
361.811,1.021230490076242,47.370166279794425,54.80222962225015
361.911,0.9740963143246475,47.39643912637267,54.50090796297884
362.011,0.9518580398461864,47.41444826537756,54.10950994018897
362.111,0.9598418118832583,47.4263202135995,53.71810537220806
362.211,0.990249909644966,47.43314524336969,53.42132452999897
362.311,1.0286411675990763,47.43342880995783,53.28885063103908
362.411,1.0629037596556046,47.42328900863669,53.33928191426371
362.511,1.0892946720005554,47.39849280564532,53.52905280571103
362.611,1.1127521681474661,47.35760475050132,53.76665746431084
362.711,1.142261806914405,47.30481539476905,53.952256371329995
362.811,1.1843627183121939,47.25073699236166,54.02670336662902
362.911,1.2380494051736832,47.209966641599614,54.003168438556784
363.011,1.2928607998980226,47.195747717755665,53.9608320467856
363.111,1.3303591114403375,47.21409907299359,54.00130956984471
363.211,1.328653724189735,47.260712969142084,54.18877125425345
363.311,1.2695345939965392,47.32240901000397,54.50246802972396
363.411,1.1467328866134565,47.38202348046941,54.825534554392476
363.511,0.9720585171729113,47.42394891844029,54.98042831070114
363.611,0.7757592688010604,47.43815936337518,54.80203476337918
363.711,0.5996332102116639,47.422124279115906,54.21933855545967
363.811,0.48477463570603163,47.38097011221371,53.305727250613444
363.911,0.4580400729017384,47.32625556319882,52.26790501325864
364.011,0.5218536770282611,47.27331859172649,51.37471832289705
364.111,0.6514320686998545,47.237077710095434,50.86058711786524
364.211,0.8015096849524639,47.22695937474281,50.84823961881722
364.311,0.9208679212147786,47.24298483929761,51.318032742260314
364.411,0.9694770494063221,47.275550555213435,52.12621837618393
364.511,0.9324174709279305,47.30981234076855,53.059236228874624
364.611,0.8264758950306472,47.33272177494536,53.90424756871454
364.711,0.6972678944416728,47.339081613455235,54.511979117329076
364.811,0.6066879562420837,47.333631424458325,54.83014960110246
364.911,0.6132642252699085,47.328212680838455,54.89801518475559
365.011,0.7510059935531572,47.33524141012656,54.80881958054938
365.111,1.0142442989254192,47.36054578676752,54.65964338135841
365.211,1.355656953280615,47.39957403709005,54.51398835857374
