Format Version,1.23,Take Name,MDC_data_1785304038,Take Notes,,Capture Frame Rate,10,Export Frame Rate,10,Capture Start Time,2026-07-29 03:47:28 PM,Total Frames in Take,,Total Exported Frames,,Rotation Type,XYZ,Length Units,Meters,Coordinate Space,Global

,Type,Rigid Body Marker,Rigid Body Marker,Rigid Body Marker,Rigid Body Marker,Rigid Body Marker,Rigid Body Marker,Rigid Body Marker,Rigid Body Marker,Rigid Body Marker,Rigid Body Marker,Rigid Body Marker,Rigid Body Marker,Marker,Marker,Marker,Marker,Marker,Marker,Marker,Marker,Marker
,Name,Tag0,Tag0,Tag0,Tag1,Tag1,Tag1,Tag2,Tag2,Tag2,Midpoint,Midpoint,Midpoint,Purple,Purple,Purple,Pink,Pink,Pink,Green,Green,Green
,ID,Tag0,Tag0,Tag0,Tag1,Tag1,Tag1,Tag2,Tag2,Tag2,Midpoint,Midpoint,Midpoint,Purple,Purple,Purple,Pink,Pink,Pink,Green,Green,Green
,,Position,Position,Position,Position,Position,Position,Position,Position,Position,Position,Position,Position,Position,Position,Position,Position,Position,Position,Position,Position,Position
Timestamp,Time (Seconds),X,Y,Z,X,Y,Z,X,Y,Z,X,Y,Z,X,Y,Z,X,Y,Z,X,Y,Z
2026-07-29 15:47:28.865,0.000000,0.000000,0.000000,0.000000,0.343227,-0.377054,-0.222767,0.143192,-0.368163,-0.226451,0.243210,-0.372608,-0.224609,0.221432,-0.405232,-0.191922,0.240772,-0.406828,-0.149030,0.264459,-0.403549,-0.190357
2026-07-29 15:47:28.965,0.100000,0.000000,0.000000,0.000000,0.343842,-0.380130,-0.223245,0.143806,-0.371239,-0.226929,0.243824,-0.375685,-0.225087,0.222047,-0.408309,-0.192399,0.241387,-0.409904,-0.149508,0.265153,-0.405610,-0.190873
2026-07-29 15:47:29.065,0.200000,0.000000,0.000000,0.000000,0.324452,-0.384684,-0.231094,0.124894,-0.366226,-0.232877,0.224673,-0.375455,-0.231985,0.201834,-0.408140,-0.199563,0.221454,-0.411224,-0.156880,0.245027,-0.407299,-0.198392
2026-07-29 15:47:29.165,0.300000,0.000000,0.000000,0.000000,0.324463,-0.389785,-0.231483,0.125432,-0.370338,-0.233334,0.224947,-0.380061,-0.232409,0.202369,-0.410217,-0.200119,0.221933,-0.414316,-0.157410,0.245384,-0.411402,-0.198898
2026-07-29 15:47:29.265,0.400000,0.000000,0.000000,0.000000,0.324931,-0.387776,-0.231624,0.125491,-0.371357,-0.233262,0.225211,-0.379567,-0.232443,0.202313,-0.411232,-0.200093,0.221933,-0.414316,-0.157410,0.245506,-0.410391,-0.198922
2026-07-29 15:47:29.365,0.500000,0.000000,0.000000,0.000000,0.324058,-0.384658,-0.230847,0.124852,-0.367235,-0.232555,0.224455,-0.375946,-0.231701,0.201654,-0.407091,-0.198659,0.221294,-0.410193,-0.156704,0.244745,-0.407280,-0.198192
2026-07-29 15:47:29.465,0.599999,0.000000,0.000000,0.000000,0.342408,-0.372952,-0.222130,0.142372,-0.364061,-0.225814,0.242390,-0.368507,-0.223972,0.220612,-0.401131,-0.191285,0.239910,-0.403744,-0.148419,0.263718,-0.398432,-0.189758
2026-07-29 15:47:29.565,0.699999,0.000000,0.000000,0.000000,0.343227,-0.377054,-0.222767,0.143192,-0.368163,-0.226451,0.243210,-0.372608,-0.224609,0.221418,-0.404189,-0.191234,0.240772,-0.406828,-0.149030,0.264538,-0.402533,-0.190395
2026-07-29 15:47:29.665,0.799999,0.000000,0.000000,0.000000,0.340842,-0.370882,-0.221597,0.141758,-0.360984,-0.225337,0.241300,-0.365933,-0.223467,0.219998,-0.398054,-0.190807,0.239295,-0.400667,-0.147941,0.263104,-0.395355,-0.189280
2026-07-29 15:47:29.765,0.899999,0.000000,0.000000,0.000000,0.323300,-0.384619,-0.230869,0.124793,-0.366215,-0.232627,0.224047,-0.375417,-0.231748,0.201730,-0.406095,-0.199412,0.221294,-0.410193,-0.156704,0.244745,-0.407280,-0.198192
2026-07-29 15:47:29.865,0.999999,0.000000,0.000000,0.000000,0.325016,-0.390842,-0.231907,0.125751,-0.372399,-0.233688,0.225384,-0.381620,-0.232797,0.202632,-0.413293,-0.200447,0.222252,-0.416377,-0.157764,0.245825,-0.412452,-0.199275
2026-07-29 15:47:29.965,1.099999,0.000000,0.000000,0.000000,0.324133,-0.382623,-0.230741,0.124575,-0.364165,-0.232523,0.224354,-0.373394,-0.231632,0.201515,-0.406079,-0.199210,0.221135,-0.409163,-0.156527,0.244708,-0.405238,-0.198038
2026-07-29 15:47:30.065,1.199999,0.000000,0.000000,0.000000,0.325410,-0.390868,-0.232154,0.125969,-0.374449,-0.233792,0.225690,-0.382658,-0.232973,0.202792,-0.414324,-0.200623,0.222412,-0.417408,-0.157941,0.245985,-0.413483,-0.199452
2026-07-29 15:47:30.165,1.299999,0.000000,0.000000,0.000000,0.343432,-0.378080,-0.222926,0.143397,-0.369188,-0.226611,0.243414,-0.373634,-0.224768,0.221637,-0.406258,-0.192081,0.240977,-0.407853,-0.149189,0.264664,-0.404574,-0.190516
2026-07-29 15:47:30.265,1.399999,0.000000,0.000000,0.000000,0.342216,-0.373965,-0.222046,0.142372,-0.364061,-0.225814,0.242294,-0.369013,-0.223930,0.220612,-0.401131,-0.191285,0.239953,-0.402726,-0.148393,0.263718,-0.398432,-0.189758
2026-07-29 15:47:30.365,1.499999,0.000000,0.000000,0.000000,0.324612,-0.385715,-0.231271,0.125113,-0.368276,-0.232981,0.224862,-0.376995,-0.232126,0.202050,-0.408156,-0.199765,0.221614,-0.412255,-0.157057,0.245065,-0.409341,-0.198545
2026-07-29 15:47:30.465,1.599998,0.000000,0.000000,0.000000,0.324931,-0.387776,-0.231624,0.125432,-0.370338,-0.233334,0.225181,-0.379057,-0.232479,0.202313,-0.411232,-0.200093,0.221933,-0.414316,-0.157410,0.245506,-0.410391,-0.198922
2026-07-29 15:47:30.565,1.699998,0.000000,0.000000,0.000000,0.324697,-0.388780,-0.231554,0.125432,-0.370338,-0.233334,0.225064,-0.379559,-0.232444,0.202313,-0.411232,-0.200093,0.221933,-0.414316,-0.157410,0.245506,-0.410391,-0.198922
2026-07-29 15:47:30.665,1.799998,0.000000,0.000000,0.000000,0.324612,-0.385715,-0.231271,0.125113,-0.368276,-0.232981,0.224862,-0.376995,-0.232126,0.202029,-0.408138,-0.199037,0.221614,-0.412255,-0.157057,0.245065,-0.409341,-0.198545
2026-07-29 15:47:30.765,1.899998,0.000000,0.000000,0.000000,0.324171,-0.387737,-0.231646,0.125491,-0.371357,-0.233262,0.224831,-0.379547,-0.232454,0.202321,-0.410707,-0.199378,0.221933,-0.414316,-0.157410,0.245506,-0.410391,-0.198922
2026-07-29 15:47:30.865,1.999998,0.000000,0.000000,0.000000,0.324697,-0.388780,-0.231554,0.125373,-0.369318,-0.233407,0.225035,-0.379049,-0.232480,0.202369,-0.410217,-0.200119,0.221933,-0.414316,-0.157410,0.245384,-0.411402,-0.198898
2026-07-29 15:47:30.965,2.099998,0.000000,0.000000,0.000000,0.324331,-0.388768,-0.231823,0.125591,-0.371368,-0.233511,0.224961,-0.380068,-0.232667,0.202472,-0.412262,-0.200270,0.222092,-0.415347,-0.157587,0.245544,-0.412433,-0.199075
2026-07-29 15:47:31.065,2.199998,0.000000,0.000000,0.000000,0.341648,-0.372946,-0.222159,0.142372,-0.364061,-0.225814,0.242010,-0.368503,-0.223987,0.220626,-0.400115,-0.191326,0.239953,-0.402726,-0.148393,0.263639,-0.399447,-0.189720
2026-07-29 15:47:31.165,2.299998,0.000000,0.000000,0.000000,0.341047,-0.371908,-0.221756,0.141861,-0.360995,-0.225585,0.241454,-0.366451,-0.223671,0.220203,-0.399080,-0.190966,0.239543,-0.400675,-0.148075,0.263309,-0.396381,-0.189440
2026-07-29 15:47:31.265,2.399998,0.000000,0.000000,0.000000,0.324378,-0.386719,-0.231200,0.125113,-0.368276,-0.232981,0.224745,-0.377498,-0.232090,0.201973,-0.409153,-0.199012,0.221614,-0.412255,-0.157057,0.245065,-0.409341,-0.198545
2026-07-29 15:47:31.365,2.499998,0.000000,0.000000,0.000000,0.323300,-0.384619,-0.230869,0.124793,-0.366215,-0.232627,0.224047,-0.375417,-0.231748,0.201674,-0.407109,-0.199386,0.221294,-0.410193,-0.156704,0.244806,-0.406774,-0.198203
2026-07-29 15:47:31.465,2.599998,0.000000,0.000000,0.000000,0.325410,-0.390868,-0.232154,0.125852,-0.372410,-0.233937,0.225631,-0.381639,-0.233046,0.202792,-0.414324,-0.200623,0.222412,-0.417408,-0.157941,0.245863,-0.414494,-0.199429
2026-07-29 15:47:31.565,2.699997,0.000000,0.000000,0.000000,0.342613,-0.373978,-0.222289,0.142577,-0.365086,-0.225974,0.242595,-0.369532,-0.224132,0.220817,-0.402156,-0.191444,0.240158,-0.403751,-0.148552,0.263923,-0.399457,-0.189917
2026-07-29 15:47:31.665,2.799997,0.000000,0.000000,0.000000,0.325250,-0.389837,-0.231978,0.125692,-0.371379,-0.233760,0.225471,-0.380608,-0.232869,0.202688,-0.412278,-0.200472,0.222339,-0.415363,-0.157723,0.245825,-0.412452,-0.199275
2026-07-29 15:47:31.765,2.899997,0.000000,0.000000,0.000000,0.324378,-0.386719,-0.231200,0.125113,-0.368276,-0.232981,0.224745,-0.377498,-0.232090,0.201994,-0.409171,-0.199740,0.221700,-0.411240,-0.157017,0.245065,-0.409341,-0.198545
2026-07-29 15:47:31.865,2.999997,0.000000,0.000000,0.000000,0.323973,-0.381592,-0.230564,0.124474,-0.364154,-0.232274,0.224224,-0.372873,-0.231419,0.201355,-0.405048,-0.199033,0.220975,-0.408132,-0.156350,0.244548,-0.404207,-0.197862
2026-07-29 15:47:31.965,3.099997,0.000000,0.000000,0.000000,0.343022,-0.376029,-0.222608,0.142987,-0.367137,-0.226292,0.243005,-0.371583,-0.224450,0.221227,-0.404207,-0.191763,0.240567,-0.405802,-0.148871,0.264254,-0.402523,-0.190198
2026-07-29 15:47:32.065,3.199997,0.000000,0.000000,0.000000,0.342408,-0.372952,-0.222130,0.142372,-0.364061,-0.225814,0.242390,-0.368507,-0.223972,0.220585,-0.401102,-0.190558,0.239953,-0.402726,-0.148393,0.263718,-0.398432,-0.189758
2026-07-29 15:47:32.165,3.299997,0.000000,0.000000,0.000000,0.324058,-0.384658,-0.230847,0.124793,-0.366215,-0.232627,0.224426,-0.375436,-0.231737,0.201674,-0.407109,-0.199386,0.221294,-0.410193,-0.156704,0.244867,-0.406268,-0.198215
2026-07-29 15:47:32.265,3.399997,0.000000,0.000000,0.000000,0.342626,-0.376016,-0.222364,0.142782,-0.366112,-0.226133,0.242704,-0.371064,-0.224249,0.221022,-0.403181,-0.191603,0.240363,-0.404777,-0.148712,0.264128,-0.400483,-0.190077
2026-07-29 15:47:32.365,3.499997,0.000000,0.000000,0.000000,0.342672,-0.378073,-0.222956,0.143295,-0.368173,-0.226699,0.242984,-0.373123,-0.224827,0.221637,-0.406258,-0.192081,0.240977,-0.407853,-0.149189,0.264743,-0.403559,-0.190554
2026-07-29 15:47:32.465,3.599997,0.000000,0.000000,0.000000,0.324612,-0.385715,-0.231271,0.125113,-0.368276,-0.232981,0.224862,-0.376995,-0.232126,0.202050,-0.408156,-0.199765,0.221614,-0.412255,-0.157057,0.245187,-0.408330,-0.198568
2026-07-29 15:47:32.565,3.699996,0.000000,0.000000,0.000000,0.324970,-0.392890,-0.232530,0.126230,-0.375491,-0.234218,0.225600,-0.384190,-0.233374,0.203111,-0.416385,-0.200977,0.222731,-0.419469,-0.158294,0.246304,-0.415544,-0.199805
2026-07-29 15:47:32.665,3.799996,0.000000,0.000000,0.000000,0.342057,-0.374997,-0.222478,0.142782,-0.366112,-0.226133,0.242420,-0.370554,-0.224305,0.221022,-0.403181,-0.191603,0.240363,-0.404777,-0.148712,0.264128,-0.400483,-0.190077
2026-07-29 15:47:32.765,3.899996,0.000000,0.000000,0.000000,0.341998,-0.370901,-0.221812,0.141962,-0.362010,-0.225496,0.241980,-0.366456,-0.223654,0.220203,-0.399080,-0.190966,0.239543,-0.400675,-0.148075,0.263309,-0.396381,-0.189440
2026-07-29 15:47:32.865,3.999996,0.000000,0.000000,0.000000,0.342408,-0.372952,-0.222130,0.142271,-0.363046,-0.225903,0.242339,-0.367999,-0.224017,0.220612,-0.401131,-0.191285,0.239953,-0.402726,-0.148393,0.263718,-0.398432,-0.189758
2026-07-29 15:47:32.965,4.099996,0.000000,0.000000,0.000000,0.342818,-0.375003,-0.222449,0.142782,-0.366112,-0.226133,0.242800,-0.370557,-0.224291,0.221035,-0.402166,-0.191644,0.240363,-0.404777,-0.148712,0.264128,-0.400483,-0.190077
2026-07-29 15:47:33.065,4.199996,0.000000,0.000000,0.000000,0.324452,-0.384684,-0.231094,0.124953,-0.367246,-0.232804,0.224702,-0.375965,-0.231949,0.201834,-0.408140,-0.199563,0.221454,-0.411224,-0.156880,0.244905,-0.408310,-0.198368
2026-07-29 15:47:33.165,4.299996,0.000000,0.000000,0.000000,0.342818,-0.375003,-0.222449,0.142782,-0.366112,-0.226133,0.242800,-0.370557,-0.224291,0.221022,-0.403181,-0.191603,0.240363,-0.404777,-0.148712,0.264128,-0.400483,-0.190077
2026-07-29 15:47:33.265,4.399996,0.000000,0.000000,0.000000,0.324012,-0.386706,-0.231470,0.125272,-0.369307,-0.233157,0.224642,-0.378007,-0.232314,0.202209,-0.409186,-0.199942,0.221773,-0.413285,-0.157234,0.245224,-0.410372,-0.198722
2026-07-29 15:47:33.365,4.499996,0.000000,0.000000,0.000000,0.342818,-0.375003,-0.222449,0.142883,-0.367127,-0.226044,0.242850,-0.371065,-0.224246,0.221022,-0.403181,-0.191603,0.240363,-0.404777,-0.148712,0.264128,-0.400483,-0.190077
2026-07-29 15:47:33.465,4.599996,0.000000,0.000000,0.000000,0.324931,-0.387776,-0.231624,0.125373,-0.369318,-0.233407,0.225152,-0.378547,-0.232515,0.202369,-0.410217,-0.200119,0.221933,-0.414316,-0.157410,0.245384,-0.411402,-0.198898
2026-07-29 15:47:33.565,4.699996,0.000000,0.000000,0.000000,0.342613,-0.373978,-0.222289,0.142577,-0.365086,-0.225974,0.242595,-0.369532,-0.224132,0.220817,-0.402156,-0.191444,0.240158,-0.403751,-0.148552,0.263923,-0.399457,-0.189917
2026-07-29 15:47:33.665,4.799995,0.000000,0.000000,0.000000,0.325005,-0.385741,-0.231518,0.125272,-0.369307,-0.233157,0.225139,-0.377524,-0.232338,0.202209,-0.409186,-0.199942,0.221773,-0.413285,-0.157234,0.245224,-0.410372,-0.198722
2026-07-29 15:47:33.765,4.899995,0.000000,0.000000,0.000000,0.342818,-0.375003,-0.222449,0.142782,-0.366112,-0.226133,0.242800,-0.370557,-0.224291,0.221022,-0.403181,-0.191603,0.240363,-0.404777,-0.148712,0.264128,-0.400483,-0.190077
2026-07-29 15:47:33.865,4.999995,0.000000,0.000000,0.000000,0.342818,-0.375003,-0.222449,0.142681,-0.365097,-0.226222,0.242749,-0.370050,-0.224335,0.221022,-0.403181,-0.191603,0.240363,-0.404777,-0.148712,0.264128,-0.400483,-0.190077
2026-07-29 15:47:33.965,5.099995,0.000000,0.000000,0.000000,0.343227,-0.377054,-0.222767,0.143192,-0.368163,-0.226451,0.243210,-0.372608,-0.224609,0.221404,-0.405204,-0.191195,0.240772,-0.406828,-0.149030,0.264459,-0.403549,-0.190357
2026-07-29 15:47:34.065,5.199995,0.000000,0.000000,0.000000,0.342395,-0.370914,-0.222055,0.142066,-0.362020,-0.225744,0.242230,-0.366467,-0.223900,0.220421,-0.399089,-0.191166,0.239748,-0.401700,-0.148234,0.263513,-0.397406,-0.189599
2026-07-29 15:47:34.165,5.299995,0.000000,0.000000,0.000000,0.343842,-0.380130,-0.223245,0.143705,-0.370224,-0.227018,0.243773,-0.375177,-0.225131,0.222047,-0.408309,-0.192399,0.241387,-0.409904,-0.149508,0.265153,-0.405610,-0.190873
2026-07-29 15:47:34.265,5.399995,0.000000,0.000000,0.000000,0.344047,-0.381156,-0.223404,0.144011,-0.372265,-0.227088,0.244029,-0.376710,-0.225246,0.222252,-0.409334,-0.192559,0.241592,-0.410929,-0.149667,0.265357,-0.406635,-0.191032
2026-07-29 15:47:34.365,5.499995,0.000000,0.000000,0.000000,0.324931,-0.387776,-0.231624,0.125491,-0.371357,-0.233262,0.225211,-0.379567,-0.232443,0.202313,-0.411232,-0.200093,0.221933,-0.414316,-0.157410,0.245506,-0.410391,-0.198922
2026-07-29 15:47:34.465,5.599995,0.000000,0.000000,0.000000,0.342818,-0.375003,-0.222449,0.142782,-0.366112,-0.226133,0.242800,-0.370557,-0.224291,0.221022,-0.403181,-0.191603,0.240363,-0.404777,-0.148712,0.264049,-0.401498,-0.190038
2026-07-29 15:47:34.565,5.699995,0.000000,0.000000,0.000000,0.325090,-0.388807,-0.231801,0.125591,-0.371368,-0.233511,0.225341,-0.380087,-0.232656,0.202529,-0.411248,-0.200295,0.222092,-0.415347,-0.157587,0.245544,-0.412433,-0.199075
2026-07-29 15:47:34.665,5.799994,0.000000,0.000000,0.000000,0.324292,-0.383653,-0.230917,0.124734,-0.365195,-0.232700,0.224513,-0.374424,-0.231809,0.201674,-0.407109,-0.199386,0.221294,-0.410193,-0.156704,0.244867,-0.406268,-0.198215
2026-07-29 15:47:34.765,5.899994,0.000000,0.000000,0.000000,0.324931,-0.387776,-0.231624,0.125432,-0.370338,-0.233334,0.225181,-0.379057,-0.232479,0.202313,-0.411232,-0.200093,0.221933,-0.414316,-0.157410,0.245506,-0.410391,-0.198922
2026-07-29 15:47:34.865,5.999994,0.000000,0.000000,0.000000,0.343036,-0.378066,-0.222683,0.143090,-0.367148,-0.226540,0.243063,-0.372607,-0.224612,0.221445,-0.404217,-0.191963,0.240772,-0.406828,-0.149030,0.264538,-0.402533,-0.190395
2026-07-29 15:47:34.965,6.099994,0.000000,0.000000,0.000000,0.324810,-0.391860,-0.232353,0.126011,-0.373440,-0.234113,0.225411,-0.382650,-0.233233,0.202951,-0.415354,-0.200800,0.222571,-0.418438,-0.158117,0.246144,-0.414513,-0.199629
2026-07-29 15:47:35.065,6.199994,0.000000,0.000000,0.000000,0.324931,-0.387776,-0.231624,0.125373,-0.369318,-0.233407,0.225152,-0.378547,-0.232515,0.202313,-0.411232,-0.200093,0.221933,-0.414316,-0.157410,0.245506,-0.410391,-0.198922
2026-07-29 15:47:35.165,6.299994,0.000000,0.000000,0.000000,0.342203,-0.371927,-0.221971,0.142167,-0.363035,-0.225655,0.242185,-0.367481,-0.223813,0.220408,-0.400105,-0.191126,0.239791,-0.400682,-0.148209,0.263513,-0.397406,-0.189599
2026-07-29 15:47:35.265,6.399994,0.000000,0.000000,0.000000,0.324526,-0.382649,-0.230988,0.124793,-0.366215,-0.232627,0.224660,-0.374432,-0.231808,0.201674,-0.407109,-0.199386,0.221294,-0.410193,-0.156704,0.244867,-0.406268,-0.198215
2026-07-29 15:47:35.365,6.499994,0.000000,0.000000,0.000000,0.342467,-0.377048,-0.222796,0.143192,-0.368163,-0.226451,0.242829,-0.372605,-0.224624,0.221432,-0.405232,-0.191922,0.240772,-0.406828,-0.149030,0.264459,-0.403549,-0.190357
2026-07-29 15:47:35.465,6.599994,0.000000,0.000000,0.000000,0.324931,-0.387776,-0.231624,0.125373,-0.369318,-0.233407,0.225152,-0.378547,-0.232515,0.202369,-0.410217,-0.200119,0.221933,-0.414316,-0.157410,0.245506,-0.410391,-0.198922
2026-07-29 15:47:35.565,6.699994,0.000000,0.000000,0.000000,0.323533,-0.383615,-0.230939,0.124734,-0.365195,-0.232700,0.224134,-0.374405,-0.231820,0.201654,-0.407091,-0.198659,0.221294,-0.410193,-0.156704,0.244745,-0.407280,-0.198192
2026-07-29 15:47:35.665,6.799994,0.000000,0.000000,0.000000,0.342421,-0.374990,-0.222205,0.142577,-0.365086,-0.225974,0.242499,-0.370038,-0.224089,0.220817,-0.402156,-0.191444,0.240158,-0.403751,-0.148552,0.263923,-0.399457,-0.189917
2026-07-29 15:47:35.765,6.899993,0.000000,0.000000,0.000000,0.324931,-0.387776,-0.231624,0.125373,-0.369318,-0.233407,0.225152,-0.378547,-0.232515,0.202369,-0.410217,-0.200119,0.221933,-0.414316,-0.157410,0.245506,-0.410391,-0.198922
2026-07-29 15:47:35.865,6.999993,0.000000,0.000000,0.000000,0.343419,-0.376042,-0.222852,0.143192,-0.368163,-0.226451,0.243305,-0.372102,-0.224651,0.221432,-0.405232,-0.191922,0.240772,-0.406828,-0.149030,0.264538,-0.402533,-0.190395
2026-07-29 15:47:35.965,7.099993,0.000000,0.000000,0.000000,0.342057,-0.374997,-0.222478,0.142782,-0.366112,-0.226133,0.242420,-0.370554,-0.224305,0.221022,-0.403181,-0.191603,0.240363,-0.404777,-0.148712,0.264128,-0.400483,-0.190077
2026-07-29 15:47:36.065,7.199993,0.000000,0.000000,0.000000,0.342818,-0.375003,-0.222449,0.142681,-0.365097,-0.226222,0.242749,-0.370050,-0.224335,0.221022,-0.403181,-0.191603,0.240363,-0.404777,-0.148712,0.264128,-0.400483,-0.190077
2026-07-29 15:47:36.165,7.299993,0.000000,0.000000,0.000000,0.343227,-0.377054,-0.222767,0.143192,-0.368163,-0.226451,0.243210,-0.372608,-0.224609,0.221432,-0.405232,-0.191922,0.240772,-0.406828,-0.149030,0.264538,-0.402533,-0.190395
2026-07-29 15:47:36.265,7.399993,0.000000,0.000000,0.000000,0.324491,-0.389798,-0.232000,0.125810,-0.373418,-0.233615,0.225150,-0.381608,-0.232807,0.202688,-0.412278,-0.200472,0.222252,-0.416377,-0.157764,0.245825,-0.412452,-0.199275
2026-07-29 15:47:36.365,7.499993,0.000000,0.000000,0.000000,0.323852,-0.385676,-0.231293,0.125054,-0.367257,-0.233053,0.224453,-0.376466,-0.232173,0.201994,-0.409171,-0.199740,0.221614,-0.412255,-0.157057,0.245065,-0.409341,-0.198545
2026-07-29 15:47:36.465,7.599993,0.000000,0.000000,0.000000,0.324292,-0.383653,-0.230917,0.124734,-0.365195,-0.232700,0.224513,-0.374424,-0.231809,0.201674,-0.407109,-0.199386,0.221294,-0.410193,-0.156704,0.244867,-0.406268,-0.198215
2026-07-29 15:47:36.565,7.699993,0.000000,0.000000,0.000000,0.324292,-0.383653,-0.230917,0.124793,-0.366215,-0.232627,0.224543,-0.374934,-0.231772,0.201674,-0.407109,-0.199386,0.221294,-0.410193,-0.156704,0.244867,-0.406268,-0.198215
2026-07-29 15:47:36.665,7.799993,0.000000,0.000000,0.000000,0.341648,-0.372946,-0.222159,0.142372,-0.364061,-0.225814,0.242010,-0.368503,-0.223987,0.220626,-0.400115,-0.191326,0.239953,-0.402726,-0.148393,0.263718,-0.398432,-0.189758
2026-07-29 15:47:36.765,7.899992,0.000000,0.000000,0.000000,0.342613,-0.373978,-0.222289,0.142476,-0.364071,-0.226062,0.242544,-0.369025,-0.224176,0.220817,-0.402156,-0.191444,0.240201,-0.402733,-0.148527,0.263923,-0.399457,-0.189917
2026-07-29 15:47:36.865,7.999992,0.000000,0.000000,0.000000,0.341648,-0.372946,-0.222159,0.142372,-0.364061,-0.225814,0.242010,-0.368503,-0.223987,0.220612,-0.401131,-0.191285,0.239953,-0.402726,-0.148393,0.263718,-0.398432,-0.189758
2026-07-29 15:47:36.965,8.099992,0.000000,0.000000,0.000000,0.342203,-0.371927,-0.221971,0.142167,-0.363035,-0.225655,0.242185,-0.367481,-0.223813,0.220393,-0.399061,-0.190438,0.239748,-0.401700,-0.148234,0.263513,-0.397406,-0.189599
2026-07-29 15:47:37.065,8.199992,0.000000,0.000000,0.000000,0.325569,-0.391898,-0.232331,0.126011,-0.373440,-0.234113,0.225790,-0.382669,-0.233222,0.202951,-0.415354,-0.200800,0.222571,-0.418438,-0.158117,0.246144,-0.414513,-0.199629
2026-07-29 15:47:37.165,8.299992,0.000000,0.000000,0.000000,0.324292,-0.383653,-0.230917,0.124793,-0.366215,-0.232627,0.224543,-0.374934,-0.231772,0.201730,-0.406095,-0.199412,0.221294,-0.410193,-0.156704,0.244867,-0.406268,-0.198215
2026-07-29 15:47:37.265,8.399992,0.000000,0.000000,0.000000,0.343432,-0.378080,-0.222926,0.143295,-0.368173,-0.226699,0.243364,-0.373126,-0.224813,0.221637,-0.406258,-0.192081,0.240977,-0.407853,-0.149189,0.264743,-0.403559,-0.190554
2026-07-29 15:47:37.365,8.499992,0.000000,0.000000,0.000000,0.324612,-0.385715,-0.231271,0.125113,-0.368276,-0.232981,0.224862,-0.376995,-0.232126,0.201994,-0.409171,-0.199740,0.221700,-0.411240,-0.157017,0.245187,-0.408330,-0.198568
2026-07-29 15:47:37.465,8.599992,0.000000,0.000000,0.000000,0.324292,-0.383653,-0.230917,0.124793,-0.366215,-0.232627,0.224543,-0.374934,-0.231772,0.201674,-0.407109,-0.199386,0.221294,-0.410193,-0.156704,0.244867,-0.406268,-0.198215
2026-07-29 15:47:37.565,8.699992,0.000000,0.000000,0.000000,0.343022,-0.376029,-0.222608,0.142885,-0.366122,-0.226381,0.242954,-0.371075,-0.224494,0.221227,-0.404207,-0.191763,0.240567,-0.405802,-0.148871,0.264333,-0.401508,-0.190236
2026-07-29 15:47:37.665,8.799992,0.000000,0.000000,0.000000,0.342057,-0.374997,-0.222478,0.142681,-0.365097,-0.226222,0.242369,-0.370047,-0.224350,0.221022,-0.403181,-0.191603,0.240363,-0.404777,-0.148712,0.264128,-0.400483,-0.190077
2026-07-29 15:47:37.765,8.899992,0.000000,0.000000,0.000000,0.324931,-0.387776,-0.231624,0.125432,-0.370338,-0.233334,0.225181,-0.379057,-0.232479,0.202313,-0.411232,-0.200093,0.221933,-0.414316,-0.157410,0.245506,-0.410391,-0.198922
2026-07-29 15:47:37.865,8.999991,0.000000,0.000000,0.000000,0.324771,-0.386745,-0.231448,0.125272,-0.369307,-0.233157,0.225022,-0.378026,-0.232303,0.202153,-0.410201,-0.199917,0.221773,-0.413285,-0.157234,0.245346,-0.409360,-0.198745
2026-07-29 15:47:37.965,9.099991,0.000000,0.000000,0.000000,0.343227,-0.377054,-0.222767,0.143293,-0.369178,-0.226363,0.243260,-0.373116,-0.224565,0.221432,-0.405232,-0.191922,0.240772,-0.406828,-0.149030,0.264538,-0.402533,-0.190395
2026-07-29 15:47:38.065,9.199991,0.000000,0.000000,0.000000,0.343022,-0.376029,-0.222608,0.142885,-0.366122,-0.226381,0.242954,-0.371075,-0.224494,0.221227,-0.404207,-0.191763,0.240567,-0.405802,-0.148871,0.264333,-0.401508,-0.190236
2026-07-29 15:47:38.165,9.299991,0.000000,0.000000,0.000000,0.324526,-0.382649,-0.230988,0.124793,-0.366215,-0.232627,0.224660,-0.374432,-0.231808,0.201674,-0.407109,-0.199386,0.221294,-0.410193,-0.156704,0.244867,-0.406268,-0.198215
2026-07-29 15:47:38.265,9.399991,0.000000,0.000000,0.000000,0.324612,-0.385715,-0.231271,0.125054,-0.367257,-0.233053,0.224833,-0.376486,-0.232162,0.201973,-0.409153,-0.199012,0.221614,-0.412255,-0.157057,0.245187,-0.408330,-0.198568
2026-07-29 15:47:38.365,9.499991,0.000000,0.000000,0.000000,0.342613,-0.373978,-0.222289,0.142577,-0.365086,-0.225974,0.242595,-0.369532,-0.224132,0.220817,-0.402156,-0.191444,0.240158,-0.403751,-0.148552,0.263923,-0.399457,-0.189917
2026-07-29 15:47:38.465,9.599991,0.000000,0.000000,0.000000,0.342057,-0.374997,-0.222478,0.142782,-0.366112,-0.226133,0.242420,-0.370554,-0.224305,0.221029,-0.402674,-0.191624,0.240363,-0.404777,-0.148712,0.264128,-0.400483,-0.190077
2026-07-29 15:47:38.565,9.699991,0.000000,0.000000,0.000000,0.343637,-0.379105,-0.223086,0.143601,-0.370214,-0.226770,0.243619,-0.374659,-0.224928,0.221842,-0.407283,-0.192240,0.241182,-0.408878,-0.149349,0.264948,-0.404584,-0.190714
2026-07-29 15:47:38.665,9.799991,0.000000,0.000000,0.000000,0.342613,-0.373978,-0.222289,0.142577,-0.365086,-0.225974,0.242595,-0.369532,-0.224132,0.220817,-0.402156,-0.191444,0.240158,-0.403751,-0.148552,0.263923,-0.399457,-0.189917
2026-07-29 15:47:38.765,9.899991,0.000000,0.000000,0.000000,0.324452,-0.384684,-0.231094,0.124953,-0.367246,-0.232804,0.224702,-0.375965,-0.231949,0.201834,-0.408140,-0.199563,0.221454,-0.411224,-0.156880,0.245027,-0.407299,-0.198392
2026-07-29 15:47:38.865,9.999990,0.000000,0.000000,0.000000,0.342672,-0.378073,-0.222956,0.143397,-0.369188,-0.226611,0.243034,-0.373631,-0.224783,0.221637,-0.406258,-0.192081,0.240977,-0.407853,-0.149189,0.264743,-0.403559,-0.190554
2026-07-29 15:47:38.965,10.099990,0.000000,0.000000,0.000000,0.324133,-0.382623,-0.230741,0.124692,-0.366204,-0.232378,0.224413,-0.374413,-0.231559,0.201551,-0.405046,-0.198507,0.221135,-0.409163,-0.156527,0.244708,-0.405238,-0.198038
2026-07-29 15:47:39.065,10.199990,0.000000,0.000000,0.000000,0.342248,-0.373985,-0.222562,0.142681,-0.365097,-0.226222,0.242464,-0.369541,-0.224392,0.221022,-0.403181,-0.191603,0.240363,-0.404777,-0.148712,0.264128,-0.400483,-0.190077
2026-07-29 15:47:39.165,10.299990,0.000000,0.000000,0.000000,0.323852,-0.385676,-0.231293,0.125054,-0.367257,-0.233053,0.224453,-0.376466,-0.232173,0.201973,-0.409153,-0.199012,0.221614,-0.412255,-0.157057,0.245187,-0.408330,-0.198568
2026-07-29 15:47:39.265,10.399990,0.000000,0.000000,0.000000,0.325165,-0.386771,-0.231695,0.125373,-0.369318,-0.233407,0.225269,-0.378045,-0.232551,0.202369,-0.410217,-0.200119,0.221933,-0.414316,-0.157410,0.245384,-0.411402,-0.198898
2026-07-29 15:47:39.365,10.499990,0.000000,0.000000,0.000000,0.343419,-0.376042,-0.222852,0.143192,-0.368163,-0.226451,0.243305,-0.372102,-0.224651,0.221432,-0.405232,-0.191922,0.240772,-0.406828,-0.149030,0.264538,-0.402533,-0.190395
2026-07-29 15:47:39.465,10.599990,0.000000,0.000000,0.000000,0.344252,-0.382181,-0.223563,0.144216,-0.373290,-0.227248,0.244234,-0.377736,-0.225405,0.222429,-0.410332,-0.191991,0.241797,-0.411955,-0.149826,0.265483,-0.408676,-0.191153
2026-07-29 15:47:39.565,10.699990,0.000000,0.000000,0.000000,0.342408,-0.372952,-0.222130,0.142372,-0.364061,-0.225814,0.242390,-0.368507,-0.223972,0.220626,-0.400115,-0.191326,0.239953,-0.402726,-0.148393,0.263718,-0.398432,-0.189758
2026-07-29 15:47:39.665,10.799990,0.000000,0.000000,0.000000,0.324931,-0.387776,-0.231624,0.125491,-0.371357,-0.233262,0.225211,-0.379567,-0.232443,0.202313,-0.411232,-0.200093,0.221933,-0.414316,-0.157410,0.245506,-0.410391,-0.198922
2026-07-29 15:47:39.765,10.899990,0.000000,0.000000,0.000000,0.342057,-0.374997,-0.222478,0.142782,-0.366112,-0.226133,0.242420,-0.370554,-0.224305,0.221022,-0.403181,-0.191603,0.240363,-0.404777,-0.148712,0.264128,-0.400483,-0.190077
2026-07-29 15:47:39.865,10.999990,0.000000,0.000000,0.000000,0.324526,-0.382649,-0.230988,0.124793,-0.366215,-0.232627,0.224660,-0.374432,-0.231808,0.201674,-0.407109,-0.199386,0.221294,-0.410193,-0.156704,0.244745,-0.407280,-0.198192
2026-07-29 15:47:39.965,11.099989,0.000000,0.000000,0.000000,0.342057,-0.374997,-0.222478,0.142782,-0.366112,-0.226133,0.242420,-0.370554,-0.224305,0.221035,-0.402166,-0.191644,0.240406,-0.403759,-0.148686,0.264128,-0.400483,-0.190077
2026-07-29 15:47:40.065,11.199989,0.000000,0.000000,0.000000,0.342467,-0.377048,-0.222796,0.143090,-0.367148,-0.226540,0.242779,-0.372098,-0.224668,0.221432,-0.405232,-0.191922,0.240772,-0.406828,-0.149030,0.264538,-0.402533,-0.190395
2026-07-29 15:47:40.165,11.299989,0.000000,0.000000,0.000000,0.342057,-0.374997,-0.222478,0.142782,-0.366112,-0.226133,0.242420,-0.370554,-0.224305,0.221035,-0.402166,-0.191644,0.240363,-0.404777,-0.148712,0.264128,-0.400483,-0.190077
2026-07-29 15:47:40.265,11.399989,0.000000,0.000000,0.000000,0.324612,-0.385715,-0.231271,0.125054,-0.367257,-0.233053,0.224833,-0.376486,-0.232162,0.201994,-0.409171,-0.199740,0.221614,-0.412255,-0.157057,0.245187,-0.408330,-0.198568
2026-07-29 15:47:40.365,11.499989,0.000000,0.000000,0.000000,0.342421,-0.374990,-0.222205,0.142577,-0.365086,-0.225974,0.242499,-0.370038,-0.224089,0.220817,-0.402156,-0.191444,0.240158,-0.403751,-0.148552,0.263923,-0.399457,-0.189917
2026-07-29 15:47:40.465,11.599989,0.000000,0.000000,0.000000,0.324452,-0.384684,-0.231094,0.124953,-0.367246,-0.232804,0.224702,-0.375965,-0.231949,0.201834,-0.408140,-0.199563,0.221454,-0.411224,-0.156880,0.245027,-0.407299,-0.198392
2026-07-29 15:47:40.565,11.699989,0.000000,0.000000,0.000000,0.323852,-0.385676,-0.231293,0.125113,-0.368276,-0.232981,0.224482,-0.376976,-0.232137,0.201994,-0.409171,-0.199740,0.221614,-0.412255,-0.157057,0.245187,-0.408330,-0.198568
2026-07-29 15:47:40.665,11.799989,0.000000,0.000000,0.000000,0.325090,-0.388807,-0.231801,0.125533,-0.370349,-0.233583,0.225312,-0.379578,-0.232692,0.202472,-0.412262,-0.200270,0.222092,-0.415347,-0.157587,0.245666,-0.411421,-0.199099
2026-07-29 15:47:40.765,11.899989,0.000000,0.000000,0.000000,0.344047,-0.381156,-0.223404,0.143910,-0.371250,-0.227177,0.243978,-0.376203,-0.225291,0.222252,-0.409334,-0.192559,0.241592,-0.410929,-0.149667,0.265357,-0.406635,-0.191032
2026-07-29 15:47:40.865,11.999989,0.000000,0.000000,0.000000,0.343227,-0.377054,-0.222767,0.143192,-0.368163,-0.226451,0.243210,-0.372608,-0.224609,0.221432,-0.405232,-0.191922,0.240772,-0.406828,-0.149030,0.264538,-0.402533,-0.190395
2026-07-29 15:47:40.965,12.099988,0.000000,0.000000,0.000000,0.324452,-0.384684,-0.231094,0.124953,-0.367246,-0.232804,0.224702,-0.375965,-0.231949,0.201814,-0.408122,-0.198836,0.221454,-0.411224,-0.156880,0.245027,-0.407299,-0.198392
2026-07-29 15:47:41.065,12.199988,0.000000,0.000000,0.000000,0.342818,-0.375003,-0.222449,0.142782,-0.366112,-0.226133,0.242800,-0.370557,-0.224291,0.221022,-0.403181,-0.191603,0.240363,-0.404777,-0.148712,0.264128,-0.400483,-0.190077
2026-07-29 15:47:41.165,12.299988,0.000000,0.000000,0.000000,0.342818,-0.375003,-0.222449,0.142883,-0.367127,-0.226044,0.242850,-0.371065,-0.224246,0.221022,-0.403181,-0.191603,0.240363,-0.404777,-0.148712,0.264128,-0.400483,-0.190077
2026-07-29 15:47:41.265,12.399988,0.000000,0.000000,0.000000,0.342672,-0.378073,-0.222956,0.143295,-0.368173,-0.226699,0.242984,-0.373123,-0.224827,0.221637,-0.406258,-0.192081,0.241020,-0.406835,-0.149164,0.264664,-0.404574,-0.190516
2026-07-29 15:47:41.365,12.499988,0.000000,0.000000,0.000000,0.343227,-0.377054,-0.222767,0.143192,-0.368163,-0.226451,0.243210,-0.372608,-0.224609,0.221445,-0.404217,-0.191963,0.240772,-0.406828,-0.149030,0.264538,-0.402533,-0.190395
2026-07-29 15:47:41.465,12.599988,0.000000,0.000000,0.000000,0.324452,-0.384684,-0.231094,0.124894,-0.366226,-0.232877,0.224673,-0.375455,-0.231985,0.201834,-0.408140,-0.199563,0.221454,-0.411224,-0.156880,0.245027,-0.407299,-0.198392
2026-07-29 15:47:41.565,12.699988,0.000000,0.000000,0.000000,0.342818,-0.375003,-0.222449,0.142782,-0.366112,-0.226133,0.242800,-0.370557,-0.224291,0.221035,-0.402166,-0.191644,0.240363,-0.404777,-0.148712,0.264128,-0.400483,-0.190077
2026-07-29 15:47:41.665,12.799988,0.000000,0.000000,0.000000,0.343829,-0.378093,-0.223170,0.143500,-0.369199,-0.226859,0.243664,-0.373646,-0.225014,0.221842,-0.407283,-0.192240,0.241182,-0.408878,-0.149349,0.264948,-0.404584,-0.190714
2026-07-29 15:47:41.765,12.899988,0.000000,0.000000,0.000000,0.325165,-0.386771,-0.231695,0.125491,-0.371357,-0.233262,0.225328,-0.379064,-0.232478,0.202313,-0.411232,-0.200093,0.221933,-0.414316,-0.157410,0.245506,-0.410391,-0.198922
2026-07-29 15:47:41.865,12.999988,0.000000,0.000000,0.000000,0.343009,-0.373991,-0.222533,0.142681,-0.365097,-0.226222,0.242845,-0.369544,-0.224377,0.221035,-0.402166,-0.191644,0.240363,-0.404777,-0.148712,0.264128,-0.400483,-0.190077
2026-07-29 15:47:41.965,13.099988,0.000000,0.000000,0.000000,0.324612,-0.385715,-0.231271,0.125113,-0.368276,-0.232981,0.224862,-0.376995,-0.232126,0.202029,-0.408138,-0.199037,0.221614,-0.412255,-0.157057,0.245187,-0.408330,-0.198568
2026-07-29 15:47:42.065,13.199987,0.000000,0.000000,0.000000,0.344047,-0.381156,-0.223404,0.144011,-0.372265,-0.227088,0.244029,-0.376710,-0.225246,0.222252,-0.409334,-0.192559,0.241635,-0.409911,-0.149642,0.265357,-0.406635,-0.191032
2026-07-29 15:47:42.165,13.299987,0.000000,0.000000,0.000000,0.323813,-0.380562,-0.230387,0.124314,-0.363123,-0.232097,0.224064,-0.371842,-0.231242,0.201195,-0.404017,-0.198856,0.220815,-0.407102,-0.156173,0.244389,-0.403176,-0.197685
2026-07-29 15:47:42.265,13.399987,0.000000,0.000000,0.000000,0.343624,-0.377067,-0.223011,0.143397,-0.369188,-0.226611,0.243510,-0.373128,-0.224811,0.221650,-0.405242,-0.192122,0.240977,-0.407853,-0.149189,0.264743,-0.403559,-0.190554
2026-07-29 15:47:42.365,13.499987,0.000000,0.000000,0.000000,0.342818,-0.375003,-0.222449,0.142782,-0.366112,-0.226133,0.242800,-0.370557,-0.224291,0.220995,-0.403153,-0.190876,0.240363,-0.404777,-0.148712,0.264128,-0.400483,-0.190077
2026-07-29 15:47:42.465,13.599987,0.000000,0.000000,0.000000,0.324452,-0.384684,-0.231094,0.124894,-0.366226,-0.232877,0.224673,-0.375455,-0.231985,0.201890,-0.407125,-0.199589,0.221454,-0.411224,-0.156880,0.245027,-0.407299,-0.198392
2026-07-29 15:47:42.565,13.699987,0.000000,0.000000,0.000000,0.343432,-0.378080,-0.222926,0.143295,-0.368173,-0.226699,0.243364,-0.373126,-0.224813,0.221637,-0.406258,-0.192081,0.241020,-0.406835,-0.149164,0.264743,-0.403559,-0.190554
2026-07-29 15:47:42.665,13.799987,0.000000,0.000000,0.000000,0.343829,-0.378093,-0.223170,0.143601,-0.370214,-0.226770,0.243715,-0.374153,-0.224970,0.221842,-0.407283,-0.192240,0.241182,-0.408878,-0.149349,0.264948,-0.404584,-0.190714
2026-07-29 15:47:42.765,13.899987,0.000000,0.000000,0.000000,0.325165,-0.386771,-0.231695,0.125491,-0.371357,-0.233262,0.225328,-0.379064,-0.232478,0.202369,-0.410217,-0.200119,0.221933,-0.414316,-0.157410,0.245506,-0.410391,-0.198922
2026-07-29 15:47:42.865,13.999987,0.000000,0.000000,0.000000,0.344047,-0.381156,-0.223404,0.144011,-0.372265,-0.227088,0.244029,-0.376710,-0.225246,0.222252,-0.409334,-0.192559,0.241592,-0.410929,-0.149667,0.265357,-0.406635,-0.191032
2026-07-29 15:47:42.965,14.099987,0.000000,0.000000,0.000000,0.324612,-0.385715,-0.231271,0.125113,-0.368276,-0.232981,0.224862,-0.376995,-0.232126,0.202022,-0.408663,-0.199753,0.221700,-0.411240,-0.157017,0.245248,-0.407824,-0.198580
2026-07-29 15:47:43.065,14.199986,0.000000,0.000000,0.000000,0.325729,-0.392929,-0.232508,0.126171,-0.374471,-0.234290,0.225950,-0.383700,-0.233399,0.203111,-0.416385,-0.200977,0.222818,-0.418454,-0.158254,0.246304,-0.415544,-0.199805
2026-07-29 15:47:43.165,14.299986,0.000000,0.000000,0.000000,0.342057,-0.374997,-0.222478,0.142782,-0.366112,-0.226133,0.242420,-0.370554,-0.224305,0.221022,-0.403181,-0.191603,0.240363,-0.404777,-0.148712,0.264128,-0.400483,-0.190077
2026-07-29 15:47:43.265,14.399986,0.000000,0.000000,0.000000,0.324612,-0.385715,-0.231271,0.125054,-0.367257,-0.233053,0.224833,-0.376486,-0.232162,0.201994,-0.409171,-0.199740,0.221614,-0.412255,-0.157057,0.245187,-0.408330,-0.198568
2026-07-29 15:47:43.365,14.499986,0.000000,0.000000,0.000000,0.342203,-0.371927,-0.221971,0.142167,-0.363035,-0.225655,0.242185,-0.367481,-0.223813,0.220421,-0.399089,-0.191166,0.239748,-0.401700,-0.148234,0.263513,-0.397406,-0.189599
2026-07-29 15:47:43.465,14.599986,0.000000,0.000000,0.000000,0.324697,-0.388780,-0.231554,0.125373,-0.369318,-0.233407,0.225035,-0.379049,-0.232480,0.202293,-0.411214,-0.199366,0.221933,-0.414316,-0.157410,0.245506,-0.410391,-0.198922
2026-07-29 15:47:43.565,14.699986,0.000000,0.000000,0.000000,0.342818,-0.375003,-0.222449,0.142681,-0.365097,-0.226222,0.242749,-0.370050,-0.224335,0.221008,-0.402138,-0.190916,0.240363,-0.404777,-0.148712,0.264128,-0.400483,-0.190077
2026-07-29 15:47:43.665,14.799986,0.000000,0.000000,0.000000,0.323533,-0.383615,-0.230939,0.124793,-0.366215,-0.232627,0.224163,-0.374915,-0.231783,0.201654,-0.407091,-0.198659,0.221294,-0.410193,-0.156704,0.244867,-0.406268,-0.198215
2026-07-29 15:47:43.765,14.899986,0.000000,0.000000,0.000000,0.324133,-0.382623,-0.230741,0.124575,-0.364165,-0.232523,0.224354,-0.373394,-0.231632,0.201515,-0.406079,-0.199210,0.221135,-0.409163,-0.156527,0.244708,-0.405238,-0.198038
2026-07-29 15:47:43.865,14.999986,0.000000,0.000000,0.000000,0.343227,-0.377054,-0.222767,0.143192,-0.368163,-0.226451,0.243210,-0.372608,-0.224609,0.221432,-0.405232,-0.191922,0.240772,-0.406828,-0.149030,0.264538,-0.402533,-0.190395
2026-07-29 15:47:43.965,15.099986,0.000000,0.000000,0.000000,0.343419,-0.376042,-0.222852,0.143090,-0.367148,-0.226540,0.243255,-0.371595,-0.224696,0.221432,-0.405232,-0.191922,0.240772,-0.406828,-0.149030,0.264538,-0.402533,-0.190395
2026-07-29 15:47:44.065,15.199986,0.000000,0.000000,0.000000,0.325165,-0.386771,-0.231695,0.125373,-0.369318,-0.233407,0.225269,-0.378045,-0.232551,0.202313,-0.411232,-0.200093,0.221933,-0.414316,-0.157410,0.245506,-0.410391,-0.198922
2026-07-29 15:47:44.165,15.299985,0.000000,0.000000,0.000000,0.341648,-0.372946,-0.222159,0.142372,-0.364061,-0.225814,0.242010,-0.368503,-0.223987,0.220626,-0.400115,-0.191326,0.239953,-0.402726,-0.148393,0.263718,-0.398432,-0.189758
2026-07-29 15:47:44.265,15.399985,0.000000,0.000000,0.000000,0.342057,-0.374997,-0.222478,0.142681,-0.365097,-0.226222,0.242369,-0.370047,-0.224350,0.221022,-0.403181,-0.191603,0.240363,-0.404777,-0.148712,0.264128,-0.400483,-0.190077
2026-07-29 15:47:44.365,15.499985,0.000000,0.000000,0.000000,0.343227,-0.377054,-0.222767,0.143192,-0.368163,-0.226451,0.243210,-0.372608,-0.224609,0.221418,-0.404189,-0.191234,0.240772,-0.406828,-0.149030,0.264538,-0.402533,-0.190395
2026-07-29 15:47:44.465,15.599985,0.000000,0.000000,0.000000,0.343227,-0.377054,-0.222767,0.143192,-0.368163,-0.226451,0.243210,-0.372608,-0.224609,0.221432,-0.405232,-0.191922,0.240772,-0.406828,-0.149030,0.264538,-0.402533,-0.190395
2026-07-29 15:47:44.565,15.699985,0.000000,0.000000,0.000000,0.342203,-0.371927,-0.221971,0.142066,-0.362020,-0.225744,0.242134,-0.366974,-0.223857,0.220408,-0.400105,-0.191126,0.239748,-0.401700,-0.148234,0.263513,-0.397406,-0.189599
2026-07-29 15:47:44.665,15.799985,0.000000,0.000000,0.000000,0.325176,-0.391872,-0.232084,0.125852,-0.372410,-0.233937,0.225514,-0.382141,-0.233010,0.202792,-0.414324,-0.200623,0.222498,-0.416393,-0.157900,0.245985,-0.413483,-0.199452
2026-07-29 15:47:44.765,15.899985,0.000000,0.000000,0.000000,0.325250,-0.389837,-0.231978,0.125810,-0.373418,-0.233615,0.225530,-0.381628,-0.232796,0.202612,-0.413275,-0.199719,0.222252,-0.416377,-0.157764,0.245825,-0.412452,-0.199275
2026-07-29 15:47:44.865,15.999985,0.000000,0.000000,0.000000,0.342672,-0.378073,-0.222956,0.143397,-0.369188,-0.226611,0.243034,-0.373631,-0.224783,0.221637,-0.406258,-0.192081,0.240977,-0.407853,-0.149189,0.264743,-0.403559,-0.190554
2026-07-29 15:47:44.965,16.099985,0.000000,0.000000,0.000000,0.341648,-0.372946,-0.222159,0.142271,-0.363046,-0.225903,0.241959,-0.367996,-0.224031,0.220585,-0.401102,-0.190558,0.239953,-0.402726,-0.148393,0.263718,-0.398432,-0.189758
2026-07-29 15:47:45.065,16.199985,0.000000,0.000000,0.000000,0.342818,-0.375003,-0.222449,0.142681,-0.365097,-0.226222,0.242749,-0.370050,-0.224335,0.221022,-0.403181,-0.191603,0.240363,-0.404777,-0.148712,0.264128,-0.400483,-0.190077
2026-07-29 15:47:45.165,16.299984,0.000000,0.000000,0.000000,0.342818,-0.375003,-0.222449,0.142883,-0.367127,-0.226044,0.242850,-0.371065,-0.224246,0.221035,-0.402166,-0.191644,0.240363,-0.404777,-0.148712,0.264128,-0.400483,-0.190077
2026-07-29 15:47:45.265,16.399984,0.000000,0.000000,0.000000,0.343227,-0.377054,-0.222767,0.143192,-0.368163,-0.226451,0.243210,-0.372608,-0.224609,0.221418,-0.404189,-0.191234,0.240772,-0.406828,-0.149030,0.264538,-0.402533,-0.190395
2026-07-29 15:47:45.365,16.499984,0.000000,0.000000,0.000000,0.342203,-0.371927,-0.221971,0.142066,-0.362020,-0.225744,0.242134,-0.366974,-0.223857,0.220421,-0.399089,-0.191166,0.239748,-0.401700,-0.148234,0.263513,-0.397406,-0.189599
2026-07-29 15:47:45.465,16.599984,0.000000,0.000000,0.000000,0.343637,-0.379105,-0.223086,0.143601,-0.370214,-0.226770,0.243619,-0.374659,-0.224928,0.221842,-0.407283,-0.192240,0.241182,-0.408878,-0.149349,0.264948,-0.404584,-0.190714
2026-07-29 15:47:45.565,16.699984,0.000000,0.000000,0.000000,0.343637,-0.379105,-0.223086,0.143500,-0.369199,-0.226859,0.243569,-0.374152,-0.224972,0.221842,-0.407283,-0.192240,0.241182,-0.408878,-0.149349,0.264948,-0.404584,-0.190714
2026-07-29 15:47:45.665,16.799984,0.000000,0.000000,0.000000,0.324133,-0.382623,-0.230741,0.124575,-0.364165,-0.232523,0.224354,-0.373394,-0.231632,0.201494,-0.406061,-0.198482,0.221135,-0.409163,-0.156527,0.244708,-0.405238,-0.198038
2026-07-29 15:47:45.765,16.899984,0.000000,0.000000,0.000000,0.343009,-0.373991,-0.222533,0.142782,-0.366112,-0.226133,0.242896,-0.370051,-0.224333,0.221022,-0.403181,-0.191603,0.240363,-0.404777,-0.148712,0.264128,-0.400483,-0.190077
2026-07-29 15:47:45.865,16.999984,0.000000,0.000000,0.000000,0.342818,-0.375003,-0.222449,0.142681,-0.365097,-0.226222,0.242749,-0.370050,-0.224335,0.221022,-0.403181,-0.191603,0.240363,-0.404777,-0.148712,0.264128,-0.400483,-0.190077
2026-07-29 15:47:45.965,17.099984,0.000000,0.000000,0.000000,0.342467,-0.377048,-0.222796,0.143293,-0.369178,-0.226363,0.242880,-0.373113,-0.224579,0.221432,-0.405232,-0.191922,0.240772,-0.406828,-0.149030,0.264538,-0.402533,-0.190395
2026-07-29 15:47:46.065,17.199984,0.000000,0.000000,0.000000,0.342203,-0.371927,-0.221971,0.142167,-0.363035,-0.225655,0.242185,-0.367481,-0.223813,0.220408,-0.400105,-0.191126,0.239748,-0.401700,-0.148234,0.263513,-0.397406,-0.189599
2026-07-29 15:47:46.165,17.299984,0.000000,0.000000,0.000000,0.343227,-0.377054,-0.222767,0.143090,-0.367148,-0.226540,0.243159,-0.372101,-0.224654,0.221432,-0.405232,-0.191922,0.240815,-0.405810,-0.149005,0.264459,-0.403549,-0.190357
2026-07-29 15:47:46.265,17.399983,0.000000,0.000000,0.000000,0.343637,-0.379105,-0.223086,0.143601,-0.370214,-0.226770,0.243619,-0.374659,-0.224928,0.221842,-0.407283,-0.192240,0.241182,-0.408878,-0.149349,0.264948,-0.404584,-0.190714
2026-07-29 15:47:46.365,17.499983,0.000000,0.000000,0.000000,0.343227,-0.377054,-0.222767,0.143090,-0.367148,-0.226540,0.243159,-0.372101,-0.224654,0.221445,-0.404217,-0.191963,0.240745,-0.406800,-0.148307,0.264459,-0.403549,-0.190357
2026-07-29 15:47:46.465,17.599983,0.000000,0.000000,0.000000,0.341033,-0.369870,-0.221682,0.141656,-0.359970,-0.225425,0.241345,-0.364920,-0.223554,0.220011,-0.397038,-0.190848,0.239381,-0.398631,-0.147890,0.263104,-0.395355,-0.189280
2026-07-29 15:47:46.565,17.699983,0.000000,0.000000,0.000000,0.343022,-0.376029,-0.222608,0.142885,-0.366122,-0.226381,0.242954,-0.371075,-0.224494,0.221227,-0.404207,-0.191763,0.240540,-0.405774,-0.148147,0.264254,-0.402523,-0.190198
2026-07-29 15:47:46.665,17.799983,0.000000,0.000000,0.000000,0.343214,-0.375016,-0.222692,0.143088,-0.368152,-0.226203,0.243151,-0.371584,-0.224448,0.221240,-0.403191,-0.191803,0.240540,-0.405774,-0.148147,0.264254,-0.402523,-0.190198
2026-07-29 15:47:46.765,17.899983,0.000000,0.000000,0.000000,0.343227,-0.377054,-0.222767,0.143192,-0.368163,-0.226451,0.243210,-0.372608,-0.224609,0.221445,-0.404217,-0.191963,0.240745,-0.406800,-0.148307,0.264538,-0.402533,-0.190395
2026-07-29 15:47:46.865,17.999983,0.000000,0.000000,0.000000,0.323054,-0.380523,-0.230409,0.124314,-0.363123,-0.232097,0.223684,-0.371823,-0.231253,0.201175,-0.404000,-0.198129,0.220795,-0.407084,-0.155449,0.244389,-0.403176,-0.197685
2026-07-29 15:47:46.965,18.099983,0.000000,0.000000,0.000000,0.343082,-0.380124,-0.223274,0.143705,-0.370224,-0.227018,0.243393,-0.375174,-0.225146,0.222047,-0.408309,-0.192399,0.241403,-0.408858,-0.148758,0.265153,-0.405610,-0.190873
2026-07-29 15:47:47.065,18.199983,0.000000,0.000000,0.000000,0.343432,-0.378080,-0.222926,0.143397,-0.369188,-0.226611,0.243414,-0.373634,-0.224768,0.221650,-0.405242,-0.192122,0.240950,-0.407825,-0.148466,0.264743,-0.403559,-0.190554
2026-07-29 15:47:47.165,18.299983,0.000000,0.000000,0.000000,0.342658,-0.376036,-0.222881,0.143192,-0.368163,-0.226451,0.242925,-0.372099,-0.224666,0.221432,-0.405232,-0.191922,0.240745,-0.406800,-0.148307,0.264538,-0.402533,-0.190395
2026-07-29 15:47:47.265,18.399982,0.000000,0.000000,0.000000,0.342818,-0.375003,-0.222449,0.142681,-0.365097,-0.226222,0.242749,-0.370050,-0.224335,0.221022,-0.403181,-0.191603,0.240335,-0.404749,-0.147988,0.264128,-0.400483,-0.190077
2026-07-29 15:47:47.365,18.499982,0.000000,0.000000,0.000000,0.342818,-0.375003,-0.222449,0.142681,-0.365097,-0.226222,0.242749,-0.370050,-0.224335,0.221008,-0.402138,-0.190916,0.240335,-0.404749,-0.147988,0.264128,-0.400483,-0.190077
2026-07-29 15:47:47.465,18.599982,0.000000,0.000000,0.000000,0.324856,-0.389811,-0.231730,0.125591,-0.371368,-0.233511,0.225224,-0.380590,-0.232621,0.202472,-0.412262,-0.200270,0.222072,-0.415329,-0.156863,0.245544,-0.412433,-0.199075
2026-07-29 15:47:47.565,18.699982,0.000000,0.000000,0.000000,0.342408,-0.372952,-0.222130,0.142372,-0.364061,-0.225814,0.242390,-0.368507,-0.223972,0.220612,-0.401131,-0.191285,0.239925,-0.402698,-0.147670,0.263718,-0.398432,-0.189758
2026-07-29 15:47:47.665,18.799982,0.000000,0.000000,0.000000,0.342057,-0.374997,-0.222478,0.142883,-0.367127,-0.226044,0.242470,-0.371062,-0.224261,0.221035,-0.402166,-0.191644,0.240308,-0.404721,-0.147265,0.264128,-0.400483,-0.190077
2026-07-29 15:47:47.765,18.899982,0.000000,0.000000,0.000000,0.342600,-0.371940,-0.222215,0.142372,-0.364061,-0.225814,0.242486,-0.368000,-0.224014,0.220612,-0.401131,-0.191285,0.239898,-0.402670,-0.146946,0.263718,-0.398432,-0.189758
2026-07-29 15:47:47.865,18.999982,0.000000,0.000000,0.000000,0.343432,-0.378080,-0.222926,0.143498,-0.370203,-0.226522,0.243465,-0.374141,-0.224724,0.221637,-0.406258,-0.192081,0.240922,-0.407797,-0.147742,0.264743,-0.403559,-0.190554
2026-07-29 15:47:47.965,19.099982,0.000000,0.000000,0.000000,0.324686,-0.383680,-0.231165,0.125012,-0.368265,-0.232732,0.224849,-0.375972,-0.231948,0.201834,-0.408140,-0.199563,0.221414,-0.411188,-0.155432,0.245027,-0.407299,-0.198392
2026-07-29 15:47:48.065,19.199982,0.000000,0.000000,0.000000,0.343227,-0.377054,-0.222767,0.143090,-0.367148,-0.226540,0.243159,-0.372101,-0.224654,0.221432,-0.405232,-0.191922,0.240717,-0.406772,-0.147583,0.264538,-0.402533,-0.190395
2026-07-29 15:47:48.165,19.299982,0.000000,0.000000,0.000000,0.323973,-0.381592,-0.230564,0.124415,-0.363134,-0.232346,0.224194,-0.372363,-0.231455,0.201411,-0.404033,-0.199058,0.220935,-0.408097,-0.154902,0.244548,-0.404207,-0.197862
2026-07-29 15:47:48.265,19.399981,0.000000,0.000000,0.000000,0.323533,-0.383615,-0.230939,0.124734,-0.365195,-0.232700,0.224134,-0.374405,-0.231820,0.201730,-0.406095,-0.199412,0.221254,-0.410158,-0.155255,0.244867,-0.406268,-0.198215
2026-07-29 15:47:48.365,19.499981,0.000000,0.000000,0.000000,0.343227,-0.377054,-0.222767,0.143090,-0.367148,-0.226540,0.243159,-0.372101,-0.224654,0.221418,-0.404189,-0.191234,0.240690,-0.406744,-0.146859,0.264538,-0.402533,-0.190395
2026-07-29 15:47:48.465,19.599981,0.000000,0.000000,0.000000,0.342467,-0.377048,-0.222796,0.143090,-0.367148,-0.226540,0.242779,-0.372098,-0.224668,0.221432,-0.405232,-0.191922,0.240690,-0.406744,-0.146859,0.264538,-0.402533,-0.190395
2026-07-29 15:47:48.565,19.699981,0.000000,0.000000,0.000000,0.343227,-0.377054,-0.222767,0.143293,-0.369178,-0.226363,0.243260,-0.373116,-0.224565,0.221432,-0.405232,-0.191922,0.240690,-0.406744,-0.146859,0.264538,-0.402533,-0.190395
2026-07-29 15:47:48.665,19.799981,0.000000,0.000000,0.000000,0.343842,-0.380130,-0.223245,0.143806,-0.371239,-0.226929,0.243824,-0.375685,-0.225087,0.222019,-0.408281,-0.191673,0.241305,-0.409820,-0.147337,0.265073,-0.406625,-0.190835
2026-07-29 15:47:48.765,19.899981,0.000000,0.000000,0.000000,0.324452,-0.384684,-0.231094,0.125012,-0.368265,-0.232732,0.224732,-0.376475,-0.231913,0.201834,-0.408140,-0.199563,0.221394,-0.411171,-0.154708,0.244905,-0.408310,-0.198368
2026-07-29 15:47:48.865,19.999981,0.000000,0.000000,0.000000,0.325250,-0.389837,-0.231978,0.125692,-0.371379,-0.233760,0.225471,-0.380608,-0.232869,0.202632,-0.413293,-0.200447,0.222105,-0.417339,-0.155635,0.245825,-0.412452,-0.199275
2026-07-29 15:47:48.965,20.099981,0.000000,0.000000,0.000000,0.324686,-0.383680,-0.231165,0.124953,-0.367246,-0.232804,0.224819,-0.375463,-0.231984,0.201814,-0.408122,-0.198836,0.221394,-0.411171,-0.154708,0.245027,-0.407299,-0.198392
2026-07-29 15:47:49.065,20.199981,0.000000,0.000000,0.000000,0.342481,-0.379086,-0.222871,0.143397,-0.369188,-0.226611,0.242939,-0.374137,-0.224741,0.221609,-0.406230,-0.191354,0.240867,-0.407741,-0.146295,0.264743,-0.403559,-0.190554
2026-07-29 15:47:49.165,20.299981,0.000000,0.000000,0.000000,0.342818,-0.375003,-0.222449,0.142782,-0.366112,-0.226133,0.242800,-0.370557,-0.224291,0.221022,-0.403181,-0.191603,0.240210,-0.405683,-0.145847,0.264049,-0.401498,-0.190038
2026-07-29 15:47:49.265,20.399981,0.000000,0.000000,0.000000,0.341998,-0.370901,-0.221812,0.141861,-0.360995,-0.225585,0.241930,-0.365948,-0.223698,0.220203,-0.399080,-0.190966,0.239476,-0.399545,-0.145151,0.263229,-0.397396,-0.189401
2026-07-29 15:47:49.365,20.499980,0.000000,0.000000,0.000000,0.342203,-0.371927,-0.221971,0.142269,-0.364050,-0.225566,0.242236,-0.367989,-0.223769,0.220393,-0.399061,-0.190438,0.239595,-0.402607,-0.145370,0.263513,-0.397406,-0.189599
2026-07-29 15:47:49.465,20.599980,0.000000,0.000000,0.000000,0.342818,-0.375003,-0.222449,0.142883,-0.367127,-0.226044,0.242850,-0.371065,-0.224246,0.220280,-0.402132,-0.190944,0.240225,-0.404637,-0.145094,0.264049,-0.401498,-0.190038
2026-07-29 15:47:49.565,20.699980,0.000000,0.000000,0.000000,0.342395,-0.370914,-0.222055,0.142167,-0.363035,-0.225655,0.242281,-0.366975,-0.223855,0.219665,-0.399055,-0.190466,0.239610,-0.401560,-0.144616,0.263513,-0.397406,-0.189599
2026-07-29 15:47:49.665,20.799980,0.000000,0.000000,0.000000,0.342453,-0.375010,-0.222721,0.142987,-0.367137,-0.226292,0.242720,-0.371074,-0.224507,0.221199,-0.404179,-0.191036,0.240430,-0.405662,-0.145253,0.264333,-0.401508,-0.190236
2026-07-29 15:47:49.765,20.899980,0.000000,0.000000,0.000000,0.324612,-0.385715,-0.231271,0.125054,-0.367257,-0.233053,0.224833,-0.376486,-0.232162,0.201247,-0.409115,-0.199033,0.221600,-0.411151,-0.153390,0.245187,-0.408330,-0.198568
2026-07-29 15:47:49.865,20.999980,0.000000,0.000000,0.000000,0.342818,-0.375003,-0.222449,0.142782,-0.366112,-0.226133,0.242800,-0.370557,-0.224291,0.220268,-0.403147,-0.190904,0.240198,-0.404609,-0.144370,0.264128,-0.400483,-0.190077
2026-07-29 15:47:49.965,21.099980,0.000000,0.000000,0.000000,0.324292,-0.383653,-0.230917,0.124793,-0.366215,-0.232627,0.224543,-0.374934,-0.231772,0.200983,-0.406039,-0.198704,0.221174,-0.410087,-0.152359,0.245597,-0.406306,-0.198194
2026-07-29 15:47:50.065,21.199980,0.000000,0.000000,0.000000,0.342262,-0.376022,-0.222637,0.142987,-0.367137,-0.226292,0.242625,-0.371580,-0.224465,0.220473,-0.404173,-0.191063,0.240403,-0.405634,-0.144530,0.265063,-0.401514,-0.190208
2026-07-29 15:47:50.165,21.299980,0.000000,0.000000,0.000000,0.343842,-0.380130,-0.223245,0.143806,-0.371239,-0.226929,0.243824,-0.375685,-0.225087,0.221292,-0.408275,-0.191700,0.241201,-0.410245,-0.145183,0.265802,-0.406631,-0.190807
2026-07-29 15:47:50.265,21.399980,0.000000,0.000000,0.000000,0.325250,-0.389837,-0.231978,0.125751,-0.372399,-0.233688,0.225501,-0.381118,-0.232833,0.201886,-0.413238,-0.199740,0.222025,-0.417267,-0.152743,0.246534,-0.412471,-0.198523
2026-07-29 15:47:50.365,21.499979,0.000000,0.000000,0.000000,0.342818,-0.375003,-0.222449,0.142782,-0.366112,-0.226133,0.242800,-0.370557,-0.224291,0.220268,-0.403147,-0.190904,0.240170,-0.404581,-0.143647,0.264858,-0.400488,-0.190049
2026-07-29 15:47:50.465,21.599979,0.000000,0.000000,0.000000,0.342262,-0.376022,-0.222637,0.142987,-0.367137,-0.226292,0.242625,-0.371580,-0.224465,0.220473,-0.404173,-0.191063,0.240332,-0.406625,-0.143839,0.264955,-0.402501,-0.189441
2026-07-29 15:47:50.565,21.699979,0.000000,0.000000,0.000000,0.343227,-0.377054,-0.222767,0.143192,-0.368163,-0.226451,0.243210,-0.372608,-0.224609,0.220666,-0.406214,-0.191183,0.240537,-0.407650,-0.143998,0.265268,-0.402539,-0.190367
2026-07-29 15:47:50.665,21.799979,0.000000,0.000000,0.000000,0.343842,-0.380130,-0.223245,0.143705,-0.370224,-0.227018,0.243773,-0.375177,-0.225131,0.221292,-0.408275,-0.191700,0.241124,-0.410699,-0.143754,0.265882,-0.405616,-0.190845
2026-07-29 15:47:50.765,21.899979,0.000000,0.000000,0.000000,0.324171,-0.387737,-0.231646,0.125491,-0.371357,-0.233262,0.224831,-0.379547,-0.232454,0.201567,-0.411177,-0.199387,0.221686,-0.415188,-0.151667,0.246112,-0.411439,-0.198877
2026-07-29 15:47:50.865,21.999979,0.000000,0.000000,0.000000,0.343022,-0.376029,-0.222608,0.142885,-0.366122,-0.226381,0.242954,-0.371075,-0.224494,0.220473,-0.404173,-0.191063,0.240305,-0.406597,-0.143117,0.265063,-0.401514,-0.190208
2026-07-29 15:47:50.965,22.099979,0.000000,0.000000,0.000000,0.343022,-0.376029,-0.222608,0.142987,-0.367137,-0.226292,0.243005,-0.371583,-0.224450,0.220473,-0.404173,-0.191063,0.240305,-0.406597,-0.143117,0.265063,-0.401514,-0.190208
2026-07-29 15:47:51.065,22.199979,0.000000,0.000000,0.000000,0.341853,-0.373972,-0.222319,0.142577,-0.365086,-0.225974,0.242215,-0.369529,-0.224146,0.220051,-0.403138,-0.190705,0.239868,-0.404518,-0.142076,0.264545,-0.400450,-0.189122
2026-07-29 15:47:51.165,22.299979,0.000000,0.000000,0.000000,0.342818,-0.375003,-0.222449,0.142782,-0.366112,-0.226133,0.242800,-0.370557,-0.224291,0.220256,-0.404163,-0.190864,0.240030,-0.406562,-0.142271,0.264911,-0.399445,-0.189355
2026-07-29 15:47:51.265,22.399979,0.000000,0.000000,0.000000,0.342408,-0.372952,-0.222130,0.142372,-0.364061,-0.225814,0.242390,-0.368507,-0.223972,0.219121,-0.402106,-0.190574,0.239620,-0.404511,-0.141952,0.264340,-0.399424,-0.188963
2026-07-29 15:47:51.365,22.499979,0.000000,0.000000,0.000000,0.325090,-0.388807,-0.231801,0.125591,-0.371368,-0.233511,0.225341,-0.380087,-0.232656,0.200947,-0.413185,-0.199560,0.221782,-0.416709,-0.151146,0.246375,-0.411441,-0.198347
2026-07-29 15:47:51.465,22.599978,0.000000,0.000000,0.000000,0.342262,-0.376022,-0.222637,0.142885,-0.366122,-0.226381,0.242574,-0.371072,-0.224509,0.219746,-0.404167,-0.191091,0.240207,-0.407559,-0.141708,0.264955,-0.402501,-0.189441
2026-07-29 15:47:51.565,22.699978,0.000000,0.000000,0.000000,0.324218,-0.385689,-0.231024,0.124894,-0.366226,-0.232877,0.224556,-0.375957,-0.231950,0.200308,-0.409063,-0.198853,0.221167,-0.412061,-0.149691,0.245613,-0.408330,-0.197617
2026-07-29 15:47:51.665,22.799978,0.000000,0.000000,0.000000,0.323693,-0.384645,-0.231116,0.124894,-0.366226,-0.232877,0.224293,-0.375436,-0.231996,0.200308,-0.409063,-0.198853,0.221060,-0.413058,-0.149021,0.245736,-0.407318,-0.197640
2026-07-29 15:47:51.765,22.899978,0.000000,0.000000,0.000000,0.343829,-0.378093,-0.223170,0.143601,-0.370214,-0.226770,0.243715,-0.374153,-0.224970,0.220350,-0.408259,-0.191529,0.240794,-0.410608,-0.141465,0.265570,-0.405577,-0.189918
2026-07-29 15:47:51.865,22.999978,0.000000,0.000000,0.000000,0.324452,-0.384684,-0.231094,0.124894,-0.366226,-0.232877,0.224673,-0.375455,-0.231985,0.200288,-0.409045,-0.198127,0.221060,-0.413058,-0.149021,0.246341,-0.408367,-0.197596
2026-07-29 15:47:51.965,23.099978,0.000000,0.000000,0.000000,0.342408,-0.372952,-0.222130,0.142372,-0.364061,-0.225814,0.242390,-0.368507,-0.223972,0.219093,-0.402078,-0.189848,0.239522,-0.405474,-0.140547,0.265069,-0.399430,-0.188935
2026-07-29 15:47:52.065,23.199978,0.000000,0.000000,0.000000,0.342613,-0.373978,-0.222289,0.142577,-0.365086,-0.225974,0.242595,-0.369532,-0.224132,0.219298,-0.403104,-0.190007,0.239785,-0.404434,-0.139909,0.265274,-0.400456,-0.189094
2026-07-29 15:47:52.165,23.299978,0.000000,0.000000,0.000000,0.342057,-0.374997,-0.222478,0.142883,-0.367127,-0.226044,0.242470,-0.371062,-0.224261,0.219492,-0.405145,-0.190128,0.239905,-0.407497,-0.140145,0.265560,-0.400466,-0.189290
2026-07-29 15:47:52.265,23.399978,0.000000,0.000000,0.000000,0.342818,-0.375003,-0.222449,0.142782,-0.366112,-0.226133,0.242800,-0.370557,-0.224291,0.219503,-0.404129,-0.190166,0.239947,-0.406478,-0.140107,0.265479,-0.401481,-0.189253
2026-07-29 15:47:52.365,23.499978,0.000000,0.000000,0.000000,0.342613,-0.373978,-0.222289,0.142678,-0.366101,-0.225885,0.242646,-0.370040,-0.224087,0.219287,-0.404120,-0.189969,0.239715,-0.405425,-0.139226,0.265274,-0.400456,-0.189094
2026-07-29 15:47:52.465,23.599977,0.000000,0.000000,0.000000,0.343022,-0.376029,-0.222608,0.142987,-0.367137,-0.226292,0.243005,-0.371583,-0.224450,0.219708,-0.405155,-0.190326,0.240125,-0.407476,-0.139544,0.265684,-0.402507,-0.189413
2026-07-29 15:47:52.565,23.699977,0.000000,0.000000,0.000000,0.342408,-0.372952,-0.222130,0.142372,-0.364061,-0.225814,0.242390,-0.368507,-0.223972,0.219082,-0.403094,-0.189809,0.239425,-0.406436,-0.139147,0.265069,-0.399430,-0.188935
2026-07-29 15:47:52.665,23.799977,0.000000,0.000000,0.000000,0.343009,-0.373991,-0.222533,0.142681,-0.365097,-0.226222,0.242845,-0.369544,-0.224377,0.219492,-0.405145,-0.190128,0.239877,-0.407469,-0.139425,0.265479,-0.401481,-0.189253
2026-07-29 15:47:52.765,23.899977,0.000000,0.000000,0.000000,0.342408,-0.372952,-0.222130,0.142271,-0.363046,-0.225903,0.242339,-0.367999,-0.224017,0.219082,-0.403094,-0.189809,0.239398,-0.406409,-0.138427,0.265069,-0.399430,-0.188935
2026-07-29 15:47:52.865,23.999977,0.000000,0.000000,0.000000,0.342818,-0.375003,-0.222449,0.142782,-0.366112,-0.226133,0.242800,-0.370557,-0.224291,0.219492,-0.405145,-0.190128,0.239808,-0.408460,-0.138746,0.265451,-0.401453,-0.188524
2026-07-29 15:47:52.965,24.099977,0.000000,0.000000,0.000000,0.324931,-0.387776,-0.231624,0.125373,-0.369318,-0.233407,0.225152,-0.378547,-0.232515,0.199989,-0.413114,-0.198655,0.221306,-0.418127,-0.147497,0.246800,-0.411441,-0.197397
2026-07-29 15:47:53.065,24.199977,0.000000,0.000000,0.000000,0.343022,-0.376029,-0.222608,0.142987,-0.367137,-0.226292,0.243005,-0.371583,-0.224450,0.218973,-0.406165,-0.190315,0.240070,-0.407420,-0.138102,0.265656,-0.402479,-0.188684
2026-07-29 15:47:53.165,24.299977,0.000000,0.000000,0.000000,0.342613,-0.373978,-0.222289,0.142577,-0.365086,-0.225974,0.242595,-0.369532,-0.224132,0.218553,-0.405130,-0.189958,0.239618,-0.406388,-0.137825,0.265246,-0.400428,-0.188365
2026-07-29 15:47:53.265,24.399977,0.000000,0.000000,0.000000,0.343227,-0.377054,-0.222767,0.143192,-0.368163,-0.226451,0.243210,-0.372608,-0.224609,0.219177,-0.407190,-0.190474,0.240163,-0.410455,-0.137626,0.265780,-0.404519,-0.188807
2026-07-29 15:47:53.365,24.499977,0.000000,0.000000,0.000000,0.324883,-0.389824,-0.232247,0.125969,-0.374449,-0.233792,0.225426,-0.382137,-0.233020,0.200468,-0.416206,-0.199185,0.221832,-0.420168,-0.146530,0.247881,-0.415581,-0.197885
2026-07-29 15:47:53.465,24.599977,0.000000,0.000000,0.000000,0.325005,-0.385741,-0.231518,0.125272,-0.369307,-0.233157,0.225139,-0.377524,-0.232338,0.199830,-0.412084,-0.198478,0.221107,-0.417061,-0.145881,0.247243,-0.411459,-0.197178
2026-07-29 15:47:53.565,24.699976,0.000000,0.000000,0.000000,0.324771,-0.386745,-0.231448,0.125331,-0.370327,-0.233085,0.225051,-0.378536,-0.232266,0.199830,-0.412084,-0.198478,0.221193,-0.416046,-0.145823,0.247368,-0.410448,-0.197199
2026-07-29 15:47:53.665,24.799976,0.000000,0.000000,0.000000,0.342818,-0.375003,-0.222449,0.142782,-0.366112,-0.226133,0.242800,-0.370557,-0.224291,0.218768,-0.405139,-0.190156,0.239768,-0.407357,-0.136544,0.266098,-0.402474,-0.188460
2026-07-29 15:47:53.765,24.899976,0.000000,0.000000,0.000000,0.342804,-0.372965,-0.222374,0.142577,-0.365086,-0.225974,0.242691,-0.369026,-0.224174,0.218563,-0.404114,-0.189996,0.239563,-0.406332,-0.136385,0.265893,-0.401449,-0.188301
2026-07-29 15:47:53.865,24.999976,0.000000,0.000000,0.000000,0.325090,-0.388807,-0.231801,0.125533,-0.370349,-0.233583,0.225312,-0.379578,-0.232692,0.200149,-0.414145,-0.198832,0.221406,-0.419104,-0.145515,0.247562,-0.413520,-0.197531
2026-07-29 15:47:53.965,25.099976,0.000000,0.000000,0.000000,0.341998,-0.370901,-0.221812,0.141861,-0.360995,-0.225585,0.241930,-0.365948,-0.223698,0.217921,-0.401009,-0.188794,0.238836,-0.405265,-0.135278,0.265278,-0.398372,-0.187824
2026-07-29 15:47:54.065,25.199976,0.000000,0.000000,0.000000,0.343227,-0.377054,-0.222767,0.143192,-0.368163,-0.226451,0.243210,-0.372608,-0.224609,0.218426,-0.407156,-0.189777,0.240023,-0.412437,-0.136279,0.266507,-0.404525,-0.188779
2026-07-29 15:47:54.165,25.299976,0.000000,0.000000,0.000000,0.325090,-0.388807,-0.231801,0.125591,-0.371368,-0.233511,0.225341,-0.380087,-0.232656,0.199405,-0.414090,-0.198127,0.220753,-0.418035,-0.144756,0.247562,-0.413520,-0.197531
2026-07-29 15:47:54.265,25.399976,0.000000,0.000000,0.000000,0.324452,-0.384684,-0.231094,0.124953,-0.367246,-0.232804,0.224702,-0.375965,-0.231949,0.198741,-0.410475,-0.197409,0.220010,-0.414910,-0.143390,0.246924,-0.409398,-0.196824
2026-07-29 15:47:54.365,25.499976,0.000000,0.000000,0.000000,0.342818,-0.375003,-0.222449,0.142782,-0.366112,-0.226133,0.242800,-0.370557,-0.224291,0.218016,-0.405105,-0.189459,0.239629,-0.409339,-0.135197,0.266098,-0.402474,-0.188460
2026-07-29 15:47:54.465,25.599976,0.000000,0.000000,0.000000,0.324612,-0.385715,-0.231271,0.125113,-0.368276,-0.232981,0.224862,-0.376995,-0.232126,0.198875,-0.412013,-0.197575,0.220084,-0.416956,-0.143628,0.247083,-0.410428,-0.197001
2026-07-29 15:47:54.565,25.699975,0.000000,0.000000,0.000000,0.343829,-0.378093,-0.223170,0.143500,-0.369199,-0.226859,0.243664,-0.373646,-0.225014,0.218827,-0.410223,-0.190058,0.239703,-0.413408,-0.135144,0.267000,-0.405561,-0.189133
2026-07-29 15:47:54.665,25.799975,0.000000,0.000000,0.000000,0.324846,-0.384710,-0.231342,0.125113,-0.368276,-0.232981,0.224979,-0.376493,-0.232161,0.198926,-0.410998,-0.197597,0.220064,-0.416938,-0.142910,0.247747,-0.410971,-0.196969
2026-07-29 15:47:54.765,25.899975,0.000000,0.000000,0.000000,0.342818,-0.375003,-0.222449,0.142883,-0.367127,-0.226044,0.242850,-0.371065,-0.224246,0.218016,-0.405105,-0.189459,0.238884,-0.409306,-0.134507,0.266825,-0.402480,-0.188433
2026-07-29 15:47:54.865,25.999975,0.000000,0.000000,0.000000,0.324931,-0.387776,-0.231624,0.125373,-0.369318,-0.233407,0.225152,-0.378547,-0.232515,0.199297,-0.412045,-0.197973,0.220426,-0.418492,-0.143232,0.248109,-0.412509,-0.196605
2026-07-29 15:47:54.965,26.099975,0.000000,0.000000,0.000000,0.343022,-0.376029,-0.222608,0.142987,-0.367137,-0.226292,0.243005,-0.371583,-0.224450,0.218221,-0.406131,-0.189618,0.239020,-0.411322,-0.133997,0.267030,-0.403506,-0.188592
2026-07-29 15:47:55.065,26.199975,0.000000,0.000000,0.000000,0.342190,-0.369889,-0.221896,0.141861,-0.360995,-0.225585,0.242025,-0.365442,-0.223740,0.217205,-0.399988,-0.188859,0.237955,-0.407214,-0.133249,0.265978,-0.398350,-0.187068
2026-07-29 15:47:55.165,26.299975,0.000000,0.000000,0.000000,0.343227,-0.377054,-0.222767,0.143090,-0.367148,-0.226540,0.243159,-0.372101,-0.224654,0.218426,-0.407156,-0.189777,0.239225,-0.412348,-0.134156,0.267235,-0.404531,-0.188751
2026-07-29 15:47:55.265,26.399975,0.000000,0.000000,0.000000,0.343227,-0.377054,-0.222767,0.143293,-0.369178,-0.226363,0.243260,-0.373116,-0.224565,0.218426,-0.407156,-0.189777,0.239198,-0.412320,-0.133439,0.267207,-0.404503,-0.188023
2026-07-29 15:47:55.365,26.499975,0.000000,0.000000,0.000000,0.342600,-0.371940,-0.222215,0.142372,-0.364061,-0.225814,0.242486,-0.368000,-0.224014,0.216882,-0.403049,-0.189168,0.238440,-0.406690,-0.132727,0.266304,-0.401416,-0.187351
2026-07-29 15:47:55.465,26.599975,0.000000,0.000000,0.000000,0.342818,-0.375003,-0.222449,0.142782,-0.366112,-0.226133,0.242800,-0.370557,-0.224291,0.217299,-0.404084,-0.189524,0.238843,-0.408204,-0.132302,0.266798,-0.402452,-0.187705
2026-07-29 15:47:55.565,26.699975,0.000000,0.000000,0.000000,0.324931,-0.387776,-0.231624,0.125373,-0.369318,-0.233407,0.225152,-0.378547,-0.232515,0.198522,-0.413023,-0.197972,0.220409,-0.417931,-0.141041,0.248109,-0.412509,-0.196605
2026-07-29 15:47:55.665,26.799974,0.000000,0.000000,0.000000,0.325239,-0.384736,-0.231589,0.125272,-0.369307,-0.233157,0.225256,-0.377022,-0.232373,0.198362,-0.411992,-0.197795,0.220079,-0.418931,-0.140997,0.247950,-0.411478,-0.196428
2026-07-29 15:47:55.765,26.899974,0.000000,0.000000,0.000000,0.342600,-0.371940,-0.222215,0.142271,-0.363046,-0.225903,0.242435,-0.367493,-0.224059,0.216889,-0.402033,-0.189206,0.238365,-0.407144,-0.131316,0.266304,-0.401416,-0.187351
2026-07-29 15:47:55.865,26.999974,0.000000,0.000000,0.000000,0.342818,-0.375003,-0.222449,0.142883,-0.367127,-0.226044,0.242850,-0.371065,-0.224246,0.217299,-0.404084,-0.189524,0.238775,-0.409195,-0.131635,0.266798,-0.402452,-0.187705
2026-07-29 15:47:55.965,27.099974,0.000000,0.000000,0.000000,0.343022,-0.376029,-0.222608,0.142987,-0.367137,-0.226292,0.243005,-0.371583,-0.224450,0.217496,-0.406125,-0.189646,0.238939,-0.411239,-0.131846,0.267646,-0.404499,-0.187801
2026-07-29 15:47:56.065,27.199974,0.000000,0.000000,0.000000,0.324931,-0.387776,-0.231624,0.125432,-0.370338,-0.233334,0.225181,-0.379057,-0.232479,0.198522,-0.413023,-0.197972,0.219567,-0.418874,-0.139691,0.248836,-0.412546,-0.196584
2026-07-29 15:47:56.165,27.299974,0.000000,0.000000,0.000000,0.343637,-0.379105,-0.223086,0.143500,-0.369199,-0.226859,0.243569,-0.374152,-0.224972,0.218111,-0.409201,-0.190123,0.238889,-0.412244,-0.131528,0.268345,-0.406560,-0.188314
2026-07-29 15:47:56.265,27.399974,0.000000,0.000000,0.000000,0.324133,-0.382623,-0.230741,0.124634,-0.365184,-0.232451,0.224383,-0.373904,-0.231596,0.196951,-0.408847,-0.197087,0.218685,-0.414736,-0.138876,0.247911,-0.408404,-0.195680
2026-07-29 15:47:56.365,27.499974,0.000000,0.000000,0.000000,0.343419,-0.376042,-0.222852,0.143090,-0.367148,-0.226540,0.243255,-0.371595,-0.224696,0.216977,-0.407145,-0.189833,0.238452,-0.410165,-0.130490,0.267850,-0.405524,-0.187961
2026-07-29 15:47:56.465,27.599974,0.000000,0.000000,0.000000,0.325250,-0.389837,-0.231978,0.125692,-0.371379,-0.233760,0.225471,-0.380608,-0.232869,0.198117,-0.415047,-0.198346,0.219950,-0.419902,-0.139257,0.249156,-0.414607,-0.196937
2026-07-29 15:47:56.565,27.699974,0.000000,0.000000,0.000000,0.342804,-0.372965,-0.222374,0.142577,-0.365086,-0.225974,0.242691,-0.369026,-0.224174,0.216362,-0.404068,-0.189355,0.237798,-0.408108,-0.130067,0.267320,-0.401432,-0.187518
2026-07-29 15:47:56.665,27.799973,0.000000,0.000000,0.000000,0.342408,-0.372952,-0.222130,0.142372,-0.364061,-0.225814,0.242390,-0.368507,-0.223972,0.216151,-0.404059,-0.189158,0.237645,-0.405017,-0.129079,0.267116,-0.400407,-0.187358
2026-07-29 15:47:56.765,27.899973,0.000000,0.000000,0.000000,0.325324,-0.387802,-0.231872,0.125591,-0.371368,-0.233511,0.225458,-0.379585,-0.232691,0.197909,-0.415031,-0.198147,0.219687,-0.419869,-0.138431,0.248996,-0.413577,-0.196760
2026-07-29 15:47:56.865,27.999973,0.000000,0.000000,0.000000,0.342818,-0.375003,-0.222449,0.142681,-0.365097,-0.226222,0.242749,-0.370050,-0.224335,0.216567,-0.405094,-0.189514,0.238055,-0.407068,-0.129397,0.267441,-0.403473,-0.187642
2026-07-29 15:47:56.965,28.099973,0.000000,0.000000,0.000000,0.342408,-0.372952,-0.222130,0.142372,-0.364061,-0.225814,0.242390,-0.368507,-0.223972,0.216151,-0.404059,-0.189158,0.237578,-0.406008,-0.128415,0.267116,-0.400407,-0.187358
2026-07-29 15:47:57.065,28.199973,0.000000,0.000000,0.000000,0.342262,-0.376022,-0.222637,0.142987,-0.367137,-0.226292,0.242625,-0.371580,-0.224465,0.216766,-0.407135,-0.189636,0.238193,-0.409084,-0.128893,0.267730,-0.403483,-0.187836
2026-07-29 15:47:57.165,28.299973,0.000000,0.000000,0.000000,0.324133,-0.382623,-0.230741,0.124634,-0.365184,-0.232451,0.224383,-0.373904,-0.231596,0.197000,-0.407832,-0.197109,0.218876,-0.411637,-0.136509,0.248038,-0.407393,-0.195700
2026-07-29 15:47:57.265,28.399973,0.000000,0.000000,0.000000,0.343227,-0.377054,-0.222767,0.143192,-0.368163,-0.226451,0.243210,-0.372608,-0.224609,0.216964,-0.409176,-0.189757,0.238410,-0.409063,-0.128276,0.267935,-0.404509,-0.187995
2026-07-29 15:47:57.365,28.499973,0.000000,0.000000,0.000000,0.324846,-0.384710,-0.231342,0.125113,-0.368276,-0.232981,0.224979,-0.376493,-0.232161,0.196659,-0.412918,-0.197616,0.219335,-0.414711,-0.136318,0.249095,-0.411515,-0.195462
2026-07-29 15:47:57.465,28.599973,0.000000,0.000000,0.000000,0.324491,-0.389798,-0.232000,0.125751,-0.372399,-0.233688,0.225121,-0.381099,-0.232844,0.198068,-0.416062,-0.198324,0.220141,-0.416802,-0.136879,0.249734,-0.415638,-0.196169
2026-07-29 15:47:57.565,28.699973,0.000000,0.000000,0.000000,0.343829,-0.378093,-0.223170,0.143500,-0.369199,-0.226859,0.243664,-0.373646,-0.225014,0.216647,-0.412237,-0.190066,0.238753,-0.412105,-0.127933,0.269045,-0.406538,-0.187558
2026-07-29 15:47:57.665,28.799973,0.000000,0.000000,0.000000,0.343009,-0.373991,-0.222533,0.142782,-0.366112,-0.226133,0.242896,-0.370051,-0.224333,0.215827,-0.408136,-0.189429,0.237933,-0.408003,-0.127296,0.268140,-0.403451,-0.186887
2026-07-29 15:47:57.765,28.899972,0.000000,0.000000,0.000000,0.342804,-0.372965,-0.222374,0.142476,-0.364071,-0.226062,0.242640,-0.368518,-0.224218,0.215600,-0.406066,-0.188585,0.237689,-0.407997,-0.127195,0.267935,-0.402426,-0.186728
2026-07-29 15:47:57.865,28.999972,0.000000,0.000000,0.000000,0.323852,-0.385676,-0.231293,0.125054,-0.367257,-0.233053,0.224453,-0.376466,-0.232173,0.196659,-0.412918,-0.197616,0.218411,-0.416670,-0.135047,0.249095,-0.411515,-0.195462
2026-07-29 15:47:57.965,29.099972,0.000000,0.000000,0.000000,0.343637,-0.379105,-0.223086,0.143601,-0.370214,-0.226770,0.243619,-0.374659,-0.224928,0.216647,-0.412237,-0.190066,0.238045,-0.411052,-0.127181,0.268959,-0.407553,-0.187524
2026-07-29 15:47:58.065,29.199972,0.000000,0.000000,0.000000,0.343022,-0.376029,-0.222608,0.142885,-0.366122,-0.226381,0.242954,-0.371075,-0.224494,0.216005,-0.409133,-0.188867,0.237353,-0.410015,-0.126823,0.268345,-0.404476,-0.187047
2026-07-29 15:47:58.165,29.299972,0.000000,0.000000,0.000000,0.343227,-0.377054,-0.222767,0.143192,-0.368163,-0.226451,0.243210,-0.372608,-0.224609,0.216204,-0.411175,-0.188989,0.237481,-0.413079,-0.127102,0.268549,-0.405502,-0.187206
2026-07-29 15:47:58.265,29.399972,0.000000,0.000000,0.000000,0.343009,-0.373991,-0.222533,0.142681,-0.365097,-0.226222,0.242845,-0.369544,-0.224377,0.215800,-0.408108,-0.188707,0.237083,-0.409981,-0.126007,0.268140,-0.403451,-0.186887
2026-07-29 15:47:58.365,29.499972,0.000000,0.000000,0.000000,0.343227,-0.377054,-0.222767,0.143192,-0.368163,-0.226451,0.243210,-0.372608,-0.224609,0.216242,-0.409171,-0.189785,0.237416,-0.414070,-0.126448,0.268549,-0.405502,-0.187206
2026-07-29 15:47:58.465,29.599972,0.000000,0.000000,0.000000,0.343419,-0.376042,-0.222852,0.143090,-0.367148,-0.226540,0.243255,-0.371595,-0.224696,0.216209,-0.410159,-0.189026,0.237493,-0.412032,-0.126326,0.268549,-0.405502,-0.187206
2026-07-29 15:47:58.565,29.699972,0.000000,0.000000,0.000000,0.343829,-0.378093,-0.223170,0.143601,-0.370214,-0.226770,0.243715,-0.374153,-0.224970,0.216647,-0.412237,-0.190066,0.237864,-0.415102,-0.126705,0.268959,-0.407553,-0.187524
2026-07-29 15:47:58.665,29.799972,0.000000,0.000000,0.000000,0.325250,-0.389837,-0.231978,0.125692,-0.371379,-0.233760,0.225471,-0.380608,-0.232869,0.197249,-0.418055,-0.198300,0.218845,-0.422789,-0.134472,0.249734,-0.415638,-0.196169
2026-07-29 15:47:58.765,29.899971,0.000000,0.000000,0.000000,0.343227,-0.377054,-0.222767,0.143293,-0.369178,-0.226363,0.243260,-0.373116,-0.224565,0.215480,-0.412185,-0.188980,0.237542,-0.409965,-0.125484,0.268549,-0.405502,-0.187206
2026-07-29 15:47:58.865,29.999971,0.000000,0.000000,0.000000,0.343419,-0.376042,-0.222852,0.143192,-0.368163,-0.226451,0.243305,-0.372102,-0.224651,0.215480,-0.412185,-0.188980,0.237465,-0.412004,-0.125609,0.268464,-0.406517,-0.187172
2026-07-29 15:47:58.965,30.099971,0.000000,0.000000,0.000000,0.342818,-0.375003,-0.222449,0.142782,-0.366112,-0.226133,0.242800,-0.370557,-0.224291,0.215102,-0.409146,-0.189419,0.237017,-0.410972,-0.125352,0.268140,-0.403451,-0.186887
2026-07-29 15:47:59.065,30.199971,0.000000,0.000000,0.000000,0.342057,-0.374997,-0.222478,0.142681,-0.365097,-0.226222,0.242369,-0.370047,-0.224350,0.215075,-0.409118,-0.188698,0.236979,-0.411992,-0.125415,0.268054,-0.404466,-0.186854
2026-07-29 15:47:59.165,30.299971,0.000000,0.000000,0.000000,0.342408,-0.372952,-0.222130,0.142372,-0.364061,-0.225814,0.242390,-0.368507,-0.223972,0.214661,-0.408083,-0.188343,0.236619,-0.407874,-0.124255,0.267730,-0.401400,-0.186569
2026-07-29 15:47:59.265,30.399971,0.000000,0.000000,0.000000,0.342600,-0.371940,-0.222215,0.142372,-0.364061,-0.225814,0.242486,-0.368000,-0.224014,0.214665,-0.407067,-0.188380,0.236561,-0.409404,-0.124350,0.267730,-0.401400,-0.186569
2026-07-29 15:47:59.365,30.499971,0.000000,0.000000,0.000000,0.343009,-0.373991,-0.222533,0.142681,-0.365097,-0.226222,0.242845,-0.369544,-0.224377,0.215070,-0.410134,-0.188662,0.237028,-0.409925,-0.124573,0.268054,-0.404466,-0.186854
2026-07-29 15:47:59.465,30.599971,0.000000,0.000000,0.000000,0.342831,-0.377041,-0.222524,0.142987,-0.367137,-0.226292,0.242909,-0.372089,-0.224408,0.215275,-0.411159,-0.188821,0.236480,-0.411964,-0.124823,0.268345,-0.404476,-0.187047
2026-07-29 15:47:59.565,30.699971,0.000000,0.000000,0.000000,0.341985,-0.368864,-0.221737,0.141656,-0.359970,-0.225425,0.241821,-0.364417,-0.223581,0.214073,-0.405034,-0.188585,0.235287,-0.404792,-0.123805,0.267755,-0.399345,-0.186030
2026-07-29 15:47:59.665,30.799971,0.000000,0.000000,0.000000,0.341985,-0.368864,-0.221737,0.141758,-0.360984,-0.225337,0.241871,-0.364924,-0.223537,0.214046,-0.405007,-0.187866,0.235223,-0.405784,-0.123152,0.267755,-0.399345,-0.186030
2026-07-29 15:47:59.765,30.899971,0.000000,0.000000,0.000000,0.342203,-0.371927,-0.221971,0.142167,-0.363035,-0.225655,0.242185,-0.367481,-0.223813,0.214456,-0.407057,-0.188184,0.235633,-0.407835,-0.123471,0.268165,-0.401396,-0.186348
2026-07-29 15:47:59.865,30.999970,0.000000,0.000000,0.000000,0.343068,-0.378087,-0.223199,0.143601,-0.370214,-0.226770,0.243335,-0.374150,-0.224984,0.215915,-0.414771,-0.189999,0.237067,-0.415013,-0.124585,0.269599,-0.408574,-0.187463
2026-07-29 15:47:59.965,31.099970,0.000000,0.000000,0.000000,0.341838,-0.371934,-0.222244,0.142372,-0.364061,-0.225814,0.242105,-0.367997,-0.224029,0.213966,-0.409121,-0.189052,0.235838,-0.408860,-0.123630,0.268370,-0.402421,-0.186508
2026-07-29 15:48:00.065,31.199970,0.000000,0.000000,0.000000,0.343009,-0.373991,-0.222533,0.142782,-0.366112,-0.226133,0.242896,-0.370051,-0.224333,0.215098,-0.410162,-0.189381,0.236247,-0.410911,-0.123948,0.268779,-0.404472,-0.186826
2026-07-29 15:48:00.165,31.299970,0.000000,0.000000,0.000000,0.324292,-0.383653,-0.230917,0.124793,-0.366215,-0.232627,0.224543,-0.374934,-0.231772,0.195410,-0.414863,-0.196475,0.217113,-0.416516,-0.131283,0.249372,-0.410502,-0.195069
2026-07-29 15:48:00.265,31.399970,0.000000,0.000000,0.000000,0.342600,-0.371940,-0.222215,0.142372,-0.364061,-0.225814,0.242486,-0.368000,-0.224014,0.213939,-0.409093,-0.188334,0.235810,-0.408833,-0.122914,0.268370,-0.402421,-0.186508
2026-07-29 15:48:00.365,31.499970,0.000000,0.000000,0.000000,0.342818,-0.375003,-0.222449,0.142782,-0.366112,-0.226133,0.242800,-0.370557,-0.224291,0.214349,-0.411144,-0.188653,0.236257,-0.409864,-0.123167,0.268779,-0.404472,-0.186826
2026-07-29 15:48:00.465,31.599970,0.000000,0.000000,0.000000,0.341793,-0.369876,-0.221652,0.141758,-0.360984,-0.225337,0.241775,-0.365430,-0.223495,0.213352,-0.406044,-0.188574,0.235196,-0.405756,-0.122436,0.267755,-0.399345,-0.186030
2026-07-29 15:48:00.565,31.699970,0.000000,0.000000,0.000000,0.343227,-0.377054,-0.222767,0.143090,-0.367148,-0.226540,0.243159,-0.372101,-0.224654,0.214756,-0.414211,-0.188934,0.236630,-0.412935,-0.123551,0.269189,-0.406523,-0.187145
2026-07-29 15:48:00.665,31.799970,0.000000,0.000000,0.000000,0.324846,-0.384710,-0.231342,0.125054,-0.367257,-0.233053,0.224950,-0.375983,-0.232197,0.194986,-0.417920,-0.197546,0.217432,-0.418577,-0.131637,0.249562,-0.413575,-0.195403
2026-07-29 15:48:00.765,31.899970,0.000000,0.000000,0.000000,0.341238,-0.370895,-0.221841,0.141962,-0.362010,-0.225496,0.241600,-0.366453,-0.223668,0.213550,-0.409102,-0.188658,0.235364,-0.407801,-0.122661,0.267960,-0.400370,-0.186189
2026-07-29 15:48:00.865,31.999969,0.000000,0.000000,0.000000,0.343829,-0.378093,-0.223170,0.143601,-0.370214,-0.226770,0.243715,-0.374153,-0.224970,0.215196,-0.415274,-0.190008,0.237003,-0.416005,-0.123935,0.269599,-0.408574,-0.187463
2026-07-29 15:48:00.965,32.099969,0.000000,0.000000,0.000000,0.343214,-0.375016,-0.222692,0.142885,-0.366122,-0.226381,0.243050,-0.370569,-0.224537,0.214578,-0.413213,-0.189492,0.236361,-0.412901,-0.122743,0.268897,-0.406513,-0.186952
2026-07-29 15:48:01.065,32.199969,0.000000,0.000000,0.000000,0.342395,-0.370914,-0.222055,0.142167,-0.363035,-0.225655,0.242281,-0.366975,-0.223855,0.213761,-0.408095,-0.188893,0.235541,-0.408799,-0.122106,0.268078,-0.402411,-0.186315
2026-07-29 15:48:01.165,32.299969,0.000000,0.000000,0.000000,0.343022,-0.376029,-0.222608,0.142885,-0.366122,-0.226381,0.242954,-0.371075,-0.224494,0.214581,-0.412197,-0.189530,0.236361,-0.412901,-0.122743,0.268984,-0.405498,-0.186985
2026-07-29 15:48:01.265,32.399969,0.000000,0.000000,0.000000,0.325324,-0.387802,-0.231872,0.125591,-0.371368,-0.233511,0.225458,-0.379585,-0.232691,0.195465,-0.421012,-0.198076,0.217851,-0.422159,-0.131492,0.250040,-0.416666,-0.195933
2026-07-29 15:48:01.365,32.499969,0.000000,0.000000,0.000000,0.343432,-0.378080,-0.222926,0.143295,-0.368173,-0.226699,0.243364,-0.373126,-0.224813,0.214991,-0.414248,-0.189848,0.236808,-0.413932,-0.122995,0.269335,-0.408592,-0.187995
2026-07-29 15:48:01.465,32.599969,0.000000,0.000000,0.000000,0.343637,-0.379105,-0.223086,0.143601,-0.370214,-0.226770,0.243619,-0.374659,-0.224928,0.215196,-0.415274,-0.190008,0.265034,-0.397798,-0.252619,0.269540,-0.409617,-0.188154
2026-07-29 15:48:01.565,32.699969,0.000000,0.000000,0.000000,0.324612,-0.385715,-0.231271,0.125054,-0.367257,-0.233053,0.224833,-0.376486,-0.232162,0.195032,-0.416905,-0.197568,0.217331,-0.419575,-0.131002,0.249562,-0.413575,-0.195403
2026-07-29 15:48:01.665,32.799969,0.000000,0.000000,0.000000,0.325005,-0.385741,-0.231518,0.125272,-0.369307,-0.233157,0.225139,-0.377524,-0.232338,0.195146,-0.418951,-0.197722,0.217491,-0.420606,-0.131179,0.249612,-0.415634,-0.196285
2026-07-29 15:48:01.765,32.899969,0.000000,0.000000,0.000000,0.343009,-0.373991,-0.222533,0.142782,-0.366112,-0.226133,0.242896,-0.370051,-0.224333,0.214373,-0.412188,-0.189333,0.236193,-0.410856,-0.122517,0.268693,-0.405487,-0.186793
2026-07-29 15:48:01.865,32.999969,0.000000,0.000000,0.000000,0.343214,-0.375016,-0.222692,0.142885,-0.366122,-0.226381,0.243050,-0.370569,-0.224537,0.214581,-0.412197,-0.189530,0.236398,-0.411881,-0.122676,0.268897,-0.406513,-0.186952
2026-07-29 15:48:01.965,33.099968,0.000000,0.000000,0.000000,0.323925,-0.383641,-0.231187,0.124894,-0.366226,-0.232877,0.224410,-0.374933,-0.232032,0.194872,-0.415875,-0.197391,0.217172,-0.418545,-0.130826,0.249422,-0.412562,-0.195952
2026-07-29 15:48:02.065,33.199968,0.000000,0.000000,0.000000,0.341867,-0.376009,-0.222393,0.142681,-0.365097,-0.226222,0.242274,-0.370553,-0.224308,0.214373,-0.412188,-0.189333,0.236156,-0.411876,-0.122583,0.268633,-0.406531,-0.187483
2026-07-29 15:48:02.165,33.299968,0.000000,0.000000,0.000000,0.342453,-0.375010,-0.222721,0.142987,-0.367137,-0.226292,0.242720,-0.371074,-0.224507,0.214581,-0.412197,-0.189530,0.236371,-0.411854,-0.121960,0.268925,-0.406541,-0.187677
2026-07-29 15:48:02.265,33.399968,0.000000,0.000000,0.000000,0.342818,-0.375003,-0.222449,0.142782,-0.366112,-0.226133,0.242800,-0.370557,-0.224291,0.214376,-0.411172,-0.189371,0.236166,-0.410828,-0.121801,0.268720,-0.405515,-0.187517
2026-07-29 15:48:02.365,33.499968,0.000000,0.000000,0.000000,0.342613,-0.373978,-0.222289,0.142476,-0.364071,-0.226062,0.242544,-0.369025,-0.224176,0.214171,-0.410146,-0.189211,0.235961,-0.409803,-0.121642,0.268515,-0.404490,-0.187358
2026-07-29 15:48:02.465,33.599968,0.000000,0.000000,0.000000,0.342804,-0.372965,-0.222374,0.142577,-0.365086,-0.225974,0.242691,-0.369026,-0.224174,0.214170,-0.410654,-0.189192,0.235924,-0.410823,-0.121710,0.268515,-0.404490,-0.187358
2026-07-29 15:48:02.565,33.699968,0.000000,0.000000,0.000000,0.343419,-0.376042,-0.222852,0.143090,-0.367148,-0.226540,0.243255,-0.371595,-0.224696,0.214783,-0.414239,-0.189651,0.236576,-0.412879,-0.122120,0.269130,-0.407566,-0.187836
2026-07-29 15:48:02.665,33.799968,0.000000,0.000000,0.000000,0.343214,-0.375016,-0.222692,0.142885,-0.366122,-0.226381,0.243050,-0.370569,-0.224537,0.214579,-0.412705,-0.189511,0.236371,-0.411854,-0.121960,0.268838,-0.407556,-0.187642
2026-07-29 15:48:02.765,33.899968,0.000000,0.000000,0.000000,0.342891,-0.381137,-0.223190,0.143806,-0.371239,-0.226929,0.243349,-0.376188,-0.225059,0.215397,-0.417315,-0.190129,0.237153,-0.416975,-0.122665,0.269701,-0.411150,-0.188296
2026-07-29 15:48:02.865,33.999968,0.000000,0.000000,0.000000,0.343009,-0.373991,-0.222533,0.142883,-0.367127,-0.226044,0.242946,-0.370559,-0.224289,0.214376,-0.411172,-0.189371,0.236166,-0.410828,-0.121801,0.268720,-0.405515,-0.187517
2026-07-29 15:48:02.965,34.099967,0.000000,0.000000,0.000000,0.343009,-0.373991,-0.222533,0.142681,-0.365097,-0.226222,0.242845,-0.369544,-0.224377,0.214373,-0.412188,-0.189333,0.236166,-0.410828,-0.121801,0.268720,-0.405515,-0.187517
2026-07-29 15:48:03.065,34.199967,0.000000,0.000000,0.000000,0.342408,-0.372952,-0.222130,0.142372,-0.364061,-0.225814,0.242390,-0.368507,-0.223972,0.213966,-0.409121,-0.189052,0.235719,-0.409797,-0.121550,0.268310,-0.403465,-0.187199
2026-07-29 15:48:03.165,34.299967,0.000000,0.000000,0.000000,0.324931,-0.387776,-0.231624,0.125432,-0.370338,-0.233334,0.225181,-0.379057,-0.232479,0.195328,-0.419474,-0.197910,0.217712,-0.420603,-0.130558,0.249901,-0.415654,-0.196482
2026-07-29 15:48:03.265,34.399967,0.000000,0.000000,0.000000,0.341648,-0.372946,-0.222159,0.142372,-0.364061,-0.225814,0.242010,-0.368503,-0.223987,0.213963,-0.410137,-0.189014,0.235756,-0.408777,-0.121483,0.268310,-0.403465,-0.187199
2026-07-29 15:48:03.365,34.499967,0.000000,0.000000,0.000000,0.343624,-0.377067,-0.223011,0.143397,-0.369188,-0.226611,0.243510,-0.373128,-0.224811,0.214271,-0.415258,-0.189838,0.236781,-0.413905,-0.122279,0.269422,-0.407577,-0.188030
2026-07-29 15:48:03.465,34.599967,0.000000,0.000000,0.000000,0.342203,-0.371927,-0.221971,0.142066,-0.362020,-0.225744,0.242134,-0.366974,-0.223857,0.213758,-0.409111,-0.188855,0.235514,-0.408772,-0.121391,0.268105,-0.402439,-0.187040
2026-07-29 15:48:03.565,34.699967,0.000000,0.000000,0.000000,0.342057,-0.374997,-0.222478,0.142782,-0.366112,-0.226133,0.242420,-0.370554,-0.224305,0.213656,-0.412182,-0.189360,0.236166,-0.410828,-0.121801,0.268677,-0.406023,-0.187500
2026-07-29 15:48:03.665,34.799967,0.000000,0.000000,0.000000,0.341838,-0.371934,-0.222244,0.142271,-0.363046,-0.225903,0.242055,-0.367490,-0.224073,0.213966,-0.409121,-0.189052,0.235719,-0.409797,-0.121550,0.268310,-0.403465,-0.187199
2026-07-29 15:48:03.765,34.899967,0.000000,0.000000,0.000000,0.342600,-0.371940,-0.222215,0.142372,-0.364061,-0.225814,0.242486,-0.368000,-0.224014,0.213966,-0.409121,-0.189052,0.235682,-0.410817,-0.121618,0.268310,-0.403465,-0.187199
2026-07-29 15:48:03.865,34.999967,0.000000,0.000000,0.000000,0.342262,-0.376022,-0.222637,0.142885,-0.366122,-0.226381,0.242574,-0.371072,-0.224509,0.214578,-0.413213,-0.189492,0.236371,-0.411854,-0.121960,0.268925,-0.406541,-0.187677
2026-07-29 15:48:03.965,35.099967,0.000000,0.000000,0.000000,0.343419,-0.376042,-0.222852,0.143090,-0.367148,-0.226540,0.243255,-0.371595,-0.224696,0.214786,-0.413223,-0.189689,0.236502,-0.414919,-0.122255,0.269130,-0.407566,-0.187836
2026-07-29 15:48:04.065,35.199966,0.000000,0.000000,0.000000,0.342600,-0.371940,-0.222215,0.142372,-0.364061,-0.225814,0.242486,-0.368000,-0.224014,0.213966,-0.409121,-0.189052,0.235719,-0.409797,-0.121550,0.268310,-0.403465,-0.187199
2026-07-29 15:48:04.165,35.299966,0.000000,0.000000,0.000000,0.343009,-0.373991,-0.222533,0.142782,-0.366112,-0.226133,0.242896,-0.370051,-0.224333,0.214375,-0.411680,-0.189352,0.236193,-0.410856,-0.122517,0.268720,-0.405515,-0.187517
2026-07-29 15:48:04.265,35.399966,0.000000,0.000000,0.000000,0.343227,-0.377054,-0.222767,0.143192,-0.368163,-0.226451,0.243210,-0.372608,-0.224609,0.214783,-0.414239,-0.189651,0.236566,-0.413927,-0.122902,0.269130,-0.407566,-0.187836
2026-07-29 15:48:04.365,35.499966,0.000000,0.000000,0.000000,0.342408,-0.372952,-0.222130,0.142372,-0.364061,-0.225814,0.242390,-0.368507,-0.223972,0.213247,-0.410131,-0.189042,0.235746,-0.409825,-0.122265,0.268310,-0.403465,-0.187199
2026-07-29 15:48:04.465,35.599966,0.000000,0.000000,0.000000,0.342658,-0.376036,-0.222881,0.143192,-0.368163,-0.226451,0.242925,-0.372099,-0.224666,0.214068,-0.413217,-0.189717,0.236593,-0.413954,-0.123617,0.269102,-0.407538,-0.187111
2026-07-29 15:48:04.565,35.699966,0.000000,0.000000,0.000000,0.324846,-0.384710,-0.231342,0.125054,-0.367257,-0.233053,0.224950,-0.375983,-0.232197,0.194986,-0.417920,-0.197546,0.218147,-0.418613,-0.131616,0.249582,-0.413592,-0.196128
2026-07-29 15:48:04.665,35.799966,0.000000,0.000000,0.000000,0.343624,-0.377067,-0.223011,0.143397,-0.369188,-0.226611,0.243510,-0.373128,-0.224811,0.214273,-0.414242,-0.189876,0.237539,-0.415013,-0.124463,0.269335,-0.408592,-0.187995
2026-07-29 15:48:04.765,35.899966,0.000000,0.000000,0.000000,0.325165,-0.386771,-0.231695,0.125373,-0.369318,-0.233407,0.225269,-0.378045,-0.232551,0.194634,-0.418930,-0.197942,0.218506,-0.420710,-0.133402,0.249901,-0.415654,-0.196482
2026-07-29 15:48:04.865,35.999966,0.000000,0.000000,0.000000,0.325484,-0.388833,-0.232048,0.125751,-0.372399,-0.233688,0.225618,-0.380616,-0.232868,0.194954,-0.420991,-0.198296,0.219010,-0.420757,-0.134317,0.250220,-0.417715,-0.196835
2026-07-29 15:48:04.965,36.099966,0.000000,0.000000,0.000000,0.343624,-0.377067,-0.223011,0.143397,-0.369188,-0.226611,0.243510,-0.373128,-0.224811,0.214271,-0.415258,-0.189838,0.238414,-0.413063,-0.126457,0.269248,-0.409607,-0.187960
2026-07-29 15:48:05.065,36.199965,0.000000,0.000000,0.000000,0.343624,-0.377067,-0.223011,0.143295,-0.368173,-0.226699,0.243460,-0.372620,-0.224855,0.214273,-0.414242,-0.189876,0.238441,-0.413091,-0.127174,0.269335,-0.408592,-0.187995
2026-07-29 15:48:05.165,36.299965,0.000000,0.000000,0.000000,0.343637,-0.379105,-0.223086,0.143601,-0.370214,-0.226770,0.243619,-0.374659,-0.224928,0.214476,-0.416284,-0.189997,0.238646,-0.414116,-0.127333,0.269540,-0.409617,-0.188154
2026-07-29 15:48:05.265,36.399965,0.000000,0.000000,0.000000,0.343432,-0.378080,-0.222926,0.143397,-0.369188,-0.226611,0.243414,-0.373634,-0.224768,0.214271,-0.415258,-0.189838,0.238508,-0.412099,-0.127832,0.269335,-0.408592,-0.187995
2026-07-29 15:48:05.365,36.499965,0.000000,0.000000,0.000000,0.343227,-0.377054,-0.222767,0.143192,-0.368163,-0.226451,0.243210,-0.372608,-0.224609,0.214095,-0.413245,-0.190435,0.238967,-0.413146,-0.128479,0.269130,-0.407566,-0.187836
2026-07-29 15:48:05.465,36.599965,0.000000,0.000000,0.000000,0.342658,-0.376036,-0.222881,0.143192,-0.368163,-0.226451,0.242925,-0.372099,-0.224666,0.214813,-0.413250,-0.190407,0.238994,-0.413173,-0.129195,0.269043,-0.408582,-0.187801
2026-07-29 15:48:05.565,36.699965,0.000000,0.000000,0.000000,0.324367,-0.381618,-0.230811,0.124575,-0.364165,-0.232523,0.224471,-0.372892,-0.231667,0.194573,-0.413831,-0.197756,0.219257,-0.415736,-0.136775,0.249103,-0.410500,-0.195598
2026-07-29 15:48:05.665,36.799965,0.000000,0.000000,0.000000,0.343637,-0.379105,-0.223086,0.143601,-0.370214,-0.226770,0.243619,-0.374659,-0.224928,0.215226,-0.414285,-0.190764,0.239472,-0.414233,-0.130173,0.269453,-0.410633,-0.188120
2026-07-29 15:48:05.765,36.899965,0.000000,0.000000,0.000000,0.324292,-0.383653,-0.230917,0.124793,-0.366215,-0.232627,0.224543,-0.374934,-0.231772,0.194713,-0.414844,-0.197215,0.219436,-0.416784,-0.137668,0.249133,-0.412542,-0.195755
2026-07-29 15:48:05.865,36.999965,0.000000,0.000000,0.000000,0.342804,-0.372965,-0.222374,0.142374,-0.363056,-0.226151,0.242589,-0.368011,-0.224263,0.214201,-0.409158,-0.189968,0.239107,-0.411177,-0.130175,0.267791,-0.404484,-0.187386
2026-07-29 15:48:05.965,37.099965,0.000000,0.000000,0.000000,0.342277,-0.378060,-0.222712,0.143192,-0.368163,-0.226451,0.242734,-0.373112,-0.224582,0.214789,-0.412207,-0.189727,0.239721,-0.414253,-0.130653,0.268406,-0.407561,-0.187864
2026-07-29 15:48:06.065,37.199965,0.000000,0.000000,0.000000,0.343842,-0.380130,-0.223245,0.143806,-0.371239,-0.226929,0.243824,-0.375685,-0.225087,0.215403,-0.415283,-0.190205,0.240363,-0.417357,-0.131846,0.269020,-0.410637,-0.188341
2026-07-29 15:48:06.165,37.299964,0.000000,0.000000,0.000000,0.324491,-0.389798,-0.232000,0.125692,-0.371379,-0.233760,0.225091,-0.380589,-0.232880,0.195717,-0.420012,-0.198297,0.221776,-0.424091,-0.140188,0.249497,-0.417678,-0.196856
2026-07-29 15:48:06.265,37.399964,0.000000,0.000000,0.000000,0.342818,-0.375003,-0.222449,0.142782,-0.366112,-0.226133,0.242800,-0.370557,-0.224291,0.215098,-0.410162,-0.189381,0.240010,-0.413255,-0.131075,0.267996,-0.405510,-0.187545
2026-07-29 15:48:06.365,37.499964,0.000000,0.000000,0.000000,0.324292,-0.383653,-0.230917,0.124734,-0.365195,-0.232700,0.224513,-0.374424,-0.231809,0.195477,-0.413865,-0.197216,0.220925,-0.416910,-0.139775,0.248539,-0.411494,-0.195796
2026-07-29 15:48:06.465,37.599964,0.000000,0.000000,0.000000,0.341838,-0.371934,-0.222244,0.142474,-0.365076,-0.225726,0.242156,-0.368505,-0.223985,0.214715,-0.408139,-0.189781,0.240429,-0.409199,-0.131338,0.267586,-0.403459,-0.187227
2026-07-29 15:48:06.565,37.699964,0.000000,0.000000,0.000000,0.342262,-0.376022,-0.222637,0.142987,-0.367137,-0.226292,0.242625,-0.371580,-0.224465,0.215307,-0.410171,-0.189578,0.241026,-0.413322,-0.132583,0.268286,-0.405520,-0.187739
2026-07-29 15:48:06.665,37.799964,0.000000,0.000000,0.000000,0.342248,-0.373985,-0.222562,0.142883,-0.367127,-0.226044,0.242566,-0.370556,-0.224303,0.215098,-0.410162,-0.189381,0.240822,-0.412297,-0.132424,0.268082,-0.404494,-0.187580
2026-07-29 15:48:06.765,37.899964,0.000000,0.000000,0.000000,0.343432,-0.378080,-0.222926,0.143397,-0.369188,-0.226611,0.243414,-0.373634,-0.224768,0.215721,-0.411206,-0.189934,0.242151,-0.415379,-0.132874,0.268696,-0.407571,-0.188057
2026-07-29 15:48:06.865,37.999964,0.000000,0.000000,0.000000,0.343022,-0.376029,-0.222608,0.142885,-0.366122,-0.226381,0.242954,-0.371075,-0.224494,0.216032,-0.409161,-0.189588,0.241813,-0.412337,-0.133220,0.268286,-0.405520,-0.187739
2026-07-29 15:48:06.965,38.099964,0.000000,0.000000,0.000000,0.342203,-0.371927,-0.221971,0.142066,-0.362020,-0.225744,0.242134,-0.366974,-0.223857,0.215240,-0.405087,-0.189672,0.241783,-0.407250,-0.133223,0.267494,-0.401446,-0.187828
2026-07-29 15:48:07.065,38.199964,0.000000,0.000000,0.000000,0.325250,-0.389837,-0.231978,0.125751,-0.372399,-0.233688,0.225501,-0.381118,-0.232833,0.197317,-0.417058,-0.199045,0.224177,-0.422241,-0.142858,0.249048,-0.415636,-0.197645
2026-07-29 15:48:07.165,38.299963,0.000000,0.000000,0.000000,0.342467,-0.377048,-0.222796,0.143090,-0.367148,-0.226540,0.242779,-0.372098,-0.224668,0.216237,-0.410187,-0.189747,0.242901,-0.410339,-0.133921,0.267793,-0.406567,-0.188652
2026-07-29 15:48:07.265,38.399963,0.000000,0.000000,0.000000,0.344252,-0.382181,-0.223563,0.144115,-0.372275,-0.227336,0.244183,-0.377228,-0.225450,0.217261,-0.415314,-0.190543,0.244672,-0.415500,-0.135409,0.268903,-0.410679,-0.189484
2026-07-29 15:48:07.365,38.499963,0.000000,0.000000,0.000000,0.343432,-0.378080,-0.222926,0.143397,-0.369188,-0.226611,0.243414,-0.373634,-0.224768,0.216447,-0.410196,-0.189944,0.243879,-0.411426,-0.135491,0.267998,-0.407593,-0.188811
2026-07-29 15:48:07.465,38.599963,0.000000,0.000000,0.000000,0.342818,-0.375003,-0.222449,0.142782,-0.366112,-0.226133,0.242800,-0.370557,-0.224291,0.216582,-0.407153,-0.190161,0.243934,-0.409374,-0.135032,0.267468,-0.403501,-0.188369
2026-07-29 15:48:07.565,38.699963,0.000000,0.000000,0.000000,0.342818,-0.375003,-0.222449,0.142883,-0.367127,-0.226044,0.242850,-0.371065,-0.224246,0.216554,-0.407126,-0.189439,0.244060,-0.407365,-0.135659,0.267384,-0.404517,-0.188333
2026-07-29 15:48:07.665,38.799963,0.000000,0.000000,0.000000,0.342818,-0.375003,-0.222449,0.142681,-0.365097,-0.226222,0.242749,-0.370050,-0.224335,0.216575,-0.408169,-0.190122,0.244780,-0.407370,-0.135631,0.267384,-0.404517,-0.188333
2026-07-29 15:48:07.765,38.899963,0.000000,0.000000,0.000000,0.343227,-0.377054,-0.222767,0.143192,-0.368163,-0.226451,0.243210,-0.372608,-0.224609,0.216985,-0.410220,-0.190441,0.245217,-0.409449,-0.136670,0.267878,-0.405552,-0.188687
2026-07-29 15:48:07.865,38.999963,0.000000,0.000000,0.000000,0.343637,-0.379105,-0.223086,0.143601,-0.370214,-0.226770,0.243619,-0.374659,-0.224928,0.217401,-0.411255,-0.190798,0.246347,-0.411506,-0.136961,0.268203,-0.408618,-0.188970
2026-07-29 15:48:07.965,39.099963,0.000000,0.000000,0.000000,0.343829,-0.378093,-0.223170,0.143500,-0.369199,-0.226859,0.243664,-0.373646,-0.225014,0.218123,-0.411261,-0.190771,0.246374,-0.411534,-0.137681,0.268288,-0.407603,-0.189006
2026-07-29 15:48:08.065,39.199963,0.000000,0.000000,0.000000,0.343432,-0.378080,-0.222926,0.143397,-0.369188,-0.226611,0.243414,-0.373634,-0.224768,0.217919,-0.410236,-0.190611,0.246916,-0.410542,-0.138214,0.268083,-0.406578,-0.188847
2026-07-29 15:48:08.165,39.299963,0.000000,0.000000,0.000000,0.343637,-0.379105,-0.223086,0.143601,-0.370214,-0.226770,0.243619,-0.374659,-0.224928,0.218116,-0.412277,-0.190732,0.247096,-0.412614,-0.139135,0.268288,-0.407603,-0.189006
2026-07-29 15:48:08.265,39.399962,0.000000,0.000000,0.000000,0.342818,-0.375003,-0.222449,0.142883,-0.367127,-0.226044,0.242850,-0.371065,-0.224246,0.217296,-0.408175,-0.190095,0.246995,-0.408518,-0.138471,0.267468,-0.403501,-0.188369
2026-07-29 15:48:08.365,39.499962,0.000000,0.000000,0.000000,0.342467,-0.377048,-0.222796,0.143192,-0.368163,-0.226451,0.242829,-0.372605,-0.224624,0.218427,-0.410232,-0.190386,0.247540,-0.408559,-0.139428,0.267179,-0.405574,-0.189442
2026-07-29 15:48:08.465,39.599962,0.000000,0.000000,0.000000,0.324931,-0.387776,-0.231624,0.125432,-0.370338,-0.233334,0.225181,-0.379057,-0.232479,0.199059,-0.417138,-0.198583,0.229541,-0.415524,-0.148545,0.248023,-0.413556,-0.198040
2026-07-29 15:48:08.565,39.699962,0.000000,0.000000,0.000000,0.341998,-0.370901,-0.221812,0.142064,-0.363025,-0.225407,0.242031,-0.366963,-0.223609,0.217207,-0.403063,-0.189469,0.247086,-0.402468,-0.139887,0.265950,-0.399422,-0.188487
2026-07-29 15:48:08.665,39.799962,0.000000,0.000000,0.000000,0.343022,-0.376029,-0.222608,0.142987,-0.367137,-0.226292,0.243005,-0.371583,-0.224450,0.218250,-0.409234,-0.190948,0.248832,-0.407601,-0.140656,0.266974,-0.404549,-0.189283
2026-07-29 15:48:08.765,39.899962,0.000000,0.000000,0.000000,0.342057,-0.374997,-0.222478,0.142681,-0.365097,-0.226222,0.242369,-0.370047,-0.224350,0.218045,-0.408209,-0.190789,0.248654,-0.406604,-0.141218,0.266853,-0.402508,-0.189161
2026-07-29 15:48:08.865,39.999962,0.000000,0.000000,0.000000,0.342408,-0.372952,-0.222130,0.142372,-0.364061,-0.225814,0.242390,-0.368507,-0.223972,0.218356,-0.406164,-0.190442,0.248272,-0.404581,-0.141621,0.266360,-0.401473,-0.188805
2026-07-29 15:48:08.965,40.099962,0.000000,0.000000,0.000000,0.343842,-0.380130,-0.223245,0.143705,-0.370224,-0.227018,0.243773,-0.375177,-0.225131,0.219800,-0.412326,-0.191597,0.249706,-0.411759,-0.142735,0.267794,-0.408651,-0.189920
2026-07-29 15:48:09.065,40.199962,0.000000,0.000000,0.000000,0.342818,-0.375003,-0.222449,0.142782,-0.366112,-0.226133,0.242800,-0.370557,-0.224291,0.218776,-0.407199,-0.190801,0.248682,-0.406632,-0.141939,0.266769,-0.403523,-0.189124
2026-07-29 15:48:09.165,40.299962,0.000000,0.000000,0.000000,0.343068,-0.378087,-0.223199,0.143601,-0.370214,-0.226770,0.243335,-0.374150,-0.224984,0.219585,-0.412317,-0.191398,0.249585,-0.409743,-0.143263,0.267589,-0.407625,-0.189761
2026-07-29 15:48:09.265,40.399961,0.000000,0.000000,0.000000,0.342672,-0.378073,-0.222956,0.143397,-0.369188,-0.226611,0.243034,-0.373631,-0.224783,0.219390,-0.410275,-0.191278,0.249267,-0.410754,-0.143173,0.267384,-0.406600,-0.189601
2026-07-29 15:48:09.365,40.499961,0.000000,0.000000,0.000000,0.342877,-0.379099,-0.223115,0.143703,-0.371229,-0.226681,0.243290,-0.375164,-0.224898,0.219595,-0.411301,-0.191438,0.249528,-0.410761,-0.143298,0.267672,-0.406610,-0.189798
2026-07-29 15:48:09.465,40.599961,0.000000,0.000000,0.000000,0.342672,-0.378073,-0.222956,0.143194,-0.367158,-0.226788,0.242933,-0.372616,-0.224872,0.219390,-0.410275,-0.191278,0.249324,-0.409736,-0.143138,0.267468,-0.405585,-0.189638
2026-07-29 15:48:09.565,40.699961,0.000000,0.000000,0.000000,0.341853,-0.373972,-0.222319,0.142577,-0.365086,-0.225974,0.242215,-0.369529,-0.224146,0.218571,-0.406173,-0.190642,0.248531,-0.405662,-0.143223,0.266648,-0.401483,-0.189001
2026-07-29 15:48:09.665,40.799961,0.000000,0.000000,0.000000,0.342408,-0.372952,-0.222130,0.142372,-0.364061,-0.225814,0.242390,-0.368507,-0.223972,0.218366,-0.405148,-0.190482,0.248327,-0.404637,-0.143063,0.265715,-0.400451,-0.188870
2026-07-29 15:48:09.765,40.899961,0.000000,0.000000,0.000000,0.342818,-0.375003,-0.222449,0.142681,-0.365097,-0.226222,0.242749,-0.370050,-0.224335,0.218785,-0.406183,-0.190841,0.248736,-0.406687,-0.143382,0.266125,-0.402502,-0.189189
2026-07-29 15:48:09.865,40.999961,0.000000,0.000000,0.000000,0.342277,-0.378060,-0.222712,0.143090,-0.367148,-0.226540,0.242683,-0.372604,-0.224626,0.219185,-0.409250,-0.191119,0.249146,-0.408738,-0.143700,0.266535,-0.404553,-0.189507
2026-07-29 15:48:09.965,41.099961,0.000000,0.000000,0.000000,0.343022,-0.376029,-0.222608,0.142885,-0.366122,-0.226381,0.242954,-0.371075,-0.224494,0.218981,-0.408224,-0.190960,0.248941,-0.407713,-0.143541,0.266974,-0.404549,-0.189283
2026-07-29 15:48:10.065,41.199961,0.000000,0.000000,0.000000,0.343842,-0.380130,-0.223245,0.143806,-0.371239,-0.226929,0.243824,-0.375685,-0.225087,0.220522,-0.412332,-0.191569,0.249704,-0.412833,-0.144212,0.267794,-0.408651,-0.189920
2026-07-29 15:48:10.165,41.299961,0.000000,0.000000,0.000000,0.342672,-0.378073,-0.222956,0.143397,-0.369188,-0.226611,0.243034,-0.373631,-0.224783,0.219390,-0.410275,-0.191278,0.249295,-0.410782,-0.143893,0.267384,-0.406600,-0.189601
2026-07-29 15:48:10.265,41.399961,0.000000,0.000000,0.000000,0.342804,-0.372965,-0.222374,0.142577,-0.365086,-0.225974,0.242691,-0.369026,-0.224174,0.218571,-0.406173,-0.190642,0.248588,-0.404644,-0.143189,0.265920,-0.401477,-0.189029
2026-07-29 15:48:10.365,41.499960,0.000000,0.000000,0.000000,0.343022,-0.376029,-0.222608,0.142987,-0.367137,-0.226292,0.243005,-0.371583,-0.224450,0.218990,-0.407209,-0.191000,0.248941,-0.407713,-0.143541,0.267058,-0.403534,-0.189320
2026-07-29 15:48:10.465,41.599960,0.000000,0.000000,0.000000,0.343036,-0.378066,-0.222683,0.143293,-0.369178,-0.226363,0.243164,-0.373622,-0.224523,0.219195,-0.408234,-0.191159,0.248425,-0.408733,-0.143728,0.266453,-0.405569,-0.189470
2026-07-29 15:48:10.565,41.699960,0.000000,0.000000,0.000000,0.343240,-0.379092,-0.222842,0.143397,-0.369188,-0.226611,0.243319,-0.374140,-0.224726,0.219390,-0.410275,-0.191278,0.248713,-0.408768,-0.144576,0.267468,-0.405585,-0.189638
2026-07-29 15:48:10.665,41.799960,0.000000,0.000000,0.000000,0.342203,-0.371927,-0.221971,0.142167,-0.363035,-0.225655,0.242185,-0.367481,-0.223813,0.218161,-0.404123,-0.190323,0.247483,-0.402615,-0.143621,0.266155,-0.400447,-0.188646
2026-07-29 15:48:10.765,41.899960,0.000000,0.000000,0.000000,0.342818,-0.375003,-0.222449,0.142782,-0.366112,-0.226133,0.242800,-0.370557,-0.224291,0.218776,-0.407199,-0.190801,0.248043,-0.406709,-0.144131,0.266043,-0.403518,-0.189152
2026-07-29 15:48:10.865,41.999960,0.000000,0.000000,0.000000,0.342818,-0.375003,-0.222449,0.142782,-0.366112,-0.226133,0.242800,-0.370557,-0.224291,0.218776,-0.407199,-0.190801,0.247322,-0.406704,-0.144158,0.266125,-0.402502,-0.189189
2026-07-29 15:48:10.965,42.099960,0.000000,0.000000,0.000000,0.342057,-0.374997,-0.222478,0.142681,-0.365097,-0.226222,0.242369,-0.370047,-0.224350,0.218776,-0.407199,-0.190801,0.247322,-0.406704,-0.144158,0.266043,-0.403518,-0.189152
2026-07-29 15:48:11.065,42.199960,0.000000,0.000000,0.000000,0.342262,-0.376022,-0.222637,0.142885,-0.366122,-0.226381,0.242574,-0.371072,-0.224509,0.218981,-0.408224,-0.190960,0.247554,-0.407757,-0.145039,0.266248,-0.404543,-0.189311
2026-07-29 15:48:11.165,42.299960,0.000000,0.000000,0.000000,0.342203,-0.371927,-0.221971,0.142167,-0.363035,-0.225655,0.242185,-0.367481,-0.223813,0.218161,-0.404123,-0.190323,0.246789,-0.402637,-0.144371,0.265428,-0.400441,-0.188674
2026-07-29 15:48:11.265,42.399960,0.000000,0.000000,0.000000,0.342818,-0.375003,-0.222449,0.142782,-0.366112,-0.226133,0.242800,-0.370557,-0.224291,0.218785,-0.406183,-0.190841,0.246575,-0.407744,-0.144939,0.266125,-0.402502,-0.189189
2026-07-29 15:48:11.365,42.499959,0.000000,0.000000,0.000000,0.342262,-0.376022,-0.222637,0.142987,-0.367137,-0.226292,0.242625,-0.371580,-0.224465,0.218990,-0.407209,-0.191000,0.246833,-0.407751,-0.145067,0.266248,-0.404543,-0.189311
2026-07-29 15:48:11.465,42.599959,0.000000,0.000000,0.000000,0.324292,-0.383653,-0.230917,0.124793,-0.366215,-0.232627,0.224543,-0.374934,-0.231772,0.199318,-0.410025,-0.198649,0.227600,-0.411452,-0.152941,0.246784,-0.408385,-0.197376
2026-07-29 15:48:11.565,42.699959,0.000000,0.000000,0.000000,0.324133,-0.382623,-0.230741,0.124634,-0.365184,-0.232451,0.224383,-0.373904,-0.231596,0.199159,-0.408994,-0.198472,0.227344,-0.411435,-0.152810,0.246499,-0.408365,-0.197177
2026-07-29 15:48:11.665,42.799959,0.000000,0.000000,0.000000,0.342262,-0.376022,-0.222637,0.142885,-0.366122,-0.226381,0.242574,-0.371072,-0.224509,0.219714,-0.407214,-0.190972,0.246833,-0.407751,-0.145067,0.266330,-0.403528,-0.189348
2026-07-29 15:48:11.765,42.899959,0.000000,0.000000,0.000000,0.342203,-0.371927,-0.221971,0.142066,-0.362020,-0.225744,0.242134,-0.366974,-0.223857,0.218894,-0.403113,-0.190335,0.246014,-0.403649,-0.144430,0.265511,-0.399426,-0.188711
2026-07-29 15:48:11.865,42.999959,0.000000,0.000000,0.000000,0.343419,-0.376042,-0.222852,0.143192,-0.368163,-0.226451,0.243305,-0.372102,-0.224651,0.219918,-0.408240,-0.191131,0.247037,-0.408240,-0.144488,0.266453,-0.405569,-0.189470
2026-07-29 15:48:11.965,43.099959,0.000000,0.000000,0.000000,0.343022,-0.376029,-0.222608,0.142987,-0.367137,-0.226292,0.243005,-0.371583,-0.224450,0.219714,-0.407214,-0.190972,0.246806,-0.407723,-0.144345,0.266330,-0.403528,-0.189348
2026-07-29 15:48:12.065,43.199959,0.000000,0.000000,0.000000,0.343022,-0.376029,-0.222608,0.142987,-0.367137,-0.226292,0.243005,-0.371583,-0.224450,0.219714,-0.407214,-0.190972,0.246778,-0.407695,-0.143624,0.266330,-0.403528,-0.189348
2026-07-29 15:48:12.165,43.299959,0.000000,0.000000,0.000000,0.343637,-0.379105,-0.223086,0.143500,-0.369199,-0.226859,0.243569,-0.374152,-0.224972,0.220317,-0.411307,-0.191410,0.247340,-0.411790,-0.144135,0.266945,-0.406604,-0.189826
2026-07-29 15:48:12.265,43.399959,0.000000,0.000000,0.000000,0.342818,-0.375003,-0.222449,0.142681,-0.365097,-0.226222,0.242749,-0.370050,-0.224335,0.219509,-0.406189,-0.190813,0.245825,-0.406636,-0.142771,0.266125,-0.402502,-0.189189
2026-07-29 15:48:12.365,43.499959,0.000000,0.000000,0.000000,0.343214,-0.375016,-0.222692,0.142885,-0.366122,-0.226381,0.243050,-0.370569,-0.224537,0.219714,-0.407214,-0.190972,0.246002,-0.407634,-0.142209,0.266330,-0.403528,-0.189348
2026-07-29 15:48:12.465,43.599958,0.000000,0.000000,0.000000,0.343022,-0.376029,-0.222608,0.142885,-0.366122,-0.226381,0.242954,-0.371075,-0.224494,0.219714,-0.407214,-0.190972,0.245305,-0.406582,-0.141478,0.266330,-0.403528,-0.189348
2026-07-29 15:48:12.565,43.699958,0.000000,0.000000,0.000000,0.343036,-0.378066,-0.222683,0.143192,-0.368163,-0.226451,0.243114,-0.373115,-0.224567,0.219918,-0.408240,-0.191131,0.245459,-0.408626,-0.141674,0.266535,-0.404553,-0.189507
2026-07-29 15:48:12.665,43.799958,0.000000,0.000000,0.000000,0.343022,-0.376029,-0.222608,0.142987,-0.367137,-0.226292,0.243005,-0.371583,-0.224450,0.219714,-0.407214,-0.190972,0.244555,-0.406548,-0.140784,0.266413,-0.402513,-0.189385
2026-07-29 15:48:12.765,43.899958,0.000000,0.000000,0.000000,0.324771,-0.386745,-0.231448,0.125213,-0.368287,-0.233230,0.224992,-0.377516,-0.232339,0.200520,-0.413154,-0.199158,0.225053,-0.414271,-0.148494,0.247263,-0.411477,-0.197906
2026-07-29 15:48:12.865,43.999958,0.000000,0.000000,0.000000,0.342408,-0.372952,-0.222130,0.142372,-0.364061,-0.225814,0.242390,-0.368507,-0.223972,0.219099,-0.404138,-0.190494,0.243163,-0.403410,-0.138889,0.265715,-0.400451,-0.188870
2026-07-29 15:48:12.965,44.099958,0.000000,0.000000,0.000000,0.324771,-0.386745,-0.231448,0.125272,-0.369307,-0.233157,0.225022,-0.378026,-0.232303,0.200520,-0.413154,-0.199158,0.224921,-0.415251,-0.147104,0.247263,-0.411477,-0.197906
2026-07-29 15:48:13.065,44.199958,0.000000,0.000000,0.000000,0.343227,-0.377054,-0.222767,0.143192,-0.368163,-0.226451,0.243210,-0.372608,-0.224609,0.219918,-0.408240,-0.191131,0.243880,-0.408475,-0.138123,0.266617,-0.403538,-0.189544
2026-07-29 15:48:13.165,44.299958,0.000000,0.000000,0.000000,0.324612,-0.385715,-0.231271,0.125113,-0.368276,-0.232981,0.224862,-0.376995,-0.232126,0.199617,-0.412068,-0.198278,0.224092,-0.413133,-0.145446,0.247229,-0.409435,-0.197752
2026-07-29 15:48:13.265,44.399958,0.000000,0.000000,0.000000,0.324452,-0.384684,-0.231094,0.124953,-0.367246,-0.232804,0.224702,-0.375965,-0.231949,0.199510,-0.410023,-0.198125,0.224542,-0.413136,-0.144585,0.247049,-0.408386,-0.196846
2026-07-29 15:48:13.365,44.499958,0.000000,0.000000,0.000000,0.343227,-0.377054,-0.222767,0.143192,-0.368163,-0.226451,0.243210,-0.372608,-0.224609,0.219168,-0.408206,-0.190435,0.243798,-0.408391,-0.135959,0.267235,-0.404531,-0.188751
2026-07-29 15:48:13.465,44.599957,0.000000,0.000000,0.000000,0.343637,-0.379105,-0.223086,0.143601,-0.370214,-0.226770,0.243619,-0.374659,-0.224928,0.219577,-0.410257,-0.190754,0.243459,-0.410408,-0.135584,0.267645,-0.406582,-0.189070
2026-07-29 15:48:13.565,44.699957,0.000000,0.000000,0.000000,0.324612,-0.385715,-0.231271,0.125113,-0.368276,-0.232981,0.224862,-0.376995,-0.232126,0.199617,-0.412068,-0.198278,0.224032,-0.413079,-0.143277,0.247810,-0.410465,-0.196980
2026-07-29 15:48:13.665,44.799957,0.000000,0.000000,0.000000,0.342626,-0.376016,-0.222364,0.142883,-0.367127,-0.226044,0.242755,-0.371571,-0.224204,0.218758,-0.406155,-0.190117,0.242612,-0.406278,-0.134226,0.266909,-0.401465,-0.188468
2026-07-29 15:48:13.765,44.899957,0.000000,0.000000,0.000000,0.342408,-0.372952,-0.222130,0.142372,-0.364061,-0.225814,0.242390,-0.368507,-0.223972,0.217625,-0.404098,-0.189826,0.242896,-0.404205,-0.133158,0.266499,-0.399414,-0.188150
2026-07-29 15:48:13.865,44.999957,0.000000,0.000000,0.000000,0.325250,-0.389837,-0.231978,0.125751,-0.372399,-0.233688,0.225501,-0.381118,-0.232833,0.199513,-0.416136,-0.198282,0.225076,-0.420248,-0.142709,0.249176,-0.414625,-0.197666
2026-07-29 15:48:13.965,45.099957,0.000000,0.000000,0.000000,0.342248,-0.373985,-0.222562,0.142782,-0.366112,-0.226133,0.242515,-0.370048,-0.224347,0.218026,-0.407165,-0.190106,0.243183,-0.408266,-0.132856,0.267610,-0.401443,-0.187711
2026-07-29 15:48:14.065,45.199957,0.000000,0.000000,0.000000,0.343022,-0.376029,-0.222608,0.142987,-0.367137,-0.226292,0.243005,-0.371583,-0.224450,0.218199,-0.408671,-0.189524,0.243360,-0.409264,-0.132296,0.267730,-0.403483,-0.187836
2026-07-29 15:48:14.165,45.299957,0.000000,0.000000,0.000000,0.342818,-0.375003,-0.222449,0.142782,-0.366112,-0.226133,0.242800,-0.370557,-0.224291,0.217284,-0.406116,-0.189449,0.243084,-0.409767,-0.132214,0.267525,-0.402458,-0.187677
2026-07-29 15:48:14.265,45.399957,0.000000,0.000000,0.000000,0.342613,-0.373978,-0.222289,0.142577,-0.365086,-0.225974,0.242595,-0.369532,-0.224132,0.217072,-0.406106,-0.189252,0.242855,-0.409251,-0.132080,0.268048,-0.401438,-0.187490
2026-07-29 15:48:14.365,45.499957,0.000000,0.000000,0.000000,0.324612,-0.385715,-0.231271,0.125113,-0.368276,-0.232981,0.224862,-0.376995,-0.232126,0.198051,-0.414007,-0.197552,0.224195,-0.418103,-0.139978,0.249244,-0.410522,-0.196209
2026-07-29 15:48:14.465,45.599957,0.000000,0.000000,0.000000,0.343214,-0.375016,-0.222692,0.142987,-0.367137,-0.226292,0.243101,-0.371077,-0.224492,0.216747,-0.410183,-0.189523,0.243285,-0.410255,-0.131629,0.268458,-0.403489,-0.187808
2026-07-29 15:48:14.565,45.699956,0.000000,0.000000,0.000000,0.343637,-0.379105,-0.223086,0.143601,-0.370214,-0.226770,0.243619,-0.374659,-0.224928,0.217368,-0.412243,-0.190038,0.244542,-0.414329,-0.131415,0.269073,-0.406566,-0.188286
2026-07-29 15:48:14.665,45.799956,0.000000,0.000000,0.000000,0.341793,-0.369876,-0.221652,0.141656,-0.359970,-0.225425,0.241725,-0.364923,-0.223539,0.215517,-0.404030,-0.188567,0.242649,-0.406118,-0.130035,0.267229,-0.397336,-0.186853
2026-07-29 15:48:14.765,45.899956,0.000000,0.000000,0.000000,0.342011,-0.372939,-0.221887,0.142167,-0.363035,-0.225655,0.242089,-0.367987,-0.223771,0.215954,-0.406109,-0.189606,0.243059,-0.408169,-0.130354,0.267553,-0.400403,-0.187137
2026-07-29 15:48:14.865,45.999956,0.000000,0.000000,0.000000,0.342408,-0.372952,-0.222130,0.142271,-0.363046,-0.225903,0.242339,-0.367999,-0.224017,0.216132,-0.407106,-0.189045,0.243263,-0.409195,-0.130513,0.268571,-0.400419,-0.187303
2026-07-29 15:48:14.965,46.099956,0.000000,0.000000,0.000000,0.343227,-0.377054,-0.222767,0.143293,-0.369178,-0.226363,0.243260,-0.373116,-0.224565,0.216254,-0.412246,-0.190391,0.244056,-0.413269,-0.130434,0.269304,-0.405536,-0.187905
2026-07-29 15:48:15.065,46.199956,0.000000,0.000000,0.000000,0.343022,-0.376029,-0.222608,0.142885,-0.366122,-0.226381,0.242954,-0.371075,-0.224494,0.216049,-0.411221,-0.190232,0.243851,-0.412244,-0.130275,0.269099,-0.404510,-0.187746
2026-07-29 15:48:15.165,46.299956,0.000000,0.000000,0.000000,0.343227,-0.377054,-0.222767,0.143090,-0.367148,-0.226540,0.243159,-0.372101,-0.224654,0.216254,-0.412246,-0.190391,0.244056,-0.413269,-0.130434,0.269304,-0.405536,-0.187905
2026-07-29 15:48:15.265,46.399956,0.000000,0.000000,0.000000,0.342613,-0.373978,-0.222289,0.142476,-0.364071,-0.226062,0.242544,-0.369025,-0.224176,0.215639,-0.409170,-0.189913,0.242726,-0.410187,-0.129984,0.268689,-0.402459,-0.187427
2026-07-29 15:48:15.365,46.499956,0.000000,0.000000,0.000000,0.342600,-0.371940,-0.222215,0.142271,-0.363046,-0.225903,0.242435,-0.367493,-0.224059,0.215434,-0.408144,-0.189754,0.242521,-0.409161,-0.129825,0.268484,-0.401434,-0.187268
2026-07-29 15:48:15.465,46.599956,0.000000,0.000000,0.000000,0.342453,-0.375010,-0.222721,0.143088,-0.368152,-0.226203,0.242771,-0.371581,-0.224462,0.216054,-0.410205,-0.190271,0.243136,-0.412238,-0.130303,0.269099,-0.404510,-0.187746
2026-07-29 15:48:15.565,46.699955,0.000000,0.000000,0.000000,0.343009,-0.373991,-0.222533,0.142782,-0.366112,-0.226133,0.242896,-0.370051,-0.224333,0.215849,-0.409179,-0.190111,0.242931,-0.411212,-0.130143,0.268894,-0.403485,-0.187586
2026-07-29 15:48:15.665,46.799955,0.000000,0.000000,0.000000,0.343432,-0.378080,-0.222926,0.143295,-0.368173,-0.226699,0.243364,-0.373126,-0.224813,0.216459,-0.413272,-0.190550,0.243545,-0.414289,-0.130621,0.269509,-0.406561,-0.188064
2026-07-29 15:48:15.765,46.899955,0.000000,0.000000,0.000000,0.344034,-0.379118,-0.223329,0.143806,-0.371239,-0.226929,0.243920,-0.375179,-0.225129,0.216868,-0.415323,-0.190869,0.243928,-0.416312,-0.130224,0.269918,-0.408612,-0.188383
2026-07-29 15:48:15.865,46.999955,0.000000,0.000000,0.000000,0.342626,-0.376016,-0.222364,0.142681,-0.365097,-0.226222,0.242653,-0.370556,-0.224293,0.215844,-0.410195,-0.190072,0.242188,-0.411179,-0.129455,0.268894,-0.403485,-0.187586
2026-07-29 15:48:15.965,47.099955,0.000000,0.000000,0.000000,0.343637,-0.379105,-0.223086,0.143601,-0.370214,-0.226770,0.243619,-0.374659,-0.224928,0.216663,-0.414297,-0.190709,0.243008,-0.415281,-0.130092,0.269627,-0.408602,-0.188189
2026-07-29 15:48:16.065,47.199955,0.000000,0.000000,0.000000,0.324452,-0.384684,-0.231094,0.124953,-0.367246,-0.232804,0.224702,-0.375965,-0.231949,0.196423,-0.413935,-0.198115,0.223169,-0.417998,-0.137741,0.249682,-0.410540,-0.195991
2026-07-29 15:48:16.165,47.299955,0.000000,0.000000,0.000000,0.343082,-0.380124,-0.223274,0.143806,-0.371239,-0.226929,0.243444,-0.375682,-0.225102,0.216868,-0.415323,-0.190869,0.243213,-0.416306,-0.130251,0.269918,-0.408612,-0.188383
2026-07-29 15:48:16.265,47.399955,0.000000,0.000000,0.000000,0.343637,-0.379105,-0.223086,0.143500,-0.369199,-0.226859,0.243569,-0.374152,-0.224972,0.216663,-0.414297,-0.190709,0.242961,-0.416300,-0.130148,0.269713,-0.407587,-0.188223
2026-07-29 15:48:16.365,47.499955,0.000000,0.000000,0.000000,0.343842,-0.380130,-0.223245,0.143705,-0.370224,-0.227018,0.243773,-0.375177,-0.225131,0.216874,-0.414307,-0.190907,0.243213,-0.416306,-0.130251,0.269918,-0.408612,-0.188383
2026-07-29 15:48:16.465,47.599955,0.000000,0.000000,0.000000,0.341998,-0.370901,-0.221812,0.141962,-0.362010,-0.225496,0.241980,-0.366456,-0.223654,0.215030,-0.405078,-0.189474,0.241322,-0.408096,-0.128874,0.267987,-0.400398,-0.186915
2026-07-29 15:48:16.565,47.699955,0.000000,0.000000,0.000000,0.343227,-0.377054,-0.222767,0.143192,-0.368163,-0.226451,0.243210,-0.372608,-0.224609,0.215543,-0.410209,-0.190496,0.242598,-0.413230,-0.129773,0.269304,-0.405536,-0.187905
2026-07-29 15:48:16.665,47.799954,0.000000,0.000000,0.000000,0.343009,-0.373991,-0.222533,0.142782,-0.366112,-0.226133,0.242896,-0.370051,-0.224333,0.215133,-0.408158,-0.190178,0.241473,-0.411173,-0.129482,0.268894,-0.403485,-0.187586
2026-07-29 15:48:16.765,47.899954,0.000000,0.000000,0.000000,0.343227,-0.377054,-0.222767,0.143192,-0.368163,-0.226451,0.243210,-0.372608,-0.224609,0.215539,-0.411224,-0.190457,0.241882,-0.413224,-0.129801,0.269304,-0.405536,-0.187905
2026-07-29 15:48:16.865,47.999954,0.000000,0.000000,0.000000,0.342408,-0.372952,-0.222130,0.142372,-0.364061,-0.225814,0.242390,-0.368507,-0.223972,0.214722,-0.406615,-0.189840,0.241063,-0.409122,-0.129164,0.268397,-0.402449,-0.187233
2026-07-29 15:48:16.965,48.099954,0.000000,0.000000,0.000000,0.342057,-0.374997,-0.222478,0.142782,-0.366112,-0.226133,0.242420,-0.370554,-0.224305,0.215129,-0.409174,-0.190139,0.241427,-0.412192,-0.129538,0.268807,-0.404500,-0.187552
2026-07-29 15:48:17.065,48.199954,0.000000,0.000000,0.000000,0.342408,-0.372952,-0.222130,0.142372,-0.364061,-0.225814,0.242390,-0.368507,-0.223972,0.214688,-0.408111,-0.189062,0.241063,-0.409122,-0.129164,0.268397,-0.402449,-0.187233
2026-07-29 15:48:17.165,48.299954,0.000000,0.000000,0.000000,0.342395,-0.370914,-0.222055,0.142167,-0.363035,-0.225655,0.242281,-0.366975,-0.223855,0.214510,-0.407113,-0.189622,0.240808,-0.408579,-0.128317,0.268192,-0.401424,-0.187074
2026-07-29 15:48:17.265,48.399954,0.000000,0.000000,0.000000,0.324612,-0.385715,-0.231271,0.125054,-0.367257,-0.233053,0.224833,-0.376486,-0.232162,0.195816,-0.415944,-0.198289,0.222505,-0.419989,-0.137294,0.249732,-0.412599,-0.196875
2026-07-29 15:48:17.365,48.499954,0.000000,0.000000,0.000000,0.341998,-0.370901,-0.221812,0.141962,-0.362010,-0.225496,0.241980,-0.366456,-0.223654,0.214282,-0.405044,-0.188782,0.240626,-0.407044,-0.128130,0.267987,-0.400398,-0.186915
2026-07-29 15:48:17.465,48.599954,0.000000,0.000000,0.000000,0.324012,-0.386706,-0.231470,0.125272,-0.369307,-0.233157,0.224642,-0.378007,-0.232314,0.195956,-0.416957,-0.197746,0.222754,-0.420005,-0.137399,0.250001,-0.412601,-0.196345
2026-07-29 15:48:17.565,48.699954,0.000000,0.000000,0.000000,0.343214,-0.375016,-0.222692,0.142987,-0.367137,-0.226292,0.243101,-0.371077,-0.224492,0.215330,-0.411215,-0.190259,0.241605,-0.413190,-0.128983,0.269039,-0.405554,-0.188437
2026-07-29 15:48:17.665,48.799953,0.000000,0.000000,0.000000,0.343624,-0.377067,-0.223011,0.143397,-0.369188,-0.226611,0.243510,-0.373128,-0.224811,0.215712,-0.413238,-0.189859,0.242060,-0.414222,-0.129244,0.269422,-0.407577,-0.188030
2026-07-29 15:48:17.765,48.899953,0.000000,0.000000,0.000000,0.343227,-0.377054,-0.222767,0.143090,-0.367148,-0.226540,0.243159,-0.372101,-0.224654,0.215531,-0.413256,-0.190380,0.241783,-0.414188,-0.128427,0.269217,-0.406551,-0.187870
2026-07-29 15:48:17.865,48.999953,0.000000,0.000000,0.000000,0.342818,-0.375003,-0.222449,0.142782,-0.366112,-0.226133,0.242800,-0.370557,-0.224291,0.215094,-0.411178,-0.189343,0.241418,-0.411118,-0.128051,0.268807,-0.404500,-0.187552
2026-07-29 15:48:17.965,49.099953,0.000000,0.000000,0.000000,0.343419,-0.376042,-0.222852,0.143192,-0.368163,-0.226451,0.243305,-0.372102,-0.224651,0.215508,-0.412213,-0.189699,0.241184,-0.412171,-0.129056,0.269244,-0.406579,-0.188596
2026-07-29 15:48:18.065,49.199953,0.000000,0.000000,0.000000,0.341648,-0.372946,-0.222159,0.142372,-0.364061,-0.225814,0.242010,-0.368503,-0.223987,0.214684,-0.409127,-0.189025,0.240293,-0.409061,-0.127760,0.268397,-0.402449,-0.187233
2026-07-29 15:48:18.165,49.299953,0.000000,0.000000,0.000000,0.342203,-0.371927,-0.221971,0.142167,-0.363035,-0.225655,0.242185,-0.367481,-0.223813,0.214487,-0.406069,-0.188941,0.240088,-0.408036,-0.127601,0.268192,-0.401424,-0.187074
2026-07-29 15:48:18.265,49.399953,0.000000,0.000000,0.000000,0.341838,-0.371934,-0.222244,0.142372,-0.364061,-0.225814,0.242105,-0.367997,-0.224029,0.214688,-0.408111,-0.189062,0.240293,-0.409061,-0.127760,0.268397,-0.402449,-0.187233
2026-07-29 15:48:18.365,49.499953,0.000000,0.000000,0.000000,0.342408,-0.372952,-0.222130,0.142372,-0.364061,-0.225814,0.242390,-0.368507,-0.223972,0.214692,-0.407095,-0.189100,0.240249,-0.410080,-0.127818,0.268397,-0.402449,-0.187233
2026-07-29 15:48:18.465,49.599953,0.000000,0.000000,0.000000,0.343022,-0.376029,-0.222608,0.142885,-0.366122,-0.226381,0.242954,-0.371075,-0.224494,0.215303,-0.411187,-0.189540,0.240908,-0.412137,-0.128238,0.269012,-0.405526,-0.187711
2026-07-29 15:48:18.565,49.699953,0.000000,0.000000,0.000000,0.342818,-0.375003,-0.222449,0.142782,-0.366112,-0.226133,0.242800,-0.370557,-0.224291,0.215102,-0.409146,-0.189419,0.240703,-0.411112,-0.128078,0.268807,-0.404500,-0.187552
2026-07-29 15:48:18.665,49.799953,0.000000,0.000000,0.000000,0.342203,-0.371927,-0.221971,0.142167,-0.363035,-0.225655,0.242185,-0.367481,-0.223813,0.214483,-0.407085,-0.188903,0.240088,-0.408036,-0.127601,0.268192,-0.401424,-0.187074
2026-07-29 15:48:18.765,49.899952,0.000000,0.000000,0.000000,0.342818,-0.375003,-0.222449,0.142681,-0.365097,-0.226222,0.242749,-0.370050,-0.224335,0.215098,-0.410162,-0.189381,0.240703,-0.411112,-0.128078,0.268807,-0.404500,-0.187552
2026-07-29 15:48:18.865,49.999952,0.000000,0.000000,0.000000,0.343432,-0.378080,-0.222926,0.143295,-0.368173,-0.226699,0.243364,-0.373126,-0.224813,0.215710,-0.413746,-0.189840,0.241273,-0.415208,-0.128614,0.269422,-0.407577,-0.188030
2026-07-29 15:48:18.965,50.099952,0.000000,0.000000,0.000000,0.342818,-0.375003,-0.222449,0.142782,-0.366112,-0.226133,0.242800,-0.370557,-0.224291,0.215102,-0.409146,-0.189419,0.240659,-0.412131,-0.128136,0.268807,-0.404500,-0.187552
2026-07-29 15:48:19.065,50.199952,0.000000,0.000000,0.000000,0.342453,-0.375010,-0.222721,0.142987,-0.367137,-0.226292,0.242720,-0.371074,-0.224507,0.215303,-0.411187,-0.189540,0.240908,-0.412137,-0.128238,0.269012,-0.405526,-0.187711
2026-07-29 15:48:19.165,50.299952,0.000000,0.000000,0.000000,0.342818,-0.375003,-0.222449,0.142782,-0.366112,-0.226133,0.242800,-0.370557,-0.224291,0.215102,-0.409146,-0.189419,0.240703,-0.411112,-0.128078,0.268807,-0.404500,-0.187552
2026-07-29 15:48:19.265,50.399952,0.000000,0.000000,0.000000,0.344047,-0.381156,-0.223404,0.143910,-0.371250,-0.227177,0.243978,-0.376203,-0.225291,0.216327,-0.416314,-0.190336,0.241932,-0.417265,-0.129034,0.270036,-0.410653,-0.188507
2026-07-29 15:48:19.365,50.499952,0.000000,0.000000,0.000000,0.343829,-0.378093,-0.223170,0.143601,-0.370214,-0.226770,0.243715,-0.374153,-0.224970,0.215913,-0.415279,-0.189980,0.241522,-0.415214,-0.128715,0.269540,-0.409617,-0.188154
2026-07-29 15:48:19.465,50.599952,0.000000,0.000000,0.000000,0.324931,-0.387776,-0.231624,0.125432,-0.370338,-0.233334,0.225181,-0.379057,-0.232479,0.196115,-0.417988,-0.197923,0.222179,-0.420981,-0.136880,0.250031,-0.414643,-0.196502
2026-07-29 15:48:19.565,50.699952,0.000000,0.000000,0.000000,0.342408,-0.372952,-0.222130,0.142372,-0.364061,-0.225814,0.242390,-0.368507,-0.223972,0.214688,-0.408111,-0.189062,0.240315,-0.408551,-0.127731,0.267758,-0.401428,-0.187296
2026-07-29 15:48:19.665,50.799952,0.000000,0.000000,0.000000,0.343227,-0.377054,-0.222767,0.143192,-0.368163,-0.226451,0.243210,-0.372608,-0.224609,0.215508,-0.412213,-0.189699,0.241113,-0.413163,-0.128397,0.269217,-0.406551,-0.187870
2026-07-29 15:48:19.765,50.899951,0.000000,0.000000,0.000000,0.342613,-0.373978,-0.222289,0.142476,-0.364071,-0.226062,0.242544,-0.369025,-0.224176,0.214893,-0.409136,-0.189222,0.240498,-0.410086,-0.127919,0.268602,-0.403475,-0.187393
2026-07-29 15:48:19.865,50.999951,0.000000,0.000000,0.000000,0.342818,-0.375003,-0.222449,0.142782,-0.366112,-0.226133,0.242800,-0.370557,-0.224291,0.215098,-0.410162,-0.189381,0.240703,-0.411112,-0.128078,0.268807,-0.404500,-0.187552
2026-07-29 15:48:19.965,51.099951,0.000000,0.000000,0.000000,0.343227,-0.377054,-0.222767,0.143090,-0.367148,-0.226540,0.243159,-0.372101,-0.224654,0.215535,-0.412240,-0.190418,0.241140,-0.413191,-0.129113,0.269217,-0.406551,-0.187870
2026-07-29 15:48:20.065,51.199951,0.000000,0.000000,0.000000,0.342877,-0.379099,-0.223115,0.143601,-0.370214,-0.226770,0.243239,-0.374656,-0.224942,0.215945,-0.414291,-0.190737,0.241505,-0.416261,-0.129488,0.269540,-0.409617,-0.188154
2026-07-29 15:48:20.165,51.299951,0.000000,0.000000,0.000000,0.343009,-0.373991,-0.222533,0.142782,-0.366112,-0.226133,0.242896,-0.370051,-0.224333,0.215098,-0.410162,-0.189381,0.240708,-0.411649,-0.128822,0.268807,-0.404500,-0.187552
2026-07-29 15:48:20.265,51.399951,0.000000,0.000000,0.000000,0.342818,-0.375003,-0.222449,0.142782,-0.366112,-0.226133,0.242800,-0.370557,-0.224291,0.215125,-0.410189,-0.190100,0.240730,-0.411140,-0.128794,0.268720,-0.405515,-0.187517
2026-07-29 15:48:20.365,51.499951,0.000000,0.000000,0.000000,0.343829,-0.378093,-0.223170,0.143500,-0.369199,-0.226859,0.243664,-0.373646,-0.225014,0.215945,-0.414291,-0.190737,0.241505,-0.416261,-0.129488,0.269540,-0.409617,-0.188154
2026-07-29 15:48:20.465,51.599951,0.000000,0.000000,0.000000,0.343637,-0.379105,-0.223086,0.143601,-0.370214,-0.226770,0.243619,-0.374659,-0.224928,0.215940,-0.415307,-0.190698,0.241505,-0.416261,-0.129488,0.269567,-0.409645,-0.188879
2026-07-29 15:48:20.565,51.699951,0.000000,0.000000,0.000000,0.342203,-0.371927,-0.221971,0.142167,-0.363035,-0.225655,0.242185,-0.367481,-0.223813,0.214510,-0.407113,-0.189622,0.240071,-0.409082,-0.128373,0.268133,-0.402467,-0.187764
2026-07-29 15:48:20.665,51.799951,0.000000,0.000000,0.000000,0.343009,-0.373991,-0.222533,0.142782,-0.366112,-0.226133,0.242896,-0.370051,-0.224333,0.215125,-0.410189,-0.190100,0.240730,-0.411140,-0.128794,0.268748,-0.405543,-0.188242
2026-07-29 15:48:20.765,51.899951,0.000000,0.000000,0.000000,0.342818,-0.375003,-0.222449,0.142782,-0.366112,-0.226133,0.242800,-0.370557,-0.224291,0.215125,-0.410189,-0.190100,0.240686,-0.412159,-0.128851,0.268748,-0.405543,-0.188242
2026-07-29 15:48:20.865,51.999950,0.000000,0.000000,0.000000,0.343419,-0.376042,-0.222852,0.142989,-0.366133,-0.226629,0.243204,-0.371087,-0.224740,0.215531,-0.413256,-0.190380,0.241113,-0.413163,-0.128397,0.269244,-0.406579,-0.188596
2026-07-29 15:48:20.965,52.099950,0.000000,0.000000,0.000000,0.341998,-0.370901,-0.221812,0.141962,-0.362010,-0.225496,0.241980,-0.366456,-0.223654,0.214278,-0.406060,-0.188744,0.239883,-0.407010,-0.127441,0.267987,-0.400398,-0.186915
2026-07-29 15:48:21.065,52.199950,0.000000,0.000000,0.000000,0.343022,-0.376029,-0.222608,0.142885,-0.366122,-0.226381,0.242954,-0.371075,-0.224494,0.215322,-0.413247,-0.190181,0.240149,-0.413151,-0.128323,0.268925,-0.406541,-0.187677
2026-07-29 15:48:21.165,52.299950,0.000000,0.000000,0.000000,0.342818,-0.375003,-0.222449,0.142782,-0.366112,-0.226133,0.242800,-0.370557,-0.224291,0.215119,-0.411713,-0.190042,0.240676,-0.411084,-0.127363,0.268720,-0.405515,-0.187517
2026-07-29 15:48:21.265,52.399950,0.000000,0.000000,0.000000,0.343227,-0.377054,-0.222767,0.143090,-0.367148,-0.226540,0.243159,-0.372101,-0.224654,0.215508,-0.412213,-0.189699,0.241086,-0.413135,-0.127681,0.269130,-0.407566,-0.187836
2026-07-29 15:48:21.365,52.499950,0.000000,0.000000,0.000000,0.343022,-0.376029,-0.222608,0.142987,-0.367137,-0.226292,0.243005,-0.371583,-0.224450,0.215299,-0.412203,-0.189502,0.240853,-0.412082,-0.126806,0.269012,-0.405526,-0.187711
2026-07-29 15:48:21.465,52.599950,0.000000,0.000000,0.000000,0.343419,-0.376042,-0.222852,0.143090,-0.367148,-0.226540,0.243255,-0.371595,-0.224696,0.215508,-0.412213,-0.189699,0.240343,-0.413102,-0.126993,0.269217,-0.406551,-0.187870
2026-07-29 15:48:21.565,52.699950,0.000000,0.000000,0.000000,0.342262,-0.376022,-0.222637,0.142885,-0.366122,-0.226381,0.242574,-0.371072,-0.224509,0.215299,-0.412203,-0.189502,0.240111,-0.412049,-0.126118,0.268925,-0.406541,-0.187677
2026-07-29 15:48:21.665,52.799950,0.000000,0.000000,0.000000,0.342613,-0.373978,-0.222289,0.142476,-0.364071,-0.226062,0.242544,-0.369025,-0.224176,0.214889,-0.410152,-0.189184,0.239744,-0.408978,-0.125738,0.268602,-0.403475,-0.187393
2026-07-29 15:48:21.765,52.899950,0.000000,0.000000,0.000000,0.342658,-0.376036,-0.222881,0.143090,-0.367148,-0.226540,0.242874,-0.371592,-0.224710,0.215503,-0.413229,-0.189662,0.240289,-0.413046,-0.125561,0.269217,-0.406551,-0.187870
2026-07-29 15:48:21.865,52.999949,0.000000,0.000000,0.000000,0.342203,-0.371927,-0.221971,0.142167,-0.363035,-0.225655,0.242185,-0.367481,-0.223813,0.214483,-0.407085,-0.188903,0.239280,-0.406872,-0.123986,0.268105,-0.402439,-0.187040
2026-07-29 15:48:21.965,53.099949,0.000000,0.000000,0.000000,0.342248,-0.373985,-0.222562,0.142782,-0.366112,-0.226133,0.242515,-0.370048,-0.224347,0.215098,-0.410162,-0.189381,0.239852,-0.410968,-0.124527,0.268807,-0.404500,-0.187552
2026-07-29 15:48:22.065,53.199949,0.000000,0.000000,0.000000,0.343419,-0.376042,-0.222852,0.143192,-0.368163,-0.226451,0.243305,-0.372102,-0.224651,0.215503,-0.413229,-0.189662,0.240347,-0.410980,-0.124719,0.269130,-0.407566,-0.187836
2026-07-29 15:48:22.165,53.299949,0.000000,0.000000,0.000000,0.342248,-0.373985,-0.222562,0.142681,-0.365097,-0.226222,0.242464,-0.369541,-0.224392,0.215090,-0.412194,-0.189305,0.239151,-0.409915,-0.123774,0.268720,-0.405515,-0.187517
2026-07-29 15:48:22.265,53.399949,0.000000,0.000000,0.000000,0.343214,-0.375016,-0.222692,0.142885,-0.366122,-0.226381,0.243050,-0.370569,-0.224537,0.215299,-0.412203,-0.189502,0.239439,-0.408901,-0.123804,0.269012,-0.405526,-0.187711
2026-07-29 15:48:22.365,53.499949,0.000000,0.000000,0.000000,0.343227,-0.377054,-0.222767,0.143090,-0.367148,-0.226540,0.243159,-0.372101,-0.224654,0.215503,-0.413229,-0.189662,0.239561,-0.411966,-0.124093,0.269217,-0.406551,-0.187870
2026-07-29 15:48:22.465,53.599949,0.000000,0.000000,0.000000,0.342863,-0.377061,-0.223040,0.143295,-0.368173,-0.226699,0.243079,-0.372617,-0.224870,0.215708,-0.414254,-0.189821,0.239103,-0.410919,-0.123431,0.269335,-0.408592,-0.187995
2026-07-29 15:48:22.565,53.699949,0.000000,0.000000,0.000000,0.343022,-0.376029,-0.222608,0.142987,-0.367137,-0.226292,0.243005,-0.371583,-0.224450,0.215299,-0.412203,-0.189502,0.238612,-0.410907,-0.123244,0.269012,-0.405526,-0.187711
2026-07-29 15:48:22.665,53.799949,0.000000,0.000000,0.000000,0.344034,-0.379118,-0.223329,0.143806,-0.371239,-0.226929,0.243920,-0.375179,-0.225129,0.216118,-0.416305,-0.190139,0.239472,-0.413989,-0.123815,0.269745,-0.410643,-0.188314
2026-07-29 15:48:22.765,53.899949,0.000000,0.000000,0.000000,0.342613,-0.373978,-0.222289,0.142577,-0.365086,-0.225974,0.242595,-0.369532,-0.224132,0.214889,-0.410152,-0.189184,0.237525,-0.407831,-0.122887,0.268602,-0.403475,-0.187393
2026-07-29 15:48:22.865,53.999949,0.000000,0.000000,0.000000,0.342057,-0.374997,-0.222478,0.142782,-0.366112,-0.226133,0.242420,-0.370554,-0.224305,0.215090,-0.412194,-0.189305,0.237730,-0.408856,-0.123047,0.268720,-0.405515,-0.187517
2026-07-29 15:48:22.965,54.099948,0.000000,0.000000,0.000000,0.342408,-0.372952,-0.222130,0.142372,-0.364061,-0.225814,0.242390,-0.368507,-0.223972,0.214680,-0.410143,-0.188987,0.237241,-0.408844,-0.122859,0.268310,-0.403465,-0.187199
2026-07-29 15:48:23.065,54.199948,0.000000,0.000000,0.000000,0.342613,-0.373978,-0.222289,0.142476,-0.364071,-0.226062,0.242544,-0.369025,-0.224176,0.214168,-0.411162,-0.189174,0.237525,-0.407831,-0.122887,0.268602,-0.403475,-0.187393
2026-07-29 15:48:23.165,54.299948,0.000000,0.000000,0.000000,0.343432,-0.378080,-0.222926,0.143295,-0.368173,-0.226699,0.243364,-0.373126,-0.224813,0.215704,-0.415270,-0.189783,0.238266,-0.413972,-0.123656,0.269335,-0.408592,-0.187995
2026-07-29 15:48:23.265,54.399948,0.000000,0.000000,0.000000,0.342818,-0.375003,-0.222449,0.142782,-0.366112,-0.226133,0.242800,-0.370557,-0.224291,0.214373,-0.412188,-0.189333,0.237651,-0.410895,-0.123178,0.268720,-0.405515,-0.187517
2026-07-29 15:48:23.365,54.499948,0.000000,0.000000,0.000000,0.343227,-0.377054,-0.222767,0.143192,-0.368163,-0.226451,0.243210,-0.372608,-0.224609,0.214783,-0.414239,-0.189651,0.238061,-0.412946,-0.123496,0.269130,-0.407566,-0.187836
2026-07-29 15:48:23.465,54.599948,0.000000,0.000000,0.000000,0.342818,-0.375003,-0.222449,0.142782,-0.366112,-0.226133,0.242800,-0.370557,-0.224291,0.214373,-0.412188,-0.189333,0.237690,-0.409876,-0.123112,0.268720,-0.405515,-0.187517
2026-07-29 15:48:23.565,54.699948,0.000000,0.000000,0.000000,0.343082,-0.380124,-0.223274,0.143806,-0.371239,-0.226929,0.243444,-0.375682,-0.225102,0.215397,-0.417315,-0.190129,0.238675,-0.416023,-0.123974,0.269745,-0.410643,-0.188314
2026-07-29 15:48:23.665,54.799948,0.000000,0.000000,0.000000,0.343227,-0.377054,-0.222767,0.143090,-0.367148,-0.226540,0.243159,-0.372101,-0.224654,0.214783,-0.414239,-0.189651,0.237345,-0.412940,-0.123524,0.269130,-0.407566,-0.187836
2026-07-29 15:48:23.765,54.899948,0.000000,0.000000,0.000000,0.343419,-0.376042,-0.222852,0.143090,-0.367148,-0.226540,0.243255,-0.371595,-0.224696,0.214783,-0.414239,-0.189651,0.237318,-0.412913,-0.122808,0.269130,-0.407566,-0.187836
2026-07-29 15:48:23.865,54.999948,0.000000,0.000000,0.000000,0.343009,-0.373991,-0.222533,0.142782,-0.366112,-0.226133,0.242896,-0.370051,-0.224333,0.214373,-0.412188,-0.189333,0.236193,-0.410856,-0.122517,0.268720,-0.405515,-0.187517
2026-07-29 15:48:23.965,55.099947,0.000000,0.000000,0.000000,0.342600,-0.371940,-0.222215,0.142372,-0.364061,-0.225814,0.242486,-0.368000,-0.224014,0.213963,-0.410137,-0.189014,0.235783,-0.408805,-0.122198,0.268310,-0.403465,-0.187199
2026-07-29 15:48:24.065,55.199947,0.000000,0.000000,0.000000,0.341998,-0.370901,-0.221812,0.142064,-0.363025,-0.225407,0.242031,-0.366963,-0.223609,0.213553,-0.408086,-0.188696,0.235299,-0.408793,-0.122013,0.267901,-0.401414,-0.186880
2026-07-29 15:48:24.165,55.299947,0.000000,0.000000,0.000000,0.342613,-0.373978,-0.222289,0.142577,-0.365086,-0.225974,0.242595,-0.369532,-0.224132,0.214141,-0.411135,-0.188457,0.235941,-0.411897,-0.123204,0.268515,-0.404490,-0.187358
2026-07-29 15:48:24.265,55.399947,0.000000,0.000000,0.000000,0.343009,-0.373991,-0.222533,0.142883,-0.367127,-0.226044,0.242946,-0.370559,-0.224289,0.214373,-0.412188,-0.189333,0.236183,-0.411903,-0.123298,0.268807,-0.404500,-0.187552
2026-07-29 15:48:24.365,55.499947,0.000000,0.000000,0.000000,0.342203,-0.371927,-0.221971,0.142167,-0.363035,-0.225655,0.242185,-0.367481,-0.223813,0.213761,-0.408095,-0.188893,0.235568,-0.408827,-0.122820,0.268105,-0.402439,-0.187040
2026-07-29 15:48:24.465,55.599947,0.000000,0.000000,0.000000,0.342248,-0.373985,-0.222562,0.142681,-0.365097,-0.226222,0.242464,-0.369541,-0.224392,0.214370,-0.413204,-0.189295,0.236247,-0.410911,-0.123948,0.268807,-0.404500,-0.187552
2026-07-29 15:48:24.565,55.699947,0.000000,0.000000,0.000000,0.343009,-0.373991,-0.222533,0.142782,-0.366112,-0.226133,0.242896,-0.370051,-0.224333,0.214373,-0.412188,-0.189333,0.236275,-0.410939,-0.124664,0.268720,-0.405515,-0.187517
2026-07-29 15:48:24.665,55.799947,0.000000,0.000000,0.000000,0.341633,-0.370908,-0.222084,0.142167,-0.363035,-0.225655,0.241900,-0.366972,-0.223870,0.213758,-0.409111,-0.188855,0.235660,-0.407863,-0.124186,0.268105,-0.402439,-0.187040
2026-07-29 15:48:24.765,55.899947,0.000000,0.000000,0.000000,0.343009,-0.373991,-0.222533,0.142782,-0.366112,-0.226133,0.242896,-0.370051,-0.224333,0.214376,-0.411172,-0.189371,0.237094,-0.408934,-0.125228,0.268807,-0.404500,-0.187552
2026-07-29 15:48:24.865,55.999947,0.000000,0.000000,0.000000,0.343624,-0.377067,-0.223011,0.143295,-0.368173,-0.226699,0.243460,-0.372620,-0.224855,0.214988,-0.415264,-0.189811,0.237659,-0.414076,-0.126546,0.269335,-0.408592,-0.187995
2026-07-29 15:48:24.965,56.099946,0.000000,0.000000,0.000000,0.342600,-0.371940,-0.222215,0.142372,-0.364061,-0.225814,0.242486,-0.368000,-0.224014,0.213963,-0.410137,-0.189014,0.236700,-0.407957,-0.126405,0.268310,-0.403465,-0.187199
2026-07-29 15:48:25.065,56.199946,0.000000,0.000000,0.000000,0.343214,-0.375016,-0.222692,0.142987,-0.367137,-0.226292,0.243101,-0.371077,-0.224492,0.214578,-0.413213,-0.189492,0.238111,-0.409001,-0.126736,0.268925,-0.406541,-0.187677
2026-07-29 15:48:25.165,56.299946,0.000000,0.000000,0.000000,0.343419,-0.376042,-0.222852,0.143192,-0.368163,-0.226451,0.243305,-0.372102,-0.224651,0.214786,-0.413223,-0.189689,0.238264,-0.412093,-0.127732,0.269130,-0.407566,-0.187836
2026-07-29 15:48:25.265,56.399946,0.000000,0.000000,0.000000,0.343624,-0.377067,-0.223011,0.143397,-0.369188,-0.226611,0.243510,-0.373128,-0.224811,0.214991,-0.414248,-0.189848,0.238496,-0.413146,-0.128608,0.269248,-0.409607,-0.187960
2026-07-29 15:48:25.365,56.499946,0.000000,0.000000,0.000000,0.343624,-0.377067,-0.223011,0.143498,-0.370203,-0.226522,0.243561,-0.373635,-0.224766,0.214988,-0.415264,-0.189811,0.238483,-0.414193,-0.129381,0.269248,-0.409607,-0.187960
2026-07-29 15:48:25.465,56.599946,0.000000,0.000000,0.000000,0.343432,-0.378080,-0.222926,0.143295,-0.368173,-0.226699,0.243364,-0.373126,-0.224813,0.214988,-0.415264,-0.189811,0.239280,-0.412160,-0.129241,0.269335,-0.408592,-0.187995
2026-07-29 15:48:25.565,56.699946,0.000000,0.000000,0.000000,0.342043,-0.372959,-0.222403,0.142577,-0.365086,-0.225974,0.242310,-0.369023,-0.224188,0.214171,-0.410146,-0.189211,0.238406,-0.410124,-0.129433,0.268428,-0.405505,-0.187323
2026-07-29 15:48:25.665,56.799946,0.000000,0.000000,0.000000,0.343432,-0.378080,-0.222926,0.143498,-0.370203,-0.226522,0.243465,-0.374141,-0.224724,0.214991,-0.414248,-0.189848,0.239212,-0.415273,-0.130840,0.269248,-0.409607,-0.187960
2026-07-29 15:48:25.765,56.899946,0.000000,0.000000,0.000000,0.343637,-0.379105,-0.223086,0.143601,-0.370214,-0.226770,0.243619,-0.374659,-0.224928,0.215199,-0.414258,-0.190045,0.239417,-0.416299,-0.130999,0.269453,-0.410633,-0.188120
2026-07-29 15:48:25.865,56.999946,0.000000,0.000000,0.000000,0.343022,-0.376029,-0.222608,0.142987,-0.367137,-0.226292,0.243005,-0.371583,-0.224450,0.214581,-0.412197,-0.189530,0.239474,-0.414247,-0.130548,0.268838,-0.407556,-0.187642
2026-07-29 15:48:25.965,57.099946,0.000000,0.000000,0.000000,0.343842,-0.380130,-0.223245,0.143806,-0.371239,-0.226929,0.243824,-0.375685,-0.225087,0.215400,-0.416299,-0.190167,0.240336,-0.417330,-0.131131,0.269658,-0.411658,-0.188279
2026-07-29 15:48:26.065,57.199945,0.000000,0.000000,0.000000,0.343419,-0.376042,-0.222852,0.143192,-0.368163,-0.226451,0.243305,-0.372102,-0.224651,0.214786,-0.413223,-0.189689,0.239706,-0.415300,-0.131421,0.268320,-0.408576,-0.187829
2026-07-29 15:48:26.165,57.299945,0.000000,0.000000,0.000000,0.343842,-0.380130,-0.223245,0.143806,-0.371239,-0.226929,0.243824,-0.375685,-0.225087,0.215400,-0.416299,-0.190167,0.241077,-0.417363,-0.131818,0.269020,-0.410637,-0.188341
2026-07-29 15:48:26.265,57.399945,0.000000,0.000000,0.000000,0.342818,-0.375003,-0.222449,0.142883,-0.367127,-0.226044,0.242850,-0.371065,-0.224246,0.214376,-0.411172,-0.189371,0.240053,-0.412236,-0.131022,0.267996,-0.405510,-0.187545
2026-07-29 15:48:26.365,57.499945,0.000000,0.000000,0.000000,0.342203,-0.371927,-0.221971,0.142066,-0.362020,-0.225744,0.242134,-0.366974,-0.223857,0.213761,-0.408095,-0.188893,0.239438,-0.409159,-0.130544,0.267295,-0.403448,-0.187033
2026-07-29 15:48:26.465,57.599945,0.000000,0.000000,0.000000,0.342408,-0.372952,-0.222130,0.142372,-0.364061,-0.225814,0.242390,-0.368507,-0.223972,0.213966,-0.409121,-0.189052,0.239692,-0.409703,-0.131392,0.267586,-0.403459,-0.187227
2026-07-29 15:48:26.565,57.699945,0.000000,0.000000,0.000000,0.342057,-0.374997,-0.222478,0.142782,-0.366112,-0.226133,0.242420,-0.370554,-0.224305,0.215098,-0.410162,-0.189381,0.240839,-0.411250,-0.131657,0.267996,-0.405510,-0.187545
2026-07-29 15:48:26.665,57.799945,0.000000,0.000000,0.000000,0.342408,-0.372952,-0.222130,0.142372,-0.364061,-0.225814,0.242390,-0.368507,-0.223972,0.214684,-0.409127,-0.189025,0.240412,-0.410246,-0.132105,0.267586,-0.403459,-0.187227
2026-07-29 15:48:26.765,57.899945,0.000000,0.000000,0.000000,0.342408,-0.372952,-0.222130,0.142271,-0.363046,-0.225903,0.242339,-0.367999,-0.224017,0.214688,-0.408111,-0.189062,0.241217,-0.408214,-0.131976,0.267614,-0.403487,-0.187951
2026-07-29 15:48:26.865,57.999945,0.000000,0.000000,0.000000,0.343227,-0.377054,-0.222767,0.143293,-0.369178,-0.226363,0.243260,-0.373116,-0.224565,0.215512,-0.411197,-0.189737,0.242064,-0.412343,-0.133329,0.268519,-0.406573,-0.188624
2026-07-29 15:48:26.965,58.099945,0.000000,0.000000,0.000000,0.343624,-0.377067,-0.223011,0.143295,-0.368173,-0.226699,0.243460,-0.372620,-0.224855,0.216436,-0.412228,-0.189869,0.243055,-0.411846,-0.133386,0.268638,-0.408614,-0.188747
2026-07-29 15:48:27.065,58.199944,0.000000,0.000000,0.000000,0.342613,-0.373978,-0.222289,0.142577,-0.365086,-0.225974,0.242595,-0.369532,-0.224132,0.215617,-0.408126,-0.189232,0.242287,-0.407263,-0.133443,0.267818,-0.404512,-0.188110
2026-07-29 15:48:27.165,58.299944,0.000000,0.000000,0.000000,0.343214,-0.375016,-0.222692,0.142987,-0.367137,-0.226292,0.243101,-0.371077,-0.224492,0.216037,-0.408145,-0.189626,0.243511,-0.407282,-0.133636,0.268228,-0.406563,-0.188429
2026-07-29 15:48:27.265,58.399944,0.000000,0.000000,0.000000,0.344034,-0.379118,-0.223329,0.143806,-0.371239,-0.226929,0.243920,-0.375179,-0.225129,0.216851,-0.413263,-0.190225,0.244262,-0.413449,-0.135090,0.268493,-0.408629,-0.189165
2026-07-29 15:48:27.365,58.499944,0.000000,0.000000,0.000000,0.342043,-0.372959,-0.222403,0.142577,-0.365086,-0.225974,0.242310,-0.369023,-0.224188,0.215627,-0.406094,-0.189307,0.243751,-0.407302,-0.134107,0.267179,-0.403491,-0.188174
2026-07-29 15:48:27.465,58.599944,0.000000,0.000000,0.000000,0.342467,-0.377048,-0.222796,0.143192,-0.368163,-0.226451,0.242829,-0.372605,-0.224624,0.216237,-0.410187,-0.189747,0.244442,-0.409388,-0.135257,0.267793,-0.406567,-0.188652
2026-07-29 15:48:27.565,58.699944,0.000000,0.000000,0.000000,0.342057,-0.374997,-0.222478,0.142782,-0.366112,-0.226133,0.242420,-0.370554,-0.224305,0.216548,-0.408141,-0.189401,0.244730,-0.408389,-0.135677,0.267384,-0.404517,-0.188333
2026-07-29 15:48:27.665,58.799944,0.000000,0.000000,0.000000,0.342467,-0.377048,-0.222796,0.143090,-0.367148,-0.226540,0.242779,-0.372098,-0.224668,0.216958,-0.410192,-0.189720,0.245190,-0.409421,-0.135950,0.267793,-0.406567,-0.188652
2026-07-29 15:48:27.765,58.899944,0.000000,0.000000,0.000000,0.342408,-0.372952,-0.222130,0.142271,-0.363046,-0.225903,0.242339,-0.367999,-0.224017,0.216145,-0.405075,-0.189120,0.245169,-0.404334,-0.135961,0.266974,-0.402466,-0.188015
2026-07-29 15:48:27.865,58.999944,0.000000,0.000000,0.000000,0.342408,-0.372952,-0.222130,0.142372,-0.364061,-0.225814,0.242390,-0.368507,-0.223972,0.216145,-0.405075,-0.189120,0.245117,-0.405353,-0.136005,0.266974,-0.402466,-0.188015
2026-07-29 15:48:27.965,59.099944,0.000000,0.000000,0.000000,0.343432,-0.378080,-0.222926,0.143397,-0.369188,-0.226611,0.243414,-0.373634,-0.224768,0.217169,-0.410202,-0.189917,0.246889,-0.410514,-0.137494,0.267998,-0.407593,-0.188811
2026-07-29 15:48:28.065,59.199944,0.000000,0.000000,0.000000,0.324452,-0.384684,-0.231094,0.124894,-0.366226,-0.232877,0.224673,-0.375455,-0.231985,0.197892,-0.412976,-0.197375,0.227347,-0.414316,-0.145282,0.248122,-0.411494,-0.196740
2026-07-29 15:48:28.165,59.299943,0.000000,0.000000,0.000000,0.343227,-0.377054,-0.222767,0.143192,-0.368163,-0.226451,0.243210,-0.372608,-0.224609,0.217686,-0.409182,-0.189730,0.247431,-0.409522,-0.138028,0.267793,-0.406567,-0.188652
2026-07-29 15:48:28.265,59.399943,0.000000,0.000000,0.000000,0.342408,-0.372952,-0.222130,0.142372,-0.364061,-0.225814,0.242390,-0.368507,-0.223972,0.216859,-0.406096,-0.189055,0.246639,-0.405448,-0.138111,0.266974,-0.402466,-0.188015
2026-07-29 15:48:28.365,59.499943,0.000000,0.000000,0.000000,0.342467,-0.377048,-0.222796,0.143090,-0.367148,-0.226540,0.242779,-0.372098,-0.224668,0.217679,-0.410198,-0.189692,0.248233,-0.408537,-0.138679,0.267906,-0.405580,-0.189414
2026-07-29 15:48:28.465,59.599943,0.000000,0.000000,0.000000,0.324012,-0.386706,-0.231470,0.125272,-0.369307,-0.233157,0.224642,-0.378007,-0.232314,0.198951,-0.415092,-0.198429,0.229263,-0.415490,-0.147700,0.248462,-0.413573,-0.197820
2026-07-29 15:48:28.565,59.699943,0.000000,0.000000,0.000000,0.342818,-0.375003,-0.222449,0.142782,-0.366112,-0.226133,0.242800,-0.370557,-0.224291,0.218009,-0.409197,-0.190029,0.248599,-0.406548,-0.139775,0.267411,-0.404545,-0.189059
2026-07-29 15:48:28.665,59.799943,0.000000,0.000000,0.000000,0.342057,-0.374997,-0.222478,0.142681,-0.365097,-0.226222,0.242369,-0.370047,-0.224350,0.218017,-0.408181,-0.190067,0.248599,-0.406548,-0.139775,0.266686,-0.404539,-0.189087
2026-07-29 15:48:28.765,59.899943,0.000000,0.000000,0.000000,0.342626,-0.376016,-0.222364,0.142782,-0.366112,-0.226133,0.242704,-0.371064,-0.224249,0.218009,-0.409197,-0.190029,0.248627,-0.406576,-0.140497,0.266769,-0.403523,-0.189124
2026-07-29 15:48:28.865,59.999943,0.000000,0.000000,0.000000,0.342818,-0.375003,-0.222449,0.142681,-0.365097,-0.226222,0.242749,-0.370050,-0.224335,0.218009,-0.409197,-0.190029,0.248710,-0.405586,-0.141181,0.266769,-0.403523,-0.189124
2026-07-29 15:48:28.965,60.099943,0.000000,0.000000,0.000000,0.341443,-0.371921,-0.222000,0.142167,-0.363035,-0.225655,0.241805,-0.367478,-0.223828,0.217403,-0.405105,-0.189590,0.248040,-0.403527,-0.140740,0.266155,-0.400447,-0.188646
2026-07-29 15:48:29.065,60.199943,0.000000,0.000000,0.000000,0.343227,-0.377054,-0.222767,0.143192,-0.368163,-0.226451,0.243210,-0.372608,-0.224609,0.219148,-0.410238,-0.190358,0.249120,-0.407636,-0.141499,0.267179,-0.405574,-0.189442
2026-07-29 15:48:29.165,60.299942,0.000000,0.000000,0.000000,0.342626,-0.376016,-0.222364,0.142681,-0.365097,-0.226222,0.242653,-0.370556,-0.224293,0.218738,-0.408187,-0.190040,0.248682,-0.406632,-0.141939,0.266769,-0.403523,-0.189124
2026-07-29 15:48:29.265,60.399942,0.000000,0.000000,0.000000,0.343022,-0.376029,-0.222608,0.142885,-0.366122,-0.226381,0.242954,-0.371075,-0.224494,0.218943,-0.409212,-0.190199,0.248886,-0.407657,-0.142098,0.266974,-0.404549,-0.189283
2026-07-29 15:48:29.365,60.499942,0.000000,0.000000,0.000000,0.343637,-0.379105,-0.223086,0.143500,-0.369199,-0.226859,0.243569,-0.374152,-0.224972,0.219585,-0.412317,-0.191398,0.249501,-0.410734,-0.142576,0.267589,-0.407625,-0.189761
2026-07-29 15:48:29.465,60.599942,0.000000,0.000000,0.000000,0.342057,-0.374997,-0.222478,0.142681,-0.365097,-0.226222,0.242369,-0.370047,-0.224350,0.218766,-0.408215,-0.190761,0.248738,-0.405613,-0.141903,0.266769,-0.403523,-0.189124
2026-07-29 15:48:29.565,60.699942,0.000000,0.000000,0.000000,0.343227,-0.377054,-0.222767,0.143293,-0.369178,-0.226363,0.243260,-0.373116,-0.224565,0.219148,-0.410238,-0.190358,0.249175,-0.407692,-0.142944,0.267179,-0.405574,-0.189442
2026-07-29 15:48:29.665,60.799942,0.000000,0.000000,0.000000,0.342421,-0.374990,-0.222205,0.142577,-0.365086,-0.225974,0.242499,-0.370038,-0.224089,0.218561,-0.407189,-0.190602,0.248504,-0.405634,-0.142501,0.266564,-0.402498,-0.188964
2026-07-29 15:48:29.765,60.899942,0.000000,0.000000,0.000000,0.342467,-0.377048,-0.222796,0.143293,-0.369178,-0.226363,0.242880,-0.373113,-0.224579,0.219176,-0.410266,-0.191079,0.249119,-0.408710,-0.142979,0.267179,-0.405574,-0.189442
2026-07-29 15:48:29.865,60.999942,0.000000,0.000000,0.000000,0.343432,-0.378080,-0.222926,0.143397,-0.369188,-0.226611,0.243414,-0.373634,-0.224768,0.219380,-0.411291,-0.191239,0.249380,-0.408718,-0.143103,0.267384,-0.406600,-0.189601
2026-07-29 15:48:29.965,61.099942,0.000000,0.000000,0.000000,0.324058,-0.384658,-0.230847,0.124793,-0.366215,-0.232627,0.224426,-0.375436,-0.231737,0.199193,-0.412037,-0.197878,0.229604,-0.412523,-0.150759,0.247385,-0.409433,-0.197333
2026-07-29 15:48:30.065,61.199942,0.000000,0.000000,0.000000,0.341853,-0.373972,-0.222319,0.142577,-0.365086,-0.225974,0.242215,-0.369529,-0.224146,0.218561,-0.407189,-0.190602,0.248504,-0.405634,-0.142501,0.266564,-0.402498,-0.188964
2026-07-29 15:48:30.165,61.299942,0.000000,0.000000,0.000000,0.341998,-0.370901,-0.221812,0.141962,-0.362010,-0.225496,0.241980,-0.366456,-0.223654,0.217946,-0.404113,-0.190124,0.247833,-0.403576,-0.142058,0.265866,-0.400437,-0.188450
2026-07-29 15:48:30.265,61.399941,0.000000,0.000000,0.000000,0.343650,-0.381143,-0.223161,0.143806,-0.371239,-0.226929,0.243728,-0.376191,-0.225045,0.219790,-0.413342,-0.191557,0.249733,-0.411787,-0.143457,0.267794,-0.408651,-0.189920
2026-07-29 15:48:30.365,61.499941,0.000000,0.000000,0.000000,0.324133,-0.382623,-0.230741,0.124634,-0.365184,-0.232451,0.224383,-0.373904,-0.231596,0.199086,-0.409991,-0.197725,0.229445,-0.411493,-0.150582,0.247225,-0.408403,-0.197156
2026-07-29 15:48:30.465,61.599941,0.000000,0.000000,0.000000,0.343009,-0.373991,-0.222533,0.142681,-0.365097,-0.226222,0.242845,-0.369544,-0.224377,0.218748,-0.407171,-0.190078,0.248709,-0.406660,-0.142661,0.266769,-0.403523,-0.189124
2026-07-29 15:48:30.565,61.699941,0.000000,0.000000,0.000000,0.343637,-0.379105,-0.223086,0.143601,-0.370214,-0.226770,0.243619,-0.374659,-0.224928,0.219568,-0.411273,-0.190715,0.248808,-0.410756,-0.143325,0.267589,-0.407625,-0.189761
2026-07-29 15:48:30.665,61.799941,0.000000,0.000000,0.000000,0.344239,-0.380144,-0.223488,0.143910,-0.371250,-0.227177,0.244074,-0.375697,-0.225333,0.219995,-0.414367,-0.191716,0.249300,-0.411816,-0.144331,0.267999,-0.409676,-0.190079
2026-07-29 15:48:30.765,61.899941,0.000000,0.000000,0.000000,0.343227,-0.377054,-0.222767,0.143192,-0.368163,-0.226451,0.243210,-0.372608,-0.224609,0.219176,-0.410266,-0.191079,0.248480,-0.407714,-0.143694,0.267179,-0.405574,-0.189442
2026-07-29 15:48:30.865,61.999941,0.000000,0.000000,0.000000,0.334756,-0.373562,-0.241373,0.135758,-0.359694,-0.244618,0.235257,-0.366628,-0.242996,0.210627,-0.405354,-0.210673,0.239865,-0.406904,-0.164020,0.258755,-0.401904,-0.209513
2026-07-29 15:48:30.965,62.099941,0.000000,0.000000,0.000000,0.342626,-0.376016,-0.222364,0.142782,-0.366112,-0.226133,0.242704,-0.371064,-0.224249,0.218766,-0.408215,-0.190761,0.247294,-0.406676,-0.143437,0.266769,-0.403523,-0.189124
2026-07-29 15:48:31.065,62.199941,0.000000,0.000000,0.000000,0.342467,-0.377048,-0.222796,0.143192,-0.368163,-0.226451,0.242829,-0.372605,-0.224624,0.219158,-0.409222,-0.190397,0.247732,-0.408755,-0.144477,0.267179,-0.405574,-0.189442
2026-07-29 15:48:31.165,62.299941,0.000000,0.000000,0.000000,0.342408,-0.372952,-0.222130,0.142372,-0.364061,-0.225814,0.242390,-0.368507,-0.223972,0.218366,-0.405148,-0.190482,0.246912,-0.404653,-0.143840,0.265550,-0.402482,-0.188796
2026-07-29 15:48:31.265,62.399940,0.000000,0.000000,0.000000,0.343419,-0.376042,-0.222852,0.143192,-0.368163,-0.226451,0.243305,-0.372102,-0.224651,0.219185,-0.409250,-0.191119,0.247732,-0.408755,-0.144477,0.266453,-0.405569,-0.189470
2026-07-29 15:48:31.365,62.499940,0.000000,0.000000,0.000000,0.343227,-0.377054,-0.222767,0.143192,-0.368163,-0.226451,0.243210,-0.372608,-0.224609,0.219158,-0.409222,-0.190397,0.247732,-0.408755,-0.144477,0.266453,-0.405569,-0.189470
2026-07-29 15:48:31.465,62.599940,0.000000,0.000000,0.000000,0.343432,-0.378080,-0.222926,0.143397,-0.369188,-0.226611,0.243414,-0.373634,-0.224768,0.219363,-0.410247,-0.190556,0.247936,-0.409780,-0.144636,0.266657,-0.406594,-0.189629
2026-07-29 15:48:31.565,62.699940,0.000000,0.000000,0.000000,0.342613,-0.373978,-0.222289,0.142476,-0.364071,-0.226062,0.242544,-0.369025,-0.224176,0.218561,-0.407189,-0.190602,0.247117,-0.405678,-0.143999,0.265838,-0.402492,-0.188992
2026-07-29 15:48:31.665,62.799940,0.000000,0.000000,0.000000,0.343022,-0.376029,-0.222608,0.142885,-0.366122,-0.226381,0.242954,-0.371075,-0.224494,0.218958,-0.407689,-0.190257,0.246806,-0.407723,-0.144345,0.266330,-0.403528,-0.189348
2026-07-29 15:48:31.765,62.899940,0.000000,0.000000,0.000000,0.341648,-0.372946,-0.222159,0.142372,-0.364061,-0.225814,0.242010,-0.368503,-0.223987,0.218348,-0.404104,-0.189798,0.246912,-0.404653,-0.143840,0.265633,-0.401467,-0.188833
2026-07-29 15:48:31.865,62.999940,0.000000,0.000000,0.000000,0.342818,-0.375003,-0.222449,0.142782,-0.366112,-0.226133,0.242800,-0.370557,-0.224291,0.218785,-0.406183,-0.190841,0.246573,-0.406670,-0.143465,0.266043,-0.403518,-0.189152
2026-07-29 15:48:31.965,63.099940,0.000000,0.000000,0.000000,0.342467,-0.377048,-0.222796,0.143192,-0.368163,-0.226451,0.242829,-0.372605,-0.224624,0.219158,-0.409222,-0.190397,0.247704,-0.408727,-0.143756,0.266535,-0.404553,-0.189507
2026-07-29 15:48:32.065,63.199940,0.000000,0.000000,0.000000,0.341238,-0.370895,-0.221841,0.141962,-0.362010,-0.225496,0.241600,-0.366453,-0.223668,0.218651,-0.403075,-0.189414,0.245726,-0.402540,-0.142106,0.265306,-0.398401,-0.188552
2026-07-29 15:48:32.165,63.299940,0.000000,0.000000,0.000000,0.342600,-0.371940,-0.222215,0.142372,-0.364061,-0.225814,0.242486,-0.368000,-0.224014,0.219061,-0.405126,-0.189732,0.246136,-0.404591,-0.142425,0.265715,-0.400451,-0.188870
2026-07-29 15:48:32.265,63.399940,0.000000,0.000000,0.000000,0.341853,-0.373972,-0.222319,0.142577,-0.365086,-0.225974,0.242215,-0.369529,-0.224146,0.219265,-0.406151,-0.189891,0.246314,-0.405589,-0.141863,0.265920,-0.401477,-0.189029
2026-07-29 15:48:32.365,63.499939,0.000000,0.000000,0.000000,0.343214,-0.375016,-0.222692,0.142987,-0.367137,-0.226292,0.243101,-0.371077,-0.224492,0.219675,-0.408202,-0.190210,0.246723,-0.407640,-0.142181,0.266248,-0.404543,-0.189311
2026-07-29 15:48:32.465,63.599939,0.000000,0.000000,0.000000,0.342863,-0.377061,-0.223040,0.143295,-0.368173,-0.226699,0.243079,-0.372617,-0.224870,0.220085,-0.410253,-0.190528,0.246385,-0.409657,-0.141806,0.266712,-0.405551,-0.188938
2026-07-29 15:48:32.565,63.699939,0.000000,0.000000,0.000000,0.342818,-0.375003,-0.222449,0.142681,-0.365097,-0.226222,0.242749,-0.370050,-0.224335,0.219470,-0.407177,-0.190051,0.245072,-0.405528,-0.140597,0.266125,-0.402502,-0.189189
2026-07-29 15:48:32.665,63.799939,0.000000,0.000000,0.000000,0.343009,-0.373991,-0.222533,0.142782,-0.366112,-0.226133,0.242896,-0.370051,-0.224333,0.219470,-0.407177,-0.190051,0.245045,-0.405500,-0.139874,0.266098,-0.402474,-0.188460
2026-07-29 15:48:32.765,63.899939,0.000000,0.000000,0.000000,0.343022,-0.376029,-0.222608,0.142987,-0.367137,-0.226292,0.243005,-0.371583,-0.224450,0.219686,-0.407186,-0.190249,0.244451,-0.407511,-0.139379,0.266302,-0.403500,-0.188620
2026-07-29 15:48:32.865,63.999939,0.000000,0.000000,0.000000,0.343432,-0.378080,-0.222926,0.143397,-0.369188,-0.226611,0.243414,-0.373634,-0.224768,0.220085,-0.410253,-0.190528,0.244861,-0.409562,-0.139697,0.266712,-0.405551,-0.188938
2026-07-29 15:48:32.965,64.099939,0.000000,0.000000,0.000000,0.342203,-0.371927,-0.221971,0.142167,-0.363035,-0.225655,0.242185,-0.367481,-0.223813,0.218867,-0.403085,-0.189612,0.242931,-0.402357,-0.138007,0.266211,-0.399404,-0.187955
2026-07-29 15:48:33.065,64.199939,0.000000,0.000000,0.000000,0.343227,-0.377054,-0.222767,0.143192,-0.368163,-0.226451,0.243210,-0.372608,-0.224609,0.219891,-0.408212,-0.190408,0.243880,-0.408475,-0.138123,0.267235,-0.404531,-0.188751
2026-07-29 15:48:33.165,64.299939,0.000000,0.000000,0.000000,0.342877,-0.379099,-0.223115,0.143601,-0.370214,-0.226770,0.243239,-0.374656,-0.224942,0.219577,-0.410257,-0.190754,0.243588,-0.409473,-0.137704,0.267000,-0.405561,-0.189133
2026-07-29 15:48:33.265,64.399939,0.000000,0.000000,0.000000,0.342658,-0.376036,-0.222881,0.143192,-0.368163,-0.226451,0.242925,-0.372099,-0.224666,0.219168,-0.408206,-0.190435,0.243151,-0.407394,-0.136663,0.267319,-0.403516,-0.188787
2026-07-29 15:48:33.365,64.499938,0.000000,0.000000,0.000000,0.342600,-0.371940,-0.222215,0.142372,-0.364061,-0.225814,0.242486,-0.368000,-0.224014,0.218338,-0.405120,-0.189760,0.242285,-0.404311,-0.136071,0.266416,-0.400429,-0.188114
2026-07-29 15:48:33.465,64.599938,0.000000,0.000000,0.000000,0.342818,-0.375003,-0.222449,0.142782,-0.366112,-0.226133,0.242800,-0.370557,-0.224291,0.218758,-0.406155,-0.190117,0.242667,-0.406334,-0.135668,0.266825,-0.402480,-0.188433
2026-07-29 15:48:33.565,64.699938,0.000000,0.000000,0.000000,0.343432,-0.378080,-0.222926,0.143498,-0.370203,-0.226522,0.243465,-0.374141,-0.224724,0.219373,-0.409232,-0.190595,0.243254,-0.409383,-0.135425,0.267523,-0.404541,-0.188946
2026-07-29 15:48:33.665,64.799938,0.000000,0.000000,0.000000,0.342453,-0.375010,-0.222721,0.142987,-0.367137,-0.226292,0.242720,-0.371074,-0.224507,0.218240,-0.407175,-0.190304,0.242911,-0.405266,-0.134289,0.267114,-0.402490,-0.188628
2026-07-29 15:48:33.765,64.899938,0.000000,0.000000,0.000000,0.343036,-0.378066,-0.222683,0.143090,-0.367148,-0.226540,0.243063,-0.372607,-0.224612,0.218444,-0.408200,-0.190463,0.243743,-0.408335,-0.134516,0.267319,-0.403516,-0.188787
2026-07-29 15:48:33.865,64.999938,0.000000,0.000000,0.000000,0.342600,-0.371940,-0.222215,0.142372,-0.364061,-0.225814,0.242486,-0.368000,-0.224014,0.217625,-0.404098,-0.189826,0.242082,-0.406237,-0.133284,0.266499,-0.399414,-0.188150
2026-07-29 15:48:33.965,65.099938,0.000000,0.000000,0.000000,0.342613,-0.373978,-0.222289,0.142577,-0.365086,-0.225974,0.242595,-0.369532,-0.224132,0.217830,-0.405124,-0.189985,0.243005,-0.407269,-0.133416,0.267433,-0.400445,-0.188281
2026-07-29 15:48:34.065,65.199938,0.000000,0.000000,0.000000,0.342818,-0.375003,-0.222449,0.142782,-0.366112,-0.226133,0.242800,-0.370557,-0.224291,0.217304,-0.407159,-0.190134,0.243135,-0.409285,-0.132906,0.267553,-0.402486,-0.188405
2026-07-29 15:48:34.165,65.299938,0.000000,0.000000,0.000000,0.341443,-0.371921,-0.222000,0.142167,-0.363035,-0.225655,0.241805,-0.367478,-0.223828,0.216662,-0.404055,-0.188933,0.242541,-0.405162,-0.131659,0.266938,-0.399410,-0.187927
2026-07-29 15:48:34.265,65.399938,0.000000,0.000000,0.000000,0.343227,-0.377054,-0.222767,0.143090,-0.367148,-0.226540,0.243159,-0.372101,-0.224654,0.217686,-0.409182,-0.189730,0.243613,-0.409271,-0.132404,0.267935,-0.404509,-0.187995
2026-07-29 15:48:34.365,65.499938,0.000000,0.000000,0.000000,0.342658,-0.376036,-0.222881,0.143090,-0.367148,-0.226540,0.242874,-0.371592,-0.224710,0.217679,-0.410198,-0.189692,0.243470,-0.412327,-0.132558,0.268663,-0.404515,-0.187967
2026-07-29 15:48:34.465,65.599937,0.000000,0.000000,0.000000,0.342818,-0.375003,-0.222449,0.142782,-0.366112,-0.226133,0.242800,-0.370557,-0.224291,0.217269,-0.408147,-0.189374,0.243033,-0.410249,-0.131522,0.268253,-0.402464,-0.187649
2026-07-29 15:48:34.565,65.699937,0.000000,0.000000,0.000000,0.343637,-0.379105,-0.223086,0.143601,-0.370214,-0.226770,0.243619,-0.374659,-0.224928,0.217401,-0.411255,-0.190798,0.244520,-0.415375,-0.132184,0.269073,-0.406566,-0.188286
2026-07-29 15:48:34.665,65.799937,0.000000,0.000000,0.000000,0.343022,-0.376029,-0.222608,0.142987,-0.367137,-0.226292,0.243005,-0.371583,-0.224450,0.216780,-0.409195,-0.190282,0.243856,-0.413318,-0.131759,0.268458,-0.403489,-0.187808
2026-07-29 15:48:34.765,65.899937,0.000000,0.000000,0.000000,0.342421,-0.374990,-0.222205,0.142577,-0.365086,-0.225974,0.242499,-0.370038,-0.224089,0.216364,-0.408160,-0.189924,0.243420,-0.411239,-0.130726,0.268048,-0.401438,-0.187490
2026-07-29 15:48:34.865,65.999937,0.000000,0.000000,0.000000,0.343227,-0.377054,-0.222767,0.143192,-0.368163,-0.226451,0.243210,-0.372608,-0.224609,0.216979,-0.411236,-0.190402,0.244083,-0.413297,-0.131150,0.269347,-0.405028,-0.187922
2026-07-29 15:48:34.965,66.099937,0.000000,0.000000,0.000000,0.342818,-0.375003,-0.222449,0.142782,-0.366112,-0.226133,0.242800,-0.370557,-0.224291,0.216569,-0.409185,-0.190084,0.243673,-0.411246,-0.130832,0.268850,-0.403993,-0.187569
2026-07-29 15:48:35.065,66.199937,0.000000,0.000000,0.000000,0.343240,-0.379092,-0.222842,0.143295,-0.368173,-0.226699,0.243268,-0.373633,-0.224771,0.216464,-0.412256,-0.190589,0.244288,-0.414322,-0.131309,0.269509,-0.406561,-0.188064
2026-07-29 15:48:35.165,66.299937,0.000000,0.000000,0.000000,0.343227,-0.377054,-0.222767,0.143192,-0.368163,-0.226451,0.243210,-0.372608,-0.224609,0.216259,-0.411230,-0.190430,0.243340,-0.413263,-0.130462,0.269331,-0.405564,-0.188632
2026-07-29 15:48:35.265,66.399937,0.000000,0.000000,0.000000,0.343637,-0.379105,-0.223086,0.143500,-0.369199,-0.226859,0.243569,-0.374152,-0.224972,0.216669,-0.413281,-0.190748,0.243825,-0.414323,-0.131442,0.269713,-0.407587,-0.188223
2026-07-29 15:48:35.365,66.499937,0.000000,0.000000,0.000000,0.343022,-0.376029,-0.222608,0.142987,-0.367137,-0.226292,0.243005,-0.371583,-0.224450,0.216054,-0.410205,-0.190271,0.243136,-0.412238,-0.130303,0.269142,-0.404003,-0.187763
2026-07-29 15:48:35.465,66.599936,0.000000,0.000000,0.000000,0.342408,-0.372952,-0.222130,0.142372,-0.364061,-0.225814,0.242390,-0.368507,-0.223972,0.215434,-0.408144,-0.189754,0.242521,-0.409161,-0.129825,0.268512,-0.401462,-0.187995
2026-07-29 15:48:35.565,66.699936,0.000000,0.000000,0.000000,0.342057,-0.374997,-0.222478,0.142681,-0.365097,-0.226222,0.242369,-0.370047,-0.224350,0.215849,-0.409179,-0.190111,0.242978,-0.410193,-0.130089,0.268835,-0.404528,-0.188278
2026-07-29 15:48:35.665,66.799936,0.000000,0.000000,0.000000,0.343022,-0.376029,-0.222608,0.142987,-0.367137,-0.226292,0.243005,-0.371583,-0.224450,0.216049,-0.411221,-0.190232,0.243136,-0.412238,-0.130303,0.269039,-0.405554,-0.188437
2026-07-29 15:48:35.765,66.899936,0.000000,0.000000,0.000000,0.342216,-0.373965,-0.222046,0.142271,-0.363046,-0.225903,0.242243,-0.368505,-0.223975,0.215434,-0.408144,-0.189754,0.242521,-0.409161,-0.129825,0.268484,-0.401434,-0.187268
2026-07-29 15:48:35.865,66.999936,0.000000,0.000000,0.000000,0.343637,-0.379105,-0.223086,0.143601,-0.370214,-0.226770,0.243619,-0.374659,-0.224928,0.216663,-0.414297,-0.190709,0.242988,-0.416327,-0.130862,0.269713,-0.407587,-0.188223
2026-07-29 15:48:35.965,67.099936,0.000000,0.000000,0.000000,0.342203,-0.371927,-0.221971,0.142167,-0.363035,-0.225655,0.242185,-0.367481,-0.223813,0.215229,-0.407119,-0.189595,0.241601,-0.408130,-0.129693,0.268220,-0.401452,-0.187800
2026-07-29 15:48:36.065,67.199936,0.000000,0.000000,0.000000,0.342613,-0.373978,-0.222289,0.142476,-0.364071,-0.226062,0.242544,-0.369025,-0.224176,0.215639,-0.409170,-0.189913,0.242010,-0.410181,-0.130011,0.268630,-0.403503,-0.188118
2026-07-29 15:48:36.165,67.299936,0.000000,0.000000,0.000000,0.343227,-0.377054,-0.222767,0.143192,-0.368163,-0.226451,0.243210,-0.372608,-0.224609,0.216259,-0.411230,-0.190430,0.242625,-0.413257,-0.130489,0.269244,-0.406579,-0.188596
2026-07-29 15:48:36.265,67.399936,0.000000,0.000000,0.000000,0.343432,-0.378080,-0.222926,0.143397,-0.369188,-0.226611,0.243414,-0.373634,-0.224768,0.216464,-0.412256,-0.190589,0.242783,-0.415302,-0.130703,0.269449,-0.407605,-0.188755
2026-07-29 15:48:36.365,67.499936,0.000000,0.000000,0.000000,0.343227,-0.377054,-0.222767,0.143192,-0.368163,-0.226451,0.243210,-0.372608,-0.224609,0.216259,-0.411230,-0.190430,0.242579,-0.414276,-0.130544,0.269244,-0.406579,-0.188596
2026-07-29 15:48:36.465,67.599936,0.000000,0.000000,0.000000,0.343432,-0.378080,-0.222926,0.143397,-0.369188,-0.226611,0.243414,-0.373634,-0.224768,0.216459,-0.413272,-0.190550,0.242830,-0.414283,-0.130648,0.269449,-0.407605,-0.188755
2026-07-29 15:48:36.565,67.699935,0.000000,0.000000,0.000000,0.343227,-0.377054,-0.222767,0.143192,-0.368163,-0.226451,0.243210,-0.372608,-0.224609,0.216259,-0.411230,-0.190430,0.241910,-0.413252,-0.130517,0.269244,-0.406579,-0.188596
2026-07-29 15:48:36.665,67.799935,0.000000,0.000000,0.000000,0.342818,-0.375003,-0.222449,0.142782,-0.366112,-0.226133,0.242800,-0.370557,-0.224291,0.215129,-0.409174,-0.190139,0.241500,-0.411201,-0.130198,0.268835,-0.404528,-0.188278
2026-07-29 15:48:36.765,67.899935,0.000000,0.000000,0.000000,0.343227,-0.377054,-0.222767,0.143192,-0.368163,-0.226451,0.243210,-0.372608,-0.224609,0.215539,-0.411224,-0.190457,0.241910,-0.413252,-0.130517,0.269244,-0.406579,-0.188596
2026-07-29 15:48:36.865,67.999935,0.000000,0.000000,0.000000,0.343227,-0.377054,-0.222767,0.143192,-0.368163,-0.226451,0.243210,-0.372608,-0.224609,0.215531,-0.413256,-0.190380,0.241910,-0.413252,-0.130517,0.269244,-0.406579,-0.188596
2026-07-29 15:48:36.965,68.099935,0.000000,0.000000,0.000000,0.342613,-0.373978,-0.222289,0.142476,-0.364071,-0.226062,0.242544,-0.369025,-0.224176,0.215639,-0.409170,-0.189913,0.241268,-0.410148,-0.129323,0.268630,-0.403503,-0.188118
2026-07-29 15:48:37.065,68.199935,0.000000,0.000000,0.000000,0.325250,-0.389837,-0.231978,0.125751,-0.372399,-0.233688,0.225501,-0.381118,-0.232833,0.196478,-0.419559,-0.199008,0.223163,-0.424129,-0.138716,0.250370,-0.416722,-0.197581
2026-07-29 15:48:37.165,68.299935,0.000000,0.000000,0.000000,0.343227,-0.377054,-0.222767,0.143192,-0.368163,-0.226451,0.243210,-0.372608,-0.224609,0.215539,-0.411224,-0.190457,0.241837,-0.414243,-0.129857,0.269244,-0.406579,-0.188596
2026-07-29 15:48:37.265,68.399935,0.000000,0.000000,0.000000,0.342804,-0.372965,-0.222374,0.142476,-0.364071,-0.226062,0.242640,-0.368518,-0.224218,0.214916,-0.410180,-0.189902,0.241222,-0.411167,-0.129379,0.268630,-0.403503,-0.188118
2026-07-29 15:48:37.365,68.499935,0.000000,0.000000,0.000000,0.341648,-0.372946,-0.222159,0.142271,-0.363046,-0.225903,0.241959,-0.367996,-0.224031,0.214688,-0.408111,-0.189062,0.241018,-0.410141,-0.129220,0.268425,-0.402477,-0.187959
2026-07-29 15:48:37.465,68.599935,0.000000,0.000000,0.000000,0.343214,-0.375016,-0.222692,0.142885,-0.366122,-0.226381,0.243050,-0.370569,-0.224537,0.215303,-0.411187,-0.189540,0.241678,-0.412199,-0.129642,0.269039,-0.405554,-0.188437
2026-07-29 15:48:37.565,68.699934,0.000000,0.000000,0.000000,0.342395,-0.370914,-0.222055,0.142066,-0.362020,-0.225744,0.242230,-0.366467,-0.223900,0.214483,-0.407085,-0.188903,0.240831,-0.408069,-0.128289,0.268133,-0.402467,-0.187764
2026-07-29 15:48:37.665,68.799934,0.000000,0.000000,0.000000,0.343432,-0.378080,-0.222926,0.143295,-0.368173,-0.226699,0.243364,-0.373126,-0.224813,0.215717,-0.412222,-0.189896,0.242015,-0.415241,-0.129301,0.269449,-0.407605,-0.188755
2026-07-29 15:48:37.765,68.899934,0.000000,0.000000,0.000000,0.342818,-0.375003,-0.222449,0.142782,-0.366112,-0.226133,0.242800,-0.370557,-0.224291,0.215129,-0.409174,-0.190139,0.241400,-0.412165,-0.128823,0.268835,-0.404528,-0.188278
2026-07-29 15:48:37.865,68.999934,0.000000,0.000000,0.000000,0.343082,-0.380124,-0.223274,0.143806,-0.371239,-0.226929,0.243444,-0.375682,-0.225102,0.216122,-0.415289,-0.190177,0.242470,-0.416273,-0.129563,0.269772,-0.410671,-0.189038
2026-07-29 15:48:37.965,69.099934,0.000000,0.000000,0.000000,0.343022,-0.376029,-0.222608,0.142885,-0.366122,-0.226381,0.242954,-0.371075,-0.224494,0.215307,-0.410171,-0.189578,0.241650,-0.412171,-0.128926,0.269039,-0.405554,-0.188437
2026-07-29 15:48:38.065,69.199934,0.000000,0.000000,0.000000,0.342408,-0.372952,-0.222130,0.142372,-0.364061,-0.225814,0.242390,-0.368507,-0.223972,0.214692,-0.407095,-0.189100,0.241036,-0.409094,-0.128448,0.268425,-0.402477,-0.187959
2026-07-29 15:48:38.165,69.299934,0.000000,0.000000,0.000000,0.343022,-0.376029,-0.222608,0.142987,-0.367137,-0.226292,0.243005,-0.371583,-0.224450,0.215303,-0.411187,-0.189540,0.240935,-0.412165,-0.128953,0.269039,-0.405554,-0.188437
2026-07-29 15:48:38.265,69.399934,0.000000,0.000000,0.000000,0.343419,-0.376042,-0.222852,0.143090,-0.367148,-0.226540,0.243255,-0.371595,-0.224696,0.215516,-0.410181,-0.189775,0.241140,-0.413191,-0.129113,0.269244,-0.406579,-0.188596
2026-07-29 15:48:38.365,69.499934,0.000000,0.000000,0.000000,0.343637,-0.379105,-0.223086,0.143601,-0.370214,-0.226770,0.243619,-0.374659,-0.224928,0.215917,-0.414264,-0.190018,0.241505,-0.416261,-0.129488,0.269627,-0.408602,-0.188189
2026-07-29 15:48:38.465,69.599934,0.000000,0.000000,0.000000,0.343009,-0.373991,-0.222533,0.142681,-0.365097,-0.226222,0.242845,-0.369544,-0.224377,0.215102,-0.409146,-0.189419,0.240708,-0.411649,-0.128822,0.268835,-0.404528,-0.188278
2026-07-29 15:48:38.565,69.699934,0.000000,0.000000,0.000000,0.342818,-0.375003,-0.222449,0.142883,-0.367127,-0.226044,0.242850,-0.371065,-0.224246,0.215098,-0.410162,-0.189381,0.240703,-0.411112,-0.128078,0.268835,-0.404528,-0.188278
2026-07-29 15:48:38.665,69.799933,0.000000,0.000000,0.000000,0.343022,-0.376029,-0.222608,0.142987,-0.367137,-0.226292,0.243005,-0.371583,-0.224450,0.216021,-0.411193,-0.189513,0.240908,-0.412137,-0.128238,0.269012,-0.405526,-0.187711
2026-07-29 15:48:38.765,69.899933,0.000000,0.000000,0.000000,0.342408,-0.372952,-0.222130,0.142271,-0.363046,-0.225903,0.242339,-0.367999,-0.224017,0.215407,-0.408117,-0.189035,0.240293,-0.409061,-0.127760,0.268425,-0.402477,-0.187959
2026-07-29 15:48:38.865,69.999933,0.000000,0.000000,0.000000,0.343637,-0.379105,-0.223086,0.143500,-0.369199,-0.226859,0.243569,-0.374152,-0.224972,0.215926,-0.412232,-0.190093,0.241522,-0.415214,-0.128715,0.269654,-0.408630,-0.188915
2026-07-29 15:48:38.965,70.099933,0.000000,0.000000,0.000000,0.343419,-0.376042,-0.222852,0.143293,-0.369178,-0.226363,0.243356,-0.372610,-0.224607,0.215512,-0.411197,-0.189737,0.241113,-0.413163,-0.128397,0.269217,-0.406551,-0.187870
2026-07-29 15:48:39.065,70.199933,0.000000,0.000000,0.000000,0.342467,-0.377048,-0.222796,0.143090,-0.367148,-0.226540,0.242779,-0.372098,-0.224668,0.216232,-0.411202,-0.189710,0.241069,-0.414182,-0.128455,0.269244,-0.406579,-0.188596
2026-07-29 15:48:39.165,70.299933,0.000000,0.000000,0.000000,0.342395,-0.370914,-0.222055,0.142167,-0.363035,-0.225655,0.242281,-0.366975,-0.223855,0.215207,-0.406075,-0.188913,0.240088,-0.408036,-0.127601,0.268220,-0.401452,-0.187800
2026-07-29 15:48:39.265,70.399933,0.000000,0.000000,0.000000,0.343432,-0.378080,-0.222926,0.143295,-0.368173,-0.226699,0.243364,-0.373126,-0.224813,0.215712,-0.413238,-0.189859,0.241273,-0.415208,-0.128614,0.269422,-0.407577,-0.188030
2026-07-29 15:48:39.365,70.499933,0.000000,0.000000,0.000000,0.342818,-0.375003,-0.222449,0.142681,-0.365097,-0.226222,0.242749,-0.370050,-0.224335,0.215822,-0.409152,-0.189391,0.240659,-0.412131,-0.128136,0.268807,-0.404500,-0.187552
2026-07-29 15:48:39.465,70.599933,0.000000,0.000000,0.000000,0.342190,-0.369889,-0.221896,0.141861,-0.360995,-0.225585,0.242025,-0.365442,-0.223740,0.214274,-0.407076,-0.188706,0.239883,-0.407010,-0.127441,0.268015,-0.400426,-0.187641
2026-07-29 15:48:39.565,70.699933,0.000000,0.000000,0.000000,0.342203,-0.371927,-0.221971,0.142167,-0.363035,-0.225655,0.242185,-0.367481,-0.223813,0.214487,-0.406069,-0.188941,0.240088,-0.408036,-0.127601,0.268220,-0.401452,-0.187800
2026-07-29 15:48:39.665,70.799932,0.000000,0.000000,0.000000,0.343637,-0.379105,-0.223086,0.143601,-0.370214,-0.226770,0.243619,-0.374659,-0.224928,0.215926,-0.412232,-0.190093,0.241550,-0.415241,-0.129431,0.269567,-0.409645,-0.188879
2026-07-29 15:48:39.765,70.899932,0.000000,0.000000,0.000000,0.343022,-0.376029,-0.222608,0.142987,-0.367137,-0.226292,0.243005,-0.371583,-0.224450,0.215303,-0.411187,-0.189540,0.240891,-0.413184,-0.129010,0.269039,-0.405554,-0.188437
2026-07-29 15:48:39.865,70.999932,0.000000,0.000000,0.000000,0.342818,-0.375003,-0.222449,0.142681,-0.365097,-0.226222,0.242749,-0.370050,-0.224335,0.215102,-0.409146,-0.189419,0.240686,-0.412159,-0.128851,0.268835,-0.404528,-0.188278
2026-07-29 15:48:39.965,71.099932,0.000000,0.000000,0.000000,0.342467,-0.377048,-0.222796,0.143192,-0.368163,-0.226451,0.242829,-0.372605,-0.224624,0.215512,-0.411197,-0.189737,0.241096,-0.414210,-0.129169,0.269244,-0.406579,-0.188596
2026-07-29 15:48:40.065,71.199932,0.000000,0.000000,0.000000,0.343022,-0.376029,-0.222608,0.142885,-0.366122,-0.226381,0.242954,-0.371075,-0.224494,0.215303,-0.411187,-0.189540,0.240891,-0.413184,-0.129010,0.269039,-0.405554,-0.188437
2026-07-29 15:48:40.165,71.299932,0.000000,0.000000,0.000000,0.343214,-0.375016,-0.222692,0.142987,-0.367137,-0.226292,0.243101,-0.371077,-0.224492,0.215330,-0.411215,-0.190259,0.240918,-0.413212,-0.129725,0.268953,-0.406569,-0.188401
2026-07-29 15:48:40.265,71.399932,0.000000,0.000000,0.000000,0.342408,-0.372952,-0.222130,0.142372,-0.364061,-0.225814,0.242390,-0.368507,-0.223972,0.214713,-0.408646,-0.189762,0.240348,-0.409116,-0.129191,0.268338,-0.403493,-0.187923
2026-07-29 15:48:40.365,71.499932,0.000000,0.000000,0.000000,0.342248,-0.373985,-0.222562,0.142782,-0.366112,-0.226133,0.242515,-0.370048,-0.224347,0.215125,-0.410189,-0.190100,0.240713,-0.412186,-0.129565,0.268748,-0.405543,-0.188242
2026-07-29 15:48:40.465,71.599932,0.000000,0.000000,0.000000,0.343214,-0.375016,-0.222692,0.142987,-0.367137,-0.226292,0.243101,-0.371077,-0.224492,0.215330,-0.411215,-0.190259,0.240891,-0.413184,-0.129010,0.268953,-0.406569,-0.188401
2026-07-29 15:48:40.565,71.699932,0.000000,0.000000,0.000000,0.342600,-0.371940,-0.222215,0.142372,-0.364061,-0.225814,0.242486,-0.368000,-0.224014,0.214711,-0.409154,-0.189743,0.240276,-0.410108,-0.128532,0.268338,-0.403493,-0.187923
2026-07-29 15:48:40.665,71.799932,0.000000,0.000000,0.000000,0.342613,-0.373978,-0.222289,0.142577,-0.365086,-0.225974,0.242595,-0.369532,-0.224132,0.214920,-0.409164,-0.189941,0.240481,-0.411133,-0.128692,0.268543,-0.404518,-0.188083
2026-07-29 15:48:40.765,71.899931,0.000000,0.000000,0.000000,0.343637,-0.379105,-0.223086,0.143500,-0.369199,-0.226859,0.243569,-0.374152,-0.224972,0.215943,-0.414799,-0.190718,0.241505,-0.416261,-0.129488,0.269567,-0.409645,-0.188879
2026-07-29 15:48:40.865,71.999931,0.000000,0.000000,0.000000,0.343419,-0.376042,-0.222852,0.143090,-0.367148,-0.226540,0.243255,-0.371595,-0.224696,0.215531,-0.413256,-0.190380,0.241118,-0.413700,-0.129141,0.269244,-0.406579,-0.188596
2026-07-29 15:48:40.965,72.099931,0.000000,0.000000,0.000000,0.343227,-0.377054,-0.222767,0.143192,-0.368163,-0.226451,0.243210,-0.372608,-0.224609,0.215531,-0.413256,-0.190380,0.241113,-0.413163,-0.128397,0.269157,-0.407594,-0.188560
2026-07-29 15:48:41.065,72.199931,0.000000,0.000000,0.000000,0.343227,-0.377054,-0.222767,0.143192,-0.368163,-0.226451,0.243210,-0.372608,-0.224609,0.215503,-0.413229,-0.189662,0.241069,-0.414182,-0.128455,0.269157,-0.407594,-0.188560
2026-07-29 15:48:41.165,72.299931,0.000000,0.000000,0.000000,0.342804,-0.372965,-0.222374,0.142577,-0.365086,-0.225974,0.242691,-0.369026,-0.224174,0.214916,-0.410180,-0.189902,0.239783,-0.410081,-0.127946,0.268602,-0.403475,-0.187393
2026-07-29 15:48:41.265,72.399931,0.000000,0.000000,0.000000,0.343829,-0.378093,-0.223170,0.143703,-0.371229,-0.226681,0.243766,-0.374661,-0.224925,0.215917,-0.414264,-0.190018,0.241495,-0.415186,-0.128000,0.269627,-0.408602,-0.188189
2026-07-29 15:48:41.365,72.499931,0.000000,0.000000,0.000000,0.342818,-0.375003,-0.222449,0.142782,-0.366112,-0.226133,0.242800,-0.370557,-0.224291,0.215125,-0.410189,-0.190100,0.240632,-0.412104,-0.127422,0.268807,-0.404500,-0.187552
2026-07-29 15:48:41.465,72.599931,0.000000,0.000000,0.000000,0.343227,-0.377054,-0.222767,0.143192,-0.368163,-0.226451,0.243210,-0.372608,-0.224609,0.215503,-0.413229,-0.189662,0.240343,-0.413102,-0.126993,0.269130,-0.407566,-0.187836
2026-07-29 15:48:41.565,72.699931,0.000000,0.000000,0.000000,0.343214,-0.375016,-0.222692,0.142987,-0.367137,-0.226292,0.243101,-0.371077,-0.224492,0.215299,-0.412203,-0.189502,0.240154,-0.411029,-0.126057,0.269012,-0.405526,-0.187711
2026-07-29 15:48:41.665,72.799931,0.000000,0.000000,0.000000,0.343227,-0.377054,-0.222767,0.143293,-0.369178,-0.226363,0.243260,-0.373116,-0.224565,0.215503,-0.413229,-0.189662,0.240316,-0.413074,-0.126277,0.269217,-0.406551,-0.187870
2026-07-29 15:48:41.765,72.899930,0.000000,0.000000,0.000000,0.342818,-0.375003,-0.222449,0.142782,-0.366112,-0.226133,0.242800,-0.370557,-0.224291,0.215094,-0.411178,-0.189343,0.239836,-0.412015,-0.125305,0.268720,-0.405515,-0.187517
2026-07-29 15:48:41.865,72.999930,0.000000,0.000000,0.000000,0.343227,-0.377054,-0.222767,0.143192,-0.368163,-0.226451,0.243210,-0.372608,-0.224609,0.215503,-0.413229,-0.189662,0.240289,-0.413046,-0.125561,0.269130,-0.407566,-0.187836
2026-07-29 15:48:41.965,73.099930,0.000000,0.000000,0.000000,0.343637,-0.379105,-0.223086,0.143601,-0.370214,-0.226770,0.243619,-0.374659,-0.224928,0.215917,-0.414264,-0.190018,0.240741,-0.414078,-0.125817,0.269627,-0.408602,-0.188189
2026-07-29 15:48:42.065,73.199930,0.000000,0.000000,0.000000,0.343419,-0.376042,-0.222852,0.143090,-0.367148,-0.226540,0.243255,-0.371595,-0.224696,0.215503,-0.413229,-0.189662,0.240261,-0.413019,-0.124846,0.269217,-0.406551,-0.187870
2026-07-29 15:48:42.165,73.299930,0.000000,0.000000,0.000000,0.343022,-0.376029,-0.222608,0.142987,-0.367137,-0.226292,0.243005,-0.371583,-0.224450,0.215299,-0.412203,-0.189502,0.239425,-0.409949,-0.124587,0.269012,-0.405526,-0.187711
2026-07-29 15:48:42.265,73.399930,0.000000,0.000000,0.000000,0.343022,-0.376029,-0.222608,0.142885,-0.366122,-0.226381,0.242954,-0.371075,-0.224494,0.215299,-0.412203,-0.189502,0.239397,-0.409921,-0.123869,0.269012,-0.405526,-0.187711
2026-07-29 15:48:42.365,73.499930,0.000000,0.000000,0.000000,0.342818,-0.375003,-0.222449,0.142782,-0.366112,-0.226133,0.242800,-0.370557,-0.224291,0.215094,-0.411178,-0.189343,0.239151,-0.409915,-0.123774,0.268720,-0.405515,-0.187517
2026-07-29 15:48:42.465,73.599930,0.000000,0.000000,0.000000,0.343829,-0.378093,-0.223170,0.143500,-0.369199,-0.226859,0.243664,-0.373646,-0.225014,0.215913,-0.415279,-0.189980,0.239970,-0.414017,-0.124411,0.269540,-0.409617,-0.188154
2026-07-29 15:48:42.565,73.699930,0.000000,0.000000,0.000000,0.342408,-0.372952,-0.222130,0.142271,-0.363046,-0.225903,0.242339,-0.367999,-0.224017,0.214684,-0.409127,-0.189025,0.238065,-0.406839,-0.123419,0.268310,-0.403465,-0.187199
2026-07-29 15:48:42.665,73.799930,0.000000,0.000000,0.000000,0.342408,-0.372952,-0.222130,0.142372,-0.364061,-0.225814,0.242390,-0.368507,-0.223972,0.214684,-0.409127,-0.189025,0.238024,-0.407858,-0.123483,0.268310,-0.403465,-0.187199
2026-07-29 15:48:42.765,73.899930,0.000000,0.000000,0.000000,0.343227,-0.377054,-0.222767,0.143090,-0.367148,-0.226540,0.243159,-0.372101,-0.224654,0.215508,-0.412213,-0.189699,0.238100,-0.411927,-0.123431,0.269130,-0.407566,-0.187836
2026-07-29 15:48:42.865,73.999929,0.000000,0.000000,0.000000,0.343432,-0.378080,-0.222926,0.143397,-0.369188,-0.226611,0.243414,-0.373634,-0.224768,0.215708,-0.414254,-0.189821,0.238305,-0.412952,-0.123590,0.269422,-0.407577,-0.188030
2026-07-29 15:48:42.965,74.099929,0.000000,0.000000,0.000000,0.325410,-0.390868,-0.232154,0.125852,-0.372410,-0.233937,0.225631,-0.381639,-0.233046,0.196547,-0.422095,-0.198431,0.219743,-0.422787,-0.132398,0.250380,-0.418746,-0.197012
2026-07-29 15:48:43.065,74.199929,0.000000,0.000000,0.000000,0.343009,-0.373991,-0.222533,0.142782,-0.366112,-0.226133,0.242896,-0.370051,-0.224333,0.215090,-0.412194,-0.189305,0.237651,-0.410895,-0.123178,0.268720,-0.405515,-0.187517
2026-07-29 15:48:43.165,74.299929,0.000000,0.000000,0.000000,0.343227,-0.377054,-0.222767,0.143192,-0.368163,-0.226451,0.243210,-0.372608,-0.224609,0.215503,-0.413229,-0.189662,0.238100,-0.411927,-0.123431,0.269130,-0.407566,-0.187836
2026-07-29 15:48:43.265,74.399929,0.000000,0.000000,0.000000,0.343637,-0.379105,-0.223086,0.143601,-0.370214,-0.226770,0.243619,-0.374659,-0.224928,0.215913,-0.415279,-0.189980,0.238510,-0.413978,-0.123749,0.269540,-0.409617,-0.188154
2026-07-29 15:48:43.365,74.499929,0.000000,0.000000,0.000000,0.342057,-0.374997,-0.222478,0.142681,-0.365097,-0.226222,0.242369,-0.370047,-0.224350,0.215094,-0.411178,-0.189343,0.237730,-0.408856,-0.123047,0.268720,-0.405515,-0.187517
2026-07-29 15:48:43.465,74.599929,0.000000,0.000000,0.000000,0.343842,-0.380130,-0.223245,0.143806,-0.371239,-0.226929,0.243824,-0.375685,-0.225087,0.216118,-0.416305,-0.190139,0.238675,-0.416023,-0.123974,0.269745,-0.410643,-0.188314
2026-07-29 15:48:43.565,74.699929,0.000000,0.000000,0.000000,0.343227,-0.377054,-0.222767,0.143192,-0.368163,-0.226451,0.243210,-0.372608,-0.224609,0.215503,-0.413229,-0.189662,0.238061,-0.412946,-0.123496,0.269130,-0.407566,-0.187836
2026-07-29 15:48:43.665,74.799929,0.000000,0.000000,0.000000,0.343009,-0.373991,-0.222533,0.142782,-0.366112,-0.226133,0.242896,-0.370051,-0.224333,0.214373,-0.412188,-0.189333,0.236936,-0.410889,-0.123205,0.268720,-0.405515,-0.187517
2026-07-29 15:48:43.765,74.899929,0.000000,0.000000,0.000000,0.343829,-0.378093,-0.223170,0.143601,-0.370214,-0.226770,0.243715,-0.374153,-0.224970,0.215193,-0.416290,-0.189970,0.237717,-0.416011,-0.123908,0.269540,-0.409617,-0.188154
2026-07-29 15:48:43.865,74.999928,0.000000,0.000000,0.000000,0.343022,-0.376029,-0.222608,0.142885,-0.366122,-0.226381,0.242954,-0.371075,-0.224494,0.214551,-0.413185,-0.188775,0.236388,-0.412929,-0.123457,0.268925,-0.406541,-0.187677
2026-07-29 15:48:43.965,75.099928,0.000000,0.000000,0.000000,0.342057,-0.374997,-0.222478,0.142782,-0.366112,-0.226133,0.242420,-0.370554,-0.224305,0.214346,-0.412160,-0.188616,0.236119,-0.412895,-0.122650,0.268720,-0.405515,-0.187517
2026-07-29 15:48:44.065,75.199928,0.000000,0.000000,0.000000,0.343419,-0.376042,-0.222852,0.143192,-0.368163,-0.226451,0.243305,-0.372102,-0.224651,0.214756,-0.414211,-0.188934,0.236630,-0.412935,-0.123551,0.269130,-0.407566,-0.187836
2026-07-29 15:48:44.165,75.299928,0.000000,0.000000,0.000000,0.335334,-0.374593,-0.241828,0.136045,-0.360716,-0.245077,0.235690,-0.367654,-0.243452,0.206501,-0.411328,-0.209873,0.228306,-0.413871,-0.144503,0.261018,-0.406062,-0.208429
2026-07-29 15:48:44.265,75.399928,0.000000,0.000000,0.000000,0.343227,-0.377054,-0.222767,0.143192,-0.368163,-0.226451,0.243210,-0.372608,-0.224609,0.214756,-0.414211,-0.188934,0.236556,-0.414974,-0.123682,0.269217,-0.406551,-0.187870
2026-07-29 15:48:44.365,75.499928,0.000000,0.000000,0.000000,0.343227,-0.377054,-0.222767,0.143192,-0.368163,-0.226451,0.243210,-0.372608,-0.224609,0.214756,-0.414211,-0.188934,0.236732,-0.410923,-0.124138,0.269130,-0.407566,-0.187836
2026-07-29 15:48:44.465,75.599928,0.000000,0.000000,0.000000,0.343637,-0.379105,-0.223086,0.143601,-0.370214,-0.226770,0.243619,-0.374659,-0.224928,0.215165,-0.416262,-0.189253,0.237030,-0.416033,-0.124650,0.269540,-0.409617,-0.188154
2026-07-29 15:48:44.565,75.699928,0.000000,0.000000,0.000000,0.343419,-0.376042,-0.222852,0.143192,-0.368163,-0.226451,0.243305,-0.372102,-0.224651,0.214756,-0.414211,-0.188934,0.236759,-0.410951,-0.124856,0.269217,-0.406551,-0.187870
2026-07-29 15:48:44.665,75.799928,0.000000,0.000000,0.000000,0.341838,-0.371934,-0.222244,0.142271,-0.363046,-0.225903,0.242055,-0.367490,-0.224073,0.213966,-0.409121,-0.189052,0.235929,-0.407896,-0.124999,0.268397,-0.402449,-0.187233
2026-07-29 15:48:44.765,75.899928,0.000000,0.000000,0.000000,0.343637,-0.379105,-0.223086,0.143601,-0.370214,-0.226770,0.243619,-0.374659,-0.224928,0.215196,-0.415274,-0.190008,0.237941,-0.413063,-0.126583,0.269540,-0.409617,-0.188154
2026-07-29 15:48:44.865,75.999928,0.000000,0.000000,0.000000,0.342600,-0.371940,-0.222215,0.142372,-0.364061,-0.225814,0.242486,-0.368000,-0.224014,0.213963,-0.410137,-0.189014,0.236673,-0.407930,-0.125689,0.268310,-0.403465,-0.187199
2026-07-29 15:48:44.965,76.099927,0.000000,0.000000,0.000000,0.343082,-0.380124,-0.223274,0.143806,-0.371239,-0.226929,0.243444,-0.375682,-0.225102,0.215397,-0.417315,-0.190129,0.238134,-0.415136,-0.127520,0.269745,-0.410643,-0.188314
2026-07-29 15:48:45.065,76.199927,0.000000,0.000000,0.000000,0.342203,-0.371927,-0.221971,0.142167,-0.363035,-0.225655,0.242185,-0.367481,-0.223813,0.213761,-0.408095,-0.188893,0.237239,-0.406966,-0.126936,0.268105,-0.402439,-0.187040
2026-07-29 15:48:45.165,76.299927,0.000000,0.000000,0.000000,0.343227,-0.377054,-0.222767,0.143192,-0.368163,-0.226451,0.243210,-0.372608,-0.224609,0.214783,-0.414239,-0.189651,0.238291,-0.412121,-0.128449,0.269130,-0.407566,-0.187836
2026-07-29 15:48:45.265,76.399927,0.000000,0.000000,0.000000,0.342818,-0.375003,-0.222449,0.142782,-0.366112,-0.226133,0.242800,-0.370557,-0.224291,0.214373,-0.412188,-0.189333,0.237921,-0.409050,-0.128072,0.268633,-0.406531,-0.187483
2026-07-29 15:48:45.365,76.499927,0.000000,0.000000,0.000000,0.343214,-0.375016,-0.222692,0.142987,-0.367137,-0.226292,0.243101,-0.371077,-0.224492,0.214578,-0.413213,-0.189492,0.238153,-0.410104,-0.128950,0.268925,-0.406541,-0.187677
2026-07-29 15:48:45.465,76.599927,0.000000,0.000000,0.000000,0.342818,-0.375003,-0.222449,0.142782,-0.366112,-0.226133,0.242800,-0.370557,-0.224291,0.214375,-0.411680,-0.189352,0.238652,-0.410131,-0.129536,0.268633,-0.406531,-0.187483
2026-07-29 15:48:45.565,76.699927,0.000000,0.000000,0.000000,0.342626,-0.376016,-0.222364,0.142782,-0.366112,-0.226133,0.242704,-0.371064,-0.224249,0.214376,-0.411172,-0.189371,0.238611,-0.411150,-0.129592,0.268720,-0.405515,-0.187517
2026-07-29 15:48:45.665,76.799927,0.000000,0.000000,0.000000,0.343227,-0.377054,-0.222767,0.143192,-0.368163,-0.226451,0.243210,-0.372608,-0.224609,0.214786,-0.413223,-0.189689,0.239007,-0.414248,-0.130681,0.269043,-0.408582,-0.187801
2026-07-29 15:48:45.765,76.899927,0.000000,0.000000,0.000000,0.342408,-0.372952,-0.222130,0.142372,-0.364061,-0.225814,0.242390,-0.368507,-0.223972,0.213966,-0.409121,-0.189052,0.238229,-0.409127,-0.129989,0.268223,-0.404480,-0.187164
2026-07-29 15:48:45.865,76.999927,0.000000,0.000000,0.000000,0.342818,-0.375003,-0.222449,0.142782,-0.366112,-0.226133,0.242800,-0.370557,-0.224291,0.214376,-0.411172,-0.189371,0.239270,-0.413222,-0.130389,0.268633,-0.406531,-0.187483
2026-07-29 15:48:45.965,77.099926,0.000000,0.000000,0.000000,0.343829,-0.378093,-0.223170,0.143500,-0.369199,-0.226859,0.243664,-0.373646,-0.225014,0.215193,-0.416290,-0.189970,0.240158,-0.416332,-0.131686,0.268815,-0.409611,-0.188182
2026-07-29 15:48:46.065,77.199926,0.000000,0.000000,0.000000,0.342613,-0.373978,-0.222289,0.142577,-0.365086,-0.225974,0.242595,-0.369532,-0.224132,0.214171,-0.410146,-0.189211,0.239092,-0.412224,-0.130943,0.267791,-0.404484,-0.187386
2026-07-29 15:48:46.165,77.299926,0.000000,0.000000,0.000000,0.342408,-0.372952,-0.222130,0.142372,-0.364061,-0.225814,0.242390,-0.368507,-0.223972,0.213966,-0.409121,-0.189052,0.238887,-0.411198,-0.130784,0.267586,-0.403459,-0.187227
2026-07-29 15:48:46.265,77.399926,0.000000,0.000000,0.000000,0.343214,-0.375016,-0.222692,0.142885,-0.366122,-0.226381,0.243050,-0.370569,-0.224537,0.214581,-0.412197,-0.189530,0.240258,-0.413261,-0.131181,0.268142,-0.407578,-0.188393
2026-07-29 15:48:46.365,77.499926,0.000000,0.000000,0.000000,0.342626,-0.376016,-0.222364,0.142782,-0.366112,-0.226133,0.242704,-0.371064,-0.224249,0.214376,-0.411172,-0.189371,0.240037,-0.413282,-0.131789,0.267996,-0.405510,-0.187545
2026-07-29 15:48:46.465,77.599926,0.000000,0.000000,0.000000,0.343227,-0.377054,-0.222767,0.143192,-0.368163,-0.226451,0.243210,-0.372608,-0.224609,0.215508,-0.412213,-0.189699,0.240490,-0.414314,-0.132055,0.268406,-0.407561,-0.187864
2026-07-29 15:48:46.565,77.699926,0.000000,0.000000,0.000000,0.342262,-0.376022,-0.222637,0.142885,-0.366122,-0.226381,0.242574,-0.371072,-0.224509,0.215303,-0.411187,-0.189540,0.240955,-0.414314,-0.131921,0.268115,-0.407550,-0.187670
2026-07-29 15:48:46.665,77.799926,0.000000,0.000000,0.000000,0.342863,-0.377061,-0.223040,0.143397,-0.369188,-0.226611,0.243130,-0.373125,-0.224825,0.215712,-0.413238,-0.189859,0.241409,-0.415346,-0.132187,0.268638,-0.408614,-0.188747
2026-07-29 15:48:46.765,77.899926,0.000000,0.000000,0.000000,0.343624,-0.377067,-0.223011,0.143498,-0.370203,-0.226522,0.243561,-0.373635,-0.224766,0.215717,-0.412222,-0.189896,0.242196,-0.414360,-0.132823,0.268638,-0.408614,-0.188747
2026-07-29 15:48:46.865,77.999926,0.000000,0.000000,0.000000,0.342804,-0.372965,-0.222374,0.142577,-0.365086,-0.225974,0.242691,-0.369026,-0.224174,0.214893,-0.409136,-0.189222,0.241422,-0.409239,-0.132135,0.267791,-0.404484,-0.187386
2026-07-29 15:48:46.965,78.099926,0.000000,0.000000,0.000000,0.342408,-0.372952,-0.222130,0.142271,-0.363046,-0.225903,0.242339,-0.367999,-0.224017,0.214692,-0.407095,-0.189100,0.242054,-0.406210,-0.132565,0.267614,-0.403487,-0.187951
2026-07-29 15:48:47.065,78.199925,0.000000,0.000000,0.000000,0.342057,-0.374997,-0.222478,0.142782,-0.366112,-0.226133,0.242420,-0.370554,-0.224305,0.215106,-0.408130,-0.189456,0.243183,-0.408266,-0.132856,0.268023,-0.405538,-0.188270
2026-07-29 15:48:47.165,78.299925,0.000000,0.000000,0.000000,0.343419,-0.376042,-0.222852,0.143192,-0.368163,-0.226451,0.243305,-0.372102,-0.224651,0.215516,-0.410181,-0.189775,0.243620,-0.410345,-0.133893,0.267793,-0.406567,-0.188652
2026-07-29 15:48:47.265,78.399925,0.000000,0.000000,0.000000,0.343022,-0.376029,-0.222608,0.142885,-0.366122,-0.226381,0.242954,-0.371075,-0.224494,0.216027,-0.410177,-0.189550,0.244134,-0.409325,-0.133706,0.267504,-0.406557,-0.188457
2026-07-29 15:48:47.365,78.499925,0.000000,0.000000,0.000000,0.343624,-0.377067,-0.223011,0.143397,-0.369188,-0.226611,0.243510,-0.373128,-0.224811,0.216442,-0.411212,-0.189906,0.244620,-0.410385,-0.134696,0.267998,-0.407593,-0.188811
2026-07-29 15:48:47.465,78.599925,0.000000,0.000000,0.000000,0.343227,-0.377054,-0.222767,0.143192,-0.368163,-0.226451,0.243210,-0.372608,-0.224609,0.216237,-0.410187,-0.189747,0.245135,-0.409366,-0.134509,0.267709,-0.407583,-0.188616
2026-07-29 15:48:47.565,78.699925,0.000000,0.000000,0.000000,0.342277,-0.378060,-0.222712,0.143293,-0.369178,-0.226363,0.242785,-0.373619,-0.224537,0.216237,-0.410187,-0.189747,0.245162,-0.409393,-0.135229,0.267709,-0.407583,-0.188616
2026-07-29 15:48:47.665,78.799925,0.000000,0.000000,0.000000,0.342203,-0.371927,-0.221971,0.142167,-0.363035,-0.225655,0.242185,-0.367481,-0.223813,0.215933,-0.405065,-0.188923,0.244138,-0.404266,-0.134433,0.266684,-0.402455,-0.187820
2026-07-29 15:48:47.765,78.899925,0.000000,0.000000,0.000000,0.343637,-0.379105,-0.223086,0.143601,-0.370214,-0.226770,0.243619,-0.374659,-0.224928,0.217361,-0.413259,-0.190000,0.246319,-0.411478,-0.136241,0.268118,-0.409634,-0.188934
2026-07-29 15:48:47.865,78.999925,0.000000,0.000000,0.000000,0.342877,-0.379099,-0.223115,0.143601,-0.370214,-0.226770,0.243239,-0.374656,-0.224942,0.217368,-0.412243,-0.190038,0.247014,-0.412530,-0.136978,0.268118,-0.409634,-0.188934
2026-07-29 15:48:47.965,79.099925,0.000000,0.000000,0.000000,0.342877,-0.379099,-0.223115,0.143601,-0.370214,-0.226770,0.243239,-0.374656,-0.224942,0.217374,-0.411227,-0.190076,0.247066,-0.411512,-0.136933,0.268203,-0.408618,-0.188970
2026-07-29 15:48:48.065,79.199924,0.000000,0.000000,0.000000,0.341853,-0.373972,-0.222319,0.142577,-0.365086,-0.225974,0.242215,-0.369529,-0.224146,0.217057,-0.408138,-0.189177,0.246122,-0.405394,-0.136814,0.267179,-0.403491,-0.188174
2026-07-29 15:48:48.165,79.299924,0.000000,0.000000,0.000000,0.343214,-0.375016,-0.222692,0.142987,-0.367137,-0.226292,0.243101,-0.371077,-0.224492,0.217470,-0.409681,-0.189514,0.247200,-0.409006,-0.137890,0.267589,-0.405542,-0.188492
2026-07-29 15:48:48.265,79.399924,0.000000,0.000000,0.000000,0.342818,-0.375003,-0.222449,0.142681,-0.365097,-0.226222,0.242749,-0.370050,-0.224335,0.217269,-0.408147,-0.189374,0.247687,-0.408496,-0.137724,0.267299,-0.405532,-0.188297
2026-07-29 15:48:48.365,79.499924,0.000000,0.000000,0.000000,0.342600,-0.371940,-0.222215,0.142372,-0.364061,-0.225814,0.242486,-0.368000,-0.224014,0.216859,-0.406096,-0.189055,0.247359,-0.405454,-0.138083,0.266974,-0.402466,-0.188015
2026-07-29 15:48:48.465,79.599924,0.000000,0.000000,0.000000,0.343842,-0.380130,-0.223245,0.143806,-0.371239,-0.226929,0.243824,-0.375685,-0.225087,0.218293,-0.413275,-0.190170,0.248848,-0.411614,-0.139156,0.268436,-0.409672,-0.189855
2026-07-29 15:48:48.565,79.699924,0.000000,0.000000,0.000000,0.343637,-0.379105,-0.223086,0.143601,-0.370214,-0.226770,0.243619,-0.374659,-0.224928,0.218116,-0.412277,-0.190732,0.249392,-0.410622,-0.139691,0.268231,-0.408646,-0.189696
2026-07-29 15:48:48.665,79.799924,0.000000,0.000000,0.000000,0.342408,-0.372952,-0.222130,0.142372,-0.364061,-0.225814,0.242390,-0.368507,-0.223972,0.217580,-0.406102,-0.189027,0.248246,-0.403479,-0.139417,0.266276,-0.402488,-0.188768
2026-07-29 15:48:48.765,79.899924,0.000000,0.000000,0.000000,0.343227,-0.377054,-0.222767,0.143090,-0.367148,-0.226540,0.243159,-0.372101,-0.224654,0.218427,-0.410232,-0.190386,0.249009,-0.408599,-0.140094,0.267179,-0.405574,-0.189442
2026-07-29 15:48:48.865,79.999924,0.000000,0.000000,0.000000,0.343227,-0.377054,-0.222767,0.143192,-0.368163,-0.226451,0.243210,-0.372608,-0.224609,0.218427,-0.410232,-0.190386,0.249037,-0.408627,-0.140815,0.267095,-0.406590,-0.189405
2026-07-29 15:48:48.965,80.099924,0.000000,0.000000,0.000000,0.343227,-0.377054,-0.222767,0.143192,-0.368163,-0.226451,0.243210,-0.372608,-0.224609,0.218419,-0.411248,-0.190347,0.249093,-0.407609,-0.140777,0.267095,-0.406590,-0.189405
2026-07-29 15:48:49.065,80.199924,0.000000,0.000000,0.000000,0.342613,-0.373978,-0.222289,0.142678,-0.366101,-0.225885,0.242646,-0.370040,-0.224087,0.217813,-0.407156,-0.189908,0.249170,-0.405584,-0.141031,0.266481,-0.403513,-0.188928
2026-07-29 15:48:49.165,80.299923,0.000000,0.000000,0.000000,0.342600,-0.371940,-0.222215,0.142372,-0.364061,-0.225814,0.242486,-0.368000,-0.224014,0.218319,-0.407152,-0.189683,0.248301,-0.403535,-0.140862,0.266360,-0.401473,-0.188805
2026-07-29 15:48:49.265,80.399923,0.000000,0.000000,0.000000,0.343227,-0.377054,-0.222767,0.143192,-0.368163,-0.226451,0.243210,-0.372608,-0.224609,0.219148,-0.410238,-0.190358,0.249064,-0.408655,-0.141536,0.267095,-0.406590,-0.189405
2026-07-29 15:48:49.365,80.499923,0.000000,0.000000,0.000000,0.342818,-0.375003,-0.222449,0.142782,-0.366112,-0.226133,0.242800,-0.370557,-0.224291,0.218738,-0.408187,-0.190040,0.248654,-0.406604,-0.141218,0.266769,-0.403523,-0.189124
2026-07-29 15:48:49.465,80.599923,0.000000,0.000000,0.000000,0.342408,-0.372952,-0.222130,0.142372,-0.364061,-0.225814,0.242390,-0.368507,-0.223972,0.218319,-0.407152,-0.189683,0.248272,-0.404581,-0.141621,0.266360,-0.401473,-0.188805
2026-07-29 15:48:49.565,80.699923,0.000000,0.000000,0.000000,0.343650,-0.381143,-0.223161,0.143705,-0.370224,-0.227018,0.243678,-0.375683,-0.225089,0.219753,-0.414330,-0.190797,0.249706,-0.411759,-0.142735,0.267794,-0.408651,-0.189920
2026-07-29 15:48:49.665,80.799923,0.000000,0.000000,0.000000,0.343637,-0.379105,-0.223086,0.143601,-0.370214,-0.226770,0.243619,-0.374659,-0.224928,0.219558,-0.412289,-0.190677,0.249501,-0.410734,-0.142576,0.267505,-0.408641,-0.189724
2026-07-29 15:48:49.765,80.899923,0.000000,0.000000,0.000000,0.342057,-0.374997,-0.222478,0.142782,-0.366112,-0.226133,0.242420,-0.370554,-0.224305,0.218738,-0.408187,-0.190040,0.249403,-0.406638,-0.141912,0.266686,-0.404539,-0.189087
2026-07-29 15:48:49.865,80.999923,0.000000,0.000000,0.000000,0.341998,-0.370901,-0.221812,0.141861,-0.360995,-0.225585,0.241930,-0.365948,-0.223698,0.217919,-0.404085,-0.189403,0.247918,-0.401512,-0.141266,0.265866,-0.400437,-0.188450
2026-07-29 15:48:49.965,81.099923,0.000000,0.000000,0.000000,0.343842,-0.380130,-0.223245,0.143806,-0.371239,-0.226929,0.243824,-0.375685,-0.225087,0.219763,-0.413314,-0.190836,0.249762,-0.410741,-0.142700,0.267710,-0.409666,-0.189883
2026-07-29 15:48:50.065,81.199923,0.000000,0.000000,0.000000,0.342818,-0.375003,-0.222449,0.142782,-0.366112,-0.226133,0.242800,-0.370557,-0.224291,0.218729,-0.409203,-0.190001,0.249403,-0.406638,-0.141912,0.266769,-0.403523,-0.189124
2026-07-29 15:48:50.165,81.299922,0.000000,0.000000,0.000000,0.341998,-0.370901,-0.221812,0.141861,-0.360995,-0.225585,0.241930,-0.365948,-0.223698,0.217919,-0.404085,-0.189403,0.247862,-0.402530,-0.141302,0.265950,-0.399422,-0.188487
2026-07-29 15:48:50.265,81.399922,0.000000,0.000000,0.000000,0.343227,-0.377054,-0.222767,0.143090,-0.367148,-0.226540,0.243159,-0.372101,-0.224654,0.219138,-0.411254,-0.190320,0.249091,-0.408683,-0.142258,0.267095,-0.406590,-0.189405
2026-07-29 15:48:50.365,81.499922,0.000000,0.000000,0.000000,0.342408,-0.372952,-0.222130,0.142372,-0.364061,-0.225814,0.242390,-0.368507,-0.223972,0.218319,-0.407152,-0.189683,0.248272,-0.404581,-0.141621,0.266276,-0.402488,-0.188768
2026-07-29 15:48:50.465,81.599922,0.000000,0.000000,0.000000,0.342613,-0.373978,-0.222289,0.142577,-0.365086,-0.225974,0.242595,-0.369532,-0.224132,0.218524,-0.408177,-0.189842,0.248560,-0.404616,-0.142467,0.266523,-0.403006,-0.188946
2026-07-29 15:48:50.565,81.699922,0.000000,0.000000,0.000000,0.343227,-0.377054,-0.222767,0.143090,-0.367148,-0.226540,0.243159,-0.372101,-0.224654,0.219148,-0.410238,-0.190358,0.249119,-0.408710,-0.142979,0.267179,-0.405574,-0.189442
2026-07-29 15:48:50.665,81.799922,0.000000,0.000000,0.000000,0.341033,-0.369870,-0.221682,0.141656,-0.359970,-0.225425,0.241345,-0.364920,-0.223554,0.217714,-0.403060,-0.189243,0.246964,-0.401526,-0.141892,0.265745,-0.398396,-0.188328
2026-07-29 15:48:50.765,81.899922,0.000000,0.000000,0.000000,0.342818,-0.375003,-0.222449,0.142681,-0.365097,-0.226222,0.242749,-0.370050,-0.224335,0.218738,-0.408187,-0.190040,0.247933,-0.407672,-0.142723,0.266769,-0.403523,-0.189124
2026-07-29 15:48:50.865,81.999922,0.000000,0.000000,0.000000,0.342877,-0.379099,-0.223115,0.143500,-0.369199,-0.226859,0.243189,-0.374149,-0.224987,0.219558,-0.412289,-0.190677,0.248808,-0.410756,-0.143325,0.267589,-0.407625,-0.189761
2026-07-29 15:48:50.965,82.099922,0.000000,0.000000,0.000000,0.342057,-0.374997,-0.222478,0.142883,-0.367127,-0.226044,0.242470,-0.371062,-0.224261,0.218729,-0.409203,-0.190001,0.248015,-0.406682,-0.143409,0.266769,-0.403523,-0.189124
2026-07-29 15:48:51.065,82.199922,0.000000,0.000000,0.000000,0.342818,-0.375003,-0.222449,0.142782,-0.366112,-0.226133,0.242800,-0.370557,-0.224291,0.218748,-0.407171,-0.190078,0.247294,-0.406676,-0.143437,0.266769,-0.403523,-0.189124
2026-07-29 15:48:51.165,82.299922,0.000000,0.000000,0.000000,0.342658,-0.376036,-0.222881,0.143192,-0.368163,-0.226451,0.242925,-0.372099,-0.224666,0.219148,-0.410238,-0.190358,0.247704,-0.408727,-0.143756,0.267179,-0.405574,-0.189442
2026-07-29 15:48:51.265,82.399921,0.000000,0.000000,0.000000,0.343022,-0.376029,-0.222608,0.142987,-0.367137,-0.226292,0.243005,-0.371583,-0.224450,0.218953,-0.408196,-0.190238,0.247499,-0.407701,-0.143596,0.266891,-0.405564,-0.189246
2026-07-29 15:48:51.365,82.499921,0.000000,0.000000,0.000000,0.342672,-0.378073,-0.222956,0.143397,-0.369188,-0.226611,0.243034,-0.373631,-0.224783,0.219353,-0.411263,-0.190517,0.247855,-0.410770,-0.143948,0.267384,-0.406600,-0.189601
2026-07-29 15:48:51.465,82.599921,0.000000,0.000000,0.000000,0.343240,-0.379092,-0.222842,0.143295,-0.368173,-0.226699,0.243268,-0.373633,-0.224771,0.219353,-0.411263,-0.190517,0.247855,-0.410770,-0.143948,0.266657,-0.406594,-0.189629
2026-07-29 15:48:51.565,82.699921,0.000000,0.000000,0.000000,0.342613,-0.373978,-0.222289,0.142476,-0.364071,-0.226062,0.242544,-0.369025,-0.224176,0.218534,-0.407161,-0.189880,0.247089,-0.405650,-0.143278,0.266481,-0.403513,-0.188928
2026-07-29 15:48:51.665,82.799921,0.000000,0.000000,0.000000,0.343214,-0.375016,-0.222692,0.142987,-0.367137,-0.226292,0.243101,-0.371077,-0.224492,0.218953,-0.408196,-0.190238,0.247499,-0.407701,-0.143596,0.266248,-0.404543,-0.189311
2026-07-29 15:48:51.765,82.899921,0.000000,0.000000,0.000000,0.342248,-0.373985,-0.222562,0.142782,-0.366112,-0.226133,0.242515,-0.370048,-0.224347,0.218738,-0.408187,-0.190040,0.247294,-0.406676,-0.143437,0.266043,-0.403518,-0.189152
2026-07-29 15:48:51.865,82.999921,0.000000,0.000000,0.000000,0.343637,-0.379105,-0.223086,0.143601,-0.370214,-0.226770,0.243619,-0.374659,-0.224928,0.219558,-0.412289,-0.190677,0.248087,-0.410750,-0.143353,0.266862,-0.407619,-0.189789
2026-07-29 15:48:51.965,83.099921,0.000000,0.000000,0.000000,0.343637,-0.379105,-0.223086,0.143703,-0.371229,-0.226681,0.243670,-0.375167,-0.224883,0.219568,-0.411273,-0.190715,0.248087,-0.410750,-0.143353,0.266862,-0.407619,-0.189789
2026-07-29 15:48:52.065,83.199921,0.000000,0.000000,0.000000,0.342818,-0.375003,-0.222449,0.142782,-0.366112,-0.226133,0.242800,-0.370557,-0.224291,0.218738,-0.408187,-0.190040,0.247267,-0.406648,-0.142716,0.266043,-0.403518,-0.189152
2026-07-29 15:48:52.165,83.299921,0.000000,0.000000,0.000000,0.342877,-0.379099,-0.223115,0.143601,-0.370214,-0.226770,0.243239,-0.374656,-0.224942,0.219568,-0.411273,-0.190715,0.247338,-0.410716,-0.142659,0.266862,-0.407619,-0.189789
2026-07-29 15:48:52.265,83.399920,0.000000,0.000000,0.000000,0.342818,-0.375003,-0.222449,0.142782,-0.366112,-0.226133,0.242800,-0.370557,-0.224291,0.218738,-0.408187,-0.190040,0.246491,-0.406586,-0.141301,0.266043,-0.403518,-0.189152
2026-07-29 15:48:52.365,83.499920,0.000000,0.000000,0.000000,0.342057,-0.374997,-0.222478,0.142782,-0.366112,-0.226133,0.242420,-0.370554,-0.224305,0.219459,-0.408193,-0.190012,0.246491,-0.406586,-0.141301,0.266043,-0.403518,-0.189152
2026-07-29 15:48:52.465,83.599920,0.000000,0.000000,0.000000,0.343022,-0.376029,-0.222608,0.142885,-0.366122,-0.226381,0.242954,-0.371075,-0.224494,0.219675,-0.408202,-0.190210,0.245948,-0.407578,-0.140766,0.266330,-0.403528,-0.189348
2026-07-29 15:48:52.565,83.699920,0.000000,0.000000,0.000000,0.343432,-0.378080,-0.222926,0.143498,-0.370203,-0.226522,0.243465,-0.374141,-0.224724,0.220085,-0.410253,-0.190528,0.246382,-0.408583,-0.140324,0.266657,-0.406594,-0.189629
2026-07-29 15:48:52.665,83.799920,0.000000,0.000000,0.000000,0.343227,-0.377054,-0.222767,0.143192,-0.368163,-0.226451,0.243210,-0.372608,-0.224609,0.219158,-0.409222,-0.190397,0.245427,-0.407524,-0.139470,0.266507,-0.404525,-0.188779
2026-07-29 15:48:52.765,83.899920,0.000000,0.000000,0.000000,0.343637,-0.379105,-0.223086,0.143601,-0.370214,-0.226770,0.243619,-0.374659,-0.224928,0.220290,-0.411279,-0.190688,0.245087,-0.409541,-0.139094,0.266917,-0.406576,-0.189097
2026-07-29 15:48:52.865,83.999920,0.000000,0.000000,0.000000,0.343624,-0.377067,-0.223011,0.143397,-0.369188,-0.226611,0.243510,-0.373128,-0.224811,0.220085,-0.410253,-0.190528,0.244858,-0.409024,-0.138955,0.266712,-0.405551,-0.188938
2026-07-29 15:48:52.965,84.099920,0.000000,0.000000,0.000000,0.342818,-0.375003,-0.222449,0.142782,-0.366112,-0.226133,0.242800,-0.370557,-0.224291,0.218730,-0.406127,-0.189393,0.244241,-0.405411,-0.137735,0.266825,-0.402480,-0.188433
2026-07-29 15:48:53.065,84.199920,0.000000,0.000000,0.000000,0.344047,-0.381156,-0.223404,0.144011,-0.372265,-0.227088,0.244029,-0.376710,-0.225246,0.220710,-0.412314,-0.191045,0.244720,-0.411530,-0.137995,0.268055,-0.408633,-0.189388
2026-07-29 15:48:53.165,84.299920,0.000000,0.000000,0.000000,0.342057,-0.374997,-0.222478,0.142579,-0.364082,-0.226311,0.242318,-0.369539,-0.224394,0.218748,-0.407171,-0.190078,0.243464,-0.405349,-0.136317,0.266825,-0.402480,-0.188433
2026-07-29 15:48:53.265,84.399920,0.000000,0.000000,0.000000,0.342818,-0.375003,-0.222449,0.142782,-0.366112,-0.226133,0.242800,-0.370557,-0.224291,0.218758,-0.406155,-0.190117,0.243415,-0.406368,-0.136362,0.266825,-0.402480,-0.188433
2026-07-29 15:48:53.365,84.499919,0.000000,0.000000,0.000000,0.343214,-0.375016,-0.222692,0.142885,-0.366122,-0.226381,0.243050,-0.370569,-0.224537,0.218953,-0.408196,-0.190238,0.243593,-0.407365,-0.135800,0.267030,-0.403506,-0.188592
2026-07-29 15:48:53.465,84.599919,0.000000,0.000000,0.000000,0.343227,-0.377054,-0.222767,0.143192,-0.368163,-0.226451,0.243210,-0.372608,-0.224609,0.219158,-0.409222,-0.190397,0.243770,-0.408363,-0.135238,0.267235,-0.404531,-0.188751
2026-07-29 15:48:53.565,84.699919,0.000000,0.000000,0.000000,0.342203,-0.371927,-0.221971,0.142167,-0.363035,-0.225655,0.242185,-0.367481,-0.223813,0.218134,-0.404095,-0.189601,0.242794,-0.402217,-0.134395,0.266211,-0.399404,-0.187955
2026-07-29 15:48:53.665,84.799919,0.000000,0.000000,0.000000,0.344444,-0.381169,-0.223648,0.144115,-0.372275,-0.227336,0.244279,-0.376722,-0.225492,0.219469,-0.413328,-0.191259,0.244863,-0.411425,-0.135217,0.268343,-0.408643,-0.189583
2026-07-29 15:48:53.765,84.899919,0.000000,0.000000,0.000000,0.342613,-0.373978,-0.222289,0.142476,-0.364071,-0.226062,0.242544,-0.369025,-0.224176,0.217821,-0.406140,-0.189947,0.243149,-0.404212,-0.133268,0.266704,-0.400439,-0.188309
2026-07-29 15:48:53.865,84.999919,0.000000,0.000000,0.000000,0.343432,-0.378080,-0.222926,0.143397,-0.369188,-0.226611,0.243414,-0.373634,-0.224768,0.218649,-0.409226,-0.190622,0.243873,-0.410352,-0.134003,0.267523,-0.404541,-0.188946
2026-07-29 15:48:53.965,85.099919,0.000000,0.000000,0.000000,0.342408,-0.372952,-0.222130,0.142372,-0.364061,-0.225814,0.242390,-0.368507,-0.223972,0.217616,-0.405114,-0.189787,0.242773,-0.406215,-0.132537,0.267143,-0.400435,-0.188086
2026-07-29 15:48:54.065,85.199919,0.000000,0.000000,0.000000,0.342818,-0.375003,-0.222449,0.142681,-0.365097,-0.226222,0.242749,-0.370050,-0.224335,0.217311,-0.406143,-0.190172,0.243159,-0.408776,-0.132881,0.267638,-0.401471,-0.188441
2026-07-29 15:48:54.165,85.299919,0.000000,0.000000,0.000000,0.343227,-0.377054,-0.222767,0.143293,-0.369178,-0.226363,0.243260,-0.373116,-0.224565,0.217694,-0.408166,-0.189767,0.243470,-0.412327,-0.132558,0.267963,-0.404537,-0.188723
2026-07-29 15:48:54.265,85.399919,0.000000,0.000000,0.000000,0.342818,-0.375003,-0.222449,0.142681,-0.365097,-0.226222,0.242749,-0.370050,-0.224335,0.217296,-0.408175,-0.190095,0.243108,-0.409257,-0.132188,0.267553,-0.402486,-0.188405
2026-07-29 15:48:54.365,85.499918,0.000000,0.000000,0.000000,0.342408,-0.372952,-0.222130,0.142271,-0.363046,-0.225903,0.242339,-0.367999,-0.224017,0.216863,-0.405588,-0.189074,0.243318,-0.409250,-0.131945,0.267186,-0.399928,-0.188104
2026-07-29 15:48:54.465,85.599918,0.000000,0.000000,0.000000,0.342877,-0.379099,-0.223115,0.143601,-0.370214,-0.226770,0.243239,-0.374656,-0.224942,0.218108,-0.413293,-0.190693,0.244569,-0.414356,-0.132132,0.269073,-0.406566,-0.188286
2026-07-29 15:48:54.565,85.699918,0.000000,0.000000,0.000000,0.343009,-0.373991,-0.222533,0.142681,-0.365097,-0.226222,0.242845,-0.369544,-0.224377,0.216575,-0.408169,-0.190122,0.243700,-0.411273,-0.131547,0.268281,-0.402492,-0.188377
2026-07-29 15:48:54.665,85.799918,0.000000,0.000000,0.000000,0.342818,-0.375003,-0.222449,0.142782,-0.366112,-0.226133,0.242800,-0.370557,-0.224291,0.216569,-0.409185,-0.190084,0.243700,-0.411273,-0.131547,0.268281,-0.402492,-0.188377
2026-07-29 15:48:54.765,85.899918,0.000000,0.000000,0.000000,0.343240,-0.379092,-0.222842,0.143295,-0.368173,-0.226699,0.243268,-0.373633,-0.224771,0.217184,-0.412262,-0.190561,0.244288,-0.414322,-0.131309,0.268810,-0.406584,-0.188819
2026-07-29 15:48:54.865,85.999918,0.000000,0.000000,0.000000,0.341793,-0.369876,-0.221652,0.141656,-0.359970,-0.225425,0.241725,-0.364923,-0.223539,0.215545,-0.404058,-0.189287,0.242698,-0.405099,-0.129982,0.267170,-0.398380,-0.187545
2026-07-29 15:48:54.965,86.099918,0.000000,0.000000,0.000000,0.342818,-0.375003,-0.222449,0.142782,-0.366112,-0.226133,0.242800,-0.370557,-0.224291,0.216569,-0.409185,-0.190084,0.243673,-0.411246,-0.130832,0.268195,-0.403507,-0.188341
2026-07-29 15:48:55.065,86.199918,0.000000,0.000000,0.000000,0.342011,-0.372939,-0.221887,0.142167,-0.363035,-0.225655,0.242089,-0.367987,-0.223771,0.215954,-0.406109,-0.189606,0.243059,-0.408169,-0.130354,0.267666,-0.399416,-0.187899
2026-07-29 15:48:55.165,86.299918,0.000000,0.000000,0.000000,0.343227,-0.377054,-0.222767,0.143192,-0.368163,-0.226451,0.243210,-0.372608,-0.224609,0.216264,-0.410214,-0.190469,0.244034,-0.414316,-0.131204,0.268605,-0.405558,-0.188660
2026-07-29 15:48:55.265,86.399918,0.000000,0.000000,0.000000,0.342408,-0.372952,-0.222130,0.142372,-0.364061,-0.225814,0.242390,-0.368507,-0.223972,0.215434,-0.408144,-0.189754,0.243285,-0.408148,-0.129743,0.267785,-0.401456,-0.188023
2026-07-29 15:48:55.365,86.499918,0.000000,0.000000,0.000000,0.343637,-0.379105,-0.223086,0.143500,-0.369199,-0.226859,0.243569,-0.374152,-0.224972,0.216663,-0.414297,-0.190709,0.244466,-0.415320,-0.130753,0.269654,-0.408630,-0.188915
2026-07-29 15:48:55.465,86.599917,0.000000,0.000000,0.000000,0.342011,-0.372939,-0.221887,0.142269,-0.364050,-0.225566,0.242140,-0.368495,-0.223726,0.215229,-0.407119,-0.189595,0.242316,-0.408136,-0.129666,0.268220,-0.401452,-0.187800
2026-07-29 15:48:55.565,86.699917,0.000000,0.000000,0.000000,0.343432,-0.378080,-0.222926,0.143397,-0.369188,-0.226611,0.243414,-0.373634,-0.224768,0.216464,-0.412256,-0.190589,0.244261,-0.414294,-0.130594,0.269536,-0.406589,-0.188791
2026-07-29 15:48:55.665,86.799917,0.000000,0.000000,0.000000,0.343022,-0.376029,-0.222608,0.142885,-0.366122,-0.226381,0.242954,-0.371075,-0.224494,0.216049,-0.411221,-0.190232,0.243136,-0.412238,-0.130303,0.269039,-0.405554,-0.188437
2026-07-29 15:48:55.765,86.899917,0.000000,0.000000,0.000000,0.335300,-0.374598,-0.241311,0.135758,-0.359694,-0.244618,0.235529,-0.367146,-0.242965,0.207685,-0.407288,-0.210807,0.234582,-0.412986,-0.151105,0.260794,-0.402999,-0.208718
2026-07-29 15:48:55.865,86.999917,0.000000,0.000000,0.000000,0.342203,-0.371927,-0.221971,0.142167,-0.363035,-0.225655,0.242185,-0.367481,-0.223813,0.215240,-0.405087,-0.189672,0.242316,-0.408136,-0.129666,0.268220,-0.401452,-0.187800
2026-07-29 15:48:55.965,87.099917,0.000000,0.000000,0.000000,0.342262,-0.376022,-0.222637,0.142885,-0.366122,-0.226381,0.242574,-0.371072,-0.224509,0.216027,-0.410177,-0.189550,0.243136,-0.412238,-0.130303,0.269126,-0.404538,-0.188473
2026-07-29 15:48:56.065,87.199917,0.000000,0.000000,0.000000,0.342190,-0.369889,-0.221896,0.141962,-0.362010,-0.225496,0.242076,-0.365949,-0.223696,0.215035,-0.404062,-0.189513,0.242111,-0.407110,-0.129506,0.268015,-0.400426,-0.187641
2026-07-29 15:48:56.165,87.299917,0.000000,0.000000,0.000000,0.342613,-0.373978,-0.222289,0.142577,-0.365086,-0.225974,0.242595,-0.369532,-0.224132,0.215644,-0.408154,-0.189952,0.242010,-0.410181,-0.130011,0.268630,-0.403503,-0.188118
2026-07-29 15:48:56.265,87.399917,0.000000,0.000000,0.000000,0.343022,-0.376029,-0.222608,0.142885,-0.366122,-0.226381,0.242954,-0.371075,-0.224494,0.216054,-0.410205,-0.190271,0.242420,-0.412232,-0.130330,0.269039,-0.405554,-0.188437
2026-07-29 15:48:56.365,87.499917,0.000000,0.000000,0.000000,0.344047,-0.381156,-0.223404,0.144011,-0.372265,-0.227088,0.244029,-0.376710,-0.225246,0.217073,-0.416348,-0.191028,0.243398,-0.418378,-0.131181,0.270064,-0.410681,-0.189233
2026-07-29 15:48:56.465,87.599916,0.000000,0.000000,0.000000,0.343842,-0.380130,-0.223245,0.143806,-0.371239,-0.226929,0.243824,-0.375685,-0.225087,0.216874,-0.414307,-0.190907,0.243193,-0.417353,-0.131022,0.269859,-0.409656,-0.189074
2026-07-29 15:48:56.565,87.699916,0.000000,0.000000,0.000000,0.342831,-0.377041,-0.222524,0.142987,-0.367137,-0.226292,0.242909,-0.372089,-0.224408,0.216049,-0.411221,-0.190232,0.242420,-0.412232,-0.130330,0.269039,-0.405554,-0.188437
2026-07-29 15:48:56.665,87.799916,0.000000,0.000000,0.000000,0.342818,-0.375003,-0.222449,0.142782,-0.366112,-0.226133,0.242800,-0.370557,-0.224291,0.215849,-0.409179,-0.190111,0.242169,-0.412226,-0.130225,0.268835,-0.404528,-0.188278
2026-07-29 15:48:56.765,87.899916,0.000000,0.000000,0.000000,0.343022,-0.376029,-0.222608,0.142987,-0.367137,-0.226292,0.243005,-0.371583,-0.224450,0.216054,-0.410205,-0.190271,0.242420,-0.412232,-0.130330,0.268953,-0.406569,-0.188401
2026-07-29 15:48:56.865,87.999916,0.000000,0.000000,0.000000,0.342818,-0.375003,-0.222449,0.142681,-0.365097,-0.226222,0.242749,-0.370050,-0.224335,0.215849,-0.409179,-0.190111,0.242169,-0.412226,-0.130225,0.268835,-0.404528,-0.188278
2026-07-29 15:48:56.965,88.099916,0.000000,0.000000,0.000000,0.343022,-0.376029,-0.222608,0.142885,-0.366122,-0.226381,0.242954,-0.371075,-0.224494,0.216049,-0.411221,-0.190232,0.242346,-0.413223,-0.129670,0.269039,-0.405554,-0.188437
2026-07-29 15:48:57.065,88.199916,0.000000,0.000000,0.000000,0.343022,-0.376029,-0.222608,0.142987,-0.367137,-0.226292,0.243005,-0.371583,-0.224450,0.215338,-0.409183,-0.190337,0.242393,-0.412204,-0.129614,0.269039,-0.405554,-0.188437
2026-07-29 15:48:57.165,88.299916,0.000000,0.000000,0.000000,0.343624,-0.377067,-0.223011,0.143295,-0.368173,-0.226699,0.243460,-0.372620,-0.224855,0.215717,-0.412222,-0.189896,0.242803,-0.414255,-0.129933,0.269449,-0.407605,-0.188755
2026-07-29 15:48:57.265,88.399916,0.000000,0.000000,0.000000,0.342818,-0.375003,-0.222449,0.142782,-0.366112,-0.226133,0.242800,-0.370557,-0.224291,0.215849,-0.409179,-0.190111,0.242188,-0.411179,-0.129455,0.268835,-0.404528,-0.188278
2026-07-29 15:48:57.365,88.499916,0.000000,0.000000,0.000000,0.342818,-0.375003,-0.222449,0.142681,-0.365097,-0.226222,0.242749,-0.370050,-0.224335,0.215102,-0.409146,-0.189419,0.241427,-0.412192,-0.129538,0.268748,-0.405543,-0.188242
2026-07-29 15:48:57.465,88.599916,0.000000,0.000000,0.000000,0.343419,-0.376042,-0.222852,0.143192,-0.368163,-0.226451,0.243305,-0.372102,-0.224651,0.216254,-0.412246,-0.190391,0.241882,-0.413224,-0.129801,0.269244,-0.406579,-0.188596
2026-07-29 15:48:57.565,88.699915,0.000000,0.000000,0.000000,0.342658,-0.376036,-0.222881,0.143192,-0.368163,-0.226451,0.242925,-0.372099,-0.224666,0.216259,-0.411230,-0.190430,0.241855,-0.413196,-0.129085,0.269244,-0.406579,-0.188596
2026-07-29 15:48:57.665,88.799915,0.000000,0.000000,0.000000,0.343432,-0.378080,-0.222926,0.143295,-0.368173,-0.226699,0.243364,-0.373126,-0.224813,0.215717,-0.412222,-0.189896,0.242060,-0.414222,-0.129244,0.269449,-0.407605,-0.188755
2026-07-29 15:48:57.765,88.899915,0.000000,0.000000,0.000000,0.342818,-0.375003,-0.222449,0.142681,-0.365097,-0.226222,0.242749,-0.370050,-0.224335,0.215827,-0.408136,-0.189429,0.241400,-0.412165,-0.128823,0.268835,-0.404528,-0.188278
2026-07-29 15:48:57.865,88.999915,0.000000,0.000000,0.000000,0.343432,-0.378080,-0.222926,0.143397,-0.369188,-0.226611,0.243414,-0.373634,-0.224768,0.216436,-0.412228,-0.189869,0.242015,-0.415241,-0.129301,0.269362,-0.408620,-0.188720
2026-07-29 15:48:57.965,89.099915,0.000000,0.000000,0.000000,0.343214,-0.375016,-0.222692,0.142885,-0.366122,-0.226381,0.243050,-0.370569,-0.224537,0.215307,-0.410171,-0.189578,0.241650,-0.412171,-0.128926,0.269039,-0.405554,-0.188437
2026-07-29 15:48:58.065,89.199915,0.000000,0.000000,0.000000,0.343227,-0.377054,-0.222767,0.143192,-0.368163,-0.226451,0.243210,-0.372608,-0.224609,0.216226,-0.412218,-0.189672,0.241855,-0.413196,-0.129085,0.269157,-0.407594,-0.188560
2026-07-29 15:48:58.165,89.299915,0.000000,0.000000,0.000000,0.343022,-0.376029,-0.222608,0.142885,-0.366122,-0.226381,0.242954,-0.371075,-0.224494,0.215307,-0.410171,-0.189578,0.241650,-0.412171,-0.128926,0.268953,-0.406569,-0.188401
2026-07-29 15:48:58.265,89.399915,0.000000,0.000000,0.000000,0.343227,-0.377054,-0.222767,0.143192,-0.368163,-0.226451,0.243210,-0.372608,-0.224609,0.216226,-0.412218,-0.189672,0.241855,-0.413196,-0.129085,0.269157,-0.407594,-0.188560
2026-07-29 15:48:58.365,89.499915,0.000000,0.000000,0.000000,0.335879,-0.375629,-0.241765,0.136121,-0.361736,-0.245040,0.236000,-0.368683,-0.243403,0.208050,-0.408321,-0.210495,0.233532,-0.413980,-0.150042,0.261046,-0.406054,-0.209155
2026-07-29 15:48:58.465,89.599915,0.000000,0.000000,0.000000,0.342658,-0.376036,-0.222881,0.143192,-0.368163,-0.226451,0.242925,-0.372099,-0.224666,0.215508,-0.412213,-0.189699,0.241828,-0.413169,-0.128369,0.269244,-0.406579,-0.188596
2026-07-29 15:48:58.565,89.699914,0.000000,0.000000,0.000000,0.342804,-0.372965,-0.222374,0.142577,-0.365086,-0.225974,0.242691,-0.369026,-0.224174,0.215612,-0.409142,-0.189194,0.241213,-0.410092,-0.127892,0.268630,-0.403503,-0.188118
2026-07-29 15:48:58.665,89.799914,0.000000,0.000000,0.000000,0.342408,-0.372952,-0.222130,0.142372,-0.364061,-0.225814,0.242390,-0.368507,-0.223972,0.215412,-0.407101,-0.189073,0.241009,-0.409067,-0.127732,0.268425,-0.402477,-0.187959
2026-07-29 15:48:58.765,89.899914,0.000000,0.000000,0.000000,0.342216,-0.373965,-0.222046,0.142474,-0.365076,-0.225726,0.242345,-0.369520,-0.223886,0.215415,-0.406593,-0.189091,0.240337,-0.408042,-0.127702,0.268425,-0.402477,-0.187959
2026-07-29 15:48:58.865,89.999914,0.000000,0.000000,0.000000,0.341648,-0.372946,-0.222159,0.142372,-0.364061,-0.225814,0.242010,-0.368503,-0.223987,0.214692,-0.407095,-0.189100,0.240249,-0.410080,-0.127818,0.268425,-0.402477,-0.187959
2026-07-29 15:48:58.965,90.099914,0.000000,0.000000,0.000000,0.343829,-0.378093,-0.223170,0.143601,-0.370214,-0.226770,0.243715,-0.374153,-0.224970,0.215926,-0.412232,-0.190093,0.241522,-0.415214,-0.128715,0.269654,-0.408630,-0.188915
2026-07-29 15:48:59.065,90.199914,0.000000,0.000000,0.000000,0.343227,-0.377054,-0.222767,0.143090,-0.367148,-0.226540,0.243159,-0.372101,-0.224654,0.216232,-0.411202,-0.189710,0.241113,-0.413163,-0.128397,0.269217,-0.406551,-0.187870
2026-07-29 15:48:59.165,90.299914,0.000000,0.000000,0.000000,0.343227,-0.377054,-0.222767,0.143090,-0.367148,-0.226540,0.243159,-0.372101,-0.224654,0.216232,-0.411202,-0.189710,0.241113,-0.413163,-0.128397,0.269244,-0.406579,-0.188596
2026-07-29 15:48:59.265,90.399914,0.000000,0.000000,0.000000,0.343227,-0.377054,-0.222767,0.143192,-0.368163,-0.226451,0.243210,-0.372608,-0.224609,0.216232,-0.411202,-0.189710,0.241113,-0.413163,-0.128397,0.269244,-0.406579,-0.188596
2026-07-29 15:48:59.365,90.499914,0.000000,0.000000,0.000000,0.343227,-0.377054,-0.222767,0.143192,-0.368163,-0.226451,0.243210,-0.372608,-0.224609,0.216232,-0.411202,-0.189710,0.241113,-0.413163,-0.128397,0.269157,-0.407594,-0.188560
2026-07-29 15:48:59.465,90.599914,0.000000,0.000000,0.000000,0.342203,-0.371927,-0.221971,0.142066,-0.362020,-0.225744,0.242134,-0.366974,-0.223857,0.215212,-0.405059,-0.188951,0.240115,-0.408063,-0.128316,0.268176,-0.401959,-0.187782
2026-07-29 15:48:59.565,90.699914,0.000000,0.000000,0.000000,0.343637,-0.379105,-0.223086,0.143601,-0.370214,-0.226770,0.243619,-0.374659,-0.224928,0.215921,-0.413248,-0.190056,0.241550,-0.415241,-0.129431,0.269567,-0.409645,-0.188879
2026-07-29 15:48:59.665,90.799913,0.000000,0.000000,0.000000,0.342818,-0.375003,-0.222449,0.142782,-0.366112,-0.226133,0.242800,-0.370557,-0.224291,0.215817,-0.410167,-0.189353,0.240686,-0.412159,-0.128851,0.268835,-0.404528,-0.188278
2026-07-29 15:48:59.765,90.899913,0.000000,0.000000,0.000000,0.343022,-0.376029,-0.222608,0.143088,-0.368152,-0.226203,0.243055,-0.372090,-0.224406,0.215303,-0.411187,-0.189540,0.240935,-0.412165,-0.128953,0.269039,-0.405554,-0.188437
2026-07-29 15:48:59.865,90.999913,0.000000,0.000000,0.000000,0.342408,-0.372952,-0.222130,0.142372,-0.364061,-0.225814,0.242390,-0.368507,-0.223972,0.214692,-0.407095,-0.189100,0.240276,-0.410108,-0.128532,0.268425,-0.402477,-0.187959
2026-07-29 15:48:59.965,91.099913,0.000000,0.000000,0.000000,0.342248,-0.373985,-0.222562,0.142681,-0.365097,-0.226222,0.242464,-0.369541,-0.224392,0.215098,-0.410162,-0.189381,0.240686,-0.412159,-0.128851,0.268835,-0.404528,-0.188278
2026-07-29 15:49:00.065,91.199913,0.000000,0.000000,0.000000,0.342408,-0.372952,-0.222130,0.142271,-0.363046,-0.225903,0.242339,-0.367999,-0.224017,0.214684,-0.409127,-0.189025,0.241036,-0.409094,-0.128448,0.268338,-0.403493,-0.187923
2026-07-29 15:49:00.165,91.299913,0.000000,0.000000,0.000000,0.342203,-0.371927,-0.221971,0.142066,-0.362020,-0.225744,0.242134,-0.366974,-0.223857,0.214483,-0.407085,-0.188903,0.240143,-0.408091,-0.129032,0.268133,-0.402467,-0.187764
2026-07-29 15:49:00.265,91.399913,0.000000,0.000000,0.000000,0.342408,-0.372952,-0.222130,0.142372,-0.364061,-0.225814,0.242390,-0.368507,-0.223972,0.214711,-0.409154,-0.189743,0.240348,-0.409116,-0.129191,0.268338,-0.403493,-0.187923
2026-07-29 15:49:00.365,91.499913,0.000000,0.000000,0.000000,0.343227,-0.377054,-0.222767,0.143192,-0.368163,-0.226451,0.243210,-0.372608,-0.224609,0.215535,-0.412240,-0.190418,0.241123,-0.414237,-0.129884,0.269157,-0.407594,-0.188560
2026-07-29 15:49:00.465,91.599913,0.000000,0.000000,0.000000,0.343637,-0.379105,-0.223086,0.143601,-0.370214,-0.226770,0.243619,-0.374659,-0.224928,0.215945,-0.414291,-0.190737,0.241577,-0.415269,-0.130147,0.269567,-0.409645,-0.188879
2026-07-29 15:49:00.565,91.699913,0.000000,0.000000,0.000000,0.342818,-0.375003,-0.222449,0.142782,-0.366112,-0.226133,0.242800,-0.370557,-0.224291,0.215125,-0.410189,-0.190100,0.240713,-0.412186,-0.129565,0.268748,-0.405543,-0.188242
2026-07-29 15:49:00.665,91.799912,0.000000,0.000000,0.000000,0.341793,-0.369876,-0.221652,0.141758,-0.360984,-0.225337,0.241775,-0.365430,-0.223495,0.214073,-0.405034,-0.188585,0.239706,-0.406012,-0.127998,0.267723,-0.400416,-0.187446
2026-07-29 15:49:00.765,91.899912,0.000000,0.000000,0.000000,0.344457,-0.383207,-0.223723,0.144320,-0.373300,-0.227496,0.244388,-0.378254,-0.225609,0.216733,-0.419381,-0.190617,0.242325,-0.420362,-0.130125,0.270387,-0.413747,-0.189516
2026-07-29 15:49:00.865,91.999912,0.000000,0.000000,0.000000,0.342818,-0.375003,-0.222449,0.142782,-0.366112,-0.226133,0.242800,-0.370557,-0.224291,0.215121,-0.411205,-0.190061,0.240730,-0.411140,-0.128794,0.268748,-0.405543,-0.188242
2026-07-29 15:49:00.965,92.099912,0.000000,0.000000,0.000000,0.342818,-0.375003,-0.222449,0.142782,-0.366112,-0.226133,0.242800,-0.370557,-0.224291,0.215098,-0.410162,-0.189381,0.240703,-0.411112,-0.128078,0.268748,-0.405543,-0.188242
2026-07-29 15:49:01.065,92.199912,0.000000,0.000000,0.000000,0.343624,-0.377067,-0.223011,0.143498,-0.370203,-0.226522,0.243561,-0.373635,-0.224766,0.215736,-0.414282,-0.190539,0.241318,-0.414188,-0.128556,0.269362,-0.408620,-0.188720
2026-07-29 15:49:01.165,92.299912,0.000000,0.000000,0.000000,0.342831,-0.377041,-0.222524,0.142987,-0.367137,-0.226292,0.242909,-0.372089,-0.224408,0.215303,-0.411187,-0.189540,0.240908,-0.412137,-0.128238,0.268925,-0.406541,-0.187677
2026-07-29 15:49:01.265,92.399912,0.000000,0.000000,0.000000,0.342613,-0.373978,-0.222289,0.142577,-0.365086,-0.225974,0.242595,-0.369532,-0.224132,0.214889,-0.410152,-0.189184,0.240471,-0.410059,-0.127203,0.268515,-0.404490,-0.187358
2026-07-29 15:49:01.365,92.499912,0.000000,0.000000,0.000000,0.342818,-0.375003,-0.222449,0.142782,-0.366112,-0.226133,0.242800,-0.370557,-0.224291,0.215094,-0.411178,-0.189343,0.240649,-0.411057,-0.126647,0.268807,-0.404500,-0.187552
2026-07-29 15:49:01.465,92.599912,0.000000,0.000000,0.000000,0.343419,-0.376042,-0.222852,0.143090,-0.367148,-0.226540,0.243255,-0.371595,-0.224696,0.215503,-0.413229,-0.189662,0.241058,-0.413108,-0.126965,0.269130,-0.407566,-0.187836
2026-07-29 15:49:01.565,92.699912,0.000000,0.000000,0.000000,0.341588,-0.368850,-0.221493,0.141553,-0.359959,-0.225177,0.241570,-0.364405,-0.223335,0.213868,-0.404009,-0.188425,0.239392,-0.404876,-0.124976,0.267578,-0.398347,-0.186596
2026-07-29 15:49:01.665,92.799911,0.000000,0.000000,0.000000,0.342818,-0.375003,-0.222449,0.142681,-0.365097,-0.226222,0.242749,-0.370050,-0.224335,0.215098,-0.410162,-0.189381,0.240665,-0.410010,-0.125870,0.268720,-0.405515,-0.187517
2026-07-29 15:49:01.765,92.899911,0.000000,0.000000,0.000000,0.343432,-0.378080,-0.222926,0.143397,-0.369188,-0.226611,0.243414,-0.373634,-0.224768,0.215708,-0.414254,-0.189821,0.241253,-0.413058,-0.125631,0.269422,-0.407577,-0.188030
2026-07-29 15:49:01.865,92.999911,0.000000,0.000000,0.000000,0.342818,-0.375003,-0.222449,0.142883,-0.367127,-0.226044,0.242850,-0.371065,-0.224246,0.215094,-0.411178,-0.189343,0.240638,-0.409982,-0.125153,0.268807,-0.404500,-0.187552
2026-07-29 15:49:01.965,93.099911,0.000000,0.000000,0.000000,0.343432,-0.378080,-0.222926,0.143397,-0.369188,-0.226611,0.243414,-0.373634,-0.224768,0.215708,-0.414254,-0.189821,0.240552,-0.412005,-0.124878,0.269422,-0.407577,-0.188030
2026-07-29 15:49:02.065,93.199911,0.000000,0.000000,0.000000,0.342613,-0.373978,-0.222289,0.142577,-0.365086,-0.225974,0.242595,-0.369532,-0.224132,0.214889,-0.410152,-0.189184,0.239732,-0.407904,-0.124241,0.268515,-0.404490,-0.187358
2026-07-29 15:49:02.165,93.299911,0.000000,0.000000,0.000000,0.342600,-0.371940,-0.222215,0.142271,-0.363046,-0.225903,0.242435,-0.367493,-0.224059,0.214684,-0.409127,-0.189025,0.239485,-0.407898,-0.124145,0.268310,-0.403465,-0.187199
2026-07-29 15:49:02.265,93.399911,0.000000,0.000000,0.000000,0.342626,-0.376016,-0.222364,0.142782,-0.366112,-0.226133,0.242704,-0.371064,-0.224249,0.215094,-0.411178,-0.189343,0.239937,-0.408929,-0.124400,0.268807,-0.404500,-0.187552
2026-07-29 15:49:02.365,93.499911,0.000000,0.000000,0.000000,0.342613,-0.373978,-0.222289,0.142577,-0.365086,-0.225974,0.242595,-0.369532,-0.224132,0.214893,-0.409136,-0.189222,0.238988,-0.407870,-0.123550,0.268515,-0.404490,-0.187358
2026-07-29 15:49:02.465,93.599911,0.000000,0.000000,0.000000,0.341998,-0.370901,-0.221812,0.141861,-0.360995,-0.225585,0.241930,-0.365948,-0.223698,0.214274,-0.407076,-0.188706,0.238373,-0.404794,-0.123073,0.267901,-0.401414,-0.186880
2026-07-29 15:49:02.565,93.699911,0.000000,0.000000,0.000000,0.341998,-0.370901,-0.221812,0.141861,-0.360995,-0.225585,0.241930,-0.365948,-0.223698,0.214276,-0.406568,-0.188725,0.238373,-0.404794,-0.123073,0.267901,-0.401414,-0.186880
2026-07-29 15:49:02.665,93.799911,0.000000,0.000000,0.000000,0.342818,-0.375003,-0.222449,0.142782,-0.366112,-0.226133,0.242800,-0.370557,-0.224291,0.215094,-0.411178,-0.189343,0.238515,-0.407870,-0.123673,0.268807,-0.404500,-0.187552
2026-07-29 15:49:02.765,93.899910,0.000000,0.000000,0.000000,0.343432,-0.378080,-0.222926,0.143397,-0.369188,-0.226611,0.243414,-0.373634,-0.224768,0.215708,-0.414254,-0.189821,0.239062,-0.411938,-0.123497,0.269335,-0.408592,-0.187995
2026-07-29 15:49:02.865,93.999910,0.000000,0.000000,0.000000,0.336095,-0.374619,-0.241799,0.136121,-0.361736,-0.245040,0.236108,-0.368178,-0.243419,0.207246,-0.410336,-0.209831,0.229928,-0.410879,-0.144099,0.261129,-0.405049,-0.208413
2026-07-29 15:49:02.965,94.099910,0.000000,0.000000,0.000000,0.343009,-0.373991,-0.222533,0.142782,-0.366112,-0.226133,0.242896,-0.370051,-0.224333,0.215094,-0.411178,-0.189343,0.237730,-0.408856,-0.123047,0.268720,-0.405515,-0.187517
2026-07-29 15:49:03.065,94.199910,0.000000,0.000000,0.000000,0.342818,-0.375003,-0.222449,0.142782,-0.366112,-0.226133,0.242800,-0.370557,-0.224291,0.215094,-0.411178,-0.189343,0.237730,-0.408856,-0.123047,0.268720,-0.405515,-0.187517
2026-07-29 15:49:03.165,94.299910,0.000000,0.000000,0.000000,0.343624,-0.377067,-0.223011,0.143295,-0.368173,-0.226699,0.243460,-0.372620,-0.224855,0.215708,-0.414254,-0.189821,0.238345,-0.411933,-0.123524,0.269422,-0.407577,-0.188030
2026-07-29 15:49:03.265,94.399910,0.000000,0.000000,0.000000,0.343009,-0.373991,-0.222533,0.142681,-0.365097,-0.226222,0.242845,-0.369544,-0.224377,0.215085,-0.413209,-0.189268,0.237690,-0.409876,-0.123112,0.268720,-0.405515,-0.187517
2026-07-29 15:49:03.365,94.499910,0.000000,0.000000,0.000000,0.344239,-0.380144,-0.223488,0.144011,-0.372265,-0.227088,0.244125,-0.376204,-0.225288,0.216323,-0.417330,-0.190299,0.238920,-0.416028,-0.124068,0.269949,-0.411668,-0.188473
2026-07-29 15:49:03.465,94.599910,0.000000,0.000000,0.000000,0.344239,-0.380144,-0.223488,0.143910,-0.371250,-0.227177,0.244074,-0.375697,-0.225333,0.216323,-0.417330,-0.190299,0.238959,-0.415009,-0.124002,0.269949,-0.411668,-0.188473
2026-07-29 15:49:03.565,94.699910,0.000000,0.000000,0.000000,0.343842,-0.380130,-0.223245,0.143908,-0.372254,-0.226840,0.243875,-0.376192,-0.225043,0.216118,-0.416305,-0.190139,0.238754,-0.413983,-0.123843,0.269745,-0.410643,-0.188314
2026-07-29 15:49:03.665,94.799910,0.000000,0.000000,0.000000,0.342057,-0.374997,-0.222478,0.142782,-0.366112,-0.226133,0.242420,-0.370554,-0.224305,0.215090,-0.412194,-0.189305,0.237730,-0.408856,-0.123047,0.268720,-0.405515,-0.187517
2026-07-29 15:49:03.765,94.899909,0.000000,0.000000,0.000000,0.343419,-0.376042,-0.222852,0.143090,-0.367148,-0.226540,0.243255,-0.371595,-0.224696,0.215499,-0.414244,-0.189624,0.237384,-0.411921,-0.123458,0.269130,-0.407566,-0.187836
2026-07-29 15:49:03.865,94.999909,0.000000,0.000000,0.000000,0.343227,-0.377054,-0.222767,0.143192,-0.368163,-0.226451,0.243210,-0.372608,-0.224609,0.214756,-0.414211,-0.188934,0.236603,-0.412907,-0.122835,0.269217,-0.406551,-0.187870
2026-07-29 15:49:03.965,95.099909,0.000000,0.000000,0.000000,0.342818,-0.375003,-0.222449,0.142782,-0.366112,-0.226133,0.242800,-0.370557,-0.224291,0.214343,-0.413176,-0.188579,0.236193,-0.410856,-0.122517,0.268720,-0.405515,-0.187517
2026-07-29 15:49:04.065,95.199909,0.000000,0.000000,0.000000,0.342408,-0.372952,-0.222130,0.142271,-0.363046,-0.225903,0.242339,-0.367999,-0.224017,0.213936,-0.410109,-0.188297,0.235773,-0.409852,-0.122980,0.268223,-0.404480,-0.187164
2026-07-29 15:49:04.165,95.299909,0.000000,0.000000,0.000000,0.343009,-0.373991,-0.222533,0.142782,-0.366112,-0.226133,0.242896,-0.370051,-0.224333,0.214349,-0.411144,-0.188653,0.236183,-0.411903,-0.123298,0.268720,-0.405515,-0.187517
2026-07-29 15:49:04.265,95.399909,0.000000,0.000000,0.000000,0.342613,-0.373978,-0.222289,0.142577,-0.365086,-0.225974,0.242595,-0.369532,-0.224132,0.214138,-0.412151,-0.188420,0.235978,-0.410878,-0.123139,0.268602,-0.403475,-0.187393
2026-07-29 15:49:04.365,95.499909,0.000000,0.000000,0.000000,0.343419,-0.376042,-0.222852,0.143090,-0.367148,-0.226540,0.243255,-0.371595,-0.224696,0.214756,-0.414211,-0.188934,0.236694,-0.411943,-0.124202,0.269130,-0.407566,-0.187836
2026-07-29 15:49:04.465,95.599909,0.000000,0.000000,0.000000,0.343637,-0.379105,-0.223086,0.143703,-0.371229,-0.226681,0.243670,-0.375167,-0.224883,0.215193,-0.416290,-0.189970,0.237104,-0.413994,-0.124521,0.269540,-0.409617,-0.188154
2026-07-29 15:49:04.565,95.699909,0.000000,0.000000,0.000000,0.343009,-0.373991,-0.222533,0.142782,-0.366112,-0.226133,0.242896,-0.370051,-0.224333,0.214373,-0.412188,-0.189333,0.236312,-0.409920,-0.124601,0.268720,-0.405515,-0.187517
2026-07-29 15:49:04.665,95.799909,0.000000,0.000000,0.000000,0.342658,-0.376036,-0.222881,0.143293,-0.369178,-0.226363,0.242976,-0.372607,-0.224622,0.214786,-0.413223,-0.189689,0.237504,-0.410984,-0.125547,0.269217,-0.406551,-0.187870
2026-07-29 15:49:04.765,95.899909,0.000000,0.000000,0.000000,0.343445,-0.380117,-0.223001,0.143601,-0.370214,-0.226770,0.243523,-0.375166,-0.224886,0.215193,-0.416290,-0.189970,0.237864,-0.415102,-0.126705,0.269540,-0.409617,-0.188154
2026-07-29 15:49:04.865,95.999908,0.000000,0.000000,0.000000,0.343227,-0.377054,-0.222767,0.143192,-0.368163,-0.226451,0.243210,-0.372608,-0.224609,0.214783,-0.414239,-0.189651,0.237493,-0.412032,-0.126326,0.269130,-0.407566,-0.187836
2026-07-29 15:49:04.965,96.099908,0.000000,0.000000,0.000000,0.342613,-0.373978,-0.222289,0.142577,-0.365086,-0.225974,0.242595,-0.369532,-0.224132,0.214171,-0.410146,-0.189211,0.236905,-0.408983,-0.126565,0.268515,-0.404490,-0.187358
2026-07-29 15:49:05.065,96.199908,0.000000,0.000000,0.000000,0.343842,-0.380130,-0.223245,0.143705,-0.370224,-0.227018,0.243773,-0.375177,-0.225131,0.215397,-0.417315,-0.190129,0.238878,-0.415169,-0.128210,0.269745,-0.410643,-0.188314
2026-07-29 15:49:05.165,96.299908,0.000000,0.000000,0.000000,0.343842,-0.380130,-0.223245,0.143806,-0.371239,-0.226929,0.243824,-0.375685,-0.225087,0.215400,-0.416299,-0.190167,0.238985,-0.413158,-0.128811,0.269658,-0.411658,-0.188279
2026-07-29 15:49:05.265,96.399908,0.000000,0.000000,0.000000,0.343227,-0.377054,-0.222767,0.143192,-0.368163,-0.226451,0.243210,-0.372608,-0.224609,0.214783,-0.414239,-0.189651,0.238291,-0.412121,-0.128449,0.269086,-0.408074,-0.187818
2026-07-29 15:49:05.365,96.499908,0.000000,0.000000,0.000000,0.343022,-0.376029,-0.222608,0.142987,-0.367137,-0.226292,0.243005,-0.371583,-0.224450,0.214578,-0.413213,-0.189492,0.238911,-0.409090,-0.128866,0.268925,-0.406541,-0.187677
2026-07-29 15:49:05.465,96.599908,0.000000,0.000000,0.000000,0.343637,-0.379105,-0.223086,0.143601,-0.370214,-0.226770,0.243619,-0.374659,-0.224928,0.215196,-0.415274,-0.190008,0.239431,-0.415252,-0.130229,0.269453,-0.410633,-0.188120
2026-07-29 15:49:05.565,96.699908,0.000000,0.000000,0.000000,0.342408,-0.372952,-0.222130,0.142372,-0.364061,-0.225814,0.242390,-0.368507,-0.223972,0.213966,-0.409121,-0.189052,0.238229,-0.409127,-0.129989,0.268223,-0.404480,-0.187164
2026-07-29 15:49:05.665,96.799908,0.000000,0.000000,0.000000,0.342686,-0.380111,-0.223030,0.143703,-0.371229,-0.226681,0.243195,-0.375670,-0.224856,0.215196,-0.415274,-0.190008,0.239499,-0.414260,-0.130890,0.269540,-0.409617,-0.188154
2026-07-29 15:49:05.765,96.899908,0.000000,0.000000,0.000000,0.343227,-0.377054,-0.222767,0.143192,-0.368163,-0.226451,0.243210,-0.372608,-0.224609,0.214786,-0.413223,-0.189689,0.239763,-0.413234,-0.130599,0.269130,-0.407566,-0.187836
2026-07-29 15:49:05.865,96.999907,0.000000,0.000000,0.000000,0.342203,-0.371927,-0.221971,0.142167,-0.363035,-0.225655,0.242185,-0.367481,-0.223813,0.213761,-0.408095,-0.188893,0.238724,-0.409154,-0.130572,0.268105,-0.402439,-0.187040
2026-07-29 15:49:05.965,97.099907,0.000000,0.000000,0.000000,0.342818,-0.375003,-0.222449,0.142782,-0.366112,-0.226133,0.242800,-0.370557,-0.224291,0.214376,-0.411172,-0.189371,0.239339,-0.412230,-0.131049,0.267996,-0.405510,-0.187545
2026-07-29 15:49:06.065,97.199907,0.000000,0.000000,0.000000,0.343227,-0.377054,-0.222767,0.143192,-0.368163,-0.226451,0.243210,-0.372608,-0.224609,0.214789,-0.412207,-0.189727,0.239749,-0.414281,-0.131368,0.268320,-0.408576,-0.187829
2026-07-29 15:49:06.165,97.299907,0.000000,0.000000,0.000000,0.343829,-0.378093,-0.223170,0.143601,-0.370214,-0.226770,0.243715,-0.374153,-0.224970,0.215196,-0.415274,-0.190008,0.240829,-0.417357,-0.131712,0.268815,-0.409611,-0.188182
2026-07-29 15:49:06.265,97.399907,0.000000,0.000000,0.000000,0.343227,-0.377054,-0.222767,0.143090,-0.367148,-0.226540,0.243159,-0.372101,-0.224654,0.214786,-0.413223,-0.189689,0.240447,-0.415333,-0.132107,0.268406,-0.407561,-0.187864
2026-07-29 15:49:06.365,97.499907,0.000000,0.000000,0.000000,0.335732,-0.372577,-0.241378,0.135758,-0.359694,-0.244618,0.235745,-0.366136,-0.242998,0.206939,-0.407271,-0.210115,0.232564,-0.411883,-0.152513,0.259849,-0.405001,-0.208777
2026-07-29 15:49:06.465,97.599907,0.000000,0.000000,0.000000,0.342408,-0.372952,-0.222130,0.142372,-0.364061,-0.225814,0.242390,-0.368507,-0.223972,0.214688,-0.408111,-0.189062,0.240385,-0.410218,-0.131391,0.267528,-0.404502,-0.187915
2026-07-29 15:49:06.565,97.699907,0.000000,0.000000,0.000000,0.342408,-0.372952,-0.222130,0.142372,-0.364061,-0.225814,0.242390,-0.368507,-0.223972,0.214688,-0.408111,-0.189062,0.240385,-0.410218,-0.131391,0.267586,-0.403459,-0.187227
2026-07-29 15:49:06.665,97.799907,0.000000,0.000000,0.000000,0.343432,-0.378080,-0.222926,0.143397,-0.369188,-0.226611,0.243414,-0.373634,-0.224768,0.215708,-0.414254,-0.189821,0.242169,-0.414332,-0.132107,0.268552,-0.409629,-0.188712
2026-07-29 15:49:06.765,97.899907,0.000000,0.000000,0.000000,0.343022,-0.376029,-0.222608,0.143088,-0.368152,-0.226203,0.243055,-0.372090,-0.224406,0.215303,-0.411187,-0.189540,0.241877,-0.410271,-0.132402,0.268228,-0.406563,-0.188429
2026-07-29 15:49:06.865,97.999907,0.000000,0.000000,0.000000,0.342057,-0.374997,-0.222478,0.142782,-0.366112,-0.226133,0.242420,-0.370554,-0.224305,0.215102,-0.409146,-0.189419,0.242390,-0.409252,-0.132215,0.267938,-0.406553,-0.188234
2026-07-29 15:49:06.965,98.099906,0.000000,0.000000,0.000000,0.343009,-0.373991,-0.222533,0.142782,-0.366112,-0.226133,0.242896,-0.370051,-0.224333,0.215098,-0.410162,-0.189381,0.242390,-0.409252,-0.132215,0.267938,-0.406553,-0.188234
2026-07-29 15:49:07.065,98.199906,0.000000,0.000000,0.000000,0.343829,-0.378093,-0.223170,0.143601,-0.370214,-0.226770,0.243715,-0.374153,-0.224970,0.215921,-0.413248,-0.190056,0.244002,-0.412368,-0.133493,0.268757,-0.410655,-0.188871
2026-07-29 15:49:07.165,98.299906,0.000000,0.000000,0.000000,0.343227,-0.377054,-0.222767,0.143192,-0.368163,-0.226451,0.243210,-0.372608,-0.224609,0.215508,-0.412213,-0.189699,0.243640,-0.409298,-0.133124,0.268433,-0.407589,-0.188588
2026-07-29 15:49:07.265,98.399906,0.000000,0.000000,0.000000,0.343227,-0.377054,-0.222767,0.143090,-0.367148,-0.226540,0.243159,-0.372101,-0.224654,0.216232,-0.411202,-0.189710,0.244339,-0.410351,-0.133866,0.267709,-0.407583,-0.188616
2026-07-29 15:49:07.365,98.499906,0.000000,0.000000,0.000000,0.342658,-0.376036,-0.222881,0.143192,-0.368163,-0.226451,0.242925,-0.372099,-0.224666,0.216232,-0.411202,-0.189710,0.244388,-0.409332,-0.133817,0.267793,-0.406567,-0.188652
2026-07-29 15:49:07.465,98.599906,0.000000,0.000000,0.000000,0.342818,-0.375003,-0.222449,0.142782,-0.366112,-0.226133,0.242800,-0.370557,-0.224291,0.215822,-0.409152,-0.189391,0.244675,-0.408333,-0.134239,0.267299,-0.405532,-0.188297
2026-07-29 15:49:07.565,98.699906,0.000000,0.000000,0.000000,0.343637,-0.379105,-0.223086,0.143601,-0.370214,-0.226770,0.243619,-0.374659,-0.224928,0.216647,-0.412237,-0.190066,0.245495,-0.412435,-0.134876,0.268118,-0.409634,-0.188934
2026-07-29 15:49:07.665,98.799906,0.000000,0.000000,0.000000,0.342408,-0.372952,-0.222130,0.142372,-0.364061,-0.225814,0.242390,-0.368507,-0.223972,0.215412,-0.407101,-0.189073,0.245063,-0.405297,-0.134565,0.266974,-0.402466,-0.188015
2026-07-29 15:49:07.765,98.899906,0.000000,0.000000,0.000000,0.343227,-0.377054,-0.222767,0.143192,-0.368163,-0.226451,0.243210,-0.372608,-0.224609,0.216951,-0.411208,-0.189682,0.245831,-0.410418,-0.135249,0.267709,-0.407583,-0.188616
2026-07-29 15:49:07.865,98.999906,0.000000,0.000000,0.000000,0.342818,-0.375003,-0.222449,0.142782,-0.366112,-0.226133,0.242800,-0.370557,-0.224291,0.216542,-0.409157,-0.189363,0.246167,-0.408401,-0.135622,0.267299,-0.405532,-0.188297
2026-07-29 15:49:07.965,99.099905,0.000000,0.000000,0.000000,0.342203,-0.371927,-0.221971,0.142167,-0.363035,-0.225655,0.242185,-0.367481,-0.223813,0.215927,-0.406081,-0.188886,0.245685,-0.403315,-0.135774,0.266684,-0.402455,-0.187820
2026-07-29 15:49:08.065,99.199905,0.000000,0.000000,0.000000,0.343022,-0.376029,-0.222608,0.142987,-0.367137,-0.226292,0.243005,-0.371583,-0.224450,0.216747,-0.410183,-0.189523,0.247225,-0.407423,-0.136383,0.267504,-0.406557,-0.188457
2026-07-29 15:49:08.165,99.299905,0.000000,0.000000,0.000000,0.342626,-0.376016,-0.222364,0.142782,-0.366112,-0.226133,0.242704,-0.371064,-0.224249,0.217262,-0.409163,-0.189336,0.246941,-0.408462,-0.137033,0.267299,-0.405532,-0.188297
2026-07-29 15:49:08.265,99.399905,0.000000,0.000000,0.000000,0.342818,-0.375003,-0.222449,0.142681,-0.365097,-0.226222,0.242749,-0.370050,-0.224335,0.217262,-0.409163,-0.189336,0.247741,-0.407477,-0.137682,0.267341,-0.405024,-0.188315
2026-07-29 15:49:08.365,99.499905,0.000000,0.000000,0.000000,0.342877,-0.379099,-0.223115,0.143601,-0.370214,-0.226770,0.243239,-0.374656,-0.224942,0.218081,-0.413265,-0.189973,0.248588,-0.411607,-0.139039,0.268146,-0.409662,-0.189659
2026-07-29 15:49:08.465,99.599905,0.000000,0.000000,0.000000,0.343227,-0.377054,-0.222767,0.143090,-0.367148,-0.226540,0.243159,-0.372101,-0.224654,0.217679,-0.410198,-0.189692,0.248233,-0.408537,-0.138679,0.267821,-0.406595,-0.189378
2026-07-29 15:49:08.565,99.699905,0.000000,0.000000,0.000000,0.343082,-0.380124,-0.223274,0.143806,-0.371239,-0.226929,0.243444,-0.375682,-0.225102,0.218286,-0.414291,-0.190132,0.249596,-0.411647,-0.139850,0.268436,-0.409672,-0.189855
2026-07-29 15:49:08.665,99.799905,0.000000,0.000000,0.000000,0.341853,-0.373972,-0.222319,0.142577,-0.365086,-0.225974,0.242215,-0.369529,-0.224146,0.217777,-0.408144,-0.189149,0.248367,-0.405495,-0.138895,0.267122,-0.404534,-0.188863
2026-07-29 15:49:08.765,99.899905,0.000000,0.000000,0.000000,0.343227,-0.377054,-0.222767,0.143192,-0.368163,-0.226451,0.243210,-0.372608,-0.224609,0.218391,-0.411220,-0.189627,0.249009,-0.408599,-0.140094,0.267095,-0.406590,-0.189405
2026-07-29 15:49:08.865,99.999905,0.000000,0.000000,0.000000,0.342203,-0.371927,-0.221971,0.142167,-0.363035,-0.225655,0.242185,-0.367481,-0.223813,0.217390,-0.406628,-0.189531,0.247985,-0.403472,-0.139298,0.266071,-0.401462,-0.188609
2026-07-29 15:49:08.965,100.099905,0.000000,0.000000,0.000000,0.341633,-0.370908,-0.222084,0.142167,-0.363035,-0.225655,0.241900,-0.366972,-0.223870,0.217394,-0.406120,-0.189551,0.248012,-0.403500,-0.140019,0.266071,-0.401462,-0.188609
2026-07-29 15:49:09.065,100.199904,0.000000,0.000000,0.000000,0.342203,-0.371927,-0.221971,0.142066,-0.362020,-0.225744,0.242134,-0.366974,-0.223857,0.217394,-0.406120,-0.189551,0.248068,-0.402481,-0.139981,0.266071,-0.401462,-0.188609
2026-07-29 15:49:09.165,100.299904,0.000000,0.000000,0.000000,0.343009,-0.373991,-0.222533,0.142782,-0.366112,-0.226133,0.242896,-0.370051,-0.224333,0.218017,-0.408181,-0.190067,0.248710,-0.405586,-0.141181,0.266769,-0.403523,-0.189124
2026-07-29 15:49:09.265,100.399904,0.000000,0.000000,0.000000,0.342613,-0.373978,-0.222289,0.142476,-0.364071,-0.226062,0.242544,-0.369025,-0.224176,0.217804,-0.408171,-0.189869,0.248505,-0.404560,-0.141022,0.266481,-0.403513,-0.188928
2026-07-29 15:49:09.365,100.499904,0.000000,0.000000,0.000000,0.341867,-0.376009,-0.222393,0.142782,-0.366112,-0.226133,0.242324,-0.371061,-0.224263,0.218738,-0.408187,-0.190040,0.248682,-0.406095,-0.141199,0.266686,-0.404539,-0.189087
2026-07-29 15:49:09.465,100.599904,0.000000,0.000000,0.000000,0.342672,-0.378073,-0.222956,0.143397,-0.369188,-0.226611,0.243034,-0.373631,-0.224783,0.219353,-0.411263,-0.190517,0.249269,-0.409680,-0.141696,0.267384,-0.406600,-0.189601
2026-07-29 15:49:09.565,100.699904,0.000000,0.000000,0.000000,0.342818,-0.375003,-0.222449,0.142782,-0.366112,-0.226133,0.242800,-0.370557,-0.224291,0.218009,-0.409197,-0.190029,0.248654,-0.406604,-0.141218,0.266769,-0.403523,-0.189124
2026-07-29 15:49:09.665,100.799904,0.000000,0.000000,0.000000,0.343022,-0.376029,-0.222608,0.142885,-0.366122,-0.226381,0.242954,-0.371075,-0.224494,0.218222,-0.409206,-0.190227,0.248859,-0.407629,-0.141377,0.266891,-0.405564,-0.189246
2026-07-29 15:49:09.765,100.899904,0.000000,0.000000,0.000000,0.343227,-0.377054,-0.222767,0.143090,-0.367148,-0.226540,0.243159,-0.372101,-0.224654,0.219148,-0.410238,-0.190358,0.249120,-0.407636,-0.141499,0.267095,-0.406590,-0.189405
2026-07-29 15:49:09.865,100.999904,0.000000,0.000000,0.000000,0.335698,-0.374609,-0.241555,0.135940,-0.360715,-0.244829,0.235819,-0.367662,-0.243192,0.210808,-0.406375,-0.210883,0.240765,-0.406959,-0.161949,0.258936,-0.402925,-0.209723
2026-07-29 15:49:09.965,101.099904,0.000000,0.000000,0.000000,0.342818,-0.375003,-0.222449,0.142782,-0.366112,-0.226133,0.242800,-0.370557,-0.224291,0.218729,-0.409203,-0.190001,0.248710,-0.405586,-0.141181,0.266686,-0.404539,-0.189087
2026-07-29 15:49:10.065,101.199903,0.000000,0.000000,0.000000,0.342057,-0.374997,-0.222478,0.142782,-0.366112,-0.226133,0.242420,-0.370554,-0.224305,0.218017,-0.408181,-0.190067,0.248654,-0.406604,-0.141218,0.266769,-0.403523,-0.189124
2026-07-29 15:49:10.165,101.299903,0.000000,0.000000,0.000000,0.342818,-0.375003,-0.222449,0.142782,-0.366112,-0.226133,0.242800,-0.370557,-0.224291,0.218738,-0.408187,-0.190040,0.248654,-0.406604,-0.141218,0.266769,-0.403523,-0.189124
2026-07-29 15:49:10.265,101.399903,0.000000,0.000000,0.000000,0.342818,-0.375003,-0.222449,0.142681,-0.365097,-0.226222,0.242749,-0.370050,-0.224335,0.218009,-0.409197,-0.190029,0.248682,-0.406632,-0.141939,0.266686,-0.404539,-0.189087
2026-07-29 15:49:10.365,101.499903,0.000000,0.000000,0.000000,0.342613,-0.373978,-0.222289,0.142577,-0.365086,-0.225974,0.242595,-0.369532,-0.224132,0.217804,-0.408171,-0.189869,0.248477,-0.405606,-0.141780,0.266481,-0.403513,-0.188928
2026-07-29 15:49:10.465,101.599903,0.000000,0.000000,0.000000,0.343227,-0.377054,-0.222767,0.143090,-0.367148,-0.226540,0.243159,-0.372101,-0.224654,0.219138,-0.411254,-0.190320,0.249091,-0.408683,-0.142258,0.267179,-0.405574,-0.189442
2026-07-29 15:49:10.565,101.699903,0.000000,0.000000,0.000000,0.335118,-0.373577,-0.241100,0.135500,-0.357653,-0.244446,0.235309,-0.365615,-0.242773,0.209692,-0.405324,-0.210502,0.240349,-0.405923,-0.162338,0.258465,-0.401896,-0.209317
2026-07-29 15:49:10.665,101.799903,0.000000,0.000000,0.000000,0.343227,-0.377054,-0.222767,0.143192,-0.368163,-0.226451,0.243210,-0.372608,-0.224609,0.218419,-0.411248,-0.190347,0.248370,-0.408677,-0.142285,0.267095,-0.406590,-0.189405
2026-07-29 15:49:10.765,101.899903,0.000000,0.000000,0.000000,0.342818,-0.375003,-0.222449,0.142681,-0.365097,-0.226222,0.242749,-0.370050,-0.224335,0.218009,-0.409197,-0.190029,0.248016,-0.405608,-0.141931,0.266686,-0.404539,-0.189087
2026-07-29 15:49:10.865,101.999903,0.000000,0.000000,0.000000,0.342072,-0.377035,-0.222553,0.143088,-0.368152,-0.226203,0.242580,-0.372594,-0.224378,0.218214,-0.410222,-0.190188,0.248193,-0.407679,-0.142847,0.266891,-0.405564,-0.189246
2026-07-29 15:49:10.965,102.099903,0.000000,0.000000,0.000000,0.342203,-0.371927,-0.221971,0.142167,-0.363035,-0.225655,0.242185,-0.367481,-0.223813,0.217403,-0.405105,-0.189590,0.247373,-0.403577,-0.142210,0.266155,-0.400447,-0.188646
2026-07-29 15:49:11.065,102.199903,0.000000,0.000000,0.000000,0.342613,-0.373978,-0.222289,0.142577,-0.365086,-0.225974,0.242595,-0.369532,-0.224132,0.217813,-0.407156,-0.189908,0.247062,-0.405622,-0.142557,0.266523,-0.403006,-0.188946
2026-07-29 15:49:11.165,102.299902,0.000000,0.000000,0.000000,0.343227,-0.377054,-0.222767,0.143192,-0.368163,-0.226451,0.243210,-0.372608,-0.224609,0.218427,-0.410232,-0.190386,0.247623,-0.409717,-0.143069,0.267179,-0.405574,-0.189442
2026-07-29 15:49:11.265,102.399902,0.000000,0.000000,0.000000,0.342818,-0.375003,-0.222449,0.142681,-0.365097,-0.226222,0.242749,-0.370050,-0.224335,0.218729,-0.409203,-0.190001,0.247267,-0.406648,-0.142716,0.266686,-0.404539,-0.189087
2026-07-29 15:49:11.365,102.499902,0.000000,0.000000,0.000000,0.343068,-0.378087,-0.223199,0.143601,-0.370214,-0.226770,0.243335,-0.374150,-0.224984,0.219558,-0.412289,-0.190677,0.248087,-0.410750,-0.143353,0.266780,-0.408635,-0.189752
2026-07-29 15:49:11.465,102.599902,0.000000,0.000000,0.000000,0.343227,-0.377054,-0.222767,0.143192,-0.368163,-0.226451,0.243210,-0.372608,-0.224609,0.219148,-0.410238,-0.190358,0.247677,-0.408699,-0.143034,0.266453,-0.405569,-0.189470
2026-07-29 15:49:11.565,102.699902,0.000000,0.000000,0.000000,0.342203,-0.371927,-0.221971,0.142167,-0.363035,-0.225655,0.242185,-0.367481,-0.223813,0.218124,-0.405110,-0.189562,0.246598,-0.404590,-0.142273,0.265428,-0.400441,-0.188674
2026-07-29 15:49:11.665,102.799902,0.000000,0.000000,0.000000,0.343009,-0.373991,-0.222533,0.142782,-0.366112,-0.226133,0.242896,-0.370051,-0.224333,0.218738,-0.408187,-0.190040,0.247213,-0.407666,-0.142751,0.266043,-0.403518,-0.189152
2026-07-29 15:49:11.765,102.899902,0.000000,0.000000,0.000000,0.341648,-0.372946,-0.222159,0.142372,-0.364061,-0.225814,0.242010,-0.368503,-0.223987,0.218338,-0.405120,-0.189760,0.246857,-0.404597,-0.142397,0.265633,-0.401467,-0.188833
2026-07-29 15:49:11.865,102.999902,0.000000,0.000000,0.000000,0.343227,-0.377054,-0.222767,0.143192,-0.368163,-0.226451,0.243210,-0.372608,-0.224609,0.219148,-0.410238,-0.190358,0.247677,-0.408699,-0.143034,0.266453,-0.405569,-0.189470
2026-07-29 15:49:11.965,103.099902,0.000000,0.000000,0.000000,0.342203,-0.371927,-0.221971,0.142167,-0.363035,-0.225655,0.242185,-0.367481,-0.223813,0.218124,-0.405110,-0.189562,0.246652,-0.403572,-0.142238,0.265428,-0.400441,-0.188674
2026-07-29 15:49:12.065,103.199902,0.000000,0.000000,0.000000,0.343227,-0.377054,-0.222767,0.143192,-0.368163,-0.226451,0.243210,-0.372608,-0.224609,0.219148,-0.410238,-0.190358,0.247649,-0.408671,-0.142313,0.266370,-0.406584,-0.189433
2026-07-29 15:49:12.165,103.299901,0.000000,0.000000,0.000000,0.343036,-0.378066,-0.222683,0.143192,-0.368163,-0.226451,0.243114,-0.373115,-0.224567,0.219148,-0.410238,-0.190358,0.247649,-0.408671,-0.142313,0.266453,-0.405569,-0.189470
2026-07-29 15:49:12.265,103.399901,0.000000,0.000000,0.000000,0.343624,-0.377067,-0.223011,0.143397,-0.369188,-0.226611,0.243510,-0.373128,-0.224811,0.219363,-0.410247,-0.190556,0.247159,-0.408644,-0.141742,0.266657,-0.406594,-0.189629
2026-07-29 15:49:12.365,103.499901,0.000000,0.000000,0.000000,0.342043,-0.372959,-0.222403,0.142577,-0.365086,-0.225974,0.242310,-0.369023,-0.224188,0.218534,-0.407161,-0.189880,0.246312,-0.404515,-0.140382,0.265838,-0.402492,-0.188992
2026-07-29 15:49:12.465,103.599901,0.000000,0.000000,0.000000,0.342408,-0.372952,-0.222130,0.142372,-0.364061,-0.225814,0.242390,-0.368507,-0.223972,0.218338,-0.405120,-0.189760,0.246107,-0.403489,-0.140223,0.265633,-0.401467,-0.188833
2026-07-29 15:49:12.565,103.699901,0.000000,0.000000,0.000000,0.343227,-0.377054,-0.222767,0.143293,-0.369178,-0.226363,0.243260,-0.373116,-0.224565,0.219121,-0.410210,-0.189637,0.246177,-0.407557,-0.140165,0.266453,-0.405569,-0.189470
2026-07-29 15:49:12.665,103.799901,0.000000,0.000000,0.000000,0.342804,-0.372965,-0.222374,0.142678,-0.366101,-0.225885,0.242741,-0.369533,-0.224129,0.218543,-0.406146,-0.189919,0.244712,-0.406484,-0.139073,0.265893,-0.401449,-0.188301
2026-07-29 15:49:12.765,103.899901,0.000000,0.000000,0.000000,0.335879,-0.375629,-0.241765,0.136045,-0.360716,-0.245077,0.235962,-0.368173,-0.243421,0.210996,-0.406387,-0.210358,0.237226,-0.407888,-0.159405,0.258471,-0.402915,-0.209219
2026-07-29 15:49:12.865,103.999901,0.000000,0.000000,0.000000,0.343227,-0.377054,-0.222767,0.143192,-0.368163,-0.226451,0.243210,-0.372608,-0.224609,0.219131,-0.409194,-0.189674,0.244678,-0.407490,-0.138775,0.267235,-0.404531,-0.188751
2026-07-29 15:49:12.965,104.099901,0.000000,0.000000,0.000000,0.343227,-0.377054,-0.222767,0.143293,-0.369178,-0.226363,0.243260,-0.373116,-0.224565,0.219131,-0.409194,-0.189674,0.244601,-0.408480,-0.138095,0.267235,-0.404531,-0.188751
2026-07-29 15:49:13.065,104.199901,0.000000,0.000000,0.000000,0.342395,-0.370914,-0.222055,0.142066,-0.362020,-0.225744,0.242230,-0.366467,-0.223900,0.218106,-0.404067,-0.188878,0.242876,-0.402301,-0.136562,0.266211,-0.399404,-0.187955
2026-07-29 15:49:13.165,104.299901,0.000000,0.000000,0.000000,0.342057,-0.374997,-0.222478,0.142579,-0.364082,-0.226311,0.242318,-0.369539,-0.224394,0.218748,-0.407171,-0.190078,0.243512,-0.404331,-0.136273,0.266825,-0.402480,-0.188433
2026-07-29 15:49:13.265,104.399900,0.000000,0.000000,0.000000,0.342613,-0.373978,-0.222289,0.142577,-0.365086,-0.225974,0.242595,-0.369532,-0.224132,0.218534,-0.407161,-0.189880,0.243259,-0.404324,-0.136158,0.266620,-0.401455,-0.188273
2026-07-29 15:49:13.365,104.499900,0.000000,0.000000,0.000000,0.341457,-0.373958,-0.222075,0.142372,-0.364061,-0.225814,0.241915,-0.369010,-0.223945,0.218348,-0.404104,-0.189798,0.242978,-0.404289,-0.135322,0.266416,-0.400429,-0.188114
2026-07-29 15:49:13.465,104.599900,0.000000,0.000000,0.000000,0.342262,-0.376022,-0.222637,0.142987,-0.367137,-0.226292,0.242625,-0.371580,-0.224465,0.218963,-0.407181,-0.190276,0.243566,-0.407338,-0.135079,0.267030,-0.403506,-0.188592
2026-07-29 15:49:13.565,104.699900,0.000000,0.000000,0.000000,0.342818,-0.375003,-0.222449,0.142782,-0.366112,-0.226133,0.242800,-0.370557,-0.224291,0.218748,-0.407171,-0.190078,0.243409,-0.405293,-0.134872,0.266825,-0.402480,-0.188433
2026-07-29 15:49:13.665,104.799900,0.000000,0.000000,0.000000,0.342203,-0.371927,-0.221971,0.142167,-0.363035,-0.225655,0.242185,-0.367481,-0.223813,0.218134,-0.404095,-0.189601,0.242719,-0.403208,-0.133720,0.266211,-0.399404,-0.187955
2026-07-29 15:49:13.765,104.899900,0.000000,0.000000,0.000000,0.343637,-0.379105,-0.223086,0.143500,-0.369199,-0.226859,0.243569,-0.374152,-0.224972,0.218846,-0.411267,-0.190743,0.244078,-0.411377,-0.134163,0.267728,-0.405567,-0.189105
2026-07-29 15:49:13.865,104.999900,0.000000,0.000000,0.000000,0.342203,-0.371927,-0.221971,0.142167,-0.363035,-0.225655,0.242185,-0.367481,-0.223813,0.217411,-0.404089,-0.189628,0.242596,-0.405218,-0.133097,0.266211,-0.399404,-0.187955
2026-07-29 15:49:13.965,105.099900,0.000000,0.000000,0.000000,0.341853,-0.373972,-0.222319,0.142577,-0.365086,-0.225974,0.242215,-0.369529,-0.224146,0.217821,-0.406140,-0.189947,0.242978,-0.407241,-0.132696,0.267348,-0.401461,-0.188246
2026-07-29 15:49:14.065,105.199900,0.000000,0.000000,0.000000,0.342408,-0.372952,-0.222130,0.142372,-0.364061,-0.225814,0.242390,-0.368507,-0.223972,0.216902,-0.404093,-0.189854,0.242821,-0.405196,-0.132487,0.267143,-0.400435,-0.188086
2026-07-29 15:49:14.165,105.299900,0.000000,0.000000,0.000000,0.343227,-0.377054,-0.222767,0.143192,-0.368163,-0.226451,0.243210,-0.372608,-0.224609,0.217714,-0.409210,-0.190452,0.243470,-0.412327,-0.132558,0.267963,-0.404537,-0.188723
2026-07-29 15:49:14.265,105.399899,0.000000,0.000000,0.000000,0.341443,-0.371921,-0.222000,0.142066,-0.362020,-0.225744,0.241754,-0.366971,-0.223872,0.216682,-0.405099,-0.189617,0.242421,-0.407709,-0.131787,0.266938,-0.399410,-0.187927
2026-07-29 15:49:14.365,105.499899,0.000000,0.000000,0.000000,0.343214,-0.375016,-0.222692,0.142987,-0.367137,-0.226292,0.243101,-0.371077,-0.224492,0.217494,-0.410216,-0.190215,0.244003,-0.410261,-0.131602,0.267758,-0.403512,-0.188564
2026-07-29 15:49:14.465,105.599899,0.000000,0.000000,0.000000,0.343637,-0.379105,-0.223086,0.143500,-0.369199,-0.226859,0.243569,-0.374152,-0.224972,0.218089,-0.412249,-0.190011,0.244520,-0.415375,-0.132184,0.269100,-0.406594,-0.189014
2026-07-29 15:49:14.565,105.699899,0.000000,0.000000,0.000000,0.343227,-0.377054,-0.222767,0.143090,-0.367148,-0.226540,0.243159,-0.372101,-0.224654,0.216979,-0.411236,-0.190402,0.244159,-0.412305,-0.131813,0.268605,-0.405558,-0.188660
2026-07-29 15:49:14.665,105.799899,0.000000,0.000000,0.000000,0.342057,-0.374997,-0.222478,0.142782,-0.366112,-0.226133,0.242420,-0.370554,-0.224305,0.216545,-0.408649,-0.189382,0.243700,-0.411273,-0.131547,0.268281,-0.402492,-0.188377
2026-07-29 15:49:14.765,105.899899,0.000000,0.000000,0.000000,0.342467,-0.377048,-0.222796,0.143192,-0.368163,-0.226451,0.242829,-0.372605,-0.224624,0.216972,-0.412252,-0.190363,0.244083,-0.413297,-0.131150,0.268605,-0.405558,-0.188660
2026-07-29 15:49:14.865,105.999899,0.000000,0.000000,0.000000,0.343227,-0.377054,-0.222767,0.143090,-0.367148,-0.226540,0.243159,-0.372101,-0.224654,0.216951,-0.411208,-0.189682,0.244132,-0.412278,-0.131097,0.268605,-0.405558,-0.188660
2026-07-29 15:49:14.965,106.099899,0.000000,0.000000,0.000000,0.342395,-0.370914,-0.222055,0.142167,-0.363035,-0.225655,0.242281,-0.366975,-0.223855,0.215954,-0.406109,-0.189606,0.243059,-0.408169,-0.130354,0.267580,-0.400431,-0.187863
2026-07-29 15:49:15.065,106.199899,0.000000,0.000000,0.000000,0.342203,-0.371927,-0.221971,0.142167,-0.363035,-0.225655,0.242185,-0.367481,-0.223813,0.215954,-0.406109,-0.189606,0.243010,-0.409188,-0.130408,0.267580,-0.400431,-0.187863
2026-07-29 15:49:15.165,106.299899,0.000000,0.000000,0.000000,0.341853,-0.373972,-0.222319,0.142678,-0.366101,-0.225885,0.242266,-0.370036,-0.224102,0.216364,-0.408160,-0.189924,0.243468,-0.410220,-0.130672,0.268076,-0.401466,-0.188218
2026-07-29 15:49:15.265,106.399899,0.000000,0.000000,0.000000,0.343227,-0.377054,-0.222767,0.143192,-0.368163,-0.226451,0.243210,-0.372608,-0.224609,0.216254,-0.412246,-0.190391,0.244083,-0.413297,-0.131150,0.268605,-0.405558,-0.188660
2026-07-29 15:49:15.365,106.499898,0.000000,0.000000,0.000000,0.342818,-0.375003,-0.222449,0.142782,-0.366112,-0.226133,0.242800,-0.370557,-0.224291,0.215854,-0.408164,-0.190150,0.243646,-0.411218,-0.130116,0.268195,-0.403507,-0.188341
2026-07-29 15:49:15.465,106.599898,0.000000,0.000000,0.000000,0.342216,-0.373965,-0.222046,0.142372,-0.364061,-0.225814,0.242294,-0.369013,-0.223930,0.215434,-0.408144,-0.189754,0.243285,-0.408148,-0.129743,0.268512,-0.401462,-0.187995
2026-07-29 15:49:15.565,106.699898,0.000000,0.000000,0.000000,0.335335,-0.372567,-0.241134,0.135577,-0.358674,-0.244408,0.235456,-0.365620,-0.242771,0.207563,-0.404235,-0.210572,0.235261,-0.409962,-0.150656,0.260613,-0.401978,-0.208508
2026-07-29 15:49:15.665,106.799898,0.000000,0.000000,0.000000,0.343009,-0.373991,-0.222533,0.142782,-0.366112,-0.226133,0.242896,-0.370051,-0.224333,0.215849,-0.409179,-0.190111,0.242931,-0.411212,-0.130143,0.268835,-0.404528,-0.188278
2026-07-29 15:49:15.765,106.899898,0.000000,0.000000,0.000000,0.343227,-0.377054,-0.222767,0.143192,-0.368163,-0.226451,0.243210,-0.372608,-0.224609,0.216254,-0.412246,-0.190391,0.243293,-0.414282,-0.130516,0.269244,-0.406579,-0.188596
2026-07-29 15:49:15.865,106.999898,0.000000,0.000000,0.000000,0.343419,-0.376042,-0.222852,0.143192,-0.368163,-0.226451,0.243305,-0.372102,-0.224651,0.216259,-0.411230,-0.190430,0.243340,-0.413263,-0.130462,0.269244,-0.406579,-0.188596
2026-07-29 15:49:15.965,107.099898,0.000000,0.000000,0.000000,0.342831,-0.377041,-0.222524,0.142885,-0.366122,-0.226381,0.242858,-0.371582,-0.224452,0.216049,-0.411221,-0.190232,0.243136,-0.412238,-0.130303,0.269039,-0.405554,-0.188437
2026-07-29 15:49:16.065,107.199898,0.000000,0.000000,0.000000,0.342818,-0.375003,-0.222449,0.142782,-0.366112,-0.226133,0.242800,-0.370557,-0.224291,0.215849,-0.409179,-0.190111,0.242931,-0.411212,-0.130143,0.268835,-0.404528,-0.188278
2026-07-29 15:49:16.165,107.299898,0.000000,0.000000,0.000000,0.343022,-0.376029,-0.222608,0.142987,-0.367137,-0.226292,0.243005,-0.371583,-0.224450,0.216049,-0.411221,-0.190232,0.243136,-0.412238,-0.130303,0.269039,-0.405554,-0.188437
2026-07-29 15:49:16.265,107.399898,0.000000,0.000000,0.000000,0.343227,-0.377054,-0.222767,0.143192,-0.368163,-0.226451,0.243210,-0.372608,-0.224609,0.216254,-0.412246,-0.190391,0.242579,-0.414276,-0.130544,0.269244,-0.406579,-0.188596
2026-07-29 15:49:16.365,107.499897,0.000000,0.000000,0.000000,0.342818,-0.375003,-0.222449,0.142782,-0.366112,-0.226133,0.242800,-0.370557,-0.224291,0.215849,-0.409179,-0.190111,0.242215,-0.411206,-0.130171,0.268835,-0.404528,-0.188278
2026-07-29 15:49:16.465,107.599897,0.000000,0.000000,0.000000,0.342613,-0.373978,-0.222289,0.142577,-0.365086,-0.225974,0.242595,-0.369532,-0.224132,0.215639,-0.409170,-0.189913,0.241964,-0.411200,-0.130066,0.268630,-0.403503,-0.188118
2026-07-29 15:49:16.565,107.699897,0.000000,0.000000,0.000000,0.335914,-0.373598,-0.241588,0.136017,-0.361736,-0.244791,0.235965,-0.367667,-0.243190,0.207866,-0.408308,-0.211018,0.234085,-0.413475,-0.151290,0.260976,-0.404020,-0.208929
2026-07-29 15:49:16.665,107.799897,0.000000,0.000000,0.000000,0.342613,-0.373978,-0.222289,0.142577,-0.365086,-0.225974,0.242595,-0.369532,-0.224132,0.215644,-0.408154,-0.189952,0.242010,-0.410181,-0.130011,0.268543,-0.404518,-0.188083
2026-07-29 15:49:16.765,107.899897,0.000000,0.000000,0.000000,0.342818,-0.375003,-0.222449,0.142782,-0.366112,-0.226133,0.242800,-0.370557,-0.224291,0.215849,-0.409179,-0.190111,0.242215,-0.411206,-0.130171,0.268748,-0.405543,-0.188242
2026-07-29 15:49:16.865,107.999897,0.000000,0.000000,0.000000,0.335516,-0.373588,-0.241344,0.135758,-0.359694,-0.244618,0.235637,-0.366641,-0.242981,0.207685,-0.407288,-0.210807,0.233939,-0.411948,-0.151026,0.260683,-0.404013,-0.208734
2026-07-29 15:49:16.965,108.099897,0.000000,0.000000,0.000000,0.342613,-0.373978,-0.222289,0.142476,-0.364071,-0.226062,0.242544,-0.369025,-0.224176,0.215639,-0.409170,-0.189913,0.241983,-0.410153,-0.129296,0.268630,-0.403503,-0.188118
2026-07-29 15:49:17.065,108.199897,0.000000,0.000000,0.000000,0.343227,-0.377054,-0.222767,0.143192,-0.368163,-0.226451,0.243210,-0.372608,-0.224609,0.216254,-0.412246,-0.190391,0.242598,-0.413230,-0.129773,0.269244,-0.406579,-0.188596
2026-07-29 15:49:17.165,108.299897,0.000000,0.000000,0.000000,0.343432,-0.378080,-0.222926,0.143397,-0.369188,-0.226611,0.243414,-0.373634,-0.224768,0.216461,-0.412764,-0.190570,0.242756,-0.415274,-0.129988,0.269362,-0.408620,-0.188720
2026-07-29 15:49:17.265,108.399897,0.000000,0.000000,0.000000,0.343637,-0.379105,-0.223086,0.143601,-0.370214,-0.226770,0.243619,-0.374659,-0.224928,0.216663,-0.414297,-0.190709,0.243008,-0.415281,-0.130092,0.269567,-0.409645,-0.188879
2026-07-29 15:49:17.365,108.499897,0.000000,0.000000,0.000000,0.343036,-0.378066,-0.222683,0.143293,-0.369178,-0.226363,0.243164,-0.373622,-0.224523,0.215503,-0.413229,-0.189662,0.242551,-0.414249,-0.129829,0.269157,-0.407594,-0.188560
2026-07-29 15:49:17.465,108.599896,0.000000,0.000000,0.000000,0.343009,-0.373991,-0.222533,0.142681,-0.365097,-0.226222,0.242845,-0.369544,-0.224377,0.215125,-0.410189,-0.190100,0.242188,-0.411179,-0.129455,0.268835,-0.404528,-0.188278
2026-07-29 15:49:17.565,108.699896,0.000000,0.000000,0.000000,0.336458,-0.376661,-0.242220,0.136407,-0.362757,-0.245498,0.236433,-0.369709,-0.243859,0.208441,-0.410355,-0.211637,0.233852,-0.417028,-0.151287,0.261409,-0.408096,-0.209576
2026-07-29 15:49:17.665,108.799896,0.000000,0.000000,0.000000,0.343432,-0.378080,-0.222926,0.143295,-0.368173,-0.226699,0.243364,-0.373126,-0.224813,0.216459,-0.413272,-0.190550,0.242060,-0.414222,-0.129244,0.269362,-0.408620,-0.188720
2026-07-29 15:49:17.765,108.899896,0.000000,0.000000,0.000000,0.342408,-0.372952,-0.222130,0.142271,-0.363046,-0.225903,0.242339,-0.367999,-0.224017,0.215412,-0.407101,-0.189073,0.240945,-0.411133,-0.128562,0.268338,-0.403493,-0.187923
2026-07-29 15:49:17.865,108.999896,0.000000,0.000000,0.000000,0.343022,-0.376029,-0.222608,0.142987,-0.367137,-0.226292,0.243005,-0.371583,-0.224450,0.216054,-0.410205,-0.190271,0.241605,-0.413190,-0.128983,0.269039,-0.405554,-0.188437
2026-07-29 15:49:17.965,109.099896,0.000000,0.000000,0.000000,0.343227,-0.377054,-0.222767,0.143192,-0.368163,-0.226451,0.243210,-0.372608,-0.224609,0.216232,-0.411202,-0.189710,0.241833,-0.413706,-0.129114,0.269244,-0.406579,-0.188596
2026-07-29 15:49:18.065,109.199896,0.000000,0.000000,0.000000,0.342408,-0.372952,-0.222130,0.142372,-0.364061,-0.225814,0.242390,-0.368507,-0.223972,0.214688,-0.408111,-0.189062,0.240990,-0.410114,-0.128505,0.268425,-0.402477,-0.187959
2026-07-29 15:49:18.165,109.299896,0.000000,0.000000,0.000000,0.342408,-0.372952,-0.222130,0.142372,-0.364061,-0.225814,0.242390,-0.368507,-0.223972,0.215412,-0.407101,-0.189073,0.240990,-0.410114,-0.128505,0.268425,-0.402477,-0.187959
2026-07-29 15:49:18.265,109.399896,0.000000,0.000000,0.000000,0.343829,-0.378093,-0.223170,0.143601,-0.370214,-0.226770,0.243715,-0.374153,-0.224970,0.216641,-0.413253,-0.190028,0.242265,-0.415247,-0.129404,0.268929,-0.408624,-0.188942
2026-07-29 15:49:18.365,109.499896,0.000000,0.000000,0.000000,0.343214,-0.375016,-0.222692,0.142987,-0.367137,-0.226292,0.243101,-0.371077,-0.224492,0.216027,-0.410177,-0.189550,0.241650,-0.412171,-0.128926,0.269039,-0.405554,-0.188437
2026-07-29 15:49:18.465,109.599895,0.000000,0.000000,0.000000,0.342262,-0.376022,-0.222637,0.142987,-0.367137,-0.226292,0.242625,-0.371580,-0.224465,0.216027,-0.410177,-0.189550,0.241650,-0.412171,-0.128926,0.268228,-0.406563,-0.188429
2026-07-29 15:49:18.565,109.699895,0.000000,0.000000,0.000000,0.343432,-0.378080,-0.222926,0.143295,-0.368173,-0.226699,0.243364,-0.373126,-0.224813,0.216431,-0.413244,-0.189831,0.242033,-0.414194,-0.128529,0.269449,-0.407605,-0.188755
2026-07-29 15:49:18.665,109.799895,0.000000,0.000000,0.000000,0.342804,-0.372965,-0.222374,0.142577,-0.365086,-0.225974,0.242691,-0.369026,-0.224174,0.215614,-0.408634,-0.189213,0.240542,-0.409067,-0.127861,0.267904,-0.403497,-0.188146
2026-07-29 15:49:18.765,109.899895,0.000000,0.000000,0.000000,0.344239,-0.380144,-0.223488,0.144011,-0.372265,-0.227088,0.244125,-0.376204,-0.225288,0.217051,-0.415304,-0.190347,0.241932,-0.417265,-0.129034,0.269338,-0.410675,-0.189261
2026-07-29 15:49:18.865,109.999895,0.000000,0.000000,0.000000,0.342672,-0.378073,-0.222956,0.143295,-0.368173,-0.226699,0.242984,-0.373123,-0.224827,0.216436,-0.412228,-0.189869,0.241318,-0.414188,-0.128556,0.268696,-0.407571,-0.188057
2026-07-29 15:49:18.965,110.099895,0.000000,0.000000,0.000000,0.343637,-0.379105,-0.223086,0.143601,-0.370214,-0.226770,0.243619,-0.374659,-0.224928,0.216641,-0.413253,-0.190028,0.241567,-0.414195,-0.128657,0.268929,-0.408624,-0.188942
2026-07-29 15:49:19.065,110.199895,0.000000,0.000000,0.000000,0.343637,-0.379105,-0.223086,0.143601,-0.370214,-0.226770,0.243619,-0.374659,-0.224928,0.215917,-0.414264,-0.190018,0.241522,-0.415214,-0.128715,0.268929,-0.408624,-0.188942
2026-07-29 15:49:19.165,110.299895,0.000000,0.000000,0.000000,0.335879,-0.375629,-0.241765,0.136121,-0.361736,-0.245040,0.236000,-0.368683,-0.243403,0.208050,-0.408321,-0.210495,0.232789,-0.413964,-0.149353,0.260322,-0.406030,-0.209182
2026-07-29 15:49:19.265,110.399895,0.000000,0.000000,0.000000,0.343022,-0.376029,-0.222608,0.142987,-0.367137,-0.226292,0.243005,-0.371583,-0.224450,0.216027,-0.410177,-0.189550,0.240908,-0.412137,-0.128238,0.268314,-0.405548,-0.188465
2026-07-29 15:49:19.365,110.499895,0.000000,0.000000,0.000000,0.342818,-0.375003,-0.222449,0.142883,-0.367127,-0.226044,0.242850,-0.371065,-0.224246,0.215822,-0.409152,-0.189391,0.240730,-0.411140,-0.128794,0.268023,-0.405538,-0.188270
2026-07-29 15:49:19.465,110.599895,0.000000,0.000000,0.000000,0.342818,-0.375003,-0.222449,0.142782,-0.366112,-0.226133,0.242800,-0.370557,-0.224291,0.215822,-0.409152,-0.189391,0.240730,-0.411140,-0.128794,0.268109,-0.404522,-0.188305
2026-07-29 15:49:19.565,110.699894,0.000000,0.000000,0.000000,0.342818,-0.375003,-0.222449,0.142681,-0.365097,-0.226222,0.242749,-0.370050,-0.224335,0.215827,-0.408136,-0.189429,0.240686,-0.412159,-0.128851,0.268109,-0.404522,-0.188305
2026-07-29 15:49:19.665,110.799894,0.000000,0.000000,0.000000,0.342818,-0.375003,-0.222449,0.142782,-0.366112,-0.226133,0.242800,-0.370557,-0.224291,0.215817,-0.410167,-0.189353,0.240686,-0.412159,-0.128851,0.268109,-0.404522,-0.188305
2026-07-29 15:49:19.765,110.899894,0.000000,0.000000,0.000000,0.343227,-0.377054,-0.222767,0.143090,-0.367148,-0.226540,0.243159,-0.372101,-0.224654,0.216226,-0.412218,-0.189672,0.241140,-0.413191,-0.129113,0.268519,-0.406573,-0.188624
2026-07-29 15:49:19.865,110.999894,0.000000,0.000000,0.000000,0.342408,-0.372952,-0.222130,0.142474,-0.365076,-0.225726,0.242441,-0.369014,-0.223928,0.214696,-0.406079,-0.189138,0.240320,-0.409089,-0.128476,0.268338,-0.403493,-0.187923
2026-07-29 15:49:19.965,111.099894,0.000000,0.000000,0.000000,0.342613,-0.373978,-0.222289,0.142577,-0.365086,-0.225974,0.242595,-0.369532,-0.224132,0.214920,-0.409164,-0.189941,0.240508,-0.411161,-0.129406,0.268543,-0.404518,-0.188083
2026-07-29 15:49:20.065,111.199894,0.000000,0.000000,0.000000,0.343842,-0.380130,-0.223245,0.143806,-0.371239,-0.226929,0.243824,-0.375685,-0.225087,0.216118,-0.416305,-0.190139,0.241737,-0.417314,-0.130362,0.269772,-0.410671,-0.189038
2026-07-29 15:49:20.165,111.299894,0.000000,0.000000,0.000000,0.342818,-0.375003,-0.222449,0.142782,-0.366112,-0.226133,0.242800,-0.370557,-0.224291,0.215098,-0.410162,-0.189381,0.240757,-0.411167,-0.129510,0.268748,-0.405543,-0.188242
2026-07-29 15:49:20.265,111.399894,0.000000,0.000000,0.000000,0.342203,-0.371927,-0.221971,0.142167,-0.363035,-0.225655,0.242185,-0.367481,-0.223813,0.214487,-0.406069,-0.188941,0.240143,-0.408091,-0.129032,0.268176,-0.401959,-0.187782
2026-07-29 15:49:20.365,111.499894,0.000000,0.000000,0.000000,0.342421,-0.374990,-0.222205,0.142476,-0.364071,-0.226062,0.242448,-0.369531,-0.224134,0.214916,-0.410180,-0.189902,0.240552,-0.410142,-0.129351,0.268543,-0.404518,-0.188083
2026-07-29 15:49:20.465,111.599894,0.000000,0.000000,0.000000,0.343637,-0.379105,-0.223086,0.143500,-0.369199,-0.226859,0.243569,-0.374152,-0.224972,0.215940,-0.415307,-0.190698,0.241577,-0.415269,-0.130147,0.269567,-0.409645,-0.188879
2026-07-29 15:49:20.565,111.699893,0.000000,0.000000,0.000000,0.343637,-0.379105,-0.223086,0.143601,-0.370214,-0.226770,0.243619,-0.374659,-0.224928,0.215913,-0.415279,-0.189980,0.241533,-0.416288,-0.130202,0.269567,-0.409645,-0.188879
2026-07-29 15:49:20.665,111.799893,0.000000,0.000000,0.000000,0.342818,-0.375003,-0.222449,0.142782,-0.366112,-0.226133,0.242800,-0.370557,-0.224291,0.215121,-0.411205,-0.190061,0.240713,-0.412186,-0.129565,0.268748,-0.405543,-0.188242
2026-07-29 15:49:20.765,111.899893,0.000000,0.000000,0.000000,0.343842,-0.380130,-0.223245,0.143705,-0.370224,-0.227018,0.243773,-0.375177,-0.225131,0.216118,-0.416305,-0.190139,0.241710,-0.417286,-0.129647,0.269772,-0.410671,-0.189038
2026-07-29 15:49:20.865,111.999893,0.000000,0.000000,0.000000,0.342600,-0.371940,-0.222215,0.142372,-0.364061,-0.225814,0.242486,-0.368000,-0.224014,0.214707,-0.410170,-0.189704,0.240276,-0.410108,-0.128532,0.268338,-0.403493,-0.187923
2026-07-29 15:49:20.965,112.099893,0.000000,0.000000,0.000000,0.335879,-0.375629,-0.241765,0.136045,-0.360716,-0.245077,0.235962,-0.368173,-0.243421,0.207302,-0.409312,-0.210536,0.232789,-0.413964,-0.149353,0.261157,-0.405041,-0.209139
2026-07-29 15:49:21.065,112.199893,0.000000,0.000000,0.000000,0.343227,-0.377054,-0.222767,0.143192,-0.368163,-0.226451,0.243210,-0.372608,-0.224609,0.215503,-0.413229,-0.189662,0.241135,-0.412653,-0.128368,0.269201,-0.407087,-0.188578
2026-07-29 15:49:21.165,112.299893,0.000000,0.000000,0.000000,0.343829,-0.378093,-0.223170,0.143601,-0.370214,-0.226770,0.243715,-0.374153,-0.224970,0.215913,-0.415279,-0.189980,0.241522,-0.415214,-0.128715,0.269540,-0.409617,-0.188154
2026-07-29 15:49:21.265,112.399893,0.000000,0.000000,0.000000,0.343214,-0.375016,-0.222692,0.142987,-0.367137,-0.226292,0.243101,-0.371077,-0.224492,0.215303,-0.411187,-0.189540,0.240837,-0.413129,-0.127581,0.269012,-0.405526,-0.187711
2026-07-29 15:49:21.365,112.499893,0.000000,0.000000,0.000000,0.342818,-0.375003,-0.222449,0.142782,-0.366112,-0.226133,0.242800,-0.370557,-0.224291,0.215096,-0.410670,-0.189362,0.240720,-0.410065,-0.127304,0.268720,-0.405515,-0.187517
2026-07-29 15:49:21.465,112.599893,0.000000,0.000000,0.000000,0.343829,-0.378093,-0.223170,0.143601,-0.370214,-0.226770,0.243715,-0.374153,-0.224970,0.215913,-0.415279,-0.189980,0.241468,-0.415158,-0.127284,0.269627,-0.408602,-0.188189
2026-07-29 15:49:21.565,112.699893,0.000000,0.000000,0.000000,0.344034,-0.379118,-0.223329,0.143806,-0.371239,-0.226929,0.243920,-0.375179,-0.225129,0.216122,-0.415289,-0.190177,0.241602,-0.417176,-0.126789,0.269745,-0.410643,-0.188314
2026-07-29 15:49:21.665,112.799892,0.000000,0.000000,0.000000,0.342395,-0.370914,-0.222055,0.142167,-0.363035,-0.225655,0.242281,-0.366975,-0.223855,0.214479,-0.408101,-0.188865,0.240007,-0.407953,-0.125453,0.268192,-0.401424,-0.187074
2026-07-29 15:49:21.765,112.899892,0.000000,0.000000,0.000000,0.343432,-0.378080,-0.222926,0.143295,-0.368173,-0.226699,0.243364,-0.373126,-0.224813,0.215708,-0.414254,-0.189821,0.241280,-0.413086,-0.126348,0.269422,-0.407577,-0.188030
2026-07-29 15:49:21.865,112.999892,0.000000,0.000000,0.000000,0.343227,-0.377054,-0.222767,0.143141,-0.367655,-0.226496,0.243184,-0.372355,-0.224631,0.215508,-0.412213,-0.189699,0.240331,-0.412027,-0.125499,0.269217,-0.406551,-0.187870
2026-07-29 15:49:21.965,113.099892,0.000000,0.000000,0.000000,0.343022,-0.376029,-0.222608,0.142885,-0.366122,-0.226381,0.242954,-0.371075,-0.224494,0.215299,-0.412203,-0.189502,0.240142,-0.409955,-0.124559,0.268925,-0.406541,-0.187677
2026-07-29 15:49:22.065,113.199892,0.000000,0.000000,0.000000,0.343227,-0.377054,-0.222767,0.143090,-0.367148,-0.226540,0.243159,-0.372101,-0.224654,0.215508,-0.412213,-0.189699,0.240304,-0.411999,-0.124782,0.269130,-0.407566,-0.187836
2026-07-29 15:49:22.165,113.299892,0.000000,0.000000,0.000000,0.343445,-0.380117,-0.223001,0.143601,-0.370214,-0.226770,0.243523,-0.375166,-0.224886,0.216636,-0.414269,-0.189990,0.240714,-0.414050,-0.125101,0.269540,-0.409617,-0.188154
2026-07-29 15:49:22.265,113.399892,0.000000,0.000000,0.000000,0.335516,-0.373588,-0.241344,0.135758,-0.359694,-0.244618,0.235637,-0.366641,-0.242981,0.206910,-0.408287,-0.210128,0.230963,-0.409892,-0.144458,0.260766,-0.403007,-0.207992
2026-07-29 15:49:22.365,113.499892,0.000000,0.000000,0.000000,0.343227,-0.377054,-0.222767,0.143192,-0.368163,-0.226451,0.243210,-0.372608,-0.224609,0.215503,-0.413229,-0.189662,0.239561,-0.411966,-0.124093,0.269130,-0.407566,-0.187836
2026-07-29 15:49:22.465,113.599892,0.000000,0.000000,0.000000,0.342818,-0.375003,-0.222449,0.142782,-0.366112,-0.226133,0.242800,-0.370557,-0.224291,0.215094,-0.411178,-0.189343,0.239192,-0.408895,-0.123710,0.268720,-0.405515,-0.187517
2026-07-29 15:49:22.565,113.699892,0.000000,0.000000,0.000000,0.343419,-0.376042,-0.222852,0.143090,-0.367148,-0.226540,0.243255,-0.371595,-0.224696,0.215503,-0.413229,-0.189662,0.239644,-0.409927,-0.123964,0.269130,-0.407566,-0.187836
2026-07-29 15:49:22.665,113.799891,0.000000,0.000000,0.000000,0.334825,-0.367473,-0.240325,0.134851,-0.354590,-0.243566,0.234838,-0.361032,-0.241945,0.206003,-0.403183,-0.209075,0.229274,-0.405777,-0.143548,0.259748,-0.398916,-0.206956
2026-07-29 15:49:22.765,113.899891,0.000000,0.000000,0.000000,0.343227,-0.377054,-0.222767,0.143192,-0.368163,-0.226451,0.243210,-0.372608,-0.224609,0.215503,-0.413229,-0.189662,0.238844,-0.411960,-0.124120,0.269217,-0.406551,-0.187870
2026-07-29 15:49:22.865,113.999891,0.000000,0.000000,0.000000,0.343829,-0.378093,-0.223170,0.143500,-0.369199,-0.226859,0.243664,-0.373646,-0.225014,0.215913,-0.415279,-0.189980,0.238510,-0.413978,-0.123749,0.269540,-0.409617,-0.188154
2026-07-29 15:49:22.965,114.099891,0.000000,0.000000,0.000000,0.342408,-0.372952,-0.222130,0.142271,-0.363046,-0.225903,0.242339,-0.367999,-0.224017,0.214657,-0.409099,-0.188307,0.237320,-0.406805,-0.122728,0.268310,-0.403465,-0.187199
2026-07-29 15:49:23.065,114.199891,0.000000,0.000000,0.000000,0.343419,-0.376042,-0.222852,0.143192,-0.368163,-0.226451,0.243305,-0.372102,-0.224651,0.215503,-0.413229,-0.189662,0.238100,-0.411927,-0.123431,0.269130,-0.407566,-0.187836
2026-07-29 15:49:23.165,114.299891,0.000000,0.000000,0.000000,0.342600,-0.371940,-0.222215,0.142474,-0.365076,-0.225726,0.242537,-0.368508,-0.223970,0.214684,-0.409127,-0.189025,0.237281,-0.407825,-0.122794,0.268310,-0.403465,-0.187199
2026-07-29 15:49:23.265,114.399891,0.000000,0.000000,0.000000,0.342216,-0.373965,-0.222046,0.142372,-0.364061,-0.225814,0.242294,-0.369013,-0.223930,0.214684,-0.409127,-0.189025,0.237281,-0.407825,-0.122794,0.268397,-0.402449,-0.187233
2026-07-29 15:49:23.365,114.499891,0.000000,0.000000,0.000000,0.342804,-0.372965,-0.222374,0.142577,-0.365086,-0.225974,0.242691,-0.369026,-0.224174,0.214889,-0.410152,-0.189184,0.237446,-0.409870,-0.123019,0.268515,-0.404490,-0.187358
2026-07-29 15:49:23.465,114.599891,0.000000,0.000000,0.000000,0.343637,-0.379105,-0.223086,0.143500,-0.369199,-0.226859,0.243569,-0.374152,-0.224972,0.215913,-0.415279,-0.189980,0.238537,-0.414005,-0.124466,0.269540,-0.409617,-0.188154
2026-07-29 15:49:23.565,114.699891,0.000000,0.000000,0.000000,0.343637,-0.379105,-0.223086,0.143601,-0.370214,-0.226770,0.243619,-0.374659,-0.224928,0.215913,-0.415279,-0.189980,0.238549,-0.412958,-0.123684,0.269540,-0.409617,-0.188154
2026-07-29 15:49:23.665,114.799891,0.000000,0.000000,0.000000,0.342408,-0.372952,-0.222130,0.142372,-0.364061,-0.225814,0.242390,-0.368507,-0.223972,0.214684,-0.409127,-0.189025,0.237281,-0.407825,-0.122794,0.268310,-0.403465,-0.187199
2026-07-29 15:49:23.765,114.899890,0.000000,0.000000,0.000000,0.343432,-0.378080,-0.222926,0.143397,-0.369188,-0.226611,0.243414,-0.373634,-0.224768,0.214985,-0.416280,-0.189773,0.237589,-0.412946,-0.123617,0.269335,-0.408592,-0.187995
2026-07-29 15:49:23.865,114.999890,0.000000,0.000000,0.000000,0.342818,-0.375003,-0.222449,0.142681,-0.365097,-0.226222,0.242749,-0.370050,-0.224335,0.214346,-0.412160,-0.188616,0.236220,-0.410884,-0.123233,0.268720,-0.405515,-0.187517
2026-07-29 15:49:23.965,115.099890,0.000000,0.000000,0.000000,0.343009,-0.373991,-0.222533,0.142782,-0.366112,-0.226133,0.242896,-0.370051,-0.224333,0.214346,-0.412160,-0.188616,0.236202,-0.411393,-0.123265,0.268720,-0.405515,-0.187517
2026-07-29 15:49:24.065,115.199890,0.000000,0.000000,0.000000,0.342818,-0.375003,-0.222449,0.142681,-0.365097,-0.226222,0.242749,-0.370050,-0.224335,0.214346,-0.412160,-0.188616,0.236220,-0.410884,-0.123233,0.268807,-0.404500,-0.187552
2026-07-29 15:49:24.165,115.299890,0.000000,0.000000,0.000000,0.343432,-0.378080,-0.222926,0.143397,-0.369188,-0.226611,0.243414,-0.373634,-0.224768,0.214960,-0.415236,-0.189094,0.236835,-0.413960,-0.123710,0.269422,-0.407577,-0.188030
2026-07-29 15:49:24.265,115.399890,0.000000,0.000000,0.000000,0.343227,-0.377054,-0.222767,0.143192,-0.368163,-0.226451,0.243210,-0.372608,-0.224609,0.214759,-0.413195,-0.188971,0.236620,-0.413982,-0.124331,0.269130,-0.407566,-0.187836
2026-07-29 15:49:24.365,115.499890,0.000000,0.000000,0.000000,0.341648,-0.372946,-0.222159,0.142372,-0.364061,-0.225814,0.242010,-0.368503,-0.223987,0.213936,-0.410109,-0.188297,0.235838,-0.408860,-0.123630,0.268310,-0.403465,-0.187199
2026-07-29 15:49:24.465,115.599890,0.000000,0.000000,0.000000,0.343227,-0.377054,-0.222767,0.143192,-0.368163,-0.226451,0.243210,-0.372608,-0.224609,0.214759,-0.413195,-0.188971,0.236722,-0.411970,-0.124919,0.269130,-0.407566,-0.187836
2026-07-29 15:49:24.565,115.699890,0.000000,0.000000,0.000000,0.342600,-0.371940,-0.222215,0.142372,-0.364061,-0.225814,0.242486,-0.368000,-0.224014,0.213963,-0.410137,-0.189014,0.235865,-0.408888,-0.124346,0.268310,-0.403465,-0.187199
2026-07-29 15:49:24.665,115.799890,0.000000,0.000000,0.000000,0.342818,-0.375003,-0.222449,0.142883,-0.367127,-0.226044,0.242850,-0.371065,-0.224246,0.214349,-0.411144,-0.188653,0.237094,-0.408934,-0.125228,0.268720,-0.405515,-0.187517
2026-07-29 15:49:24.765,115.899889,0.000000,0.000000,0.000000,0.343068,-0.378087,-0.223199,0.143500,-0.369199,-0.226859,0.243284,-0.373643,-0.225029,0.215190,-0.417305,-0.189932,0.237864,-0.415102,-0.126705,0.269540,-0.409617,-0.188154
2026-07-29 15:49:24.865,115.999889,0.000000,0.000000,0.000000,0.336640,-0.377682,-0.242430,0.136589,-0.363778,-0.245709,0.236614,-0.370730,-0.244070,0.207100,-0.413367,-0.211208,0.229802,-0.414900,-0.147748,0.261562,-0.409125,-0.209061
2026-07-29 15:49:24.965,116.099889,0.000000,0.000000,0.000000,0.342395,-0.370914,-0.222055,0.142167,-0.363035,-0.225655,0.242281,-0.366975,-0.223855,0.213761,-0.408095,-0.188893,0.236495,-0.406932,-0.126246,0.268105,-0.402439,-0.187040
2026-07-29 15:49:25.065,116.199889,0.000000,0.000000,0.000000,0.342626,-0.376016,-0.222364,0.142782,-0.366112,-0.226133,0.242704,-0.371064,-0.224249,0.214379,-0.410156,-0.189408,0.237893,-0.409023,-0.127354,0.268720,-0.405515,-0.187517
2026-07-29 15:49:25.165,116.299889,0.000000,0.000000,0.000000,0.342818,-0.375003,-0.222449,0.142782,-0.366112,-0.226133,0.242800,-0.370557,-0.224291,0.214373,-0.412188,-0.189333,0.237960,-0.408031,-0.128015,0.268720,-0.405515,-0.187517
2026-07-29 15:49:25.265,116.399889,0.000000,0.000000,0.000000,0.343842,-0.380130,-0.223245,0.143806,-0.371239,-0.226929,0.243824,-0.375685,-0.225087,0.215400,-0.416299,-0.190167,0.239649,-0.415230,-0.129616,0.269745,-0.410643,-0.188314
2026-07-29 15:49:25.365,116.499889,0.000000,0.000000,0.000000,0.342421,-0.374990,-0.222205,0.142577,-0.365086,-0.225974,0.242499,-0.370038,-0.224089,0.214171,-0.410146,-0.189211,0.238420,-0.409078,-0.128660,0.268428,-0.405505,-0.187323
2026-07-29 15:49:25.465,116.599889,0.000000,0.000000,0.000000,0.343227,-0.377054,-0.222767,0.143192,-0.368163,-0.226451,0.243210,-0.372608,-0.224609,0.214786,-0.413223,-0.189689,0.239062,-0.412182,-0.129855,0.269043,-0.408582,-0.187801
2026-07-29 15:49:25.565,116.699889,0.000000,0.000000,0.000000,0.342600,-0.371940,-0.222215,0.142372,-0.364061,-0.225814,0.242486,-0.368000,-0.224014,0.213966,-0.409121,-0.189052,0.238188,-0.410146,-0.130044,0.268223,-0.404480,-0.187164
2026-07-29 15:49:25.665,116.799889,0.000000,0.000000,0.000000,0.343842,-0.380130,-0.223245,0.143806,-0.371239,-0.226929,0.243824,-0.375685,-0.225087,0.215400,-0.416299,-0.190167,0.240294,-0.418349,-0.131185,0.269658,-0.411658,-0.188279
2026-07-29 15:49:25.765,116.899889,0.000000,0.000000,0.000000,0.343432,-0.378080,-0.222926,0.143295,-0.368173,-0.226699,0.243364,-0.373126,-0.224813,0.214991,-0.414248,-0.189848,0.239968,-0.414260,-0.130758,0.269248,-0.409607,-0.187960
2026-07-29 15:49:25.865,116.999888,0.000000,0.000000,0.000000,0.343227,-0.377054,-0.222767,0.143192,-0.368163,-0.226451,0.243210,-0.372608,-0.224609,0.214786,-0.413223,-0.189689,0.239749,-0.414281,-0.131368,0.269043,-0.408582,-0.187801
2026-07-29 15:49:25.965,117.099888,0.000000,0.000000,0.000000,0.342672,-0.378073,-0.222956,0.143397,-0.369188,-0.226611,0.243034,-0.373631,-0.224783,0.214991,-0.414248,-0.189848,0.239953,-0.415306,-0.131527,0.268610,-0.408586,-0.188023
2026-07-29 15:49:26.065,117.199888,0.000000,0.000000,0.000000,0.343419,-0.376042,-0.222852,0.143192,-0.368163,-0.226451,0.243305,-0.372102,-0.224651,0.214789,-0.412207,-0.189727,0.239749,-0.414281,-0.131368,0.268320,-0.408576,-0.187829
2026-07-29 15:49:26.165,117.299888,0.000000,0.000000,0.000000,0.342626,-0.376016,-0.222364,0.142782,-0.366112,-0.226133,0.242704,-0.371064,-0.224249,0.214376,-0.411172,-0.189371,0.240080,-0.412263,-0.131737,0.267996,-0.405510,-0.187545
2026-07-29 15:49:26.265,117.399888,0.000000,0.000000,0.000000,0.335481,-0.375619,-0.241522,0.135863,-0.359695,-0.244867,0.235672,-0.367657,-0.243194,0.207120,-0.408292,-0.210325,0.231963,-0.413893,-0.152855,0.260002,-0.406030,-0.208263
2026-07-29 15:49:26.365,117.499888,0.000000,0.000000,0.000000,0.342818,-0.375003,-0.222449,0.142883,-0.367127,-0.226044,0.242850,-0.371065,-0.224246,0.215094,-0.411178,-0.189343,0.240123,-0.411244,-0.131684,0.268023,-0.405538,-0.188270
2026-07-29 15:49:26.465,117.599888,0.000000,0.000000,0.000000,0.343022,-0.376029,-0.222608,0.142885,-0.366122,-0.226381,0.242954,-0.371075,-0.224494,0.215303,-0.411187,-0.189540,0.240955,-0.414314,-0.131921,0.268228,-0.406563,-0.188429
2026-07-29 15:49:26.565,117.699888,0.000000,0.000000,0.000000,0.342216,-0.373965,-0.222046,0.142372,-0.364061,-0.225814,0.242294,-0.369013,-0.223930,0.214684,-0.409127,-0.189025,0.240412,-0.410246,-0.132105,0.267528,-0.404502,-0.187915
2026-07-29 15:49:26.665,117.799888,0.000000,0.000000,0.000000,0.343624,-0.377067,-0.223011,0.143295,-0.368173,-0.226699,0.243460,-0.372620,-0.224855,0.215712,-0.413238,-0.189859,0.242242,-0.413341,-0.132772,0.268638,-0.408614,-0.188747
2026-07-29 15:49:26.765,117.899888,0.000000,0.000000,0.000000,0.344047,-0.381156,-0.223404,0.144011,-0.372265,-0.227088,0.244029,-0.376710,-0.225246,0.216327,-0.416314,-0.190336,0.242856,-0.416418,-0.133250,0.269167,-0.412706,-0.189189
2026-07-29 15:49:26.865,117.999887,0.000000,0.000000,0.000000,0.343022,-0.376029,-0.222608,0.142987,-0.367137,-0.226292,0.243005,-0.371583,-0.224450,0.215303,-0.411187,-0.189540,0.242548,-0.411296,-0.132426,0.268142,-0.407578,-0.188393
2026-07-29 15:49:26.965,118.099887,0.000000,0.000000,0.000000,0.335516,-0.373588,-0.241344,0.135758,-0.359694,-0.244618,0.235637,-0.366641,-0.242981,0.206968,-0.406255,-0.210101,0.234263,-0.408876,-0.153587,0.259849,-0.405001,-0.208777
2026-07-29 15:49:27.065,118.199887,0.000000,0.000000,0.000000,0.342467,-0.377048,-0.222796,0.143192,-0.368163,-0.226451,0.242829,-0.372605,-0.224624,0.215508,-0.412213,-0.189699,0.243593,-0.410317,-0.133174,0.268347,-0.408604,-0.188552
2026-07-29 15:49:27.165,118.299887,0.000000,0.000000,0.000000,0.343419,-0.376042,-0.222852,0.143192,-0.368163,-0.226451,0.243305,-0.372102,-0.224651,0.216226,-0.412218,-0.189672,0.243593,-0.410317,-0.133174,0.268433,-0.407589,-0.188588
2026-07-29 15:49:27.265,118.399887,0.000000,0.000000,0.000000,0.343842,-0.380130,-0.223245,0.143908,-0.372254,-0.226840,0.243875,-0.376192,-0.225043,0.216841,-0.415295,-0.190150,0.244953,-0.413427,-0.134343,0.268323,-0.410659,-0.189094
2026-07-29 15:49:27.365,118.499887,0.000000,0.000000,0.000000,0.343227,-0.377054,-0.222767,0.143192,-0.368163,-0.226451,0.243210,-0.372608,-0.224609,0.216226,-0.412218,-0.189672,0.244388,-0.409332,-0.133817,0.267709,-0.407583,-0.188616
2026-07-29 15:49:27.465,118.599887,0.000000,0.000000,0.000000,0.343227,-0.377054,-0.222767,0.143192,-0.368163,-0.226451,0.243210,-0.372608,-0.224609,0.216232,-0.411202,-0.189710,0.245085,-0.410384,-0.134557,0.267709,-0.407583,-0.188616
2026-07-29 15:49:27.565,118.699887,0.000000,0.000000,0.000000,0.343419,-0.376042,-0.222852,0.143192,-0.368163,-0.226451,0.243305,-0.372102,-0.224651,0.216237,-0.410187,-0.189747,0.245135,-0.409366,-0.134509,0.267709,-0.407583,-0.188616
2026-07-29 15:49:27.665,118.799887,0.000000,0.000000,0.000000,0.343227,-0.377054,-0.222767,0.143293,-0.369178,-0.226363,0.243260,-0.373116,-0.224565,0.216232,-0.411202,-0.189710,0.245831,-0.410418,-0.135249,0.267793,-0.406567,-0.188652
2026-07-29 15:49:27.765,118.899887,0.000000,0.000000,0.000000,0.343227,-0.377054,-0.222767,0.143090,-0.367148,-0.226540,0.243159,-0.372101,-0.224654,0.216234,-0.410695,-0.189728,0.245882,-0.409399,-0.135202,0.267793,-0.406567,-0.188652
2026-07-29 15:49:27.865,118.999887,0.000000,0.000000,0.000000,0.335335,-0.372567,-0.241134,0.135654,-0.359694,-0.244370,0.235494,-0.366130,-0.242752,0.208225,-0.405283,-0.209836,0.237784,-0.407946,-0.156118,0.259053,-0.402942,-0.208578
2026-07-29 15:49:27.965,119.099886,0.000000,0.000000,0.000000,0.342408,-0.372952,-0.222130,0.142474,-0.365076,-0.225726,0.242441,-0.369014,-0.223928,0.216138,-0.406091,-0.189083,0.245837,-0.405359,-0.135978,0.266889,-0.403481,-0.187979
2026-07-29 15:49:28.065,119.199886,0.000000,0.000000,0.000000,0.343068,-0.378087,-0.223199,0.143601,-0.370214,-0.226770,0.243335,-0.374150,-0.224984,0.217368,-0.412243,-0.190038,0.247786,-0.411517,-0.136906,0.268118,-0.409634,-0.188934
2026-07-29 15:49:28.165,119.299886,0.000000,0.000000,0.000000,0.335335,-0.372567,-0.241134,0.135577,-0.358674,-0.244408,0.235456,-0.365620,-0.242771,0.208256,-0.404267,-0.209822,0.238635,-0.406942,-0.157435,0.259053,-0.402942,-0.208578
2026-07-29 15:49:28.265,119.399886,0.000000,0.000000,0.000000,0.342804,-0.372965,-0.222374,0.142577,-0.365086,-0.225974,0.242691,-0.369026,-0.224174,0.217057,-0.408138,-0.189177,0.247537,-0.406452,-0.137522,0.267094,-0.404506,-0.188138
2026-07-29 15:49:28.365,119.499886,0.000000,0.000000,0.000000,0.343432,-0.378080,-0.222926,0.143295,-0.368173,-0.226699,0.243364,-0.373126,-0.224813,0.217876,-0.412240,-0.189814,0.248356,-0.410554,-0.138159,0.267914,-0.408608,-0.188775
2026-07-29 15:49:28.465,119.599886,0.000000,0.000000,0.000000,0.342613,-0.373978,-0.222289,0.142577,-0.365086,-0.225974,0.242595,-0.369532,-0.224132,0.217064,-0.407122,-0.189214,0.247591,-0.405970,-0.138222,0.267122,-0.404534,-0.188863
2026-07-29 15:49:28.565,119.699886,0.000000,0.000000,0.000000,0.335879,-0.375629,-0.241765,0.136121,-0.361736,-0.245040,0.236000,-0.368683,-0.243403,0.209521,-0.407354,-0.210427,0.240755,-0.409025,-0.159361,0.259735,-0.404984,-0.209921
2026-07-29 15:49:28.665,119.799886,0.000000,0.000000,0.000000,0.343227,-0.377054,-0.222767,0.143090,-0.367148,-0.226540,0.243159,-0.372101,-0.224654,0.217679,-0.410198,-0.189692,0.249038,-0.407553,-0.139332,0.267736,-0.407611,-0.189341
2026-07-29 15:49:28.765,119.899886,0.000000,0.000000,0.000000,0.342626,-0.376016,-0.222364,0.142883,-0.367127,-0.226044,0.242755,-0.371571,-0.224204,0.217265,-0.408655,-0.189355,0.248599,-0.406548,-0.139775,0.267369,-0.405052,-0.189041
2026-07-29 15:49:28.865,119.999886,0.000000,0.000000,0.000000,0.335516,-0.373588,-0.241344,0.135758,-0.359694,-0.244618,0.235637,-0.366641,-0.242981,0.209873,-0.406345,-0.210712,0.240528,-0.405954,-0.160293,0.258647,-0.402917,-0.209527
2026-07-29 15:49:28.965,120.099885,0.000000,0.000000,0.000000,0.342203,-0.371927,-0.221971,0.142167,-0.363035,-0.225655,0.242185,-0.367481,-0.223813,0.217394,-0.406120,-0.189551,0.247985,-0.403472,-0.139298,0.266071,-0.401462,-0.188609
2026-07-29 15:49:29.065,120.199885,0.000000,0.000000,0.000000,0.342818,-0.375003,-0.222449,0.142782,-0.366112,-0.226133,0.242800,-0.370557,-0.224291,0.218009,-0.409197,-0.190029,0.248627,-0.406576,-0.140497,0.266686,-0.404539,-0.189087
2026-07-29 15:49:29.165,120.299885,0.000000,0.000000,0.000000,0.343022,-0.376029,-0.222608,0.142885,-0.366122,-0.226381,0.242954,-0.371075,-0.224494,0.218205,-0.411238,-0.190149,0.248888,-0.406583,-0.140618,0.266891,-0.405564,-0.189246
2026-07-29 15:49:29.265,120.399885,0.000000,0.000000,0.000000,0.334064,-0.367447,-0.240354,0.134928,-0.355611,-0.243528,0.234496,-0.361529,-0.241941,0.208966,-0.401241,-0.209660,0.239648,-0.400842,-0.159963,0.257740,-0.397813,-0.208474
2026-07-29 15:49:29.365,120.499885,0.000000,0.000000,0.000000,0.335516,-0.373588,-0.241344,0.135758,-0.359694,-0.244618,0.235637,-0.366641,-0.242981,0.209873,-0.406345,-0.210712,0.241223,-0.406976,-0.161799,0.258647,-0.402917,-0.209527
2026-07-29 15:49:29.465,120.599885,0.000000,0.000000,0.000000,0.343637,-0.379105,-0.223086,0.143601,-0.370214,-0.226770,0.243619,-0.374659,-0.224928,0.218828,-0.413299,-0.190666,0.249530,-0.409687,-0.141818,0.267505,-0.408641,-0.189724
2026-07-29 15:49:29.565,120.699885,0.000000,0.000000,0.000000,0.342408,-0.372952,-0.222130,0.142372,-0.364061,-0.225814,0.242390,-0.368507,-0.223972,0.217608,-0.406130,-0.189749,0.248301,-0.403535,-0.140862,0.266276,-0.402488,-0.188768
2026-07-29 15:49:29.665,120.799885,0.000000,0.000000,0.000000,0.342262,-0.376022,-0.222637,0.142987,-0.367137,-0.226292,0.242625,-0.371580,-0.224465,0.218222,-0.409206,-0.190227,0.248915,-0.406611,-0.141340,0.266891,-0.405564,-0.189246
2026-07-29 15:49:29.765,120.899885,0.000000,0.000000,0.000000,0.343082,-0.380124,-0.223274,0.143705,-0.370224,-0.227018,0.243393,-0.375174,-0.225146,0.219033,-0.414324,-0.190825,0.249679,-0.411731,-0.142014,0.267710,-0.409666,-0.189883
2026-07-29 15:49:29.865,120.999885,0.000000,0.000000,0.000000,0.342672,-0.378073,-0.222956,0.143397,-0.369188,-0.226611,0.243034,-0.373631,-0.224783,0.218623,-0.412273,-0.190506,0.249325,-0.408662,-0.141659,0.267300,-0.407615,-0.189565
2026-07-29 15:49:29.965,121.099885,0.000000,0.000000,0.000000,0.342262,-0.376022,-0.222637,0.142987,-0.367137,-0.226292,0.242625,-0.371580,-0.224465,0.218934,-0.410228,-0.190160,0.248859,-0.407629,-0.141377,0.266891,-0.405564,-0.189246
2026-07-29 15:49:30.065,121.199884,0.000000,0.000000,0.000000,0.342672,-0.378073,-0.222956,0.143295,-0.368173,-0.226699,0.242984,-0.373123,-0.224827,0.218623,-0.412273,-0.190506,0.249381,-0.407644,-0.141622,0.267300,-0.407615,-0.189565
2026-07-29 15:49:30.165,121.299884,0.000000,0.000000,0.000000,0.342467,-0.377048,-0.222796,0.143192,-0.368163,-0.226451,0.242829,-0.372605,-0.224624,0.218419,-0.411248,-0.190347,0.249120,-0.407636,-0.141499,0.267179,-0.405574,-0.189442
2026-07-29 15:49:30.265,121.399884,0.000000,0.000000,0.000000,0.335335,-0.372567,-0.241134,0.135577,-0.358674,-0.244408,0.235456,-0.365620,-0.242771,0.209692,-0.405324,-0.210502,0.240321,-0.405931,-0.161616,0.258357,-0.402910,-0.209331
2026-07-29 15:49:30.365,121.499884,0.000000,0.000000,0.000000,0.343842,-0.380130,-0.223245,0.143806,-0.371239,-0.226929,0.243824,-0.375685,-0.225087,0.219033,-0.414324,-0.190825,0.249706,-0.411759,-0.142735,0.267794,-0.408651,-0.189920
2026-07-29 15:49:30.465,121.599884,0.000000,0.000000,0.000000,0.343022,-0.376029,-0.222608,0.142987,-0.367137,-0.226292,0.243005,-0.371583,-0.224450,0.218222,-0.409206,-0.190227,0.248886,-0.407657,-0.142098,0.266891,-0.405564,-0.189246
2026-07-29 15:49:30.565,121.699884,0.000000,0.000000,0.000000,0.343637,-0.379105,-0.223086,0.143601,-0.370214,-0.226770,0.243619,-0.374659,-0.224928,0.218837,-0.412283,-0.190704,0.249501,-0.410734,-0.142576,0.267505,-0.408641,-0.189724
2026-07-29 15:49:30.665,121.799884,0.000000,0.000000,0.000000,0.343009,-0.373991,-0.222533,0.142782,-0.366112,-0.226133,0.242896,-0.370051,-0.224333,0.218017,-0.408181,-0.190067,0.247961,-0.406626,-0.141967,0.266686,-0.404539,-0.189087
2026-07-29 15:49:30.765,121.899884,0.000000,0.000000,0.000000,0.342818,-0.375003,-0.222449,0.142782,-0.366112,-0.226133,0.242800,-0.370557,-0.224291,0.218017,-0.408181,-0.190067,0.247961,-0.406626,-0.141967,0.266686,-0.404539,-0.189087
2026-07-29 15:49:30.865,121.999884,0.000000,0.000000,0.000000,0.342613,-0.373978,-0.222289,0.142577,-0.365086,-0.225974,0.242595,-0.369532,-0.224132,0.217804,-0.408171,-0.189869,0.247728,-0.406646,-0.142564,0.266564,-0.402498,-0.188964
2026-07-29 15:49:30.965,122.099884,0.000000,0.000000,0.000000,0.341633,-0.370908,-0.222084,0.142167,-0.363035,-0.225655,0.241900,-0.366972,-0.223870,0.217398,-0.405613,-0.189570,0.247373,-0.403577,-0.142210,0.266071,-0.401462,-0.188609
2026-07-29 15:49:31.065,122.199883,0.000000,0.000000,0.000000,0.342408,-0.372952,-0.222130,0.142372,-0.364061,-0.225814,0.242390,-0.368507,-0.223972,0.217608,-0.406130,-0.189749,0.246803,-0.405615,-0.142432,0.266360,-0.401473,-0.188805
2026-07-29 15:49:31.165,122.299883,0.000000,0.000000,0.000000,0.343637,-0.379105,-0.223086,0.143500,-0.369199,-0.226859,0.243569,-0.374152,-0.224972,0.219548,-0.413305,-0.190638,0.248033,-0.411768,-0.143387,0.267505,-0.408641,-0.189724
2026-07-29 15:49:31.265,122.399883,0.000000,0.000000,0.000000,0.343637,-0.379105,-0.223086,0.143601,-0.370214,-0.226770,0.243619,-0.374659,-0.224928,0.218837,-0.412283,-0.190704,0.248087,-0.410750,-0.143353,0.267547,-0.408133,-0.189742
2026-07-29 15:49:31.365,122.499883,0.000000,0.000000,0.000000,0.342818,-0.375003,-0.222449,0.142782,-0.366112,-0.226133,0.242800,-0.370557,-0.224291,0.218017,-0.408181,-0.190067,0.247213,-0.407666,-0.142751,0.266686,-0.404539,-0.189087
2026-07-29 15:49:31.465,122.599883,0.000000,0.000000,0.000000,0.317789,-0.379458,-0.253040,0.118432,-0.358917,-0.253930,0.218110,-0.369187,-0.253485,0.191819,-0.408139,-0.221777,0.220677,-0.411818,-0.174772,0.239906,-0.407555,-0.221074
2026-07-29 15:49:31.565,122.699883,0.000000,0.000000,0.000000,0.342057,-0.374997,-0.222478,0.142782,-0.366112,-0.226133,0.242420,-0.370554,-0.224305,0.218738,-0.408187,-0.190040,0.247213,-0.407666,-0.142751,0.266769,-0.403523,-0.189124
2026-07-29 15:49:31.665,122.799883,0.000000,0.000000,0.000000,0.343009,-0.373991,-0.222533,0.142681,-0.365097,-0.226222,0.242845,-0.369544,-0.224377,0.218729,-0.409203,-0.190001,0.247267,-0.406648,-0.142716,0.266043,-0.403518,-0.189152
2026-07-29 15:49:31.765,122.899883,0.000000,0.000000,0.000000,0.343842,-0.380130,-0.223245,0.143705,-0.370224,-0.227018,0.243773,-0.375177,-0.225131,0.219763,-0.413314,-0.190836,0.248291,-0.411775,-0.143512,0.267067,-0.408645,-0.189948
2026-07-29 15:49:31.865,122.999883,0.000000,0.000000,0.000000,0.334790,-0.369504,-0.240502,0.134956,-0.354591,-0.243814,0.234873,-0.362048,-0.242158,0.209867,-0.402286,-0.209843,0.238391,-0.402804,-0.162483,0.257303,-0.397796,-0.208698
2026-07-29 15:49:31.965,123.099883,0.000000,0.000000,0.000000,0.343637,-0.379105,-0.223086,0.143601,-0.370214,-0.226770,0.243619,-0.374659,-0.224928,0.219558,-0.412289,-0.190677,0.248059,-0.410722,-0.142631,0.266862,-0.407619,-0.189789
2026-07-29 15:49:32.065,123.199883,0.000000,0.000000,0.000000,0.335516,-0.373588,-0.241344,0.135682,-0.358674,-0.244656,0.235599,-0.366131,-0.243000,0.210627,-0.405354,-0.210673,0.239089,-0.406895,-0.162603,0.258029,-0.401879,-0.209541
2026-07-29 15:49:32.165,123.299882,0.000000,0.000000,0.000000,0.335118,-0.373577,-0.241100,0.135577,-0.358674,-0.244408,0.235348,-0.366125,-0.242754,0.210446,-0.404333,-0.210462,0.238908,-0.405874,-0.162393,0.257847,-0.400858,-0.209330
2026-07-29 15:49:32.265,123.399882,0.000000,0.000000,0.000000,0.342203,-0.371927,-0.221971,0.142167,-0.363035,-0.225655,0.242185,-0.367481,-0.223813,0.218124,-0.405110,-0.189562,0.246598,-0.403516,-0.140795,0.265428,-0.400441,-0.188674
2026-07-29 15:49:32.365,123.499882,0.000000,0.000000,0.000000,0.342613,-0.373978,-0.222289,0.142577,-0.365086,-0.225974,0.242595,-0.369532,-0.224132,0.218516,-0.406118,-0.189197,0.246312,-0.404515,-0.140382,0.266481,-0.403513,-0.188928
2026-07-29 15:49:32.465,123.599882,0.000000,0.000000,0.000000,0.342203,-0.371927,-0.221971,0.142167,-0.363035,-0.225655,0.242185,-0.367481,-0.223813,0.218124,-0.405110,-0.189562,0.245849,-0.403482,-0.140102,0.266071,-0.401462,-0.188609
2026-07-29 15:49:32.565,123.699882,0.000000,0.000000,0.000000,0.342818,-0.375003,-0.222449,0.142782,-0.366112,-0.226133,0.242800,-0.370557,-0.224291,0.218748,-0.407171,-0.190078,0.245715,-0.406525,-0.139886,0.266742,-0.403495,-0.188397
2026-07-29 15:49:32.665,123.799882,0.000000,0.000000,0.000000,0.342600,-0.371940,-0.222215,0.142271,-0.363046,-0.225903,0.242435,-0.367493,-0.224059,0.218311,-0.405092,-0.189037,0.245278,-0.404446,-0.138846,0.266332,-0.401444,-0.188078
2026-07-29 15:49:32.765,123.899882,0.000000,0.000000,0.000000,0.343432,-0.378080,-0.222926,0.143498,-0.370203,-0.226522,0.243465,-0.374141,-0.224724,0.219326,-0.411235,-0.189796,0.245554,-0.409540,-0.138948,0.267356,-0.406572,-0.188875
2026-07-29 15:49:32.865,123.999882,0.000000,0.000000,0.000000,0.342421,-0.374990,-0.222205,0.142577,-0.365086,-0.225974,0.242499,-0.370038,-0.224089,0.218516,-0.406118,-0.189197,0.244063,-0.404413,-0.138298,0.266537,-0.402470,-0.188238
2026-07-29 15:49:32.965,124.099882,0.000000,0.000000,0.000000,0.342818,-0.375003,-0.222449,0.142782,-0.366112,-0.226133,0.242800,-0.370557,-0.224291,0.218721,-0.407143,-0.189356,0.244241,-0.405411,-0.137735,0.266742,-0.403495,-0.188397
2026-07-29 15:49:33.065,124.199882,0.000000,0.000000,0.000000,0.335698,-0.374609,-0.241555,0.135940,-0.360715,-0.244829,0.235819,-0.367662,-0.243192,0.210815,-0.405367,-0.210148,0.236268,-0.406858,-0.157776,0.258909,-0.402932,-0.208996
2026-07-29 15:49:33.165,124.299881,0.000000,0.000000,0.000000,0.343022,-0.376029,-0.222608,0.142987,-0.367137,-0.226292,0.243005,-0.371583,-0.224450,0.218926,-0.408169,-0.189515,0.243668,-0.406375,-0.136477,0.266947,-0.404521,-0.188556
2026-07-29 15:49:33.265,124.399881,0.000000,0.000000,0.000000,0.334972,-0.370525,-0.240713,0.135214,-0.356632,-0.243987,0.235093,-0.363579,-0.242350,0.210151,-0.400259,-0.210016,0.234720,-0.403772,-0.156334,0.258291,-0.397836,-0.208139
2026-07-29 15:49:33.365,124.499881,0.000000,0.000000,0.000000,0.343637,-0.379105,-0.223086,0.143601,-0.370214,-0.226770,0.243619,-0.374659,-0.224928,0.219568,-0.411273,-0.190715,0.244208,-0.410442,-0.136278,0.267645,-0.406582,-0.189070
2026-07-29 15:49:33.465,124.599881,0.000000,0.000000,0.000000,0.342613,-0.373978,-0.222289,0.142476,-0.364071,-0.226062,0.242544,-0.369025,-0.224176,0.218543,-0.406146,-0.189919,0.243108,-0.406305,-0.134807,0.266620,-0.401455,-0.188273
2026-07-29 15:49:33.565,124.699881,0.000000,0.000000,0.000000,0.343022,-0.376029,-0.222608,0.142987,-0.367137,-0.226292,0.243005,-0.371583,-0.224450,0.218953,-0.408196,-0.190238,0.243490,-0.408329,-0.134405,0.267030,-0.403506,-0.188592
2026-07-29 15:49:33.665,124.799881,0.000000,0.000000,0.000000,0.342057,-0.374997,-0.222478,0.142782,-0.366112,-0.226133,0.242420,-0.370554,-0.224305,0.218026,-0.407165,-0.190106,0.243333,-0.406284,-0.134198,0.266825,-0.402480,-0.188433
2026-07-29 15:49:33.765,124.899881,0.000000,0.000000,0.000000,0.342613,-0.373978,-0.222289,0.142577,-0.365086,-0.225974,0.242595,-0.369532,-0.224132,0.217813,-0.407156,-0.189908,0.243101,-0.405231,-0.133317,0.266620,-0.401455,-0.188273
2026-07-29 15:49:33.865,124.999881,0.000000,0.000000,0.000000,0.334756,-0.371536,-0.240679,0.135137,-0.355612,-0.244024,0.234946,-0.363574,-0.242352,0.209428,-0.400235,-0.210043,0.234464,-0.405830,-0.153648,0.258399,-0.396822,-0.208123
2026-07-29 15:49:33.965,125.099881,0.000000,0.000000,0.000000,0.334790,-0.369504,-0.240502,0.135033,-0.355611,-0.243776,0.234912,-0.362558,-0.242139,0.209214,-0.400230,-0.209845,0.234255,-0.404817,-0.152718,0.258109,-0.396815,-0.207928
2026-07-29 15:49:34.065,125.199881,0.000000,0.000000,0.000000,0.342613,-0.373978,-0.222289,0.142577,-0.365086,-0.225974,0.242595,-0.369532,-0.224132,0.217099,-0.406134,-0.189974,0.242978,-0.407241,-0.132696,0.267348,-0.401461,-0.188246
2026-07-29 15:49:34.165,125.299881,0.000000,0.000000,0.000000,0.335370,-0.370536,-0.240956,0.135396,-0.357653,-0.244197,0.235383,-0.364094,-0.242577,0.208855,-0.402247,-0.210294,0.234446,-0.408893,-0.152624,0.259200,-0.398881,-0.208321
2026-07-29 15:49:34.265,125.399880,0.000000,0.000000,0.000000,0.342216,-0.373965,-0.222046,0.142372,-0.364061,-0.225814,0.242294,-0.369013,-0.223930,0.216894,-0.405108,-0.189815,0.243367,-0.408231,-0.131893,0.267143,-0.400435,-0.188086
2026-07-29 15:49:34.365,125.499880,0.000000,0.000000,0.000000,0.342408,-0.372952,-0.222130,0.142372,-0.364061,-0.225814,0.242390,-0.368507,-0.223972,0.216894,-0.405108,-0.189815,0.243367,-0.408231,-0.131893,0.267143,-0.400435,-0.188086
2026-07-29 15:49:34.465,125.599880,0.000000,0.000000,0.000000,0.342626,-0.376016,-0.222364,0.142782,-0.366112,-0.226133,0.242704,-0.371064,-0.224249,0.217289,-0.409191,-0.190056,0.243700,-0.411273,-0.131547,0.268281,-0.402492,-0.188377
2026-07-29 15:49:34.565,125.699880,0.000000,0.000000,0.000000,0.342408,-0.372952,-0.222130,0.142372,-0.364061,-0.225814,0.242390,-0.368507,-0.223972,0.216166,-0.406118,-0.189804,0.243291,-0.409222,-0.131229,0.267871,-0.400441,-0.188058
2026-07-29 15:49:34.665,125.799880,0.000000,0.000000,0.000000,0.343227,-0.377054,-0.222767,0.143192,-0.368163,-0.226451,0.243210,-0.372608,-0.224609,0.216985,-0.410220,-0.190441,0.244110,-0.413324,-0.131866,0.268605,-0.405558,-0.188660
2026-07-29 15:49:34.765,125.899880,0.000000,0.000000,0.000000,0.342408,-0.372952,-0.222130,0.142372,-0.364061,-0.225814,0.242390,-0.368507,-0.223972,0.216159,-0.407134,-0.189765,0.243242,-0.410241,-0.131281,0.267785,-0.401456,-0.188023
2026-07-29 15:49:34.865,125.999880,0.000000,0.000000,0.000000,0.343022,-0.376029,-0.222608,0.142987,-0.367137,-0.226292,0.243005,-0.371583,-0.224450,0.216767,-0.411227,-0.190204,0.243878,-0.412271,-0.130991,0.268400,-0.404533,-0.188500
2026-07-29 15:49:34.965,126.099880,0.000000,0.000000,0.000000,0.334790,-0.369504,-0.240502,0.135033,-0.355611,-0.243776,0.234912,-0.362558,-0.242139,0.207708,-0.402213,-0.209925,0.234597,-0.408919,-0.150951,0.259454,-0.397878,-0.207888
2026-07-29 15:49:35.065,126.199880,0.000000,0.000000,0.000000,0.342613,-0.373978,-0.222289,0.142577,-0.365086,-0.225974,0.242595,-0.369532,-0.224132,0.216364,-0.408160,-0.189924,0.243468,-0.410220,-0.130672,0.267904,-0.403497,-0.188146
2026-07-29 15:49:35.165,126.299880,0.000000,0.000000,0.000000,0.335879,-0.375629,-0.241765,0.136121,-0.361736,-0.245040,0.236000,-0.368683,-0.243403,0.208766,-0.409354,-0.211201,0.235686,-0.415044,-0.152214,0.260542,-0.404003,-0.209151
2026-07-29 15:49:35.265,126.399879,0.000000,0.000000,0.000000,0.342818,-0.375003,-0.222449,0.142681,-0.365097,-0.226222,0.242749,-0.370050,-0.224335,0.215822,-0.409152,-0.189391,0.243673,-0.411246,-0.130832,0.268109,-0.404522,-0.188305
2026-07-29 15:49:35.365,126.499879,0.000000,0.000000,0.000000,0.342203,-0.371927,-0.221971,0.142066,-0.362020,-0.225744,0.242134,-0.366974,-0.223857,0.215229,-0.407119,-0.189595,0.243059,-0.408169,-0.130354,0.267580,-0.400431,-0.187863
2026-07-29 15:49:35.465,126.599879,0.000000,0.000000,0.000000,0.342613,-0.373978,-0.222289,0.142476,-0.364071,-0.226062,0.242544,-0.369025,-0.224176,0.215639,-0.409170,-0.189913,0.243441,-0.410193,-0.129957,0.267990,-0.402482,-0.188182
2026-07-29 15:49:35.565,126.699879,0.000000,0.000000,0.000000,0.342818,-0.375003,-0.222449,0.142782,-0.366112,-0.226133,0.242800,-0.370557,-0.224291,0.215844,-0.410195,-0.190072,0.242958,-0.411240,-0.130859,0.268195,-0.403507,-0.188341
2026-07-29 15:49:35.665,126.799879,0.000000,0.000000,0.000000,0.343022,-0.376029,-0.222608,0.142987,-0.367137,-0.226292,0.243005,-0.371583,-0.224450,0.216059,-0.409189,-0.190309,0.243115,-0.413284,-0.131072,0.268400,-0.404533,-0.188500
2026-07-29 15:49:35.765,126.899879,0.000000,0.000000,0.000000,0.344047,-0.381156,-0.223404,0.144011,-0.372265,-0.227088,0.244029,-0.376710,-0.225246,0.217051,-0.415304,-0.190347,0.244160,-0.417365,-0.131099,0.269424,-0.409660,-0.189297
2026-07-29 15:49:35.865,126.999879,0.000000,0.000000,0.000000,0.342408,-0.372952,-0.222130,0.142474,-0.365076,-0.225726,0.242441,-0.369014,-0.223928,0.215439,-0.407128,-0.189793,0.242473,-0.410180,-0.129879,0.267785,-0.401456,-0.188023
2026-07-29 15:49:35.965,127.099879,0.000000,0.000000,0.000000,0.342818,-0.375003,-0.222449,0.142782,-0.366112,-0.226133,0.242800,-0.370557,-0.224291,0.215854,-0.408164,-0.190150,0.242931,-0.411212,-0.130143,0.268835,-0.404528,-0.188278
2026-07-29 15:49:36.065,127.199879,0.000000,0.000000,0.000000,0.325250,-0.389837,-0.231978,0.125751,-0.372399,-0.233688,0.225501,-0.381118,-0.232833,0.197221,-0.419088,-0.198999,0.224610,-0.424220,-0.139390,0.249645,-0.416685,-0.197602
2026-07-29 15:49:36.165,127.299879,0.000000,0.000000,0.000000,0.343419,-0.376042,-0.222852,0.143192,-0.368163,-0.226451,0.243305,-0.372102,-0.224651,0.216226,-0.412218,-0.189672,0.243293,-0.414282,-0.130516,0.268605,-0.405558,-0.188660
2026-07-29 15:49:36.265,127.399879,0.000000,0.000000,0.000000,0.342216,-0.373965,-0.222046,0.142372,-0.364061,-0.225814,0.242294,-0.369013,-0.223930,0.215434,-0.408144,-0.189754,0.242473,-0.410180,-0.129879,0.268425,-0.402477,-0.187959
2026-07-29 15:49:36.365,127.499878,0.000000,0.000000,0.000000,0.341793,-0.369876,-0.221652,0.141758,-0.360984,-0.225337,0.241775,-0.365430,-0.223495,0.214825,-0.404052,-0.189315,0.241144,-0.407098,-0.129429,0.267085,-0.399395,-0.187509
2026-07-29 15:49:36.465,127.599878,0.000000,0.000000,0.000000,0.343432,-0.378080,-0.222926,0.143397,-0.369188,-0.226611,0.243414,-0.373634,-0.224768,0.216459,-0.413272,-0.190550,0.242783,-0.415302,-0.130703,0.269449,-0.407605,-0.188755
2026-07-29 15:49:36.565,127.699878,0.000000,0.000000,0.000000,0.335335,-0.372567,-0.241134,0.135577,-0.358674,-0.244408,0.235456,-0.365620,-0.242771,0.207533,-0.405251,-0.210584,0.233757,-0.410927,-0.150816,0.260613,-0.401978,-0.208508
2026-07-29 15:49:36.665,127.799878,0.000000,0.000000,0.000000,0.343432,-0.378080,-0.222926,0.143397,-0.369188,-0.226611,0.243414,-0.373634,-0.224768,0.216464,-0.412256,-0.190589,0.242830,-0.414283,-0.130648,0.269449,-0.407605,-0.188755
2026-07-29 15:49:36.765,127.899878,0.000000,0.000000,0.000000,0.343637,-0.379105,-0.223086,0.143703,-0.371229,-0.226681,0.243670,-0.375167,-0.224883,0.216669,-0.413281,-0.190748,0.243012,-0.415818,-0.130835,0.268929,-0.408624,-0.188942
2026-07-29 15:49:36.865,127.999878,0.000000,0.000000,0.000000,0.343432,-0.378080,-0.222926,0.143295,-0.368173,-0.226699,0.243364,-0.373126,-0.224813,0.216464,-0.412256,-0.190589,0.242783,-0.415302,-0.130703,0.268724,-0.407599,-0.188783
2026-07-29 15:49:36.965,128.099878,0.000000,0.000000,0.000000,0.343227,-0.377054,-0.222767,0.143090,-0.367148,-0.226540,0.243159,-0.372101,-0.224654,0.216259,-0.411230,-0.190430,0.242625,-0.413257,-0.130489,0.269157,-0.407594,-0.188560
2026-07-29 15:49:37.065,128.199878,0.000000,0.000000,0.000000,0.343022,-0.376029,-0.222608,0.142987,-0.367137,-0.226292,0.243005,-0.371583,-0.224450,0.216054,-0.410205,-0.190271,0.242300,-0.414242,-0.129726,0.268314,-0.405548,-0.188465
2026-07-29 15:49:37.165,128.299878,0.000000,0.000000,0.000000,0.342421,-0.374990,-0.222205,0.142577,-0.365086,-0.225974,0.242499,-0.370038,-0.224089,0.215617,-0.408126,-0.189232,0.241937,-0.411172,-0.129351,0.268543,-0.404518,-0.188083
2026-07-29 15:49:37.265,128.399878,0.000000,0.000000,0.000000,0.343432,-0.378080,-0.222926,0.143295,-0.368173,-0.226699,0.243364,-0.373126,-0.224813,0.216464,-0.412256,-0.190589,0.242803,-0.414255,-0.129933,0.269362,-0.408620,-0.188720
2026-07-29 15:49:37.365,128.499877,0.000000,0.000000,0.000000,0.342408,-0.372952,-0.222130,0.142372,-0.364061,-0.225814,0.242390,-0.368507,-0.223972,0.214715,-0.408139,-0.189781,0.241732,-0.410147,-0.129192,0.268338,-0.403493,-0.187923
2026-07-29 15:49:37.465,128.599877,0.000000,0.000000,0.000000,0.342408,-0.372952,-0.222130,0.142372,-0.364061,-0.225814,0.242390,-0.368507,-0.223972,0.215434,-0.408144,-0.189754,0.241709,-0.410657,-0.129220,0.268251,-0.404508,-0.187888
2026-07-29 15:49:37.565,128.699877,0.000000,0.000000,0.000000,0.343022,-0.376029,-0.222608,0.143088,-0.368152,-0.226203,0.243055,-0.372090,-0.224406,0.216049,-0.411221,-0.190232,0.242393,-0.412204,-0.129614,0.268953,-0.406569,-0.188401
2026-07-29 15:49:37.665,128.799877,0.000000,0.000000,0.000000,0.342408,-0.372952,-0.222130,0.142474,-0.365076,-0.225726,0.242441,-0.369014,-0.223928,0.214696,-0.406079,-0.189138,0.241732,-0.410147,-0.129192,0.268338,-0.403493,-0.187923
2026-07-29 15:49:37.765,128.899877,0.000000,0.000000,0.000000,0.343227,-0.377054,-0.222767,0.143090,-0.367148,-0.226540,0.243159,-0.372101,-0.224654,0.216254,-0.412246,-0.190391,0.242524,-0.414221,-0.129115,0.269244,-0.406579,-0.188596
2026-07-29 15:49:37.865,128.999877,0.000000,0.000000,0.000000,0.342421,-0.374990,-0.222205,0.142577,-0.365086,-0.225974,0.242499,-0.370038,-0.224089,0.215617,-0.408126,-0.189232,0.241195,-0.411139,-0.128664,0.268543,-0.404518,-0.188083
2026-07-29 15:49:37.965,129.099877,0.000000,0.000000,0.000000,0.335335,-0.372567,-0.241134,0.135577,-0.358674,-0.244408,0.235456,-0.365620,-0.242771,0.207476,-0.406275,-0.209877,0.232987,-0.410918,-0.149411,0.260501,-0.402992,-0.208523
2026-07-29 15:49:38.065,129.199877,0.000000,0.000000,0.000000,0.343432,-0.378080,-0.222926,0.143397,-0.369188,-0.226611,0.243414,-0.373634,-0.224768,0.216464,-0.412256,-0.190589,0.242015,-0.415241,-0.129301,0.269362,-0.408620,-0.188720
2026-07-29 15:49:38.165,129.299877,0.000000,0.000000,0.000000,0.342818,-0.375003,-0.222449,0.142782,-0.366112,-0.226133,0.242800,-0.370557,-0.224291,0.215817,-0.410167,-0.189353,0.241355,-0.413184,-0.128880,0.268109,-0.404522,-0.188305
2026-07-29 15:49:38.265,129.399877,0.000000,0.000000,0.000000,0.343227,-0.377054,-0.222767,0.143293,-0.369178,-0.226363,0.243260,-0.373116,-0.224565,0.216226,-0.412218,-0.189672,0.241855,-0.413196,-0.129085,0.268519,-0.406573,-0.188624
2026-07-29 15:49:38.365,129.499876,0.000000,0.000000,0.000000,0.343432,-0.378080,-0.222926,0.143295,-0.368173,-0.226699,0.243364,-0.373126,-0.224813,0.216436,-0.412228,-0.189869,0.242015,-0.415241,-0.129301,0.269362,-0.408620,-0.188720
2026-07-29 15:49:38.465,129.599876,0.000000,0.000000,0.000000,0.342831,-0.377041,-0.222524,0.142987,-0.367137,-0.226292,0.242909,-0.372089,-0.224408,0.216027,-0.410177,-0.189550,0.241605,-0.413190,-0.128983,0.268314,-0.405548,-0.188465
2026-07-29 15:49:38.565,129.699876,0.000000,0.000000,0.000000,0.343637,-0.379105,-0.223086,0.143601,-0.370214,-0.226770,0.243619,-0.374659,-0.224928,0.216641,-0.413253,-0.190028,0.242238,-0.415220,-0.128688,0.268929,-0.408624,-0.188942
2026-07-29 15:49:38.665,129.799876,0.000000,0.000000,0.000000,0.342408,-0.372952,-0.222130,0.142372,-0.364061,-0.225814,0.242390,-0.368507,-0.223972,0.215412,-0.407101,-0.189073,0.241009,-0.409067,-0.127732,0.267699,-0.402471,-0.187987
2026-07-29 15:49:38.765,129.899876,0.000000,0.000000,0.000000,0.343227,-0.377054,-0.222767,0.143192,-0.368163,-0.226451,0.243210,-0.372608,-0.224609,0.216232,-0.411202,-0.189710,0.241828,-0.413169,-0.128369,0.268519,-0.406573,-0.188624
2026-07-29 15:49:38.865,129.999876,0.000000,0.000000,0.000000,0.343855,-0.382168,-0.223320,0.143910,-0.371250,-0.227177,0.243883,-0.376709,-0.225248,0.217056,-0.414288,-0.190384,0.242648,-0.417271,-0.129006,0.269338,-0.410675,-0.189261
2026-07-29 15:49:38.965,130.099876,0.000000,0.000000,0.000000,0.324292,-0.383653,-0.230917,0.124793,-0.366215,-0.232627,0.224543,-0.374934,-0.231772,0.196243,-0.412887,-0.197218,0.222255,-0.416895,-0.136152,0.248667,-0.410483,-0.195816
2026-07-29 15:49:39.065,130.199876,0.000000,0.000000,0.000000,0.343419,-0.376042,-0.222852,0.143192,-0.368163,-0.226451,0.243305,-0.372102,-0.224651,0.216232,-0.411202,-0.189710,0.241113,-0.413163,-0.128397,0.268519,-0.406573,-0.188624
2026-07-29 15:49:39.165,130.299876,0.000000,0.000000,0.000000,0.335698,-0.374609,-0.241555,0.135863,-0.359695,-0.244867,0.235780,-0.367152,-0.243211,0.207839,-0.408316,-0.210298,0.233350,-0.412959,-0.149832,0.260251,-0.403995,-0.208956
2026-07-29 15:49:39.265,130.399876,0.000000,0.000000,0.000000,0.335153,-0.371546,-0.240923,0.135396,-0.357653,-0.244197,0.235274,-0.364599,-0.242560,0.207324,-0.404238,-0.209653,0.232778,-0.409905,-0.148484,0.259706,-0.400933,-0.208325
2026-07-29 15:49:39.365,130.499876,0.000000,0.000000,0.000000,0.343240,-0.379092,-0.222842,0.143295,-0.368173,-0.226699,0.243268,-0.373633,-0.224771,0.216436,-0.412228,-0.189869,0.242060,-0.414222,-0.129244,0.268696,-0.407571,-0.188057
2026-07-29 15:49:39.465,130.599875,0.000000,0.000000,0.000000,0.343227,-0.377054,-0.222767,0.143192,-0.368163,-0.226451,0.243210,-0.372608,-0.224609,0.215512,-0.411197,-0.189737,0.241140,-0.413191,-0.129113,0.268519,-0.406573,-0.188624
2026-07-29 15:49:39.565,130.699875,0.000000,0.000000,0.000000,0.343022,-0.376029,-0.222608,0.142987,-0.367137,-0.226292,0.243005,-0.371583,-0.224450,0.216027,-0.410177,-0.189550,0.240935,-0.412165,-0.128953,0.268286,-0.405520,-0.187739
2026-07-29 15:49:39.665,130.799875,0.000000,0.000000,0.000000,0.335153,-0.371546,-0.240923,0.135396,-0.357653,-0.244197,0.235274,-0.364599,-0.242560,0.207294,-0.405254,-0.209666,0.232091,-0.409872,-0.149227,0.259706,-0.400933,-0.208325
2026-07-29 15:49:39.765,130.899875,0.000000,0.000000,0.000000,0.342818,-0.375003,-0.222449,0.142782,-0.366112,-0.226133,0.242800,-0.370557,-0.224291,0.215102,-0.409146,-0.189419,0.240730,-0.411140,-0.128794,0.268109,-0.404522,-0.188305
2026-07-29 15:49:39.865,130.999875,0.000000,0.000000,0.000000,0.343432,-0.378080,-0.222926,0.143295,-0.368173,-0.226699,0.243364,-0.373126,-0.224813,0.215721,-0.411206,-0.189934,0.242015,-0.415241,-0.129301,0.268724,-0.407599,-0.188783
2026-07-29 15:49:39.965,131.099875,0.000000,0.000000,0.000000,0.342203,-0.371927,-0.221971,0.142269,-0.364050,-0.225566,0.242236,-0.367989,-0.223769,0.214491,-0.405053,-0.188979,0.240831,-0.408069,-0.128289,0.268133,-0.402467,-0.187764
2026-07-29 15:49:40.065,131.199875,0.000000,0.000000,0.000000,0.343432,-0.378080,-0.222926,0.143397,-0.369188,-0.226611,0.243414,-0.373634,-0.224768,0.215712,-0.413238,-0.189859,0.241328,-0.415263,-0.130043,0.268724,-0.407599,-0.188783
2026-07-29 15:49:40.165,131.299875,0.000000,0.000000,0.000000,0.343036,-0.378066,-0.222683,0.143192,-0.368163,-0.226451,0.243114,-0.373115,-0.224567,0.215508,-0.412213,-0.189699,0.241882,-0.413224,-0.129801,0.269157,-0.407594,-0.188560
2026-07-29 15:49:40.265,131.399875,0.000000,0.000000,0.000000,0.343022,-0.376029,-0.222608,0.142987,-0.367137,-0.226292,0.243005,-0.371583,-0.224450,0.215334,-0.410199,-0.190298,0.240962,-0.412193,-0.129669,0.268953,-0.406569,-0.188401
2026-07-29 15:49:40.365,131.499875,0.000000,0.000000,0.000000,0.342203,-0.371927,-0.221971,0.142167,-0.363035,-0.225655,0.242185,-0.367481,-0.223813,0.214510,-0.407113,-0.189622,0.240813,-0.409116,-0.129060,0.268133,-0.402467,-0.187764
2026-07-29 15:49:40.465,131.599874,0.000000,0.000000,0.000000,0.342626,-0.376016,-0.222364,0.142681,-0.365097,-0.226222,0.242653,-0.370556,-0.224293,0.215098,-0.410162,-0.189381,0.240757,-0.411167,-0.129510,0.268748,-0.405543,-0.188242
2026-07-29 15:49:40.565,131.699874,0.000000,0.000000,0.000000,0.342613,-0.373978,-0.222289,0.142577,-0.365086,-0.225974,0.242595,-0.369532,-0.224132,0.214920,-0.409164,-0.189941,0.240508,-0.411161,-0.129406,0.268543,-0.404518,-0.188083
2026-07-29 15:49:40.665,131.799874,0.000000,0.000000,0.000000,0.343227,-0.377054,-0.222767,0.143090,-0.367148,-0.226540,0.243159,-0.372101,-0.224654,0.215535,-0.412240,-0.190418,0.241145,-0.413728,-0.129856,0.269157,-0.407594,-0.188560
2026-07-29 15:49:40.765,131.899874,0.000000,0.000000,0.000000,0.343227,-0.377054,-0.222767,0.143293,-0.369178,-0.226363,0.243260,-0.373116,-0.224565,0.215535,-0.412240,-0.190418,0.241096,-0.414210,-0.129169,0.269157,-0.407594,-0.188560
2026-07-29 15:49:40.865,131.999874,0.000000,0.000000,0.000000,0.343432,-0.378080,-0.222926,0.143397,-0.369188,-0.226611,0.243414,-0.373634,-0.224768,0.215736,-0.414282,-0.190539,0.241301,-0.415235,-0.129329,0.269362,-0.408620,-0.188720
2026-07-29 15:49:40.965,132.099874,0.000000,0.000000,0.000000,0.342408,-0.372952,-0.222130,0.142271,-0.363046,-0.225903,0.242339,-0.367999,-0.224017,0.214688,-0.408111,-0.189062,0.240293,-0.409061,-0.127760,0.268338,-0.403493,-0.187923
2026-07-29 15:49:41.065,132.199874,0.000000,0.000000,0.000000,0.343227,-0.377054,-0.222767,0.143293,-0.369178,-0.226363,0.243260,-0.373116,-0.224565,0.215508,-0.412213,-0.189699,0.241113,-0.413163,-0.128397,0.269157,-0.407594,-0.188560
2026-07-29 15:49:41.165,132.299874,0.000000,0.000000,0.000000,0.334246,-0.366442,-0.239870,0.134412,-0.351528,-0.243182,0.234329,-0.358985,-0.241526,0.205640,-0.401141,-0.208654,0.231087,-0.405790,-0.147567,0.259385,-0.396875,-0.206534
2026-07-29 15:49:41.265,132.399874,0.000000,0.000000,0.000000,0.342408,-0.372952,-0.222130,0.142372,-0.364061,-0.225814,0.242390,-0.368507,-0.223972,0.214688,-0.408111,-0.189062,0.240266,-0.409033,-0.127044,0.268397,-0.402449,-0.187233
2026-07-29 15:49:41.365,132.499874,0.000000,0.000000,0.000000,0.343419,-0.376042,-0.222852,0.143192,-0.368163,-0.226451,0.243305,-0.372102,-0.224651,0.215503,-0.413229,-0.189662,0.241041,-0.414154,-0.127740,0.269130,-0.407566,-0.187836
2026-07-29 15:49:41.465,132.599874,0.000000,0.000000,0.000000,0.342408,-0.372952,-0.222130,0.142271,-0.363046,-0.225903,0.242339,-0.367999,-0.224017,0.214684,-0.409127,-0.189025,0.240239,-0.409006,-0.126328,0.268397,-0.402449,-0.187233
2026-07-29 15:49:41.565,132.699873,0.000000,0.000000,0.000000,0.343227,-0.377054,-0.222767,0.143293,-0.369178,-0.226363,0.243260,-0.373116,-0.224565,0.215508,-0.412213,-0.189699,0.241058,-0.413108,-0.126965,0.269130,-0.407566,-0.187836
2026-07-29 15:49:41.665,132.799873,0.000000,0.000000,0.000000,0.343227,-0.377054,-0.222767,0.143192,-0.368163,-0.226451,0.243210,-0.372608,-0.224609,0.215508,-0.412213,-0.189699,0.241075,-0.412061,-0.126188,0.269130,-0.407566,-0.187836
2026-07-29 15:49:41.765,132.899873,0.000000,0.000000,0.000000,0.342818,-0.375003,-0.222449,0.142681,-0.365097,-0.226222,0.242749,-0.370050,-0.224335,0.215094,-0.411178,-0.189343,0.240665,-0.410010,-0.125870,0.268807,-0.404500,-0.187552
2026-07-29 15:49:41.865,132.999873,0.000000,0.000000,0.000000,0.342421,-0.374990,-0.222205,0.142577,-0.365086,-0.225974,0.242499,-0.370038,-0.224089,0.214889,-0.410152,-0.189184,0.240389,-0.409976,-0.125056,0.268602,-0.403475,-0.187393
2026-07-29 15:49:41.965,133.099873,0.000000,0.000000,0.000000,0.343419,-0.376042,-0.222852,0.143090,-0.367148,-0.226540,0.243255,-0.371595,-0.224696,0.216226,-0.412218,-0.189672,0.240374,-0.411008,-0.125437,0.269130,-0.407566,-0.187836
2026-07-29 15:49:42.065,133.199873,0.000000,0.000000,0.000000,0.334972,-0.370525,-0.240713,0.135214,-0.356632,-0.243987,0.235093,-0.363579,-0.242350,0.207113,-0.404233,-0.209456,0.231097,-0.407860,-0.144632,0.260111,-0.400958,-0.207377
2026-07-29 15:49:42.165,133.299873,0.000000,0.000000,0.000000,0.342613,-0.373978,-0.222289,0.142476,-0.364071,-0.226062,0.242544,-0.369025,-0.224176,0.214889,-0.410152,-0.189184,0.239732,-0.407904,-0.124241,0.268602,-0.403475,-0.187393
2026-07-29 15:49:42.265,133.399873,0.000000,0.000000,0.000000,0.343036,-0.378066,-0.222683,0.143192,-0.368163,-0.226451,0.243114,-0.373115,-0.224567,0.215508,-0.412213,-0.189699,0.240261,-0.413019,-0.124846,0.269130,-0.407566,-0.187836
2026-07-29 15:49:42.365,133.499873,0.000000,0.000000,0.000000,0.342818,-0.375003,-0.222449,0.142681,-0.365097,-0.226222,0.242749,-0.370050,-0.224335,0.215094,-0.411178,-0.189343,0.239192,-0.408895,-0.123710,0.268720,-0.405515,-0.187517
2026-07-29 15:49:42.465,133.599873,0.000000,0.000000,0.000000,0.343419,-0.376042,-0.222852,0.143090,-0.367148,-0.226540,0.243255,-0.371595,-0.224696,0.215503,-0.413229,-0.189662,0.239561,-0.411966,-0.124093,0.269130,-0.407566,-0.187836
2026-07-29 15:49:42.565,133.699872,0.000000,0.000000,0.000000,0.342203,-0.371927,-0.221971,0.142269,-0.364050,-0.225566,0.242236,-0.367989,-0.223769,0.214479,-0.408101,-0.188865,0.238578,-0.405819,-0.123232,0.268105,-0.402439,-0.187040
2026-07-29 15:49:42.665,133.799872,0.000000,0.000000,0.000000,0.341793,-0.369876,-0.221652,0.141758,-0.360984,-0.225337,0.241775,-0.365430,-0.223495,0.214069,-0.406050,-0.188547,0.237450,-0.403762,-0.122941,0.267696,-0.400388,-0.186721
2026-07-29 15:49:42.765,133.899872,0.000000,0.000000,0.000000,0.342600,-0.371940,-0.222215,0.142372,-0.364061,-0.225814,0.242486,-0.368000,-0.224014,0.214684,-0.409127,-0.189025,0.238024,-0.407858,-0.123483,0.268310,-0.403465,-0.187199
2026-07-29 15:49:42.865,133.999872,0.000000,0.000000,0.000000,0.335516,-0.373588,-0.241344,0.135758,-0.359694,-0.244618,0.235637,-0.366641,-0.242981,0.206883,-0.408295,-0.209410,0.230246,-0.409868,-0.144485,0.260655,-0.404020,-0.208008
2026-07-29 15:49:42.965,134.099872,0.000000,0.000000,0.000000,0.343682,-0.381163,-0.223677,0.144216,-0.373290,-0.227248,0.243949,-0.377226,-0.225462,0.216532,-0.417340,-0.190496,0.239164,-0.416034,-0.124161,0.270154,-0.412694,-0.188632
2026-07-29 15:49:43.065,134.199872,0.000000,0.000000,0.000000,0.343009,-0.373991,-0.222533,0.142681,-0.365097,-0.226222,0.242845,-0.369544,-0.224377,0.215094,-0.411178,-0.189343,0.237757,-0.408884,-0.123765,0.268720,-0.405515,-0.187517
2026-07-29 15:49:43.165,134.299872,0.000000,0.000000,0.000000,0.343419,-0.376042,-0.222852,0.143192,-0.368163,-0.226451,0.243305,-0.372102,-0.224651,0.215508,-0.412213,-0.189699,0.238100,-0.411927,-0.123431,0.269130,-0.407566,-0.187836
2026-07-29 15:49:43.265,134.399872,0.000000,0.000000,0.000000,0.343009,-0.373991,-0.222533,0.142782,-0.366112,-0.226133,0.242896,-0.370051,-0.224333,0.215066,-0.411150,-0.188625,0.237757,-0.408884,-0.123765,0.268720,-0.405515,-0.187517
2026-07-29 15:49:43.365,134.499872,0.000000,0.000000,0.000000,0.342600,-0.371940,-0.222215,0.142271,-0.363046,-0.225903,0.242435,-0.367493,-0.224059,0.214688,-0.408111,-0.189062,0.237387,-0.405813,-0.123382,0.268310,-0.403465,-0.187199
2026-07-29 15:49:43.465,134.599872,0.000000,0.000000,0.000000,0.343419,-0.376042,-0.222852,0.143192,-0.368163,-0.226451,0.243305,-0.372102,-0.224651,0.215476,-0.413201,-0.188944,0.238167,-0.410935,-0.124083,0.269130,-0.407566,-0.187836
2026-07-29 15:49:43.565,134.699872,0.000000,0.000000,0.000000,0.335732,-0.372577,-0.241378,0.135758,-0.359694,-0.244618,0.235745,-0.366136,-0.242998,0.206910,-0.408287,-0.210128,0.229529,-0.409843,-0.144513,0.260655,-0.404020,-0.208008
2026-07-29 15:49:43.665,134.799871,0.000000,0.000000,0.000000,0.343022,-0.376029,-0.222608,0.142987,-0.367137,-0.226292,0.243005,-0.371583,-0.224450,0.215299,-0.412203,-0.189502,0.237895,-0.410901,-0.123272,0.268925,-0.406541,-0.187677
2026-07-29 15:49:43.765,134.899871,0.000000,0.000000,0.000000,0.343637,-0.379105,-0.223086,0.143601,-0.370214,-0.226770,0.243619,-0.374659,-0.224928,0.215909,-0.416295,-0.189942,0.237755,-0.414991,-0.123842,0.269540,-0.409617,-0.188154
2026-07-29 15:49:43.865,134.999871,0.000000,0.000000,0.000000,0.342863,-0.377061,-0.223040,0.143397,-0.369188,-0.226611,0.243130,-0.373125,-0.224825,0.215677,-0.415242,-0.189066,0.236872,-0.412940,-0.123645,0.269335,-0.408592,-0.187995
2026-07-29 15:49:43.965,135.099871,0.000000,0.000000,0.000000,0.343624,-0.377067,-0.223011,0.143397,-0.369188,-0.226611,0.243510,-0.373128,-0.224811,0.214963,-0.414220,-0.189130,0.236835,-0.413960,-0.123710,0.269335,-0.408592,-0.187995
2026-07-29 15:49:44.065,135.199871,0.000000,0.000000,0.000000,0.343022,-0.376029,-0.222608,0.142987,-0.367137,-0.226292,0.243005,-0.371583,-0.224450,0.214551,-0.413185,-0.188775,0.236388,-0.412929,-0.123457,0.268925,-0.406541,-0.187677
2026-07-29 15:49:44.165,135.299871,0.000000,0.000000,0.000000,0.342804,-0.372965,-0.222374,0.142577,-0.365086,-0.225974,0.242691,-0.369026,-0.224174,0.214861,-0.410124,-0.188466,0.235978,-0.410878,-0.123139,0.268515,-0.404490,-0.187358
2026-07-29 15:49:44.265,135.399871,0.000000,0.000000,0.000000,0.342626,-0.376016,-0.222364,0.142782,-0.366112,-0.226133,0.242704,-0.371064,-0.224249,0.214346,-0.412160,-0.188616,0.236247,-0.410911,-0.123948,0.268720,-0.405515,-0.187517
2026-07-29 15:49:44.365,135.499871,0.000000,0.000000,0.000000,0.336423,-0.378692,-0.242397,0.136666,-0.364799,-0.245671,0.236545,-0.371745,-0.244034,0.207817,-0.413391,-0.211181,0.228878,-0.416926,-0.145851,0.261562,-0.409125,-0.209061
2026-07-29 15:49:44.465,135.599871,0.000000,0.000000,0.000000,0.325410,-0.390868,-0.232154,0.125911,-0.373429,-0.233864,0.225660,-0.382149,-0.233009,0.195830,-0.422058,-0.198452,0.218270,-0.423765,-0.133953,0.250510,-0.417734,-0.197032
2026-07-29 15:49:44.565,135.699871,0.000000,0.000000,0.000000,0.343214,-0.375016,-0.222692,0.142885,-0.366122,-0.226381,0.243050,-0.370569,-0.224537,0.214581,-0.412197,-0.189530,0.236517,-0.410945,-0.124760,0.268925,-0.406541,-0.187677
2026-07-29 15:49:44.665,135.799870,0.000000,0.000000,0.000000,0.342818,-0.375003,-0.222449,0.142782,-0.366112,-0.226133,0.242800,-0.370557,-0.224291,0.214373,-0.412188,-0.189333,0.236376,-0.408928,-0.125256,0.268720,-0.405515,-0.187517
2026-07-29 15:49:44.765,135.899870,0.000000,0.000000,0.000000,0.334246,-0.366442,-0.239870,0.134488,-0.352549,-0.243145,0.234367,-0.359495,-0.241507,0.204923,-0.401117,-0.208682,0.227624,-0.402650,-0.145221,0.259385,-0.396875,-0.206534
2026-07-29 15:49:44.865,135.999870,0.000000,0.000000,0.000000,0.335879,-0.375629,-0.241765,0.136121,-0.361736,-0.245040,0.236000,-0.368683,-0.243403,0.206528,-0.411320,-0.210590,0.229194,-0.412851,-0.147229,0.261018,-0.406062,-0.208429
2026-07-29 15:49:44.965,136.099870,0.000000,0.000000,0.000000,0.342600,-0.371940,-0.222215,0.142372,-0.364061,-0.225814,0.242486,-0.368000,-0.224014,0.213966,-0.409121,-0.189052,0.236700,-0.407957,-0.126405,0.268310,-0.403465,-0.187199
2026-07-29 15:49:45.065,136.199870,0.000000,0.000000,0.000000,0.343445,-0.380117,-0.223001,0.143601,-0.370214,-0.226770,0.243523,-0.375166,-0.224886,0.215196,-0.415274,-0.190008,0.238673,-0.414144,-0.128050,0.269540,-0.409617,-0.188154
2026-07-29 15:49:45.165,136.299870,0.000000,0.000000,0.000000,0.342818,-0.375003,-0.222449,0.142681,-0.365097,-0.226222,0.242749,-0.370050,-0.224335,0.214376,-0.411172,-0.189371,0.237921,-0.409050,-0.128072,0.268720,-0.405515,-0.187517
2026-07-29 15:49:45.265,136.399870,0.000000,0.000000,0.000000,0.343419,-0.376042,-0.222852,0.143192,-0.368163,-0.226451,0.243305,-0.372102,-0.224651,0.214783,-0.414239,-0.189651,0.239035,-0.412154,-0.129138,0.269130,-0.407566,-0.187836
2026-07-29 15:49:45.365,136.499870,0.000000,0.000000,0.000000,0.342818,-0.375003,-0.222449,0.142681,-0.365097,-0.226222,0.242749,-0.370050,-0.224335,0.214379,-0.410156,-0.189408,0.238666,-0.409084,-0.128763,0.268677,-0.406023,-0.187500
2026-07-29 15:49:45.465,136.599870,0.000000,0.000000,0.000000,0.334790,-0.369504,-0.240502,0.134956,-0.354591,-0.243814,0.234873,-0.362048,-0.242158,0.205440,-0.405195,-0.209327,0.229741,-0.405722,-0.149391,0.259818,-0.400950,-0.207183
2026-07-29 15:49:45.565,136.699870,0.000000,0.000000,0.000000,0.343445,-0.380117,-0.223001,0.143703,-0.371229,-0.226681,0.243574,-0.375673,-0.224841,0.215193,-0.416290,-0.189970,0.239417,-0.416299,-0.130999,0.269453,-0.410633,-0.188120
2026-07-29 15:49:45.665,136.799870,0.000000,0.000000,0.000000,0.343227,-0.377054,-0.222767,0.143192,-0.368163,-0.226451,0.243210,-0.372608,-0.224609,0.214786,-0.413223,-0.189689,0.239679,-0.415272,-0.130708,0.269043,-0.408582,-0.187801
2026-07-29 15:49:45.765,136.899869,0.000000,0.000000,0.000000,0.336095,-0.374619,-0.241799,0.136121,-0.361736,-0.245040,0.236108,-0.368178,-0.243419,0.206556,-0.410304,-0.210577,0.231403,-0.414898,-0.152377,0.260184,-0.407051,-0.208474
2026-07-29 15:49:45.865,136.999869,0.000000,0.000000,0.000000,0.342818,-0.375003,-0.222449,0.142681,-0.365097,-0.226222,0.242749,-0.370050,-0.224335,0.214373,-0.412188,-0.189333,0.239297,-0.413249,-0.131103,0.267910,-0.406525,-0.187510
2026-07-29 15:49:45.965,137.099869,0.000000,0.000000,0.000000,0.343432,-0.378080,-0.222926,0.143498,-0.370203,-0.226522,0.243465,-0.374141,-0.224724,0.214991,-0.414248,-0.189848,0.239953,-0.415306,-0.131527,0.268638,-0.408614,-0.188747
2026-07-29 15:49:46.065,137.199869,0.000000,0.000000,0.000000,0.335153,-0.371546,-0.240923,0.135396,-0.357653,-0.244197,0.235274,-0.364599,-0.242560,0.205830,-0.406221,-0.209734,0.230610,-0.411828,-0.151640,0.259486,-0.402960,-0.208355
2026-07-29 15:49:46.165,137.299869,0.000000,0.000000,0.000000,0.342818,-0.375003,-0.222449,0.142782,-0.366112,-0.226133,0.242800,-0.370557,-0.224291,0.214376,-0.411172,-0.189371,0.240080,-0.412263,-0.131737,0.267938,-0.406553,-0.188234
2026-07-29 15:49:46.265,137.399869,0.000000,0.000000,0.000000,0.341793,-0.369876,-0.221652,0.141758,-0.360984,-0.225337,0.241775,-0.365430,-0.223495,0.213352,-0.406044,-0.188574,0.239099,-0.406117,-0.130888,0.266913,-0.401426,-0.187438
2026-07-29 15:49:46.365,137.499869,0.000000,0.000000,0.000000,0.343022,-0.376029,-0.222608,0.142987,-0.367137,-0.226292,0.243005,-0.371583,-0.224450,0.215299,-0.412203,-0.189502,0.240999,-0.413295,-0.131868,0.268158,-0.407043,-0.187687
2026-07-29 15:49:46.465,137.599869,0.000000,0.000000,0.000000,0.342613,-0.373978,-0.222289,0.142678,-0.366101,-0.225885,0.242646,-0.370040,-0.224087,0.214893,-0.409136,-0.189222,0.240590,-0.411244,-0.131550,0.267733,-0.405527,-0.188075
2026-07-29 15:49:46.565,137.699869,0.000000,0.000000,0.000000,0.342818,-0.375003,-0.222449,0.142782,-0.366112,-0.226133,0.242800,-0.370557,-0.224291,0.215098,-0.410162,-0.189381,0.240839,-0.411250,-0.131657,0.268023,-0.405538,-0.188270
2026-07-29 15:49:46.665,137.799869,0.000000,0.000000,0.000000,0.343842,-0.380130,-0.223245,0.143806,-0.371239,-0.226929,0.243824,-0.375685,-0.225087,0.216122,-0.415289,-0.190177,0.242606,-0.416411,-0.133142,0.268962,-0.411680,-0.189030
2026-07-29 15:49:46.765,137.899868,0.000000,0.000000,0.000000,0.335879,-0.375629,-0.241765,0.136121,-0.361736,-0.245040,0.236000,-0.368683,-0.243403,0.207302,-0.409312,-0.210536,0.233739,-0.412928,-0.153521,0.260211,-0.407043,-0.209198
2026-07-29 15:49:46.865,137.999868,0.000000,0.000000,0.000000,0.343637,-0.379105,-0.223086,0.143601,-0.370214,-0.226770,0.243619,-0.374659,-0.224928,0.215917,-0.414264,-0.190018,0.243210,-0.413353,-0.132852,0.268843,-0.409639,-0.188907
2026-07-29 15:49:46.965,138.099868,0.000000,0.000000,0.000000,0.343227,-0.377054,-0.222767,0.143090,-0.367148,-0.226540,0.243159,-0.372101,-0.224654,0.215508,-0.412213,-0.189699,0.242874,-0.410311,-0.133202,0.268347,-0.408604,-0.188552
2026-07-29 15:49:47.065,138.199868,0.000000,0.000000,0.000000,0.342613,-0.373978,-0.222289,0.142577,-0.365086,-0.225974,0.242595,-0.369532,-0.224132,0.214893,-0.409136,-0.189222,0.242978,-0.407241,-0.132696,0.267733,-0.405527,-0.188075
2026-07-29 15:49:47.165,138.299868,0.000000,0.000000,0.000000,0.342818,-0.375003,-0.222449,0.142782,-0.366112,-0.226133,0.242800,-0.370557,-0.224291,0.215098,-0.410162,-0.189381,0.243183,-0.408266,-0.132856,0.267299,-0.405532,-0.188297
2026-07-29 15:49:47.265,138.399868,0.000000,0.000000,0.000000,0.342408,-0.372952,-0.222130,0.142372,-0.364061,-0.225814,0.242390,-0.368507,-0.223972,0.215412,-0.407101,-0.189073,0.243519,-0.406249,-0.133229,0.266805,-0.404496,-0.187943
2026-07-29 15:49:47.365,138.499868,0.000000,0.000000,0.000000,0.343227,-0.377054,-0.222767,0.143192,-0.368163,-0.226451,0.243210,-0.372608,-0.224609,0.216226,-0.412218,-0.189672,0.244339,-0.410351,-0.133866,0.267709,-0.407583,-0.188616
2026-07-29 15:49:47.465,138.599868,0.000000,0.000000,0.000000,0.343022,-0.376029,-0.222608,0.142987,-0.367137,-0.226292,0.243005,-0.371583,-0.224450,0.216027,-0.410177,-0.189550,0.244880,-0.409359,-0.134398,0.267504,-0.406557,-0.188457
2026-07-29 15:49:47.565,138.699868,0.000000,0.000000,0.000000,0.343419,-0.376042,-0.222852,0.143192,-0.368163,-0.226451,0.243305,-0.372102,-0.224651,0.216232,-0.411202,-0.189710,0.245085,-0.410384,-0.134557,0.267709,-0.407583,-0.188616
2026-07-29 15:49:47.665,138.799868,0.000000,0.000000,0.000000,0.342818,-0.375003,-0.222449,0.142782,-0.366112,-0.226133,0.242800,-0.370557,-0.224291,0.215822,-0.409152,-0.189391,0.245421,-0.408367,-0.134930,0.267299,-0.405532,-0.188297
2026-07-29 15:49:47.765,138.899868,0.000000,0.000000,0.000000,0.342818,-0.375003,-0.222449,0.142782,-0.366112,-0.226133,0.242800,-0.370557,-0.224291,0.215827,-0.408136,-0.189429,0.245421,-0.408367,-0.134930,0.267299,-0.405532,-0.188297
2026-07-29 15:49:47.865,138.999867,0.000000,0.000000,0.000000,0.343022,-0.376029,-0.222608,0.142987,-0.367137,-0.226292,0.243005,-0.371583,-0.224450,0.216753,-0.409167,-0.189560,0.246372,-0.409426,-0.135781,0.267504,-0.406557,-0.188457
2026-07-29 15:49:47.965,139.099867,0.000000,0.000000,0.000000,0.335879,-0.375629,-0.241765,0.136045,-0.360716,-0.245077,0.235962,-0.368173,-0.243421,0.208769,-0.408346,-0.210468,0.238356,-0.411001,-0.157469,0.259598,-0.406005,-0.209210
2026-07-29 15:49:48.065,139.199867,0.000000,0.000000,0.000000,0.342818,-0.375003,-0.222449,0.142782,-0.366112,-0.226133,0.242800,-0.370557,-0.224291,0.216548,-0.408141,-0.189401,0.246913,-0.408434,-0.136314,0.267384,-0.404517,-0.188333
2026-07-29 15:49:48.165,139.299867,0.000000,0.000000,0.000000,0.342818,-0.375003,-0.222449,0.142782,-0.366112,-0.226133,0.242800,-0.370557,-0.224291,0.217262,-0.409163,-0.189336,0.246941,-0.408462,-0.137033,0.267299,-0.405532,-0.188297
2026-07-29 15:49:48.265,139.399867,0.000000,0.000000,0.000000,0.342818,-0.375003,-0.222449,0.142782,-0.366112,-0.226133,0.242800,-0.370557,-0.224291,0.217262,-0.409163,-0.189336,0.247714,-0.407449,-0.136961,0.267299,-0.405532,-0.188297
2026-07-29 15:49:48.365,139.499867,0.000000,0.000000,0.000000,0.343009,-0.373991,-0.222533,0.142782,-0.366112,-0.226133,0.242896,-0.370051,-0.224333,0.217262,-0.409163,-0.189336,0.247714,-0.407986,-0.137703,0.267299,-0.405532,-0.188297
2026-07-29 15:49:48.465,139.599867,0.000000,0.000000,0.000000,0.343637,-0.379105,-0.223086,0.143601,-0.370214,-0.226770,0.243619,-0.374659,-0.224928,0.218081,-0.413265,-0.189973,0.248588,-0.411607,-0.139039,0.268118,-0.409634,-0.188934
2026-07-29 15:49:48.565,139.699867,0.000000,0.000000,0.000000,0.342057,-0.374997,-0.222478,0.142883,-0.367127,-0.226044,0.242470,-0.371062,-0.224261,0.217262,-0.409163,-0.189336,0.248628,-0.405502,-0.139014,0.267384,-0.404517,-0.188333
2026-07-29 15:49:48.665,139.799867,0.000000,0.000000,0.000000,0.343419,-0.376042,-0.222852,0.143192,-0.368163,-0.226451,0.243305,-0.372102,-0.224651,0.218383,-0.412236,-0.189589,0.248982,-0.408571,-0.139372,0.267736,-0.407611,-0.189341
2026-07-29 15:49:48.765,139.899867,0.000000,0.000000,0.000000,0.343022,-0.376029,-0.222608,0.142987,-0.367137,-0.226292,0.243005,-0.371583,-0.224450,0.218214,-0.410222,-0.190188,0.248804,-0.407574,-0.139935,0.266891,-0.405564,-0.189246
2026-07-29 15:49:48.865,139.999866,0.000000,0.000000,0.000000,0.335516,-0.373588,-0.241344,0.135758,-0.359694,-0.244618,0.235637,-0.366641,-0.242981,0.209873,-0.406345,-0.210712,0.240447,-0.406967,-0.160383,0.258539,-0.403931,-0.209541
2026-07-29 15:49:48.965,140.099866,0.000000,0.000000,0.000000,0.334790,-0.369504,-0.240502,0.135033,-0.355611,-0.243776,0.234912,-0.362558,-0.242139,0.209147,-0.402262,-0.209870,0.239749,-0.402876,-0.160263,0.257921,-0.398834,-0.208685
2026-07-29 15:49:49.065,140.199866,0.000000,0.000000,0.000000,0.342408,-0.372952,-0.222130,0.142372,-0.364061,-0.225814,0.242390,-0.368507,-0.223972,0.217599,-0.407146,-0.189710,0.248217,-0.404525,-0.140178,0.266276,-0.402488,-0.188768
2026-07-29 15:49:49.165,140.299866,0.000000,0.000000,0.000000,0.342613,-0.373978,-0.222289,0.142577,-0.365086,-0.225974,0.242595,-0.369532,-0.224132,0.217804,-0.408171,-0.189869,0.248422,-0.405550,-0.140337,0.266481,-0.403513,-0.188928
2026-07-29 15:49:49.265,140.399866,0.000000,0.000000,0.000000,0.334972,-0.370525,-0.240713,0.135214,-0.356632,-0.243987,0.235093,-0.363579,-0.242350,0.209362,-0.402267,-0.210068,0.239931,-0.403897,-0.160473,0.258211,-0.398841,-0.208881
2026-07-29 15:49:49.365,140.499866,0.000000,0.000000,0.000000,0.342818,-0.375003,-0.222449,0.142782,-0.366112,-0.226133,0.242800,-0.370557,-0.224291,0.218009,-0.409197,-0.190029,0.248654,-0.406604,-0.141218,0.266686,-0.404539,-0.189087
2026-07-29 15:49:49.465,140.599866,0.000000,0.000000,0.000000,0.343022,-0.376029,-0.222608,0.142987,-0.367137,-0.226292,0.243005,-0.371583,-0.224450,0.218222,-0.409206,-0.190227,0.248915,-0.406611,-0.141340,0.266932,-0.405057,-0.189264
2026-07-29 15:49:49.565,140.699866,0.000000,0.000000,0.000000,0.335516,-0.373588,-0.241344,0.135758,-0.359694,-0.244618,0.235637,-0.366641,-0.242981,0.209873,-0.406345,-0.210712,0.240583,-0.405938,-0.161738,0.258755,-0.401904,-0.209513
2026-07-29 15:49:49.665,140.799866,0.000000,0.000000,0.000000,0.342057,-0.374997,-0.222478,0.142782,-0.366112,-0.226133,0.242420,-0.370554,-0.224305,0.218009,-0.409197,-0.190029,0.248710,-0.405586,-0.141181,0.266686,-0.404539,-0.189087
2026-07-29 15:49:49.765,140.899866,0.000000,0.000000,0.000000,0.342408,-0.372952,-0.222130,0.142372,-0.364061,-0.225814,0.242390,-0.368507,-0.223972,0.217599,-0.407146,-0.189710,0.248301,-0.403535,-0.140862,0.266276,-0.402488,-0.188768
2026-07-29 15:49:49.865,140.999866,0.000000,0.000000,0.000000,0.335335,-0.372567,-0.241134,0.135500,-0.357653,-0.244446,0.235417,-0.365110,-0.242790,0.209692,-0.405324,-0.210502,0.240321,-0.405931,-0.161616,0.258465,-0.401896,-0.209317
2026-07-29 15:49:49.965,141.099865,0.000000,0.000000,0.000000,0.343227,-0.377054,-0.222767,0.143192,-0.368163,-0.226451,0.243210,-0.372608,-0.224609,0.218419,-0.411248,-0.190347,0.249064,-0.408655,-0.141536,0.267179,-0.405574,-0.189442
2026-07-29 15:49:50.065,141.199865,0.000000,0.000000,0.000000,0.342818,-0.375003,-0.222449,0.142782,-0.366112,-0.226133,0.242800,-0.370557,-0.224291,0.218009,-0.409197,-0.190029,0.248654,-0.406604,-0.141218,0.266686,-0.404539,-0.189087
2026-07-29 15:49:50.165,141.299865,0.000000,0.000000,0.000000,0.334609,-0.368484,-0.240291,0.134851,-0.354590,-0.243566,0.234730,-0.361537,-0.241929,0.208999,-0.400225,-0.209647,0.239676,-0.400834,-0.160686,0.257740,-0.397813,-0.208474
2026-07-29 15:49:50.265,141.399865,0.000000,0.000000,0.000000,0.342818,-0.375003,-0.222449,0.142782,-0.366112,-0.226133,0.242800,-0.370557,-0.224291,0.218009,-0.409197,-0.190029,0.248654,-0.406604,-0.141218,0.266769,-0.403523,-0.189124
2026-07-29 15:49:50.365,141.499865,0.000000,0.000000,0.000000,0.343227,-0.377054,-0.222767,0.143192,-0.368163,-0.226451,0.243210,-0.372608,-0.224609,0.218419,-0.411248,-0.190347,0.249120,-0.407636,-0.141499,0.267095,-0.406590,-0.189405
2026-07-29 15:49:50.465,141.599865,0.000000,0.000000,0.000000,0.343637,-0.379105,-0.223086,0.143500,-0.369199,-0.226859,0.243569,-0.374152,-0.224972,0.218828,-0.413299,-0.190666,0.249501,-0.410734,-0.142576,0.267505,-0.408641,-0.189724
2026-07-29 15:49:50.565,141.699865,0.000000,0.000000,0.000000,0.343227,-0.377054,-0.222767,0.143192,-0.368163,-0.226451,0.243210,-0.372608,-0.224609,0.218419,-0.411248,-0.190347,0.249091,-0.408683,-0.142258,0.267179,-0.405574,-0.189442
2026-07-29 15:49:50.665,141.799865,0.000000,0.000000,0.000000,0.342818,-0.375003,-0.222449,0.142782,-0.366112,-0.226133,0.242800,-0.370557,-0.224291,0.218017,-0.408181,-0.190067,0.247961,-0.406626,-0.141967,0.266686,-0.404539,-0.189087
2026-07-29 15:49:50.765,141.899865,0.000000,0.000000,0.000000,0.343227,-0.377054,-0.222767,0.143192,-0.368163,-0.226451,0.243210,-0.372608,-0.224609,0.218419,-0.411248,-0.190347,0.248425,-0.407659,-0.142249,0.267179,-0.405574,-0.189442
2026-07-29 15:49:50.865,141.999865,0.000000,0.000000,0.000000,0.335119,-0.375603,-0.241794,0.136121,-0.361736,-0.245040,0.235620,-0.368670,-0.243417,0.210269,-0.407371,-0.211121,0.240093,-0.409975,-0.163084,0.259010,-0.404959,-0.209948
2026-07-29 15:49:50.965,142.099864,0.000000,0.000000,0.000000,0.343009,-0.373991,-0.222533,0.142782,-0.366112,-0.226133,0.242896,-0.370051,-0.224333,0.218017,-0.408181,-0.190067,0.247213,-0.407666,-0.142751,0.266769,-0.403523,-0.189124
2026-07-29 15:49:51.065,142.199864,0.000000,0.000000,0.000000,0.334790,-0.369504,-0.240502,0.135033,-0.355611,-0.243776,0.234912,-0.362558,-0.242139,0.209181,-0.401246,-0.209858,0.238313,-0.403817,-0.162569,0.257921,-0.398834,-0.208685
2026-07-29 15:49:51.165,142.299864,0.000000,0.000000,0.000000,0.334790,-0.369504,-0.240502,0.135033,-0.355611,-0.243776,0.234912,-0.362558,-0.242139,0.209147,-0.402262,-0.209870,0.238313,-0.403817,-0.162569,0.257921,-0.398834,-0.208685
2026-07-29 15:49:51.265,142.399864,0.000000,0.000000,0.000000,0.342818,-0.375003,-0.222449,0.142782,-0.366112,-0.226133,0.242800,-0.370557,-0.224291,0.218026,-0.407165,-0.190106,0.247267,-0.406648,-0.142716,0.266686,-0.404539,-0.189087
2026-07-29 15:49:51.365,142.499864,0.000000,0.000000,0.000000,0.342818,-0.375003,-0.222449,0.142681,-0.365097,-0.226222,0.242749,-0.370050,-0.224335,0.218017,-0.408181,-0.190067,0.247213,-0.407666,-0.142751,0.266043,-0.403518,-0.189152
2026-07-29 15:49:51.465,142.599864,0.000000,0.000000,0.000000,0.334723,-0.375593,-0.241550,0.135940,-0.360715,-0.244829,0.235331,-0.368154,-0.243190,0.210088,-0.406350,-0.210911,0.239298,-0.407908,-0.163536,0.258103,-0.403913,-0.209765
2026-07-29 15:49:51.565,142.699864,0.000000,0.000000,0.000000,0.342818,-0.375003,-0.222449,0.142681,-0.365097,-0.226222,0.242749,-0.370050,-0.224335,0.218738,-0.408187,-0.190040,0.247267,-0.406648,-0.142716,0.266043,-0.403518,-0.189152
2026-07-29 15:49:51.665,142.799864,0.000000,0.000000,0.000000,0.342408,-0.372952,-0.222130,0.142271,-0.363046,-0.225903,0.242339,-0.367999,-0.224017,0.218329,-0.406136,-0.189721,0.246857,-0.404597,-0.142397,0.265633,-0.401467,-0.188833
2026-07-29 15:49:51.765,142.899864,0.000000,0.000000,0.000000,0.341648,-0.372946,-0.222159,0.142372,-0.364061,-0.225814,0.242010,-0.368503,-0.223987,0.218329,-0.406136,-0.189721,0.246857,-0.404597,-0.142397,0.265633,-0.401467,-0.188833
2026-07-29 15:49:51.865,142.999864,0.000000,0.000000,0.000000,0.335516,-0.373588,-0.241344,0.135758,-0.359694,-0.244618,0.235637,-0.366641,-0.242981,0.210627,-0.405354,-0.210673,0.239038,-0.407901,-0.163411,0.258029,-0.401879,-0.209541
2026-07-29 15:49:51.965,143.099864,0.000000,0.000000,0.000000,0.342467,-0.377048,-0.222796,0.143192,-0.368163,-0.226451,0.242829,-0.372605,-0.224624,0.219148,-0.410238,-0.190358,0.247595,-0.409689,-0.142349,0.266453,-0.405569,-0.189470
2026-07-29 15:49:52.065,143.199863,0.000000,0.000000,0.000000,0.343637,-0.379105,-0.223086,0.143500,-0.369199,-0.226859,0.243569,-0.374152,-0.224972,0.219568,-0.411273,-0.190715,0.248059,-0.410722,-0.142631,0.266862,-0.407619,-0.189789
2026-07-29 15:49:52.165,143.299863,0.000000,0.000000,0.000000,0.335516,-0.373588,-0.241344,0.135758,-0.359694,-0.244618,0.235637,-0.366641,-0.242981,0.210627,-0.405354,-0.210673,0.239140,-0.405889,-0.161793,0.258647,-0.402917,-0.209527
2026-07-29 15:49:52.265,143.399863,0.000000,0.000000,0.000000,0.343842,-0.380130,-0.223245,0.143806,-0.371239,-0.226929,0.243824,-0.375685,-0.225087,0.219773,-0.412298,-0.190875,0.247568,-0.410695,-0.142060,0.267067,-0.408645,-0.189948
2026-07-29 15:49:52.365,143.499863,0.000000,0.000000,0.000000,0.342877,-0.379099,-0.223115,0.143601,-0.370214,-0.226770,0.243239,-0.374656,-0.224942,0.219558,-0.412289,-0.190677,0.247336,-0.409642,-0.141178,0.266862,-0.407619,-0.189789
2026-07-29 15:49:52.465,143.599863,0.000000,0.000000,0.000000,0.343637,-0.379105,-0.223086,0.143601,-0.370214,-0.226770,0.243619,-0.374659,-0.224928,0.219540,-0.411245,-0.189993,0.246587,-0.409608,-0.140484,0.267561,-0.407597,-0.189034
2026-07-29 15:49:52.565,143.699863,0.000000,0.000000,0.000000,0.336061,-0.376650,-0.241976,0.136303,-0.362757,-0.245250,0.236182,-0.369704,-0.243613,0.211171,-0.408416,-0.211304,0.238109,-0.409931,-0.161124,0.258545,-0.404949,-0.209445
2026-07-29 15:49:52.665,143.799863,0.000000,0.000000,0.000000,0.335879,-0.375629,-0.241765,0.136121,-0.361736,-0.245040,0.236000,-0.368683,-0.243403,0.210928,-0.408419,-0.210385,0.237179,-0.408894,-0.160220,0.258471,-0.402915,-0.209219
2026-07-29 15:49:52.765,143.899863,0.000000,0.000000,0.000000,0.343214,-0.375016,-0.222692,0.143088,-0.368152,-0.226203,0.243151,-0.371584,-0.224448,0.218926,-0.408169,-0.189515,0.245094,-0.408507,-0.138671,0.266947,-0.404521,-0.188556
2026-07-29 15:49:52.865,143.999863,0.000000,0.000000,0.000000,0.343637,-0.379105,-0.223086,0.143500,-0.369199,-0.226859,0.243569,-0.374152,-0.224972,0.219545,-0.410737,-0.190012,0.245060,-0.409513,-0.138372,0.266835,-0.407591,-0.189062
2026-07-29 15:49:52.965,144.099863,0.000000,0.000000,0.000000,0.342613,-0.373978,-0.222289,0.142577,-0.365086,-0.225974,0.242595,-0.369532,-0.224132,0.218506,-0.407134,-0.189159,0.243986,-0.405404,-0.137618,0.265810,-0.402464,-0.188265
2026-07-29 15:49:53.065,144.199862,0.000000,0.000000,0.000000,0.342818,-0.375003,-0.222449,0.142681,-0.365097,-0.226222,0.242749,-0.370050,-0.224335,0.218721,-0.407143,-0.189356,0.244213,-0.405383,-0.137012,0.266742,-0.403495,-0.188397
2026-07-29 15:49:53.165,144.299862,0.000000,0.000000,0.000000,0.334790,-0.369504,-0.240502,0.135033,-0.355611,-0.243776,0.234912,-0.362558,-0.242139,0.209942,-0.399246,-0.209081,0.234611,-0.401737,-0.156028,0.258001,-0.397828,-0.207943
2026-07-29 15:49:53.265,144.399862,0.000000,0.000000,0.000000,0.335551,-0.371557,-0.241167,0.135500,-0.357653,-0.244446,0.235526,-0.364605,-0.242806,0.210514,-0.402301,-0.210437,0.235083,-0.405813,-0.156756,0.258654,-0.399877,-0.208560
2026-07-29 15:49:53.365,144.499862,0.000000,0.000000,0.000000,0.335698,-0.374609,-0.241555,0.135940,-0.360715,-0.244829,0.235819,-0.367662,-0.243192,0.210843,-0.405359,-0.210871,0.235418,-0.407863,-0.156455,0.258909,-0.402932,-0.208996
2026-07-29 15:49:53.465,144.599862,0.000000,0.000000,0.000000,0.342216,-0.373965,-0.222046,0.142372,-0.364061,-0.225814,0.242294,-0.369013,-0.223930,0.218338,-0.405120,-0.189760,0.242978,-0.404289,-0.135322,0.266416,-0.400429,-0.188114
2026-07-29 15:49:53.565,144.699862,0.000000,0.000000,0.000000,0.336061,-0.376650,-0.241976,0.136303,-0.362757,-0.245250,0.236182,-0.369704,-0.243613,0.211206,-0.407400,-0.211292,0.235825,-0.408898,-0.156056,0.259379,-0.403961,-0.209402
2026-07-29 15:49:53.665,144.799862,0.000000,0.000000,0.000000,0.343227,-0.377054,-0.222767,0.143090,-0.367148,-0.226540,0.243159,-0.372101,-0.224654,0.218444,-0.408200,-0.190463,0.243743,-0.408335,-0.134516,0.267235,-0.404531,-0.188751
2026-07-29 15:49:53.765,144.899862,0.000000,0.000000,0.000000,0.335153,-0.371546,-0.240923,0.135396,-0.357653,-0.244197,0.235274,-0.364599,-0.242560,0.209577,-0.402272,-0.210266,0.234746,-0.405829,-0.154479,0.258472,-0.398856,-0.208349
2026-07-29 15:49:53.865,144.999862,0.000000,0.000000,0.000000,0.335879,-0.375629,-0.241765,0.136121,-0.361736,-0.245040,0.236000,-0.368683,-0.243403,0.210302,-0.406355,-0.211109,0.235371,-0.410934,-0.154701,0.259198,-0.402940,-0.209191
2026-07-29 15:49:53.965,145.099862,0.000000,0.000000,0.000000,0.342613,-0.373978,-0.222289,0.142577,-0.365086,-0.225974,0.242595,-0.369532,-0.224132,0.217821,-0.406140,-0.189947,0.242978,-0.407241,-0.132696,0.266704,-0.400439,-0.188309
2026-07-29 15:49:54.065,145.199862,0.000000,0.000000,0.000000,0.343637,-0.379105,-0.223086,0.143601,-0.370214,-0.226770,0.243619,-0.374659,-0.224928,0.218123,-0.411261,-0.190771,0.243955,-0.413387,-0.133543,0.268373,-0.406588,-0.189042
2026-07-29 15:49:54.165,145.299861,0.000000,0.000000,0.000000,0.343227,-0.377054,-0.222767,0.143192,-0.368163,-0.226451,0.243210,-0.372608,-0.224609,0.217714,-0.409210,-0.190452,0.243518,-0.411308,-0.132506,0.267963,-0.404537,-0.188723
2026-07-29 15:49:54.265,145.399861,0.000000,0.000000,0.000000,0.342203,-0.371927,-0.221971,0.142066,-0.362020,-0.225744,0.242134,-0.366974,-0.223857,0.216682,-0.405099,-0.189617,0.242493,-0.406181,-0.131710,0.266938,-0.399410,-0.187927
2026-07-29 15:49:54.365,145.499861,0.000000,0.000000,0.000000,0.341179,-0.366799,-0.221175,0.141143,-0.357908,-0.224859,0.241161,-0.362354,-0.223017,0.215657,-0.399971,-0.188821,0.242089,-0.403097,-0.130989,0.265914,-0.394282,-0.187131
2026-07-29 15:49:54.465,145.599861,0.000000,0.000000,0.000000,0.342408,-0.372952,-0.222130,0.142271,-0.363046,-0.225903,0.242339,-0.367999,-0.224017,0.216887,-0.406124,-0.189776,0.243367,-0.408231,-0.131893,0.267143,-0.400435,-0.188086
2026-07-29 15:49:54.565,145.699861,0.000000,0.000000,0.000000,0.342818,-0.375003,-0.222449,0.142782,-0.366112,-0.226133,0.242800,-0.370557,-0.224291,0.216575,-0.408169,-0.190122,0.243749,-0.410254,-0.131495,0.268281,-0.402492,-0.188377
2026-07-29 15:49:54.665,145.799861,0.000000,0.000000,0.000000,0.334972,-0.370525,-0.240713,0.135214,-0.356632,-0.243987,0.235093,-0.363579,-0.242350,0.207859,-0.404250,-0.210148,0.235026,-0.406891,-0.151565,0.259745,-0.397885,-0.208083
2026-07-29 15:49:54.765,145.899861,0.000000,0.000000,0.000000,0.342818,-0.375003,-0.222449,0.142782,-0.366112,-0.226133,0.242800,-0.370557,-0.224291,0.216569,-0.409185,-0.190084,0.243749,-0.410254,-0.131495,0.268195,-0.403507,-0.188341
2026-07-29 15:49:54.865,145.999861,0.000000,0.000000,0.000000,0.343445,-0.380117,-0.223001,0.143601,-0.370214,-0.226770,0.243523,-0.375166,-0.224886,0.217389,-0.413287,-0.190721,0.244444,-0.416367,-0.131522,0.269014,-0.407609,-0.188978
2026-07-29 15:49:54.965,146.099861,0.000000,0.000000,0.000000,0.342818,-0.375003,-0.222449,0.142782,-0.366112,-0.226133,0.242800,-0.370557,-0.224291,0.216563,-0.410201,-0.190045,0.243673,-0.411246,-0.130832,0.268195,-0.403507,-0.188341
2026-07-29 15:49:55.065,146.199861,0.000000,0.000000,0.000000,0.343022,-0.376029,-0.222608,0.142987,-0.367137,-0.226292,0.243005,-0.371583,-0.224450,0.216774,-0.410211,-0.190243,0.243878,-0.412271,-0.130991,0.268400,-0.404533,-0.188500
2026-07-29 15:49:55.165,146.299860,0.000000,0.000000,0.000000,0.343637,-0.379105,-0.223086,0.143601,-0.370214,-0.226770,0.243619,-0.374659,-0.224928,0.216674,-0.412265,-0.190787,0.244542,-0.414329,-0.131415,0.269014,-0.407609,-0.188978
2026-07-29 15:49:55.265,146.399860,0.000000,0.000000,0.000000,0.335698,-0.374609,-0.241555,0.135940,-0.360715,-0.244829,0.235819,-0.367662,-0.243192,0.207896,-0.407292,-0.211005,0.235578,-0.413010,-0.151899,0.260361,-0.402982,-0.208941
2026-07-29 15:49:55.365,146.499860,0.000000,0.000000,0.000000,0.334609,-0.368484,-0.240291,0.134851,-0.354590,-0.243566,0.234730,-0.361537,-0.241929,0.206780,-0.401175,-0.209021,0.234489,-0.406884,-0.150635,0.259272,-0.396857,-0.207677
2026-07-29 15:49:55.465,146.599860,0.000000,0.000000,0.000000,0.343227,-0.377054,-0.222767,0.143192,-0.368163,-0.226451,0.243210,-0.372608,-0.224609,0.216254,-0.412246,-0.190391,0.244007,-0.414288,-0.130489,0.268605,-0.405558,-0.188660
2026-07-29 15:49:55.565,146.699860,0.000000,0.000000,0.000000,0.342818,-0.375003,-0.222449,0.142782,-0.366112,-0.226133,0.242800,-0.370557,-0.224291,0.215817,-0.410167,-0.189353,0.243624,-0.412265,-0.130885,0.268109,-0.404522,-0.188305
2026-07-29 15:49:55.665,146.799860,0.000000,0.000000,0.000000,0.343227,-0.377054,-0.222767,0.143192,-0.368163,-0.226451,0.243210,-0.372608,-0.224609,0.216237,-0.410187,-0.189747,0.243368,-0.413291,-0.131178,0.268519,-0.406573,-0.188624
2026-07-29 15:49:55.765,146.899860,0.000000,0.000000,0.000000,0.343022,-0.376029,-0.222608,0.142987,-0.367137,-0.226292,0.243005,-0.371583,-0.224450,0.216054,-0.410205,-0.190271,0.243163,-0.412265,-0.131018,0.268400,-0.404533,-0.188500
2026-07-29 15:49:55.865,146.999860,0.000000,0.000000,0.000000,0.334790,-0.369504,-0.240502,0.135033,-0.355611,-0.243776,0.234912,-0.362558,-0.242139,0.206989,-0.402188,-0.209952,0.233956,-0.407881,-0.150873,0.259454,-0.397878,-0.207888
2026-07-29 15:49:55.965,147.099860,0.000000,0.000000,0.000000,0.342804,-0.372965,-0.222374,0.142577,-0.365086,-0.225974,0.242691,-0.369026,-0.224174,0.215644,-0.408154,-0.189952,0.242678,-0.411206,-0.130039,0.267904,-0.403497,-0.188146
2026-07-29 15:49:56.065,147.199860,0.000000,0.000000,0.000000,0.335516,-0.373588,-0.241344,0.135758,-0.359694,-0.244618,0.235637,-0.366641,-0.242981,0.207715,-0.406271,-0.210795,0.234582,-0.412986,-0.151105,0.260069,-0.402975,-0.208746
2026-07-29 15:49:56.165,147.299860,0.000000,0.000000,0.000000,0.343432,-0.378080,-0.222926,0.143498,-0.370203,-0.226522,0.243465,-0.374141,-0.224724,0.216459,-0.413272,-0.190550,0.243498,-0.415308,-0.130676,0.268724,-0.407599,-0.188783
2026-07-29 15:49:56.265,147.399859,0.000000,0.000000,0.000000,0.343637,-0.379105,-0.223086,0.143601,-0.370214,-0.226770,0.243619,-0.374659,-0.224928,0.216669,-0.413281,-0.190748,0.243750,-0.415314,-0.130780,0.268929,-0.408624,-0.188942
2026-07-29 15:49:56.365,147.499859,0.000000,0.000000,0.000000,0.336423,-0.378692,-0.242397,0.136589,-0.363778,-0.245709,0.236506,-0.371235,-0.244053,0.208622,-0.411376,-0.211847,0.234775,-0.418065,-0.152185,0.260976,-0.408079,-0.209798
2026-07-29 15:49:56.465,147.599859,0.000000,0.000000,0.000000,0.342626,-0.376016,-0.222364,0.142782,-0.366112,-0.226133,0.242704,-0.371064,-0.224249,0.215849,-0.409179,-0.190111,0.242215,-0.411206,-0.130171,0.268109,-0.404522,-0.188305
2026-07-29 15:49:56.565,147.699859,0.000000,0.000000,0.000000,0.341998,-0.370901,-0.221812,0.141962,-0.362010,-0.225496,0.241980,-0.366456,-0.223654,0.215024,-0.406093,-0.189435,0.241396,-0.407105,-0.129534,0.267290,-0.400421,-0.187668
2026-07-29 15:49:56.665,147.799859,0.000000,0.000000,0.000000,0.342408,-0.372952,-0.222130,0.142372,-0.364061,-0.225814,0.242390,-0.368507,-0.223972,0.215434,-0.408144,-0.189754,0.241759,-0.410175,-0.129907,0.267656,-0.402979,-0.187969
2026-07-29 15:49:56.765,147.899859,0.000000,0.000000,0.000000,0.342613,-0.373978,-0.222289,0.142577,-0.365086,-0.225974,0.242595,-0.369532,-0.224132,0.215644,-0.408154,-0.189952,0.241964,-0.411200,-0.130066,0.268630,-0.403503,-0.188118
2026-07-29 15:49:56.865,147.999859,0.000000,0.000000,0.000000,0.342818,-0.375003,-0.222449,0.142883,-0.367127,-0.226044,0.242850,-0.371065,-0.224246,0.215849,-0.409179,-0.190111,0.242215,-0.411206,-0.130171,0.268023,-0.405538,-0.188270
2026-07-29 15:49:56.965,148.099859,0.000000,0.000000,0.000000,0.343240,-0.379092,-0.222842,0.143397,-0.369188,-0.226611,0.243319,-0.374140,-0.224726,0.216464,-0.412256,-0.190589,0.242737,-0.416321,-0.130758,0.268724,-0.407599,-0.188783
2026-07-29 15:49:57.065,148.199859,0.000000,0.000000,0.000000,0.342421,-0.374990,-0.222205,0.142678,-0.366101,-0.225885,0.242550,-0.370546,-0.224045,0.215644,-0.408154,-0.189952,0.241937,-0.411172,-0.129351,0.268543,-0.404518,-0.188083
2026-07-29 15:49:57.165,148.299859,0.000000,0.000000,0.000000,0.343022,-0.376029,-0.222608,0.142987,-0.367137,-0.226292,0.243005,-0.371583,-0.224450,0.215334,-0.410199,-0.190298,0.242346,-0.413223,-0.129670,0.268953,-0.406569,-0.188401
2026-07-29 15:49:57.265,148.399858,0.000000,0.000000,0.000000,0.342613,-0.373978,-0.222289,0.142476,-0.364071,-0.226062,0.242544,-0.369025,-0.224176,0.215639,-0.409170,-0.189913,0.241937,-0.411172,-0.129351,0.268543,-0.404518,-0.188083
2026-07-29 15:49:57.365,148.499858,0.000000,0.000000,0.000000,0.335153,-0.371546,-0.240923,0.135396,-0.357653,-0.244197,0.235274,-0.364599,-0.242560,0.207352,-0.404230,-0.210373,0.233477,-0.410927,-0.149996,0.260431,-0.400958,-0.208297
2026-07-29 15:49:57.465,148.599858,0.000000,0.000000,0.000000,0.343227,-0.377054,-0.222767,0.143192,-0.368163,-0.226451,0.243210,-0.372608,-0.224609,0.216256,-0.411738,-0.190410,0.242551,-0.414249,-0.129829,0.269244,-0.406579,-0.188596
2026-07-29 15:49:57.565,148.699858,0.000000,0.000000,0.000000,0.343637,-0.379105,-0.223086,0.143601,-0.370214,-0.226770,0.243619,-0.374659,-0.224928,0.216669,-0.413281,-0.190748,0.242247,-0.416294,-0.130175,0.269611,-0.409138,-0.188897
2026-07-29 15:49:57.665,148.799858,0.000000,0.000000,0.000000,0.342818,-0.375003,-0.222449,0.142782,-0.366112,-0.226133,0.242800,-0.370557,-0.224291,0.215849,-0.409179,-0.190111,0.242188,-0.411179,-0.129455,0.268109,-0.404522,-0.188305
2026-07-29 15:49:57.765,148.899858,0.000000,0.000000,0.000000,0.343022,-0.376029,-0.222608,0.142987,-0.367137,-0.226292,0.243005,-0.371583,-0.224450,0.216054,-0.410205,-0.190271,0.241587,-0.414237,-0.129753,0.268953,-0.406569,-0.188401
2026-07-29 15:49:57.865,148.999858,0.000000,0.000000,0.000000,0.342818,-0.375003,-0.222449,0.142782,-0.366112,-0.226133,0.242800,-0.370557,-0.224291,0.215098,-0.410162,-0.189381,0.242161,-0.411151,-0.128739,0.268109,-0.404522,-0.188305
2026-07-29 15:49:57.965,149.099858,0.000000,0.000000,0.000000,0.335335,-0.372567,-0.241134,0.135500,-0.357653,-0.244446,0.235417,-0.365110,-0.242790,0.207533,-0.405251,-0.210584,0.232918,-0.411931,-0.149519,0.260501,-0.402992,-0.208523
2026-07-29 15:49:58.065,149.199858,0.000000,0.000000,0.000000,0.343227,-0.377054,-0.222767,0.143090,-0.367148,-0.226540,0.243159,-0.372101,-0.224654,0.215508,-0.412213,-0.189699,0.241810,-0.414215,-0.129142,0.268519,-0.406573,-0.188624
2026-07-29 15:49:58.165,149.299858,0.000000,0.000000,0.000000,0.343022,-0.376029,-0.222608,0.142987,-0.367137,-0.226292,0.243005,-0.371583,-0.224450,0.216027,-0.410177,-0.189550,0.241650,-0.412171,-0.128926,0.268314,-0.405548,-0.188465
2026-07-29 15:49:58.265,149.399858,0.000000,0.000000,0.000000,0.342613,-0.373978,-0.222289,0.142476,-0.364071,-0.226062,0.242544,-0.369025,-0.224176,0.214897,-0.408120,-0.189259,0.241195,-0.411139,-0.128664,0.267990,-0.402482,-0.188182
2026-07-29 15:49:58.365,149.499857,0.000000,0.000000,0.000000,0.343036,-0.378066,-0.222683,0.143192,-0.368163,-0.226451,0.243114,-0.373115,-0.224567,0.216237,-0.410187,-0.189747,0.241810,-0.414215,-0.129142,0.268519,-0.406573,-0.188624
2026-07-29 15:49:58.465,149.599857,0.000000,0.000000,0.000000,0.343637,-0.379105,-0.223086,0.143601,-0.370214,-0.226770,0.243619,-0.374659,-0.224928,0.216636,-0.414269,-0.189990,0.242220,-0.416266,-0.129460,0.268929,-0.408624,-0.188942
2026-07-29 15:49:58.565,149.699857,0.000000,0.000000,0.000000,0.343214,-0.375016,-0.222692,0.142987,-0.367137,-0.226292,0.243101,-0.371077,-0.224492,0.216027,-0.410177,-0.189550,0.241650,-0.412171,-0.128926,0.268314,-0.405548,-0.188465
2026-07-29 15:49:58.665,149.799857,0.000000,0.000000,0.000000,0.342262,-0.376022,-0.222637,0.142987,-0.367137,-0.226292,0.242625,-0.371580,-0.224465,0.216027,-0.410177,-0.189550,0.241605,-0.413190,-0.128983,0.268228,-0.406563,-0.188429
2026-07-29 15:49:58.765,149.899857,0.000000,0.000000,0.000000,0.342408,-0.372952,-0.222130,0.142372,-0.364061,-0.225814,0.242390,-0.368507,-0.223972,0.215412,-0.407101,-0.189073,0.241036,-0.409094,-0.128448,0.267699,-0.402471,-0.187987
2026-07-29 15:49:58.865,149.999857,0.000000,0.000000,0.000000,0.342818,-0.375003,-0.222449,0.142782,-0.366112,-0.226133,0.242800,-0.370557,-0.224291,0.215822,-0.409152,-0.189391,0.241373,-0.412137,-0.128109,0.268109,-0.404522,-0.188305
2026-07-29 15:49:58.965,150.099857,0.000000,0.000000,0.000000,0.342408,-0.372952,-0.222130,0.142372,-0.364061,-0.225814,0.242390,-0.368507,-0.223972,0.215407,-0.408117,-0.189035,0.240276,-0.410108,-0.128532,0.267699,-0.402471,-0.187987
2026-07-29 15:49:59.065,150.199857,0.000000,0.000000,0.000000,0.343227,-0.377054,-0.222767,0.143192,-0.368163,-0.226451,0.243210,-0.372608,-0.224609,0.216232,-0.411202,-0.189710,0.241828,-0.413169,-0.128369,0.268519,-0.406573,-0.188624
2026-07-29 15:49:59.165,150.299857,0.000000,0.000000,0.000000,0.334427,-0.367463,-0.240081,0.134593,-0.352549,-0.243393,0.234510,-0.360006,-0.241737,0.206628,-0.399138,-0.208797,0.231365,-0.405789,-0.148385,0.258980,-0.396850,-0.207482
2026-07-29 15:49:59.265,150.399857,0.000000,0.000000,0.000000,0.335879,-0.375629,-0.241765,0.136121,-0.361736,-0.245040,0.236000,-0.368683,-0.243403,0.208050,-0.408321,-0.210495,0.232817,-0.413956,-0.150070,0.260432,-0.405016,-0.209167
2026-07-29 15:49:59.365,150.499856,0.000000,0.000000,0.000000,0.342203,-0.371927,-0.221971,0.142066,-0.362020,-0.225744,0.242134,-0.366974,-0.223857,0.215212,-0.405059,-0.188951,0.240115,-0.408063,-0.128316,0.267494,-0.401446,-0.187828
2026-07-29 15:49:59.465,150.599856,0.000000,0.000000,0.000000,0.334609,-0.368484,-0.240291,0.134851,-0.354590,-0.243566,0.234730,-0.361537,-0.241929,0.206780,-0.401175,-0.209021,0.231547,-0.406810,-0.148596,0.259162,-0.397870,-0.207693
2026-07-29 15:49:59.565,150.699856,0.000000,0.000000,0.000000,0.343637,-0.379105,-0.223086,0.143601,-0.370214,-0.226770,0.243619,-0.374659,-0.224928,0.216641,-0.413253,-0.190028,0.241594,-0.414222,-0.129374,0.268929,-0.408624,-0.188942
2026-07-29 15:49:59.665,150.799856,0.000000,0.000000,0.000000,0.343227,-0.377054,-0.222767,0.143192,-0.368163,-0.226451,0.243210,-0.372608,-0.224609,0.216226,-0.412218,-0.189672,0.241140,-0.413191,-0.129113,0.268519,-0.406573,-0.188624
2026-07-29 15:49:59.765,150.899856,0.000000,0.000000,0.000000,0.343227,-0.377054,-0.222767,0.143090,-0.367148,-0.226540,0.243159,-0.372101,-0.224654,0.216229,-0.411710,-0.189691,0.241140,-0.413191,-0.129113,0.268519,-0.406573,-0.188624
2026-07-29 15:49:59.865,150.999856,0.000000,0.000000,0.000000,0.342613,-0.373978,-0.222289,0.142577,-0.365086,-0.225974,0.242595,-0.369532,-0.224132,0.215617,-0.408126,-0.189232,0.240481,-0.411133,-0.128692,0.267904,-0.403497,-0.188146
2026-07-29 15:49:59.965,151.099856,0.000000,0.000000,0.000000,0.343842,-0.380130,-0.223245,0.143705,-0.370224,-0.227018,0.243773,-0.375177,-0.225131,0.216126,-0.414273,-0.190215,0.242452,-0.417319,-0.130334,0.269048,-0.410665,-0.189066
2026-07-29 15:50:00.065,151.199856,0.000000,0.000000,0.000000,0.343227,-0.377054,-0.222767,0.143192,-0.368163,-0.226451,0.243210,-0.372608,-0.224609,0.215508,-0.412213,-0.189699,0.241882,-0.413224,-0.129801,0.269157,-0.407594,-0.188560
2026-07-29 15:50:00.165,151.299856,0.000000,0.000000,0.000000,0.335153,-0.371546,-0.240923,0.135396,-0.357653,-0.244197,0.235274,-0.364599,-0.242560,0.206604,-0.405221,-0.210413,0.232764,-0.410903,-0.150023,0.260320,-0.401971,-0.208312
2026-07-29 15:50:00.265,151.399856,0.000000,0.000000,0.000000,0.343842,-0.380130,-0.223245,0.143806,-0.371239,-0.226929,0.243824,-0.375685,-0.225087,0.216145,-0.416333,-0.190857,0.242452,-0.417319,-0.130334,0.269772,-0.410671,-0.189038
2026-07-29 15:50:00.365,151.499856,0.000000,0.000000,0.000000,0.335698,-0.374609,-0.241555,0.135863,-0.359695,-0.244867,0.235780,-0.367152,-0.243211,0.207120,-0.408292,-0.210325,0.232663,-0.412927,-0.150575,0.260864,-0.405033,-0.208944
2026-07-29 15:50:00.465,151.599855,0.000000,0.000000,0.000000,0.342421,-0.374990,-0.222205,0.142577,-0.365086,-0.225974,0.242499,-0.370038,-0.224089,0.214916,-0.410180,-0.189902,0.240508,-0.411161,-0.129406,0.268543,-0.404518,-0.188083
2026-07-29 15:50:00.565,151.699855,0.000000,0.000000,0.000000,0.343829,-0.378093,-0.223170,0.143703,-0.371229,-0.226681,0.243766,-0.374661,-0.224925,0.215945,-0.414291,-0.190737,0.241577,-0.415269,-0.130147,0.269567,-0.409645,-0.188879
2026-07-29 15:50:00.665,151.799855,0.000000,0.000000,0.000000,0.342613,-0.373978,-0.222289,0.142476,-0.364071,-0.226062,0.242544,-0.369025,-0.224176,0.214893,-0.409136,-0.189222,0.240508,-0.411161,-0.129406,0.268543,-0.404518,-0.188083
2026-07-29 15:50:00.765,151.899855,0.000000,0.000000,0.000000,0.342203,-0.371927,-0.221971,0.142167,-0.363035,-0.225655,0.242185,-0.367481,-0.223813,0.214479,-0.408101,-0.188865,0.240115,-0.408063,-0.128316,0.268133,-0.402467,-0.187764
2026-07-29 15:50:00.865,151.999855,0.000000,0.000000,0.000000,0.342467,-0.377048,-0.222796,0.143192,-0.368163,-0.226451,0.242829,-0.372605,-0.224624,0.215499,-0.414244,-0.189624,0.241096,-0.414210,-0.129169,0.269157,-0.407594,-0.188560
2026-07-29 15:50:00.965,152.099855,0.000000,0.000000,0.000000,0.343227,-0.377054,-0.222767,0.143192,-0.368163,-0.226451,0.243210,-0.372608,-0.224609,0.215531,-0.413256,-0.190380,0.241113,-0.413163,-0.128397,0.269157,-0.407594,-0.188560
2026-07-29 15:50:01.065,152.199855,0.000000,0.000000,0.000000,0.342626,-0.376016,-0.222364,0.142681,-0.365097,-0.226222,0.242653,-0.370556,-0.224293,0.215098,-0.410162,-0.189381,0.240659,-0.412131,-0.128136,0.268748,-0.405543,-0.188242
2026-07-29 15:50:01.165,152.299855,0.000000,0.000000,0.000000,0.335879,-0.375629,-0.241765,0.136045,-0.360716,-0.245077,0.235962,-0.368173,-0.243421,0.207302,-0.409312,-0.210536,0.232789,-0.413964,-0.149353,0.261046,-0.406054,-0.209155
2026-07-29 15:50:01.265,152.399855,0.000000,0.000000,0.000000,0.335844,-0.377661,-0.241943,0.136303,-0.362757,-0.245250,0.236074,-0.370209,-0.243596,0.207483,-0.410333,-0.210746,0.232943,-0.414992,-0.148848,0.261199,-0.407083,-0.208640
2026-07-29 15:50:01.365,152.499855,0.000000,0.000000,0.000000,0.343637,-0.379105,-0.223086,0.143500,-0.369199,-0.226859,0.243569,-0.374152,-0.224972,0.215917,-0.414264,-0.190018,0.241495,-0.415186,-0.128000,0.269540,-0.409617,-0.188154
2026-07-29 15:50:01.465,152.599854,0.000000,0.000000,0.000000,0.343227,-0.377054,-0.222767,0.143192,-0.368163,-0.226451,0.243210,-0.372608,-0.224609,0.215508,-0.412213,-0.189699,0.241058,-0.413108,-0.126965,0.269130,-0.407566,-0.187836
2026-07-29 15:50:01.565,152.699854,0.000000,0.000000,0.000000,0.342818,-0.375003,-0.222449,0.142782,-0.366112,-0.226133,0.242800,-0.370557,-0.224291,0.215094,-0.411178,-0.189343,0.240604,-0.412076,-0.126707,0.268720,-0.405515,-0.187517
2026-07-29 15:50:01.665,152.799854,0.000000,0.000000,0.000000,0.343009,-0.373991,-0.222533,0.142782,-0.366112,-0.226133,0.242896,-0.370051,-0.224333,0.215098,-0.410162,-0.189381,0.240621,-0.411029,-0.125931,0.268807,-0.404500,-0.187552
2026-07-29 15:50:01.765,152.899854,0.000000,0.000000,0.000000,0.342216,-0.373965,-0.222046,0.142372,-0.364061,-0.225814,0.242294,-0.369013,-0.223930,0.214688,-0.408111,-0.189062,0.240212,-0.408978,-0.125613,0.268397,-0.402449,-0.187233
2026-07-29 15:50:01.865,152.999854,0.000000,0.000000,0.000000,0.342818,-0.375003,-0.222449,0.142681,-0.365097,-0.226222,0.242749,-0.370050,-0.224335,0.215817,-0.410167,-0.189353,0.240594,-0.411001,-0.125215,0.268720,-0.405515,-0.187517
2026-07-29 15:50:01.965,153.099854,0.000000,0.000000,0.000000,0.343227,-0.377054,-0.222767,0.143192,-0.368163,-0.226451,0.243210,-0.372608,-0.224609,0.215503,-0.413229,-0.189662,0.240331,-0.412027,-0.125499,0.269217,-0.406551,-0.187870
2026-07-29 15:50:02.065,153.199854,0.000000,0.000000,0.000000,0.343227,-0.377054,-0.222767,0.143192,-0.368163,-0.226451,0.243210,-0.372608,-0.224609,0.216226,-0.412218,-0.189672,0.240304,-0.411999,-0.124782,0.269130,-0.407566,-0.187836
2026-07-29 15:50:02.165,153.299854,0.000000,0.000000,0.000000,0.343432,-0.378080,-0.222926,0.143397,-0.369188,-0.226611,0.243414,-0.373634,-0.224768,0.215708,-0.414254,-0.189821,0.240552,-0.412005,-0.124878,0.269335,-0.408592,-0.187995
2026-07-29 15:50:02.265,153.399854,0.000000,0.000000,0.000000,0.343842,-0.380130,-0.223245,0.143806,-0.371239,-0.226929,0.243824,-0.375685,-0.225087,0.216114,-0.417321,-0.190102,0.240962,-0.414056,-0.125196,0.269745,-0.410643,-0.188314
2026-07-29 15:50:02.365,153.499854,0.000000,0.000000,0.000000,0.342626,-0.376016,-0.222364,0.142883,-0.367127,-0.226044,0.242755,-0.371571,-0.224204,0.215094,-0.411178,-0.189343,0.239151,-0.409915,-0.123774,0.268764,-0.405008,-0.187535
2026-07-29 15:50:02.465,153.599854,0.000000,0.000000,0.000000,0.343022,-0.376029,-0.222608,0.142885,-0.366122,-0.226381,0.242954,-0.371075,-0.224494,0.215299,-0.412203,-0.189502,0.239356,-0.410940,-0.123933,0.268838,-0.407556,-0.187642
2026-07-29 15:50:02.565,153.699853,0.000000,0.000000,0.000000,0.342600,-0.371940,-0.222215,0.142372,-0.364061,-0.225814,0.242486,-0.368000,-0.224014,0.214684,-0.409127,-0.189025,0.238065,-0.406839,-0.123419,0.268310,-0.403465,-0.187199
2026-07-29 15:50:02.665,153.799853,0.000000,0.000000,0.000000,0.343624,-0.377067,-0.223011,0.143397,-0.369188,-0.226611,0.243510,-0.373128,-0.224811,0.215704,-0.415270,-0.189783,0.239130,-0.410947,-0.124150,0.269422,-0.407577,-0.188030
2026-07-29 15:50:02.765,153.899853,0.000000,0.000000,0.000000,0.343022,-0.376029,-0.222608,0.142885,-0.366122,-0.226381,0.242954,-0.371075,-0.224494,0.215299,-0.412203,-0.189502,0.238639,-0.410935,-0.123961,0.268925,-0.406541,-0.187677
2026-07-29 15:50:02.865,153.999853,0.000000,0.000000,0.000000,0.336423,-0.378692,-0.242397,0.136742,-0.365819,-0.245634,0.236583,-0.372255,-0.244015,0.207817,-0.413391,-0.211181,0.231218,-0.413958,-0.145422,0.261674,-0.408111,-0.209045
2026-07-29 15:50:02.965,154.099853,0.000000,0.000000,0.000000,0.342626,-0.376016,-0.222364,0.142782,-0.366112,-0.226133,0.242704,-0.371064,-0.224249,0.215094,-0.411178,-0.189343,0.237718,-0.409903,-0.123829,0.268807,-0.404500,-0.187552
2026-07-29 15:50:03.065,154.199853,0.000000,0.000000,0.000000,0.335516,-0.373588,-0.241344,0.135758,-0.359694,-0.244618,0.235637,-0.366641,-0.242981,0.206883,-0.408295,-0.209410,0.229529,-0.409843,-0.144513,0.260766,-0.403007,-0.207992
2026-07-29 15:50:03.165,154.299853,0.000000,0.000000,0.000000,0.335516,-0.373588,-0.241344,0.135758,-0.359694,-0.244618,0.235637,-0.366641,-0.242981,0.206910,-0.408287,-0.210128,0.229529,-0.409843,-0.144513,0.260655,-0.404020,-0.208008
2026-07-29 15:50:03.265,154.399853,0.000000,0.000000,0.000000,0.335153,-0.371546,-0.240923,0.135396,-0.357653,-0.244197,0.235274,-0.364599,-0.242560,0.206519,-0.407261,-0.209720,0.229166,-0.407802,-0.144091,0.260292,-0.401979,-0.207587
2026-07-29 15:50:03.365,154.499853,0.000000,0.000000,0.000000,0.335153,-0.371546,-0.240923,0.135319,-0.356632,-0.244235,0.235236,-0.364089,-0.242579,0.206547,-0.406245,-0.209707,0.229102,-0.408815,-0.144207,0.260292,-0.401979,-0.207587
2026-07-29 15:50:03.465,154.599853,0.000000,0.000000,0.000000,0.343624,-0.377067,-0.223011,0.143397,-0.369188,-0.226611,0.243510,-0.373128,-0.224811,0.215708,-0.414254,-0.189821,0.239089,-0.411966,-0.124215,0.269335,-0.408592,-0.187995
2026-07-29 15:50:03.565,154.699852,0.000000,0.000000,0.000000,0.343637,-0.379105,-0.223086,0.143703,-0.371229,-0.226681,0.243670,-0.375167,-0.224883,0.215913,-0.415279,-0.189980,0.238537,-0.414005,-0.124466,0.269540,-0.409617,-0.188154
2026-07-29 15:50:03.665,154.799852,0.000000,0.000000,0.000000,0.335370,-0.370536,-0.240956,0.135396,-0.357653,-0.244197,0.235383,-0.364094,-0.242577,0.206547,-0.406245,-0.209707,0.229102,-0.408815,-0.144207,0.260292,-0.401979,-0.207587
2026-07-29 15:50:03.765,154.899852,0.000000,0.000000,0.000000,0.341998,-0.370901,-0.221812,0.142064,-0.363025,-0.225407,0.242031,-0.366963,-0.223609,0.214270,-0.408092,-0.188668,0.236078,-0.407807,-0.122634,0.267814,-0.402429,-0.186846
2026-07-29 15:50:03.865,154.999852,0.000000,0.000000,0.000000,0.342818,-0.375003,-0.222449,0.142782,-0.366112,-0.226133,0.242800,-0.370557,-0.224291,0.214376,-0.411172,-0.189371,0.236257,-0.409864,-0.123167,0.268720,-0.405515,-0.187517
2026-07-29 15:50:03.965,155.099852,0.000000,0.000000,0.000000,0.342818,-0.375003,-0.222449,0.142782,-0.366112,-0.226133,0.242800,-0.370557,-0.224291,0.214376,-0.411172,-0.189371,0.236220,-0.410884,-0.123233,0.268720,-0.405515,-0.187517
2026-07-29 15:50:04.065,155.199852,0.000000,0.000000,0.000000,0.342804,-0.372965,-0.222374,0.142577,-0.365086,-0.225974,0.242691,-0.369026,-0.224174,0.214168,-0.411162,-0.189174,0.235978,-0.410878,-0.123139,0.268515,-0.404490,-0.187358
2026-07-29 15:50:04.165,155.299852,0.000000,0.000000,0.000000,0.342057,-0.374997,-0.222478,0.142782,-0.366112,-0.226133,0.242420,-0.370554,-0.224305,0.215066,-0.411150,-0.188625,0.236183,-0.411903,-0.123298,0.268720,-0.405515,-0.187517
2026-07-29 15:50:04.265,155.399852,0.000000,0.000000,0.000000,0.343637,-0.379105,-0.223086,0.143601,-0.370214,-0.226770,0.243619,-0.374659,-0.224928,0.215913,-0.415279,-0.189980,0.237141,-0.412974,-0.124457,0.269540,-0.409617,-0.188154
2026-07-29 15:50:04.365,155.499852,0.000000,0.000000,0.000000,0.343227,-0.377054,-0.222767,0.143192,-0.368163,-0.226451,0.243210,-0.372608,-0.224609,0.215476,-0.413201,-0.188944,0.236694,-0.411943,-0.124202,0.269130,-0.407566,-0.187836
2026-07-29 15:50:04.465,155.599852,0.000000,0.000000,0.000000,0.343227,-0.377054,-0.222767,0.143090,-0.367148,-0.226540,0.243159,-0.372101,-0.224654,0.214759,-0.413195,-0.188971,0.236722,-0.411970,-0.124919,0.269130,-0.407566,-0.187836
2026-07-29 15:50:04.565,155.699852,0.000000,0.000000,0.000000,0.343227,-0.377054,-0.222767,0.143192,-0.368163,-0.226451,0.243210,-0.372608,-0.224609,0.214783,-0.414239,-0.189651,0.236759,-0.410951,-0.124856,0.269130,-0.407566,-0.187836
2026-07-29 15:50:04.665,155.799851,0.000000,0.000000,0.000000,0.343009,-0.373991,-0.222533,0.142883,-0.367127,-0.226044,0.242946,-0.370559,-0.224289,0.214373,-0.412188,-0.189333,0.237017,-0.410972,-0.125352,0.268720,-0.405515,-0.187517
2026-07-29 15:50:04.765,155.899851,0.000000,0.000000,0.000000,0.335516,-0.373588,-0.241344,0.135758,-0.359694,-0.244618,0.235637,-0.366641,-0.242981,0.206193,-0.408262,-0.210155,0.228706,-0.412837,-0.147032,0.260655,-0.404020,-0.208008
2026-07-29 15:50:04.865,155.999851,0.000000,0.000000,0.000000,0.343214,-0.375016,-0.222692,0.142987,-0.367137,-0.226292,0.243101,-0.371077,-0.224492,0.214578,-0.413213,-0.189492,0.237315,-0.411034,-0.126883,0.268925,-0.406541,-0.187677
2026-07-29 15:50:04.965,156.099851,0.000000,0.000000,0.000000,0.343240,-0.379092,-0.222842,0.143397,-0.369188,-0.226611,0.243319,-0.374140,-0.224726,0.214988,-0.415264,-0.189811,0.238488,-0.412609,-0.127862,0.269335,-0.408592,-0.187995
2026-07-29 15:50:05.065,156.199851,0.000000,0.000000,0.000000,0.342613,-0.373978,-0.222289,0.142476,-0.364071,-0.226062,0.242544,-0.369025,-0.224176,0.214171,-0.410146,-0.189211,0.237756,-0.407006,-0.127856,0.268515,-0.404490,-0.187358
2026-07-29 15:50:05.165,156.299851,0.000000,0.000000,0.000000,0.343637,-0.379105,-0.223086,0.143601,-0.370214,-0.226770,0.243619,-0.374659,-0.224928,0.215196,-0.415274,-0.190008,0.238661,-0.415191,-0.128825,0.269540,-0.409617,-0.188154
2026-07-29 15:50:05.265,156.399851,0.000000,0.000000,0.000000,0.343227,-0.377054,-0.222767,0.143293,-0.369178,-0.226363,0.243260,-0.373116,-0.224565,0.214786,-0.413223,-0.189689,0.238318,-0.412148,-0.129166,0.269043,-0.408582,-0.187801
2026-07-29 15:50:05.365,156.499851,0.000000,0.000000,0.000000,0.334937,-0.372556,-0.240890,0.135396,-0.357653,-0.244197,0.235166,-0.365105,-0.242544,0.205803,-0.407237,-0.209748,0.230039,-0.408778,-0.149918,0.260181,-0.402992,-0.207604
2026-07-29 15:50:05.465,156.599851,0.000000,0.000000,0.000000,0.341443,-0.371921,-0.222000,0.142269,-0.364050,-0.225566,0.241856,-0.367986,-0.223783,0.213761,-0.408095,-0.188893,0.237996,-0.408074,-0.129114,0.268019,-0.403454,-0.187005
2026-07-29 15:50:05.565,156.699851,0.000000,0.000000,0.000000,0.342804,-0.372965,-0.222374,0.142577,-0.365086,-0.225974,0.242691,-0.369026,-0.224174,0.214171,-0.410146,-0.189211,0.238392,-0.411171,-0.130203,0.268428,-0.405505,-0.187323
2026-07-29 15:50:05.665,156.799850,0.000000,0.000000,0.000000,0.343842,-0.380130,-0.223245,0.143806,-0.371239,-0.226929,0.243824,-0.375685,-0.225087,0.215400,-0.416299,-0.190167,0.240294,-0.418349,-0.131185,0.269658,-0.411658,-0.188279
2026-07-29 15:50:05.765,156.899850,0.000000,0.000000,0.000000,0.342408,-0.372952,-0.222130,0.142271,-0.363046,-0.225903,0.242339,-0.367999,-0.224017,0.213966,-0.409121,-0.189052,0.238887,-0.411198,-0.130784,0.268223,-0.404480,-0.187164
2026-07-29 15:50:05.865,156.999850,0.000000,0.000000,0.000000,0.335516,-0.373588,-0.241344,0.135682,-0.358674,-0.244656,0.235599,-0.366131,-0.243000,0.206193,-0.408262,-0.210155,0.231040,-0.412856,-0.151956,0.259959,-0.403988,-0.208761
2026-07-29 15:50:05.965,157.099850,0.000000,0.000000,0.000000,0.342408,-0.372952,-0.222130,0.142372,-0.364061,-0.225814,0.242390,-0.368507,-0.223972,0.213966,-0.409121,-0.189052,0.238971,-0.409160,-0.130678,0.267500,-0.404474,-0.187192
2026-07-29 15:50:06.065,157.199850,0.000000,0.000000,0.000000,0.342818,-0.375003,-0.222449,0.142782,-0.366112,-0.226133,0.242800,-0.370557,-0.224291,0.214376,-0.411172,-0.189371,0.240053,-0.412236,-0.131022,0.267910,-0.406525,-0.187510
2026-07-29 15:50:06.165,157.299850,0.000000,0.000000,0.000000,0.334756,-0.371536,-0.240679,0.135214,-0.356632,-0.243987,0.234985,-0.364084,-0.242333,0.205649,-0.405200,-0.209524,0.231169,-0.410824,-0.152116,0.259387,-0.400933,-0.207404
2026-07-29 15:50:06.265,157.399850,0.000000,0.000000,0.000000,0.341867,-0.376009,-0.222393,0.142782,-0.366112,-0.226133,0.242324,-0.371061,-0.224263,0.215094,-0.411178,-0.189343,0.240037,-0.413282,-0.131789,0.268023,-0.405538,-0.188270
2026-07-29 15:50:06.365,157.499850,0.000000,0.000000,0.000000,0.335153,-0.371546,-0.240923,0.135396,-0.357653,-0.244197,0.235274,-0.364599,-0.242560,0.206576,-0.405229,-0.209694,0.231486,-0.409817,-0.152119,0.259596,-0.401946,-0.208340
2026-07-29 15:50:06.465,157.599850,0.000000,0.000000,0.000000,0.342203,-0.371927,-0.221971,0.142167,-0.363035,-0.225655,0.242185,-0.367481,-0.223813,0.214483,-0.407085,-0.188903,0.240180,-0.409193,-0.131232,0.267323,-0.403476,-0.187756
2026-07-29 15:50:06.565,157.699850,0.000000,0.000000,0.000000,0.335516,-0.373588,-0.241344,0.135758,-0.359694,-0.244618,0.235637,-0.366641,-0.242981,0.206939,-0.407271,-0.210115,0.232523,-0.412889,-0.153332,0.259959,-0.403988,-0.208761
2026-07-29 15:50:06.665,157.799850,0.000000,0.000000,0.000000,0.342818,-0.375003,-0.222449,0.142681,-0.365097,-0.226222,0.242749,-0.370050,-0.224335,0.215098,-0.410162,-0.189381,0.241627,-0.410265,-0.132294,0.267938,-0.406553,-0.188234
2026-07-29 15:50:06.765,157.899849,0.000000,0.000000,0.000000,0.343637,-0.379105,-0.223086,0.143601,-0.370214,-0.226770,0.243619,-0.374659,-0.224928,0.215917,-0.414264,-0.190018,0.242492,-0.413348,-0.132880,0.268757,-0.410655,-0.188871
2026-07-29 15:50:06.865,157.999849,0.000000,0.000000,0.000000,0.343022,-0.376029,-0.222608,0.143088,-0.368152,-0.226203,0.243055,-0.372090,-0.224406,0.215303,-0.411187,-0.189540,0.242595,-0.410277,-0.132375,0.268228,-0.406563,-0.188429
2026-07-29 15:50:06.965,158.099849,0.000000,0.000000,0.000000,0.343432,-0.378080,-0.222926,0.143397,-0.369188,-0.226611,0.243414,-0.373634,-0.224768,0.215712,-0.413238,-0.189859,0.243032,-0.412356,-0.133411,0.268638,-0.408614,-0.188747
2026-07-29 15:50:07.065,158.199849,0.000000,0.000000,0.000000,0.334246,-0.366442,-0.239870,0.134565,-0.353569,-0.243107,0.234406,-0.360005,-0.241489,0.205669,-0.400125,-0.208641,0.233711,-0.401754,-0.152086,0.258578,-0.397855,-0.207303
2026-07-29 15:50:07.165,158.299849,0.000000,0.000000,0.000000,0.334790,-0.369504,-0.240502,0.135033,-0.355611,-0.243776,0.234912,-0.362558,-0.242139,0.206213,-0.403187,-0.209272,0.234355,-0.403795,-0.153337,0.258400,-0.400893,-0.207962
2026-07-29 15:50:07.265,158.399849,0.000000,0.000000,0.000000,0.343842,-0.380130,-0.223245,0.143705,-0.370224,-0.227018,0.243773,-0.375177,-0.225131,0.216849,-0.413771,-0.190206,0.244953,-0.413427,-0.134343,0.268281,-0.411167,-0.189076
2026-07-29 15:50:07.365,158.499849,0.000000,0.000000,0.000000,0.343036,-0.378066,-0.222683,0.143192,-0.368163,-0.226451,0.243114,-0.373115,-0.224567,0.216232,-0.411202,-0.189710,0.244339,-0.410351,-0.133866,0.267624,-0.408598,-0.188580
2026-07-29 15:50:07.465,158.599849,0.000000,0.000000,0.000000,0.342203,-0.371927,-0.221971,0.142167,-0.363035,-0.225655,0.242185,-0.367481,-0.223813,0.215212,-0.405059,-0.188951,0.244060,-0.405257,-0.133761,0.266600,-0.403471,-0.187784
2026-07-29 15:50:07.565,158.699849,0.000000,0.000000,0.000000,0.341601,-0.370888,-0.221568,0.141758,-0.360984,-0.225337,0.241679,-0.365936,-0.223452,0.214797,-0.404024,-0.188595,0.243701,-0.402187,-0.133395,0.266275,-0.400404,-0.187501
2026-07-29 15:50:07.665,158.799849,0.000000,0.000000,0.000000,0.343432,-0.378080,-0.222926,0.143397,-0.369188,-0.226611,0.243414,-0.373634,-0.224768,0.216436,-0.412228,-0.189869,0.246036,-0.411443,-0.135408,0.267914,-0.408608,-0.188775
2026-07-29 15:50:07.765,158.899848,0.000000,0.000000,0.000000,0.343227,-0.377054,-0.222767,0.143192,-0.368163,-0.226451,0.243210,-0.372608,-0.224609,0.216951,-0.411208,-0.189682,0.245831,-0.410418,-0.135249,0.267709,-0.407583,-0.188616
2026-07-29 15:50:07.865,158.999848,0.000000,0.000000,0.000000,0.335516,-0.373588,-0.241344,0.135835,-0.360715,-0.244581,0.235676,-0.367151,-0.242963,0.208407,-0.406304,-0.210047,0.238042,-0.407954,-0.156232,0.259235,-0.403963,-0.208789
2026-07-29 15:50:07.965,159.099848,0.000000,0.000000,0.000000,0.343227,-0.377054,-0.222767,0.143090,-0.367148,-0.226540,0.243159,-0.372101,-0.224654,0.216958,-0.410192,-0.189720,0.246604,-0.410479,-0.136660,0.267709,-0.407583,-0.188616
2026-07-29 15:50:08.065,159.199848,0.000000,0.000000,0.000000,0.334972,-0.370525,-0.240713,0.135214,-0.356632,-0.243987,0.235093,-0.363579,-0.242350,0.207862,-0.403241,-0.209415,0.238245,-0.404908,-0.156293,0.258691,-0.400901,-0.208157
2026-07-29 15:50:08.165,159.299848,0.000000,0.000000,0.000000,0.335516,-0.373588,-0.241344,0.135835,-0.360715,-0.244581,0.235676,-0.367151,-0.242963,0.208407,-0.406304,-0.210047,0.238817,-0.407963,-0.157646,0.259235,-0.403963,-0.208789
2026-07-29 15:50:08.265,159.399848,0.000000,0.000000,0.000000,0.342818,-0.375003,-0.222449,0.142681,-0.365097,-0.226222,0.242749,-0.370050,-0.224335,0.216535,-0.410173,-0.189326,0.247714,-0.407449,-0.136961,0.267384,-0.404517,-0.188333
2026-07-29 15:50:08.365,159.499848,0.000000,0.000000,0.000000,0.335481,-0.375619,-0.241522,0.135940,-0.360715,-0.244829,0.235711,-0.368167,-0.243175,0.209307,-0.407349,-0.210230,0.239745,-0.409000,-0.158549,0.259416,-0.404984,-0.208999
2026-07-29 15:50:08.465,159.599848,0.000000,0.000000,0.000000,0.343227,-0.377054,-0.222767,0.143090,-0.367148,-0.226540,0.243159,-0.372101,-0.224654,0.217706,-0.410226,-0.190413,0.248233,-0.408537,-0.138679,0.267821,-0.406595,-0.189378
2026-07-29 15:50:08.565,159.699848,0.000000,0.000000,0.000000,0.334904,-0.376614,-0.241761,0.136121,-0.361736,-0.245040,0.235513,-0.369175,-0.243400,0.209489,-0.408370,-0.210440,0.240782,-0.409017,-0.160082,0.259735,-0.404984,-0.209921
2026-07-29 15:50:08.665,159.799848,0.000000,0.000000,0.000000,0.336207,-0.379702,-0.242364,0.136666,-0.364799,-0.245671,0.236436,-0.372250,-0.244018,0.210033,-0.411433,-0.211072,0.241327,-0.412079,-0.160714,0.259554,-0.408021,-0.210580
2026-07-29 15:50:08.765,159.899848,0.000000,0.000000,0.000000,0.343022,-0.376029,-0.222608,0.142987,-0.367137,-0.226292,0.243005,-0.371583,-0.224450,0.218186,-0.410194,-0.189468,0.248804,-0.407574,-0.139935,0.266891,-0.405564,-0.189246
2026-07-29 15:50:08.865,159.999847,0.000000,0.000000,0.000000,0.342408,-0.372952,-0.222130,0.142271,-0.363046,-0.225903,0.242339,-0.367999,-0.224017,0.217599,-0.407146,-0.189710,0.248190,-0.404497,-0.139457,0.266192,-0.403503,-0.188731
2026-07-29 15:50:08.965,160.099847,0.000000,0.000000,0.000000,0.334427,-0.367463,-0.240081,0.134670,-0.353569,-0.243355,0.234549,-0.360516,-0.241718,0.208785,-0.400220,-0.209449,0.239386,-0.400835,-0.159841,0.257558,-0.396792,-0.208264
2026-07-29 15:50:09.065,160.199847,0.000000,0.000000,0.000000,0.342818,-0.375003,-0.222449,0.142782,-0.366112,-0.226133,0.242800,-0.370557,-0.224291,0.218009,-0.409197,-0.190029,0.248627,-0.406576,-0.140497,0.266686,-0.404539,-0.189087
2026-07-29 15:50:09.165,160.299847,0.000000,0.000000,0.000000,0.343227,-0.377054,-0.222767,0.143192,-0.368163,-0.226451,0.243210,-0.372608,-0.224609,0.218419,-0.411248,-0.190347,0.249037,-0.408627,-0.140815,0.267095,-0.406590,-0.189405
2026-07-29 15:50:09.265,160.399847,0.000000,0.000000,0.000000,0.343637,-0.379105,-0.223086,0.143601,-0.370214,-0.226770,0.243619,-0.374659,-0.224928,0.218828,-0.413299,-0.190666,0.249446,-0.410678,-0.141134,0.267505,-0.408641,-0.189724
2026-07-29 15:50:09.365,160.499847,0.000000,0.000000,0.000000,0.342626,-0.376016,-0.222364,0.142681,-0.365097,-0.226222,0.242653,-0.370556,-0.224293,0.218009,-0.409197,-0.190029,0.248654,-0.406604,-0.141218,0.266686,-0.404539,-0.189087
2026-07-29 15:50:09.465,160.599847,0.000000,0.000000,0.000000,0.342818,-0.375003,-0.222449,0.142782,-0.366112,-0.226133,0.242800,-0.370557,-0.224291,0.218009,-0.409197,-0.190029,0.248710,-0.405586,-0.141181,0.266686,-0.404539,-0.189087
2026-07-29 15:50:09.565,160.699847,0.000000,0.000000,0.000000,0.343842,-0.380130,-0.223245,0.143806,-0.371239,-0.226929,0.243824,-0.375685,-0.225087,0.219033,-0.414324,-0.190825,0.249679,-0.411731,-0.142014,0.267794,-0.408651,-0.189920
2026-07-29 15:50:09.665,160.799847,0.000000,0.000000,0.000000,0.343227,-0.377054,-0.222767,0.143192,-0.368163,-0.226451,0.243210,-0.372608,-0.224609,0.219138,-0.411254,-0.190320,0.249064,-0.408655,-0.141536,0.267179,-0.405574,-0.189442
2026-07-29 15:50:09.765,160.899847,0.000000,0.000000,0.000000,0.343492,-0.382175,-0.223592,0.144216,-0.373290,-0.227248,0.243854,-0.377733,-0.225420,0.219443,-0.416375,-0.191143,0.250088,-0.413782,-0.142333,0.268120,-0.411717,-0.190201
2026-07-29 15:50:09.865,160.999846,0.000000,0.000000,0.000000,0.335516,-0.373588,-0.241344,0.135758,-0.359694,-0.244618,0.235637,-0.366641,-0.242981,0.209840,-0.407361,-0.210725,0.240583,-0.405938,-0.161738,0.258647,-0.402917,-0.209527
2026-07-29 15:50:09.965,161.099846,0.000000,0.000000,0.000000,0.334031,-0.369478,-0.240531,0.135033,-0.355611,-0.243776,0.234532,-0.362545,-0.242154,0.209114,-0.403278,-0.209883,0.239857,-0.401855,-0.160896,0.257921,-0.398834,-0.208685
2026-07-29 15:50:10.065,161.199846,0.000000,0.000000,0.000000,0.342626,-0.376016,-0.222364,0.142681,-0.365097,-0.226222,0.242653,-0.370556,-0.224293,0.218009,-0.409197,-0.190029,0.248654,-0.406604,-0.141218,0.266686,-0.404539,-0.189087
2026-07-29 15:50:10.165,161.299846,0.000000,0.000000,0.000000,0.342818,-0.375003,-0.222449,0.142883,-0.367127,-0.226044,0.242850,-0.371065,-0.224246,0.218729,-0.409203,-0.190001,0.248654,-0.406604,-0.141218,0.266769,-0.403523,-0.189124
2026-07-29 15:50:10.265,161.399846,0.000000,0.000000,0.000000,0.342408,-0.372952,-0.222130,0.142271,-0.363046,-0.225903,0.242339,-0.367999,-0.224017,0.217590,-0.408162,-0.189671,0.248244,-0.404553,-0.140899,0.266360,-0.401473,-0.188805
2026-07-29 15:50:10.365,161.499846,0.000000,0.000000,0.000000,0.343227,-0.377054,-0.222767,0.143090,-0.367148,-0.226540,0.243159,-0.372101,-0.224654,0.218427,-0.410232,-0.190386,0.249064,-0.408655,-0.141536,0.267095,-0.406590,-0.189405
2026-07-29 15:50:10.465,161.599846,0.000000,0.000000,0.000000,0.334609,-0.368484,-0.240291,0.134851,-0.354590,-0.243566,0.234730,-0.361537,-0.241929,0.208966,-0.401241,-0.209660,0.239623,-0.401840,-0.161496,0.257794,-0.397306,-0.208467
2026-07-29 15:50:10.565,161.699846,0.000000,0.000000,0.000000,0.342613,-0.373978,-0.222289,0.142577,-0.365086,-0.225974,0.242595,-0.369532,-0.224132,0.217804,-0.408171,-0.189869,0.248477,-0.405606,-0.141780,0.266481,-0.403513,-0.188928
2026-07-29 15:50:10.665,161.799846,0.000000,0.000000,0.000000,0.335879,-0.375629,-0.241765,0.136121,-0.361736,-0.245040,0.236000,-0.368683,-0.243403,0.210269,-0.407371,-0.211121,0.240173,-0.408961,-0.162997,0.259118,-0.403945,-0.209934
2026-07-29 15:50:10.765,161.899846,0.000000,0.000000,0.000000,0.334031,-0.369478,-0.240531,0.134956,-0.354591,-0.243814,0.234493,-0.362035,-0.242172,0.209147,-0.402262,-0.209870,0.239084,-0.402836,-0.161734,0.257921,-0.398834,-0.208685
2026-07-29 15:50:10.865,161.999846,0.000000,0.000000,0.000000,0.342818,-0.375003,-0.222449,0.142782,-0.366112,-0.226133,0.242800,-0.370557,-0.224291,0.218009,-0.409197,-0.190029,0.247906,-0.407644,-0.142003,0.266686,-0.404539,-0.189087
2026-07-29 15:50:10.965,162.099845,0.000000,0.000000,0.000000,0.335698,-0.374609,-0.241555,0.135940,-0.360715,-0.244829,0.235819,-0.367662,-0.243192,0.210088,-0.406350,-0.210911,0.240019,-0.407932,-0.163508,0.258936,-0.402925,-0.209723
2026-07-29 15:50:11.065,162.199845,0.000000,0.000000,0.000000,0.335153,-0.371546,-0.240923,0.135472,-0.358673,-0.244160,0.235313,-0.365110,-0.242541,0.209544,-0.403288,-0.210279,0.238675,-0.405859,-0.162990,0.258392,-0.399862,-0.209092
2026-07-29 15:50:11.165,162.299845,0.000000,0.000000,0.000000,0.343637,-0.379105,-0.223086,0.143601,-0.370214,-0.226770,0.243619,-0.374659,-0.224928,0.218837,-0.412283,-0.190704,0.248087,-0.410750,-0.143353,0.267505,-0.408641,-0.189724
2026-07-29 15:50:11.265,162.399845,0.000000,0.000000,0.000000,0.335335,-0.372567,-0.241134,0.135500,-0.357653,-0.244446,0.235417,-0.365110,-0.242790,0.209725,-0.404308,-0.210489,0.238857,-0.406880,-0.163201,0.258465,-0.401896,-0.209317
2026-07-29 15:50:11.365,162.499845,0.000000,0.000000,0.000000,0.343432,-0.378080,-0.222926,0.143397,-0.369188,-0.226611,0.243414,-0.373634,-0.224768,0.218632,-0.411257,-0.190545,0.247882,-0.409724,-0.143194,0.267300,-0.407615,-0.189565
2026-07-29 15:50:11.465,162.599845,0.000000,0.000000,0.000000,0.335879,-0.375629,-0.241765,0.136121,-0.361736,-0.245040,0.236000,-0.368683,-0.243403,0.211024,-0.406380,-0.211081,0.239480,-0.408929,-0.163746,0.258392,-0.403921,-0.209962
2026-07-29 15:50:11.565,162.699845,0.000000,0.000000,0.000000,0.334790,-0.369504,-0.240502,0.135033,-0.355611,-0.243776,0.234912,-0.362558,-0.242139,0.209901,-0.401270,-0.209830,0.238313,-0.403817,-0.162569,0.257196,-0.398809,-0.208712
2026-07-29 15:50:11.665,162.799845,0.000000,0.000000,0.000000,0.342818,-0.375003,-0.222449,0.142883,-0.367127,-0.226044,0.242850,-0.371065,-0.224246,0.218738,-0.408187,-0.190040,0.247240,-0.407157,-0.142733,0.265960,-0.404533,-0.189115
2026-07-29 15:50:11.765,162.899845,0.000000,0.000000,0.000000,0.336423,-0.378692,-0.242397,0.136666,-0.364799,-0.245671,0.236545,-0.371745,-0.244034,0.211534,-0.410458,-0.211725,0.240024,-0.411991,-0.164378,0.258936,-0.406983,-0.210593
2026-07-29 15:50:11.865,162.999845,0.000000,0.000000,0.000000,0.343829,-0.378093,-0.223170,0.143601,-0.370214,-0.226770,0.243715,-0.374153,-0.224970,0.219558,-0.412289,-0.190677,0.248087,-0.410750,-0.143353,0.266862,-0.407619,-0.189789
2026-07-29 15:50:11.965,163.099844,0.000000,0.000000,0.000000,0.334937,-0.372556,-0.240890,0.135396,-0.357653,-0.244197,0.235166,-0.365105,-0.242544,0.210281,-0.402804,-0.210245,0.238648,-0.405867,-0.162269,0.257666,-0.399837,-0.209119
2026-07-29 15:50:12.065,163.199844,0.000000,0.000000,0.000000,0.343227,-0.377054,-0.222767,0.143293,-0.369178,-0.226363,0.243260,-0.373116,-0.224565,0.219138,-0.411254,-0.190320,0.247595,-0.409689,-0.142349,0.266370,-0.406584,-0.189433
2026-07-29 15:50:12.165,163.299844,0.000000,0.000000,0.000000,0.334609,-0.368484,-0.240291,0.134851,-0.354590,-0.243566,0.234730,-0.361537,-0.241929,0.209692,-0.400257,-0.208898,0.238154,-0.401798,-0.160829,0.257122,-0.396775,-0.208488
2026-07-29 15:50:12.265,163.399844,0.000000,0.000000,0.000000,0.335516,-0.373588,-0.241344,0.135682,-0.358674,-0.244656,0.235599,-0.366131,-0.243000,0.210627,-0.405354,-0.210673,0.239140,-0.405889,-0.161793,0.258029,-0.401879,-0.209541
2026-07-29 15:50:12.365,163.499844,0.000000,0.000000,0.000000,0.335153,-0.371546,-0.240923,0.135396,-0.357653,-0.244197,0.235274,-0.364599,-0.242560,0.210236,-0.403320,-0.209530,0.237950,-0.404844,-0.160766,0.258284,-0.400875,-0.209106
2026-07-29 15:50:12.465,163.599844,0.000000,0.000000,0.000000,0.335335,-0.372567,-0.241134,0.135500,-0.357653,-0.244446,0.235417,-0.365110,-0.242790,0.210418,-0.404341,-0.209740,0.238209,-0.404851,-0.160887,0.257819,-0.400866,-0.208603
2026-07-29 15:50:12.565,163.699844,0.000000,0.000000,0.000000,0.343227,-0.377054,-0.222767,0.143192,-0.368163,-0.226451,0.243210,-0.372608,-0.224609,0.219121,-0.410210,-0.189637,0.246125,-0.408576,-0.140204,0.267068,-0.406562,-0.188679
2026-07-29 15:50:12.665,163.799844,0.000000,0.000000,0.000000,0.342818,-0.375003,-0.222449,0.142782,-0.366112,-0.226133,0.242800,-0.370557,-0.224291,0.218721,-0.407143,-0.189356,0.245636,-0.407515,-0.139205,0.266742,-0.403495,-0.188397
2026-07-29 15:50:12.765,163.899844,0.000000,0.000000,0.000000,0.334393,-0.369494,-0.240258,0.134928,-0.355611,-0.243528,0.234660,-0.362552,-0.241893,0.209754,-0.399234,-0.209607,0.235881,-0.401756,-0.158024,0.257820,-0.396807,-0.207733
2026-07-29 15:50:12.865,163.999844,0.000000,0.000000,0.000000,0.343432,-0.378080,-0.222926,0.143498,-0.370203,-0.226522,0.243465,-0.374141,-0.224724,0.219335,-0.410219,-0.189834,0.245605,-0.408521,-0.138907,0.267356,-0.406572,-0.188875
2026-07-29 15:50:12.965,164.099844,0.000000,0.000000,0.000000,0.343432,-0.378080,-0.222926,0.143397,-0.369188,-0.226611,0.243414,-0.373634,-0.224768,0.219326,-0.411235,-0.189796,0.244855,-0.408487,-0.138212,0.266712,-0.405551,-0.188938
2026-07-29 15:50:13.065,164.199843,0.000000,0.000000,0.000000,0.342408,-0.372952,-0.222130,0.142271,-0.363046,-0.225903,0.242339,-0.367999,-0.224017,0.218311,-0.405092,-0.189037,0.243754,-0.404351,-0.136737,0.266416,-0.400429,-0.188114
2026-07-29 15:50:13.165,164.299843,0.000000,0.000000,0.000000,0.342818,-0.375003,-0.222449,0.142782,-0.366112,-0.226133,0.242800,-0.370557,-0.224291,0.218721,-0.407143,-0.189356,0.243464,-0.405349,-0.136317,0.266825,-0.402480,-0.188433
2026-07-29 15:50:13.265,164.399843,0.000000,0.000000,0.000000,0.335335,-0.372567,-0.241134,0.135577,-0.358674,-0.244408,0.235456,-0.365620,-0.242771,0.210514,-0.402301,-0.210437,0.235046,-0.406320,-0.156803,0.258654,-0.399877,-0.208560
2026-07-29 15:50:13.365,164.499843,0.000000,0.000000,0.000000,0.335153,-0.371546,-0.240923,0.135396,-0.357653,-0.244197,0.235274,-0.364599,-0.242560,0.210298,-0.402296,-0.210239,0.234801,-0.405814,-0.155920,0.258472,-0.398856,-0.208349
2026-07-29 15:50:13.465,164.599843,0.000000,0.000000,0.000000,0.334790,-0.369504,-0.240502,0.135033,-0.355611,-0.243776,0.234912,-0.362558,-0.242139,0.209936,-0.400255,-0.209818,0.234410,-0.403780,-0.154778,0.258109,-0.396815,-0.207928
2026-07-29 15:50:13.565,164.699843,0.000000,0.000000,0.000000,0.342831,-0.377041,-0.222524,0.143088,-0.368152,-0.226203,0.242959,-0.372597,-0.224363,0.218953,-0.408196,-0.190238,0.243518,-0.408356,-0.135125,0.267030,-0.403506,-0.188592
2026-07-29 15:50:13.665,164.799843,0.000000,0.000000,0.000000,0.334790,-0.369504,-0.240502,0.135109,-0.356631,-0.243739,0.234950,-0.363068,-0.242120,0.209901,-0.401270,-0.209830,0.234455,-0.402774,-0.153958,0.258109,-0.396815,-0.207928
2026-07-29 15:50:13.765,164.899843,0.000000,0.000000,0.000000,0.342613,-0.373978,-0.222289,0.142577,-0.365086,-0.225974,0.242595,-0.369532,-0.224132,0.217821,-0.406140,-0.189947,0.243081,-0.406278,-0.134087,0.266620,-0.401455,-0.188273
2026-07-29 15:50:13.865,164.999843,0.000000,0.000000,0.000000,0.334937,-0.372556,-0.240890,0.135396,-0.357653,-0.244197,0.235166,-0.365105,-0.242544,0.209577,-0.402272,-0.210266,0.234718,-0.405837,-0.153758,0.258472,-0.398856,-0.208349
2026-07-29 15:50:13.965,165.099843,0.000000,0.000000,0.000000,0.343227,-0.377054,-0.222767,0.143090,-0.367148,-0.226540,0.243159,-0.372101,-0.224654,0.218436,-0.409216,-0.190424,0.243593,-0.410317,-0.133174,0.267963,-0.404537,-0.188723
2026-07-29 15:50:14.065,165.199842,0.000000,0.000000,0.000000,0.336061,-0.376650,-0.241976,0.136303,-0.362757,-0.245250,0.236182,-0.369704,-0.243613,0.210484,-0.407376,-0.211319,0.235525,-0.411963,-0.154192,0.260107,-0.403985,-0.209374
2026-07-29 15:50:14.165,165.299842,0.000000,0.000000,0.000000,0.335516,-0.373588,-0.241344,0.135758,-0.359694,-0.244618,0.235637,-0.366641,-0.242981,0.209250,-0.403273,-0.210702,0.234881,-0.409922,-0.152943,0.259562,-0.400923,-0.208743
2026-07-29 15:50:14.265,165.399842,0.000000,0.000000,0.000000,0.343432,-0.378080,-0.222926,0.143397,-0.369188,-0.226611,0.243414,-0.373634,-0.224768,0.217919,-0.410236,-0.190611,0.244293,-0.415396,-0.132792,0.268168,-0.405562,-0.188883
2026-07-29 15:50:14.365,165.499842,0.000000,0.000000,0.000000,0.343227,-0.377054,-0.222767,0.143192,-0.368163,-0.226451,0.243210,-0.372608,-0.224609,0.217706,-0.410226,-0.190413,0.244137,-0.413352,-0.132582,0.267878,-0.405552,-0.188687
2026-07-29 15:50:14.465,165.599842,0.000000,0.000000,0.000000,0.335153,-0.371546,-0.240923,0.135396,-0.357653,-0.244197,0.235274,-0.364599,-0.242560,0.208823,-0.403263,-0.210306,0.235089,-0.409932,-0.152700,0.259200,-0.398881,-0.208321
2026-07-29 15:50:14.565,165.699842,0.000000,0.000000,0.000000,0.343650,-0.381143,-0.223161,0.143806,-0.371239,-0.226929,0.243728,-0.376191,-0.225045,0.217600,-0.413297,-0.190919,0.244725,-0.416401,-0.132344,0.269219,-0.408634,-0.189137
2026-07-29 15:50:14.665,165.799842,0.000000,0.000000,0.000000,0.343227,-0.377054,-0.222767,0.143293,-0.369178,-0.226363,0.243260,-0.373116,-0.224565,0.216985,-0.410220,-0.190441,0.244159,-0.412305,-0.131813,0.268605,-0.405558,-0.188660
2026-07-29 15:50:14.765,165.899842,0.000000,0.000000,0.000000,0.343637,-0.379105,-0.223086,0.143601,-0.370214,-0.226770,0.243619,-0.374659,-0.224928,0.217361,-0.413259,-0.190000,0.244520,-0.415375,-0.132184,0.269014,-0.407609,-0.188978
2026-07-29 15:50:14.865,165.999842,0.000000,0.000000,0.000000,0.342818,-0.375003,-0.222449,0.142883,-0.367127,-0.226044,0.242850,-0.371065,-0.224246,0.216569,-0.409185,-0.190084,0.243652,-0.412292,-0.131600,0.268195,-0.403507,-0.188341
2026-07-29 15:50:14.965,166.099842,0.000000,0.000000,0.000000,0.334972,-0.370525,-0.240713,0.135137,-0.355612,-0.244024,0.235055,-0.363068,-0.242369,0.207890,-0.403234,-0.210136,0.234779,-0.409940,-0.151161,0.259635,-0.398899,-0.208099
2026-07-29 15:50:15.065,166.199841,0.000000,0.000000,0.000000,0.342613,-0.373978,-0.222289,0.142577,-0.365086,-0.225974,0.242595,-0.369532,-0.224132,0.216364,-0.408160,-0.189924,0.243468,-0.410220,-0.130672,0.267990,-0.402482,-0.188182
2026-07-29 15:50:15.165,166.299841,0.000000,0.000000,0.000000,0.343022,-0.376029,-0.222608,0.142987,-0.367137,-0.226292,0.243005,-0.371583,-0.224450,0.216771,-0.410719,-0.190224,0.243829,-0.413290,-0.131044,0.268443,-0.404025,-0.188518
2026-07-29 15:50:15.265,166.399841,0.000000,0.000000,0.000000,0.343842,-0.380130,-0.223245,0.143806,-0.371239,-0.226929,0.243824,-0.375685,-0.225087,0.216879,-0.413291,-0.190946,0.244698,-0.416373,-0.131628,0.269219,-0.408634,-0.189137
2026-07-29 15:50:15.365,166.499841,0.000000,0.000000,0.000000,0.335663,-0.376640,-0.241732,0.136121,-0.361736,-0.245040,0.235892,-0.369188,-0.243386,0.208078,-0.408313,-0.211216,0.235759,-0.414030,-0.152109,0.260432,-0.405016,-0.209167
2026-07-29 15:50:15.465,166.599841,0.000000,0.000000,0.000000,0.342216,-0.373965,-0.222046,0.142271,-0.363046,-0.225903,0.242243,-0.368505,-0.223975,0.215439,-0.407128,-0.189793,0.243263,-0.409195,-0.130513,0.267785,-0.401456,-0.188023
2026-07-29 15:50:15.565,166.699841,0.000000,0.000000,0.000000,0.336061,-0.376650,-0.241976,0.136303,-0.362757,-0.245250,0.236182,-0.369704,-0.243613,0.208259,-0.409334,-0.211426,0.235941,-0.415051,-0.152320,0.260724,-0.405024,-0.209362
2026-07-29 15:50:15.665,166.799841,0.000000,0.000000,0.000000,0.334790,-0.369504,-0.240502,0.135109,-0.356631,-0.243739,0.234950,-0.363068,-0.242120,0.206961,-0.402196,-0.209232,0.233883,-0.408894,-0.150978,0.259454,-0.397878,-0.207888
2026-07-29 15:50:15.765,166.899841,0.000000,0.000000,0.000000,0.334790,-0.369504,-0.240502,0.135033,-0.355611,-0.243776,0.234912,-0.362558,-0.242139,0.207019,-0.401172,-0.209940,0.233956,-0.407881,-0.150873,0.259454,-0.397878,-0.207888
2026-07-29 15:50:15.865,166.999841,0.000000,0.000000,0.000000,0.343637,-0.379105,-0.223086,0.143601,-0.370214,-0.226770,0.243619,-0.374659,-0.224928,0.216669,-0.413281,-0.190748,0.243754,-0.415851,-0.131523,0.269014,-0.407609,-0.188978
2026-07-29 15:50:15.965,167.099841,0.000000,0.000000,0.000000,0.335698,-0.374609,-0.241555,0.135940,-0.360715,-0.244829,0.235819,-0.367662,-0.243192,0.207896,-0.407292,-0.211005,0.234863,-0.412985,-0.151926,0.260361,-0.402982,-0.208941
2026-07-29 15:50:16.065,167.199841,0.000000,0.000000,0.000000,0.342408,-0.372952,-0.222130,0.142372,-0.364061,-0.225814,0.242390,-0.368507,-0.223972,0.215439,-0.407128,-0.189793,0.242521,-0.409161,-0.129825,0.267699,-0.402471,-0.187987
2026-07-29 15:50:16.165,167.299840,0.000000,0.000000,0.000000,0.342818,-0.375003,-0.222449,0.142681,-0.365097,-0.226222,0.242749,-0.370050,-0.224335,0.215852,-0.408671,-0.190131,0.242931,-0.411212,-0.130143,0.268109,-0.404522,-0.188305
2026-07-29 15:50:16.265,167.399840,0.000000,0.000000,0.000000,0.342408,-0.372952,-0.222130,0.142372,-0.364061,-0.225814,0.242390,-0.368507,-0.223972,0.215407,-0.408117,-0.189035,0.242473,-0.410180,-0.129879,0.267699,-0.402471,-0.187987
2026-07-29 15:50:16.365,167.499840,0.000000,0.000000,0.000000,0.335153,-0.371546,-0.240923,0.135396,-0.357653,-0.244197,0.235274,-0.364599,-0.242560,0.207352,-0.404230,-0.210373,0.233576,-0.409906,-0.150605,0.259706,-0.400933,-0.208325
2026-07-29 15:50:16.465,167.599840,0.000000,0.000000,0.000000,0.334574,-0.370515,-0.240469,0.134956,-0.354591,-0.243814,0.234765,-0.362553,-0.242141,0.207019,-0.401172,-0.209940,0.233213,-0.407864,-0.150184,0.259343,-0.398891,-0.207903
2026-07-29 15:50:16.565,167.699840,0.000000,0.000000,0.000000,0.343227,-0.377054,-0.222767,0.143192,-0.368163,-0.226451,0.243210,-0.372608,-0.224609,0.216259,-0.411230,-0.190430,0.242625,-0.413257,-0.130489,0.268519,-0.406573,-0.188624
2026-07-29 15:50:16.665,167.799840,0.000000,0.000000,0.000000,0.342408,-0.372952,-0.222130,0.142271,-0.363046,-0.225903,0.242339,-0.367999,-0.224017,0.215439,-0.407128,-0.189793,0.241759,-0.410175,-0.129907,0.267785,-0.401456,-0.188023
2026-07-29 15:50:16.765,167.899840,0.000000,0.000000,0.000000,0.343432,-0.378080,-0.222926,0.143397,-0.369188,-0.226611,0.243414,-0.373634,-0.224768,0.216464,-0.412256,-0.190589,0.242783,-0.415302,-0.130703,0.268724,-0.407599,-0.188783
2026-07-29 15:50:16.865,167.999840,0.000000,0.000000,0.000000,0.343227,-0.377054,-0.222767,0.143192,-0.368163,-0.226451,0.243210,-0.372608,-0.224609,0.215539,-0.411224,-0.190457,0.242579,-0.414276,-0.130544,0.269157,-0.407594,-0.188560
2026-07-29 15:50:16.965,168.099840,0.000000,0.000000,0.000000,0.335516,-0.373588,-0.241344,0.135682,-0.358674,-0.244656,0.235599,-0.366131,-0.243000,0.207715,-0.406271,-0.210795,0.233868,-0.412961,-0.151132,0.260069,-0.402975,-0.208746
2026-07-29 15:50:17.065,168.199840,0.000000,0.000000,0.000000,0.334972,-0.370525,-0.240713,0.135214,-0.356632,-0.243987,0.235093,-0.363579,-0.242350,0.207170,-0.403209,-0.210163,0.233395,-0.408885,-0.150395,0.259525,-0.399912,-0.208114
2026-07-29 15:50:17.165,168.299839,0.000000,0.000000,0.000000,0.342408,-0.372952,-0.222130,0.142271,-0.363046,-0.225903,0.242339,-0.367999,-0.224017,0.214719,-0.407123,-0.189820,0.241759,-0.410175,-0.129907,0.268425,-0.402477,-0.187959
2026-07-29 15:50:17.265,168.399839,0.000000,0.000000,0.000000,0.342626,-0.376016,-0.222364,0.142782,-0.366112,-0.226133,0.242704,-0.371064,-0.224249,0.215849,-0.409179,-0.190111,0.242142,-0.412198,-0.129511,0.268748,-0.405543,-0.188242
2026-07-29 15:50:17.365,168.499839,0.000000,0.000000,0.000000,0.342408,-0.372952,-0.222130,0.142372,-0.364061,-0.225814,0.242390,-0.368507,-0.223972,0.215439,-0.407128,-0.189793,0.241732,-0.410147,-0.129192,0.268338,-0.403493,-0.187923
2026-07-29 15:50:17.465,168.599839,0.000000,0.000000,0.000000,0.342818,-0.375003,-0.222449,0.142782,-0.366112,-0.226133,0.242800,-0.370557,-0.224291,0.215849,-0.409179,-0.190111,0.242142,-0.412198,-0.129511,0.268748,-0.405543,-0.188242
2026-07-29 15:50:17.565,168.699839,0.000000,0.000000,0.000000,0.335153,-0.371546,-0.240923,0.135396,-0.357653,-0.244197,0.235274,-0.364599,-0.242560,0.207322,-0.405246,-0.210386,0.233477,-0.410927,-0.149996,0.260431,-0.400958,-0.208297
2026-07-29 15:50:17.665,168.799839,0.000000,0.000000,0.000000,0.342818,-0.375003,-0.222449,0.142782,-0.366112,-0.226133,0.242800,-0.370557,-0.224291,0.215849,-0.409179,-0.190111,0.242142,-0.412198,-0.129511,0.268109,-0.404522,-0.188305
2026-07-29 15:50:17.765,168.899839,0.000000,0.000000,0.000000,0.343432,-0.378080,-0.222926,0.143397,-0.369188,-0.226611,0.243414,-0.373634,-0.224768,0.215744,-0.412250,-0.190617,0.242042,-0.415269,-0.130016,0.268724,-0.407599,-0.188783
2026-07-29 15:50:17.865,168.999839,0.000000,0.000000,0.000000,0.343214,-0.375016,-0.222692,0.142885,-0.366122,-0.226381,0.243050,-0.370569,-0.224537,0.216049,-0.411221,-0.190232,0.241650,-0.412171,-0.128926,0.268314,-0.405548,-0.188465
2026-07-29 15:50:17.965,169.099839,0.000000,0.000000,0.000000,0.342818,-0.375003,-0.222449,0.142782,-0.366112,-0.226133,0.242800,-0.370557,-0.224291,0.215844,-0.410195,-0.190072,0.241400,-0.412165,-0.128823,0.268109,-0.404522,-0.188305
2026-07-29 15:50:18.065,169.199839,0.000000,0.000000,0.000000,0.334609,-0.368484,-0.240291,0.134851,-0.354590,-0.243566,0.234730,-0.361537,-0.241929,0.206750,-0.402191,-0.209035,0.232192,-0.407848,-0.148676,0.259162,-0.397870,-0.207693
2026-07-29 15:50:18.165,169.299839,0.000000,0.000000,0.000000,0.342613,-0.373978,-0.222289,0.142577,-0.365086,-0.225974,0.242595,-0.369532,-0.224132,0.215617,-0.408126,-0.189232,0.241150,-0.412158,-0.128721,0.267818,-0.404512,-0.188110
2026-07-29 15:50:18.265,169.399838,0.000000,0.000000,0.000000,0.335663,-0.376640,-0.241732,0.136121,-0.361736,-0.245040,0.235892,-0.369188,-0.243386,0.208020,-0.409337,-0.210509,0.233497,-0.414487,-0.150096,0.260432,-0.405016,-0.209167
2026-07-29 15:50:18.365,169.499838,0.000000,0.000000,0.000000,0.342277,-0.378060,-0.222712,0.143090,-0.367148,-0.226540,0.242683,-0.372604,-0.224626,0.216232,-0.411202,-0.189710,0.241810,-0.414215,-0.129142,0.268519,-0.406573,-0.188624
2026-07-29 15:50:18.465,169.599838,0.000000,0.000000,0.000000,0.341793,-0.369876,-0.221652,0.141758,-0.360984,-0.225337,0.241775,-0.365430,-0.223495,0.214797,-0.404024,-0.188595,0.240376,-0.407037,-0.128027,0.267085,-0.399395,-0.187509
2026-07-29 15:50:18.565,169.699838,0.000000,0.000000,0.000000,0.343637,-0.379105,-0.223086,0.143601,-0.370214,-0.226770,0.243619,-0.374659,-0.224928,0.216647,-0.412237,-0.190066,0.242265,-0.415247,-0.129404,0.268929,-0.408624,-0.188942
2026-07-29 15:50:18.665,169.799838,0.000000,0.000000,0.000000,0.335153,-0.371546,-0.240923,0.135396,-0.357653,-0.244197,0.235274,-0.364599,-0.242560,0.207324,-0.404238,-0.209653,0.232736,-0.410911,-0.149308,0.259706,-0.400933,-0.208325
2026-07-29 15:50:18.765,169.899838,0.000000,0.000000,0.000000,0.335153,-0.371546,-0.240923,0.135396,-0.357653,-0.244197,0.235274,-0.364599,-0.242560,0.207294,-0.405254,-0.209666,0.232806,-0.409897,-0.149200,0.259706,-0.400933,-0.208325
2026-07-29 15:50:18.865,169.999838,0.000000,0.000000,0.000000,0.344047,-0.381156,-0.223404,0.144011,-0.372265,-0.227088,0.244029,-0.376710,-0.225246,0.217054,-0.414796,-0.190365,0.242675,-0.417298,-0.129722,0.269253,-0.411690,-0.189225
2026-07-29 15:50:18.965,170.099838,0.000000,0.000000,0.000000,0.334609,-0.368484,-0.240291,0.134774,-0.353570,-0.243603,0.234692,-0.361027,-0.241947,0.206780,-0.401175,-0.209021,0.231547,-0.406810,-0.148596,0.259162,-0.397870,-0.207693
2026-07-29 15:50:19.065,170.199838,0.000000,0.000000,0.000000,0.334609,-0.368484,-0.240291,0.134851,-0.354590,-0.243566,0.234730,-0.361537,-0.241929,0.206750,-0.402191,-0.209035,0.231547,-0.406810,-0.148596,0.259162,-0.397870,-0.207693
2026-07-29 15:50:19.165,170.299838,0.000000,0.000000,0.000000,0.334609,-0.368484,-0.240291,0.134851,-0.354590,-0.243566,0.234730,-0.361537,-0.241929,0.206780,-0.401175,-0.209021,0.231547,-0.406810,-0.148596,0.259162,-0.397870,-0.207693
2026-07-29 15:50:19.265,170.399837,0.000000,0.000000,0.000000,0.342613,-0.373978,-0.222289,0.142678,-0.366101,-0.225885,0.242646,-0.370040,-0.224087,0.215617,-0.408126,-0.189232,0.240525,-0.410114,-0.128635,0.267904,-0.403497,-0.188146
2026-07-29 15:50:19.365,170.499837,0.000000,0.000000,0.000000,0.335335,-0.372567,-0.241134,0.135577,-0.358674,-0.244408,0.235456,-0.365620,-0.242771,0.207506,-0.405258,-0.209863,0.232272,-0.410893,-0.149438,0.259860,-0.401962,-0.207809
2026-07-29 15:50:19.465,170.599837,0.000000,0.000000,0.000000,0.343036,-0.378066,-0.222683,0.143192,-0.368163,-0.226451,0.243114,-0.373115,-0.224567,0.216226,-0.412218,-0.189672,0.241140,-0.413191,-0.129113,0.268519,-0.406573,-0.188624
2026-07-29 15:50:19.565,170.699837,0.000000,0.000000,0.000000,0.342818,-0.375003,-0.222449,0.142782,-0.366112,-0.226133,0.242800,-0.370557,-0.224291,0.215822,-0.409152,-0.189391,0.240686,-0.412159,-0.128851,0.268109,-0.404522,-0.188305
2026-07-29 15:50:19.665,170.799837,0.000000,0.000000,0.000000,0.343419,-0.376042,-0.222852,0.143293,-0.369178,-0.226363,0.243356,-0.372610,-0.224607,0.216226,-0.412218,-0.189672,0.241140,-0.413191,-0.129113,0.268519,-0.406573,-0.188624
2026-07-29 15:50:19.765,170.899837,0.000000,0.000000,0.000000,0.343432,-0.378080,-0.222926,0.143397,-0.369188,-0.226611,0.243414,-0.373634,-0.224768,0.216436,-0.412228,-0.189869,0.241301,-0.415235,-0.129329,0.268638,-0.408614,-0.188747
2026-07-29 15:50:19.865,170.999837,0.000000,0.000000,0.000000,0.343829,-0.378093,-0.223170,0.143601,-0.370214,-0.226770,0.243715,-0.374153,-0.224970,0.215921,-0.413248,-0.190056,0.242220,-0.416266,-0.129460,0.268929,-0.408624,-0.188942
2026-07-29 15:50:19.965,171.099837,0.000000,0.000000,0.000000,0.335516,-0.373588,-0.241344,0.135758,-0.359694,-0.244618,0.235637,-0.366641,-0.242981,0.206939,-0.407271,-0.210115,0.233126,-0.412944,-0.150444,0.260683,-0.404013,-0.208734
2026-07-29 15:50:20.065,171.199837,0.000000,0.000000,0.000000,0.342408,-0.372952,-0.222130,0.142372,-0.364061,-0.225814,0.242390,-0.368507,-0.223972,0.214688,-0.408111,-0.189062,0.241063,-0.409122,-0.129164,0.268338,-0.403493,-0.187923
2026-07-29 15:50:20.165,171.299837,0.000000,0.000000,0.000000,0.342818,-0.375003,-0.222449,0.142782,-0.366112,-0.226133,0.242800,-0.370557,-0.224291,0.215098,-0.410162,-0.189381,0.241427,-0.412192,-0.129538,0.268748,-0.405543,-0.188242
2026-07-29 15:50:20.265,171.399837,0.000000,0.000000,0.000000,0.343022,-0.376029,-0.222608,0.143088,-0.368152,-0.226203,0.243055,-0.372090,-0.224406,0.215303,-0.411187,-0.189540,0.241678,-0.412199,-0.129642,0.268953,-0.406569,-0.188401
2026-07-29 15:50:20.365,171.499836,0.000000,0.000000,0.000000,0.343419,-0.376042,-0.222852,0.143192,-0.368163,-0.226451,0.243305,-0.372102,-0.224651,0.215508,-0.412213,-0.189699,0.241167,-0.413218,-0.129828,0.269157,-0.407594,-0.188560
2026-07-29 15:50:20.465,171.599836,0.000000,0.000000,0.000000,0.343842,-0.380130,-0.223245,0.143806,-0.371239,-0.226929,0.243824,-0.375685,-0.225087,0.216145,-0.416333,-0.190857,0.241760,-0.416804,-0.130334,0.269859,-0.409656,-0.189074
2026-07-29 15:50:20.565,171.699836,0.000000,0.000000,0.000000,0.343842,-0.380130,-0.223245,0.143908,-0.372254,-0.226840,0.243875,-0.376192,-0.225043,0.216150,-0.415317,-0.190896,0.241737,-0.417314,-0.130362,0.269685,-0.411686,-0.189003
2026-07-29 15:50:20.665,171.799836,0.000000,0.000000,0.000000,0.335153,-0.371546,-0.240923,0.135396,-0.357653,-0.244197,0.235274,-0.364599,-0.242560,0.206604,-0.405221,-0.210413,0.232050,-0.410878,-0.150050,0.260320,-0.401971,-0.208312
2026-07-29 15:50:20.765,171.899836,0.000000,0.000000,0.000000,0.335118,-0.373577,-0.241100,0.135654,-0.359694,-0.244370,0.235386,-0.366636,-0.242735,0.206729,-0.407266,-0.209918,0.232204,-0.411907,-0.149546,0.260390,-0.404005,-0.208538
2026-07-29 15:50:20.865,171.999836,0.000000,0.000000,0.000000,0.343842,-0.380130,-0.223245,0.143806,-0.371239,-0.226929,0.243824,-0.375685,-0.225087,0.216118,-0.416305,-0.190139,0.241710,-0.417286,-0.129647,0.269772,-0.410671,-0.189038
2026-07-29 15:50:20.965,172.099836,0.000000,0.000000,0.000000,0.335370,-0.370536,-0.240956,0.135319,-0.356632,-0.244235,0.235344,-0.363584,-0.242596,0.206547,-0.406245,-0.209707,0.232022,-0.410886,-0.149335,0.260320,-0.401971,-0.208312
2026-07-29 15:50:21.065,172.199836,0.000000,0.000000,0.000000,0.342818,-0.375003,-0.222449,0.142782,-0.366112,-0.226133,0.242800,-0.370557,-0.224291,0.215098,-0.410162,-0.189381,0.240703,-0.411112,-0.128078,0.268748,-0.405543,-0.188242
2026-07-29 15:50:21.165,172.299836,0.000000,0.000000,0.000000,0.342613,-0.373978,-0.222289,0.142577,-0.365086,-0.225974,0.242595,-0.369532,-0.224132,0.214893,-0.409136,-0.189222,0.240498,-0.410086,-0.127919,0.268602,-0.403475,-0.187393
2026-07-29 15:50:21.265,172.399836,0.000000,0.000000,0.000000,0.343227,-0.377054,-0.222767,0.143192,-0.368163,-0.226451,0.243210,-0.372608,-0.224609,0.215508,-0.412213,-0.189699,0.241041,-0.414154,-0.127740,0.269130,-0.407566,-0.187836
2026-07-29 15:50:21.365,172.499835,0.000000,0.000000,0.000000,0.335516,-0.373588,-0.241344,0.135758,-0.359694,-0.244618,0.235637,-0.366641,-0.242981,0.206968,-0.406255,-0.210101,0.232399,-0.411930,-0.148216,0.260655,-0.404020,-0.208008
2026-07-29 15:50:21.465,172.599835,0.000000,0.000000,0.000000,0.335300,-0.374598,-0.241311,0.135758,-0.359694,-0.244618,0.235529,-0.367146,-0.242965,0.206939,-0.407271,-0.210115,0.232371,-0.411937,-0.147500,0.260766,-0.403007,-0.207992
2026-07-29 15:50:21.565,172.699835,0.000000,0.000000,0.000000,0.343227,-0.377054,-0.222767,0.143192,-0.368163,-0.226451,0.243210,-0.372608,-0.224609,0.215512,-0.411197,-0.189737,0.241058,-0.413108,-0.126965,0.269173,-0.407059,-0.187853
2026-07-29 15:50:21.665,172.799835,0.000000,0.000000,0.000000,0.343227,-0.377054,-0.222767,0.143192,-0.368163,-0.226451,0.243210,-0.372608,-0.224609,0.215510,-0.411705,-0.189718,0.240987,-0.414099,-0.126311,0.269130,-0.407566,-0.187836
2026-07-29 15:50:21.765,172.899835,0.000000,0.000000,0.000000,0.342818,-0.375003,-0.222449,0.142782,-0.366112,-0.226133,0.242800,-0.370557,-0.224291,0.215098,-0.410162,-0.189381,0.240621,-0.411029,-0.125931,0.268807,-0.404500,-0.187552
2026-07-29 15:50:21.865,172.999835,0.000000,0.000000,0.000000,0.343022,-0.376029,-0.222608,0.142987,-0.367137,-0.226292,0.243005,-0.371583,-0.224450,0.216021,-0.411193,-0.189513,0.240799,-0.412027,-0.125375,0.269012,-0.405526,-0.187711
2026-07-29 15:50:21.965,173.099835,0.000000,0.000000,0.000000,0.334427,-0.367463,-0.240081,0.134670,-0.353569,-0.243355,0.234549,-0.360516,-0.241718,0.206539,-0.402186,-0.208837,0.230580,-0.404790,-0.144718,0.259566,-0.397895,-0.206745
2026-07-29 15:50:22.065,173.199835,0.000000,0.000000,0.000000,0.335879,-0.375629,-0.241765,0.136121,-0.361736,-0.245040,0.236000,-0.368683,-0.243403,0.208020,-0.409337,-0.210509,0.232071,-0.411951,-0.145570,0.261129,-0.405049,-0.208413
2026-07-29 15:50:22.165,173.299835,0.000000,0.000000,0.000000,0.334972,-0.370525,-0.240713,0.135137,-0.355612,-0.244024,0.235055,-0.363068,-0.242369,0.207113,-0.404233,-0.209456,0.231164,-0.406846,-0.144517,0.260222,-0.399945,-0.207360
2026-07-29 15:50:22.265,173.399835,0.000000,0.000000,0.000000,0.335879,-0.375629,-0.241765,0.136121,-0.361736,-0.245040,0.236000,-0.368683,-0.243403,0.208020,-0.409337,-0.210509,0.232004,-0.412964,-0.145685,0.261129,-0.405049,-0.208413
2026-07-29 15:50:22.365,173.499835,0.000000,0.000000,0.000000,0.342804,-0.372965,-0.222374,0.142476,-0.364071,-0.226062,0.242640,-0.368518,-0.224218,0.214889,-0.410152,-0.189184,0.238946,-0.408890,-0.123615,0.268515,-0.404490,-0.187358
2026-07-29 15:50:22.465,173.599834,0.000000,0.000000,0.000000,0.343432,-0.378080,-0.222926,0.143397,-0.369188,-0.226611,0.243414,-0.373634,-0.224768,0.215712,-0.413238,-0.189859,0.239807,-0.411972,-0.124187,0.269335,-0.408592,-0.187995
2026-07-29 15:50:22.565,173.699834,0.000000,0.000000,0.000000,0.335516,-0.373588,-0.241344,0.135758,-0.359694,-0.244618,0.235637,-0.366641,-0.242981,0.206910,-0.408287,-0.210128,0.230246,-0.409868,-0.144485,0.260655,-0.404020,-0.208008
2026-07-29 15:50:22.665,173.799834,0.000000,0.000000,0.000000,0.343227,-0.377054,-0.222767,0.143192,-0.368163,-0.226451,0.243210,-0.372608,-0.224609,0.215503,-0.413229,-0.189662,0.238803,-0.412980,-0.124185,0.269217,-0.406551,-0.187870
2026-07-29 15:50:22.765,173.899834,0.000000,0.000000,0.000000,0.335732,-0.372577,-0.241378,0.135758,-0.359694,-0.244618,0.235745,-0.366136,-0.242998,0.206910,-0.408287,-0.210128,0.230246,-0.409868,-0.144485,0.260766,-0.403007,-0.207992
2026-07-29 15:50:22.865,173.999834,0.000000,0.000000,0.000000,0.335516,-0.373588,-0.241344,0.135758,-0.359694,-0.244618,0.235637,-0.366641,-0.242981,0.206910,-0.408287,-0.210128,0.230246,-0.409868,-0.144485,0.260655,-0.404020,-0.208008
2026-07-29 15:50:22.965,174.099834,0.000000,0.000000,0.000000,0.335153,-0.371546,-0.240923,0.135396,-0.357653,-0.244197,0.235274,-0.364599,-0.242560,0.206547,-0.406245,-0.209707,0.229166,-0.407802,-0.144091,0.260403,-0.400965,-0.207571
2026-07-29 15:50:23.065,174.199834,0.000000,0.000000,0.000000,0.343227,-0.377054,-0.222767,0.143192,-0.368163,-0.226451,0.243210,-0.372608,-0.224609,0.215503,-0.413229,-0.189662,0.238206,-0.409915,-0.124019,0.269130,-0.407566,-0.187836
2026-07-29 15:50:23.165,174.299834,0.000000,0.000000,0.000000,0.343022,-0.376029,-0.222608,0.142987,-0.367137,-0.226292,0.243005,-0.371583,-0.224450,0.215271,-0.412175,-0.188784,0.237923,-0.410929,-0.123988,0.268925,-0.406541,-0.187677
2026-07-29 15:50:23.265,174.399834,0.000000,0.000000,0.000000,0.342613,-0.373978,-0.222289,0.142678,-0.366101,-0.225885,0.242646,-0.370040,-0.224087,0.214889,-0.410152,-0.189184,0.237552,-0.407858,-0.123605,0.268515,-0.404490,-0.187358
2026-07-29 15:50:23.365,174.499834,0.000000,0.000000,0.000000,0.343227,-0.377054,-0.222767,0.143192,-0.368163,-0.226451,0.243210,-0.372608,-0.224609,0.215503,-0.413229,-0.189662,0.238167,-0.410935,-0.124083,0.269130,-0.407566,-0.187836
2026-07-29 15:50:23.465,174.599833,0.000000,0.000000,0.000000,0.335335,-0.372567,-0.241134,0.135577,-0.358674,-0.244408,0.235456,-0.365620,-0.242771,0.206700,-0.408282,-0.209931,0.229347,-0.408822,-0.144302,0.260585,-0.401986,-0.207781
2026-07-29 15:50:23.565,174.699833,0.000000,0.000000,0.000000,0.334756,-0.371536,-0.240679,0.135214,-0.356632,-0.243987,0.234985,-0.364084,-0.242333,0.206366,-0.405224,-0.209496,0.228985,-0.406781,-0.143881,0.260111,-0.400958,-0.207377
2026-07-29 15:50:23.665,174.799833,0.000000,0.000000,0.000000,0.343227,-0.377054,-0.222767,0.143192,-0.368163,-0.226451,0.243210,-0.372608,-0.224609,0.215499,-0.414244,-0.189624,0.238088,-0.412974,-0.124212,0.269130,-0.407566,-0.187836
2026-07-29 15:50:23.765,174.899833,0.000000,0.000000,0.000000,0.343036,-0.378066,-0.222683,0.143192,-0.368163,-0.226451,0.243114,-0.373115,-0.224567,0.215503,-0.413229,-0.189662,0.237345,-0.412940,-0.123524,0.269130,-0.407566,-0.187836
2026-07-29 15:50:23.865,174.999833,0.000000,0.000000,0.000000,0.335516,-0.373588,-0.241344,0.135835,-0.360715,-0.244581,0.235676,-0.367151,-0.242963,0.206854,-0.409311,-0.209424,0.228005,-0.410816,-0.143965,0.260655,-0.404020,-0.208008
2026-07-29 15:50:23.965,175.099833,0.000000,0.000000,0.000000,0.342818,-0.375003,-0.222449,0.142782,-0.366112,-0.226133,0.242800,-0.370557,-0.224291,0.215066,-0.411150,-0.188625,0.236183,-0.411903,-0.123298,0.268720,-0.405515,-0.187517
2026-07-29 15:50:24.065,175.199833,0.000000,0.000000,0.000000,0.335335,-0.372567,-0.241134,0.135577,-0.358674,-0.244408,0.235456,-0.365620,-0.242771,0.206729,-0.407266,-0.209918,0.227700,-0.411822,-0.143988,0.260473,-0.403000,-0.207798
2026-07-29 15:50:24.165,175.299833,0.000000,0.000000,0.000000,0.342600,-0.371940,-0.222215,0.142372,-0.364061,-0.225814,0.242486,-0.368000,-0.224014,0.213933,-0.411125,-0.188261,0.235800,-0.409880,-0.123694,0.268310,-0.403465,-0.187199
2026-07-29 15:50:24.265,175.399833,0.000000,0.000000,0.000000,0.342818,-0.375003,-0.222449,0.142782,-0.366112,-0.226133,0.242800,-0.370557,-0.224291,0.215090,-0.412194,-0.189305,0.236285,-0.409892,-0.123884,0.268720,-0.405515,-0.187517
2026-07-29 15:50:24.365,175.499833,0.000000,0.000000,0.000000,0.334972,-0.370525,-0.240713,0.135214,-0.356632,-0.243987,0.235093,-0.363579,-0.242350,0.206337,-0.406241,-0.209510,0.227365,-0.409773,-0.144282,0.260111,-0.400958,-0.207377
2026-07-29 15:50:24.465,175.599833,0.000000,0.000000,0.000000,0.334938,-0.374583,-0.241584,0.135940,-0.360715,-0.244829,0.235439,-0.367649,-0.243206,0.206347,-0.410299,-0.210379,0.228242,-0.411821,-0.145611,0.260948,-0.404028,-0.208202
2026-07-29 15:50:24.565,175.699832,0.000000,0.000000,0.000000,0.335516,-0.373588,-0.241344,0.135758,-0.359694,-0.244618,0.235637,-0.366641,-0.242981,0.206882,-0.409303,-0.210142,0.228119,-0.410286,-0.146061,0.260766,-0.403007,-0.207992
2026-07-29 15:50:24.665,175.799832,0.000000,0.000000,0.000000,0.335370,-0.370536,-0.240956,0.135396,-0.357653,-0.244197,0.235383,-0.364094,-0.242577,0.206547,-0.406245,-0.209707,0.227787,-0.407737,-0.145583,0.260292,-0.401979,-0.207587
2026-07-29 15:50:24.765,175.899832,0.000000,0.000000,0.000000,0.335153,-0.371546,-0.240923,0.135396,-0.357653,-0.244197,0.235274,-0.364599,-0.242560,0.206519,-0.407261,-0.209720,0.228406,-0.409781,-0.146499,0.260292,-0.401979,-0.207587
2026-07-29 15:50:24.865,175.999832,0.000000,0.000000,0.000000,0.342395,-0.370914,-0.222055,0.142167,-0.363035,-0.225655,0.242281,-0.366975,-0.223855,0.213758,-0.409111,-0.188855,0.236495,-0.406932,-0.126246,0.268105,-0.402439,-0.187040
2026-07-29 15:50:24.965,176.099832,0.000000,0.000000,0.000000,0.343214,-0.375016,-0.222692,0.142987,-0.367137,-0.226292,0.243101,-0.371077,-0.224492,0.214578,-0.413213,-0.189492,0.237342,-0.411062,-0.127600,0.268838,-0.407556,-0.187642
2026-07-29 15:50:25.065,176.199832,0.000000,0.000000,0.000000,0.343829,-0.378093,-0.223170,0.143601,-0.370214,-0.226770,0.243715,-0.374153,-0.224970,0.215196,-0.415274,-0.190008,0.238740,-0.413152,-0.128709,0.269540,-0.409617,-0.188154
2026-07-29 15:50:25.165,176.299832,0.000000,0.000000,0.000000,0.342818,-0.375003,-0.222449,0.142782,-0.366112,-0.226133,0.242800,-0.370557,-0.224291,0.214373,-0.412188,-0.189333,0.237960,-0.408031,-0.128015,0.268720,-0.405515,-0.187517
2026-07-29 15:50:25.265,176.399832,0.000000,0.000000,0.000000,0.342467,-0.377048,-0.222796,0.143192,-0.368163,-0.226451,0.242829,-0.372605,-0.224624,0.214786,-0.413223,-0.189689,0.238278,-0.413167,-0.129222,0.269043,-0.408582,-0.187801
2026-07-29 15:50:25.365,176.499832,0.000000,0.000000,0.000000,0.343009,-0.373991,-0.222533,0.142782,-0.366112,-0.226133,0.242896,-0.370051,-0.224333,0.214376,-0.411172,-0.189371,0.238693,-0.409112,-0.129481,0.268633,-0.406531,-0.187483
2026-07-29 15:50:25.465,176.599832,0.000000,0.000000,0.000000,0.336277,-0.375640,-0.242009,0.136303,-0.362757,-0.245250,0.236290,-0.369198,-0.243630,0.206737,-0.411325,-0.210787,0.230815,-0.415909,-0.151185,0.261088,-0.408096,-0.208657
2026-07-29 15:50:25.565,176.699831,0.000000,0.000000,0.000000,0.342408,-0.372952,-0.222130,0.142271,-0.363046,-0.225903,0.242339,-0.367999,-0.224017,0.213966,-0.409121,-0.189052,0.238188,-0.410146,-0.130044,0.267586,-0.403459,-0.187227
2026-07-29 15:50:25.665,176.799831,0.000000,0.000000,0.000000,0.336061,-0.376650,-0.241976,0.136226,-0.361737,-0.245288,0.236143,-0.369193,-0.243632,0.206765,-0.410309,-0.210774,0.231518,-0.416932,-0.152692,0.260475,-0.407058,-0.208668
2026-07-29 15:50:25.765,176.899831,0.000000,0.000000,0.000000,0.334972,-0.370525,-0.240713,0.135214,-0.356632,-0.243987,0.235093,-0.363579,-0.242350,0.205649,-0.405200,-0.209524,0.230562,-0.408780,-0.151220,0.259304,-0.401939,-0.208145
2026-07-29 15:50:25.865,176.999831,0.000000,0.000000,0.000000,0.335516,-0.373588,-0.241344,0.135758,-0.359694,-0.244618,0.235637,-0.366641,-0.242981,0.206221,-0.407246,-0.210142,0.230973,-0.413870,-0.152061,0.259849,-0.405001,-0.208777
2026-07-29 15:50:25.965,177.099831,0.000000,0.000000,0.000000,0.342408,-0.372952,-0.222130,0.142372,-0.364061,-0.225814,0.242390,-0.368507,-0.223972,0.213966,-0.409121,-0.189052,0.238971,-0.409160,-0.130678,0.267528,-0.404502,-0.187915
2026-07-29 15:50:26.065,177.199831,0.000000,0.000000,0.000000,0.334972,-0.370525,-0.240713,0.135214,-0.356632,-0.243987,0.235093,-0.363579,-0.242350,0.205649,-0.405200,-0.209524,0.230523,-0.409786,-0.152039,0.259304,-0.401939,-0.208145
2026-07-29 15:50:26.165,177.299831,0.000000,0.000000,0.000000,0.342613,-0.373978,-0.222289,0.142577,-0.365086,-0.225974,0.242595,-0.369532,-0.224132,0.214171,-0.410146,-0.189211,0.239875,-0.411238,-0.131577,0.267818,-0.404512,-0.188110
2026-07-29 15:50:26.265,177.399831,0.000000,0.000000,0.000000,0.342818,-0.375003,-0.222449,0.142782,-0.366112,-0.226133,0.242800,-0.370557,-0.224291,0.215094,-0.411178,-0.189343,0.240080,-0.412263,-0.131737,0.267938,-0.406553,-0.188234
2026-07-29 15:50:26.365,177.499831,0.000000,0.000000,0.000000,0.335879,-0.375629,-0.241765,0.136121,-0.361736,-0.245040,0.236000,-0.368683,-0.243403,0.207302,-0.409312,-0.210536,0.232144,-0.414914,-0.153065,0.260211,-0.407043,-0.209198
2026-07-29 15:50:26.465,177.599831,0.000000,0.000000,0.000000,0.334937,-0.372556,-0.240890,0.135396,-0.357653,-0.244197,0.235166,-0.365105,-0.242544,0.206576,-0.405229,-0.209694,0.232229,-0.409834,-0.152808,0.259486,-0.402960,-0.208355
2026-07-29 15:50:26.565,177.699831,0.000000,0.000000,0.000000,0.342203,-0.371927,-0.221971,0.142269,-0.364050,-0.225566,0.242236,-0.367989,-0.223769,0.214483,-0.407085,-0.188903,0.240296,-0.407183,-0.131844,0.267323,-0.403476,-0.187756
2026-07-29 15:50:26.665,177.799830,0.000000,0.000000,0.000000,0.335335,-0.372567,-0.241134,0.135577,-0.358674,-0.244408,0.235456,-0.365620,-0.242771,0.206757,-0.406250,-0.209904,0.233265,-0.408852,-0.152787,0.259777,-0.402967,-0.208551
2026-07-29 15:50:26.765,177.899830,0.000000,0.000000,0.000000,0.343036,-0.378066,-0.222683,0.143192,-0.368163,-0.226451,0.243114,-0.373115,-0.224567,0.215508,-0.412213,-0.189699,0.242128,-0.410278,-0.132510,0.268433,-0.407589,-0.188588
2026-07-29 15:50:26.865,177.999830,0.000000,0.000000,0.000000,0.343227,-0.377054,-0.222767,0.143192,-0.368163,-0.226451,0.243210,-0.372608,-0.224609,0.215508,-0.412213,-0.189699,0.242827,-0.411330,-0.133252,0.268347,-0.408604,-0.188552
2026-07-29 15:50:26.965,178.099830,0.000000,0.000000,0.000000,0.342613,-0.373978,-0.222289,0.142577,-0.365086,-0.225974,0.242595,-0.369532,-0.224132,0.214897,-0.408120,-0.189259,0.242259,-0.407235,-0.132724,0.267733,-0.405527,-0.188075
2026-07-29 15:50:27.065,178.199830,0.000000,0.000000,0.000000,0.343227,-0.377054,-0.222767,0.143192,-0.368163,-0.226451,0.243210,-0.372608,-0.224609,0.215508,-0.412213,-0.189699,0.243545,-0.411336,-0.133224,0.268347,-0.408604,-0.188552
2026-07-29 15:50:27.165,178.299830,0.000000,0.000000,0.000000,0.342408,-0.372952,-0.222130,0.142474,-0.365076,-0.225726,0.242441,-0.369014,-0.223928,0.214692,-0.407095,-0.189100,0.242800,-0.406243,-0.133256,0.266805,-0.404496,-0.187943
2026-07-29 15:50:27.265,178.399830,0.000000,0.000000,0.000000,0.342203,-0.371927,-0.221971,0.142167,-0.363035,-0.225655,0.242185,-0.367481,-0.223813,0.215202,-0.407091,-0.188876,0.243314,-0.405224,-0.133070,0.266600,-0.403471,-0.187784
2026-07-29 15:50:27.365,178.499830,0.000000,0.000000,0.000000,0.343419,-0.376042,-0.222852,0.143090,-0.367148,-0.226540,0.243255,-0.371595,-0.224696,0.216232,-0.411202,-0.189710,0.244339,-0.410351,-0.133866,0.267709,-0.407583,-0.188616
2026-07-29 15:50:27.465,178.599830,0.000000,0.000000,0.000000,0.342818,-0.375003,-0.222449,0.142782,-0.366112,-0.226133,0.242800,-0.370557,-0.224291,0.215822,-0.409152,-0.189391,0.244675,-0.408333,-0.134239,0.267299,-0.405532,-0.188297
2026-07-29 15:50:27.565,178.699830,0.000000,0.000000,0.000000,0.342408,-0.372952,-0.222130,0.142372,-0.364061,-0.225814,0.242390,-0.368507,-0.223972,0.215412,-0.407101,-0.189073,0.244315,-0.405264,-0.133872,0.266805,-0.404496,-0.187943
2026-07-29 15:50:27.665,178.799829,0.000000,0.000000,0.000000,0.343009,-0.373991,-0.222533,0.142782,-0.366112,-0.226133,0.242896,-0.370051,-0.224333,0.215822,-0.409152,-0.189391,0.245472,-0.407348,-0.134883,0.267299,-0.405532,-0.188297
2026-07-29 15:50:27.765,178.899829,0.000000,0.000000,0.000000,0.343227,-0.377054,-0.222767,0.143090,-0.367148,-0.226540,0.243159,-0.372101,-0.224654,0.216951,-0.411208,-0.189682,0.245858,-0.410446,-0.135968,0.267624,-0.408598,-0.188580
2026-07-29 15:50:27.865,178.999829,0.000000,0.000000,0.000000,0.335879,-0.375629,-0.241765,0.136121,-0.361736,-0.245040,0.236000,-0.368683,-0.243403,0.208769,-0.408346,-0.210468,0.238328,-0.411009,-0.156750,0.259598,-0.406005,-0.209210
2026-07-29 15:50:27.965,179.099829,0.000000,0.000000,0.000000,0.335698,-0.374609,-0.241555,0.135863,-0.359695,-0.244867,0.235780,-0.367152,-0.243211,0.208588,-0.407325,-0.210257,0.238174,-0.409980,-0.157259,0.259416,-0.404984,-0.208999
2026-07-29 15:50:28.065,179.199829,0.000000,0.000000,0.000000,0.335153,-0.371546,-0.240923,0.135396,-0.357653,-0.244197,0.235274,-0.364599,-0.242560,0.208044,-0.404262,-0.209625,0.237630,-0.406918,-0.156627,0.258872,-0.401921,-0.208368
2026-07-29 15:50:28.165,179.299829,0.000000,0.000000,0.000000,0.341998,-0.370901,-0.221812,0.141962,-0.362010,-0.225496,0.241980,-0.366456,-0.223654,0.215722,-0.405056,-0.188727,0.246175,-0.403342,-0.136352,0.266479,-0.401430,-0.187660
2026-07-29 15:50:28.265,179.399829,0.000000,0.000000,0.000000,0.343227,-0.377054,-0.222767,0.143192,-0.368163,-0.226451,0.243210,-0.372608,-0.224609,0.217664,-0.412230,-0.189617,0.248124,-0.409500,-0.137280,0.267709,-0.407583,-0.188616
2026-07-29 15:50:28.365,179.499829,0.000000,0.000000,0.000000,0.334972,-0.370525,-0.240713,0.135137,-0.355612,-0.244024,0.235055,-0.363068,-0.242369,0.208550,-0.404282,-0.209401,0.239099,-0.403904,-0.157613,0.258691,-0.400901,-0.208157
2026-07-29 15:50:28.465,179.599829,0.000000,0.000000,0.000000,0.335516,-0.373588,-0.241344,0.135758,-0.359694,-0.244618,0.235637,-0.366641,-0.242981,0.209126,-0.406328,-0.210019,0.239671,-0.406958,-0.158967,0.259344,-0.402950,-0.208773
2026-07-29 15:50:28.565,179.699829,0.000000,0.000000,0.000000,0.342831,-0.377041,-0.222524,0.142885,-0.366122,-0.226381,0.242858,-0.371582,-0.224452,0.217470,-0.409681,-0.189514,0.248777,-0.407546,-0.139213,0.267504,-0.406557,-0.188457
2026-07-29 15:50:28.665,179.799829,0.000000,0.000000,0.000000,0.335516,-0.373588,-0.241344,0.135758,-0.359694,-0.244618,0.235637,-0.366641,-0.242981,0.209846,-0.406353,-0.209992,0.240419,-0.406975,-0.159661,0.259372,-0.402942,-0.209500
2026-07-29 15:50:28.765,179.899828,0.000000,0.000000,0.000000,0.334790,-0.369504,-0.240502,0.135033,-0.355611,-0.243776,0.234912,-0.362558,-0.242139,0.209120,-0.402270,-0.209149,0.239721,-0.402884,-0.159541,0.257921,-0.398834,-0.208685
2026-07-29 15:50:28.865,179.999828,0.000000,0.000000,0.000000,0.342818,-0.375003,-0.222449,0.142681,-0.365097,-0.226222,0.242749,-0.370050,-0.224335,0.217981,-0.409169,-0.189308,0.248599,-0.406548,-0.139775,0.266686,-0.404539,-0.189087
2026-07-29 15:50:28.965,180.099828,0.000000,0.000000,0.000000,0.335663,-0.376640,-0.241732,0.136121,-0.361736,-0.245040,0.235892,-0.369188,-0.243386,0.210242,-0.407379,-0.210399,0.240838,-0.409001,-0.161526,0.259010,-0.404959,-0.209948
2026-07-29 15:50:29.065,180.199828,0.000000,0.000000,0.000000,0.334574,-0.370515,-0.240469,0.135033,-0.355611,-0.243776,0.234803,-0.363063,-0.242123,0.209147,-0.402262,-0.209870,0.239749,-0.402876,-0.160263,0.257921,-0.398834,-0.208685
2026-07-29 15:50:29.165,180.299828,0.000000,0.000000,0.000000,0.341793,-0.369876,-0.221652,0.141758,-0.360984,-0.225337,0.241775,-0.365430,-0.223495,0.216980,-0.404577,-0.189213,0.247602,-0.401449,-0.139700,0.265661,-0.399411,-0.188291
2026-07-29 15:50:29.265,180.399828,0.000000,0.000000,0.000000,0.334790,-0.369504,-0.240502,0.135109,-0.356631,-0.243739,0.234950,-0.363068,-0.242120,0.209147,-0.402262,-0.209870,0.239857,-0.401855,-0.160896,0.257921,-0.398834,-0.208685
2026-07-29 15:50:29.365,180.499828,0.000000,0.000000,0.000000,0.342672,-0.378073,-0.222956,0.143397,-0.369188,-0.226611,0.243034,-0.373631,-0.224783,0.218623,-0.412273,-0.190506,0.249325,-0.408662,-0.141659,0.267300,-0.407615,-0.189565
2026-07-29 15:50:29.465,180.599828,0.000000,0.000000,0.000000,0.334427,-0.367463,-0.240081,0.134747,-0.354590,-0.243317,0.234587,-0.361026,-0.241699,0.208785,-0.400220,-0.209449,0.239495,-0.399813,-0.160475,0.257558,-0.396792,-0.208264
2026-07-29 15:50:29.565,180.699828,0.000000,0.000000,0.000000,0.335879,-0.375629,-0.241765,0.136121,-0.361736,-0.245040,0.236000,-0.368683,-0.243403,0.210236,-0.408387,-0.211134,0.240946,-0.407980,-0.162160,0.259010,-0.404959,-0.209948
2026-07-29 15:50:29.665,180.799828,0.000000,0.000000,0.000000,0.335153,-0.371546,-0.240923,0.135396,-0.357653,-0.244197,0.235274,-0.364599,-0.242560,0.209477,-0.405320,-0.210304,0.240140,-0.404910,-0.161406,0.258284,-0.400875,-0.209106
2026-07-29 15:50:29.765,180.899827,0.000000,0.000000,0.000000,0.342613,-0.373978,-0.222289,0.142577,-0.365086,-0.225974,0.242595,-0.369532,-0.224132,0.217795,-0.409187,-0.189831,0.248449,-0.405578,-0.141059,0.266481,-0.403513,-0.188928
2026-07-29 15:50:29.865,180.999827,0.000000,0.000000,0.000000,0.342203,-0.371927,-0.221971,0.142269,-0.364050,-0.225566,0.242236,-0.367989,-0.223769,0.217394,-0.406120,-0.189551,0.248096,-0.402509,-0.140703,0.266155,-0.400447,-0.188646
2026-07-29 15:50:29.965,181.099827,0.000000,0.000000,0.000000,0.335698,-0.374609,-0.241555,0.135940,-0.360715,-0.244829,0.235819,-0.367662,-0.243192,0.210088,-0.406350,-0.210911,0.240684,-0.407973,-0.162037,0.258828,-0.403938,-0.209738
2026-07-29 15:50:30.065,181.199827,0.000000,0.000000,0.000000,0.335698,-0.374609,-0.241555,0.135940,-0.360715,-0.244829,0.235819,-0.367662,-0.243192,0.210055,-0.407366,-0.210923,0.240684,-0.407973,-0.162037,0.258936,-0.402925,-0.209723
2026-07-29 15:50:30.165,181.299827,0.000000,0.000000,0.000000,0.342203,-0.371927,-0.221971,0.142269,-0.364050,-0.225566,0.242236,-0.367989,-0.223769,0.217385,-0.407136,-0.189512,0.248096,-0.402509,-0.140703,0.266071,-0.401462,-0.188609
2026-07-29 15:50:30.265,181.399827,0.000000,0.000000,0.000000,0.342818,-0.375003,-0.222449,0.142782,-0.366112,-0.226133,0.242800,-0.370557,-0.224291,0.218009,-0.409197,-0.190029,0.248654,-0.406604,-0.141218,0.266769,-0.403523,-0.189124
2026-07-29 15:50:30.365,181.499827,0.000000,0.000000,0.000000,0.342831,-0.377041,-0.222524,0.142987,-0.367137,-0.226292,0.242909,-0.372089,-0.224408,0.218214,-0.410222,-0.190188,0.248859,-0.407629,-0.141377,0.266891,-0.405564,-0.189246
2026-07-29 15:50:30.465,181.599827,0.000000,0.000000,0.000000,0.335879,-0.375629,-0.241765,0.136121,-0.361736,-0.245040,0.236000,-0.368683,-0.243403,0.210236,-0.408387,-0.211134,0.240893,-0.408986,-0.162970,0.259010,-0.404959,-0.209948
2026-07-29 15:50:30.565,181.699827,0.000000,0.000000,0.000000,0.335516,-0.373588,-0.241344,0.135758,-0.359694,-0.244618,0.235637,-0.366641,-0.242981,0.209906,-0.405329,-0.210700,0.240530,-0.406944,-0.162548,0.258647,-0.402917,-0.209527
2026-07-29 15:50:30.665,181.799827,0.000000,0.000000,0.000000,0.342626,-0.376016,-0.222364,0.142782,-0.366112,-0.226133,0.242704,-0.371064,-0.224249,0.218009,-0.409197,-0.190029,0.247961,-0.406626,-0.141967,0.266686,-0.404539,-0.189087
2026-07-29 15:50:30.765,181.899827,0.000000,0.000000,0.000000,0.343637,-0.379105,-0.223086,0.143703,-0.371229,-0.226681,0.243670,-0.375167,-0.224883,0.218837,-0.412283,-0.190704,0.248780,-0.410728,-0.142604,0.267589,-0.407625,-0.189761
2026-07-29 15:50:30.865,181.999826,0.000000,0.000000,0.000000,0.335370,-0.370536,-0.240956,0.135396,-0.357653,-0.244197,0.235383,-0.364094,-0.242577,0.209544,-0.403288,-0.210279,0.942686,0.187162,-0.018396,0.258284,-0.400875,-0.209106
2026-07-29 15:50:30.965,182.099826,0.000000,0.000000,0.000000,0.335153,-0.371546,-0.240923,0.135319,-0.356632,-0.244235,0.235236,-0.364089,-0.242579,0.209544,-0.403288,-0.210279,0.238754,-0.404845,-0.162904,0.258284,-0.400875,-0.209106
2026-07-29 15:50:31.065,182.199826,0.000000,0.000000,0.000000,0.335516,-0.373588,-0.241344,0.135682,-0.358674,-0.244656,0.235599,-0.366131,-0.243000,0.209906,-0.405329,-0.210700,0.239038,-0.407901,-0.163411,0.258647,-0.402917,-0.209527
2026-07-29 15:50:31.165,182.299826,0.000000,0.000000,0.000000,0.342408,-0.372952,-0.222130,0.142372,-0.364061,-0.225814,0.242390,-0.368507,-0.223972,0.217599,-0.407146,-0.189710,0.246803,-0.405615,-0.142432,0.266276,-0.402488,-0.188768
2026-07-29 15:50:31.265,182.399826,0.000000,0.000000,0.000000,0.334904,-0.376614,-0.241761,0.136121,-0.361736,-0.245040,0.235513,-0.369175,-0.243400,0.210269,-0.407371,-0.211121,0.239480,-0.408929,-0.163746,0.258392,-0.403921,-0.209962
2026-07-29 15:50:31.365,182.499826,0.000000,0.000000,0.000000,0.334246,-0.366442,-0.239870,0.134488,-0.352549,-0.243145,0.234367,-0.359495,-0.241507,0.208636,-0.398183,-0.209226,0.237807,-0.400248,-0.161894,0.256652,-0.395747,-0.208081
2026-07-29 15:50:31.465,182.599826,0.000000,0.000000,0.000000,0.342203,-0.371927,-0.221971,0.142066,-0.362020,-0.225744,0.242134,-0.366974,-0.223857,0.217403,-0.405105,-0.189590,0.246598,-0.404590,-0.142273,0.265346,-0.401456,-0.188637
2026-07-29 15:50:31.565,182.699826,0.000000,0.000000,0.000000,0.334972,-0.370525,-0.240713,0.135214,-0.356632,-0.243987,0.235093,-0.363579,-0.242350,0.210083,-0.402291,-0.210041,0.238494,-0.404838,-0.162779,0.257484,-0.398816,-0.208909
2026-07-29 15:50:31.665,182.799826,0.000000,0.000000,0.000000,0.343650,-0.381143,-0.223161,0.143806,-0.371239,-0.226929,0.243728,-0.376191,-0.225045,0.219763,-0.413314,-0.190836,0.248237,-0.412793,-0.143547,0.266985,-0.409660,-0.189911
2026-07-29 15:50:31.765,182.899826,0.000000,0.000000,0.000000,0.342818,-0.375003,-0.222449,0.142782,-0.366112,-0.226133,0.242800,-0.370557,-0.224291,0.218738,-0.408187,-0.190040,0.247267,-0.406648,-0.142716,0.266043,-0.403518,-0.189152
2026-07-29 15:50:31.865,182.999825,0.000000,0.000000,0.000000,0.335153,-0.371546,-0.240923,0.135396,-0.357653,-0.244197,0.235274,-0.364599,-0.242560,0.210264,-0.403312,-0.210251,0.238675,-0.405859,-0.162990,0.257666,-0.399837,-0.209119
2026-07-29 15:50:31.965,183.099825,0.000000,0.000000,0.000000,0.335188,-0.369515,-0.240746,0.135137,-0.355612,-0.244024,0.235163,-0.362563,-0.242385,0.210083,-0.402291,-0.210041,0.238494,-0.404838,-0.162779,0.257484,-0.398816,-0.208909
2026-07-29 15:50:32.065,183.199825,0.000000,0.000000,0.000000,0.342818,-0.375003,-0.222449,0.142782,-0.366112,-0.226133,0.242800,-0.370557,-0.224291,0.218738,-0.408187,-0.190040,0.247294,-0.405602,-0.141959,0.266043,-0.403518,-0.189152
2026-07-29 15:50:32.165,183.299825,0.000000,0.000000,0.000000,0.335119,-0.375603,-0.241794,0.136121,-0.361736,-0.245040,0.235620,-0.368670,-0.243417,0.210990,-0.407396,-0.211094,0.239424,-0.408944,-0.162303,0.258285,-0.404934,-0.209976
2026-07-29 15:50:32.265,183.399825,0.000000,0.000000,0.000000,0.343432,-0.378080,-0.222926,0.143295,-0.368173,-0.226699,0.243364,-0.373126,-0.224813,0.219353,-0.411263,-0.190517,0.247881,-0.408650,-0.141714,0.267384,-0.406600,-0.189601
2026-07-29 15:50:32.365,183.499825,0.000000,0.000000,0.000000,0.335300,-0.374598,-0.241311,0.135758,-0.359694,-0.244618,0.235529,-0.367146,-0.242965,0.210627,-0.405354,-0.210673,0.238390,-0.405872,-0.161098,0.258029,-0.401879,-0.209541
2026-07-29 15:50:32.465,183.599825,0.000000,0.000000,0.000000,0.342600,-0.371940,-0.222215,0.142372,-0.364061,-0.225814,0.242486,-0.368000,-0.224014,0.218301,-0.406108,-0.189000,0.246054,-0.404508,-0.140261,0.265633,-0.401467,-0.188833
2026-07-29 15:50:32.565,183.699825,0.000000,0.000000,0.000000,0.335879,-0.375629,-0.241765,0.136121,-0.361736,-0.245040,0.236000,-0.368683,-0.243403,0.210962,-0.407403,-0.210372,0.238004,-0.407897,-0.160824,0.258364,-0.403928,-0.209234
2026-07-29 15:50:32.665,183.799825,0.000000,0.000000,0.000000,0.335300,-0.374598,-0.241311,0.135758,-0.359694,-0.244618,0.235529,-0.367146,-0.242965,0.210599,-0.405362,-0.209951,0.236891,-0.405838,-0.159707,0.258727,-0.401912,-0.208786
2026-07-29 15:50:32.765,183.899825,0.000000,0.000000,0.000000,0.335516,-0.373588,-0.241344,0.135758,-0.359694,-0.244618,0.235637,-0.366641,-0.242981,0.210599,-0.405362,-0.209951,0.236789,-0.406860,-0.159077,0.258108,-0.400873,-0.208798
2026-07-29 15:50:32.865,183.999825,0.000000,0.000000,0.000000,0.343419,-0.376042,-0.222852,0.143192,-0.368163,-0.226451,0.243305,-0.372102,-0.224651,0.219131,-0.409194,-0.189674,0.245349,-0.408514,-0.138789,0.266425,-0.405540,-0.188743
2026-07-29 15:50:32.965,184.099824,0.000000,0.000000,0.000000,0.334394,-0.371520,-0.240952,0.135396,-0.357653,-0.244197,0.234895,-0.364586,-0.242575,0.210236,-0.403320,-0.209530,0.235677,-0.404801,-0.157961,0.257745,-0.398832,-0.208377
2026-07-29 15:50:33.065,184.199824,0.000000,0.000000,0.000000,0.342613,-0.373978,-0.222289,0.142577,-0.365086,-0.225974,0.242595,-0.369532,-0.224132,0.218516,-0.406118,-0.189197,0.243959,-0.405376,-0.136896,0.266537,-0.402470,-0.188238
2026-07-29 15:50:33.165,184.299824,0.000000,0.000000,0.000000,0.334790,-0.369504,-0.240502,0.135033,-0.355611,-0.243776,0.234912,-0.362558,-0.242139,0.209936,-0.400255,-0.209818,0.234538,-0.402751,-0.156124,0.258001,-0.397828,-0.207943
2026-07-29 15:50:33.265,184.399824,0.000000,0.000000,0.000000,0.343022,-0.376029,-0.222608,0.142987,-0.367137,-0.226292,0.243005,-0.371583,-0.224450,0.218953,-0.408196,-0.190238,0.243668,-0.406375,-0.136477,0.267030,-0.403506,-0.188592
2026-07-29 15:50:33.365,184.499824,0.000000,0.000000,0.000000,0.342818,-0.375003,-0.222449,0.142782,-0.366112,-0.226133,0.242800,-0.370557,-0.224291,0.218748,-0.407171,-0.190078,0.243340,-0.407359,-0.135686,0.266742,-0.403495,-0.188397
2026-07-29 15:50:33.465,184.599824,0.000000,0.000000,0.000000,0.335879,-0.375629,-0.241765,0.136121,-0.361736,-0.245040,0.236000,-0.368683,-0.243403,0.211024,-0.406380,-0.211081,0.235572,-0.408891,-0.155944,0.259198,-0.402940,-0.209191
2026-07-29 15:50:33.565,184.699824,0.000000,0.000000,0.000000,0.342408,-0.372952,-0.222130,0.142474,-0.365076,-0.225726,0.242441,-0.369014,-0.223928,0.218338,-0.405120,-0.189760,0.242951,-0.404261,-0.134601,0.266416,-0.400429,-0.188114
2026-07-29 15:50:33.665,184.799824,0.000000,0.000000,0.000000,0.334790,-0.369504,-0.240502,0.135033,-0.355611,-0.243776,0.234912,-0.362558,-0.242139,0.209181,-0.401246,-0.209858,0.234383,-0.403788,-0.154058,0.258109,-0.396815,-0.207928
2026-07-29 15:50:33.765,184.899824,0.000000,0.000000,0.000000,0.335516,-0.373588,-0.241344,0.135682,-0.358674,-0.244656,0.235599,-0.366131,-0.243000,0.209940,-0.404313,-0.210687,0.235181,-0.406857,-0.154801,0.258835,-0.400898,-0.208770
2026-07-29 15:50:33.865,184.999824,0.000000,0.000000,0.000000,0.342216,-0.373965,-0.222046,0.142372,-0.364061,-0.225814,0.242294,-0.369013,-0.223930,0.217616,-0.405114,-0.189787,0.242848,-0.405224,-0.133207,0.266416,-0.400429,-0.188114
2026-07-29 15:50:33.965,185.099823,0.000000,0.000000,0.000000,0.342203,-0.371927,-0.221971,0.142167,-0.363035,-0.225655,0.242185,-0.367481,-0.223813,0.217411,-0.404089,-0.189628,0.242548,-0.406237,-0.133146,0.266211,-0.399404,-0.187955
2026-07-29 15:50:34.065,185.199823,0.000000,0.000000,0.000000,0.342408,-0.372952,-0.222130,0.142372,-0.364061,-0.225814,0.242390,-0.368507,-0.223972,0.216894,-0.405108,-0.189815,0.242725,-0.407234,-0.132587,0.267143,-0.400435,-0.188086
2026-07-29 15:50:34.165,185.299823,0.000000,0.000000,0.000000,0.335153,-0.371546,-0.240923,0.135472,-0.358673,-0.244160,0.235313,-0.365110,-0.242541,0.208823,-0.403263,-0.210306,0.234473,-0.408886,-0.153342,0.259200,-0.398881,-0.208321
2026-07-29 15:50:34.265,185.399823,0.000000,0.000000,0.000000,0.342818,-0.375003,-0.222449,0.142681,-0.365097,-0.226222,0.242749,-0.370050,-0.224335,0.217304,-0.407159,-0.190134,0.243825,-0.409263,-0.132160,0.267553,-0.402486,-0.188405
2026-07-29 15:50:34.365,185.499823,0.000000,0.000000,0.000000,0.334937,-0.372556,-0.240890,0.135396,-0.357653,-0.244197,0.235166,-0.365105,-0.242544,0.208823,-0.403263,-0.210306,0.235162,-0.408918,-0.152597,0.259090,-0.399895,-0.208337
2026-07-29 15:50:34.465,185.599823,0.000000,0.000000,0.000000,0.336277,-0.375640,-0.242009,0.136226,-0.361737,-0.245288,0.236251,-0.368688,-0.243649,0.209670,-0.409391,-0.210651,0.235922,-0.416049,-0.153855,0.260107,-0.403985,-0.209374
2026-07-29 15:50:34.565,185.699823,0.000000,0.000000,0.000000,0.334972,-0.370525,-0.240713,0.135291,-0.357652,-0.243949,0.235131,-0.364089,-0.242331,0.207921,-0.402217,-0.210123,0.234880,-0.408918,-0.151773,0.259745,-0.397885,-0.208083
2026-07-29 15:50:34.665,185.799823,0.000000,0.000000,0.000000,0.343227,-0.377054,-0.222767,0.143192,-0.368163,-0.226451,0.243210,-0.372608,-0.224609,0.216979,-0.411236,-0.190402,0.244110,-0.413324,-0.131866,0.268605,-0.405558,-0.188660
2026-07-29 15:50:34.765,185.899823,0.000000,0.000000,0.000000,0.342818,-0.375003,-0.222449,0.142782,-0.366112,-0.226133,0.242800,-0.370557,-0.224291,0.216569,-0.409185,-0.190084,0.243700,-0.411273,-0.131547,0.268195,-0.403507,-0.188341
2026-07-29 15:50:34.865,185.999823,0.000000,0.000000,0.000000,0.343022,-0.376029,-0.222608,0.142987,-0.367137,-0.226292,0.243005,-0.371583,-0.224450,0.216780,-0.409195,-0.190282,0.243905,-0.412299,-0.131707,0.268400,-0.404533,-0.188500
2026-07-29 15:50:34.965,186.099823,0.000000,0.000000,0.000000,0.344252,-0.382181,-0.223563,0.144216,-0.373290,-0.227248,0.244234,-0.377736,-0.225405,0.217976,-0.416336,-0.190478,0.245037,-0.420489,-0.132767,0.269629,-0.410685,-0.189456
2026-07-29 15:50:35.065,186.199822,0.000000,0.000000,0.000000,0.343842,-0.380130,-0.223245,0.143705,-0.370224,-0.227018,0.243773,-0.375177,-0.225131,0.217600,-0.413297,-0.190919,0.244746,-0.415354,-0.131574,0.269219,-0.408634,-0.189137
2026-07-29 15:50:35.165,186.299822,0.000000,0.000000,0.000000,0.335516,-0.373588,-0.241344,0.135835,-0.360715,-0.244581,0.235676,-0.367151,-0.242963,0.207715,-0.406271,-0.210795,0.235396,-0.411989,-0.151688,0.260290,-0.400948,-0.208715
2026-07-29 15:50:35.265,186.399822,0.000000,0.000000,0.000000,0.335516,-0.373588,-0.241344,0.135758,-0.359694,-0.244618,0.235637,-0.366641,-0.242981,0.208403,-0.407312,-0.210780,0.235396,-0.411989,-0.151688,0.260179,-0.401961,-0.208730
2026-07-29 15:50:35.365,186.499822,0.000000,0.000000,0.000000,0.335879,-0.375629,-0.241765,0.136045,-0.360716,-0.245077,0.235962,-0.368173,-0.243421,0.208107,-0.407297,-0.211203,0.235686,-0.415044,-0.152214,0.260542,-0.404003,-0.209151
2026-07-29 15:50:35.465,186.599822,0.000000,0.000000,0.000000,0.335698,-0.374609,-0.241555,0.135863,-0.359695,-0.244867,0.235780,-0.367152,-0.243211,0.207896,-0.407292,-0.211005,0.235505,-0.414023,-0.152004,0.260361,-0.402982,-0.208941
2026-07-29 15:50:35.565,186.699822,0.000000,0.000000,0.000000,0.334790,-0.369504,-0.240502,0.135109,-0.356631,-0.243739,0.234950,-0.363068,-0.242120,0.207019,-0.401172,-0.209940,0.234597,-0.408919,-0.150951,0.259343,-0.398891,-0.207903
2026-07-29 15:50:35.665,186.799822,0.000000,0.000000,0.000000,0.342818,-0.375003,-0.222449,0.142782,-0.366112,-0.226133,0.242800,-0.370557,-0.224291,0.215844,-0.410195,-0.190072,0.242958,-0.411240,-0.130859,0.268195,-0.403507,-0.188341
2026-07-29 15:50:35.765,186.899822,0.000000,0.000000,0.000000,0.343432,-0.378080,-0.222926,0.143397,-0.369188,-0.226611,0.243414,-0.373634,-0.224768,0.216464,-0.412256,-0.190589,0.243573,-0.414316,-0.131337,0.268810,-0.406584,-0.188819
2026-07-29 15:50:35.865,186.999822,0.000000,0.000000,0.000000,0.343432,-0.378080,-0.222926,0.143498,-0.370203,-0.226522,0.243465,-0.374141,-0.224724,0.216469,-0.411240,-0.190628,0.243525,-0.415335,-0.131390,0.268810,-0.406584,-0.188819
2026-07-29 15:50:35.965,187.099822,0.000000,0.000000,0.000000,0.335335,-0.372567,-0.241134,0.135577,-0.358674,-0.244408,0.235456,-0.365620,-0.242771,0.207533,-0.405251,-0.210584,0.234500,-0.410943,-0.151505,0.259888,-0.401954,-0.208535
2026-07-29 15:50:36.065,187.199821,0.000000,0.000000,0.000000,0.334972,-0.370525,-0.240713,0.135214,-0.356632,-0.243987,0.235093,-0.363579,-0.242350,0.207170,-0.403209,-0.210163,0.234065,-0.409915,-0.151189,0.259525,-0.399912,-0.208114
2026-07-29 15:50:36.165,187.299821,0.000000,0.000000,0.000000,0.334972,-0.370525,-0.240713,0.135214,-0.356632,-0.243987,0.235093,-0.363579,-0.242350,0.207170,-0.403209,-0.210163,0.234037,-0.409923,-0.150473,0.259525,-0.399912,-0.208114
2026-07-29 15:50:36.265,187.399821,0.000000,0.000000,0.000000,0.335335,-0.372567,-0.241134,0.135654,-0.359694,-0.244370,0.235494,-0.366130,-0.242752,0.207533,-0.405251,-0.210584,0.234400,-0.411965,-0.150895,0.259888,-0.401954,-0.208535
2026-07-29 15:50:36.365,187.499821,0.000000,0.000000,0.000000,0.343022,-0.376029,-0.222608,0.142987,-0.367137,-0.226292,0.243005,-0.371583,-0.224450,0.216054,-0.410205,-0.190271,0.242374,-0.413251,-0.130385,0.268314,-0.405548,-0.188465
2026-07-29 15:50:36.465,187.599821,0.000000,0.000000,0.000000,0.335300,-0.374598,-0.241311,0.135758,-0.359694,-0.244618,0.235529,-0.367146,-0.242965,0.207715,-0.406271,-0.210795,0.233939,-0.411948,-0.151026,0.260069,-0.402975,-0.208746
2026-07-29 15:50:36.565,187.699821,0.000000,0.000000,0.000000,0.335663,-0.376640,-0.241732,0.136121,-0.361736,-0.245040,0.235892,-0.369188,-0.243386,0.208107,-0.407297,-0.211203,0.234231,-0.415003,-0.151553,0.260432,-0.405016,-0.209167
2026-07-29 15:50:36.665,187.799821,0.000000,0.000000,0.000000,0.336061,-0.376650,-0.241976,0.136226,-0.361737,-0.245288,0.236143,-0.369193,-0.243632,0.208259,-0.409334,-0.211426,0.234412,-0.416024,-0.151764,0.260614,-0.406037,-0.209377
2026-07-29 15:50:36.765,187.899821,0.000000,0.000000,0.000000,0.335153,-0.371546,-0.240923,0.135319,-0.356632,-0.244235,0.235236,-0.364089,-0.242579,0.207322,-0.405246,-0.210386,0.233576,-0.409906,-0.150605,0.260320,-0.401971,-0.208312
2026-07-29 15:50:36.865,187.999821,0.000000,0.000000,0.000000,0.335516,-0.373588,-0.241344,0.135758,-0.359694,-0.244618,0.235637,-0.366641,-0.242981,0.207715,-0.406271,-0.210795,0.233868,-0.412961,-0.151132,0.260069,-0.402975,-0.208746
2026-07-29 15:50:36.965,188.099821,0.000000,0.000000,0.000000,0.335153,-0.371546,-0.240923,0.135472,-0.358673,-0.244160,0.235313,-0.365110,-0.242541,0.207352,-0.404230,-0.210373,0.233505,-0.410919,-0.150711,0.259817,-0.399919,-0.208309
2026-07-29 15:50:37.065,188.199821,0.000000,0.000000,0.000000,0.335516,-0.373588,-0.241344,0.135758,-0.359694,-0.244618,0.235637,-0.366641,-0.242981,0.207685,-0.407288,-0.210807,0.233868,-0.412961,-0.151132,0.260069,-0.402975,-0.208746
2026-07-29 15:50:37.165,188.299820,0.000000,0.000000,0.000000,0.335335,-0.372567,-0.241134,0.135577,-0.358674,-0.244408,0.235456,-0.365620,-0.242771,0.207533,-0.405251,-0.210584,0.233686,-0.411940,-0.150922,0.260501,-0.402992,-0.208523
2026-07-29 15:50:37.265,188.399820,0.000000,0.000000,0.000000,0.334246,-0.366442,-0.239870,0.134488,-0.352549,-0.243145,0.234367,-0.359495,-0.241507,0.206445,-0.399126,-0.209321,0.232570,-0.405823,-0.148943,0.258799,-0.395829,-0.207272
2026-07-29 15:50:37.365,188.499820,0.000000,0.000000,0.000000,0.335516,-0.373588,-0.241344,0.135758,-0.359694,-0.244618,0.235637,-0.366641,-0.242981,0.207715,-0.406271,-0.210795,0.233840,-0.412969,-0.150417,0.260794,-0.402999,-0.208718
2026-07-29 15:50:37.465,188.599820,0.000000,0.000000,0.000000,0.335879,-0.375629,-0.241765,0.136045,-0.360716,-0.245077,0.235962,-0.368173,-0.243421,0.208107,-0.407297,-0.211203,0.234203,-0.415011,-0.150838,0.260432,-0.405016,-0.209167
2026-07-29 15:50:37.565,188.699820,0.000000,0.000000,0.000000,0.342613,-0.373978,-0.222289,0.142577,-0.365086,-0.225974,0.242595,-0.369532,-0.224132,0.215644,-0.408154,-0.189952,0.241222,-0.411167,-0.129379,0.268630,-0.403503,-0.188118
2026-07-29 15:50:37.665,188.799820,0.000000,0.000000,0.000000,0.336061,-0.376650,-0.241976,0.136303,-0.362757,-0.245250,0.236182,-0.369704,-0.243613,0.208229,-0.410350,-0.211439,0.233741,-0.414993,-0.150969,0.260614,-0.406037,-0.209377
2026-07-29 15:50:37.765,188.899820,0.000000,0.000000,0.000000,0.343227,-0.377054,-0.222767,0.143192,-0.368163,-0.226451,0.243210,-0.372608,-0.224609,0.216264,-0.410214,-0.190469,0.241882,-0.413224,-0.129801,0.268519,-0.406573,-0.188624
2026-07-29 15:50:37.865,188.999820,0.000000,0.000000,0.000000,0.343227,-0.377054,-0.222767,0.143192,-0.368163,-0.226451,0.243210,-0.372608,-0.224609,0.216254,-0.412246,-0.190391,0.241837,-0.414243,-0.129857,0.268476,-0.407081,-0.188606
2026-07-29 15:50:37.965,189.099820,0.000000,0.000000,0.000000,0.344034,-0.379118,-0.223329,0.143806,-0.371239,-0.226929,0.243920,-0.375179,-0.225129,0.216868,-0.415323,-0.190869,0.242497,-0.416300,-0.130279,0.269134,-0.409650,-0.189102
2026-07-29 15:50:38.065,189.199820,0.000000,0.000000,0.000000,0.335516,-0.373588,-0.241344,0.135682,-0.358674,-0.244656,0.235599,-0.366131,-0.243000,0.207687,-0.406279,-0.210074,0.233099,-0.412952,-0.149729,0.260069,-0.402975,-0.208746
2026-07-29 15:50:38.165,189.299819,0.000000,0.000000,0.000000,0.335516,-0.373588,-0.241344,0.135758,-0.359694,-0.244618,0.235637,-0.366641,-0.242981,0.207687,-0.406279,-0.210074,0.233169,-0.411939,-0.149621,0.259959,-0.403988,-0.208761
2026-07-29 15:50:38.265,189.399819,0.000000,0.000000,0.000000,0.335516,-0.373588,-0.241344,0.135758,-0.359694,-0.244618,0.235637,-0.366641,-0.242981,0.207687,-0.406279,-0.210074,0.233169,-0.411939,-0.149621,0.260069,-0.402975,-0.208746
2026-07-29 15:50:38.365,189.499819,0.000000,0.000000,0.000000,0.343022,-0.376029,-0.222608,0.142987,-0.367137,-0.226292,0.243005,-0.371583,-0.224450,0.216027,-0.410177,-0.189550,0.241605,-0.413190,-0.128983,0.268314,-0.405548,-0.188465
2026-07-29 15:50:38.465,189.599819,0.000000,0.000000,0.000000,0.342818,-0.375003,-0.222449,0.142681,-0.365097,-0.226222,0.242749,-0.370050,-0.224335,0.215822,-0.409152,-0.189391,0.241400,-0.412165,-0.128823,0.268109,-0.404522,-0.188305
2026-07-29 15:50:38.565,189.699819,0.000000,0.000000,0.000000,0.343227,-0.377054,-0.222767,0.143192,-0.368163,-0.226451,0.243210,-0.372608,-0.224609,0.216232,-0.411202,-0.189710,0.241810,-0.414215,-0.129142,0.268519,-0.406573,-0.188624
2026-07-29 15:50:38.665,189.799819,0.000000,0.000000,0.000000,0.342818,-0.375003,-0.222449,0.142883,-0.367127,-0.226044,0.242850,-0.371065,-0.224246,0.215817,-0.410167,-0.189353,0.241446,-0.411145,-0.128767,0.268109,-0.404522,-0.188305
2026-07-29 15:50:38.765,189.899819,0.000000,0.000000,0.000000,0.335879,-0.375629,-0.241765,0.136121,-0.361736,-0.245040,0.236000,-0.368683,-0.243403,0.208050,-0.408321,-0.210495,0.233532,-0.413980,-0.150042,0.260432,-0.405016,-0.209167
2026-07-29 15:50:38.865,189.999819,0.000000,0.000000,0.000000,0.335153,-0.371546,-0.240923,0.135319,-0.356632,-0.244235,0.235236,-0.364089,-0.242579,0.207324,-0.404238,-0.209653,0.232091,-0.409872,-0.149227,0.259817,-0.399919,-0.208309
2026-07-29 15:50:38.965,190.099819,0.000000,0.000000,0.000000,0.344060,-0.383194,-0.223479,0.144216,-0.373290,-0.227248,0.244138,-0.378242,-0.225363,0.217261,-0.415314,-0.190543,0.242142,-0.418827,-0.129937,0.269543,-0.411701,-0.189420
2026-07-29 15:50:39.065,190.199819,0.000000,0.000000,0.000000,0.342613,-0.373978,-0.222289,0.142577,-0.365086,-0.225974,0.242595,-0.369532,-0.224132,0.215650,-0.407138,-0.189991,0.240481,-0.411133,-0.128692,0.267904,-0.403497,-0.188146
2026-07-29 15:50:39.165,190.299819,0.000000,0.000000,0.000000,0.342831,-0.377041,-0.222524,0.142987,-0.367137,-0.226292,0.242909,-0.372089,-0.224408,0.216032,-0.409161,-0.189588,0.240935,-0.412165,-0.128953,0.268314,-0.405548,-0.188465
2026-07-29 15:50:39.265,190.399818,0.000000,0.000000,0.000000,0.342203,-0.371927,-0.221971,0.142269,-0.364050,-0.225566,0.242236,-0.367989,-0.223769,0.215207,-0.406075,-0.188913,0.240115,-0.408063,-0.128316,0.267580,-0.400431,-0.187863
2026-07-29 15:50:39.365,190.499818,0.000000,0.000000,0.000000,0.343637,-0.379105,-0.223086,0.143601,-0.370214,-0.226770,0.243619,-0.374659,-0.224928,0.216641,-0.413253,-0.190028,0.241550,-0.415241,-0.129431,0.268929,-0.408624,-0.188942
2026-07-29 15:50:39.465,190.599818,0.000000,0.000000,0.000000,0.335698,-0.374609,-0.241555,0.135940,-0.360715,-0.244829,0.235819,-0.367662,-0.243192,0.207869,-0.407300,-0.210284,0.232635,-0.412935,-0.149859,0.260251,-0.403995,-0.208956
2026-07-29 15:50:39.565,190.699818,0.000000,0.000000,0.000000,0.342818,-0.375003,-0.222449,0.142782,-0.366112,-0.226133,0.242800,-0.370557,-0.224291,0.215817,-0.410167,-0.189353,0.240730,-0.411140,-0.128794,0.268109,-0.404522,-0.188305
2026-07-29 15:50:39.665,190.799818,0.000000,0.000000,0.000000,0.343637,-0.379105,-0.223086,0.143601,-0.370214,-0.226770,0.243619,-0.374659,-0.224928,0.216641,-0.413253,-0.190028,0.241505,-0.416261,-0.129488,0.269014,-0.407609,-0.188978
2026-07-29 15:50:39.765,190.899818,0.000000,0.000000,0.000000,0.335335,-0.372567,-0.241134,0.135577,-0.358674,-0.244408,0.235456,-0.365620,-0.242771,0.207533,-0.405251,-0.210584,0.232135,-0.412921,-0.149654,0.259888,-0.401954,-0.208535
2026-07-29 15:50:39.865,190.999818,0.000000,0.000000,0.000000,0.343637,-0.379105,-0.223086,0.143601,-0.370214,-0.226770,0.243619,-0.374659,-0.224928,0.215949,-0.413275,-0.190776,0.242247,-0.416294,-0.130175,0.268886,-0.409132,-0.188925
2026-07-29 15:50:39.965,191.099818,0.000000,0.000000,0.000000,0.342613,-0.373978,-0.222289,0.142577,-0.365086,-0.225974,0.242595,-0.369532,-0.224132,0.215617,-0.408126,-0.189232,0.240464,-0.412180,-0.129462,0.267904,-0.403497,-0.188146
2026-07-29 15:50:40.065,191.199818,0.000000,0.000000,0.000000,0.342613,-0.373978,-0.222289,0.142678,-0.366101,-0.225885,0.242646,-0.370040,-0.224087,0.214924,-0.408148,-0.189980,0.240508,-0.411161,-0.129406,0.267904,-0.403497,-0.188146
2026-07-29 15:50:40.165,191.299818,0.000000,0.000000,0.000000,0.334972,-0.370525,-0.240713,0.135214,-0.356632,-0.243987,0.235093,-0.363579,-0.242350,0.206395,-0.404208,-0.209483,0.231868,-0.409858,-0.149840,0.260138,-0.400950,-0.208102
2026-07-29 15:50:40.265,191.399817,0.000000,0.000000,0.000000,0.342613,-0.373978,-0.222289,0.142577,-0.365086,-0.225974,0.242595,-0.369532,-0.224132,0.214920,-0.409164,-0.189941,0.240508,-0.411161,-0.129406,0.268543,-0.404518,-0.188083
2026-07-29 15:50:40.365,191.499817,0.000000,0.000000,0.000000,0.342818,-0.375003,-0.222449,0.142782,-0.366112,-0.226133,0.242800,-0.370557,-0.224291,0.215121,-0.411205,-0.190061,0.240757,-0.411167,-0.129510,0.268748,-0.405543,-0.188242
2026-07-29 15:50:40.465,191.599817,0.000000,0.000000,0.000000,0.342818,-0.375003,-0.222449,0.142782,-0.366112,-0.226133,0.242800,-0.370557,-0.224291,0.215121,-0.411205,-0.190061,0.240713,-0.412186,-0.129565,0.268748,-0.405543,-0.188242
2026-07-29 15:50:40.565,191.699817,0.000000,0.000000,0.000000,0.343419,-0.376042,-0.222852,0.143192,-0.368163,-0.226451,0.243305,-0.372102,-0.224651,0.215503,-0.413229,-0.189662,0.241167,-0.413218,-0.129828,0.269244,-0.406579,-0.188596
2026-07-29 15:50:40.665,191.799817,0.000000,0.000000,0.000000,0.334756,-0.371536,-0.240679,0.135214,-0.356632,-0.243987,0.234985,-0.364084,-0.242333,0.206395,-0.404208,-0.209483,0.231937,-0.408844,-0.149733,0.260138,-0.400950,-0.208102
2026-07-29 15:50:40.765,191.899817,0.000000,0.000000,0.000000,0.342613,-0.373978,-0.222289,0.142577,-0.365086,-0.225974,0.242595,-0.369532,-0.224132,0.214920,-0.409164,-0.189941,0.240508,-0.411161,-0.129406,0.268456,-0.405533,-0.188047
2026-07-29 15:50:40.865,191.999817,0.000000,0.000000,0.000000,0.343227,-0.377054,-0.222767,0.143192,-0.368163,-0.226451,0.243210,-0.372608,-0.224609,0.215508,-0.412213,-0.189699,0.241140,-0.413191,-0.129113,0.269157,-0.407594,-0.188560
2026-07-29 15:50:40.965,192.099817,0.000000,0.000000,0.000000,0.342408,-0.372952,-0.222130,0.142372,-0.364061,-0.225814,0.242390,-0.368507,-0.223972,0.214711,-0.409154,-0.189743,0.240276,-0.410108,-0.128532,0.268338,-0.403493,-0.187923
2026-07-29 15:50:41.065,192.199817,0.000000,0.000000,0.000000,0.334972,-0.370525,-0.240713,0.135291,-0.357652,-0.243949,0.235131,-0.364089,-0.242331,0.206395,-0.404208,-0.209483,0.231813,-0.409873,-0.148410,0.260138,-0.400950,-0.208102
2026-07-29 15:50:41.165,192.299817,0.000000,0.000000,0.000000,0.334427,-0.367463,-0.240081,0.134593,-0.352549,-0.243393,0.234510,-0.360006,-0.241737,0.205850,-0.401146,-0.208851,0.231338,-0.405797,-0.147669,0.259594,-0.397888,-0.207470
2026-07-29 15:50:41.265,192.399817,0.000000,0.000000,0.000000,0.342626,-0.376016,-0.222364,0.142782,-0.366112,-0.226133,0.242704,-0.371064,-0.224249,0.215094,-0.411178,-0.189343,0.240676,-0.411084,-0.127363,0.268748,-0.405543,-0.188242
2026-07-29 15:50:41.365,192.499816,0.000000,0.000000,0.000000,0.335335,-0.372567,-0.241134,0.135654,-0.359694,-0.244370,0.235494,-0.366130,-0.242752,0.206700,-0.408282,-0.209931,0.232217,-0.410909,-0.148006,0.260473,-0.403000,-0.207798
2026-07-29 15:50:41.465,192.599816,0.000000,0.000000,0.000000,0.343036,-0.378066,-0.222683,0.143192,-0.368163,-0.226451,0.243114,-0.373115,-0.224567,0.215508,-0.412213,-0.189699,0.241058,-0.413108,-0.126965,0.269217,-0.406551,-0.187870
2026-07-29 15:50:41.565,192.699816,0.000000,0.000000,0.000000,0.343842,-0.380130,-0.223245,0.143806,-0.371239,-0.226929,0.243824,-0.375685,-0.225087,0.216122,-0.415289,-0.190177,0.241673,-0.416184,-0.127443,0.269745,-0.410643,-0.188314
2026-07-29 15:50:41.665,192.799816,0.000000,0.000000,0.000000,0.335300,-0.374598,-0.241311,0.135758,-0.359694,-0.244618,0.235529,-0.367146,-0.242965,0.206910,-0.408287,-0.210128,0.232344,-0.411945,-0.146784,0.260766,-0.403007,-0.207992
2026-07-29 15:50:41.765,192.899816,0.000000,0.000000,0.000000,0.335153,-0.371546,-0.240923,0.135396,-0.357653,-0.244197,0.235274,-0.364599,-0.242560,0.206576,-0.405229,-0.209694,0.232049,-0.408890,-0.146250,0.260403,-0.400965,-0.207571
2026-07-29 15:50:41.865,192.999816,0.000000,0.000000,0.000000,0.336061,-0.376650,-0.241976,0.136303,-0.362757,-0.245250,0.236182,-0.369704,-0.243613,0.208187,-0.410866,-0.210726,0.232861,-0.415015,-0.146699,0.261199,-0.407083,-0.208640
2026-07-29 15:50:41.965,193.099816,0.000000,0.000000,0.000000,0.343445,-0.380117,-0.223001,0.143601,-0.370214,-0.226770,0.243523,-0.375166,-0.224886,0.216636,-0.414269,-0.189990,0.240741,-0.414078,-0.125817,0.269627,-0.408602,-0.188189
2026-07-29 15:50:42.065,193.199816,0.000000,0.000000,0.000000,0.342408,-0.372952,-0.222130,0.142372,-0.364061,-0.225814,0.242390,-0.368507,-0.223972,0.215402,-0.409132,-0.188997,0.239512,-0.407925,-0.124862,0.268310,-0.403465,-0.187199
2026-07-29 15:50:42.165,193.299816,0.000000,0.000000,0.000000,0.342421,-0.374990,-0.222205,0.142476,-0.364071,-0.226062,0.242448,-0.369531,-0.224134,0.215612,-0.409142,-0.189194,0.239690,-0.408923,-0.124304,0.268515,-0.404490,-0.187358
2026-07-29 15:50:42.265,193.399816,0.000000,0.000000,0.000000,0.335914,-0.373598,-0.241588,0.135940,-0.360715,-0.244829,0.235927,-0.367157,-0.243209,0.207809,-0.409332,-0.210311,0.231822,-0.411943,-0.145474,0.260948,-0.404028,-0.208202
2026-07-29 15:50:42.365,193.499815,0.000000,0.000000,0.000000,0.343624,-0.377067,-0.223011,0.143397,-0.369188,-0.226611,0.243510,-0.373128,-0.224811,0.216429,-0.413752,-0.189812,0.239793,-0.413019,-0.124969,0.269422,-0.407577,-0.188030
2026-07-29 15:50:42.465,193.599815,0.000000,0.000000,0.000000,0.335335,-0.372567,-0.241134,0.135577,-0.358674,-0.244408,0.235456,-0.365620,-0.242771,0.207476,-0.406275,-0.209877,0.230782,-0.408871,-0.144247,0.260473,-0.403000,-0.207798
2026-07-29 15:50:42.565,193.699815,0.000000,0.000000,0.000000,0.335879,-0.375629,-0.241765,0.136121,-0.361736,-0.245040,0.236000,-0.368683,-0.243403,0.207273,-0.410329,-0.210549,0.230674,-0.410896,-0.144791,0.261129,-0.405049,-0.208413
2026-07-29 15:50:42.665,193.799815,0.000000,0.000000,0.000000,0.342613,-0.373978,-0.222289,0.142577,-0.365086,-0.225974,0.242595,-0.369532,-0.224132,0.214889,-0.410152,-0.189184,0.238310,-0.406845,-0.123513,0.268515,-0.404490,-0.187358
2026-07-29 15:50:42.765,193.899815,0.000000,0.000000,0.000000,0.343240,-0.379092,-0.222842,0.143397,-0.369188,-0.226611,0.243319,-0.374140,-0.224726,0.215708,-0.414254,-0.189821,0.239089,-0.411966,-0.124215,0.269335,-0.408592,-0.187995
2026-07-29 15:50:42.865,193.999815,0.000000,0.000000,0.000000,0.342408,-0.372952,-0.222130,0.142372,-0.364061,-0.225814,0.242390,-0.368507,-0.223972,0.214684,-0.409127,-0.189025,0.237347,-0.406833,-0.123446,0.268397,-0.402449,-0.187233
2026-07-29 15:50:42.965,194.099815,0.000000,0.000000,0.000000,0.334790,-0.369504,-0.240502,0.135109,-0.356631,-0.243739,0.234950,-0.363068,-0.242120,0.206170,-0.404712,-0.209293,0.228739,-0.406774,-0.143786,0.259929,-0.399937,-0.207166
2026-07-29 15:50:43.065,194.199815,0.000000,0.000000,0.000000,0.335153,-0.371546,-0.240923,0.135396,-0.357653,-0.244197,0.235274,-0.364599,-0.242560,0.206547,-0.406245,-0.209707,0.229102,-0.408815,-0.144207,0.260292,-0.401979,-0.207587
2026-07-29 15:50:43.165,194.299815,0.000000,0.000000,0.000000,0.335879,-0.375629,-0.241765,0.136121,-0.361736,-0.245040,0.236000,-0.368683,-0.243403,0.207273,-0.410329,-0.210549,0.229956,-0.410871,-0.144818,0.261018,-0.406062,-0.208429
2026-07-29 15:50:43.265,194.399815,0.000000,0.000000,0.000000,0.336061,-0.376650,-0.241976,0.136303,-0.362757,-0.245250,0.236182,-0.369704,-0.243613,0.207455,-0.411349,-0.210760,0.230137,-0.411892,-0.145029,0.261199,-0.407083,-0.208640
2026-07-29 15:50:43.365,194.499815,0.000000,0.000000,0.000000,0.335516,-0.373588,-0.241344,0.135682,-0.358674,-0.244656,0.235599,-0.366131,-0.243000,0.206883,-0.408295,-0.209410,0.229593,-0.408829,-0.144397,0.260655,-0.404020,-0.208008
2026-07-29 15:50:43.465,194.599814,0.000000,0.000000,0.000000,0.334790,-0.369504,-0.240502,0.135033,-0.355611,-0.243776,0.234912,-0.362558,-0.242139,0.206213,-0.403187,-0.209272,0.228739,-0.406774,-0.143786,0.259929,-0.399937,-0.207166
2026-07-29 15:50:43.565,194.699814,0.000000,0.000000,0.000000,0.335118,-0.373577,-0.241100,0.135577,-0.358674,-0.244408,0.235348,-0.366125,-0.242754,0.206714,-0.407774,-0.209924,0.229284,-0.409836,-0.144418,0.260473,-0.403000,-0.207798
2026-07-29 15:50:43.665,194.799814,0.000000,0.000000,0.000000,0.342818,-0.375003,-0.222449,0.142681,-0.365097,-0.226222,0.242749,-0.370050,-0.224335,0.215094,-0.411178,-0.189343,0.237718,-0.409903,-0.123829,0.268720,-0.405515,-0.187517
2026-07-29 15:50:43.765,194.899814,0.000000,0.000000,0.000000,0.341998,-0.370901,-0.221812,0.141962,-0.362010,-0.225496,0.241980,-0.366456,-0.223654,0.214247,-0.407048,-0.187988,0.236154,-0.405768,-0.122503,0.267901,-0.401414,-0.186880
2026-07-29 15:50:43.865,194.999814,0.000000,0.000000,0.000000,0.343432,-0.378080,-0.222926,0.143295,-0.368173,-0.226699,0.243364,-0.373126,-0.224813,0.214991,-0.414248,-0.189848,0.236835,-0.413960,-0.123710,0.269335,-0.408592,-0.187995
2026-07-29 15:50:43.965,195.099814,0.000000,0.000000,0.000000,0.335335,-0.372567,-0.241134,0.135500,-0.357653,-0.244446,0.235417,-0.365110,-0.242790,0.206701,-0.407274,-0.209199,0.227824,-0.409795,-0.143755,0.260473,-0.403000,-0.207798
2026-07-29 15:50:44.065,195.199814,0.000000,0.000000,0.000000,0.343227,-0.377054,-0.222767,0.143192,-0.368163,-0.226451,0.243210,-0.372608,-0.224609,0.215499,-0.414244,-0.189624,0.236593,-0.413954,-0.123617,0.269130,-0.407566,-0.187836
2026-07-29 15:50:44.165,195.299814,0.000000,0.000000,0.000000,0.335698,-0.374609,-0.241555,0.135940,-0.360715,-0.244829,0.235819,-0.367662,-0.243192,0.207063,-0.410324,-0.210352,0.228091,-0.413856,-0.145124,0.260836,-0.405041,-0.208219
2026-07-29 15:50:44.265,195.399814,0.000000,0.000000,0.000000,0.334790,-0.369504,-0.240502,0.135033,-0.355611,-0.243776,0.234912,-0.362558,-0.242139,0.205467,-0.404179,-0.209313,0.227245,-0.407738,-0.143956,0.259929,-0.399937,-0.207166
2026-07-29 15:50:44.365,195.499814,0.000000,0.000000,0.000000,0.342818,-0.375003,-0.222449,0.142782,-0.366112,-0.226133,0.242800,-0.370557,-0.224291,0.215094,-0.411178,-0.189343,0.236247,-0.410911,-0.123948,0.268720,-0.405515,-0.187517
2026-07-29 15:50:44.465,195.599813,0.000000,0.000000,0.000000,0.336277,-0.375640,-0.242009,0.136226,-0.361737,-0.245288,0.236251,-0.368688,-0.243649,0.207427,-0.411357,-0.210041,0.228481,-0.415890,-0.146261,0.261199,-0.407083,-0.208640
2026-07-29 15:50:44.565,195.699813,0.000000,0.000000,0.000000,0.335153,-0.371546,-0.240923,0.135396,-0.357653,-0.244197,0.235274,-0.364599,-0.242560,0.206547,-0.406245,-0.209707,0.227601,-0.410778,-0.145923,0.260292,-0.401979,-0.207587
2026-07-29 15:50:44.665,195.799813,0.000000,0.000000,0.000000,0.336061,-0.376650,-0.241976,0.136303,-0.362757,-0.245250,0.236182,-0.369704,-0.243613,0.206710,-0.412341,-0.210801,0.228694,-0.412841,-0.146636,0.261199,-0.407083,-0.208640
2026-07-29 15:50:44.765,195.899813,0.000000,0.000000,0.000000,0.335698,-0.374609,-0.241555,0.135940,-0.360715,-0.244829,0.235819,-0.367662,-0.243192,0.207092,-0.409308,-0.210339,0.228887,-0.413858,-0.147243,0.260836,-0.405041,-0.208219
2026-07-29 15:50:44.865,195.999813,0.000000,0.000000,0.000000,0.335153,-0.371546,-0.240923,0.135396,-0.357653,-0.244197,0.235274,-0.364599,-0.242560,0.205803,-0.407237,-0.209748,0.228559,-0.407746,-0.146993,0.260292,-0.401979,-0.207587
2026-07-29 15:50:44.965,196.099813,0.000000,0.000000,0.000000,0.335698,-0.374609,-0.241555,0.135940,-0.360715,-0.244829,0.235819,-0.367662,-0.243192,0.206402,-0.408267,-0.210353,0.229131,-0.410801,-0.148343,0.260948,-0.404028,-0.208202
2026-07-29 15:50:45.065,196.199813,0.000000,0.000000,0.000000,0.342408,-0.372952,-0.222130,0.142372,-0.364061,-0.225814,0.242390,-0.368507,-0.223972,0.213965,-0.409629,-0.189033,0.237551,-0.405980,-0.127696,0.268310,-0.403465,-0.187199
2026-07-29 15:50:45.165,196.299813,0.000000,0.000000,0.000000,0.335698,-0.374609,-0.241555,0.135863,-0.359695,-0.244867,0.235780,-0.367152,-0.243211,0.206347,-0.410299,-0.210379,0.229876,-0.410817,-0.149034,0.260836,-0.405041,-0.208219
2026-07-29 15:50:45.265,196.399813,0.000000,0.000000,0.000000,0.335516,-0.373588,-0.241344,0.135835,-0.360715,-0.244581,0.235676,-0.367151,-0.242963,0.206193,-0.408262,-0.210155,0.229658,-0.410803,-0.149650,0.260655,-0.404020,-0.208008
2026-07-29 15:50:45.365,196.499813,0.000000,0.000000,0.000000,0.335153,-0.371546,-0.240923,0.135396,-0.357653,-0.244197,0.235274,-0.364599,-0.242560,0.205830,-0.406221,-0.209734,0.230039,-0.408778,-0.149918,0.260181,-0.402992,-0.207604
2026-07-29 15:50:45.465,196.599813,0.000000,0.000000,0.000000,0.343227,-0.377054,-0.222767,0.143192,-0.368163,-0.226451,0.243210,-0.372608,-0.224609,0.214786,-0.413223,-0.189689,0.239062,-0.412182,-0.129855,0.269043,-0.408582,-0.187801
2026-07-29 15:50:45.565,196.699812,0.000000,0.000000,0.000000,0.335698,-0.374609,-0.241555,0.135940,-0.360715,-0.244829,0.235819,-0.367662,-0.243192,0.206374,-0.409283,-0.210366,0.230545,-0.412846,-0.151373,0.260836,-0.405041,-0.208219
2026-07-29 15:50:45.665,196.799812,0.000000,0.000000,0.000000,0.334427,-0.367463,-0.240081,0.134670,-0.353569,-0.243355,0.234549,-0.360516,-0.241718,0.205104,-0.402137,-0.208892,0.229237,-0.406706,-0.150720,0.259511,-0.398402,-0.206753
2026-07-29 15:50:45.765,196.899812,0.000000,0.000000,0.000000,0.335879,-0.375629,-0.241765,0.136121,-0.361736,-0.245040,0.236000,-0.368683,-0.243403,0.206583,-0.409288,-0.210563,0.231336,-0.415911,-0.152482,0.260294,-0.406037,-0.208457
2026-07-29 15:50:45.865,196.999812,0.000000,0.000000,0.000000,0.343637,-0.379105,-0.223086,0.143703,-0.371229,-0.226681,0.243670,-0.375167,-0.224883,0.215196,-0.415274,-0.190008,0.240200,-0.415313,-0.131633,0.268757,-0.410655,-0.188871
2026-07-29 15:50:45.965,197.099812,0.000000,0.000000,0.000000,0.335516,-0.373588,-0.241344,0.135758,-0.359694,-0.244618,0.235637,-0.366641,-0.242981,0.206221,-0.407246,-0.210142,0.231134,-0.411834,-0.152568,0.259959,-0.403988,-0.208761
2026-07-29 15:50:46.065,197.199812,0.000000,0.000000,0.000000,0.335300,-0.374598,-0.241311,0.135835,-0.360715,-0.244581,0.235568,-0.367656,-0.242946,0.206193,-0.408262,-0.210155,0.231067,-0.412848,-0.152671,0.259849,-0.405001,-0.208777
2026-07-29 15:50:46.165,197.299812,0.000000,0.000000,0.000000,0.335879,-0.375629,-0.241765,0.136121,-0.361736,-0.245040,0.236000,-0.368683,-0.243403,0.207302,-0.409312,-0.210536,0.232212,-0.413900,-0.152962,0.260184,-0.407051,-0.208474
2026-07-29 15:50:46.265,197.399812,0.000000,0.000000,0.000000,0.334790,-0.369504,-0.240502,0.135033,-0.355611,-0.243776,0.234912,-0.362558,-0.242139,0.206213,-0.403187,-0.209272,0.231123,-0.407775,-0.151698,0.259123,-0.400918,-0.207934
2026-07-29 15:50:46.365,197.499812,0.000000,0.000000,0.000000,0.342818,-0.375003,-0.222449,0.142782,-0.366112,-0.226133,0.242800,-0.370557,-0.224291,0.215094,-0.411178,-0.189343,0.240080,-0.412263,-0.131737,0.267938,-0.406553,-0.188234
2026-07-29 15:50:46.465,197.599812,0.000000,0.000000,0.000000,0.334972,-0.370525,-0.240713,0.135214,-0.356632,-0.243987,0.235093,-0.363579,-0.242350,0.206366,-0.405224,-0.209496,0.232020,-0.408821,-0.151882,0.259415,-0.400925,-0.208129
2026-07-29 15:50:46.565,197.699811,0.000000,0.000000,0.000000,0.342613,-0.373978,-0.222289,0.142678,-0.366101,-0.225885,0.242646,-0.370040,-0.224087,0.214893,-0.409136,-0.189222,0.240661,-0.410252,-0.132213,0.267776,-0.405020,-0.188093
2026-07-29 15:50:46.665,197.799811,0.000000,0.000000,0.000000,0.334790,-0.369504,-0.240502,0.135033,-0.355611,-0.243776,0.234912,-0.362558,-0.242139,0.206213,-0.403187,-0.209272,0.232581,-0.407817,-0.152360,0.259233,-0.399905,-0.207919
2026-07-29 15:50:46.765,197.899811,0.000000,0.000000,0.000000,0.334609,-0.368484,-0.240291,0.134851,-0.354590,-0.243566,0.234730,-0.361537,-0.241929,0.206032,-0.402167,-0.209062,0.232469,-0.405782,-0.152047,0.258941,-0.399897,-0.207724
2026-07-29 15:50:46.865,197.999811,0.000000,0.000000,0.000000,0.343637,-0.379105,-0.223086,0.143601,-0.370214,-0.226770,0.243619,-0.374659,-0.224928,0.215917,-0.414264,-0.190018,0.243237,-0.413381,-0.133570,0.268757,-0.410655,-0.188871
2026-07-29 15:50:46.965,198.099811,0.000000,0.000000,0.000000,0.342613,-0.373978,-0.222289,0.142577,-0.365086,-0.225974,0.242595,-0.369532,-0.224132,0.214893,-0.409136,-0.189222,0.242306,-0.406216,-0.132674,0.267733,-0.405527,-0.188075
2026-07-29 15:50:47.065,198.199811,0.000000,0.000000,0.000000,0.342408,-0.372952,-0.222130,0.142271,-0.363046,-0.225903,0.242339,-0.367999,-0.224017,0.214692,-0.407095,-0.189100,0.242773,-0.406215,-0.132537,0.266805,-0.404496,-0.187943
2026-07-29 15:50:47.165,198.299811,0.000000,0.000000,0.000000,0.334212,-0.370499,-0.240742,0.135214,-0.356632,-0.243987,0.234713,-0.363566,-0.242364,0.207143,-0.403217,-0.209442,0.234464,-0.405830,-0.153648,0.258691,-0.400901,-0.208157
2026-07-29 15:50:47.265,198.399811,0.000000,0.000000,0.000000,0.343432,-0.378080,-0.222926,0.143295,-0.368173,-0.226699,0.243364,-0.373126,-0.224813,0.216431,-0.413244,-0.189831,0.244544,-0.411376,-0.134025,0.267914,-0.408608,-0.188775
2026-07-29 15:50:47.365,198.499811,0.000000,0.000000,0.000000,0.335698,-0.374609,-0.241555,0.135940,-0.360715,-0.244829,0.235819,-0.367662,-0.243192,0.207839,-0.408316,-0.210298,0.235936,-0.409930,-0.155182,0.259307,-0.405997,-0.209015
2026-07-29 15:50:47.465,198.599811,0.000000,0.000000,0.000000,0.343842,-0.380130,-0.223245,0.143806,-0.371239,-0.226929,0.243824,-0.375685,-0.225087,0.216841,-0.415295,-0.190150,0.245699,-0.413461,-0.135035,0.268323,-0.410659,-0.189094
2026-07-29 15:50:47.565,198.699811,0.000000,0.000000,0.000000,0.342818,-0.375003,-0.222449,0.142883,-0.367127,-0.226044,0.242850,-0.371065,-0.224246,0.215822,-0.409152,-0.189391,0.244702,-0.408361,-0.134958,0.267299,-0.405532,-0.188297
2026-07-29 15:50:47.665,198.799810,0.000000,0.000000,0.000000,0.335153,-0.371546,-0.240923,0.135472,-0.358673,-0.244160,0.235313,-0.365110,-0.242541,0.207354,-0.403221,-0.209639,0.236856,-0.406909,-0.155215,0.258872,-0.401921,-0.208368
2026-07-29 15:50:47.765,198.899810,0.000000,0.000000,0.000000,0.334393,-0.369494,-0.240258,0.134851,-0.354590,-0.243566,0.234622,-0.362042,-0.241912,0.206780,-0.401175,-0.209021,0.236339,-0.403839,-0.155303,0.258328,-0.398859,-0.207736
2026-07-29 15:50:47.865,198.999810,0.000000,0.000000,0.000000,0.334972,-0.370525,-0.240713,0.135291,-0.357652,-0.243949,0.235131,-0.364089,-0.242331,0.207862,-0.403241,-0.209415,0.237498,-0.404891,-0.155600,0.258691,-0.400901,-0.208157
2026-07-29 15:50:47.965,199.099810,0.000000,0.000000,0.000000,0.335153,-0.371546,-0.240923,0.135396,-0.357653,-0.244197,0.235274,-0.364599,-0.242560,0.208044,-0.404262,-0.209625,0.237630,-0.406918,-0.156627,0.258872,-0.401921,-0.208368
2026-07-29 15:50:48.065,199.199810,0.000000,0.000000,0.000000,0.335516,-0.373588,-0.241344,0.135758,-0.359694,-0.244618,0.235637,-0.366641,-0.242981,0.208376,-0.407320,-0.210060,0.238789,-0.407971,-0.156925,0.259235,-0.403963,-0.208789
2026-07-29 15:50:48.165,199.299810,0.000000,0.000000,0.000000,0.334609,-0.368484,-0.240291,0.134851,-0.354590,-0.243566,0.234730,-0.361537,-0.241929,0.207499,-0.401200,-0.208994,0.237831,-0.403872,-0.156688,0.258273,-0.399366,-0.207743
2026-07-29 15:50:48.265,199.399810,0.000000,0.000000,0.000000,0.335481,-0.375619,-0.241522,0.135940,-0.360715,-0.244829,0.235711,-0.368167,-0.243175,0.209275,-0.408365,-0.210243,0.239638,-0.410022,-0.157924,0.259416,-0.404984,-0.208999
2026-07-29 15:50:48.365,199.499810,0.000000,0.000000,0.000000,0.334609,-0.368484,-0.240291,0.134851,-0.354590,-0.243566,0.234730,-0.361537,-0.241929,0.208219,-0.401224,-0.208966,0.238657,-0.402875,-0.157286,0.258328,-0.398859,-0.207736
2026-07-29 15:50:48.465,199.599810,0.000000,0.000000,0.000000,0.343432,-0.378080,-0.222926,0.143397,-0.369188,-0.226611,0.243414,-0.373634,-0.224768,0.217876,-0.412240,-0.189814,0.248383,-0.410581,-0.138879,0.267998,-0.407593,-0.188811
2026-07-29 15:50:48.565,199.699810,0.000000,0.000000,0.000000,0.334937,-0.372556,-0.240890,0.135396,-0.357653,-0.244197,0.235166,-0.365105,-0.242544,0.208795,-0.403271,-0.209584,0.240029,-0.404941,-0.158518,0.258981,-0.400908,-0.208352
2026-07-29 15:50:48.665,199.799809,0.000000,0.000000,0.000000,0.334756,-0.373562,-0.241373,0.135758,-0.359694,-0.244618,0.235257,-0.366628,-0.242996,0.209846,-0.406353,-0.209992,0.240419,-0.406975,-0.159661,0.258647,-0.402917,-0.209527
2026-07-29 15:50:48.765,199.899809,0.000000,0.000000,0.000000,0.342408,-0.372952,-0.222130,0.142372,-0.364061,-0.225814,0.242390,-0.368507,-0.223972,0.217572,-0.407118,-0.188990,0.248190,-0.404497,-0.139457,0.266276,-0.402488,-0.188768
2026-07-29 15:50:48.865,199.999809,0.000000,0.000000,0.000000,0.335879,-0.375629,-0.241765,0.136121,-0.361736,-0.245040,0.236000,-0.368683,-0.243403,0.210236,-0.408387,-0.211134,0.240810,-0.409009,-0.160804,0.259010,-0.404959,-0.209948
2026-07-29 15:50:48.965,200.099809,0.000000,0.000000,0.000000,0.334790,-0.369504,-0.240502,0.135033,-0.355611,-0.243776,0.234912,-0.362558,-0.242139,0.209147,-0.402262,-0.209870,0.239721,-0.402884,-0.159541,0.257921,-0.398834,-0.208685
2026-07-29 15:50:49.065,200.199809,0.000000,0.000000,0.000000,0.335516,-0.373588,-0.241344,0.135758,-0.359694,-0.244618,0.235637,-0.366641,-0.242981,0.209873,-0.406345,-0.210712,0.240555,-0.405946,-0.161015,0.258647,-0.402917,-0.209527
2026-07-29 15:50:49.165,200.299809,0.000000,0.000000,0.000000,0.335335,-0.372567,-0.241134,0.135577,-0.358674,-0.244408,0.235456,-0.365620,-0.242771,0.209692,-0.405324,-0.210502,0.240293,-0.405939,-0.160894,0.258465,-0.401896,-0.209317
2026-07-29 15:50:49.265,200.399809,0.000000,0.000000,0.000000,0.343419,-0.376042,-0.222852,0.143090,-0.367148,-0.226540,0.243255,-0.371595,-0.224696,0.218427,-0.410232,-0.190386,0.249064,-0.408655,-0.141536,0.267095,-0.406590,-0.189405
2026-07-29 15:50:49.365,200.499809,0.000000,0.000000,0.000000,0.334790,-0.369504,-0.240502,0.134956,-0.354591,-0.243814,0.234873,-0.362048,-0.242158,0.209147,-0.402262,-0.209870,0.239857,-0.401855,-0.160896,0.257921,-0.398834,-0.208685
2026-07-29 15:50:49.465,200.599809,0.000000,0.000000,0.000000,0.335335,-0.372567,-0.241134,0.135577,-0.358674,-0.244408,0.235456,-0.365620,-0.242771,0.209692,-0.405324,-0.210502,0.240402,-0.404917,-0.161528,0.258465,-0.401896,-0.209317
2026-07-29 15:50:49.565,200.699809,0.000000,0.000000,0.000000,0.335370,-0.370536,-0.240956,0.135472,-0.358673,-0.244160,0.235421,-0.364604,-0.242558,0.209510,-0.404304,-0.210291,0.240140,-0.404910,-0.161406,0.258284,-0.400875,-0.209106
2026-07-29 15:50:49.665,200.799809,0.000000,0.000000,0.000000,0.334790,-0.369504,-0.240502,0.135033,-0.355611,-0.243776,0.234912,-0.362558,-0.242139,0.209147,-0.402262,-0.209870,0.239857,-0.401855,-0.160896,0.257921,-0.398834,-0.208685
2026-07-29 15:50:49.765,200.899808,0.000000,0.000000,0.000000,0.335153,-0.371546,-0.240923,0.135396,-0.357653,-0.244197,0.235274,-0.364599,-0.242560,0.209510,-0.404304,-0.210291,0.240140,-0.404910,-0.161406,0.258284,-0.400875,-0.209106
2026-07-29 15:50:49.865,200.999808,0.000000,0.000000,0.000000,0.335153,-0.371546,-0.240923,0.135396,-0.357653,-0.244197,0.235274,-0.364599,-0.242560,0.209510,-0.404304,-0.210291,0.240140,-0.404910,-0.161406,0.258284,-0.400875,-0.209106
2026-07-29 15:50:49.965,201.099808,0.000000,0.000000,0.000000,0.335516,-0.373588,-0.241344,0.135758,-0.359694,-0.244618,0.235637,-0.366641,-0.242981,0.209873,-0.406345,-0.210712,0.240503,-0.406952,-0.161827,0.258647,-0.402917,-0.209527
2026-07-29 15:50:50.065,201.199808,0.000000,0.000000,0.000000,0.334972,-0.370525,-0.240713,0.135291,-0.357652,-0.243949,0.235131,-0.364089,-0.242331,0.209329,-0.403283,-0.210081,0.239958,-0.403889,-0.161195,0.258103,-0.399855,-0.208895
2026-07-29 15:50:50.165,201.299808,0.000000,0.000000,0.000000,0.335118,-0.373577,-0.241100,0.135577,-0.358674,-0.244408,0.235348,-0.366125,-0.242754,0.210411,-0.405349,-0.210474,0.240321,-0.405931,-0.161616,0.258574,-0.400883,-0.209302
2026-07-29 15:50:50.265,201.399808,0.000000,0.000000,0.000000,0.342408,-0.372952,-0.222130,0.142372,-0.364061,-0.225814,0.242390,-0.368507,-0.223972,0.217590,-0.408162,-0.189671,0.248244,-0.404553,-0.140899,0.266276,-0.402488,-0.188768
2026-07-29 15:50:50.365,201.499808,0.000000,0.000000,0.000000,0.335879,-0.375629,-0.241765,0.136198,-0.362756,-0.245002,0.236039,-0.369193,-0.243384,0.210236,-0.408387,-0.211134,0.240865,-0.408993,-0.162248,0.259010,-0.404959,-0.209948
2026-07-29 15:50:50.465,201.599808,0.000000,0.000000,0.000000,0.335516,-0.373588,-0.241344,0.135682,-0.358674,-0.244656,0.235599,-0.366131,-0.243000,0.209873,-0.406345,-0.210712,0.240530,-0.406944,-0.162548,0.258647,-0.402917,-0.209527
2026-07-29 15:50:50.565,201.699808,0.000000,0.000000,0.000000,0.335516,-0.373588,-0.241344,0.135758,-0.359694,-0.244618,0.235637,-0.366641,-0.242981,0.209873,-0.406345,-0.210712,0.239810,-0.406919,-0.162576,0.258647,-0.402917,-0.209527
2026-07-29 15:50:50.665,201.799808,0.000000,0.000000,0.000000,0.335153,-0.371546,-0.240923,0.135319,-0.356632,-0.244235,0.235236,-0.364089,-0.242579,0.209544,-0.403288,-0.210279,0.239367,-0.405891,-0.162242,0.258284,-0.400875,-0.209106
2026-07-29 15:50:50.765,201.899807,0.000000,0.000000,0.000000,0.342818,-0.375003,-0.222449,0.142782,-0.366112,-0.226133,0.242800,-0.370557,-0.224291,0.218017,-0.408181,-0.190067,0.247961,-0.406626,-0.141967,0.266686,-0.404539,-0.189087
2026-07-29 15:50:50.865,201.999807,0.000000,0.000000,0.000000,0.334756,-0.373562,-0.241373,0.135758,-0.359694,-0.244618,0.235257,-0.366628,-0.242996,0.209873,-0.406345,-0.210712,0.239810,-0.406919,-0.162576,0.258647,-0.402917,-0.209527
2026-07-29 15:50:50.965,202.099807,0.000000,0.000000,0.000000,0.334790,-0.369504,-0.240502,0.135033,-0.355611,-0.243776,0.234912,-0.362558,-0.242139,0.209181,-0.401246,-0.209858,0.238363,-0.402811,-0.161761,0.257921,-0.398834,-0.208685
2026-07-29 15:50:51.065,202.199807,0.000000,0.000000,0.000000,0.335153,-0.371546,-0.240923,0.135319,-0.356632,-0.244235,0.235236,-0.364089,-0.242579,0.209544,-0.403288,-0.210279,0.238675,-0.405859,-0.162990,0.258284,-0.400875,-0.209106
2026-07-29 15:50:51.165,202.299807,0.000000,0.000000,0.000000,0.342408,-0.372952,-0.222130,0.142372,-0.364061,-0.225814,0.242390,-0.368507,-0.223972,0.217616,-0.405114,-0.189787,0.246803,-0.405615,-0.142432,0.266276,-0.402488,-0.188768
2026-07-29 15:50:51.265,202.399807,0.000000,0.000000,0.000000,0.343240,-0.379092,-0.222842,0.143397,-0.369188,-0.226611,0.243319,-0.374140,-0.224726,0.218632,-0.411257,-0.190545,0.247828,-0.410742,-0.143228,0.266575,-0.407609,-0.189592
2026-07-29 15:50:51.365,202.499807,0.000000,0.000000,0.000000,0.335153,-0.371546,-0.240923,0.135472,-0.358673,-0.244160,0.235313,-0.365110,-0.242541,0.209544,-0.403288,-0.210279,0.238675,-0.405859,-0.162990,0.257559,-0.400851,-0.209134
2026-07-29 15:50:51.465,202.599807,0.000000,0.000000,0.000000,0.342216,-0.373965,-0.222046,0.142372,-0.364061,-0.225814,0.242294,-0.369013,-0.223930,0.217608,-0.406130,-0.189749,0.246857,-0.404597,-0.142397,0.265633,-0.401467,-0.188833
2026-07-29 15:50:51.565,202.699807,0.000000,0.000000,0.000000,0.335153,-0.371546,-0.240923,0.135396,-0.357653,-0.244197,0.235274,-0.364599,-0.242560,0.210264,-0.403312,-0.210251,0.238675,-0.405859,-0.162990,0.258284,-0.400875,-0.209106
2026-07-29 15:50:51.665,202.799807,0.000000,0.000000,0.000000,0.343022,-0.376029,-0.222608,0.142987,-0.367137,-0.226292,0.243005,-0.371583,-0.224450,0.218943,-0.409212,-0.190199,0.247418,-0.408692,-0.142910,0.266165,-0.405558,-0.189274
2026-07-29 15:50:51.765,202.899806,0.000000,0.000000,0.000000,0.342626,-0.376016,-0.222364,0.142681,-0.365097,-0.226222,0.242653,-0.370556,-0.224293,0.218738,-0.408187,-0.190040,0.247267,-0.406648,-0.142716,0.266043,-0.403518,-0.189152
2026-07-29 15:50:51.865,202.999806,0.000000,0.000000,0.000000,0.336242,-0.377671,-0.242187,0.136484,-0.363778,-0.245461,0.236363,-0.370724,-0.243824,0.211353,-0.409437,-0.211515,0.239843,-0.410970,-0.164167,0.258755,-0.405962,-0.210383
2026-07-29 15:50:51.965,203.099806,0.000000,0.000000,0.000000,0.334937,-0.372556,-0.240890,0.135396,-0.357653,-0.244197,0.235166,-0.365105,-0.242544,0.210264,-0.403312,-0.210251,0.238726,-0.404853,-0.162182,0.257559,-0.400851,-0.209134
2026-07-29 15:50:52.065,203.199806,0.000000,0.000000,0.000000,0.343842,-0.380130,-0.223245,0.143806,-0.371239,-0.226929,0.243824,-0.375685,-0.225087,0.219763,-0.413314,-0.190836,0.248264,-0.411747,-0.142791,0.267067,-0.408645,-0.189948
2026-07-29 15:50:52.165,203.299806,0.000000,0.000000,0.000000,0.335300,-0.374598,-0.241311,0.135758,-0.359694,-0.244618,0.235529,-0.367146,-0.242965,0.210661,-0.404338,-0.210660,0.239061,-0.406903,-0.161882,0.257922,-0.402892,-0.209555
2026-07-29 15:50:52.265,203.399806,0.000000,0.000000,0.000000,0.343445,-0.380117,-0.223001,0.143601,-0.370214,-0.226770,0.243523,-0.375166,-0.224886,0.219558,-0.412289,-0.190677,0.248086,-0.409676,-0.141873,0.266780,-0.408635,-0.189752
2026-07-29 15:50:52.365,203.499806,0.000000,0.000000,0.000000,0.334246,-0.366442,-0.239870,0.134488,-0.352549,-0.243145,0.234367,-0.359495,-0.241507,0.209363,-0.397200,-0.208463,0.237120,-0.398726,-0.159624,0.256652,-0.395747,-0.208081
2026-07-29 15:50:52.465,203.599806,0.000000,0.000000,0.000000,0.335516,-0.373588,-0.241344,0.135682,-0.358674,-0.244656,0.235599,-0.366131,-0.243000,0.210599,-0.405362,-0.209951,0.238313,-0.406886,-0.161187,0.257922,-0.402892,-0.209555
2026-07-29 15:50:52.565,203.699806,0.000000,0.000000,0.000000,0.343022,-0.376029,-0.222608,0.142987,-0.367137,-0.226292,0.243005,-0.371583,-0.224450,0.218916,-0.409184,-0.189478,0.245920,-0.407550,-0.140045,0.266220,-0.404515,-0.188584
2026-07-29 15:50:52.665,203.799806,0.000000,0.000000,0.000000,0.334972,-0.370525,-0.240713,0.135214,-0.356632,-0.243987,0.235093,-0.363579,-0.242350,0.210055,-0.402299,-0.209319,0.236993,-0.403814,-0.159139,0.257457,-0.398824,-0.208181
2026-07-29 15:50:52.765,203.899806,0.000000,0.000000,0.000000,0.336095,-0.374619,-0.241799,0.136045,-0.360716,-0.245077,0.236070,-0.367667,-0.243438,0.210996,-0.406387,-0.210358,0.237226,-0.407888,-0.159405,0.259090,-0.403953,-0.209207
2026-07-29 15:50:52.865,203.999805,0.000000,0.000000,0.000000,0.335698,-0.374609,-0.241555,0.135863,-0.359695,-0.244867,0.235780,-0.367152,-0.243211,0.210815,-0.405367,-0.210148,0.236970,-0.407881,-0.159287,0.258909,-0.402932,-0.208996
2026-07-29 15:50:52.965,204.099805,0.000000,0.000000,0.000000,0.343082,-0.380124,-0.223274,0.143908,-0.372254,-0.226840,0.243495,-0.376189,-0.225057,0.219735,-0.413286,-0.190115,0.245265,-0.410538,-0.138531,0.267040,-0.408617,-0.189221
2026-07-29 15:50:53.065,204.199805,0.000000,0.000000,0.000000,0.335153,-0.371546,-0.240923,0.135319,-0.356632,-0.244235,0.235236,-0.364089,-0.242579,0.210271,-0.402304,-0.209516,0.235650,-0.404809,-0.157239,0.258472,-0.398856,-0.208349
2026-07-29 15:50:53.165,204.299805,0.000000,0.000000,0.000000,0.335516,-0.373588,-0.241344,0.135758,-0.359694,-0.244618,0.235637,-0.366641,-0.242981,0.210634,-0.404346,-0.209937,0.235300,-0.406327,-0.156918,0.258727,-0.401912,-0.208786
2026-07-29 15:50:53.265,204.399805,0.000000,0.000000,0.000000,0.334790,-0.369504,-0.240502,0.135033,-0.355611,-0.243776,0.234912,-0.362558,-0.242139,0.209936,-0.400255,-0.209818,0.234538,-0.402751,-0.156124,0.258055,-0.397321,-0.207936
2026-07-29 15:50:53.365,204.499805,0.000000,0.000000,0.000000,0.335481,-0.375619,-0.241522,0.136017,-0.361736,-0.244791,0.235749,-0.368677,-0.243156,0.210843,-0.405359,-0.210871,0.235345,-0.408876,-0.156552,0.258909,-0.402932,-0.208996
2026-07-29 15:50:53.465,204.599805,0.000000,0.000000,0.000000,0.342203,-0.371927,-0.221971,0.142066,-0.362020,-0.225744,0.242134,-0.366974,-0.223857,0.218134,-0.404095,-0.189601,0.242746,-0.403236,-0.134442,0.266211,-0.399404,-0.187955
2026-07-29 15:50:53.565,204.699805,0.000000,0.000000,0.000000,0.342818,-0.375003,-0.222449,0.142883,-0.367127,-0.226044,0.242850,-0.371065,-0.224246,0.218738,-0.408187,-0.190040,0.243313,-0.407331,-0.134966,0.266742,-0.403495,-0.188397
2026-07-29 15:50:53.665,204.799805,0.000000,0.000000,0.000000,0.335153,-0.371546,-0.240923,0.135396,-0.357653,-0.244197,0.235274,-0.364599,-0.242560,0.210264,-0.403312,-0.210251,0.234746,-0.405829,-0.154479,0.258472,-0.398856,-0.208349
2026-07-29 15:50:53.765,204.899805,0.000000,0.000000,0.000000,0.343036,-0.378066,-0.222683,0.143192,-0.368163,-0.226451,0.243114,-0.373115,-0.224567,0.218427,-0.410232,-0.190386,0.243695,-0.409354,-0.134564,0.267235,-0.404531,-0.188751
2026-07-29 15:50:53.865,204.999804,0.000000,0.000000,0.000000,0.334609,-0.368484,-0.240291,0.134851,-0.354590,-0.243566,0.234730,-0.361537,-0.241929,0.209032,-0.399209,-0.209635,0.234174,-0.402775,-0.153126,0.257928,-0.395794,-0.207717
2026-07-29 15:50:53.965,205.099804,0.000000,0.000000,0.000000,0.335516,-0.373588,-0.241344,0.135758,-0.359694,-0.244618,0.235637,-0.366641,-0.242981,0.209940,-0.404313,-0.210687,0.234972,-0.409399,-0.154330,0.258835,-0.400898,-0.208770
2026-07-29 15:50:54.065,205.199804,0.000000,0.000000,0.000000,0.335516,-0.373588,-0.241344,0.135758,-0.359694,-0.244618,0.235637,-0.366641,-0.242981,0.209940,-0.404313,-0.210687,0.234836,-0.410927,-0.153763,0.259562,-0.400923,-0.208743
2026-07-29 15:50:54.165,205.299804,0.000000,0.000000,0.000000,0.342818,-0.375003,-0.222449,0.142681,-0.365097,-0.226222,0.242749,-0.370050,-0.224335,0.217304,-0.407159,-0.190134,0.243135,-0.409285,-0.132906,0.267553,-0.402486,-0.188405
2026-07-29 15:50:54.265,205.399804,0.000000,0.000000,0.000000,0.334937,-0.372556,-0.240890,0.135396,-0.357653,-0.244197,0.235166,-0.365105,-0.242544,0.208823,-0.403263,-0.210306,0.235089,-0.409932,-0.152700,0.259200,-0.398881,-0.208321
2026-07-29 15:50:54.365,205.499804,0.000000,0.000000,0.000000,0.343227,-0.377054,-0.222767,0.143192,-0.368163,-0.226451,0.243210,-0.372608,-0.224609,0.217706,-0.410226,-0.190413,0.244186,-0.412333,-0.132530,0.267878,-0.405552,-0.188687
2026-07-29 15:50:54.465,205.599804,0.000000,0.000000,0.000000,0.335300,-0.374598,-0.241311,0.135758,-0.359694,-0.244618,0.235529,-0.367146,-0.242965,0.209186,-0.405305,-0.210727,0.235451,-0.411973,-0.153121,0.259562,-0.400923,-0.208743
2026-07-29 15:50:54.565,205.699804,0.000000,0.000000,0.000000,0.334972,-0.370525,-0.240713,0.135214,-0.356632,-0.243987,0.235093,-0.363579,-0.242350,0.207921,-0.402217,-0.210123,0.234907,-0.408911,-0.152489,0.259635,-0.398899,-0.208099
2026-07-29 15:50:54.665,205.799804,0.000000,0.000000,0.000000,0.335516,-0.373588,-0.241344,0.135682,-0.358674,-0.244656,0.235599,-0.366131,-0.243000,0.208403,-0.407312,-0.210780,0.235424,-0.411981,-0.152404,0.260179,-0.401961,-0.208730
2026-07-29 15:50:54.765,205.899804,0.000000,0.000000,0.000000,0.335153,-0.371546,-0.240923,0.135319,-0.356632,-0.244235,0.235236,-0.364089,-0.242579,0.208071,-0.404254,-0.210346,0.235061,-0.409939,-0.151983,0.259817,-0.399919,-0.208309
2026-07-29 15:50:54.865,205.999804,0.000000,0.000000,0.000000,0.334427,-0.367463,-0.240081,0.134747,-0.354590,-0.243317,0.234587,-0.361026,-0.241699,0.207346,-0.400171,-0.209504,0.234335,-0.405856,-0.151141,0.259091,-0.395836,-0.207467
2026-07-29 15:50:54.965,206.099803,0.000000,0.000000,0.000000,0.335879,-0.375629,-0.241765,0.136121,-0.361736,-0.245040,0.236000,-0.368683,-0.243403,0.208766,-0.409354,-0.211201,0.235787,-0.414023,-0.152826,0.260542,-0.404003,-0.209151
2026-07-29 15:50:55.065,206.199803,0.000000,0.000000,0.000000,0.335153,-0.371546,-0.240923,0.135472,-0.358673,-0.244160,0.235313,-0.365110,-0.242541,0.208102,-0.403238,-0.210334,0.234988,-0.410953,-0.152087,0.259817,-0.399919,-0.208309
2026-07-29 15:50:55.165,206.299803,0.000000,0.000000,0.000000,0.334427,-0.367463,-0.240081,0.134747,-0.354590,-0.243317,0.234587,-0.361026,-0.241699,0.207346,-0.400171,-0.209504,0.234234,-0.406877,-0.150530,0.259091,-0.395836,-0.207467
2026-07-29 15:50:55.265,206.399803,0.000000,0.000000,0.000000,0.335153,-0.371546,-0.240923,0.135396,-0.357653,-0.244197,0.235274,-0.364599,-0.242560,0.208040,-0.405270,-0.210358,0.235034,-0.409947,-0.151267,0.259817,-0.399919,-0.208309
2026-07-29 15:50:55.365,206.499803,0.000000,0.000000,0.000000,0.334574,-0.370515,-0.240469,0.135033,-0.355611,-0.243776,0.234803,-0.363063,-0.242123,0.206989,-0.402188,-0.209952,0.234597,-0.408919,-0.150951,0.259454,-0.397878,-0.207888
2026-07-29 15:50:55.465,206.599803,0.000000,0.000000,0.000000,0.335698,-0.374609,-0.241555,0.135940,-0.360715,-0.244829,0.235819,-0.367662,-0.243192,0.207866,-0.408308,-0.211018,0.235505,-0.414023,-0.152004,0.260361,-0.402982,-0.208941
2026-07-29 15:50:55.565,206.699803,0.000000,0.000000,0.000000,0.335153,-0.371546,-0.240923,0.135472,-0.358673,-0.244160,0.235313,-0.365110,-0.242541,0.207352,-0.404230,-0.210373,0.235034,-0.409947,-0.151267,0.259817,-0.399919,-0.208309
2026-07-29 15:50:55.665,206.799803,0.000000,0.000000,0.000000,0.342216,-0.373965,-0.222046,0.142372,-0.364061,-0.225814,0.242294,-0.369013,-0.223930,0.215434,-0.408144,-0.189754,0.242548,-0.409189,-0.130541,0.267785,-0.401456,-0.188023
2026-07-29 15:50:55.765,206.899803,0.000000,0.000000,0.000000,0.342818,-0.375003,-0.222449,0.142681,-0.365097,-0.226222,0.242749,-0.370050,-0.224335,0.215849,-0.409179,-0.190111,0.242910,-0.412259,-0.130913,0.268109,-0.404522,-0.188305
2026-07-29 15:50:55.865,206.999803,0.000000,0.000000,0.000000,0.335844,-0.377661,-0.241943,0.136303,-0.362757,-0.245250,0.236074,-0.370209,-0.243596,0.208259,-0.409334,-0.211426,0.235154,-0.416040,-0.152452,0.260614,-0.406037,-0.209377
2026-07-29 15:50:55.965,207.099802,0.000000,0.000000,0.000000,0.344034,-0.379118,-0.223329,0.143705,-0.370224,-0.227018,0.243869,-0.374671,-0.225174,0.216868,-0.415323,-0.190869,0.243935,-0.417386,-0.131709,0.269134,-0.409650,-0.189102
2026-07-29 15:50:56.065,207.199802,0.000000,0.000000,0.000000,0.334574,-0.370515,-0.240469,0.135033,-0.355611,-0.243776,0.234803,-0.363063,-0.242123,0.206959,-0.403204,-0.209965,0.233883,-0.408894,-0.150978,0.259343,-0.398891,-0.207903
2026-07-29 15:50:56.165,207.299802,0.000000,0.000000,0.000000,0.334937,-0.372556,-0.240890,0.135396,-0.357653,-0.244197,0.235166,-0.365105,-0.242544,0.207322,-0.405246,-0.210386,0.234174,-0.411950,-0.151504,0.259706,-0.400933,-0.208325
2026-07-29 15:50:56.265,207.399802,0.000000,0.000000,0.000000,0.335335,-0.372567,-0.241134,0.135654,-0.359694,-0.244370,0.235494,-0.366130,-0.242752,0.207533,-0.405251,-0.210584,0.234472,-0.410951,-0.150789,0.259888,-0.401954,-0.208535
2026-07-29 15:50:56.365,207.499802,0.000000,0.000000,0.000000,0.343637,-0.379105,-0.223086,0.143601,-0.370214,-0.226770,0.243619,-0.374659,-0.224928,0.216669,-0.413281,-0.190748,0.243035,-0.415308,-0.130808,0.268929,-0.408624,-0.188942
2026-07-29 15:50:56.465,207.599802,0.000000,0.000000,0.000000,0.335516,-0.373588,-0.241344,0.135758,-0.359694,-0.244618,0.235637,-0.366641,-0.242981,0.207715,-0.406271,-0.210795,0.233868,-0.412961,-0.151132,0.260069,-0.402975,-0.208746
2026-07-29 15:50:56.565,207.699802,0.000000,0.000000,0.000000,0.342408,-0.372952,-0.222130,0.142372,-0.364061,-0.225814,0.242390,-0.368507,-0.223972,0.215445,-0.406113,-0.189832,0.241759,-0.410175,-0.129907,0.267699,-0.402471,-0.187987
2026-07-29 15:50:56.665,207.799802,0.000000,0.000000,0.000000,0.334246,-0.366442,-0.239870,0.134565,-0.353569,-0.243107,0.234406,-0.360005,-0.241489,0.206445,-0.399126,-0.209321,0.232669,-0.404802,-0.149553,0.258799,-0.395829,-0.207272
2026-07-29 15:50:56.765,207.899802,0.000000,0.000000,0.000000,0.343227,-0.377054,-0.222767,0.143192,-0.368163,-0.226451,0.243210,-0.372608,-0.224609,0.216259,-0.411230,-0.190430,0.242555,-0.414786,-0.130571,0.268519,-0.406573,-0.188624
2026-07-29 15:50:56.865,207.999802,0.000000,0.000000,0.000000,0.334756,-0.373562,-0.241373,0.135682,-0.358674,-0.244656,0.235219,-0.366118,-0.243015,0.207685,-0.407288,-0.210807,0.233939,-0.411948,-0.151026,0.260069,-0.402975,-0.208746
2026-07-29 15:50:56.965,208.099802,0.000000,0.000000,0.000000,0.335481,-0.375619,-0.241522,0.135940,-0.360715,-0.244829,0.235711,-0.368167,-0.243175,0.207896,-0.407292,-0.211005,0.234049,-0.413982,-0.151343,0.260251,-0.403995,-0.208956
2026-07-29 15:50:57.065,208.199801,0.000000,0.000000,0.000000,0.334790,-0.369504,-0.240502,0.135033,-0.355611,-0.243776,0.234912,-0.362558,-0.242139,0.206989,-0.402188,-0.209952,0.233142,-0.408878,-0.150290,0.259343,-0.398891,-0.207903
2026-07-29 15:50:57.165,208.299801,0.000000,0.000000,0.000000,0.342011,-0.372939,-0.221887,0.142167,-0.363035,-0.225655,0.242089,-0.367987,-0.223771,0.215240,-0.405087,-0.189672,0.241554,-0.409149,-0.129748,0.267494,-0.401446,-0.187828
2026-07-29 15:50:57.265,208.399801,0.000000,0.000000,0.000000,0.335153,-0.371546,-0.240923,0.135396,-0.357653,-0.244197,0.235274,-0.364599,-0.242560,0.207352,-0.404230,-0.210373,0.233505,-0.410919,-0.150711,0.259706,-0.400933,-0.208325
2026-07-29 15:50:57.365,208.499801,0.000000,0.000000,0.000000,0.335153,-0.371546,-0.240923,0.135396,-0.357653,-0.244197,0.235274,-0.364599,-0.242560,0.207382,-0.403214,-0.210361,0.233477,-0.410927,-0.149996,0.259706,-0.400933,-0.208325
2026-07-29 15:50:57.465,208.599801,0.000000,0.000000,0.000000,0.343227,-0.377054,-0.222767,0.143192,-0.368163,-0.226451,0.243210,-0.372608,-0.224609,0.216259,-0.411230,-0.190430,0.242551,-0.414249,-0.129829,0.269244,-0.406579,-0.188596
2026-07-29 15:50:57.565,208.699801,0.000000,0.000000,0.000000,0.336061,-0.376650,-0.241976,0.136380,-0.363777,-0.245213,0.236220,-0.370214,-0.243594,0.208259,-0.409334,-0.211426,0.234385,-0.416031,-0.151049,0.261227,-0.407075,-0.209365
2026-07-29 15:50:57.665,208.799801,0.000000,0.000000,0.000000,0.343240,-0.379092,-0.222842,0.143397,-0.369188,-0.226611,0.243319,-0.374140,-0.224726,0.216464,-0.412256,-0.190589,0.242087,-0.414249,-0.129960,0.269449,-0.407605,-0.188755
2026-07-29 15:50:57.765,208.899801,0.000000,0.000000,0.000000,0.342818,-0.375003,-0.222449,0.142782,-0.366112,-0.226133,0.242800,-0.370557,-0.224291,0.215817,-0.410167,-0.189353,0.241473,-0.411173,-0.129482,0.268109,-0.404522,-0.188305
2026-07-29 15:50:57.865,208.999801,0.000000,0.000000,0.000000,0.343432,-0.378080,-0.222926,0.143397,-0.369188,-0.226611,0.243414,-0.373634,-0.224768,0.216459,-0.413272,-0.190550,0.242042,-0.415269,-0.130016,0.268724,-0.407599,-0.188783
2026-07-29 15:50:57.965,209.099801,0.000000,0.000000,0.000000,0.335879,-0.375629,-0.241765,0.136121,-0.361736,-0.245040,0.236000,-0.368683,-0.243403,0.208050,-0.408321,-0.210495,0.233489,-0.414986,-0.150866,0.260322,-0.406030,-0.209182
2026-07-29 15:50:58.065,209.199800,0.000000,0.000000,0.000000,0.343624,-0.377067,-0.223011,0.143397,-0.369188,-0.226611,0.243510,-0.373128,-0.224811,0.216464,-0.412256,-0.190589,0.242015,-0.415241,-0.129301,0.269362,-0.408620,-0.188720
2026-07-29 15:50:58.165,209.299800,0.000000,0.000000,0.000000,0.335663,-0.376640,-0.241732,0.136121,-0.361736,-0.245040,0.235892,-0.369188,-0.243386,0.208078,-0.408313,-0.211216,0.233462,-0.414994,-0.150150,0.260432,-0.405016,-0.209167
2026-07-29 15:50:58.265,209.399800,0.000000,0.000000,0.000000,0.335335,-0.372567,-0.241134,0.135577,-0.358674,-0.244408,0.235456,-0.365620,-0.242771,0.207476,-0.406275,-0.209877,0.232987,-0.410918,-0.149411,0.259888,-0.401954,-0.208535
2026-07-29 15:50:58.365,209.499800,0.000000,0.000000,0.000000,0.334790,-0.369504,-0.240502,0.135033,-0.355611,-0.243776,0.234912,-0.362558,-0.242139,0.206989,-0.402188,-0.209952,0.232373,-0.408869,-0.148887,0.259343,-0.398891,-0.207903
2026-07-29 15:50:58.465,209.599800,0.000000,0.000000,0.000000,0.342216,-0.373965,-0.222046,0.142372,-0.364061,-0.225814,0.242294,-0.369013,-0.223930,0.215445,-0.406113,-0.189832,0.241036,-0.409094,-0.128448,0.267614,-0.403487,-0.187951
2026-07-29 15:50:58.565,209.699800,0.000000,0.000000,0.000000,0.342818,-0.375003,-0.222449,0.142782,-0.366112,-0.226133,0.242800,-0.370557,-0.224291,0.215827,-0.408136,-0.189429,0.241400,-0.412165,-0.128823,0.268109,-0.404522,-0.188305
2026-07-29 15:50:58.665,209.799800,0.000000,0.000000,0.000000,0.343637,-0.379105,-0.223086,0.143601,-0.370214,-0.226770,0.243619,-0.374659,-0.224928,0.216641,-0.413253,-0.190028,0.242220,-0.416266,-0.129460,0.268929,-0.408624,-0.188942
2026-07-29 15:50:58.765,209.899800,0.000000,0.000000,0.000000,0.335153,-0.371546,-0.240923,0.135319,-0.356632,-0.244235,0.235236,-0.364089,-0.242579,0.207324,-0.404238,-0.209653,0.232806,-0.409897,-0.149200,0.259706,-0.400933,-0.208325
2026-07-29 15:50:58.865,209.999800,0.000000,0.000000,0.000000,0.334937,-0.372556,-0.240890,0.135396,-0.357653,-0.244197,0.235166,-0.365105,-0.242544,0.207324,-0.404238,-0.209653,0.232091,-0.409872,-0.149227,0.259817,-0.399919,-0.208309
2026-07-29 15:50:58.965,210.099800,0.000000,0.000000,0.000000,0.335516,-0.373588,-0.241344,0.135835,-0.360715,-0.244581,0.235676,-0.367151,-0.242963,0.207687,-0.406279,-0.210074,0.232385,-0.412928,-0.149756,0.260069,-0.402975,-0.208746
2026-07-29 15:50:59.065,210.199800,0.000000,0.000000,0.000000,0.334211,-0.368473,-0.240048,0.134670,-0.353569,-0.243355,0.234441,-0.361021,-0.241701,0.206598,-0.400154,-0.208811,0.231296,-0.406803,-0.148493,0.258980,-0.396850,-0.207482
2026-07-29 15:50:59.165,210.299799,0.000000,0.000000,0.000000,0.335153,-0.371546,-0.240923,0.135396,-0.357653,-0.244197,0.235274,-0.364599,-0.242560,0.207324,-0.404238,-0.209653,0.232091,-0.409872,-0.149227,0.259706,-0.400933,-0.208325
2026-07-29 15:50:59.265,210.399799,0.000000,0.000000,0.000000,0.335335,-0.372567,-0.241134,0.135577,-0.358674,-0.244408,0.235456,-0.365620,-0.242771,0.207506,-0.405258,-0.209863,0.232272,-0.410893,-0.149438,0.259888,-0.401954,-0.208535
2026-07-29 15:50:59.365,210.499799,0.000000,0.000000,0.000000,0.343637,-0.379105,-0.223086,0.143500,-0.369199,-0.226859,0.243569,-0.374152,-0.224972,0.216647,-0.412237,-0.190066,0.241550,-0.415241,-0.129431,0.268929,-0.408624,-0.188942
2026-07-29 15:50:59.465,210.599799,0.000000,0.000000,0.000000,0.335698,-0.374609,-0.241555,0.135940,-0.360715,-0.244829,0.235819,-0.367662,-0.243192,0.207869,-0.407300,-0.210284,0.232635,-0.412935,-0.149859,0.260251,-0.403995,-0.208956
2026-07-29 15:50:59.565,210.699799,0.000000,0.000000,0.000000,0.334574,-0.370515,-0.240469,0.135109,-0.356631,-0.243739,0.234842,-0.363573,-0.242104,0.206961,-0.402196,-0.209232,0.231659,-0.408844,-0.148914,0.259343,-0.398891,-0.207903
2026-07-29 15:50:59.665,210.799799,0.000000,0.000000,0.000000,0.343445,-0.380117,-0.223001,0.143601,-0.370214,-0.226770,0.243523,-0.375166,-0.224886,0.216647,-0.412237,-0.190066,0.241505,-0.416261,-0.129488,0.268929,-0.408624,-0.188942
2026-07-29 15:50:59.765,210.899799,0.000000,0.000000,0.000000,0.335879,-0.375629,-0.241765,0.136121,-0.361736,-0.245040,0.236000,-0.368683,-0.243403,0.208020,-0.409337,-0.210509,0.233462,-0.414994,-0.150150,0.260432,-0.405016,-0.209167
2026-07-29 15:50:59.865,210.999799,0.000000,0.000000,0.000000,0.335516,-0.373588,-0.241344,0.135758,-0.359694,-0.244618,0.235637,-0.366641,-0.242981,0.206939,-0.407271,-0.210115,0.233196,-0.411931,-0.150337,0.260069,-0.402975,-0.208746
2026-07-29 15:50:59.965,211.099799,0.000000,0.000000,0.000000,0.342818,-0.375003,-0.222449,0.142782,-0.366112,-0.226133,0.242800,-0.370557,-0.224291,0.215102,-0.409146,-0.189419,0.240713,-0.412186,-0.129565,0.268109,-0.404522,-0.188305
2026-07-29 15:51:00.065,211.199799,0.000000,0.000000,0.000000,0.335300,-0.374598,-0.241311,0.135758,-0.359694,-0.244618,0.235529,-0.367146,-0.242965,0.207024,-0.405231,-0.210810,0.232413,-0.412920,-0.150472,0.259959,-0.403988,-0.208761
2026-07-29 15:51:00.165,211.299798,0.000000,0.000000,0.000000,0.334574,-0.370515,-0.240469,0.135033,-0.355611,-0.243776,0.234803,-0.363063,-0.242123,0.206298,-0.401147,-0.209967,0.232401,-0.408861,-0.149602,0.259957,-0.399929,-0.207891
2026-07-29 15:51:00.265,211.399798,0.000000,0.000000,0.000000,0.342818,-0.375003,-0.222449,0.142782,-0.366112,-0.226133,0.242800,-0.370557,-0.224291,0.215098,-0.410162,-0.189381,0.240757,-0.411167,-0.129510,0.268748,-0.405543,-0.188242
2026-07-29 15:51:00.365,211.499798,0.000000,0.000000,0.000000,0.335572,-0.376129,-0.241627,0.135954,-0.360205,-0.244972,0.235763,-0.368167,-0.243299,0.207211,-0.408802,-0.210431,0.232753,-0.413438,-0.150681,0.260955,-0.405544,-0.209049
2026-07-29 15:51:00.465,211.599798,0.000000,0.000000,0.000000,0.343637,-0.379105,-0.223086,0.143601,-0.370214,-0.226770,0.243619,-0.374659,-0.224928,0.215940,-0.415307,-0.190698,0.241488,-0.417307,-0.130258,0.269567,-0.409645,-0.188879
2026-07-29 15:51:00.565,211.699798,0.000000,0.000000,0.000000,0.334937,-0.372556,-0.240890,0.135396,-0.357653,-0.244197,0.235166,-0.365105,-0.242544,0.206575,-0.406238,-0.210425,0.232050,-0.410878,-0.150050,0.260320,-0.401971,-0.208312
2026-07-29 15:51:00.665,211.799798,0.000000,0.000000,0.000000,0.342216,-0.373965,-0.222046,0.142474,-0.365076,-0.225726,0.242345,-0.369520,-0.223886,0.214715,-0.408139,-0.189781,0.240303,-0.410135,-0.129247,0.268338,-0.403493,-0.187923
2026-07-29 15:51:00.765,211.899798,0.000000,0.000000,0.000000,0.335698,-0.374609,-0.241555,0.135863,-0.359695,-0.244867,0.235780,-0.367152,-0.243211,0.207119,-0.409300,-0.211057,0.232594,-0.413941,-0.150682,0.260864,-0.405033,-0.208944
2026-07-29 15:51:00.865,211.999798,0.000000,0.000000,0.000000,0.334790,-0.369504,-0.240502,0.135109,-0.356631,-0.243739,0.234950,-0.363068,-0.242120,0.206184,-0.404204,-0.209286,0.231659,-0.408844,-0.148914,0.259957,-0.399929,-0.207891
2026-07-29 15:51:00.965,212.099798,0.000000,0.000000,0.000000,0.336095,-0.374619,-0.241799,0.136121,-0.361736,-0.245040,0.236108,-0.368178,-0.243419,0.207329,-0.409305,-0.211255,0.232748,-0.414969,-0.150178,0.261046,-0.406054,-0.209155
2026-07-29 15:51:01.065,212.199798,0.000000,0.000000,0.000000,0.343842,-0.380130,-0.223245,0.143806,-0.371239,-0.226929,0.243824,-0.375685,-0.225087,0.216122,-0.415289,-0.190177,0.241727,-0.416239,-0.128875,0.269772,-0.410671,-0.189038
2026-07-29 15:51:01.165,212.299798,0.000000,0.000000,0.000000,0.335188,-0.369515,-0.240746,0.135214,-0.356632,-0.243987,0.235201,-0.363073,-0.242366,0.206395,-0.404208,-0.209483,0.231882,-0.408859,-0.148301,0.260138,-0.400950,-0.208102
2026-07-29 15:51:01.265,212.399797,0.000000,0.000000,0.000000,0.342613,-0.373978,-0.222289,0.142577,-0.365086,-0.225974,0.242595,-0.369532,-0.224132,0.214893,-0.409136,-0.189222,0.240471,-0.410059,-0.127203,0.268515,-0.404490,-0.187358
2026-07-29 15:51:01.365,212.499797,0.000000,0.000000,0.000000,0.335153,-0.371546,-0.240923,0.135472,-0.358673,-0.244160,0.235313,-0.365110,-0.242541,0.206547,-0.406245,-0.209707,0.232036,-0.409888,-0.147795,0.260292,-0.401979,-0.207587
2026-07-29 15:51:01.465,212.599797,0.000000,0.000000,0.000000,0.334790,-0.369504,-0.240502,0.135033,-0.355611,-0.243776,0.234912,-0.362558,-0.242139,0.206156,-0.405220,-0.209299,0.231673,-0.407846,-0.147374,0.259929,-0.399937,-0.207166
2026-07-29 15:51:01.565,212.699797,0.000000,0.000000,0.000000,0.335153,-0.371546,-0.240923,0.135396,-0.357653,-0.244197,0.235274,-0.364599,-0.242560,0.206547,-0.406245,-0.209707,0.231940,-0.410909,-0.147190,0.260292,-0.401979,-0.207587
2026-07-29 15:51:01.665,212.799797,0.000000,0.000000,0.000000,0.336242,-0.377671,-0.242187,0.136561,-0.364798,-0.245423,0.236401,-0.371235,-0.243805,0.207636,-0.412370,-0.210970,0.233097,-0.416021,-0.148342,0.261492,-0.407090,-0.208834
2026-07-29 15:51:01.765,212.899797,0.000000,0.000000,0.000000,0.335516,-0.373588,-0.241344,0.135758,-0.359694,-0.244618,0.235637,-0.366641,-0.242981,0.206939,-0.407271,-0.210115,0.232344,-0.411945,-0.146784,0.260766,-0.403007,-0.207992
2026-07-29 15:51:01.865,212.999797,0.000000,0.000000,0.000000,0.342626,-0.376016,-0.222364,0.142883,-0.367127,-0.226044,0.242755,-0.371571,-0.224204,0.215094,-0.411178,-0.189343,0.240594,-0.411001,-0.125215,0.268720,-0.405515,-0.187517
2026-07-29 15:51:01.965,213.099797,0.000000,0.000000,0.000000,0.335516,-0.373588,-0.241344,0.135758,-0.359694,-0.244618,0.235637,-0.366641,-0.242981,0.206910,-0.408287,-0.210128,0.231668,-0.410915,-0.145981,0.260655,-0.404020,-0.208008
2026-07-29 15:51:02.065,213.199797,0.000000,0.000000,0.000000,0.334972,-0.370525,-0.240713,0.135291,-0.357652,-0.243949,0.235131,-0.364089,-0.242331,0.207113,-0.404233,-0.209456,0.231124,-0.407852,-0.145349,0.260222,-0.399945,-0.207360
2026-07-29 15:51:02.165,213.299797,0.000000,0.000000,0.000000,0.335551,-0.371557,-0.241167,0.135500,-0.357653,-0.244446,0.235526,-0.364605,-0.242806,0.207446,-0.407291,-0.209890,0.231459,-0.409902,-0.145053,0.260473,-0.403000,-0.207798
2026-07-29 15:51:02.265,213.399796,0.000000,0.000000,0.000000,0.335335,-0.372567,-0.241134,0.135577,-0.358674,-0.244408,0.235456,-0.365620,-0.242771,0.207446,-0.407291,-0.209890,0.231527,-0.408888,-0.144939,0.260473,-0.403000,-0.207798
2026-07-29 15:51:02.365,213.499796,0.000000,0.000000,0.000000,0.335153,-0.371546,-0.240923,0.135396,-0.357653,-0.244197,0.235274,-0.364599,-0.242560,0.206519,-0.407261,-0.209720,0.230628,-0.407843,-0.144755,0.260292,-0.401979,-0.207587
2026-07-29 15:51:02.465,213.599796,0.000000,0.000000,0.000000,0.335516,-0.373588,-0.241344,0.135758,-0.359694,-0.244618,0.235637,-0.366641,-0.242981,0.207627,-0.408311,-0.210101,0.230859,-0.411912,-0.145406,0.260655,-0.404020,-0.208008
2026-07-29 15:51:02.565,213.699796,0.000000,0.000000,0.000000,0.335516,-0.373588,-0.241344,0.135835,-0.360715,-0.244581,0.235676,-0.367151,-0.242963,0.206882,-0.409303,-0.210142,0.230181,-0.410881,-0.144601,0.260655,-0.404020,-0.208008
2026-07-29 15:51:02.665,213.799796,0.000000,0.000000,0.000000,0.343227,-0.377054,-0.222767,0.143090,-0.367148,-0.226540,0.243159,-0.372101,-0.224654,0.215499,-0.414244,-0.189624,0.238844,-0.411960,-0.124120,0.269130,-0.407566,-0.187836
2026-07-29 15:51:02.765,213.899796,0.000000,0.000000,0.000000,0.335335,-0.372567,-0.241134,0.135577,-0.358674,-0.244408,0.235456,-0.365620,-0.242771,0.206729,-0.407266,-0.209918,0.230130,-0.407833,-0.144159,0.260585,-0.401986,-0.207781
2026-07-29 15:51:02.865,213.999796,0.000000,0.000000,0.000000,0.335698,-0.374609,-0.241555,0.135940,-0.360715,-0.244829,0.235819,-0.367662,-0.243192,0.207092,-0.409308,-0.210339,0.229710,-0.410864,-0.144723,0.260836,-0.405041,-0.208219
2026-07-29 15:51:02.965,214.099796,0.000000,0.000000,0.000000,0.335153,-0.371546,-0.240923,0.135396,-0.357653,-0.244197,0.235274,-0.364599,-0.242560,0.206547,-0.406245,-0.209707,0.229198,-0.407295,-0.144034,0.260292,-0.401979,-0.207587
2026-07-29 15:51:03.065,214.199796,0.000000,0.000000,0.000000,0.336095,-0.374619,-0.241799,0.136198,-0.362756,-0.245002,0.236147,-0.368688,-0.243400,0.207273,-0.410329,-0.210549,0.229956,-0.410871,-0.144818,0.261018,-0.406062,-0.208429
2026-07-29 15:51:03.165,214.299796,0.000000,0.000000,0.000000,0.343637,-0.379105,-0.223086,0.143601,-0.370214,-0.226770,0.243619,-0.374659,-0.224928,0.215886,-0.415252,-0.189262,0.238537,-0.414005,-0.124466,0.269540,-0.409617,-0.188154
2026-07-29 15:51:03.265,214.399796,0.000000,0.000000,0.000000,0.343227,-0.377054,-0.222767,0.143090,-0.367148,-0.226540,0.243159,-0.372101,-0.224654,0.215503,-0.413229,-0.189662,0.238206,-0.409915,-0.124019,0.269130,-0.407566,-0.187836
2026-07-29 15:51:03.365,214.499795,0.000000,0.000000,0.000000,0.335153,-0.371546,-0.240923,0.135396,-0.357653,-0.244197,0.235274,-0.364599,-0.242560,0.206547,-0.406245,-0.209707,0.229102,-0.408815,-0.144207,0.260292,-0.401979,-0.207587
2026-07-29 15:51:03.465,214.599795,0.000000,0.000000,0.000000,0.343227,-0.377054,-0.222767,0.143192,-0.368163,-0.226451,0.243210,-0.372608,-0.224609,0.215503,-0.413229,-0.189662,0.238167,-0.410935,-0.124083,0.269130,-0.407566,-0.187836
2026-07-29 15:51:03.565,214.699795,0.000000,0.000000,0.000000,0.335698,-0.374609,-0.241555,0.135940,-0.360715,-0.244829,0.235819,-0.367662,-0.243192,0.207035,-0.410332,-0.209635,0.229646,-0.411878,-0.144839,0.260836,-0.405041,-0.208219
2026-07-29 15:51:03.665,214.799795,0.000000,0.000000,0.000000,0.335153,-0.371546,-0.240923,0.135396,-0.357653,-0.244197,0.235274,-0.364599,-0.242560,0.206519,-0.407261,-0.209720,0.229166,-0.407802,-0.144091,0.260292,-0.401979,-0.207587
2026-07-29 15:51:03.765,214.899795,0.000000,0.000000,0.000000,0.341793,-0.369876,-0.221652,0.141758,-0.360984,-0.225337,0.241775,-0.365430,-0.223495,0.214038,-0.407039,-0.187792,0.235911,-0.405762,-0.122409,0.267696,-0.400388,-0.186721
2026-07-29 15:51:03.865,214.999795,0.000000,0.000000,0.000000,0.335153,-0.371546,-0.240923,0.135396,-0.357653,-0.244197,0.235274,-0.364599,-0.242560,0.206519,-0.407261,-0.209720,0.227519,-0.410802,-0.143778,0.260292,-0.401979,-0.207587
2026-07-29 15:51:03.965,215.099795,0.000000,0.000000,0.000000,0.343022,-0.376029,-0.222608,0.142987,-0.367137,-0.226292,0.243005,-0.371583,-0.224450,0.215294,-0.413219,-0.189465,0.236425,-0.411909,-0.123392,0.268925,-0.406541,-0.187677
2026-07-29 15:51:04.065,215.199795,0.000000,0.000000,0.000000,0.333883,-0.364400,-0.239449,0.134049,-0.349487,-0.242761,0.233966,-0.356943,-0.241105,0.205277,-0.399099,-0.208233,0.226310,-0.402642,-0.142187,0.259022,-0.394833,-0.206113
2026-07-29 15:51:04.165,215.299795,0.000000,0.000000,0.000000,0.335153,-0.371546,-0.240923,0.135472,-0.358673,-0.244160,0.235313,-0.365110,-0.242541,0.206491,-0.407269,-0.209003,0.227670,-0.408766,-0.144262,0.260292,-0.401979,-0.207587
2026-07-29 15:51:04.265,215.399795,0.000000,0.000000,0.000000,0.335300,-0.374598,-0.241311,0.135682,-0.358674,-0.244656,0.235491,-0.366636,-0.242984,0.206193,-0.408262,-0.210155,0.227971,-0.411822,-0.144798,0.260655,-0.404020,-0.208008
2026-07-29 15:51:04.365,215.499794,0.000000,0.000000,0.000000,0.335879,-0.375629,-0.241765,0.136121,-0.361736,-0.245040,0.236000,-0.368683,-0.243403,0.207244,-0.411345,-0.210563,0.228361,-0.413856,-0.145936,0.261129,-0.405049,-0.208413
2026-07-29 15:51:04.465,215.599794,0.000000,0.000000,0.000000,0.342421,-0.374990,-0.222205,0.142577,-0.365086,-0.225974,0.242499,-0.370038,-0.224089,0.214889,-0.410152,-0.189184,0.236107,-0.408894,-0.124442,0.268515,-0.404490,-0.187358
2026-07-29 15:51:04.565,215.699794,0.000000,0.000000,0.000000,0.335335,-0.372567,-0.241134,0.135577,-0.358674,-0.244408,0.235456,-0.365620,-0.242771,0.206700,-0.408282,-0.209931,0.227845,-0.410785,-0.146020,0.260473,-0.403000,-0.207798
2026-07-29 15:51:04.665,215.799794,0.000000,0.000000,0.000000,0.335879,-0.375629,-0.241765,0.136198,-0.362756,-0.245002,0.236039,-0.369193,-0.243384,0.207273,-0.410329,-0.210549,0.229230,-0.411845,-0.146398,0.261018,-0.406062,-0.208429
2026-07-29 15:51:04.765,215.899794,0.000000,0.000000,0.000000,0.334972,-0.370525,-0.240713,0.135214,-0.356632,-0.243987,0.235093,-0.363579,-0.242350,0.205649,-0.405200,-0.209524,0.228350,-0.406733,-0.146064,0.260111,-0.400958,-0.207377
2026-07-29 15:51:04.865,215.999794,0.000000,0.000000,0.000000,0.342818,-0.375003,-0.222449,0.142782,-0.366112,-0.226133,0.242800,-0.370557,-0.224291,0.214376,-0.411172,-0.189371,0.237072,-0.411028,-0.126784,0.268720,-0.405515,-0.187517
2026-07-29 15:51:04.965,216.099794,0.000000,0.000000,0.000000,0.334609,-0.368484,-0.240291,0.134851,-0.354590,-0.243566,0.234730,-0.361537,-0.241929,0.205258,-0.404174,-0.209116,0.228760,-0.404700,-0.147052,0.259748,-0.398916,-0.206956
2026-07-29 15:51:05.065,216.199794,0.000000,0.000000,0.000000,0.334937,-0.372556,-0.240890,0.135472,-0.358673,-0.244160,0.235205,-0.365615,-0.242525,0.205858,-0.405205,-0.209721,0.229396,-0.406741,-0.148293,0.260292,-0.401979,-0.207587
2026-07-29 15:51:05.165,216.299794,0.000000,0.000000,0.000000,0.334790,-0.369504,-0.240502,0.135033,-0.355611,-0.243776,0.234912,-0.362558,-0.242139,0.205467,-0.404179,-0.209313,0.228905,-0.406727,-0.148090,0.259818,-0.400950,-0.207183
2026-07-29 15:51:05.265,216.399794,0.000000,0.000000,0.000000,0.335335,-0.372567,-0.241134,0.135577,-0.358674,-0.244408,0.235456,-0.365620,-0.242771,0.206012,-0.407242,-0.209945,0.229476,-0.409782,-0.149439,0.260473,-0.403000,-0.207798
2026-07-29 15:51:05.365,216.499794,0.000000,0.000000,0.000000,0.335663,-0.376640,-0.241732,0.136121,-0.361736,-0.245040,0.235892,-0.369188,-0.243386,0.206528,-0.411320,-0.210590,0.230765,-0.412861,-0.150761,0.260906,-0.407075,-0.208446
2026-07-29 15:51:05.465,216.599793,0.000000,0.000000,0.000000,0.343036,-0.378066,-0.222683,0.143192,-0.368163,-0.226451,0.243114,-0.373115,-0.224567,0.214789,-0.412207,-0.189727,0.239062,-0.412182,-0.129855,0.269130,-0.407566,-0.187836
2026-07-29 15:51:05.565,216.699793,0.000000,0.000000,0.000000,0.335335,-0.372567,-0.241134,0.135577,-0.358674,-0.244408,0.235456,-0.365620,-0.242771,0.206012,-0.407242,-0.209945,0.230052,-0.412832,-0.151163,0.259639,-0.403988,-0.207842
2026-07-29 15:51:05.665,216.799793,0.000000,0.000000,0.000000,0.343036,-0.378066,-0.222683,0.143192,-0.368163,-0.226451,0.243114,-0.373115,-0.224567,0.214786,-0.413223,-0.189689,0.239749,-0.414281,-0.131368,0.268347,-0.408604,-0.188552
2026-07-29 15:51:05.765,216.899793,0.000000,0.000000,0.000000,0.335335,-0.372567,-0.241134,0.135500,-0.357653,-0.244446,0.235417,-0.365110,-0.242790,0.206012,-0.407242,-0.209945,0.230925,-0.410821,-0.151641,0.259667,-0.403980,-0.208566
2026-07-29 15:51:05.865,216.999793,0.000000,0.000000,0.000000,0.342408,-0.372952,-0.222130,0.142474,-0.365076,-0.225726,0.242441,-0.369014,-0.223928,0.213966,-0.409121,-0.189052,0.238971,-0.409160,-0.130678,0.267500,-0.404474,-0.187192
2026-07-29 15:51:05.965,217.099793,0.000000,0.000000,0.000000,0.334574,-0.370515,-0.240469,0.135033,-0.355611,-0.243776,0.234803,-0.363063,-0.242123,0.205440,-0.405195,-0.209327,0.230408,-0.407751,-0.151725,0.259123,-0.400918,-0.207934
2026-07-29 15:51:06.065,217.199793,0.000000,0.000000,0.000000,0.335153,-0.371546,-0.240923,0.135396,-0.357653,-0.244197,0.235274,-0.364599,-0.242560,0.205830,-0.406221,-0.209734,0.230771,-0.409793,-0.152147,0.259486,-0.402960,-0.208355
2026-07-29 15:51:06.165,217.299793,0.000000,0.000000,0.000000,0.342408,-0.372952,-0.222130,0.142372,-0.364061,-0.225814,0.242390,-0.368507,-0.223972,0.213966,-0.409121,-0.189052,0.239670,-0.410213,-0.131418,0.267528,-0.404502,-0.187915
2026-07-29 15:51:06.265,217.399793,0.000000,0.000000,0.000000,0.342408,-0.372952,-0.222130,0.142271,-0.363046,-0.225903,0.242339,-0.367999,-0.224017,0.214684,-0.409127,-0.189025,0.239714,-0.409194,-0.131366,0.267528,-0.404502,-0.187915
2026-07-29 15:51:06.365,217.499793,0.000000,0.000000,0.000000,0.335300,-0.374598,-0.241311,0.135758,-0.359694,-0.244618,0.235529,-0.367146,-0.242965,0.206910,-0.408287,-0.210128,0.231713,-0.413886,-0.152747,0.259849,-0.405001,-0.208777
2026-07-29 15:51:06.465,217.599792,0.000000,0.000000,0.000000,0.334790,-0.369504,-0.240502,0.135033,-0.355611,-0.243776,0.234912,-0.362558,-0.242139,0.206184,-0.404204,-0.209286,0.231866,-0.407792,-0.152387,0.259123,-0.400918,-0.207934
2026-07-29 15:51:06.565,217.699792,0.000000,0.000000,0.000000,0.335879,-0.375629,-0.241765,0.136121,-0.361736,-0.245040,0.236000,-0.368683,-0.243403,0.207302,-0.409312,-0.210536,0.232954,-0.413917,-0.153651,0.260211,-0.407043,-0.209198
2026-07-29 15:51:06.665,217.799792,0.000000,0.000000,0.000000,0.334574,-0.370515,-0.240469,0.135033,-0.355611,-0.243776,0.234803,-0.363063,-0.242123,0.206213,-0.403187,-0.209272,0.232581,-0.407817,-0.152360,0.259233,-0.399905,-0.207919
2026-07-29 15:51:06.765,217.899792,0.000000,0.000000,0.000000,0.342421,-0.374990,-0.222205,0.142577,-0.365086,-0.225974,0.242499,-0.370038,-0.224089,0.214893,-0.409136,-0.189222,0.241422,-0.409239,-0.132135,0.267776,-0.405020,-0.188093
2026-07-29 15:51:06.865,217.999792,0.000000,0.000000,0.000000,0.342818,-0.375003,-0.222449,0.142782,-0.366112,-0.226133,0.242800,-0.370557,-0.224291,0.215102,-0.409146,-0.189419,0.242371,-0.410298,-0.132983,0.267938,-0.406553,-0.188234
2026-07-29 15:51:06.965,218.099792,0.000000,0.000000,0.000000,0.335335,-0.372567,-0.241134,0.135577,-0.358674,-0.244408,0.235456,-0.365620,-0.242771,0.206757,-0.406250,-0.209904,0.234010,-0.408868,-0.153478,0.259777,-0.402967,-0.208551
2026-07-29 15:51:07.065,218.199792,0.000000,0.000000,0.000000,0.334756,-0.371536,-0.240679,0.135291,-0.357652,-0.243949,0.235023,-0.364594,-0.242314,0.206423,-0.403192,-0.209470,0.234437,-0.405838,-0.152928,0.258691,-0.400901,-0.208157
2026-07-29 15:51:07.165,218.299792,0.000000,0.000000,0.000000,0.334427,-0.367463,-0.240081,0.134670,-0.353569,-0.243355,0.234549,-0.360516,-0.241718,0.206598,-0.400154,-0.208811,0.233992,-0.401754,-0.152916,0.258037,-0.398852,-0.207541
2026-07-29 15:51:07.265,218.399792,0.000000,0.000000,0.000000,0.343009,-0.373991,-0.222533,0.142782,-0.366112,-0.226133,0.242896,-0.370051,-0.224333,0.215822,-0.409152,-0.189391,0.243880,-0.409319,-0.133596,0.267214,-0.406547,-0.188262
2026-07-29 15:51:07.365,218.499792,0.000000,0.000000,0.000000,0.335300,-0.374598,-0.241311,0.135682,-0.358674,-0.244656,0.235491,-0.366636,-0.242984,0.207687,-0.406279,-0.210074,0.235755,-0.408909,-0.154972,0.259235,-0.403963,-0.208789
2026-07-29 15:51:07.465,218.599792,0.000000,0.000000,0.000000,0.334790,-0.369504,-0.240502,0.134956,-0.354591,-0.243814,0.234873,-0.362048,-0.242158,0.206961,-0.402196,-0.209232,0.235747,-0.404850,-0.154102,0.258400,-0.400893,-0.207962
2026-07-29 15:51:07.565,218.699791,0.000000,0.000000,0.000000,0.334393,-0.369494,-0.240258,0.134928,-0.355611,-0.243528,0.234660,-0.362552,-0.241893,0.206750,-0.402191,-0.209035,0.235593,-0.403822,-0.154611,0.258328,-0.398859,-0.207736
2026-07-29 15:51:07.665,218.799791,0.000000,0.000000,0.000000,0.342613,-0.373978,-0.222289,0.142577,-0.365086,-0.225974,0.242595,-0.369532,-0.224132,0.215617,-0.408126,-0.189232,0.245267,-0.406323,-0.134724,0.267094,-0.404506,-0.188138
2026-07-29 15:51:07.765,218.899791,0.000000,0.000000,0.000000,0.335153,-0.371546,-0.240923,0.135319,-0.356632,-0.244235,0.235236,-0.364089,-0.242579,0.207354,-0.403221,-0.209639,0.236884,-0.406901,-0.155935,0.258872,-0.401921,-0.208368
2026-07-29 15:51:07.865,218.999791,0.000000,0.000000,0.000000,0.335481,-0.375619,-0.241522,0.136017,-0.361736,-0.244791,0.235749,-0.368677,-0.243156,0.208588,-0.407325,-0.210257,0.238146,-0.409988,-0.156539,0.259416,-0.404984,-0.208999
2026-07-29 15:51:07.965,219.099791,0.000000,0.000000,0.000000,0.335335,-0.372567,-0.241134,0.135577,-0.358674,-0.244408,0.235456,-0.365620,-0.242771,0.208225,-0.405283,-0.209836,0.237811,-0.407939,-0.156838,0.259053,-0.402942,-0.208578
2026-07-29 15:51:08.065,219.199791,0.000000,0.000000,0.000000,0.343432,-0.378080,-0.222926,0.143397,-0.369188,-0.226611,0.243414,-0.373634,-0.224768,0.217163,-0.411218,-0.189879,0.247581,-0.410492,-0.136746,0.267914,-0.408608,-0.188775
2026-07-29 15:51:08.165,219.299791,0.000000,0.000000,0.000000,0.335879,-0.375629,-0.241765,0.136045,-0.360716,-0.245077,0.235962,-0.368173,-0.243421,0.209489,-0.408370,-0.210440,0.239102,-0.411018,-0.158162,0.259598,-0.406005,-0.209210
2026-07-29 15:51:08.265,219.399791,0.000000,0.000000,0.000000,0.335153,-0.371546,-0.240923,0.135319,-0.356632,-0.244235,0.235236,-0.364089,-0.242579,0.208763,-0.404287,-0.209598,0.239201,-0.405938,-0.157918,0.258872,-0.401921,-0.208368
2026-07-29 15:51:08.365,219.499791,0.000000,0.000000,0.000000,0.335300,-0.374598,-0.241311,0.135682,-0.358674,-0.244656,0.235491,-0.366636,-0.242984,0.209126,-0.406328,-0.210019,0.239564,-0.407980,-0.158339,0.259235,-0.403963,-0.208789
2026-07-29 15:51:08.465,219.599791,0.000000,0.000000,0.000000,0.334609,-0.368484,-0.240291,0.134851,-0.354590,-0.243566,0.234730,-0.361537,-0.241929,0.208219,-0.401224,-0.208966,0.238684,-0.402868,-0.158007,0.258356,-0.398851,-0.208461
2026-07-29 15:51:08.565,219.699790,0.000000,0.000000,0.000000,0.334972,-0.370525,-0.240713,0.135214,-0.356632,-0.243987,0.235093,-0.363579,-0.242350,0.208582,-0.403266,-0.209387,0.239875,-0.403913,-0.159030,0.258828,-0.399879,-0.208868
2026-07-29 15:51:08.665,219.799790,0.000000,0.000000,0.000000,0.334790,-0.369504,-0.240502,0.134956,-0.354591,-0.243814,0.234873,-0.362048,-0.242158,0.208400,-0.402245,-0.209177,0.239694,-0.402892,-0.158819,0.257921,-0.398834,-0.208685
2026-07-29 15:51:08.765,219.899790,0.000000,0.000000,0.000000,0.342203,-0.371927,-0.221971,0.142167,-0.363035,-0.225655,0.242185,-0.367481,-0.223813,0.217367,-0.406093,-0.188831,0.247985,-0.403472,-0.139298,0.266797,-0.401468,-0.188581
2026-07-29 15:51:08.865,219.999790,0.000000,0.000000,0.000000,0.334427,-0.367463,-0.240081,0.134670,-0.353569,-0.243355,0.234549,-0.360516,-0.241718,0.208785,-0.400220,-0.209449,0.239358,-0.400842,-0.159120,0.257558,-0.396792,-0.208264
2026-07-29 15:51:08.965,220.099790,0.000000,0.000000,0.000000,0.334972,-0.370525,-0.240713,0.135291,-0.357652,-0.243949,0.235131,-0.364089,-0.242331,0.209329,-0.403283,-0.210081,0.240011,-0.402884,-0.160384,0.258103,-0.399855,-0.208895
2026-07-29 15:51:09.065,220.199790,0.000000,0.000000,0.000000,0.334790,-0.369504,-0.240502,0.135033,-0.355611,-0.243776,0.234912,-0.362558,-0.242139,0.209131,-0.402770,-0.209876,0.239749,-0.402876,-0.160263,0.257921,-0.398834,-0.208685
2026-07-29 15:51:09.165,220.299790,0.000000,0.000000,0.000000,0.335153,-0.371546,-0.240923,0.135472,-0.358673,-0.244160,0.235313,-0.365110,-0.242541,0.209510,-0.404304,-0.210291,0.240193,-0.403904,-0.160594,0.258284,-0.400875,-0.209106
2026-07-29 15:51:09.265,220.399790,0.000000,0.000000,0.000000,0.335481,-0.375619,-0.241522,0.136017,-0.361736,-0.244791,0.235749,-0.368677,-0.243156,0.210055,-0.407366,-0.210923,0.240684,-0.407973,-0.162037,0.258936,-0.402925,-0.209723
2026-07-29 15:51:09.365,220.499790,0.000000,0.000000,0.000000,0.335516,-0.373588,-0.241344,0.135758,-0.359694,-0.244618,0.235637,-0.366641,-0.242981,0.209873,-0.406345,-0.210712,0.240583,-0.405938,-0.161738,0.258755,-0.401904,-0.209513
2026-07-29 15:51:09.465,220.599790,0.000000,0.000000,0.000000,0.334574,-0.370515,-0.240469,0.135033,-0.355611,-0.243776,0.234803,-0.363063,-0.242123,0.209147,-0.402262,-0.209870,0.239777,-0.402868,-0.160984,0.258029,-0.397820,-0.208671
2026-07-29 15:51:09.565,220.699790,0.000000,0.000000,0.000000,0.342818,-0.375003,-0.222449,0.142782,-0.366112,-0.226133,0.242800,-0.370557,-0.224291,0.218017,-0.408181,-0.190067,0.248654,-0.406604,-0.141218,0.266769,-0.403523,-0.189124
2026-07-29 15:51:09.665,220.799789,0.000000,0.000000,0.000000,0.336242,-0.377671,-0.242187,0.136484,-0.363778,-0.245461,0.236363,-0.370724,-0.243824,0.210599,-0.410429,-0.211555,0.241228,-0.411035,-0.162669,0.259373,-0.407000,-0.210369
2026-07-29 15:51:09.765,220.899789,0.000000,0.000000,0.000000,0.335370,-0.370536,-0.240956,0.135472,-0.358673,-0.244160,0.235421,-0.364604,-0.242558,0.209510,-0.404304,-0.210291,0.240140,-0.404910,-0.161406,0.258284,-0.400875,-0.209106
2026-07-29 15:51:09.865,220.999789,0.000000,0.000000,0.000000,0.334246,-0.366442,-0.239870,0.134412,-0.351528,-0.243182,0.234329,-0.358985,-0.241526,0.209323,-0.399224,-0.209211,0.239232,-0.399806,-0.160353,0.257377,-0.395771,-0.208053
2026-07-29 15:51:09.965,221.099789,0.000000,0.000000,0.000000,0.336061,-0.376650,-0.241976,0.136303,-0.362757,-0.245250,0.236182,-0.369704,-0.243613,0.210418,-0.409408,-0.211344,0.241047,-0.410014,-0.162458,0.259191,-0.405980,-0.210159
2026-07-29 15:51:10.065,221.199789,0.000000,0.000000,0.000000,0.334575,-0.372541,-0.241163,0.135577,-0.358674,-0.244408,0.235076,-0.365607,-0.242785,0.209659,-0.406340,-0.210514,0.240321,-0.405931,-0.161616,0.258465,-0.401896,-0.209317
2026-07-29 15:51:10.165,221.299789,0.000000,0.000000,0.000000,0.334790,-0.369504,-0.240502,0.135033,-0.355611,-0.243776,0.234912,-0.362558,-0.242139,0.209164,-0.401754,-0.209864,0.239777,-0.402868,-0.160984,0.257921,-0.398834,-0.208685
2026-07-29 15:51:10.265,221.399789,0.000000,0.000000,0.000000,0.334972,-0.370525,-0.240713,0.135137,-0.355612,-0.244024,0.235055,-0.363068,-0.242369,0.209329,-0.403283,-0.210081,0.240039,-0.402876,-0.161107,0.258103,-0.399855,-0.208895
2026-07-29 15:51:10.365,221.499789,0.000000,0.000000,0.000000,0.343445,-0.380117,-0.223001,0.143601,-0.370214,-0.226770,0.243523,-0.375166,-0.224886,0.218828,-0.413299,-0.190666,0.249474,-0.410706,-0.141855,0.267505,-0.408641,-0.189724
2026-07-29 15:51:10.465,221.599789,0.000000,0.000000,0.000000,0.342011,-0.372939,-0.221887,0.142167,-0.363035,-0.225655,0.242089,-0.367987,-0.223771,0.217394,-0.406120,-0.189551,0.248011,-0.404574,-0.141497,0.266071,-0.401462,-0.188609
2026-07-29 15:51:10.565,221.699789,0.000000,0.000000,0.000000,0.335153,-0.371546,-0.240923,0.135396,-0.357653,-0.244197,0.235274,-0.364599,-0.242560,0.209510,-0.404304,-0.210291,0.239447,-0.404878,-0.162155,0.258392,-0.399862,-0.209092
2026-07-29 15:51:10.665,221.799788,0.000000,0.000000,0.000000,0.342613,-0.373978,-0.222289,0.142577,-0.365086,-0.225974,0.242595,-0.369532,-0.224132,0.217804,-0.408171,-0.189869,0.247756,-0.405600,-0.141808,0.266564,-0.402498,-0.188964
2026-07-29 15:51:10.765,221.899788,0.000000,0.000000,0.000000,0.335879,-0.375629,-0.241765,0.136121,-0.361736,-0.245040,0.236000,-0.368683,-0.243403,0.210236,-0.408387,-0.211134,0.240093,-0.409975,-0.163084,0.259010,-0.404959,-0.209948
2026-07-29 15:51:10.865,221.999788,0.000000,0.000000,0.000000,0.335698,-0.374609,-0.241555,0.135940,-0.360715,-0.244829,0.235819,-0.367662,-0.243192,0.210055,-0.407366,-0.210923,0.239912,-0.408954,-0.162874,0.258828,-0.403938,-0.209738
2026-07-29 15:51:10.965,222.099788,0.000000,0.000000,0.000000,0.335516,-0.373588,-0.241344,0.135758,-0.359694,-0.244618,0.235637,-0.366641,-0.242981,0.209906,-0.405329,-0.210700,0.239038,-0.407901,-0.163411,0.258755,-0.401904,-0.209513
2026-07-29 15:51:11.065,222.199788,0.000000,0.000000,0.000000,0.342818,-0.375003,-0.222449,0.142782,-0.366112,-0.226133,0.242800,-0.370557,-0.224291,0.218009,-0.409197,-0.190029,0.247213,-0.407666,-0.142751,0.266686,-0.404539,-0.189087
2026-07-29 15:51:11.165,222.299788,0.000000,0.000000,0.000000,0.334609,-0.368484,-0.240291,0.134851,-0.354590,-0.243566,0.234730,-0.361537,-0.241929,0.208966,-0.401241,-0.209660,0.238131,-0.402796,-0.162358,0.257740,-0.397813,-0.208474
2026-07-29 15:51:11.265,222.399788,0.000000,0.000000,0.000000,0.334394,-0.371520,-0.240952,0.135396,-0.357653,-0.244197,0.234895,-0.364586,-0.242575,0.209544,-0.403288,-0.210279,0.238754,-0.404845,-0.162904,0.258284,-0.400875,-0.209106
2026-07-29 15:51:11.365,222.499788,0.000000,0.000000,0.000000,0.343022,-0.376029,-0.222608,0.142987,-0.367137,-0.226292,0.243005,-0.371583,-0.224450,0.218222,-0.409206,-0.190227,0.247418,-0.408692,-0.142910,0.266165,-0.405558,-0.189274
2026-07-29 15:51:11.465,222.599788,0.000000,0.000000,0.000000,0.335335,-0.372567,-0.241134,0.135500,-0.357653,-0.244446,0.235417,-0.365110,-0.242790,0.209692,-0.405324,-0.210502,0.238857,-0.406880,-0.163201,0.257740,-0.401872,-0.209344
2026-07-29 15:51:11.565,222.699788,0.000000,0.000000,0.000000,0.335844,-0.377661,-0.241943,0.136303,-0.362757,-0.245250,0.236074,-0.370209,-0.243596,0.210451,-0.408392,-0.211332,0.239583,-0.410963,-0.164043,0.258573,-0.404941,-0.210172
2026-07-29 15:51:11.665,222.799788,0.000000,0.000000,0.000000,0.335153,-0.371546,-0.240923,0.135396,-0.357653,-0.244197,0.235274,-0.364599,-0.242560,0.210264,-0.403312,-0.210251,0.238754,-0.404845,-0.162904,0.257666,-0.399837,-0.209119
2026-07-29 15:51:11.765,222.899787,0.000000,0.000000,0.000000,0.342613,-0.373978,-0.222289,0.142577,-0.365086,-0.225974,0.242595,-0.369532,-0.224132,0.218534,-0.407161,-0.189880,0.247008,-0.406641,-0.142591,0.265755,-0.403507,-0.188955
2026-07-29 15:51:11.865,222.999787,0.000000,0.000000,0.000000,0.335516,-0.373588,-0.241344,0.135682,-0.358674,-0.244656,0.235599,-0.366131,-0.243000,0.210627,-0.405354,-0.210673,0.239038,-0.407901,-0.163411,0.257922,-0.402892,-0.209555
2026-07-29 15:51:11.965,223.099787,0.000000,0.000000,0.000000,0.335481,-0.375619,-0.241522,0.135940,-0.360715,-0.244829,0.235711,-0.368167,-0.243175,0.210808,-0.406375,-0.210883,0.239298,-0.407908,-0.163536,0.258103,-0.403913,-0.209765
2026-07-29 15:51:12.065,223.199787,0.000000,0.000000,0.000000,0.342613,-0.373978,-0.222289,0.142678,-0.366101,-0.225885,0.242646,-0.370040,-0.224087,0.218534,-0.407161,-0.189880,0.247035,-0.405595,-0.141835,0.265838,-0.402492,-0.188992
2026-07-29 15:51:12.165,223.299787,0.000000,0.000000,0.000000,0.335516,-0.373588,-0.241344,0.135758,-0.359694,-0.244618,0.235637,-0.366641,-0.242981,0.210593,-0.406370,-0.210685,0.239061,-0.406903,-0.161882,0.257922,-0.402892,-0.209555
2026-07-29 15:51:12.265,223.399787,0.000000,0.000000,0.000000,0.335516,-0.373588,-0.241344,0.135758,-0.359694,-0.244618,0.235637,-0.366641,-0.242981,0.210627,-0.405354,-0.210673,0.239140,-0.405889,-0.161793,0.258647,-0.402917,-0.209527
2026-07-29 15:51:12.365,223.499787,0.000000,0.000000,0.000000,0.343842,-0.380130,-0.223245,0.143908,-0.372254,-0.226840,0.243875,-0.376192,-0.225043,0.219763,-0.413314,-0.190836,0.247541,-0.410667,-0.141338,0.267067,-0.408645,-0.189948
2026-07-29 15:51:12.465,223.599787,0.000000,0.000000,0.000000,0.335516,-0.373588,-0.241344,0.135758,-0.359694,-0.244618,0.235637,-0.366641,-0.242981,0.210599,-0.405362,-0.209951,0.238352,-0.406379,-0.161143,0.258029,-0.401879,-0.209541
2026-07-29 15:51:12.565,223.699787,0.000000,0.000000,0.000000,0.342818,-0.375003,-0.222449,0.142782,-0.366112,-0.226133,0.242800,-0.370557,-0.224291,0.218711,-0.408159,-0.189318,0.245767,-0.405506,-0.139847,0.266015,-0.403490,-0.188425
2026-07-29 15:51:12.665,223.799787,0.000000,0.000000,0.000000,0.334609,-0.368484,-0.240291,0.134851,-0.354590,-0.243566,0.234730,-0.361537,-0.241929,0.209692,-0.400257,-0.208898,0.235909,-0.401748,-0.158746,0.257094,-0.396783,-0.207760
2026-07-29 15:51:12.765,223.899786,0.000000,0.000000,0.000000,0.334972,-0.370525,-0.240713,0.135214,-0.356632,-0.243987,0.235093,-0.363579,-0.242350,0.210089,-0.401283,-0.209305,0.236244,-0.403797,-0.158445,0.257457,-0.398824,-0.208181
2026-07-29 15:51:12.865,223.999786,0.000000,0.000000,0.000000,0.335732,-0.372577,-0.241378,0.135758,-0.359694,-0.244618,0.235745,-0.366136,-0.242998,0.210634,-0.404346,-0.209937,0.236068,-0.406835,-0.159104,0.258727,-0.401912,-0.208786
2026-07-29 15:51:12.965,224.099786,0.000000,0.000000,0.000000,0.334972,-0.370525,-0.240713,0.135291,-0.357652,-0.243949,0.235131,-0.364089,-0.242331,0.210089,-0.401283,-0.209305,0.235496,-0.403781,-0.157751,0.257563,-0.397811,-0.208166
2026-07-29 15:51:13.065,224.199786,0.000000,0.000000,0.000000,0.334212,-0.370499,-0.240742,0.135214,-0.356632,-0.243987,0.234713,-0.363566,-0.242364,0.210089,-0.401283,-0.209305,0.235468,-0.403788,-0.157029,0.257457,-0.398824,-0.208181
2026-07-29 15:51:13.165,224.299786,0.000000,0.000000,0.000000,0.341601,-0.370888,-0.221568,0.141758,-0.360984,-0.225337,0.241679,-0.365936,-0.223452,0.217724,-0.402044,-0.189282,0.242439,-0.400222,-0.135521,0.265801,-0.397353,-0.187636
2026-07-29 15:51:13.265,224.399786,0.000000,0.000000,0.000000,0.336640,-0.377682,-0.242430,0.136666,-0.364799,-0.245671,0.236653,-0.371240,-0.244051,0.211569,-0.409442,-0.211713,0.236171,-0.411938,-0.158019,0.259634,-0.407016,-0.209838
2026-07-29 15:51:13.365,224.499786,0.000000,0.000000,0.000000,0.342613,-0.373978,-0.222289,0.142577,-0.365086,-0.225974,0.242595,-0.369532,-0.224132,0.218543,-0.406146,-0.189919,0.243135,-0.406333,-0.135527,0.266537,-0.402470,-0.188238
2026-07-29 15:51:13.465,224.599786,0.000000,0.000000,0.000000,0.336277,-0.375640,-0.242009,0.136303,-0.362757,-0.245250,0.236290,-0.369198,-0.243630,0.211206,-0.407400,-0.211292,0.235681,-0.410926,-0.156252,0.259271,-0.404974,-0.209417
2026-07-29 15:51:13.565,224.699786,0.000000,0.000000,0.000000,0.334574,-0.370515,-0.240469,0.135109,-0.356631,-0.243739,0.234842,-0.363573,-0.242104,0.209214,-0.400230,-0.209845,0.234555,-0.401753,-0.154582,0.258109,-0.396815,-0.207928
2026-07-29 15:51:13.665,224.799786,0.000000,0.000000,0.000000,0.334937,-0.372556,-0.240890,0.135319,-0.356632,-0.244235,0.235128,-0.364594,-0.242562,0.210298,-0.402296,-0.210239,0.234818,-0.404816,-0.154380,0.258472,-0.398856,-0.208349
2026-07-29 15:51:13.765,224.899786,0.000000,0.000000,0.000000,0.343022,-0.376029,-0.222608,0.142987,-0.367137,-0.226292,0.243005,-0.371583,-0.224450,0.218231,-0.408191,-0.190265,0.243490,-0.408329,-0.134405,0.267030,-0.403506,-0.188592
2026-07-29 15:51:13.865,224.999785,0.000000,0.000000,0.000000,0.335516,-0.373588,-0.241344,0.135835,-0.360715,-0.244581,0.235676,-0.367151,-0.242963,0.209940,-0.404313,-0.210687,0.235153,-0.406865,-0.154079,0.258835,-0.400898,-0.208770
2026-07-29 15:51:13.965,225.099785,0.000000,0.000000,0.000000,0.334790,-0.369504,-0.240502,0.135033,-0.355611,-0.243776,0.234912,-0.362558,-0.242139,0.209214,-0.400230,-0.209845,0.234283,-0.404809,-0.153437,0.258109,-0.396815,-0.207928
2026-07-29 15:51:14.065,225.199785,0.000000,0.000000,0.000000,0.344047,-0.381156,-0.223404,0.144113,-0.373280,-0.226999,0.244080,-0.377218,-0.225202,0.218533,-0.413312,-0.191089,0.244364,-0.415438,-0.133861,0.268782,-0.408639,-0.189360
2026-07-29 15:51:14.165,225.299785,0.000000,0.000000,0.000000,0.343022,-0.376029,-0.222608,0.142987,-0.367137,-0.226292,0.243005,-0.371583,-0.224450,0.217509,-0.408185,-0.190293,0.243340,-0.410311,-0.133065,0.267758,-0.403512,-0.188564
2026-07-29 15:51:14.265,225.399785,0.000000,0.000000,0.000000,0.335370,-0.370536,-0.240956,0.135396,-0.357653,-0.244197,0.235383,-0.364094,-0.242577,0.208823,-0.403263,-0.210306,0.235116,-0.409924,-0.153416,0.259200,-0.398881,-0.208321
2026-07-29 15:51:14.365,225.499785,0.000000,0.000000,0.000000,0.334790,-0.369504,-0.240502,0.135033,-0.355611,-0.243776,0.234912,-0.362558,-0.242139,0.208460,-0.401221,-0.209885,0.234726,-0.407890,-0.152278,0.258837,-0.396840,-0.207900
2026-07-29 15:51:14.465,225.599785,0.000000,0.000000,0.000000,0.342626,-0.376016,-0.222364,0.142782,-0.366112,-0.226133,0.242704,-0.371064,-0.224249,0.217289,-0.409191,-0.190056,0.243679,-0.412320,-0.132314,0.267553,-0.402486,-0.188405
2026-07-29 15:51:14.565,225.699785,0.000000,0.000000,0.000000,0.334790,-0.369504,-0.240502,0.135109,-0.356631,-0.243739,0.234950,-0.363068,-0.242120,0.208428,-0.402237,-0.209898,0.234799,-0.406876,-0.152176,0.259564,-0.396864,-0.207873
2026-07-29 15:51:14.665,225.799785,0.000000,0.000000,0.000000,0.342831,-0.377041,-0.222524,0.142987,-0.367137,-0.226292,0.242909,-0.372089,-0.224408,0.216780,-0.409195,-0.190282,0.243954,-0.411280,-0.131654,0.268400,-0.404533,-0.188500
2026-07-29 15:51:14.765,225.899785,0.000000,0.000000,0.000000,0.335153,-0.371546,-0.240923,0.135396,-0.357653,-0.244197,0.235274,-0.364599,-0.242560,0.208102,-0.403238,-0.210334,0.235061,-0.409939,-0.151983,0.259817,-0.399919,-0.208309
2026-07-29 15:51:14.865,225.999784,0.000000,0.000000,0.000000,0.342818,-0.375003,-0.222449,0.142782,-0.366112,-0.226133,0.242800,-0.370557,-0.224291,0.216542,-0.409157,-0.189363,0.243652,-0.412292,-0.131600,0.268195,-0.403507,-0.188341
2026-07-29 15:51:14.965,226.099784,0.000000,0.000000,0.000000,0.334937,-0.372556,-0.240890,0.135396,-0.357653,-0.244197,0.235166,-0.365105,-0.242544,0.208040,-0.405270,-0.210358,0.235061,-0.409939,-0.151983,0.259817,-0.399919,-0.208309
2026-07-29 15:51:15.065,226.199784,0.000000,0.000000,0.000000,0.335153,-0.371546,-0.240923,0.135472,-0.358673,-0.244160,0.235313,-0.365110,-0.242541,0.208102,-0.403238,-0.210334,0.235061,-0.409939,-0.151983,0.259817,-0.399919,-0.208309
2026-07-29 15:51:15.165,226.299784,0.000000,0.000000,0.000000,0.335879,-0.375629,-0.241765,0.136121,-0.361736,-0.245040,0.236000,-0.368683,-0.243403,0.208797,-0.408338,-0.211188,0.235759,-0.414030,-0.152109,0.260542,-0.404003,-0.209151
2026-07-29 15:51:15.265,226.399784,0.000000,0.000000,0.000000,0.342421,-0.374990,-0.222205,0.142678,-0.366101,-0.225885,0.242550,-0.370546,-0.224045,0.216358,-0.409176,-0.189886,0.243468,-0.410220,-0.130672,0.267990,-0.402482,-0.188182
2026-07-29 15:51:15.365,226.499784,0.000000,0.000000,0.000000,0.335516,-0.373588,-0.241344,0.135835,-0.360715,-0.244581,0.235676,-0.367151,-0.242963,0.207745,-0.405255,-0.210782,0.235396,-0.411989,-0.151688,0.260069,-0.402975,-0.208746
2026-07-29 15:51:15.465,226.599784,0.000000,0.000000,0.000000,0.335335,-0.372567,-0.241134,0.135577,-0.358674,-0.244408,0.235456,-0.365620,-0.242771,0.207563,-0.404235,-0.210572,0.235142,-0.411981,-0.151582,0.259888,-0.401954,-0.208535
2026-07-29 15:51:15.565,226.699784,0.000000,0.000000,0.000000,0.334972,-0.370525,-0.240713,0.135214,-0.356632,-0.243987,0.235093,-0.363579,-0.242350,0.207170,-0.403209,-0.210163,0.234706,-0.410953,-0.151266,0.259525,-0.399912,-0.208114
2026-07-29 15:51:15.665,226.799784,0.000000,0.000000,0.000000,0.335153,-0.371546,-0.240923,0.135396,-0.357653,-0.244197,0.235274,-0.364599,-0.242560,0.207322,-0.405246,-0.210386,0.234319,-0.409923,-0.151294,0.259706,-0.400933,-0.208325
2026-07-29 15:51:15.765,226.899784,0.000000,0.000000,0.000000,0.335335,-0.372567,-0.241134,0.135577,-0.358674,-0.244408,0.235456,-0.365620,-0.242771,0.207533,-0.405251,-0.210584,0.234428,-0.411957,-0.151610,0.259888,-0.401954,-0.208535
2026-07-29 15:51:15.865,226.999784,0.000000,0.000000,0.000000,0.335118,-0.373577,-0.241100,0.135577,-0.358674,-0.244408,0.235348,-0.366125,-0.242754,0.207533,-0.405251,-0.210584,0.234428,-0.411957,-0.151610,0.259998,-0.400940,-0.208520
2026-07-29 15:51:15.965,227.099783,0.000000,0.000000,0.000000,0.334937,-0.372556,-0.240890,0.135396,-0.357653,-0.244197,0.235166,-0.365105,-0.242544,0.207352,-0.404230,-0.210373,0.234246,-0.410936,-0.151399,0.259706,-0.400933,-0.208325
2026-07-29 15:51:16.065,227.199783,0.000000,0.000000,0.000000,0.334609,-0.368484,-0.240291,0.134851,-0.354590,-0.243566,0.234730,-0.361537,-0.241929,0.206808,-0.401167,-0.209742,0.233702,-0.407874,-0.150767,0.259162,-0.397870,-0.207693
2026-07-29 15:51:16.165,227.299783,0.000000,0.000000,0.000000,0.343240,-0.379092,-0.222842,0.143397,-0.369188,-0.226611,0.243319,-0.374140,-0.224726,0.216464,-0.412256,-0.190589,0.243498,-0.415308,-0.130676,0.268724,-0.407599,-0.188783
2026-07-29 15:51:16.265,227.399783,0.000000,0.000000,0.000000,0.335153,-0.371546,-0.240923,0.135396,-0.357653,-0.244197,0.235274,-0.364599,-0.242560,0.207322,-0.405246,-0.210386,0.234219,-0.410944,-0.150684,0.259706,-0.400933,-0.208325
2026-07-29 15:51:16.365,227.499783,0.000000,0.000000,0.000000,0.335153,-0.371546,-0.240923,0.135472,-0.358673,-0.244160,0.235313,-0.365110,-0.242541,0.207322,-0.405246,-0.210386,0.233532,-0.410912,-0.151426,0.259706,-0.400933,-0.208325
2026-07-29 15:51:16.465,227.599783,0.000000,0.000000,0.000000,0.334609,-0.368484,-0.240291,0.134851,-0.354590,-0.243566,0.234730,-0.361537,-0.241929,0.206793,-0.401675,-0.209748,0.233059,-0.406836,-0.150690,0.259272,-0.396857,-0.207677
2026-07-29 15:51:16.565,227.699783,0.000000,0.000000,0.000000,0.334937,-0.372556,-0.240890,0.135396,-0.357653,-0.244197,0.235166,-0.365105,-0.242544,0.207352,-0.404230,-0.210373,0.233505,-0.410919,-0.150711,0.259706,-0.400933,-0.208325
2026-07-29 15:51:16.665,227.799783,0.000000,0.000000,0.000000,0.342216,-0.373965,-0.222046,0.142372,-0.364061,-0.225814,0.242294,-0.369013,-0.223930,0.215439,-0.407128,-0.189793,0.241759,-0.410175,-0.129907,0.267614,-0.403487,-0.187951
2026-07-29 15:51:16.765,227.899783,0.000000,0.000000,0.000000,0.334574,-0.370515,-0.240469,0.135033,-0.355611,-0.243776,0.234803,-0.363063,-0.242123,0.206959,-0.403204,-0.209965,0.233142,-0.408878,-0.150290,0.259343,-0.398891,-0.207903
2026-07-29 15:51:16.865,227.999783,0.000000,0.000000,0.000000,0.335879,-0.375629,-0.241765,0.136121,-0.361736,-0.245040,0.236000,-0.368683,-0.243403,0.208048,-0.409329,-0.211228,0.234302,-0.413989,-0.151448,0.260432,-0.405016,-0.209167
2026-07-29 15:51:16.965,228.099782,0.000000,0.000000,0.000000,0.343432,-0.378080,-0.222926,0.143397,-0.369188,-0.226611,0.243414,-0.373634,-0.224768,0.216464,-0.412256,-0.190589,0.242783,-0.415302,-0.130703,0.268724,-0.407599,-0.188783
2026-07-29 15:51:17.065,228.199782,0.000000,0.000000,0.000000,0.335335,-0.372567,-0.241134,0.135577,-0.358674,-0.244408,0.235456,-0.365620,-0.242771,0.207533,-0.405251,-0.210584,0.233686,-0.411940,-0.150922,0.259888,-0.401954,-0.208535
2026-07-29 15:51:17.165,228.299782,0.000000,0.000000,0.000000,0.343227,-0.377054,-0.222767,0.143192,-0.368163,-0.226451,0.243210,-0.372608,-0.224609,0.216254,-0.412246,-0.190391,0.242532,-0.415296,-0.130598,0.268519,-0.406573,-0.188624
2026-07-29 15:51:17.265,228.399782,0.000000,0.000000,0.000000,0.334574,-0.370515,-0.240469,0.135033,-0.355611,-0.243776,0.234803,-0.363063,-0.242123,0.206959,-0.403204,-0.209965,0.233142,-0.408878,-0.150290,0.259343,-0.398891,-0.207903
2026-07-29 15:51:17.365,228.499782,0.000000,0.000000,0.000000,0.335698,-0.374609,-0.241555,0.135940,-0.360715,-0.244829,0.235819,-0.367662,-0.243192,0.207866,-0.408308,-0.211018,0.234022,-0.413990,-0.150628,0.260140,-0.405009,-0.208972
2026-07-29 15:51:17.465,228.599782,0.000000,0.000000,0.000000,0.334937,-0.372556,-0.240890,0.135396,-0.357653,-0.244197,0.235166,-0.365105,-0.242544,0.207322,-0.405246,-0.210386,0.232764,-0.410903,-0.150023,0.260320,-0.401971,-0.208312
2026-07-29 15:51:17.565,228.699782,0.000000,0.000000,0.000000,0.343432,-0.378080,-0.222926,0.143397,-0.369188,-0.226611,0.243414,-0.373634,-0.224768,0.216464,-0.412256,-0.190589,0.242042,-0.415269,-0.130016,0.268724,-0.407599,-0.188783
2026-07-29 15:51:17.665,228.799782,0.000000,0.000000,0.000000,0.342408,-0.372952,-0.222130,0.142372,-0.364061,-0.225814,0.242390,-0.368507,-0.223972,0.215434,-0.408144,-0.189754,0.241018,-0.410141,-0.129220,0.267699,-0.402471,-0.187987
2026-07-29 15:51:17.765,228.899782,0.000000,0.000000,0.000000,0.343227,-0.377054,-0.222767,0.143192,-0.368163,-0.226451,0.243210,-0.372608,-0.224609,0.216254,-0.412246,-0.190391,0.241882,-0.413224,-0.129801,0.268519,-0.406573,-0.188624
2026-07-29 15:51:17.865,228.999782,0.000000,0.000000,0.000000,0.335153,-0.371546,-0.240923,0.135396,-0.357653,-0.244197,0.235274,-0.364599,-0.242560,0.207322,-0.405246,-0.210386,0.232764,-0.410903,-0.150023,0.259706,-0.400933,-0.208325
2026-07-29 15:51:17.965,229.099782,0.000000,0.000000,0.000000,0.343036,-0.378066,-0.222683,0.143090,-0.367148,-0.226540,0.243063,-0.372607,-0.224612,0.216259,-0.411230,-0.190430,0.241837,-0.414243,-0.129857,0.269157,-0.407594,-0.188560
2026-07-29 15:51:18.065,229.199781,0.000000,0.000000,0.000000,0.335879,-0.375629,-0.241765,0.136198,-0.362756,-0.245002,0.236039,-0.369193,-0.243384,0.208048,-0.409329,-0.211228,0.233462,-0.414994,-0.150150,0.260432,-0.405016,-0.209167
2026-07-29 15:51:18.165,229.299781,0.000000,0.000000,0.000000,0.334972,-0.370525,-0.240713,0.135214,-0.356632,-0.243987,0.235093,-0.363579,-0.242350,0.207141,-0.404225,-0.210175,0.232624,-0.408876,-0.148990,0.259525,-0.399912,-0.208114
2026-07-29 15:51:18.265,229.399781,0.000000,0.000000,0.000000,0.335153,-0.371546,-0.240923,0.135396,-0.357653,-0.244197,0.235274,-0.364599,-0.242560,0.207294,-0.405254,-0.209666,0.232736,-0.410911,-0.149308,0.259706,-0.400933,-0.208325
2026-07-29 15:51:18.365,229.499781,0.000000,0.000000,0.000000,0.335118,-0.373577,-0.241100,0.135577,-0.358674,-0.244408,0.235348,-0.366125,-0.242754,0.207476,-0.406275,-0.209877,0.232918,-0.411931,-0.149519,0.259888,-0.401954,-0.208535
2026-07-29 15:51:18.465,229.599781,0.000000,0.000000,0.000000,0.343036,-0.378066,-0.222683,0.143192,-0.368163,-0.226451,0.243114,-0.373115,-0.224567,0.216232,-0.411202,-0.189710,0.241855,-0.413196,-0.129085,0.268519,-0.406573,-0.188624
2026-07-29 15:51:18.565,229.699781,0.000000,0.000000,0.000000,0.343022,-0.376029,-0.222608,0.142987,-0.367137,-0.226292,0.243005,-0.371583,-0.224450,0.216027,-0.410177,-0.189550,0.241560,-0.414209,-0.129040,0.268228,-0.406563,-0.188429
2026-07-29 15:51:18.665,229.799781,0.000000,0.000000,0.000000,0.343036,-0.378066,-0.222683,0.143192,-0.368163,-0.226451,0.243114,-0.373115,-0.224567,0.216232,-0.411202,-0.189710,0.241855,-0.413196,-0.129085,0.268519,-0.406573,-0.188624
2026-07-29 15:51:18.765,229.899781,0.000000,0.000000,0.000000,0.334574,-0.370515,-0.240469,0.135033,-0.355611,-0.243776,0.234803,-0.363063,-0.242123,0.206961,-0.402196,-0.209232,0.232443,-0.407855,-0.148779,0.259343,-0.398891,-0.207903
2026-07-29 15:51:18.865,229.999781,0.000000,0.000000,0.000000,0.335153,-0.371546,-0.240923,0.135396,-0.357653,-0.244197,0.235274,-0.364599,-0.242560,0.207294,-0.405254,-0.209666,0.232091,-0.409872,-0.149227,0.259706,-0.400933,-0.208325
2026-07-29 15:51:18.965,230.099781,0.000000,0.000000,0.000000,0.335516,-0.373588,-0.241344,0.135682,-0.358674,-0.244656,0.235599,-0.366131,-0.243000,0.207687,-0.406279,-0.210074,0.232454,-0.411914,-0.149648,0.260069,-0.402975,-0.208746
2026-07-29 15:51:19.065,230.199780,0.000000,0.000000,0.000000,0.334790,-0.369504,-0.240502,0.135033,-0.355611,-0.243776,0.234912,-0.362558,-0.242139,0.206961,-0.402196,-0.209232,0.231659,-0.408844,-0.148914,0.259343,-0.398891,-0.207903
2026-07-29 15:51:19.165,230.299780,0.000000,0.000000,0.000000,0.334972,-0.370525,-0.240713,0.135214,-0.356632,-0.243987,0.235093,-0.363579,-0.242350,0.207143,-0.403217,-0.209442,0.231909,-0.408852,-0.149017,0.259525,-0.399912,-0.208114
2026-07-29 15:51:19.265,230.399780,0.000000,0.000000,0.000000,0.342613,-0.373978,-0.222289,0.142476,-0.364071,-0.226062,0.242544,-0.369025,-0.224176,0.215617,-0.408126,-0.189232,0.240481,-0.411133,-0.128692,0.267904,-0.403497,-0.188146
2026-07-29 15:51:19.365,230.499780,0.000000,0.000000,0.000000,0.343022,-0.376029,-0.222608,0.142987,-0.367137,-0.226292,0.243005,-0.371583,-0.224450,0.216027,-0.410177,-0.189550,0.240891,-0.413184,-0.129010,0.268314,-0.405548,-0.188465
2026-07-29 15:51:19.465,230.599780,0.000000,0.000000,0.000000,0.335516,-0.373588,-0.241344,0.135758,-0.359694,-0.244618,0.235637,-0.366641,-0.242981,0.207687,-0.406279,-0.210074,0.232385,-0.412928,-0.149756,0.259959,-0.403988,-0.208761
2026-07-29 15:51:19.565,230.699780,0.000000,0.000000,0.000000,0.336061,-0.376650,-0.241976,0.136303,-0.362757,-0.245250,0.236182,-0.369704,-0.243613,0.208231,-0.409342,-0.210706,0.232929,-0.415990,-0.150388,0.260614,-0.406037,-0.209377
2026-07-29 15:51:19.665,230.799780,0.000000,0.000000,0.000000,0.335300,-0.374598,-0.241311,0.135758,-0.359694,-0.244618,0.235529,-0.367146,-0.242965,0.207687,-0.406279,-0.210074,0.232385,-0.412928,-0.149756,0.259959,-0.403988,-0.208761
2026-07-29 15:51:19.765,230.899780,0.000000,0.000000,0.000000,0.342203,-0.371927,-0.221971,0.142167,-0.363035,-0.225655,0.242185,-0.367481,-0.223813,0.215229,-0.407119,-0.189595,0.240098,-0.409110,-0.129088,0.267494,-0.401446,-0.187828
2026-07-29 15:51:19.865,230.999780,0.000000,0.000000,0.000000,0.336095,-0.374619,-0.241799,0.136198,-0.362756,-0.245002,0.236147,-0.368688,-0.243400,0.208107,-0.407297,-0.211203,0.232844,-0.413948,-0.150786,0.260432,-0.405016,-0.209167
2026-07-29 15:51:19.965,231.099780,0.000000,0.000000,0.000000,0.334393,-0.369494,-0.240258,0.134851,-0.354590,-0.243566,0.234622,-0.362042,-0.241912,0.206089,-0.400134,-0.209035,0.231505,-0.407816,-0.149419,0.259052,-0.398884,-0.207708
2026-07-29 15:51:20.065,231.199780,0.000000,0.000000,0.000000,0.335153,-0.371546,-0.240923,0.135396,-0.357653,-0.244197,0.235274,-0.364599,-0.242560,0.207324,-0.404238,-0.209653,0.232833,-0.409889,-0.149916,0.259596,-0.401946,-0.208340
2026-07-29 15:51:20.165,231.299779,0.000000,0.000000,0.000000,0.335153,-0.371546,-0.240923,0.135396,-0.357653,-0.244197,0.235274,-0.364599,-0.242560,0.206632,-0.404205,-0.210401,0.232764,-0.410903,-0.150023,0.260320,-0.401971,-0.208312
2026-07-29 15:51:20.265,231.399779,0.000000,0.000000,0.000000,0.335481,-0.375619,-0.241522,0.136017,-0.361736,-0.244791,0.235749,-0.368677,-0.243156,0.207177,-0.407268,-0.211033,0.233308,-0.413965,-0.150655,0.260753,-0.406047,-0.208960
2026-07-29 15:51:20.365,231.499779,0.000000,0.000000,0.000000,0.335516,-0.373588,-0.241344,0.135835,-0.360715,-0.244581,0.235676,-0.367151,-0.242963,0.206995,-0.406247,-0.210822,0.232481,-0.411906,-0.150365,0.260571,-0.405026,-0.208749
2026-07-29 15:51:20.465,231.599779,0.000000,0.000000,0.000000,0.333667,-0.365411,-0.239416,0.134125,-0.350507,-0.242723,0.233896,-0.357959,-0.241070,0.205276,-0.400108,-0.208964,0.230848,-0.402719,-0.148470,0.258994,-0.395332,-0.206846
2026-07-29 15:51:20.565,231.699779,0.000000,0.000000,0.000000,0.334972,-0.370525,-0.240713,0.135214,-0.356632,-0.243987,0.235093,-0.363579,-0.242350,0.206422,-0.404201,-0.210203,0.231937,-0.408844,-0.149733,0.260138,-0.400950,-0.208102
2026-07-29 15:51:20.665,231.799779,0.000000,0.000000,0.000000,0.343022,-0.376029,-0.222608,0.142987,-0.367137,-0.226292,0.243005,-0.371583,-0.224450,0.215326,-0.412231,-0.190220,0.240918,-0.413212,-0.129725,0.268953,-0.406569,-0.188401
2026-07-29 15:51:20.765,231.899779,0.000000,0.000000,0.000000,0.342804,-0.372965,-0.222374,0.142476,-0.364071,-0.226062,0.242640,-0.368518,-0.224218,0.214916,-0.410180,-0.189902,0.240508,-0.411161,-0.129406,0.268543,-0.404518,-0.188083
2026-07-29 15:51:20.865,231.999779,0.000000,0.000000,0.000000,0.335153,-0.371546,-0.240923,0.135396,-0.357653,-0.244197,0.235274,-0.364599,-0.242560,0.206547,-0.406245,-0.209707,0.232022,-0.410886,-0.149335,0.260320,-0.401971,-0.208312
2026-07-29 15:51:20.965,232.099779,0.000000,0.000000,0.000000,0.334937,-0.372556,-0.240890,0.135396,-0.357653,-0.244197,0.235166,-0.365105,-0.242544,0.206547,-0.406245,-0.209707,0.232091,-0.409872,-0.149227,0.260320,-0.401971,-0.208312
2026-07-29 15:51:21.065,232.199779,0.000000,0.000000,0.000000,0.342831,-0.377041,-0.222524,0.142885,-0.366122,-0.226381,0.242858,-0.371582,-0.224452,0.215303,-0.411187,-0.189540,0.240864,-0.413157,-0.128295,0.268953,-0.406569,-0.188401
2026-07-29 15:51:21.165,232.299778,0.000000,0.000000,0.000000,0.335300,-0.374598,-0.241311,0.135682,-0.358674,-0.244656,0.235491,-0.366636,-0.242984,0.206910,-0.408287,-0.210128,0.232495,-0.410908,-0.148823,0.260683,-0.404013,-0.208734
2026-07-29 15:51:21.265,232.399778,0.000000,0.000000,0.000000,0.343650,-0.381143,-0.223161,0.143806,-0.371239,-0.226929,0.243728,-0.376191,-0.225045,0.216118,-0.416305,-0.190139,0.241727,-0.416239,-0.128875,0.269772,-0.410671,-0.189038
2026-07-29 15:51:21.365,232.499778,0.000000,0.000000,0.000000,0.335153,-0.371546,-0.240923,0.135396,-0.357653,-0.244197,0.235274,-0.364599,-0.242560,0.206576,-0.405229,-0.209694,0.232036,-0.409888,-0.147795,0.260403,-0.400965,-0.207571
2026-07-29 15:51:21.465,232.599778,0.000000,0.000000,0.000000,0.335879,-0.375629,-0.241765,0.136121,-0.361736,-0.245040,0.236000,-0.368683,-0.243403,0.207302,-0.409312,-0.210536,0.232762,-0.413971,-0.148637,0.261018,-0.406062,-0.208429
2026-07-29 15:51:21.565,232.699778,0.000000,0.000000,0.000000,0.335879,-0.375629,-0.241765,0.136198,-0.362756,-0.245002,0.236039,-0.369193,-0.243384,0.207302,-0.409312,-0.210536,0.232666,-0.414993,-0.148032,0.261018,-0.406062,-0.208429
2026-07-29 15:51:21.665,232.799778,0.000000,0.000000,0.000000,0.335335,-0.372567,-0.241134,0.135577,-0.358674,-0.244408,0.235456,-0.365620,-0.242771,0.206757,-0.406250,-0.209904,0.232162,-0.410924,-0.146573,0.260473,-0.403000,-0.207798
2026-07-29 15:51:21.765,232.899778,0.000000,0.000000,0.000000,0.335481,-0.375619,-0.241522,0.135940,-0.360715,-0.244829,0.235711,-0.368167,-0.243175,0.207869,-0.407300,-0.210284,0.232559,-0.412459,-0.146938,0.260836,-0.405041,-0.208219
2026-07-29 15:51:21.865,232.999778,0.000000,0.000000,0.000000,0.335586,-0.369525,-0.240990,0.135396,-0.357653,-0.244197,0.235491,-0.363589,-0.242593,0.207294,-0.405254,-0.209666,0.231981,-0.409903,-0.146363,0.260403,-0.400965,-0.207571
2026-07-29 15:51:21.965,233.099778,0.000000,0.000000,0.000000,0.334790,-0.369504,-0.240502,0.134956,-0.354591,-0.243814,0.234873,-0.362048,-0.242158,0.206931,-0.403212,-0.209245,0.230875,-0.407845,-0.145252,0.260041,-0.398924,-0.207150
2026-07-29 15:51:22.065,233.199778,0.000000,0.000000,0.000000,0.335879,-0.375629,-0.241765,0.136121,-0.361736,-0.245040,0.236000,-0.368683,-0.243403,0.208020,-0.409337,-0.210509,0.232031,-0.412956,-0.146402,0.261129,-0.405049,-0.208413
2026-07-29 15:51:22.165,233.299778,0.000000,0.000000,0.000000,0.334972,-0.370525,-0.240713,0.135137,-0.355612,-0.244024,0.235055,-0.363068,-0.242369,0.207113,-0.404233,-0.209456,0.231097,-0.407860,-0.144632,0.260222,-0.399945,-0.207360
2026-07-29 15:51:22.265,233.399777,0.000000,0.000000,0.000000,0.342421,-0.374990,-0.222205,0.142577,-0.365086,-0.225974,0.242499,-0.370038,-0.224089,0.215612,-0.409142,-0.189194,0.239690,-0.408923,-0.124304,0.268515,-0.404490,-0.187358
2026-07-29 15:51:22.365,233.499777,0.000000,0.000000,0.000000,0.335153,-0.371546,-0.240923,0.135396,-0.357653,-0.244197,0.235274,-0.364599,-0.242560,0.206576,-0.405229,-0.209694,0.230562,-0.408856,-0.144870,0.260292,-0.401979,-0.207587
2026-07-29 15:51:22.465,233.599777,0.000000,0.000000,0.000000,0.335481,-0.375619,-0.241522,0.135940,-0.360715,-0.244829,0.235711,-0.368167,-0.243175,0.207092,-0.409308,-0.210339,0.231172,-0.410905,-0.145387,0.260836,-0.405041,-0.208219
2026-07-29 15:51:22.565,233.699777,0.000000,0.000000,0.000000,0.342421,-0.374990,-0.222205,0.142577,-0.365086,-0.225974,0.242499,-0.370038,-0.224089,0.214889,-0.410152,-0.189184,0.238988,-0.407870,-0.123550,0.268515,-0.404490,-0.187358
2026-07-29 15:51:22.665,233.799777,0.000000,0.000000,0.000000,0.336640,-0.377682,-0.242430,0.136742,-0.365819,-0.245634,0.236691,-0.371750,-0.244032,0.207789,-0.414407,-0.211194,0.231218,-0.413958,-0.145422,0.261674,-0.408111,-0.209045
2026-07-29 15:51:22.765,233.899777,0.000000,0.000000,0.000000,0.335370,-0.370536,-0.240956,0.135396,-0.357653,-0.244197,0.235383,-0.364094,-0.242577,0.206547,-0.406245,-0.209707,0.229883,-0.407826,-0.144064,0.260292,-0.401979,-0.207587
2026-07-29 15:51:22.865,233.999777,0.000000,0.000000,0.000000,0.342408,-0.372952,-0.222130,0.142372,-0.364061,-0.225814,0.242390,-0.368507,-0.223972,0.214680,-0.410143,-0.188987,0.238106,-0.405819,-0.123354,0.268397,-0.402449,-0.187233
2026-07-29 15:51:22.965,234.099777,0.000000,0.000000,0.000000,0.342626,-0.376016,-0.222364,0.142782,-0.366112,-0.226133,0.242704,-0.371064,-0.224249,0.215094,-0.411178,-0.189343,0.237757,-0.408884,-0.123765,0.268807,-0.404500,-0.187552
2026-07-29 15:51:23.065,234.199777,0.000000,0.000000,0.000000,0.343227,-0.377054,-0.222767,0.143293,-0.369178,-0.226363,0.243260,-0.373116,-0.224565,0.215499,-0.414244,-0.189624,0.238167,-0.410935,-0.124083,0.269130,-0.407566,-0.187836
2026-07-29 15:51:23.165,234.299777,0.000000,0.000000,0.000000,0.334030,-0.367452,-0.239837,0.134412,-0.351528,-0.243182,0.234221,-0.359490,-0.241510,0.205640,-0.401141,-0.208654,0.228131,-0.404725,-0.143270,0.259385,-0.396875,-0.206534
2026-07-29 15:51:23.265,234.399776,0.000000,0.000000,0.000000,0.335698,-0.374609,-0.241555,0.136017,-0.361736,-0.244791,0.235857,-0.368172,-0.243173,0.207063,-0.410324,-0.210352,0.229646,-0.411878,-0.144839,0.260836,-0.405041,-0.208219
2026-07-29 15:51:23.365,234.499776,0.000000,0.000000,0.000000,0.334937,-0.372556,-0.240890,0.135472,-0.358673,-0.244160,0.235205,-0.365615,-0.242525,0.206547,-0.406245,-0.209707,0.229102,-0.408815,-0.144207,0.260292,-0.401979,-0.207587
2026-07-29 15:51:23.465,234.599776,0.000000,0.000000,0.000000,0.334609,-0.368484,-0.240291,0.134851,-0.354590,-0.243566,0.234730,-0.361537,-0.241929,0.206003,-0.403183,-0.209075,0.228622,-0.404739,-0.143460,0.259748,-0.398916,-0.206956
2026-07-29 15:51:23.565,234.699776,0.000000,0.000000,0.000000,0.341383,-0.367825,-0.221334,0.141246,-0.357919,-0.225107,0.241315,-0.362872,-0.223220,0.213659,-0.403999,-0.188228,0.236284,-0.402725,-0.122714,0.267286,-0.398337,-0.186403
2026-07-29 15:51:23.665,234.799776,0.000000,0.000000,0.000000,0.335516,-0.373588,-0.241344,0.135758,-0.359694,-0.244618,0.235637,-0.366641,-0.242981,0.206882,-0.409303,-0.210142,0.229465,-0.410857,-0.144628,0.260655,-0.404020,-0.208008
2026-07-29 15:51:23.765,234.899776,0.000000,0.000000,0.000000,0.335153,-0.371546,-0.240923,0.135396,-0.357653,-0.244197,0.235274,-0.364599,-0.242560,0.206491,-0.407269,-0.209003,0.228358,-0.408799,-0.143517,0.260292,-0.401979,-0.207587
2026-07-29 15:51:23.865,234.999776,0.000000,0.000000,0.000000,0.335118,-0.373577,-0.241100,0.135500,-0.357653,-0.244446,0.235309,-0.365615,-0.242773,0.206700,-0.408282,-0.209931,0.227700,-0.411822,-0.143988,0.260362,-0.404013,-0.207814
2026-07-29 15:51:23.965,235.099776,0.000000,0.000000,0.000000,0.336061,-0.376650,-0.241976,0.136303,-0.362757,-0.245250,0.236182,-0.369704,-0.243613,0.207455,-0.411349,-0.210760,0.228488,-0.414892,-0.144714,0.261199,-0.407083,-0.208640
2026-07-29 15:51:24.065,235.199776,0.000000,0.000000,0.000000,0.334790,-0.369504,-0.240502,0.134956,-0.354591,-0.243814,0.234873,-0.362048,-0.242158,0.206199,-0.403696,-0.209279,0.227156,-0.408760,-0.143357,0.259929,-0.399937,-0.207166
2026-07-29 15:51:24.165,235.299776,0.000000,0.000000,0.000000,0.334790,-0.369504,-0.240502,0.134956,-0.354591,-0.243814,0.234873,-0.362048,-0.242158,0.206157,-0.404211,-0.208567,0.227245,-0.407738,-0.143956,0.259929,-0.399937,-0.207166
2026-07-29 15:51:24.265,235.399776,0.000000,0.000000,0.000000,0.342818,-0.375003,-0.222449,0.142782,-0.366112,-0.226133,0.242800,-0.370557,-0.224291,0.215094,-0.411178,-0.189343,0.236285,-0.409892,-0.123884,0.268720,-0.405515,-0.187517
2026-07-29 15:51:24.365,235.499775,0.000000,0.000000,0.000000,0.343227,-0.377054,-0.222767,0.143090,-0.367148,-0.226540,0.243159,-0.372101,-0.224654,0.214783,-0.414239,-0.189651,0.236722,-0.411970,-0.124919,0.269130,-0.407566,-0.187836
2026-07-29 15:51:24.465,235.599775,0.000000,0.000000,0.000000,0.334790,-0.369504,-0.240502,0.135033,-0.355611,-0.243776,0.234912,-0.362558,-0.242139,0.205440,-0.405195,-0.209327,0.227273,-0.407731,-0.144672,0.259929,-0.399937,-0.207166
2026-07-29 15:51:24.565,235.699775,0.000000,0.000000,0.000000,0.341998,-0.370901,-0.221812,0.141962,-0.362010,-0.225496,0.241980,-0.366456,-0.223654,0.214274,-0.407076,-0.188706,0.235594,-0.403807,-0.124556,0.267901,-0.401414,-0.186880
2026-07-29 15:51:24.665,235.799775,0.000000,0.000000,0.000000,0.334972,-0.370525,-0.240713,0.135214,-0.356632,-0.243987,0.235093,-0.363579,-0.242350,0.205621,-0.406216,-0.209537,0.227482,-0.408744,-0.145599,0.260111,-0.400958,-0.207377
2026-07-29 15:51:24.765,235.899775,0.000000,0.000000,0.000000,0.342408,-0.372952,-0.222130,0.142372,-0.364061,-0.225814,0.242390,-0.368507,-0.223972,0.214684,-0.409127,-0.189025,0.236596,-0.409969,-0.125811,0.268310,-0.403465,-0.187199
2026-07-29 15:51:24.865,235.999775,0.000000,0.000000,0.000000,0.335153,-0.371546,-0.240923,0.135396,-0.357653,-0.244197,0.235274,-0.364599,-0.242560,0.205775,-0.408253,-0.209761,0.228433,-0.409774,-0.147215,0.260236,-0.402485,-0.207596
2026-07-29 15:51:24.965,236.099775,0.000000,0.000000,0.000000,0.342408,-0.372952,-0.222130,0.142271,-0.363046,-0.225903,0.242339,-0.367999,-0.224017,0.213966,-0.409121,-0.189052,0.236805,-0.405947,-0.127005,0.268310,-0.403465,-0.187199
2026-07-29 15:51:25.065,236.199775,0.000000,0.000000,0.000000,0.335516,-0.373588,-0.241344,0.135758,-0.359694,-0.244618,0.235637,-0.366641,-0.242981,0.206165,-0.409279,-0.210169,0.229887,-0.406755,-0.148496,0.260655,-0.404020,-0.208008
2026-07-29 15:51:25.165,236.299775,0.000000,0.000000,0.000000,0.342408,-0.372952,-0.222130,0.142372,-0.364061,-0.225814,0.242390,-0.368507,-0.223972,0.213960,-0.411153,-0.188977,0.237551,-0.405980,-0.127696,0.268310,-0.403465,-0.187199
2026-07-29 15:51:25.265,236.399775,0.000000,0.000000,0.000000,0.334756,-0.371536,-0.240679,0.135214,-0.356632,-0.243987,0.234985,-0.364084,-0.242333,0.205649,-0.405200,-0.209524,0.229114,-0.407740,-0.149018,0.260111,-0.400958,-0.207377
2026-07-29 15:51:25.365,236.499774,0.000000,0.000000,0.000000,0.334790,-0.369504,-0.240502,0.135033,-0.355611,-0.243776,0.234912,-0.362558,-0.242139,0.205467,-0.404179,-0.209313,0.229610,-0.407750,-0.149604,0.259818,-0.400950,-0.207183
2026-07-29 15:51:25.465,236.599774,0.000000,0.000000,0.000000,0.335516,-0.373588,-0.241344,0.135758,-0.359694,-0.244618,0.235637,-0.366641,-0.242981,0.206221,-0.407246,-0.210142,0.230364,-0.411825,-0.151163,0.259821,-0.405009,-0.208052
2026-07-29 15:51:25.565,236.699774,0.000000,0.000000,0.000000,0.334427,-0.367463,-0.240081,0.134747,-0.354590,-0.243317,0.234587,-0.361026,-0.241699,0.205104,-0.402137,-0.208892,0.229275,-0.405700,-0.149899,0.258870,-0.397863,-0.207498
2026-07-29 15:51:25.665,236.799774,0.000000,0.000000,0.000000,0.335516,-0.373588,-0.241344,0.135758,-0.359694,-0.244618,0.235637,-0.366641,-0.242981,0.206193,-0.408262,-0.210155,0.230326,-0.412831,-0.151983,0.259849,-0.405001,-0.208777
2026-07-29 15:51:25.765,236.899774,0.000000,0.000000,0.000000,0.343650,-0.381143,-0.223161,0.143806,-0.371239,-0.226929,0.243728,-0.376191,-0.225045,0.215400,-0.416299,-0.190167,0.239608,-0.418371,-0.131926,0.268962,-0.411680,-0.189030
2026-07-29 15:51:25.865,236.999774,0.000000,0.000000,0.000000,0.334972,-0.370525,-0.240713,0.135214,-0.356632,-0.243987,0.235093,-0.363579,-0.242350,0.205649,-0.405200,-0.209524,0.230495,-0.409793,-0.151324,0.259304,-0.401939,-0.208145
2026-07-29 15:51:25.965,237.099774,0.000000,0.000000,0.000000,0.334937,-0.372556,-0.240890,0.135319,-0.356632,-0.244235,0.235128,-0.364594,-0.242562,0.205830,-0.406221,-0.209734,0.230704,-0.410806,-0.152250,0.259486,-0.402960,-0.208355
2026-07-29 15:51:26.065,237.199774,0.000000,0.000000,0.000000,0.335153,-0.371546,-0.240923,0.135319,-0.356632,-0.244235,0.235236,-0.364089,-0.242579,0.205830,-0.406221,-0.209734,0.231418,-0.410831,-0.152223,0.259486,-0.402960,-0.208355
2026-07-29 15:51:26.165,237.299774,0.000000,0.000000,0.000000,0.342408,-0.372952,-0.222130,0.142372,-0.364061,-0.225814,0.242390,-0.368507,-0.223972,0.213969,-0.408105,-0.189090,0.239714,-0.409194,-0.131366,0.267528,-0.404502,-0.187915
2026-07-29 15:51:26.265,237.399774,0.000000,0.000000,0.000000,0.343022,-0.376029,-0.222608,0.142987,-0.367137,-0.226292,0.243005,-0.371583,-0.224450,0.215299,-0.412203,-0.189502,0.240285,-0.413289,-0.131896,0.268142,-0.407578,-0.188393
2026-07-29 15:51:26.365,237.499774,0.000000,0.000000,0.000000,0.334030,-0.367452,-0.239837,0.134488,-0.352549,-0.243145,0.234259,-0.360000,-0.241491,0.205640,-0.401141,-0.208654,0.230579,-0.404713,-0.151067,0.258578,-0.397855,-0.207303
2026-07-29 15:51:26.465,237.599773,0.000000,0.000000,0.000000,0.335879,-0.375629,-0.241765,0.136121,-0.361736,-0.245040,0.236000,-0.368683,-0.243403,0.207302,-0.409312,-0.210536,0.232954,-0.413917,-0.153651,0.260211,-0.407043,-0.209198
2026-07-29 15:51:26.565,237.699773,0.000000,0.000000,0.000000,0.335879,-0.375629,-0.241765,0.136121,-0.361736,-0.245040,0.236000,-0.368683,-0.243403,0.207273,-0.410329,-0.210549,0.232954,-0.413917,-0.153651,0.260211,-0.407043,-0.209198
2026-07-29 15:51:26.665,237.799773,0.000000,0.000000,0.000000,0.336242,-0.377671,-0.242187,0.136484,-0.363778,-0.245461,0.236363,-0.370724,-0.243824,0.207650,-0.411862,-0.210964,0.234032,-0.415983,-0.154045,0.260574,-0.409085,-0.209619
2026-07-29 15:51:26.765,237.899773,0.000000,0.000000,0.000000,0.335698,-0.374609,-0.241555,0.135940,-0.360715,-0.244829,0.235819,-0.367662,-0.243192,0.207120,-0.408292,-0.210325,0.233628,-0.410893,-0.153208,0.260030,-0.406022,-0.208987
2026-07-29 15:51:26.865,237.999773,0.000000,0.000000,0.000000,0.343227,-0.377054,-0.222767,0.143192,-0.368163,-0.226451,0.243210,-0.372608,-0.224609,0.215512,-0.411197,-0.189737,0.242780,-0.412349,-0.133302,0.268433,-0.407589,-0.188588
2026-07-29 15:51:26.965,238.099773,0.000000,0.000000,0.000000,0.335188,-0.369515,-0.240746,0.135214,-0.356632,-0.243987,0.235201,-0.363073,-0.242366,0.206395,-0.404208,-0.209483,0.233647,-0.406827,-0.153057,0.259415,-0.400925,-0.208129
2026-07-29 15:51:27.065,238.199773,0.000000,0.000000,0.000000,0.335516,-0.373588,-0.241344,0.135758,-0.359694,-0.244618,0.235637,-0.366641,-0.242981,0.206939,-0.407271,-0.210115,0.234936,-0.409906,-0.154380,0.259126,-0.404977,-0.208804
2026-07-29 15:51:27.165,238.299773,0.000000,0.000000,0.000000,0.335879,-0.375629,-0.241765,0.136121,-0.361736,-0.245040,0.236000,-0.368683,-0.243403,0.208020,-0.409337,-0.210509,0.235371,-0.410934,-0.154701,0.259489,-0.407018,-0.209225
2026-07-29 15:51:27.265,238.399773,0.000000,0.000000,0.000000,0.334790,-0.369504,-0.240502,0.134956,-0.354591,-0.243814,0.234873,-0.362048,-0.242158,0.206931,-0.403212,-0.209245,0.234928,-0.405847,-0.153510,0.258509,-0.399880,-0.207946
2026-07-29 15:51:27.365,238.499773,0.000000,0.000000,0.000000,0.335153,-0.371546,-0.240923,0.135319,-0.356632,-0.244235,0.235236,-0.364089,-0.242579,0.207294,-0.405254,-0.209666,0.235392,-0.406868,-0.154551,0.258872,-0.401921,-0.208368
2026-07-29 15:51:27.465,238.599772,0.000000,0.000000,0.000000,0.335335,-0.372567,-0.241134,0.135654,-0.359694,-0.244370,0.235494,-0.366130,-0.242752,0.207535,-0.404242,-0.209850,0.236291,-0.407913,-0.154734,0.258944,-0.403956,-0.208593
2026-07-29 15:51:27.565,238.699772,0.000000,0.000000,0.000000,0.343227,-0.377054,-0.222767,0.143192,-0.368163,-0.226451,0.243210,-0.372608,-0.224609,0.216232,-0.411202,-0.189710,0.245112,-0.410412,-0.135276,0.267709,-0.407583,-0.188616
2026-07-29 15:51:27.665,238.799772,0.000000,0.000000,0.000000,0.335300,-0.374598,-0.241311,0.135758,-0.359694,-0.244618,0.235529,-0.367146,-0.242965,0.207657,-0.407295,-0.210087,0.237219,-0.408951,-0.155637,0.259126,-0.404977,-0.208804
2026-07-29 15:51:27.765,238.899772,0.000000,0.000000,0.000000,0.334609,-0.368484,-0.240291,0.134928,-0.355611,-0.243528,0.234768,-0.362047,-0.241910,0.207499,-0.401200,-0.208994,0.236339,-0.403839,-0.155303,0.258328,-0.398859,-0.207736
2026-07-29 15:51:27.865,238.999772,0.000000,0.000000,0.000000,0.343227,-0.377054,-0.222767,0.143293,-0.369178,-0.226363,0.243260,-0.373116,-0.224565,0.216958,-0.410192,-0.189720,0.246629,-0.409433,-0.135895,0.267709,-0.407583,-0.188616
2026-07-29 15:51:27.965,239.099772,0.000000,0.000000,0.000000,0.334790,-0.369504,-0.240502,0.135109,-0.356631,-0.243739,0.234950,-0.363068,-0.242120,0.207681,-0.402220,-0.209204,0.237267,-0.404876,-0.156206,0.258509,-0.399880,-0.207946
2026-07-29 15:51:28.065,239.199772,0.000000,0.000000,0.000000,0.335153,-0.371546,-0.240923,0.135396,-0.357653,-0.244197,0.235274,-0.364599,-0.242560,0.208044,-0.404262,-0.209625,0.237668,-0.406411,-0.156579,0.258872,-0.401921,-0.208368
2026-07-29 15:51:28.165,239.299772,0.000000,0.000000,0.000000,0.335698,-0.374609,-0.241555,0.136017,-0.361736,-0.244791,0.235857,-0.368172,-0.243173,0.209307,-0.407349,-0.210230,0.238842,-0.411011,-0.158046,0.259416,-0.404984,-0.208999
2026-07-29 15:51:28.265,239.399772,0.000000,0.000000,0.000000,0.334825,-0.367473,-0.240325,0.134851,-0.354590,-0.243566,0.234838,-0.361032,-0.241945,0.208219,-0.401224,-0.208966,0.238657,-0.402875,-0.157286,0.258328,-0.398859,-0.207736
2026-07-29 15:51:28.365,239.499772,0.000000,0.000000,0.000000,0.334609,-0.368484,-0.240291,0.134851,-0.354590,-0.243566,0.234730,-0.361537,-0.241929,0.208219,-0.401224,-0.208966,0.238577,-0.403889,-0.157380,0.258437,-0.397846,-0.207720
2026-07-29 15:51:28.465,239.599771,0.000000,0.000000,0.000000,0.334972,-0.370525,-0.240713,0.135291,-0.357652,-0.243949,0.235131,-0.364089,-0.242331,0.208582,-0.403266,-0.209387,0.239047,-0.404909,-0.158428,0.258691,-0.400901,-0.208157
2026-07-29 15:51:28.565,239.699771,0.000000,0.000000,0.000000,0.343227,-0.377054,-0.222767,0.143090,-0.367148,-0.226540,0.243159,-0.372101,-0.224654,0.217671,-0.411214,-0.189654,0.248926,-0.409590,-0.139413,0.267821,-0.406595,-0.189378
2026-07-29 15:51:28.665,239.799771,0.000000,0.000000,0.000000,0.334574,-0.370515,-0.240469,0.134956,-0.354591,-0.243814,0.234765,-0.362553,-0.242141,0.209120,-0.402270,-0.209149,0.239694,-0.402892,-0.158819,0.257813,-0.399847,-0.208699
2026-07-29 15:51:28.765,239.899771,0.000000,0.000000,0.000000,0.335698,-0.374609,-0.241555,0.136017,-0.361736,-0.244791,0.235857,-0.368172,-0.243173,0.210027,-0.407374,-0.210202,0.240548,-0.409002,-0.160684,0.258828,-0.403938,-0.209738
2026-07-29 15:51:28.865,239.999771,0.000000,0.000000,0.000000,0.336061,-0.376650,-0.241976,0.136303,-0.362757,-0.245250,0.236182,-0.369704,-0.243613,0.210390,-0.409416,-0.210623,0.240911,-0.411043,-0.161105,0.259191,-0.405980,-0.210159
2026-07-29 15:51:28.965,240.099771,0.000000,0.000000,0.000000,0.335516,-0.373588,-0.241344,0.135758,-0.359694,-0.244618,0.235637,-0.366641,-0.242981,0.209840,-0.407361,-0.210725,0.240475,-0.406960,-0.161105,0.258647,-0.402917,-0.209527
2026-07-29 15:51:29.065,240.199771,0.000000,0.000000,0.000000,0.342421,-0.374990,-0.222205,0.142476,-0.364071,-0.226062,0.242448,-0.369531,-0.224134,0.217804,-0.408171,-0.189869,0.248422,-0.405550,-0.140337,0.266481,-0.403513,-0.188928
2026-07-29 15:51:29.165,240.299771,0.000000,0.000000,0.000000,0.334937,-0.372556,-0.240890,0.135396,-0.357653,-0.244197,0.235166,-0.365105,-0.242544,0.209510,-0.404304,-0.210291,0.240112,-0.404918,-0.160684,0.258284,-0.400875,-0.209106
2026-07-29 15:51:29.265,240.399771,0.000000,0.000000,0.000000,0.335300,-0.374598,-0.241311,0.135758,-0.359694,-0.244618,0.235529,-0.367146,-0.242965,0.209906,-0.405329,-0.210700,0.240503,-0.406952,-0.161827,0.258701,-0.402410,-0.209520
2026-07-29 15:51:29.365,240.499771,0.000000,0.000000,0.000000,0.343036,-0.378066,-0.222683,0.143293,-0.369178,-0.226363,0.243164,-0.373622,-0.224523,0.218427,-0.410232,-0.190386,0.249064,-0.408655,-0.141536,0.267095,-0.406590,-0.189405
2026-07-29 15:51:29.465,240.599771,0.000000,0.000000,0.000000,0.335516,-0.373588,-0.241344,0.135758,-0.359694,-0.244618,0.235637,-0.366641,-0.242981,0.209873,-0.406345,-0.210712,0.240583,-0.405938,-0.161738,0.258647,-0.402917,-0.209527
2026-07-29 15:51:29.565,240.699770,0.000000,0.000000,0.000000,0.335335,-0.372567,-0.241134,0.135500,-0.357653,-0.244446,0.235417,-0.365110,-0.242790,0.209692,-0.405324,-0.210502,0.240321,-0.405931,-0.161616,0.258574,-0.400883,-0.209302
2026-07-29 15:51:29.665,240.799770,0.000000,0.000000,0.000000,0.334972,-0.370525,-0.240713,0.135137,-0.355612,-0.244024,0.235055,-0.363068,-0.242369,0.209329,-0.403283,-0.210081,0.239958,-0.403889,-0.161195,0.258103,-0.399855,-0.208895
2026-07-29 15:51:29.765,240.899770,0.000000,0.000000,0.000000,0.335516,-0.373588,-0.241344,0.135758,-0.359694,-0.244618,0.235637,-0.366641,-0.242981,0.209906,-0.405329,-0.210700,0.240583,-0.405938,-0.161738,0.258647,-0.402917,-0.209527
2026-07-29 15:51:29.865,240.999770,0.000000,0.000000,0.000000,0.335153,-0.371546,-0.240923,0.135396,-0.357653,-0.244197,0.235274,-0.364599,-0.242560,0.209510,-0.404304,-0.210291,0.240140,-0.404910,-0.161406,0.258284,-0.400875,-0.209106
2026-07-29 15:51:29.965,241.099770,0.000000,0.000000,0.000000,0.335879,-0.375629,-0.241765,0.136121,-0.361736,-0.245040,0.236000,-0.368683,-0.243403,0.210236,-0.408387,-0.211134,0.240865,-0.408993,-0.162248,0.259010,-0.404959,-0.209948
2026-07-29 15:51:30.065,241.199770,0.000000,0.000000,0.000000,0.335118,-0.373577,-0.241100,0.135577,-0.358674,-0.244408,0.235348,-0.366125,-0.242754,0.209692,-0.405324,-0.210502,0.240321,-0.405931,-0.161616,0.258465,-0.401896,-0.209317
2026-07-29 15:51:30.165,241.299770,0.000000,0.000000,0.000000,0.334609,-0.368484,-0.240291,0.134774,-0.353570,-0.243603,0.234692,-0.361027,-0.241947,0.208966,-0.401241,-0.209660,0.239676,-0.400834,-0.160686,0.257740,-0.397813,-0.208474
2026-07-29 15:51:30.265,241.399770,0.000000,0.000000,0.000000,0.335516,-0.373588,-0.241344,0.135758,-0.359694,-0.244618,0.235637,-0.366641,-0.242981,0.209873,-0.406345,-0.210712,0.240503,-0.406952,-0.161827,0.258647,-0.402917,-0.209527
2026-07-29 15:51:30.365,241.499770,0.000000,0.000000,0.000000,0.334574,-0.370515,-0.240469,0.135033,-0.355611,-0.243776,0.234803,-0.363063,-0.242123,0.209147,-0.402262,-0.209870,0.239805,-0.402861,-0.161706,0.257921,-0.398834,-0.208685
2026-07-29 15:51:30.465,241.599770,0.000000,0.000000,0.000000,0.335153,-0.371546,-0.240923,0.135396,-0.357653,-0.244197,0.235274,-0.364599,-0.242560,0.209510,-0.404304,-0.210291,0.239367,-0.405891,-0.162242,0.258284,-0.400875,-0.209106
2026-07-29 15:51:30.565,241.699769,0.000000,0.000000,0.000000,0.335153,-0.371546,-0.240923,0.135319,-0.356632,-0.244235,0.235236,-0.364089,-0.242579,0.209510,-0.404304,-0.210291,0.239447,-0.404878,-0.162155,0.258284,-0.400875,-0.209106
2026-07-29 15:51:30.665,241.799769,0.000000,0.000000,0.000000,0.335879,-0.375629,-0.241765,0.136121,-0.361736,-0.245040,0.236000,-0.368683,-0.243403,0.210236,-0.408387,-0.211134,0.240173,-0.408961,-0.162997,0.259118,-0.403945,-0.209934
2026-07-29 15:51:30.765,241.899769,0.000000,0.000000,0.000000,0.336061,-0.376650,-0.241976,0.136226,-0.361737,-0.245288,0.236143,-0.369193,-0.243632,0.210451,-0.408392,-0.211332,0.240275,-0.410995,-0.163295,0.259191,-0.405980,-0.210159
2026-07-29 15:51:30.865,241.999769,0.000000,0.000000,0.000000,0.335335,-0.372567,-0.241134,0.135577,-0.358674,-0.244408,0.235456,-0.365620,-0.242771,0.209692,-0.405324,-0.210502,0.239549,-0.406912,-0.162452,0.258465,-0.401896,-0.209317
2026-07-29 15:51:30.965,242.099769,0.000000,0.000000,0.000000,0.335335,-0.372567,-0.241134,0.135577,-0.358674,-0.244408,0.235456,-0.365620,-0.242771,0.209692,-0.405324,-0.210502,0.238857,-0.406880,-0.163201,0.258465,-0.401896,-0.209317
2026-07-29 15:51:31.065,242.199769,0.000000,0.000000,0.000000,0.335188,-0.369515,-0.240746,0.135137,-0.355612,-0.244024,0.235163,-0.362563,-0.242385,0.209329,-0.403283,-0.210081,0.238416,-0.405852,-0.162865,0.258103,-0.399855,-0.208895
2026-07-29 15:51:31.165,242.299769,0.000000,0.000000,0.000000,0.334972,-0.370525,-0.240713,0.135291,-0.357652,-0.243949,0.235131,-0.364089,-0.242331,0.209362,-0.402267,-0.210068,0.238494,-0.404838,-0.162779,0.258103,-0.399855,-0.208895
2026-07-29 15:51:31.265,242.399769,0.000000,0.000000,0.000000,0.336061,-0.376650,-0.241976,0.136303,-0.362757,-0.245250,0.236182,-0.369704,-0.243613,0.210451,-0.408392,-0.211332,0.239504,-0.411977,-0.164129,0.259191,-0.405980,-0.210159
2026-07-29 15:51:31.365,242.499769,0.000000,0.000000,0.000000,0.335879,-0.375629,-0.241765,0.136121,-0.361736,-0.245040,0.236000,-0.368683,-0.243403,0.210269,-0.407371,-0.211121,0.239401,-0.409942,-0.163832,0.258285,-0.404934,-0.209976
2026-07-29 15:51:31.465,242.599769,0.000000,0.000000,0.000000,0.335153,-0.371546,-0.240923,0.135396,-0.357653,-0.244197,0.235274,-0.364599,-0.242560,0.209577,-0.402272,-0.210266,0.238033,-0.404821,-0.162931,0.257559,-0.400851,-0.209134
2026-07-29 15:51:31.565,242.699769,0.000000,0.000000,0.000000,0.342421,-0.374990,-0.222205,0.142678,-0.366101,-0.225885,0.242550,-0.370546,-0.224045,0.218534,-0.407161,-0.189880,0.246288,-0.406635,-0.142619,0.265838,-0.402492,-0.188992
2026-07-29 15:51:31.665,242.799768,0.000000,0.000000,0.000000,0.335879,-0.375629,-0.241765,0.136121,-0.361736,-0.245040,0.236000,-0.368683,-0.243403,0.210956,-0.408411,-0.211106,0.239401,-0.409942,-0.163832,0.258285,-0.404934,-0.209976
2026-07-29 15:51:31.765,242.899768,0.000000,0.000000,0.000000,0.335516,-0.373588,-0.241344,0.135835,-0.360715,-0.244581,0.235676,-0.367151,-0.242963,0.210627,-0.405354,-0.210673,0.239038,-0.407901,-0.163411,0.258029,-0.401879,-0.209541
2026-07-29 15:51:31.865,242.999768,0.000000,0.000000,0.000000,0.335153,-0.371546,-0.240923,0.135472,-0.358673,-0.244160,0.235313,-0.365110,-0.242541,0.210264,-0.403312,-0.210251,0.238754,-0.404845,-0.162904,0.257666,-0.399837,-0.209119
2026-07-29 15:51:31.965,243.099768,0.000000,0.000000,0.000000,0.336061,-0.376650,-0.241976,0.136303,-0.362757,-0.245250,0.236182,-0.369704,-0.243613,0.211171,-0.408416,-0.211304,0.239661,-0.409949,-0.163957,0.258520,-0.405448,-0.210179
2026-07-29 15:51:32.065,243.199768,0.000000,0.000000,0.000000,0.334574,-0.370515,-0.240469,0.135033,-0.355611,-0.243776,0.234803,-0.363063,-0.242123,0.209867,-0.402286,-0.209843,0.238363,-0.402811,-0.161761,0.257196,-0.398809,-0.208712
2026-07-29 15:51:32.165,243.299768,0.000000,0.000000,0.000000,0.335153,-0.371546,-0.240923,0.135319,-0.356632,-0.244235,0.235236,-0.364089,-0.242579,0.210264,-0.403312,-0.210251,0.238777,-0.403847,-0.161372,0.257666,-0.399837,-0.209119
2026-07-29 15:51:32.265,243.399768,0.000000,0.000000,0.000000,0.335300,-0.374598,-0.241311,0.135758,-0.359694,-0.244618,0.235529,-0.367146,-0.242965,0.210627,-0.405354,-0.210673,0.238418,-0.405864,-0.161821,0.258029,-0.401879,-0.209541
2026-07-29 15:51:32.365,243.499768,0.000000,0.000000,0.000000,0.343240,-0.379092,-0.222842,0.143295,-0.368173,-0.226699,0.243268,-0.373633,-0.224771,0.219353,-0.411263,-0.190517,0.247078,-0.409635,-0.141057,0.266657,-0.406594,-0.189629
2026-07-29 15:51:32.465,243.599768,0.000000,0.000000,0.000000,0.335698,-0.374609,-0.241555,0.135940,-0.360715,-0.244829,0.235819,-0.367662,-0.243192,0.210781,-0.406382,-0.210161,0.238495,-0.407907,-0.161398,0.258210,-0.402900,-0.209751
2026-07-29 15:51:32.565,243.699768,0.000000,0.000000,0.000000,0.342818,-0.375003,-0.222449,0.142782,-0.366112,-0.226133,0.242800,-0.370557,-0.224291,0.218721,-0.407143,-0.189356,0.245715,-0.406525,-0.139886,0.266015,-0.403490,-0.188425
2026-07-29 15:51:32.665,243.799767,0.000000,0.000000,0.000000,0.335335,-0.372567,-0.241134,0.135654,-0.359694,-0.244370,0.235494,-0.366130,-0.242752,0.210452,-0.403325,-0.209727,0.237356,-0.405856,-0.159560,0.258546,-0.400891,-0.208575
2026-07-29 15:51:32.765,243.899767,0.000000,0.000000,0.000000,0.334756,-0.371536,-0.240679,0.135291,-0.357652,-0.243949,0.235023,-0.364594,-0.242314,0.210089,-0.401283,-0.209305,0.236319,-0.402784,-0.158352,0.257457,-0.398824,-0.208181
2026-07-29 15:51:32.865,243.999767,0.000000,0.000000,0.000000,0.335370,-0.370536,-0.240956,0.135396,-0.357653,-0.244197,0.235383,-0.364094,-0.242577,0.210271,-0.402304,-0.209516,0.235705,-0.404794,-0.158683,0.258364,-0.399870,-0.208364
2026-07-29 15:51:32.965,244.099767,0.000000,0.000000,0.000000,0.335516,-0.373588,-0.241344,0.135835,-0.360715,-0.244581,0.235676,-0.367151,-0.242963,0.210599,-0.405362,-0.209951,0.236114,-0.405829,-0.158289,0.258727,-0.401912,-0.208786
2026-07-29 15:51:33.065,244.199767,0.000000,0.000000,0.000000,0.335335,-0.372567,-0.241134,0.135577,-0.358674,-0.244408,0.235456,-0.365620,-0.242771,0.210452,-0.403325,-0.209727,0.235757,-0.406844,-0.157545,0.257926,-0.399852,-0.208587
2026-07-29 15:51:33.165,244.299767,0.000000,0.000000,0.000000,0.334574,-0.370515,-0.240469,0.135109,-0.356631,-0.243739,0.234842,-0.363573,-0.242104,0.209908,-0.400262,-0.209095,0.234639,-0.401729,-0.156751,0.258109,-0.396815,-0.207928
2026-07-29 15:51:33.265,244.399767,0.000000,0.000000,0.000000,0.343227,-0.377054,-0.222767,0.143192,-0.368163,-0.226451,0.243210,-0.372608,-0.224609,0.219158,-0.409222,-0.190397,0.243825,-0.408419,-0.136680,0.267235,-0.404531,-0.188751
2026-07-29 15:51:33.365,244.499767,0.000000,0.000000,0.000000,0.343637,-0.379105,-0.223086,0.143703,-0.371229,-0.226681,0.243670,-0.375167,-0.224883,0.219568,-0.411273,-0.190715,0.244208,-0.410442,-0.136278,0.267645,-0.406582,-0.189070
2026-07-29 15:51:33.465,244.599767,0.000000,0.000000,0.000000,0.343432,-0.378080,-0.222926,0.143397,-0.369188,-0.226611,0.243414,-0.373634,-0.224768,0.219363,-0.410247,-0.190556,0.243907,-0.411454,-0.136210,0.267356,-0.406572,-0.188875
2026-07-29 15:51:33.565,244.699767,0.000000,0.000000,0.000000,0.335516,-0.373588,-0.241344,0.135758,-0.359694,-0.244618,0.235637,-0.366641,-0.242981,0.210661,-0.404338,-0.210660,0.235136,-0.407863,-0.155621,0.258835,-0.400898,-0.208770
2026-07-29 15:51:33.665,244.799767,0.000000,0.000000,0.000000,0.335300,-0.374598,-0.241311,0.135758,-0.359694,-0.244618,0.235529,-0.367146,-0.242965,0.209906,-0.405329,-0.210700,0.235181,-0.406857,-0.154801,0.258835,-0.400898,-0.208770
2026-07-29 15:51:33.765,244.899766,0.000000,0.000000,0.000000,0.335879,-0.375629,-0.241765,0.136198,-0.362756,-0.245002,0.236039,-0.369193,-0.243384,0.210269,-0.407371,-0.211121,0.235471,-0.409913,-0.155321,0.259198,-0.402940,-0.209191
2026-07-29 15:51:33.865,244.999766,0.000000,0.000000,0.000000,0.335300,-0.374598,-0.241311,0.135682,-0.358674,-0.244656,0.235491,-0.366636,-0.242984,0.209906,-0.405329,-0.210700,0.235081,-0.407879,-0.154179,0.258835,-0.400898,-0.208770
2026-07-29 15:51:33.965,245.099766,0.000000,0.000000,0.000000,0.335335,-0.372567,-0.241134,0.135654,-0.359694,-0.244370,0.235494,-0.366130,-0.242752,0.209758,-0.403292,-0.210477,0.234827,-0.407872,-0.154069,0.258654,-0.399877,-0.208560
2026-07-29 15:51:34.065,245.199766,0.000000,0.000000,0.000000,0.335516,-0.373588,-0.241344,0.135758,-0.359694,-0.244618,0.235637,-0.366641,-0.242981,0.209906,-0.405329,-0.210700,0.234909,-0.409914,-0.153661,0.259562,-0.400923,-0.208743
2026-07-29 15:51:34.165,245.299766,0.000000,0.000000,0.000000,0.334790,-0.369504,-0.240502,0.135033,-0.355611,-0.243776,0.234912,-0.362558,-0.242139,0.208460,-0.401221,-0.209885,0.234110,-0.406844,-0.152920,0.258837,-0.396840,-0.207900
2026-07-29 15:51:34.265,245.399766,0.000000,0.000000,0.000000,0.342818,-0.375003,-0.222449,0.142681,-0.365097,-0.226222,0.242749,-0.370050,-0.224335,0.217296,-0.408175,-0.190095,0.243755,-0.411329,-0.132979,0.267553,-0.402486,-0.188405
2026-07-29 15:51:34.365,245.499766,0.000000,0.000000,0.000000,0.334393,-0.369494,-0.240258,0.134851,-0.354590,-0.243566,0.234622,-0.362042,-0.241912,0.208279,-0.400200,-0.209675,0.234544,-0.406869,-0.152068,0.258546,-0.396832,-0.207705
2026-07-29 15:51:34.465,245.599766,0.000000,0.000000,0.000000,0.335698,-0.374609,-0.241555,0.135940,-0.360715,-0.244829,0.235819,-0.367662,-0.243192,0.209367,-0.406325,-0.210938,0.235633,-0.412994,-0.153331,0.259744,-0.401944,-0.208953
2026-07-29 15:51:34.565,245.699766,0.000000,0.000000,0.000000,0.342203,-0.371927,-0.221971,0.142167,-0.363035,-0.225655,0.242185,-0.367481,-0.223813,0.215954,-0.406109,-0.189606,0.243162,-0.407206,-0.131734,0.266938,-0.399410,-0.187927
2026-07-29 15:51:34.665,245.799766,0.000000,0.000000,0.000000,0.342613,-0.373978,-0.222289,0.142577,-0.365086,-0.225974,0.242595,-0.369532,-0.224132,0.216364,-0.408160,-0.189924,0.243496,-0.410248,-0.131388,0.267990,-0.402482,-0.188182
2026-07-29 15:51:34.765,245.899765,0.000000,0.000000,0.000000,0.335335,-0.372567,-0.241134,0.135577,-0.358674,-0.244408,0.235456,-0.365620,-0.242771,0.208253,-0.405275,-0.210557,0.235243,-0.410960,-0.152194,0.259998,-0.400940,-0.208520
2026-07-29 15:51:34.865,245.999765,0.000000,0.000000,0.000000,0.342203,-0.371927,-0.221971,0.142167,-0.363035,-0.225655,0.242185,-0.367481,-0.223813,0.215954,-0.406109,-0.189606,0.243086,-0.408197,-0.131070,0.267666,-0.399416,-0.187899
2026-07-29 15:51:34.965,246.099765,0.000000,0.000000,0.000000,0.335153,-0.371546,-0.240923,0.135396,-0.357653,-0.244197,0.235274,-0.364599,-0.242560,0.208040,-0.405270,-0.210358,0.235134,-0.408926,-0.151880,0.259817,-0.399919,-0.208309
2026-07-29 15:51:35.065,246.199765,0.000000,0.000000,0.000000,0.335516,-0.373588,-0.241344,0.135682,-0.358674,-0.244656,0.235599,-0.366131,-0.243000,0.208437,-0.405288,-0.210033,0.235424,-0.411981,-0.152404,0.260179,-0.401961,-0.208730
2026-07-29 15:51:35.165,246.299765,0.000000,0.000000,0.000000,0.343227,-0.377054,-0.222767,0.143192,-0.368163,-0.226451,0.243210,-0.372608,-0.224609,0.216979,-0.411236,-0.190402,0.244110,-0.413324,-0.131866,0.268605,-0.405558,-0.188660
2026-07-29 15:51:35.265,246.399765,0.000000,0.000000,0.000000,0.335300,-0.374598,-0.241311,0.135682,-0.358674,-0.244656,0.235491,-0.366636,-0.242984,0.208403,-0.407312,-0.210780,0.235396,-0.411989,-0.151688,0.260179,-0.401961,-0.208730
2026-07-29 15:51:35.365,246.499765,0.000000,0.000000,0.000000,0.343240,-0.379092,-0.222842,0.143498,-0.370203,-0.226522,0.243369,-0.374648,-0.224682,0.217184,-0.412262,-0.190561,0.244239,-0.415341,-0.131363,0.268810,-0.406584,-0.188819
2026-07-29 15:51:35.465,246.599765,0.000000,0.000000,0.000000,0.343445,-0.380117,-0.223001,0.143601,-0.370214,-0.226770,0.243523,-0.375166,-0.224886,0.216674,-0.412265,-0.190787,0.244444,-0.416367,-0.131522,0.269014,-0.407609,-0.188978
2026-07-29 15:51:35.565,246.699765,0.000000,0.000000,0.000000,0.335153,-0.371546,-0.240923,0.135396,-0.357653,-0.244197,0.235274,-0.364599,-0.242560,0.207382,-0.403214,-0.210361,0.234960,-0.410961,-0.151372,0.259817,-0.399919,-0.208309
2026-07-29 15:51:35.665,246.799765,0.000000,0.000000,0.000000,0.335153,-0.371546,-0.240923,0.135396,-0.357653,-0.244197,0.235274,-0.364599,-0.242560,0.207322,-0.405246,-0.210386,0.234319,-0.409923,-0.151294,0.259706,-0.400933,-0.208325
2026-07-29 15:51:35.765,246.899765,0.000000,0.000000,0.000000,0.335516,-0.373588,-0.241344,0.135758,-0.359694,-0.244618,0.235637,-0.366641,-0.242981,0.207715,-0.406271,-0.210795,0.234681,-0.411964,-0.151715,0.260069,-0.402975,-0.208746
2026-07-29 15:51:35.865,246.999764,0.000000,0.000000,0.000000,0.342818,-0.375003,-0.222449,0.142782,-0.366112,-0.226133,0.242800,-0.370557,-0.224291,0.215844,-0.410195,-0.190072,0.242862,-0.413278,-0.130966,0.268109,-0.404522,-0.188305
2026-07-29 15:51:35.965,247.099764,0.000000,0.000000,0.000000,0.334937,-0.372556,-0.240890,0.135472,-0.358673,-0.244160,0.235205,-0.365615,-0.242525,0.207352,-0.404230,-0.210373,0.234246,-0.410936,-0.151399,0.259817,-0.399919,-0.208309
2026-07-29 15:51:36.065,247.199764,0.000000,0.000000,0.000000,0.335300,-0.374598,-0.241311,0.135682,-0.358674,-0.244656,0.235491,-0.366636,-0.242984,0.207745,-0.405255,-0.210782,0.234609,-0.412978,-0.151820,0.260069,-0.402975,-0.208746
2026-07-29 15:51:36.165,247.299764,0.000000,0.000000,0.000000,0.335153,-0.371546,-0.240923,0.135396,-0.357653,-0.244197,0.235274,-0.364599,-0.242560,0.207412,-0.402198,-0.210349,0.234246,-0.410936,-0.151399,0.259596,-0.401946,-0.208340
2026-07-29 15:51:36.265,247.399764,0.000000,0.000000,0.000000,0.335153,-0.371546,-0.240923,0.135396,-0.357653,-0.244197,0.235274,-0.364599,-0.242560,0.207352,-0.404230,-0.210373,0.234246,-0.410936,-0.151399,0.259706,-0.400933,-0.208325
2026-07-29 15:51:36.365,247.499764,0.000000,0.000000,0.000000,0.334756,-0.371536,-0.240679,0.135137,-0.355612,-0.244024,0.234946,-0.363574,-0.242352,0.207200,-0.402193,-0.210151,0.233351,-0.409891,-0.151216,0.259525,-0.399912,-0.208114
2026-07-29 15:51:36.465,247.599764,0.000000,0.000000,0.000000,0.343637,-0.379105,-0.223086,0.143500,-0.369199,-0.226859,0.243569,-0.374152,-0.224972,0.216666,-0.413789,-0.190729,0.243015,-0.416355,-0.131577,0.268929,-0.408624,-0.188942
2026-07-29 15:51:36.565,247.699764,0.000000,0.000000,0.000000,0.334065,-0.365421,-0.239660,0.134384,-0.352548,-0.242896,0.234224,-0.358985,-0.241278,0.206233,-0.399121,-0.209122,0.232444,-0.404787,-0.150163,0.258618,-0.394808,-0.207061
2026-07-29 15:51:36.665,247.799764,0.000000,0.000000,0.000000,0.342626,-0.376016,-0.222364,0.142782,-0.366112,-0.226133,0.242704,-0.371064,-0.224249,0.215849,-0.409179,-0.190111,0.242196,-0.412253,-0.130940,0.268109,-0.404522,-0.188305
2026-07-29 15:51:36.765,247.899764,0.000000,0.000000,0.000000,0.334427,-0.367463,-0.240081,0.134670,-0.353569,-0.243355,0.234549,-0.360516,-0.241718,0.206626,-0.400146,-0.209531,0.232850,-0.405823,-0.149763,0.258980,-0.396850,-0.207482
2026-07-29 15:51:36.865,247.999763,0.000000,0.000000,0.000000,0.334790,-0.369504,-0.240502,0.135033,-0.355611,-0.243776,0.234912,-0.362558,-0.242139,0.206989,-0.402188,-0.209952,0.233213,-0.407864,-0.150184,0.259233,-0.399905,-0.207919
2026-07-29 15:51:36.965,248.099763,0.000000,0.000000,0.000000,0.335335,-0.372567,-0.241134,0.135577,-0.358674,-0.244408,0.235456,-0.365620,-0.242771,0.207533,-0.405251,-0.210584,0.233686,-0.411940,-0.150922,0.259888,-0.401954,-0.208535
2026-07-29 15:51:37.065,248.199763,0.000000,0.000000,0.000000,0.335516,-0.373588,-0.241344,0.135758,-0.359694,-0.244618,0.235637,-0.366641,-0.242981,0.207715,-0.406271,-0.210795,0.233868,-0.412961,-0.151132,0.260069,-0.402975,-0.208746
2026-07-29 15:51:37.165,248.299763,0.000000,0.000000,0.000000,0.334609,-0.368484,-0.240291,0.134928,-0.355611,-0.243528,0.234768,-0.362047,-0.241910,0.206808,-0.401167,-0.209742,0.232961,-0.407857,-0.150079,0.259162,-0.397870,-0.207693
2026-07-29 15:51:37.265,248.399763,0.000000,0.000000,0.000000,0.335153,-0.371546,-0.240923,0.135396,-0.357653,-0.244197,0.235274,-0.364599,-0.242560,0.207382,-0.403214,-0.210361,0.233505,-0.410919,-0.150711,0.259596,-0.401946,-0.208340
2026-07-29 15:51:37.365,248.499763,0.000000,0.000000,0.000000,0.343227,-0.377054,-0.222767,0.143090,-0.367148,-0.226540,0.243159,-0.372101,-0.224654,0.216254,-0.412246,-0.190391,0.242532,-0.415296,-0.130598,0.268519,-0.406573,-0.188624
2026-07-29 15:51:37.465,248.599763,0.000000,0.000000,0.000000,0.334756,-0.371536,-0.240679,0.135214,-0.356632,-0.243987,0.234985,-0.364084,-0.242333,0.207141,-0.404225,-0.210175,0.232582,-0.409882,-0.149813,0.259415,-0.400925,-0.208129
2026-07-29 15:51:37.565,248.699763,0.000000,0.000000,0.000000,0.335153,-0.371546,-0.240923,0.135319,-0.356632,-0.244235,0.235236,-0.364089,-0.242579,0.207322,-0.405246,-0.210386,0.232833,-0.409889,-0.149916,0.259596,-0.401946,-0.208340
2026-07-29 15:51:37.665,248.799763,0.000000,0.000000,0.000000,0.335335,-0.372567,-0.241134,0.135500,-0.357653,-0.244446,0.235417,-0.365110,-0.242790,0.207533,-0.405251,-0.210584,0.232945,-0.411924,-0.150234,0.259888,-0.401954,-0.208535
2026-07-29 15:51:37.765,248.899763,0.000000,0.000000,0.000000,0.335879,-0.375629,-0.241765,0.136198,-0.362756,-0.245002,0.236039,-0.369193,-0.243384,0.207358,-0.408289,-0.211243,0.233489,-0.414986,-0.150866,0.261046,-0.406054,-0.209155
2026-07-29 15:51:37.865,248.999763,0.000000,0.000000,0.000000,0.335516,-0.373588,-0.241344,0.135758,-0.359694,-0.244618,0.235637,-0.366641,-0.242981,0.207715,-0.406271,-0.210795,0.233196,-0.411931,-0.150337,0.260069,-0.402975,-0.208746
2026-07-29 15:51:37.965,249.099762,0.000000,0.000000,0.000000,0.334790,-0.369504,-0.240502,0.135033,-0.355611,-0.243776,0.234912,-0.362558,-0.242139,0.206959,-0.403204,-0.209965,0.232401,-0.408861,-0.149602,0.259343,-0.398891,-0.207903
2026-07-29 15:51:38.065,249.199762,0.000000,0.000000,0.000000,0.335698,-0.374609,-0.241555,0.135940,-0.360715,-0.244829,0.235819,-0.367662,-0.243192,0.207896,-0.407292,-0.211005,0.233308,-0.413965,-0.150655,0.260140,-0.405009,-0.208972
2026-07-29 15:51:38.165,249.299762,0.000000,0.000000,0.000000,0.334790,-0.369504,-0.240502,0.135033,-0.355611,-0.243776,0.234912,-0.362558,-0.242139,0.206989,-0.402188,-0.209952,0.232471,-0.407848,-0.149495,0.259343,-0.398891,-0.207903
2026-07-29 15:51:38.265,249.399762,0.000000,0.000000,0.000000,0.335153,-0.371546,-0.240923,0.135396,-0.357653,-0.244197,0.235274,-0.364599,-0.242560,0.207324,-0.404238,-0.209653,0.232736,-0.410911,-0.149308,0.259706,-0.400933,-0.208325
2026-07-29 15:51:38.365,249.499762,0.000000,0.000000,0.000000,0.335516,-0.373588,-0.241344,0.135758,-0.359694,-0.244618,0.235637,-0.366641,-0.242981,0.207745,-0.405255,-0.210782,0.233099,-0.412952,-0.149729,0.260069,-0.402975,-0.208746
2026-07-29 15:51:38.465,249.599762,0.000000,0.000000,0.000000,0.335879,-0.375629,-0.241765,0.136121,-0.361736,-0.245040,0.236000,-0.368683,-0.243403,0.208080,-0.407305,-0.210482,0.233462,-0.414994,-0.150150,0.260432,-0.405016,-0.209167
2026-07-29 15:51:38.565,249.699762,0.000000,0.000000,0.000000,0.342818,-0.375003,-0.222449,0.142782,-0.366112,-0.226133,0.242800,-0.370557,-0.224291,0.215827,-0.408136,-0.189429,0.241400,-0.412165,-0.128823,0.268109,-0.404522,-0.188305
2026-07-29 15:51:38.665,249.799762,0.000000,0.000000,0.000000,0.334393,-0.369494,-0.240258,0.134774,-0.353570,-0.243603,0.234584,-0.361532,-0.241931,0.206750,-0.402191,-0.209035,0.231547,-0.406810,-0.148596,0.259162,-0.397870,-0.207693
2026-07-29 15:51:38.765,249.899762,0.000000,0.000000,0.000000,0.335153,-0.371546,-0.240923,0.135319,-0.356632,-0.244235,0.235236,-0.364089,-0.242579,0.207354,-0.403221,-0.209639,0.232736,-0.410911,-0.149308,0.259706,-0.400933,-0.208325
2026-07-29 15:51:38.865,249.999762,0.000000,0.000000,0.000000,0.335516,-0.373588,-0.241344,0.135758,-0.359694,-0.244618,0.235637,-0.366641,-0.242981,0.207657,-0.407295,-0.210087,0.232454,-0.411914,-0.149648,0.260069,-0.402975,-0.208746
2026-07-29 15:51:38.965,250.099761,0.000000,0.000000,0.000000,0.343036,-0.378066,-0.222683,0.143192,-0.368163,-0.226451,0.243114,-0.373115,-0.224567,0.216232,-0.411202,-0.189710,0.241096,-0.414210,-0.129169,0.268519,-0.406573,-0.188624
2026-07-29 15:51:39.065,250.199761,0.000000,0.000000,0.000000,0.343637,-0.379105,-0.223086,0.143601,-0.370214,-0.226770,0.243619,-0.374659,-0.224928,0.216644,-0.412745,-0.190047,0.241505,-0.416261,-0.129488,0.268929,-0.408624,-0.188942
2026-07-29 15:51:39.165,250.299761,0.000000,0.000000,0.000000,0.335153,-0.371546,-0.240923,0.135396,-0.357653,-0.244197,0.235274,-0.364599,-0.242560,0.207294,-0.405254,-0.209666,0.232091,-0.409872,-0.149227,0.259651,-0.401440,-0.208332
2026-07-29 15:51:39.265,250.399761,0.000000,0.000000,0.000000,0.335118,-0.373577,-0.241100,0.135577,-0.358674,-0.244408,0.235348,-0.366125,-0.242754,0.207506,-0.405258,-0.209863,0.232204,-0.411907,-0.149546,0.259888,-0.401954,-0.208535
2026-07-29 15:51:39.365,250.499761,0.000000,0.000000,0.000000,0.335300,-0.374598,-0.241311,0.135758,-0.359694,-0.244618,0.235529,-0.367146,-0.242965,0.207715,-0.406271,-0.210795,0.232385,-0.412928,-0.149756,0.260069,-0.402975,-0.208746
2026-07-29 15:51:39.465,250.599761,0.000000,0.000000,0.000000,0.335663,-0.376640,-0.241732,0.136121,-0.361736,-0.245040,0.235892,-0.369188,-0.243386,0.208078,-0.408313,-0.211216,0.232748,-0.414969,-0.150178,0.260322,-0.406030,-0.209182
2026-07-29 15:51:39.565,250.699761,0.000000,0.000000,0.000000,0.335879,-0.375629,-0.241765,0.136121,-0.361736,-0.245040,0.236000,-0.368683,-0.243403,0.208080,-0.407305,-0.210482,0.232748,-0.414969,-0.150178,0.260432,-0.405016,-0.209167
2026-07-29 15:51:39.665,250.799761,0.000000,0.000000,0.000000,0.334790,-0.369504,-0.240502,0.135033,-0.355611,-0.243776,0.234912,-0.362558,-0.242139,0.206961,-0.402196,-0.209232,0.232443,-0.407855,-0.148779,0.259343,-0.398891,-0.207903
2026-07-29 15:51:39.765,250.899761,0.000000,0.000000,0.000000,0.334574,-0.370515,-0.240469,0.135109,-0.356631,-0.243739,0.234842,-0.363573,-0.242104,0.206931,-0.403212,-0.209245,0.231618,-0.409850,-0.149736,0.259343,-0.398891,-0.207903
2026-07-29 15:51:39.865,250.999761,0.000000,0.000000,0.000000,0.335153,-0.371546,-0.240923,0.135319,-0.356632,-0.244235,0.235236,-0.364089,-0.242579,0.207352,-0.404230,-0.210373,0.232050,-0.410878,-0.150050,0.259596,-0.401946,-0.208340
2026-07-29 15:51:39.965,251.099761,0.000000,0.000000,0.000000,0.335153,-0.371546,-0.240923,0.135396,-0.357653,-0.244197,0.235274,-0.364599,-0.242560,0.206605,-0.404213,-0.209680,0.232118,-0.409865,-0.149944,0.259596,-0.401946,-0.208340
2026-07-29 15:51:40.065,251.199760,0.000000,0.000000,0.000000,0.335481,-0.375619,-0.241522,0.135940,-0.360715,-0.244829,0.235711,-0.368167,-0.243175,0.207881,-0.407800,-0.211011,0.233378,-0.412952,-0.150548,0.260251,-0.403995,-0.208956
2026-07-29 15:51:40.165,251.299760,0.000000,0.000000,0.000000,0.335698,-0.374609,-0.241555,0.135940,-0.360715,-0.244829,0.235819,-0.367662,-0.243192,0.207120,-0.408292,-0.210325,0.232663,-0.412927,-0.150575,0.260864,-0.405033,-0.208944
2026-07-29 15:51:40.265,251.399760,0.000000,0.000000,0.000000,0.336207,-0.379702,-0.242364,0.136666,-0.364799,-0.245671,0.236436,-0.372250,-0.244018,0.207874,-0.412367,-0.211887,0.233389,-0.417011,-0.151418,0.260976,-0.408079,-0.209798
2026-07-29 15:51:40.365,251.499760,0.000000,0.000000,0.000000,0.335516,-0.373588,-0.241344,0.135758,-0.359694,-0.244618,0.235637,-0.366641,-0.242981,0.206995,-0.406247,-0.210822,0.232413,-0.412920,-0.150472,0.260571,-0.405026,-0.208749
2026-07-29 15:51:40.465,251.599760,0.000000,0.000000,0.000000,0.334427,-0.367463,-0.240081,0.134670,-0.353569,-0.243355,0.234549,-0.360516,-0.241718,0.205878,-0.401138,-0.209571,0.231324,-0.406795,-0.149208,0.259594,-0.397888,-0.207470
2026-07-29 15:51:40.565,251.699760,0.000000,0.000000,0.000000,0.334609,-0.368484,-0.240291,0.134851,-0.354590,-0.243566,0.234730,-0.361537,-0.241929,0.206031,-0.403175,-0.209794,0.231574,-0.406802,-0.149312,0.259776,-0.398908,-0.207681
2026-07-29 15:51:40.665,251.799760,0.000000,0.000000,0.000000,0.335335,-0.372567,-0.241134,0.135654,-0.359694,-0.244370,0.235494,-0.366130,-0.242752,0.206799,-0.405734,-0.210618,0.232231,-0.411899,-0.150261,0.260390,-0.404005,-0.208538
2026-07-29 15:51:40.765,251.899760,0.000000,0.000000,0.000000,0.335300,-0.374598,-0.241311,0.135758,-0.359694,-0.244618,0.235529,-0.367146,-0.242965,0.206967,-0.407263,-0.210834,0.232481,-0.411906,-0.150365,0.260683,-0.404013,-0.208734
2026-07-29 15:51:40.865,251.999760,0.000000,0.000000,0.000000,0.335663,-0.376640,-0.241732,0.136121,-0.361736,-0.245040,0.235892,-0.369188,-0.243386,0.207302,-0.409312,-0.210536,0.232817,-0.413956,-0.150070,0.261046,-0.406054,-0.209155
2026-07-29 15:51:40.965,252.099760,0.000000,0.000000,0.000000,0.342216,-0.373965,-0.222046,0.142372,-0.364061,-0.225814,0.242294,-0.369013,-0.223930,0.214688,-0.408111,-0.189062,0.240320,-0.409089,-0.128476,0.268338,-0.403493,-0.187923
2026-07-29 15:51:41.065,252.199759,0.000000,0.000000,0.000000,0.335516,-0.373588,-0.241344,0.135605,-0.357654,-0.244694,0.235561,-0.365621,-0.243019,0.206967,-0.407263,-0.210834,0.232316,-0.413941,-0.149864,0.260683,-0.404013,-0.208734
2026-07-29 15:51:41.165,252.299759,0.000000,0.000000,0.000000,0.335698,-0.374609,-0.241555,0.135940,-0.360715,-0.244829,0.235819,-0.367662,-0.243192,0.207177,-0.407268,-0.211033,0.232608,-0.412943,-0.149143,0.260864,-0.405033,-0.208944
2026-07-29 15:51:41.265,252.399759,0.000000,0.000000,0.000000,0.335300,-0.374598,-0.241311,0.135758,-0.359694,-0.244618,0.235529,-0.367146,-0.242965,0.206939,-0.407271,-0.210115,0.232358,-0.412936,-0.149041,0.260655,-0.404020,-0.208008
2026-07-29 15:51:41.365,252.499759,0.000000,0.000000,0.000000,0.335698,-0.374609,-0.241555,0.135940,-0.360715,-0.244829,0.235819,-0.367662,-0.243192,0.207063,-0.410324,-0.210352,0.232512,-0.413964,-0.148537,0.260836,-0.405041,-0.208219
2026-07-29 15:51:41.465,252.599759,0.000000,0.000000,0.000000,0.342818,-0.375003,-0.222449,0.142883,-0.367127,-0.226044,0.242850,-0.371065,-0.224246,0.215094,-0.411178,-0.189343,0.240632,-0.412104,-0.127422,0.268720,-0.405515,-0.187517
2026-07-29 15:51:41.565,252.699759,0.000000,0.000000,0.000000,0.335516,-0.373588,-0.241344,0.135758,-0.359694,-0.244618,0.235637,-0.366641,-0.242981,0.206939,-0.407271,-0.210115,0.232371,-0.411937,-0.147500,0.260655,-0.404020,-0.208008
2026-07-29 15:51:41.665,252.799759,0.000000,0.000000,0.000000,0.334609,-0.368484,-0.240291,0.134851,-0.354590,-0.243566,0.234730,-0.361537,-0.241929,0.206003,-0.403183,-0.209075,0.231464,-0.406833,-0.146447,0.259748,-0.398916,-0.206956
2026-07-29 15:51:41.765,252.899759,0.000000,0.000000,0.000000,0.342600,-0.371940,-0.222215,0.142271,-0.363046,-0.225903,0.242435,-0.367493,-0.224059,0.214688,-0.408111,-0.189062,0.240256,-0.407959,-0.125551,0.268397,-0.402449,-0.187233
2026-07-29 15:51:41.865,252.999759,0.000000,0.000000,0.000000,0.335879,-0.375629,-0.241765,0.136121,-0.361736,-0.245040,0.236000,-0.368683,-0.243403,0.208020,-0.409337,-0.210509,0.232775,-0.412973,-0.147092,0.261018,-0.406062,-0.208429
2026-07-29 15:51:41.965,253.099759,0.000000,0.000000,0.000000,0.335516,-0.373588,-0.241344,0.135758,-0.359694,-0.244618,0.235637,-0.366641,-0.242981,0.207657,-0.407295,-0.210087,0.232385,-0.410939,-0.145954,0.260655,-0.404020,-0.208008
2026-07-29 15:51:42.065,253.199759,0.000000,0.000000,0.000000,0.335335,-0.372567,-0.241134,0.135577,-0.358674,-0.244408,0.235456,-0.365620,-0.242771,0.206729,-0.407266,-0.209918,0.231487,-0.409894,-0.145771,0.260473,-0.403000,-0.207798
2026-07-29 15:51:42.165,253.299758,0.000000,0.000000,0.000000,0.335007,-0.368494,-0.240535,0.135033,-0.355611,-0.243776,0.235020,-0.362053,-0.242156,0.206902,-0.404228,-0.209259,0.230982,-0.405826,-0.144307,0.259929,-0.399937,-0.207166
2026-07-29 15:51:42.265,253.399758,0.000000,0.000000,0.000000,0.335335,-0.372567,-0.241134,0.135577,-0.358674,-0.244408,0.235456,-0.365620,-0.242771,0.206729,-0.407266,-0.209918,0.231392,-0.410915,-0.145168,0.260473,-0.403000,-0.207798
2026-07-29 15:51:42.365,253.499758,0.000000,0.000000,0.000000,0.343227,-0.377054,-0.222767,0.143192,-0.368163,-0.226451,0.243210,-0.372608,-0.224609,0.215503,-0.413229,-0.189662,0.239629,-0.410974,-0.124746,0.269130,-0.407566,-0.187836
2026-07-29 15:51:42.465,253.599758,0.000000,0.000000,0.000000,0.335300,-0.374598,-0.241311,0.135758,-0.359694,-0.244618,0.235529,-0.367146,-0.242965,0.207657,-0.407295,-0.210087,0.230925,-0.410898,-0.145291,0.260655,-0.404020,-0.208008
2026-07-29 15:51:42.565,253.699758,0.000000,0.000000,0.000000,0.335516,-0.373588,-0.241344,0.135758,-0.359694,-0.244618,0.235637,-0.366641,-0.242981,0.207657,-0.407295,-0.210087,0.230209,-0.410874,-0.145318,0.260655,-0.404020,-0.208008
2026-07-29 15:51:42.665,253.799758,0.000000,0.000000,0.000000,0.334790,-0.369504,-0.240502,0.135033,-0.355611,-0.243776,0.234912,-0.362558,-0.242139,0.206184,-0.404204,-0.209286,0.229520,-0.405784,-0.143643,0.260041,-0.398924,-0.207150
2026-07-29 15:51:42.765,253.899758,0.000000,0.000000,0.000000,0.335879,-0.375629,-0.241765,0.136121,-0.361736,-0.245040,0.236000,-0.368683,-0.243403,0.207244,-0.411345,-0.210563,0.230609,-0.411909,-0.144906,0.261018,-0.406062,-0.208429
2026-07-29 15:51:42.865,253.999758,0.000000,0.000000,0.000000,0.334790,-0.369504,-0.240502,0.135033,-0.355611,-0.243776,0.234912,-0.362558,-0.242139,0.206184,-0.404204,-0.209286,0.228803,-0.405760,-0.143670,0.259929,-0.399937,-0.207166
2026-07-29 15:51:42.965,254.099758,0.000000,0.000000,0.000000,0.336061,-0.376650,-0.241976,0.136303,-0.362757,-0.245250,0.236182,-0.369704,-0.243613,0.207455,-0.411349,-0.210760,0.230009,-0.413919,-0.145260,0.261199,-0.407083,-0.208640
2026-07-29 15:51:43.065,254.199758,0.000000,0.000000,0.000000,0.335335,-0.372567,-0.241134,0.135500,-0.357653,-0.244446,0.235417,-0.365110,-0.242790,0.206729,-0.407266,-0.209918,0.229411,-0.407809,-0.144186,0.260473,-0.403000,-0.207798
2026-07-29 15:51:43.165,254.299757,0.000000,0.000000,0.000000,0.334972,-0.370525,-0.240713,0.135214,-0.356632,-0.243987,0.235093,-0.363579,-0.242350,0.206310,-0.406248,-0.208793,0.228985,-0.406781,-0.143881,0.260111,-0.400958,-0.207377
2026-07-29 15:51:43.265,254.399757,0.000000,0.000000,0.000000,0.341793,-0.369876,-0.221652,0.141758,-0.360984,-0.225337,0.241775,-0.365430,-0.223495,0.214069,-0.406050,-0.188547,0.236733,-0.403757,-0.122968,0.267783,-0.399373,-0.186756
2026-07-29 15:51:43.365,254.499757,0.000000,0.000000,0.000000,0.334972,-0.370525,-0.240713,0.135291,-0.357652,-0.243949,0.235131,-0.364089,-0.242331,0.206338,-0.405232,-0.208778,0.228921,-0.407794,-0.143997,0.260111,-0.400958,-0.207377
2026-07-29 15:51:43.465,254.599757,0.000000,0.000000,0.000000,0.341793,-0.369876,-0.221652,0.141758,-0.360984,-0.225337,0.241775,-0.365430,-0.223495,0.214065,-0.407066,-0.188509,0.236733,-0.403757,-0.122968,0.267696,-0.400388,-0.186721
2026-07-29 15:51:43.565,254.699757,0.000000,0.000000,0.000000,0.334790,-0.369504,-0.240502,0.135033,-0.355611,-0.243776,0.234912,-0.362558,-0.242139,0.206184,-0.404204,-0.209286,0.228675,-0.407787,-0.143902,0.259929,-0.399937,-0.207166
2026-07-29 15:51:43.665,254.799757,0.000000,0.000000,0.000000,0.335516,-0.373588,-0.241344,0.135682,-0.358674,-0.244656,0.235599,-0.366131,-0.243000,0.206882,-0.409303,-0.210142,0.229401,-0.411871,-0.144744,0.260655,-0.404020,-0.208008
2026-07-29 15:51:43.765,254.899757,0.000000,0.000000,0.000000,0.334937,-0.372556,-0.240890,0.135396,-0.357653,-0.244197,0.235166,-0.365105,-0.242544,0.206547,-0.406245,-0.209707,0.228386,-0.408791,-0.144234,0.260181,-0.402992,-0.207604
2026-07-29 15:51:43.865,254.999757,0.000000,0.000000,0.000000,0.335879,-0.375629,-0.241765,0.136121,-0.361736,-0.245040,0.236000,-0.368683,-0.243403,0.207244,-0.411345,-0.210563,0.228245,-0.414885,-0.144620,0.261018,-0.406062,-0.208429
2026-07-29 15:51:43.965,255.099757,0.000000,0.000000,0.000000,0.334394,-0.371520,-0.240952,0.135396,-0.357653,-0.244197,0.234895,-0.364586,-0.242575,0.206519,-0.407261,-0.209720,0.227519,-0.410802,-0.143778,0.260292,-0.401979,-0.207587
2026-07-29 15:51:44.065,255.199757,0.000000,0.000000,0.000000,0.335153,-0.371546,-0.240923,0.135472,-0.358673,-0.244160,0.235313,-0.365110,-0.242541,0.206547,-0.406245,-0.209707,0.227581,-0.409788,-0.143661,0.260292,-0.401979,-0.207587
2026-07-29 15:51:44.165,255.299757,0.000000,0.000000,0.000000,0.335516,-0.373588,-0.241344,0.135835,-0.360715,-0.244581,0.235676,-0.367151,-0.242963,0.206896,-0.408795,-0.210135,0.227909,-0.412836,-0.144914,0.260766,-0.403007,-0.207992
2026-07-29 15:51:44.265,255.399756,0.000000,0.000000,0.000000,0.335516,-0.373588,-0.241344,0.135835,-0.360715,-0.244581,0.235676,-0.367151,-0.242963,0.206910,-0.408287,-0.210128,0.227971,-0.411822,-0.144798,0.260655,-0.404020,-0.208008
2026-07-29 15:51:44.365,255.499756,0.000000,0.000000,0.000000,0.334609,-0.368484,-0.240291,0.134928,-0.355611,-0.243528,0.234768,-0.362047,-0.241910,0.205258,-0.404174,-0.209116,0.227030,-0.407724,-0.144576,0.259748,-0.398916,-0.206956
2026-07-29 15:51:44.465,255.599756,0.000000,0.000000,0.000000,0.334972,-0.370525,-0.240713,0.135214,-0.356632,-0.243987,0.235093,-0.363579,-0.242350,0.205635,-0.405708,-0.209530,0.227516,-0.407738,-0.144768,0.260111,-0.400958,-0.207377
2026-07-29 15:51:44.565,255.699756,0.000000,0.000000,0.000000,0.335879,-0.375629,-0.241765,0.136121,-0.361736,-0.245040,0.236000,-0.368683,-0.243403,0.207273,-0.410329,-0.210549,0.228451,-0.412834,-0.146539,0.261018,-0.406062,-0.208429
2026-07-29 15:51:44.665,255.799756,0.000000,0.000000,0.000000,0.334609,-0.368484,-0.240291,0.134851,-0.354590,-0.243566,0.234730,-0.361537,-0.241929,0.205975,-0.403191,-0.208357,0.227208,-0.405681,-0.145782,0.259748,-0.398916,-0.206956
2026-07-29 15:51:44.765,255.899756,0.000000,0.000000,0.000000,0.343022,-0.376029,-0.222608,0.142987,-0.367137,-0.226292,0.243005,-0.371583,-0.224450,0.214581,-0.412197,-0.189530,0.237211,-0.413045,-0.126288,0.268925,-0.406541,-0.187677
2026-07-29 15:51:44.865,255.999756,0.000000,0.000000,0.000000,0.333883,-0.364400,-0.239449,0.134125,-0.350507,-0.242723,0.234004,-0.357454,-0.241086,0.205277,-0.399099,-0.208233,0.227352,-0.399586,-0.145407,0.259022,-0.394833,-0.206113
2026-07-29 15:51:44.965,256.099756,0.000000,0.000000,0.000000,0.335879,-0.375629,-0.241765,0.136121,-0.361736,-0.245040,0.236000,-0.368683,-0.243403,0.206528,-0.411320,-0.210590,0.229250,-0.412835,-0.148663,0.261018,-0.406062,-0.208429
2026-07-29 15:51:45.065,256.199756,0.000000,0.000000,0.000000,0.334790,-0.369504,-0.240502,0.135033,-0.355611,-0.243776,0.234912,-0.362558,-0.242139,0.205440,-0.405195,-0.209327,0.229033,-0.404699,-0.147872,0.259818,-0.400950,-0.207183
2026-07-29 15:51:45.165,256.299756,0.000000,0.000000,0.000000,0.335153,-0.371546,-0.240923,0.135396,-0.357653,-0.244197,0.235274,-0.364599,-0.242560,0.205803,-0.407237,-0.209748,0.229332,-0.407755,-0.148402,0.260181,-0.402992,-0.207604
2026-07-29 15:51:45.265,256.399755,0.000000,0.000000,0.000000,0.335698,-0.374609,-0.241555,0.135940,-0.360715,-0.244829,0.235819,-0.367662,-0.243192,0.206374,-0.409283,-0.210366,0.229904,-0.410810,-0.149752,0.260002,-0.406030,-0.208263
2026-07-29 15:51:45.365,256.499755,0.000000,0.000000,0.000000,0.335551,-0.371557,-0.241167,0.135577,-0.358674,-0.244408,0.235564,-0.365115,-0.242787,0.206012,-0.407242,-0.209945,0.230155,-0.410812,-0.150236,0.260362,-0.404013,-0.207814
2026-07-29 15:51:45.465,256.599755,0.000000,0.000000,0.000000,0.342216,-0.373965,-0.222046,0.142372,-0.364061,-0.225814,0.242294,-0.369013,-0.223930,0.213963,-0.410137,-0.189014,0.238229,-0.409127,-0.129989,0.268223,-0.404480,-0.187164
2026-07-29 15:51:45.565,256.699755,0.000000,0.000000,0.000000,0.343227,-0.377054,-0.222767,0.143192,-0.368163,-0.226451,0.243210,-0.372608,-0.224609,0.214786,-0.413223,-0.189689,0.239048,-0.413228,-0.130626,0.268320,-0.408576,-0.187829
2026-07-29 15:51:45.665,256.799755,0.000000,0.000000,0.000000,0.334790,-0.369504,-0.240502,0.135033,-0.355611,-0.243776,0.234912,-0.362558,-0.242139,0.205467,-0.404179,-0.209313,0.229600,-0.408748,-0.151141,0.259095,-0.400926,-0.207210
2026-07-29 15:51:45.765,256.899755,0.000000,0.000000,0.000000,0.334790,-0.369504,-0.240502,0.135109,-0.356631,-0.243739,0.234950,-0.363068,-0.242120,0.205467,-0.404179,-0.209313,0.230247,-0.409786,-0.151218,0.259123,-0.400918,-0.207934
2026-07-29 15:51:45.865,256.999755,0.000000,0.000000,0.000000,0.334972,-0.370525,-0.240713,0.135214,-0.356632,-0.243987,0.235093,-0.363579,-0.242350,0.205649,-0.405200,-0.209524,0.230495,-0.409793,-0.151324,0.259415,-0.400925,-0.208129
2026-07-29 15:51:45.965,257.099755,0.000000,0.000000,0.000000,0.335335,-0.372567,-0.241134,0.135577,-0.358674,-0.244408,0.235456,-0.365620,-0.242771,0.206012,-0.407242,-0.209945,0.230886,-0.411827,-0.152461,0.259667,-0.403980,-0.208566
2026-07-29 15:51:46.065,257.199755,0.000000,0.000000,0.000000,0.334972,-0.370525,-0.240713,0.135214,-0.356632,-0.243987,0.235093,-0.363579,-0.242350,0.206422,-0.404201,-0.210203,0.230590,-0.408772,-0.151936,0.259304,-0.401939,-0.208145
2026-07-29 15:51:46.165,257.299755,0.000000,0.000000,0.000000,0.335007,-0.368494,-0.240535,0.135033,-0.355611,-0.243776,0.235020,-0.362053,-0.242156,0.206213,-0.403187,-0.209272,0.231055,-0.408789,-0.151802,0.259233,-0.399905,-0.207919
2026-07-29 15:51:46.265,257.399755,0.000000,0.000000,0.000000,0.334972,-0.370525,-0.240713,0.135214,-0.356632,-0.243987,0.235093,-0.363579,-0.242350,0.206366,-0.405224,-0.209496,0.231305,-0.408796,-0.151909,0.259304,-0.401939,-0.208145
2026-07-29 15:51:46.365,257.499754,0.000000,0.000000,0.000000,0.335335,-0.372567,-0.241134,0.135577,-0.358674,-0.244408,0.235456,-0.365620,-0.242771,0.206729,-0.407266,-0.209918,0.232314,-0.411876,-0.152406,0.259667,-0.403980,-0.208566
2026-07-29 15:51:46.465,257.599754,0.000000,0.000000,0.000000,0.343227,-0.377054,-0.222767,0.143090,-0.367148,-0.226540,0.243159,-0.372101,-0.224654,0.215508,-0.412213,-0.189699,0.241276,-0.413329,-0.132691,0.268433,-0.407589,-0.188588
2026-07-29 15:51:46.565,257.699754,0.000000,0.000000,0.000000,0.342818,-0.375003,-0.222449,0.142681,-0.365097,-0.226222,0.242749,-0.370050,-0.224335,0.215094,-0.411178,-0.189343,0.240866,-0.411278,-0.132373,0.267938,-0.406553,-0.188234
2026-07-29 15:51:46.665,257.799754,0.000000,0.000000,0.000000,0.334065,-0.365421,-0.239660,0.134307,-0.351528,-0.242934,0.234186,-0.358474,-0.241297,0.205459,-0.400120,-0.208444,0.231855,-0.403733,-0.151518,0.258397,-0.396835,-0.207092
2026-07-29 15:51:46.765,257.899754,0.000000,0.000000,0.000000,0.334972,-0.370525,-0.240713,0.135291,-0.357652,-0.243949,0.235131,-0.364089,-0.242331,0.206395,-0.404208,-0.209483,0.232930,-0.406802,-0.153084,0.259304,-0.401939,-0.208145
2026-07-29 15:51:46.865,257.999754,0.000000,0.000000,0.000000,0.335188,-0.369515,-0.240746,0.135137,-0.355612,-0.244024,0.235163,-0.362563,-0.242385,0.206395,-0.404208,-0.209483,0.233647,-0.406827,-0.153057,0.259304,-0.401939,-0.208145
2026-07-29 15:51:46.965,258.099754,0.000000,0.000000,0.000000,0.334790,-0.369504,-0.240502,0.134956,-0.354591,-0.243814,0.234873,-0.362048,-0.242158,0.206213,-0.403187,-0.209272,0.233608,-0.403779,-0.152644,0.259123,-0.400918,-0.207934
2026-07-29 15:51:47.065,258.199754,0.000000,0.000000,0.000000,0.335153,-0.371546,-0.240923,0.135396,-0.357653,-0.244197,0.235274,-0.364599,-0.242560,0.206590,-0.404721,-0.209687,0.234573,-0.407864,-0.153959,0.258872,-0.401921,-0.208368
2026-07-29 15:51:47.165,258.299754,0.000000,0.000000,0.000000,0.334972,-0.370525,-0.240713,0.135214,-0.356632,-0.243987,0.235093,-0.363579,-0.242350,0.207113,-0.404233,-0.209456,0.234464,-0.405830,-0.153648,0.258691,-0.400901,-0.208157
2026-07-29 15:51:47.265,258.399754,0.000000,0.000000,0.000000,0.334937,-0.372556,-0.240890,0.135472,-0.358673,-0.244160,0.235205,-0.365615,-0.242525,0.207324,-0.404238,-0.209653,0.235364,-0.406875,-0.153831,0.258872,-0.401921,-0.208368
2026-07-29 15:51:47.365,258.499753,0.000000,0.000000,0.000000,0.335335,-0.372567,-0.241134,0.135577,-0.358674,-0.244408,0.235456,-0.365620,-0.242771,0.207476,-0.406275,-0.209877,0.235573,-0.407888,-0.154761,0.259053,-0.402942,-0.208578
2026-07-29 15:51:47.465,258.599753,0.000000,0.000000,0.000000,0.334790,-0.369504,-0.240502,0.135033,-0.355611,-0.243776,0.234912,-0.362558,-0.242139,0.206961,-0.402196,-0.209232,0.235747,-0.404850,-0.154102,0.258509,-0.399880,-0.207946
2026-07-29 15:51:47.565,258.699753,0.000000,0.000000,0.000000,0.335153,-0.371546,-0.240923,0.135396,-0.357653,-0.244197,0.235274,-0.364599,-0.242560,0.207324,-0.404238,-0.209653,0.236138,-0.406884,-0.155243,0.258872,-0.401921,-0.208368
2026-07-29 15:51:47.665,258.799753,0.000000,0.000000,0.000000,0.335516,-0.373588,-0.241344,0.135758,-0.359694,-0.244618,0.235637,-0.366641,-0.242981,0.207687,-0.406279,-0.210074,0.237219,-0.408951,-0.155637,0.259235,-0.403963,-0.208789
2026-07-29 15:51:47.765,258.899753,0.000000,0.000000,0.000000,0.335879,-0.375629,-0.241765,0.136121,-0.361736,-0.245040,0.236000,-0.368683,-0.243403,0.208739,-0.409362,-0.210481,0.237610,-0.410984,-0.156777,0.259598,-0.406005,-0.209210
2026-07-29 15:51:47.865,258.999753,0.000000,0.000000,0.000000,0.344034,-0.379118,-0.223329,0.143806,-0.371239,-0.226929,0.243920,-0.375179,-0.225129,0.217566,-0.414285,-0.190160,0.247244,-0.412509,-0.136372,0.268323,-0.410659,-0.189094
2026-07-29 15:51:47.965,259.099753,0.000000,0.000000,0.000000,0.335516,-0.373588,-0.241344,0.135835,-0.360715,-0.244581,0.235676,-0.367151,-0.242963,0.208422,-0.405796,-0.210040,0.237993,-0.408960,-0.157048,0.259235,-0.403963,-0.208789
2026-07-29 15:51:48.065,259.199753,0.000000,0.000000,0.000000,0.334427,-0.367463,-0.240081,0.134670,-0.353569,-0.243355,0.234549,-0.360516,-0.241718,0.207318,-0.400179,-0.208783,0.236904,-0.402834,-0.155785,0.258146,-0.397838,-0.207525
2026-07-29 15:51:48.165,259.299753,0.000000,0.000000,0.000000,0.335516,-0.373588,-0.241344,0.135758,-0.359694,-0.244618,0.235637,-0.366641,-0.242981,0.209126,-0.406328,-0.210019,0.238739,-0.408976,-0.157741,0.259126,-0.404977,-0.208804
2026-07-29 15:51:48.265,259.399753,0.000000,0.000000,0.000000,0.335732,-0.372577,-0.241378,0.135682,-0.358674,-0.244656,0.235707,-0.365626,-0.243017,0.209094,-0.407344,-0.210033,0.238844,-0.407955,-0.158366,0.259235,-0.403963,-0.208789
2026-07-29 15:51:48.365,259.499753,0.000000,0.000000,0.000000,0.335300,-0.374598,-0.241311,0.135758,-0.359694,-0.244618,0.235529,-0.367146,-0.242965,0.209126,-0.406328,-0.210019,0.239564,-0.407980,-0.158339,0.259235,-0.403963,-0.208789
2026-07-29 15:51:48.465,259.599752,0.000000,0.000000,0.000000,0.335551,-0.371557,-0.241167,0.135654,-0.359694,-0.244370,0.235602,-0.365625,-0.242769,0.208945,-0.405308,-0.209809,0.239410,-0.406951,-0.158849,0.259081,-0.402934,-0.209303
2026-07-29 15:51:48.565,259.699752,0.000000,0.000000,0.000000,0.335698,-0.374609,-0.241555,0.135940,-0.360715,-0.244829,0.235819,-0.367662,-0.243192,0.210060,-0.406358,-0.210189,0.240520,-0.409009,-0.159963,0.259444,-0.404976,-0.209724
2026-07-29 15:51:48.665,259.799752,0.000000,0.000000,0.000000,0.335300,-0.374598,-0.241311,0.135758,-0.359694,-0.244618,0.235529,-0.367146,-0.242965,0.209812,-0.407369,-0.210005,0.240419,-0.406975,-0.159661,0.258647,-0.402917,-0.209527
2026-07-29 15:51:48.765,259.899752,0.000000,0.000000,0.000000,0.335153,-0.371546,-0.240923,0.135472,-0.358673,-0.244160,0.235313,-0.365110,-0.242541,0.209510,-0.404304,-0.210291,0.240004,-0.405939,-0.160052,0.258284,-0.400875,-0.209106
2026-07-29 15:51:48.865,259.999752,0.000000,0.000000,0.000000,0.335516,-0.373588,-0.241344,0.135758,-0.359694,-0.244618,0.235637,-0.366641,-0.242981,0.209873,-0.406345,-0.210712,0.240367,-0.407981,-0.160474,0.258647,-0.402917,-0.209527
2026-07-29 15:51:48.965,260.099752,0.000000,0.000000,0.000000,0.335300,-0.374598,-0.241311,0.135758,-0.359694,-0.244618,0.235529,-0.367146,-0.242965,0.209873,-0.406345,-0.210712,0.240475,-0.406960,-0.161105,0.258701,-0.402410,-0.209520
2026-07-29 15:51:49.065,260.199752,0.000000,0.000000,0.000000,0.334972,-0.370525,-0.240713,0.135214,-0.356632,-0.243987,0.235093,-0.363579,-0.242350,0.209329,-0.403283,-0.210081,0.239931,-0.403897,-0.160473,0.258103,-0.399855,-0.208895
2026-07-29 15:51:49.165,260.299752,0.000000,0.000000,0.000000,0.335153,-0.371546,-0.240923,0.135472,-0.358673,-0.244160,0.235313,-0.365110,-0.242541,0.209510,-0.404304,-0.210291,0.240112,-0.404918,-0.160684,0.258392,-0.399862,-0.209092
2026-07-29 15:51:49.265,260.399752,0.000000,0.000000,0.000000,0.343214,-0.375016,-0.222692,0.142987,-0.367137,-0.226292,0.243101,-0.371077,-0.224492,0.218205,-0.411238,-0.190149,0.248832,-0.407601,-0.140656,0.266891,-0.405564,-0.189246
2026-07-29 15:51:49.365,260.499752,0.000000,0.000000,0.000000,0.335370,-0.370536,-0.240956,0.135396,-0.357653,-0.244197,0.235383,-0.364094,-0.242577,0.209510,-0.404304,-0.210291,0.240140,-0.404910,-0.161406,0.258284,-0.400875,-0.209106
2026-07-29 15:51:49.465,260.599751,0.000000,0.000000,0.000000,0.335153,-0.371546,-0.240923,0.135396,-0.357653,-0.244197,0.235274,-0.364599,-0.242560,0.209510,-0.404304,-0.210291,0.240220,-0.403897,-0.161317,0.258284,-0.400875,-0.209106
2026-07-29 15:51:49.565,260.699751,0.000000,0.000000,0.000000,0.334574,-0.370515,-0.240469,0.135033,-0.355611,-0.243776,0.234803,-0.363063,-0.242123,0.209147,-0.402262,-0.209870,0.239777,-0.402868,-0.160984,0.257921,-0.398834,-0.208685
2026-07-29 15:51:49.665,260.799751,0.000000,0.000000,0.000000,0.334756,-0.371536,-0.240679,0.135214,-0.356632,-0.243987,0.234985,-0.364084,-0.242333,0.209296,-0.404299,-0.210093,0.239958,-0.403889,-0.161195,0.258211,-0.398841,-0.208881
2026-07-29 15:51:49.765,260.899751,0.000000,0.000000,0.000000,0.335153,-0.371546,-0.240923,0.135396,-0.357653,-0.244197,0.235274,-0.364599,-0.242560,0.209510,-0.404304,-0.210291,0.240220,-0.403897,-0.161317,0.258284,-0.400875,-0.209106
2026-07-29 15:51:49.865,260.999751,0.000000,0.000000,0.000000,0.342818,-0.375003,-0.222449,0.142782,-0.366112,-0.226133,0.242800,-0.370557,-0.224291,0.218729,-0.409203,-0.190001,0.248654,-0.406604,-0.141218,0.266686,-0.404539,-0.189087
2026-07-29 15:51:49.965,261.099751,0.000000,0.000000,0.000000,0.335879,-0.375629,-0.241765,0.136121,-0.361736,-0.245040,0.236000,-0.368683,-0.243403,0.210236,-0.408387,-0.211134,0.240865,-0.408993,-0.162248,0.259010,-0.404959,-0.209948
2026-07-29 15:51:50.065,261.199751,0.000000,0.000000,0.000000,0.335335,-0.372567,-0.241134,0.135500,-0.357653,-0.244446,0.235417,-0.365110,-0.242790,0.209692,-0.405324,-0.210502,0.240321,-0.405931,-0.161616,0.258465,-0.401896,-0.209317
2026-07-29 15:51:50.165,261.299751,0.000000,0.000000,0.000000,0.335879,-0.375629,-0.241765,0.136121,-0.361736,-0.245040,0.236000,-0.368683,-0.243403,0.210236,-0.408387,-0.211134,0.240865,-0.408993,-0.162248,0.259010,-0.404959,-0.209948
2026-07-29 15:51:50.265,261.399751,0.000000,0.000000,0.000000,0.335879,-0.375629,-0.241765,0.136121,-0.361736,-0.245040,0.236000,-0.368683,-0.243403,0.210236,-0.408387,-0.211134,0.240865,-0.408993,-0.162248,0.259010,-0.404959,-0.209948
2026-07-29 15:51:50.365,261.499751,0.000000,0.000000,0.000000,0.343227,-0.377054,-0.222767,0.143192,-0.368163,-0.226451,0.243210,-0.372608,-0.224609,0.218419,-0.411248,-0.190347,0.249091,-0.408683,-0.142258,0.267012,-0.407605,-0.189368
2026-07-29 15:51:50.465,261.599751,0.000000,0.000000,0.000000,0.334427,-0.367463,-0.240081,0.134670,-0.353569,-0.243355,0.234549,-0.360516,-0.241718,0.208785,-0.400220,-0.209449,0.238721,-0.400794,-0.161313,0.257558,-0.396792,-0.208264
2026-07-29 15:51:50.565,261.699750,0.000000,0.000000,0.000000,0.335335,-0.372567,-0.241134,0.135500,-0.357653,-0.244446,0.235417,-0.365110,-0.242790,0.209692,-0.405324,-0.210502,0.239628,-0.405899,-0.162365,0.258465,-0.401896,-0.209317
2026-07-29 15:51:50.665,261.799750,0.000000,0.000000,0.000000,0.343022,-0.376029,-0.222608,0.142987,-0.367137,-0.226292,0.243005,-0.371583,-0.224450,0.218214,-0.410222,-0.190188,0.248165,-0.407651,-0.142126,0.266891,-0.405564,-0.189246
2026-07-29 15:51:50.765,261.899750,0.000000,0.000000,0.000000,0.335516,-0.373588,-0.241344,0.135758,-0.359694,-0.244618,0.235637,-0.366641,-0.242981,0.209873,-0.406345,-0.210712,0.239810,-0.406919,-0.162576,0.258647,-0.402917,-0.209527
2026-07-29 15:51:50.865,261.999750,0.000000,0.000000,0.000000,0.335370,-0.370536,-0.240956,0.135396,-0.357653,-0.244197,0.235383,-0.364094,-0.242577,0.209510,-0.404304,-0.210291,0.238726,-0.404853,-0.162182,0.258284,-0.400875,-0.209106
2026-07-29 15:51:50.965,262.099750,0.000000,0.000000,0.000000,0.334212,-0.370499,-0.240742,0.135137,-0.355612,-0.244024,0.234675,-0.363055,-0.242383,0.209329,-0.403283,-0.210081,0.238494,-0.404838,-0.162779,0.258103,-0.399855,-0.208895
2026-07-29 15:51:51.065,262.199750,0.000000,0.000000,0.000000,0.335516,-0.373588,-0.241344,0.135758,-0.359694,-0.244618,0.235637,-0.366641,-0.242981,0.209873,-0.406345,-0.210712,0.239038,-0.407901,-0.163411,0.258647,-0.402917,-0.209527
2026-07-29 15:51:51.165,262.299750,0.000000,0.000000,0.000000,0.342818,-0.375003,-0.222449,0.142782,-0.366112,-0.226133,0.242800,-0.370557,-0.224291,0.218017,-0.408181,-0.190067,0.247213,-0.407666,-0.142751,0.266769,-0.403523,-0.189124
2026-07-29 15:51:51.265,262.399750,0.000000,0.000000,0.000000,0.335516,-0.373588,-0.241344,0.135758,-0.359694,-0.244618,0.235637,-0.366641,-0.242981,0.209906,-0.405329,-0.210700,0.239038,-0.407901,-0.163411,0.258755,-0.401904,-0.209513
2026-07-29 15:51:51.365,262.499750,0.000000,0.000000,0.000000,0.334790,-0.369504,-0.240502,0.135033,-0.355611,-0.243776,0.234912,-0.362558,-0.242139,0.209181,-0.401246,-0.209858,0.238391,-0.402804,-0.162483,0.257196,-0.398809,-0.208712
2026-07-29 15:51:51.465,262.599750,0.000000,0.000000,0.000000,0.335007,-0.368494,-0.240535,0.135033,-0.355611,-0.243776,0.235020,-0.362053,-0.242156,0.209901,-0.401270,-0.209830,0.237593,-0.403793,-0.162596,0.257196,-0.398809,-0.208712
2026-07-29 15:51:51.565,262.699749,0.000000,0.000000,0.000000,0.342203,-0.371927,-0.221971,0.142269,-0.364050,-0.225566,0.242236,-0.367989,-0.223769,0.218114,-0.406126,-0.189523,0.245931,-0.403566,-0.142266,0.265346,-0.401456,-0.188637
2026-07-29 15:51:51.665,262.799749,0.000000,0.000000,0.000000,0.342831,-0.377041,-0.222524,0.143088,-0.368152,-0.226203,0.242959,-0.372597,-0.224363,0.218943,-0.409212,-0.190199,0.246698,-0.408686,-0.142937,0.266165,-0.405558,-0.189274
2026-07-29 15:51:51.765,262.899749,0.000000,0.000000,0.000000,0.334030,-0.367452,-0.239837,0.134488,-0.352549,-0.243145,0.234259,-0.360000,-0.241491,0.209323,-0.399224,-0.209211,0.237126,-0.399716,-0.161879,0.256652,-0.395747,-0.208081
2026-07-29 15:51:51.865,262.999749,0.000000,0.000000,0.000000,0.335153,-0.371546,-0.240923,0.135319,-0.356632,-0.244235,0.235236,-0.364089,-0.242579,0.210264,-0.403312,-0.210251,0.238754,-0.404845,-0.162904,0.257666,-0.399837,-0.209119
2026-07-29 15:51:51.965,263.099749,0.000000,0.000000,0.000000,0.342818,-0.375003,-0.222449,0.142782,-0.366112,-0.226133,0.242800,-0.370557,-0.224291,0.218738,-0.408187,-0.190040,0.247213,-0.407666,-0.142751,0.266043,-0.403518,-0.189152
2026-07-29 15:51:52.065,263.199749,0.000000,0.000000,0.000000,0.343009,-0.373991,-0.222533,0.142782,-0.366112,-0.226133,0.242896,-0.370051,-0.224333,0.218738,-0.408187,-0.190040,0.247240,-0.406620,-0.141994,0.266043,-0.403518,-0.189152
2026-07-29 15:51:52.165,263.299749,0.000000,0.000000,0.000000,0.334790,-0.369504,-0.240502,0.135033,-0.355611,-0.243776,0.234912,-0.362558,-0.242139,0.209901,-0.401270,-0.209830,0.238442,-0.401798,-0.161674,0.257196,-0.398809,-0.208712
2026-07-29 15:51:52.265,263.399749,0.000000,0.000000,0.000000,0.335153,-0.371546,-0.240923,0.135396,-0.357653,-0.244197,0.235274,-0.364599,-0.242560,0.210264,-0.403312,-0.210251,0.238055,-0.403823,-0.161400,0.257559,-0.400851,-0.209134
2026-07-29 15:51:52.365,263.499749,0.000000,0.000000,0.000000,0.335516,-0.373588,-0.241344,0.135758,-0.359694,-0.244618,0.235637,-0.366641,-0.242981,0.210627,-0.405354,-0.210673,0.238390,-0.405872,-0.161098,0.258029,-0.401879,-0.209541
2026-07-29 15:51:52.465,263.599749,0.000000,0.000000,0.000000,0.335335,-0.372567,-0.241134,0.135577,-0.358674,-0.244408,0.235456,-0.365620,-0.242771,0.210480,-0.403317,-0.210449,0.238209,-0.404851,-0.160887,0.257847,-0.400858,-0.209330
2026-07-29 15:51:52.565,263.699749,0.000000,0.000000,0.000000,0.335516,-0.373588,-0.241344,0.135682,-0.358674,-0.244656,0.235599,-0.366131,-0.243000,0.210599,-0.405362,-0.209951,0.237641,-0.405855,-0.160402,0.258001,-0.401887,-0.208813
2026-07-29 15:51:52.665,263.799748,0.000000,0.000000,0.000000,0.335516,-0.373588,-0.241344,0.135758,-0.359694,-0.244618,0.235637,-0.366641,-0.242981,0.210661,-0.404338,-0.210660,0.237537,-0.406877,-0.159771,0.258727,-0.401912,-0.208786
2026-07-29 15:51:52.765,263.899748,0.000000,0.000000,0.000000,0.335188,-0.369515,-0.240746,0.135214,-0.356632,-0.243987,0.235201,-0.363073,-0.242366,0.210055,-0.402299,-0.209319,0.236309,-0.403283,-0.159121,0.258183,-0.398849,-0.208154
2026-07-29 15:51:52.865,263.999748,0.000000,0.000000,0.000000,0.335516,-0.373588,-0.241344,0.135758,-0.359694,-0.244618,0.235637,-0.366641,-0.242981,0.210634,-0.404346,-0.209937,0.236714,-0.407873,-0.159169,0.258727,-0.401912,-0.208786
2026-07-29 15:51:52.965,264.099748,0.000000,0.000000,0.000000,0.335698,-0.374609,-0.241555,0.135863,-0.359695,-0.244867,0.235780,-0.367152,-0.243211,0.210815,-0.405367,-0.210148,0.236222,-0.407864,-0.158593,0.259017,-0.401919,-0.208981
2026-07-29 15:51:53.065,264.199748,0.000000,0.000000,0.000000,0.334937,-0.372556,-0.240890,0.135396,-0.357653,-0.244197,0.235166,-0.365105,-0.242544,0.210236,-0.403320,-0.209530,0.235650,-0.404809,-0.157239,0.258364,-0.399870,-0.208364
2026-07-29 15:51:53.165,264.299748,0.000000,0.000000,0.000000,0.335153,-0.371546,-0.240923,0.135396,-0.357653,-0.244197,0.235274,-0.364599,-0.242560,0.210298,-0.402296,-0.210239,0.234929,-0.404785,-0.157267,0.258472,-0.398856,-0.208349
2026-07-29 15:51:53.265,264.399748,0.000000,0.000000,0.000000,0.335516,-0.373588,-0.241344,0.135758,-0.359694,-0.244618,0.235637,-0.366641,-0.242981,0.210634,-0.404346,-0.209937,0.235264,-0.406834,-0.156966,0.258835,-0.400898,-0.208770
2026-07-29 15:51:53.365,264.499748,0.000000,0.000000,0.000000,0.342408,-0.372952,-0.222130,0.142474,-0.365076,-0.225726,0.242441,-0.369014,-0.223928,0.218311,-0.405092,-0.189037,0.242978,-0.404289,-0.135322,0.266332,-0.401444,-0.188078
2026-07-29 15:51:53.465,264.599748,0.000000,0.000000,0.000000,0.336061,-0.376650,-0.241976,0.136303,-0.362757,-0.245250,0.236182,-0.369704,-0.243613,0.211178,-0.407408,-0.210569,0.235781,-0.409904,-0.156876,0.259271,-0.404974,-0.209417
2026-07-29 15:51:53.565,264.699748,0.000000,0.000000,0.000000,0.335153,-0.371546,-0.240923,0.135396,-0.357653,-0.244197,0.235274,-0.364599,-0.242560,0.210298,-0.402296,-0.210239,0.234846,-0.404808,-0.155101,0.258472,-0.398856,-0.208349
2026-07-29 15:51:53.665,264.799747,0.000000,0.000000,0.000000,0.334790,-0.369504,-0.240502,0.135033,-0.355611,-0.243776,0.234912,-0.362558,-0.242139,0.209901,-0.401270,-0.209830,0.234410,-0.403780,-0.154778,0.258109,-0.396815,-0.207928
2026-07-29 15:51:53.765,264.899747,0.000000,0.000000,0.000000,0.334246,-0.366442,-0.239870,0.134412,-0.351528,-0.243182,0.234329,-0.358985,-0.241526,0.208669,-0.397167,-0.209214,0.233838,-0.400725,-0.153426,0.257565,-0.393752,-0.207296
2026-07-29 15:51:53.865,264.999747,0.000000,0.000000,0.000000,0.335732,-0.372577,-0.241378,0.135758,-0.359694,-0.244618,0.235745,-0.366136,-0.242998,0.209940,-0.404313,-0.210687,0.235009,-0.408892,-0.154279,0.258835,-0.400898,-0.208770
2026-07-29 15:51:53.965,265.099747,0.000000,0.000000,0.000000,0.334790,-0.369504,-0.240502,0.135033,-0.355611,-0.243776,0.234912,-0.362558,-0.242139,0.209214,-0.400230,-0.209845,0.234210,-0.405823,-0.153537,0.258217,-0.395801,-0.207913
2026-07-29 15:51:54.065,265.199747,0.000000,0.000000,0.000000,0.334790,-0.369504,-0.240502,0.135033,-0.355611,-0.243776,0.234912,-0.362558,-0.242139,0.209214,-0.400230,-0.209845,0.234110,-0.406844,-0.152920,0.258837,-0.396840,-0.207900
2026-07-29 15:51:54.165,265.299747,0.000000,0.000000,0.000000,0.335153,-0.371546,-0.240923,0.135472,-0.358673,-0.244160,0.235313,-0.365110,-0.242541,0.208855,-0.402247,-0.210294,0.234473,-0.408886,-0.153342,0.259200,-0.398881,-0.208321
2026-07-29 15:51:54.265,265.399747,0.000000,0.000000,0.000000,0.342613,-0.373978,-0.222289,0.142678,-0.366101,-0.225885,0.242646,-0.370040,-0.224087,0.217099,-0.406134,-0.189974,0.242835,-0.410297,-0.132847,0.267348,-0.401461,-0.188246
2026-07-29 15:51:54.365,265.499747,0.000000,0.000000,0.000000,0.334574,-0.370515,-0.240469,0.135109,-0.356631,-0.243739,0.234842,-0.363573,-0.242104,0.208428,-0.402237,-0.209898,0.234726,-0.407890,-0.152278,0.258727,-0.397853,-0.207916
2026-07-29 15:51:54.465,265.599747,0.000000,0.000000,0.000000,0.335153,-0.371546,-0.240923,0.135396,-0.357653,-0.244197,0.235274,-0.364599,-0.242560,0.208791,-0.404279,-0.210319,0.235125,-0.409425,-0.152648,0.259090,-0.399895,-0.208337
2026-07-29 15:51:54.565,265.699747,0.000000,0.000000,0.000000,0.335118,-0.373577,-0.241100,0.135654,-0.359694,-0.244370,0.235386,-0.366636,-0.242735,0.208284,-0.404259,-0.210544,0.235270,-0.410952,-0.152910,0.259998,-0.400940,-0.208520
2026-07-29 15:51:54.665,265.799747,0.000000,0.000000,0.000000,0.335118,-0.373577,-0.241100,0.135577,-0.358674,-0.244408,0.235348,-0.366125,-0.242754,0.208253,-0.405275,-0.210557,0.235169,-0.411974,-0.152298,0.259998,-0.400940,-0.208520
2026-07-29 15:51:54.765,265.899746,0.000000,0.000000,0.000000,0.335153,-0.371546,-0.240923,0.135396,-0.357653,-0.244197,0.235274,-0.364599,-0.242560,0.208040,-0.405270,-0.210358,0.235061,-0.409939,-0.151983,0.259817,-0.399919,-0.208309
2026-07-29 15:51:54.865,265.999746,0.000000,0.000000,0.000000,0.335153,-0.371546,-0.240923,0.135396,-0.357653,-0.244197,0.235274,-0.364599,-0.242560,0.208075,-0.403246,-0.209612,0.235098,-0.409432,-0.151931,0.259706,-0.400933,-0.208325
2026-07-29 15:51:54.965,266.099746,0.000000,0.000000,0.000000,0.335335,-0.372567,-0.241134,0.135500,-0.357653,-0.244446,0.235417,-0.365110,-0.242790,0.208253,-0.405275,-0.210557,0.235243,-0.410960,-0.152194,0.259998,-0.400940,-0.208520
2026-07-29 15:51:55.065,266.199746,0.000000,0.000000,0.000000,0.334574,-0.370515,-0.240469,0.135109,-0.356631,-0.243739,0.234842,-0.363573,-0.242104,0.207708,-0.402213,-0.209925,0.234698,-0.407898,-0.151562,0.259454,-0.397878,-0.207888
2026-07-29 15:51:55.165,266.299746,0.000000,0.000000,0.000000,0.334609,-0.368484,-0.240291,0.134774,-0.353570,-0.243603,0.234692,-0.361027,-0.241947,0.207527,-0.401192,-0.209714,0.234489,-0.406884,-0.150635,0.259272,-0.396857,-0.207677
2026-07-29 15:51:55.265,266.399746,0.000000,0.000000,0.000000,0.335879,-0.375629,-0.241765,0.136121,-0.361736,-0.245040,0.236000,-0.368683,-0.243403,0.208766,-0.409354,-0.211201,0.235787,-0.414023,-0.152826,0.260542,-0.404003,-0.209151
2026-07-29 15:51:55.365,266.499746,0.000000,0.000000,0.000000,0.342626,-0.376016,-0.222364,0.142782,-0.366112,-0.226133,0.242704,-0.371064,-0.224249,0.216569,-0.409185,-0.190084,0.243673,-0.411246,-0.130832,0.268195,-0.403507,-0.188341
2026-07-29 15:51:55.465,266.599746,0.000000,0.000000,0.000000,0.334030,-0.367452,-0.239837,0.134412,-0.351528,-0.243182,0.234221,-0.359490,-0.241510,0.206474,-0.398109,-0.209308,0.234053,-0.405856,-0.150319,0.258799,-0.395829,-0.207272
2026-07-29 15:51:55.565,266.699746,0.000000,0.000000,0.000000,0.343637,-0.379105,-0.223086,0.143601,-0.370214,-0.226770,0.243619,-0.374659,-0.224928,0.216663,-0.414297,-0.190709,0.243777,-0.415342,-0.131496,0.268929,-0.408624,-0.188942
2026-07-29 15:51:55.665,266.799746,0.000000,0.000000,0.000000,0.342626,-0.376016,-0.222364,0.142883,-0.367127,-0.226044,0.242755,-0.371571,-0.224204,0.215849,-0.409179,-0.190111,0.242910,-0.412259,-0.130913,0.268109,-0.404522,-0.188305
2026-07-29 15:51:55.765,266.899745,0.000000,0.000000,0.000000,0.335879,-0.375629,-0.241765,0.136121,-0.361736,-0.245040,0.236000,-0.368683,-0.243403,0.208078,-0.408313,-0.211216,0.234972,-0.415019,-0.152241,0.260432,-0.405016,-0.209167
2026-07-29 15:51:55.865,266.999745,0.000000,0.000000,0.000000,0.334393,-0.369494,-0.240258,0.134928,-0.355611,-0.243528,0.234660,-0.362552,-0.241893,0.206808,-0.401167,-0.209742,0.233702,-0.407874,-0.150767,0.259162,-0.397870,-0.207693
2026-07-29 15:51:55.965,267.099745,0.000000,0.000000,0.000000,0.334393,-0.369494,-0.240258,0.134851,-0.354590,-0.243566,0.234622,-0.362042,-0.241912,0.206808,-0.401167,-0.209742,0.233774,-0.406860,-0.150663,0.259162,-0.397870,-0.207693
2026-07-29 15:51:56.065,267.199745,0.000000,0.000000,0.000000,0.335335,-0.372567,-0.241134,0.135577,-0.358674,-0.244408,0.235456,-0.365620,-0.242771,0.207503,-0.406267,-0.210596,0.234356,-0.412971,-0.151714,0.259888,-0.401954,-0.208535
2026-07-29 15:51:56.165,267.299745,0.000000,0.000000,0.000000,0.335663,-0.376640,-0.241732,0.136121,-0.361736,-0.245040,0.235892,-0.369188,-0.243386,0.208107,-0.407297,-0.211203,0.234258,-0.414995,-0.152269,0.260432,-0.405016,-0.209167
2026-07-29 15:51:56.265,267.399745,0.000000,0.000000,0.000000,0.335516,-0.373588,-0.241344,0.135758,-0.359694,-0.244618,0.235637,-0.366641,-0.242981,0.207745,-0.405255,-0.210782,0.233895,-0.412953,-0.151847,0.260069,-0.402975,-0.208746
2026-07-29 15:51:56.365,267.499745,0.000000,0.000000,0.000000,0.334756,-0.371536,-0.240679,0.135214,-0.356632,-0.243987,0.234985,-0.364084,-0.242333,0.207170,-0.403209,-0.210163,0.233351,-0.409891,-0.151216,0.259525,-0.399912,-0.208114
2026-07-29 15:51:56.465,267.599745,0.000000,0.000000,0.000000,0.342831,-0.377041,-0.222524,0.142987,-0.367137,-0.226292,0.242909,-0.372089,-0.224408,0.216049,-0.411221,-0.190232,0.242401,-0.413279,-0.131099,0.268314,-0.405548,-0.188465
2026-07-29 15:51:56.565,267.699745,0.000000,0.000000,0.000000,0.334790,-0.369504,-0.240502,0.135033,-0.355611,-0.243776,0.234912,-0.362558,-0.242139,0.206959,-0.403204,-0.209965,0.233170,-0.408870,-0.151005,0.259343,-0.398891,-0.207903
2026-07-29 15:51:56.665,267.799745,0.000000,0.000000,0.000000,0.334427,-0.367463,-0.240081,0.134670,-0.353569,-0.243355,0.234549,-0.360516,-0.241718,0.206596,-0.401163,-0.209544,0.232807,-0.406828,-0.150584,0.258980,-0.396850,-0.207482
2026-07-29 15:51:56.765,267.899745,0.000000,0.000000,0.000000,0.335300,-0.374598,-0.241311,0.135835,-0.360715,-0.244581,0.235568,-0.367656,-0.242946,0.207685,-0.407288,-0.210807,0.233895,-0.412953,-0.151847,0.260069,-0.402975,-0.208746
2026-07-29 15:51:56.865,267.999744,0.000000,0.000000,0.000000,0.343432,-0.378080,-0.222926,0.143498,-0.370203,-0.226522,0.243465,-0.374141,-0.224724,0.216461,-0.412764,-0.190570,0.242783,-0.415302,-0.130703,0.268724,-0.407599,-0.188783
2026-07-29 15:51:56.965,268.099744,0.000000,0.000000,0.000000,0.334790,-0.369504,-0.240502,0.135109,-0.356631,-0.243739,0.234950,-0.363068,-0.242120,0.206269,-0.402164,-0.209980,0.233213,-0.407864,-0.150184,0.259343,-0.398891,-0.207903
2026-07-29 15:51:57.065,268.199744,0.000000,0.000000,0.000000,0.335335,-0.372567,-0.241134,0.135577,-0.358674,-0.244408,0.235456,-0.365620,-0.242771,0.207563,-0.404235,-0.210572,0.233686,-0.411940,-0.150922,0.259888,-0.401954,-0.208535
2026-07-29 15:51:57.165,268.299744,0.000000,0.000000,0.000000,0.335153,-0.371546,-0.240923,0.135396,-0.357653,-0.244197,0.235274,-0.364599,-0.242560,0.207382,-0.403214,-0.210361,0.233505,-0.410919,-0.150711,0.259706,-0.400933,-0.208325
2026-07-29 15:51:57.265,268.399744,0.000000,0.000000,0.000000,0.335153,-0.371546,-0.240923,0.135319,-0.356632,-0.244235,0.235236,-0.364089,-0.242579,0.207352,-0.404230,-0.210373,0.233505,-0.410919,-0.150711,0.259706,-0.400933,-0.208325
2026-07-29 15:51:57.365,268.499744,0.000000,0.000000,0.000000,0.335516,-0.373588,-0.241344,0.135835,-0.360715,-0.244581,0.235676,-0.367151,-0.242963,0.207715,-0.406271,-0.210795,0.233840,-0.412969,-0.150417,0.260069,-0.402975,-0.208746
2026-07-29 15:51:57.465,268.599744,0.000000,0.000000,0.000000,0.335844,-0.377661,-0.241943,0.136380,-0.363777,-0.245213,0.236112,-0.370719,-0.243578,0.208259,-0.409334,-0.211426,0.233741,-0.414993,-0.150969,0.260614,-0.406037,-0.209377
2026-07-29 15:51:57.565,268.699744,0.000000,0.000000,0.000000,0.335118,-0.373577,-0.241100,0.135577,-0.358674,-0.244408,0.235348,-0.366125,-0.242754,0.207518,-0.405759,-0.210590,0.232945,-0.411924,-0.150234,0.259777,-0.402967,-0.208551
2026-07-29 15:51:57.665,268.799744,0.000000,0.000000,0.000000,0.334574,-0.370515,-0.240469,0.135109,-0.356631,-0.243739,0.234842,-0.363573,-0.242104,0.206974,-0.402696,-0.209959,0.232401,-0.408861,-0.149602,0.259233,-0.399905,-0.207919
2026-07-29 15:51:57.765,268.899744,0.000000,0.000000,0.000000,0.335516,-0.373588,-0.241344,0.135835,-0.360715,-0.244581,0.235676,-0.367151,-0.242963,0.207685,-0.407288,-0.210807,0.233126,-0.412944,-0.150444,0.260069,-0.402975,-0.208746
2026-07-29 15:51:57.865,268.999743,0.000000,0.000000,0.000000,0.334427,-0.367463,-0.240081,0.134670,-0.353569,-0.243355,0.234549,-0.360516,-0.241718,0.206626,-0.400146,-0.209531,0.232038,-0.406819,-0.149181,0.258980,-0.396850,-0.207482
2026-07-29 15:51:57.965,269.099743,0.000000,0.000000,0.000000,0.334394,-0.371520,-0.240952,0.135396,-0.357653,-0.244197,0.234895,-0.364586,-0.242575,0.207352,-0.404230,-0.210373,0.232833,-0.409889,-0.149916,0.259706,-0.400933,-0.208325
2026-07-29 15:51:58.065,269.199743,0.000000,0.000000,0.000000,0.343445,-0.380117,-0.223001,0.143601,-0.370214,-0.226770,0.243523,-0.375166,-0.224886,0.216641,-0.413253,-0.190028,0.242247,-0.416294,-0.130175,0.269567,-0.409645,-0.188879
2026-07-29 15:51:58.165,269.299743,0.000000,0.000000,0.000000,0.335153,-0.371546,-0.240923,0.135396,-0.357653,-0.244197,0.235274,-0.364599,-0.242560,0.207352,-0.404230,-0.210373,0.232764,-0.410903,-0.150023,0.259706,-0.400933,-0.208325
2026-07-29 15:51:58.265,269.399743,0.000000,0.000000,0.000000,0.335732,-0.372577,-0.241378,0.135758,-0.359694,-0.244618,0.235745,-0.366136,-0.242998,0.207657,-0.407295,-0.210087,0.233099,-0.412952,-0.149729,0.259959,-0.403988,-0.208761
2026-07-29 15:51:58.365,269.499743,0.000000,0.000000,0.000000,0.334972,-0.370525,-0.240713,0.135214,-0.356632,-0.243987,0.235093,-0.363579,-0.242350,0.207170,-0.403209,-0.210163,0.232555,-0.409890,-0.149098,0.259525,-0.399912,-0.208114
2026-07-29 15:51:58.465,269.599743,0.000000,0.000000,0.000000,0.335335,-0.372567,-0.241134,0.135577,-0.358674,-0.244408,0.235456,-0.365620,-0.242771,0.207476,-0.406275,-0.209877,0.232918,-0.411931,-0.149519,0.259888,-0.401954,-0.208535
2026-07-29 15:51:58.565,269.699743,0.000000,0.000000,0.000000,0.335153,-0.371546,-0.240923,0.135472,-0.358673,-0.244160,0.235313,-0.365110,-0.242541,0.207294,-0.405254,-0.209666,0.232666,-0.411924,-0.149416,0.259817,-0.399919,-0.208309
2026-07-29 15:51:58.665,269.799743,0.000000,0.000000,0.000000,0.343637,-0.379105,-0.223086,0.143601,-0.370214,-0.226770,0.243619,-0.374659,-0.224928,0.216641,-0.413253,-0.190028,0.242265,-0.415247,-0.129404,0.268929,-0.408624,-0.188942
2026-07-29 15:51:58.765,269.899743,0.000000,0.000000,0.000000,0.335698,-0.374609,-0.241555,0.135940,-0.360715,-0.244829,0.235819,-0.367662,-0.243192,0.207866,-0.408308,-0.211018,0.232635,-0.412935,-0.149859,0.260251,-0.403995,-0.208956
2026-07-29 15:51:58.865,269.999743,0.000000,0.000000,0.000000,0.343022,-0.376029,-0.222608,0.142987,-0.367137,-0.226292,0.243005,-0.371583,-0.224450,0.216027,-0.410177,-0.189550,0.240891,-0.413184,-0.129010,0.268314,-0.405548,-0.188465
2026-07-29 15:51:58.965,270.099742,0.000000,0.000000,0.000000,0.334790,-0.369504,-0.240502,0.135109,-0.356631,-0.243739,0.234950,-0.363068,-0.242120,0.206961,-0.402196,-0.209232,0.231728,-0.407831,-0.148806,0.259233,-0.399905,-0.207919
2026-07-29 15:51:59.065,270.199742,0.000000,0.000000,0.000000,0.334937,-0.372556,-0.240890,0.135396,-0.357653,-0.244197,0.235166,-0.365105,-0.242544,0.207324,-0.404238,-0.209653,0.232022,-0.410886,-0.149335,0.259706,-0.400933,-0.208325
2026-07-29 15:51:59.165,270.299742,0.000000,0.000000,0.000000,0.335153,-0.371546,-0.240923,0.135396,-0.357653,-0.244197,0.235274,-0.364599,-0.242560,0.207324,-0.404238,-0.209653,0.232091,-0.409872,-0.149227,0.259706,-0.400933,-0.208325
2026-07-29 15:51:59.265,270.399742,0.000000,0.000000,0.000000,0.343637,-0.379105,-0.223086,0.143601,-0.370214,-0.226770,0.243619,-0.374659,-0.224928,0.216641,-0.413253,-0.190028,0.241550,-0.415241,-0.129431,0.268929,-0.408624,-0.188942
2026-07-29 15:51:59.365,270.499742,0.000000,0.000000,0.000000,0.335153,-0.371546,-0.240923,0.135472,-0.358673,-0.244160,0.235313,-0.365110,-0.242541,0.207294,-0.405254,-0.209666,0.232022,-0.410886,-0.149335,0.259706,-0.400933,-0.208325
2026-07-29 15:51:59.465,270.599742,0.000000,0.000000,0.000000,0.335516,-0.373588,-0.241344,0.135682,-0.358674,-0.244656,0.235599,-0.366131,-0.243000,0.207657,-0.407295,-0.210087,0.232454,-0.411914,-0.149648,0.260069,-0.402975,-0.208746
2026-07-29 15:51:59.565,270.699742,0.000000,0.000000,0.000000,0.335153,-0.371546,-0.240923,0.135396,-0.357653,-0.244197,0.235274,-0.364599,-0.242560,0.207309,-0.404746,-0.209660,0.232022,-0.410886,-0.149335,0.259706,-0.400933,-0.208325
2026-07-29 15:51:59.665,270.799742,0.000000,0.000000,0.000000,0.334790,-0.369504,-0.240502,0.135033,-0.355611,-0.243776,0.234912,-0.362558,-0.242139,0.206961,-0.402196,-0.209232,0.231728,-0.407831,-0.148806,0.259288,-0.399398,-0.207911
2026-07-29 15:51:59.765,270.899742,0.000000,0.000000,0.000000,0.335300,-0.374598,-0.241311,0.135758,-0.359694,-0.244618,0.235529,-0.367146,-0.242965,0.207685,-0.407288,-0.210807,0.233126,-0.412944,-0.150444,0.260069,-0.402975,-0.208746
2026-07-29 15:51:59.865,270.999742,0.000000,0.000000,0.000000,0.336061,-0.376650,-0.241976,0.136303,-0.362757,-0.245250,0.236182,-0.369704,-0.243613,0.208259,-0.409334,-0.211426,0.233026,-0.414969,-0.150996,0.260558,-0.406544,-0.209385
2026-07-29 15:51:59.965,271.099741,0.000000,0.000000,0.000000,0.334609,-0.368484,-0.240291,0.134851,-0.354590,-0.243566,0.234730,-0.361537,-0.241929,0.206778,-0.402183,-0.209754,0.232219,-0.407840,-0.149392,0.259162,-0.397870,-0.207693
2026-07-29 15:52:00.065,271.199741,0.000000,0.000000,0.000000,0.334065,-0.365421,-0.239660,0.134384,-0.352548,-0.242896,0.234224,-0.358985,-0.241278,0.205544,-0.398080,-0.209137,0.231640,-0.405285,-0.148813,0.258618,-0.394808,-0.207061
2026-07-29 15:52:00.165,271.299741,0.000000,0.000000,0.000000,0.335153,-0.371546,-0.240923,0.135472,-0.358673,-0.244160,0.235313,-0.365110,-0.242541,0.206632,-0.404205,-0.210401,0.232764,-0.410903,-0.150023,0.260320,-0.401971,-0.208312
2026-07-29 15:52:00.265,271.399741,0.000000,0.000000,0.000000,0.335300,-0.374598,-0.241311,0.135758,-0.359694,-0.244618,0.235529,-0.367146,-0.242965,0.206939,-0.407271,-0.210115,0.233126,-0.412944,-0.150444,0.260683,-0.404013,-0.208734
2026-07-29 15:52:00.365,271.499741,0.000000,0.000000,0.000000,0.334937,-0.372556,-0.240890,0.135396,-0.357653,-0.244197,0.235166,-0.365105,-0.242544,0.206604,-0.405221,-0.210413,0.232833,-0.409889,-0.149916,0.260320,-0.401971,-0.208312
2026-07-29 15:52:00.465,271.599741,0.000000,0.000000,0.000000,0.335516,-0.373588,-0.241344,0.135758,-0.359694,-0.244618,0.235637,-0.366641,-0.242981,0.206967,-0.407263,-0.210834,0.232413,-0.412920,-0.150472,0.260683,-0.404013,-0.208734
2026-07-29 15:52:00.565,271.699741,0.000000,0.000000,0.000000,0.343227,-0.377054,-0.222767,0.143192,-0.368163,-0.226451,0.243210,-0.372608,-0.224609,0.215508,-0.412213,-0.189699,0.241123,-0.414237,-0.129884,0.269157,-0.407594,-0.188560
2026-07-29 15:52:00.665,271.799741,0.000000,0.000000,0.000000,0.334756,-0.371536,-0.240679,0.135137,-0.355612,-0.244024,0.234946,-0.363574,-0.242352,0.206422,-0.404201,-0.210203,0.231800,-0.410871,-0.149947,0.260138,-0.400950,-0.208102
2026-07-29 15:52:00.765,271.899741,0.000000,0.000000,0.000000,0.343227,-0.377054,-0.222767,0.143192,-0.368163,-0.226451,0.243210,-0.372608,-0.224609,0.215508,-0.412213,-0.189699,0.241123,-0.414237,-0.129884,0.269157,-0.407594,-0.188560
2026-07-29 15:52:00.865,271.999741,0.000000,0.000000,0.000000,0.334393,-0.369494,-0.240258,0.134851,-0.354590,-0.243566,0.234622,-0.362042,-0.241912,0.206003,-0.403183,-0.209075,0.231505,-0.407816,-0.149419,0.259776,-0.398908,-0.207681
2026-07-29 15:52:00.965,272.099741,0.000000,0.000000,0.000000,0.334790,-0.369504,-0.240502,0.135033,-0.355611,-0.243776,0.234912,-0.362558,-0.242139,0.206213,-0.403187,-0.209272,0.231659,-0.408844,-0.148914,0.259846,-0.400943,-0.207907
2026-07-29 15:52:01.065,272.199740,0.000000,0.000000,0.000000,0.336061,-0.376650,-0.241976,0.136303,-0.362757,-0.245250,0.236182,-0.369704,-0.243613,0.207483,-0.410333,-0.210746,0.232929,-0.415990,-0.150388,0.261116,-0.408088,-0.209381
2026-07-29 15:52:01.165,272.299740,0.000000,0.000000,0.000000,0.335153,-0.371546,-0.240923,0.135396,-0.357653,-0.244197,0.235274,-0.364599,-0.242560,0.206576,-0.405229,-0.209694,0.232063,-0.409880,-0.148511,0.260320,-0.401971,-0.208312
2026-07-29 15:52:01.265,272.399740,0.000000,0.000000,0.000000,0.335335,-0.372567,-0.241134,0.135577,-0.358674,-0.244408,0.235456,-0.365620,-0.242771,0.206757,-0.406250,-0.209904,0.232245,-0.410901,-0.148722,0.260501,-0.402992,-0.208523
2026-07-29 15:52:01.365,272.499740,0.000000,0.000000,0.000000,0.335516,-0.373588,-0.241344,0.135682,-0.358674,-0.244656,0.235599,-0.366131,-0.243000,0.206968,-0.406255,-0.210101,0.232364,-0.412436,-0.148271,0.260655,-0.404020,-0.208008
2026-07-29 15:52:01.465,272.599740,0.000000,0.000000,0.000000,0.335516,-0.373588,-0.241344,0.135835,-0.360715,-0.244581,0.235676,-0.367151,-0.242963,0.206939,-0.407271,-0.210115,0.232399,-0.411930,-0.148216,0.260655,-0.404020,-0.208008
2026-07-29 15:52:01.565,272.699740,0.000000,0.000000,0.000000,0.335698,-0.374609,-0.241555,0.135940,-0.360715,-0.244829,0.235819,-0.367662,-0.243192,0.207092,-0.409308,-0.210339,0.232553,-0.412958,-0.147710,0.260948,-0.404028,-0.208202
2026-07-29 15:52:01.665,272.799740,0.000000,0.000000,0.000000,0.334756,-0.371536,-0.240679,0.135214,-0.356632,-0.243987,0.234985,-0.364084,-0.242333,0.207113,-0.404233,-0.209456,0.231827,-0.408875,-0.146868,0.260111,-0.400958,-0.207377
2026-07-29 15:52:01.765,272.899740,0.000000,0.000000,0.000000,0.335516,-0.373588,-0.241344,0.135758,-0.359694,-0.244618,0.235637,-0.366641,-0.242981,0.207657,-0.407295,-0.210087,0.232275,-0.412959,-0.146896,0.260766,-0.403007,-0.207992
2026-07-29 15:52:01.865,272.999740,0.000000,0.000000,0.000000,0.335879,-0.375629,-0.241765,0.136198,-0.362756,-0.245002,0.236039,-0.369193,-0.243384,0.208020,-0.409337,-0.210509,0.232775,-0.412973,-0.147092,0.261129,-0.405049,-0.208413
2026-07-29 15:52:01.965,273.099740,0.000000,0.000000,0.000000,0.335370,-0.370536,-0.240956,0.135396,-0.357653,-0.244197,0.235383,-0.364094,-0.242577,0.207294,-0.405254,-0.209666,0.231238,-0.409887,-0.145674,0.260403,-0.400965,-0.207571
2026-07-29 15:52:02.065,273.199739,0.000000,0.000000,0.000000,0.336423,-0.378692,-0.242397,0.136666,-0.364799,-0.245671,0.236545,-0.371745,-0.244034,0.208565,-0.412400,-0.211140,0.232576,-0.416019,-0.147034,0.261562,-0.409125,-0.209061
2026-07-29 15:52:02.165,273.299739,0.000000,0.000000,0.000000,0.335153,-0.371546,-0.240923,0.135396,-0.357653,-0.244197,0.235274,-0.364599,-0.242560,0.207294,-0.405254,-0.209666,0.231306,-0.408873,-0.145560,0.260292,-0.401979,-0.207587
2026-07-29 15:52:02.265,273.399739,0.000000,0.000000,0.000000,0.342408,-0.372952,-0.222130,0.142372,-0.364061,-0.225814,0.242390,-0.368507,-0.223972,0.215404,-0.408625,-0.189016,0.239485,-0.407898,-0.124145,0.268310,-0.403465,-0.187199
2026-07-29 15:52:02.365,273.499739,0.000000,0.000000,0.000000,0.335698,-0.374609,-0.241555,0.135940,-0.360715,-0.244829,0.235819,-0.367662,-0.243192,0.207106,-0.408800,-0.210332,0.231106,-0.411919,-0.145502,0.260725,-0.406055,-0.208236
2026-07-29 15:52:02.465,273.599739,0.000000,0.000000,0.000000,0.342421,-0.374990,-0.222205,0.142577,-0.365086,-0.225974,0.242499,-0.370038,-0.224089,0.214889,-0.410152,-0.189184,0.239015,-0.407898,-0.124268,0.268602,-0.403475,-0.187393
2026-07-29 15:52:02.565,273.699739,0.000000,0.000000,0.000000,0.335698,-0.374609,-0.241555,0.135940,-0.360715,-0.244829,0.235819,-0.367662,-0.243192,0.207120,-0.408292,-0.210325,0.231239,-0.409892,-0.145272,0.260948,-0.404028,-0.208202
2026-07-29 15:52:02.665,273.799739,0.000000,0.000000,0.000000,0.343419,-0.376042,-0.222852,0.143192,-0.368163,-0.226451,0.243305,-0.372102,-0.224651,0.215503,-0.413229,-0.189662,0.238844,-0.411960,-0.124120,0.269217,-0.406551,-0.187870
2026-07-29 15:52:02.765,273.899739,0.000000,0.000000,0.000000,0.343637,-0.379105,-0.223086,0.143601,-0.370214,-0.226770,0.243619,-0.374659,-0.224928,0.215911,-0.415787,-0.189961,0.239213,-0.415031,-0.124503,0.269627,-0.408602,-0.188189
2026-07-29 15:52:02.865,273.999739,0.000000,0.000000,0.000000,0.334393,-0.369494,-0.240258,0.134851,-0.354590,-0.243566,0.234622,-0.362042,-0.241912,0.206003,-0.403183,-0.209075,0.228494,-0.406766,-0.143691,0.259748,-0.398916,-0.206956
2026-07-29 15:52:02.965,274.099739,0.000000,0.000000,0.000000,0.342613,-0.373978,-0.222289,0.142476,-0.364071,-0.226062,0.242544,-0.369025,-0.224176,0.214889,-0.410152,-0.189184,0.237552,-0.407858,-0.123605,0.268515,-0.404490,-0.187358
2026-07-29 15:52:03.065,274.199739,0.000000,0.000000,0.000000,0.335153,-0.371546,-0.240923,0.135319,-0.356632,-0.244235,0.235236,-0.364089,-0.242579,0.206519,-0.407261,-0.209720,0.229102,-0.408815,-0.144207,0.260292,-0.401979,-0.207587
2026-07-29 15:52:03.165,274.299738,0.000000,0.000000,0.000000,0.334790,-0.369504,-0.240502,0.134956,-0.354591,-0.243814,0.234873,-0.362048,-0.242158,0.206185,-0.403195,-0.208553,0.228803,-0.405760,-0.143670,0.260041,-0.398924,-0.207150
2026-07-29 15:52:03.265,274.399738,0.000000,0.000000,0.000000,0.334609,-0.368484,-0.240291,0.134774,-0.353570,-0.243603,0.234692,-0.361027,-0.241947,0.206003,-0.403183,-0.209075,0.228558,-0.405753,-0.143575,0.259748,-0.398916,-0.206956
2026-07-29 15:52:03.365,274.499738,0.000000,0.000000,0.000000,0.334972,-0.370525,-0.240713,0.135214,-0.356632,-0.243987,0.235093,-0.363579,-0.242350,0.206366,-0.405224,-0.209496,0.228921,-0.407794,-0.143997,0.260222,-0.399945,-0.207360
2026-07-29 15:52:03.465,274.599738,0.000000,0.000000,0.000000,0.335335,-0.372567,-0.241134,0.135577,-0.358674,-0.244408,0.235456,-0.365620,-0.242771,0.206700,-0.408282,-0.209931,0.229284,-0.409836,-0.144418,0.260585,-0.401986,-0.207781
2026-07-29 15:52:03.565,274.699738,0.000000,0.000000,0.000000,0.343432,-0.378080,-0.222926,0.143397,-0.369188,-0.226611,0.243414,-0.373634,-0.224768,0.215706,-0.414762,-0.189802,0.238293,-0.413999,-0.124371,0.269422,-0.407577,-0.188030
2026-07-29 15:52:03.665,274.799738,0.000000,0.000000,0.000000,0.335153,-0.371546,-0.240923,0.135319,-0.356632,-0.244235,0.235236,-0.364089,-0.242579,0.206547,-0.406245,-0.209707,0.229038,-0.409829,-0.144323,0.260292,-0.401979,-0.207587
2026-07-29 15:52:03.765,274.899738,0.000000,0.000000,0.000000,0.335153,-0.371546,-0.240923,0.135319,-0.356632,-0.244235,0.235236,-0.364089,-0.242579,0.206547,-0.406245,-0.209707,0.228323,-0.409805,-0.144350,0.260292,-0.401979,-0.207587
2026-07-29 15:52:03.865,274.999738,0.000000,0.000000,0.000000,0.335300,-0.374598,-0.241311,0.135835,-0.360715,-0.244581,0.235568,-0.367656,-0.242946,0.206165,-0.409279,-0.210169,0.227943,-0.411829,-0.144082,0.260766,-0.403007,-0.207992
2026-07-29 15:52:03.965,275.099738,0.000000,0.000000,0.000000,0.334790,-0.369504,-0.240502,0.135033,-0.355611,-0.243776,0.234912,-0.362558,-0.242139,0.206156,-0.405220,-0.209299,0.227156,-0.408760,-0.143357,0.259929,-0.399937,-0.207166
2026-07-29 15:52:04.065,275.199738,0.000000,0.000000,0.000000,0.335153,-0.371546,-0.240923,0.135396,-0.357653,-0.244197,0.235274,-0.364599,-0.242560,0.206519,-0.407261,-0.209720,0.227670,-0.408766,-0.144262,0.260292,-0.401979,-0.207587
2026-07-29 15:52:04.165,275.299737,0.000000,0.000000,0.000000,0.335516,-0.373588,-0.241344,0.135835,-0.360715,-0.244581,0.235676,-0.367151,-0.242963,0.206882,-0.409303,-0.210142,0.227971,-0.411822,-0.144798,0.260655,-0.404020,-0.208008
2026-07-29 15:52:04.265,275.399737,0.000000,0.000000,0.000000,0.334574,-0.370515,-0.240469,0.135033,-0.355611,-0.243776,0.234803,-0.363063,-0.242123,0.206213,-0.403187,-0.209272,0.227245,-0.407738,-0.143956,0.259929,-0.399937,-0.207166
2026-07-29 15:52:04.365,275.499737,0.000000,0.000000,0.000000,0.335698,-0.374609,-0.241555,0.135940,-0.360715,-0.244829,0.235819,-0.367662,-0.243192,0.207092,-0.409308,-0.210339,0.228180,-0.412835,-0.145725,0.260836,-0.405041,-0.208219
2026-07-29 15:52:04.465,275.599737,0.000000,0.000000,0.000000,0.335698,-0.374609,-0.241555,0.135940,-0.360715,-0.244829,0.235819,-0.367662,-0.243192,0.207077,-0.409816,-0.210345,0.228303,-0.410807,-0.145496,0.260836,-0.405041,-0.208219
2026-07-29 15:52:04.565,275.699737,0.000000,0.000000,0.000000,0.335153,-0.371546,-0.240923,0.135396,-0.357653,-0.244197,0.235274,-0.364599,-0.242560,0.206547,-0.406245,-0.209707,0.227725,-0.408751,-0.145696,0.260292,-0.401979,-0.207587
2026-07-29 15:52:04.665,275.799737,0.000000,0.000000,0.000000,0.335335,-0.372567,-0.241134,0.135577,-0.358674,-0.244408,0.235456,-0.365620,-0.242771,0.206700,-0.408282,-0.209931,0.227934,-0.409764,-0.146624,0.260473,-0.403000,-0.207798
2026-07-29 15:52:04.765,275.899737,0.000000,0.000000,0.000000,0.335118,-0.373577,-0.241100,0.135577,-0.358674,-0.244408,0.235348,-0.366125,-0.242754,0.206729,-0.407266,-0.209918,0.228650,-0.409788,-0.146597,0.260473,-0.403000,-0.207798
2026-07-29 15:52:04.865,275.999737,0.000000,0.000000,0.000000,0.335516,-0.373588,-0.241344,0.135758,-0.359694,-0.244618,0.235637,-0.366641,-0.242981,0.206165,-0.409279,-0.210169,0.228859,-0.410801,-0.147525,0.260655,-0.404020,-0.208008
2026-07-29 15:52:04.965,276.099737,0.000000,0.000000,0.000000,0.342831,-0.377041,-0.222524,0.142885,-0.366122,-0.226381,0.242858,-0.371582,-0.224452,0.214578,-0.413213,-0.189492,0.237419,-0.409023,-0.127482,0.268925,-0.406541,-0.187677
2026-07-29 15:52:05.065,276.199737,0.000000,0.000000,0.000000,0.334790,-0.369504,-0.240502,0.135109,-0.356631,-0.243739,0.234950,-0.363068,-0.242120,0.205495,-0.403163,-0.209300,0.228969,-0.405713,-0.147981,0.259929,-0.399937,-0.207166
2026-07-29 15:52:05.165,276.299736,0.000000,0.000000,0.000000,0.335118,-0.373577,-0.241100,0.135577,-0.358674,-0.244408,0.235348,-0.366125,-0.242754,0.206012,-0.407242,-0.209945,0.229577,-0.407762,-0.148504,0.260473,-0.403000,-0.207798
2026-07-29 15:52:05.265,276.399736,0.000000,0.000000,0.000000,0.334393,-0.369494,-0.240258,0.134851,-0.354590,-0.243566,0.234622,-0.362042,-0.241912,0.205286,-0.403158,-0.209103,0.228815,-0.404685,-0.148489,0.258913,-0.399905,-0.207000
2026-07-29 15:52:05.365,276.499736,0.000000,0.000000,0.000000,0.335516,-0.373588,-0.241344,0.135758,-0.359694,-0.244618,0.235637,-0.366641,-0.242981,0.206193,-0.408262,-0.210155,0.230402,-0.410819,-0.150340,0.260544,-0.405034,-0.208025
2026-07-29 15:52:05.465,276.599736,0.000000,0.000000,0.000000,0.335551,-0.371557,-0.241167,0.135577,-0.358674,-0.244408,0.235564,-0.365115,-0.242787,0.206012,-0.407242,-0.209945,0.230215,-0.410298,-0.150899,0.259750,-0.402975,-0.207825
2026-07-29 15:52:05.565,276.699736,0.000000,0.000000,0.000000,0.335335,-0.372567,-0.241134,0.135577,-0.358674,-0.244408,0.235456,-0.365620,-0.242771,0.206039,-0.406225,-0.209932,0.230182,-0.410805,-0.150952,0.259750,-0.402975,-0.207825
2026-07-29 15:52:05.665,276.799736,0.000000,0.000000,0.000000,0.335879,-0.375629,-0.241765,0.136121,-0.361736,-0.245040,0.236000,-0.368683,-0.243403,0.206556,-0.410304,-0.210577,0.230689,-0.414873,-0.152404,0.260934,-0.407068,-0.209170
2026-07-29 15:52:05.765,276.899736,0.000000,0.000000,0.000000,0.334790,-0.369504,-0.240502,0.135033,-0.355611,-0.243776,0.234912,-0.362558,-0.242139,0.205467,-0.404179,-0.209313,0.230247,-0.409786,-0.151218,0.259095,-0.400926,-0.207210
2026-07-29 15:52:05.865,276.999736,0.000000,0.000000,0.000000,0.334972,-0.370525,-0.240713,0.135214,-0.356632,-0.243987,0.235093,-0.363579,-0.242350,0.205649,-0.405200,-0.209524,0.230562,-0.408780,-0.151220,0.259304,-0.401939,-0.208145
2026-07-29 15:52:05.965,277.099736,0.000000,0.000000,0.000000,0.335300,-0.374598,-0.241311,0.135758,-0.359694,-0.244618,0.235529,-0.367146,-0.242965,0.206165,-0.409279,-0.210169,0.231001,-0.413862,-0.152775,0.259849,-0.405001,-0.208777
2026-07-29 15:52:06.065,277.199736,0.000000,0.000000,0.000000,0.335153,-0.371546,-0.240923,0.135472,-0.358673,-0.244160,0.235313,-0.365110,-0.242541,0.205830,-0.406221,-0.209734,0.230771,-0.409793,-0.152147,0.259486,-0.402960,-0.208355
2026-07-29 15:52:06.165,277.299736,0.000000,0.000000,0.000000,0.334937,-0.372556,-0.240890,0.135472,-0.358673,-0.244160,0.235205,-0.365615,-0.242525,0.206576,-0.405229,-0.209694,0.231350,-0.411845,-0.152326,0.259486,-0.402960,-0.208355
2026-07-29 15:52:06.265,277.399735,0.000000,0.000000,0.000000,0.335118,-0.373577,-0.241100,0.135577,-0.358674,-0.244408,0.235348,-0.366125,-0.242754,0.206729,-0.407266,-0.209918,0.231634,-0.411345,-0.152382,0.259667,-0.403980,-0.208566
2026-07-29 15:52:06.365,277.499735,0.000000,0.000000,0.000000,0.334790,-0.369504,-0.240502,0.135033,-0.355611,-0.243776,0.234912,-0.362558,-0.242139,0.206213,-0.403187,-0.209272,0.231055,-0.408789,-0.151802,0.259205,-0.399912,-0.207194
2026-07-29 15:52:06.465,277.599735,0.000000,0.000000,0.000000,0.335879,-0.375629,-0.241765,0.136121,-0.361736,-0.245040,0.236000,-0.368683,-0.243403,0.207273,-0.410329,-0.210549,0.232954,-0.413917,-0.153651,0.260211,-0.407043,-0.209198
2026-07-29 15:52:06.565,277.699735,0.000000,0.000000,0.000000,0.335300,-0.374598,-0.241311,0.135835,-0.360715,-0.244581,0.235568,-0.367656,-0.242946,0.206939,-0.407271,-0.210115,0.232591,-0.411875,-0.153230,0.259931,-0.403996,-0.208036
2026-07-29 15:52:06.665,277.799735,0.000000,0.000000,0.000000,0.335153,-0.371546,-0.240923,0.135396,-0.357653,-0.244197,0.235274,-0.364599,-0.242560,0.206576,-0.405229,-0.209694,0.232944,-0.409858,-0.152781,0.259596,-0.401946,-0.208340
2026-07-29 15:52:06.765,277.899735,0.000000,0.000000,0.000000,0.343432,-0.378080,-0.222926,0.143397,-0.369188,-0.226611,0.243414,-0.373634,-0.224768,0.215708,-0.414254,-0.189821,0.242269,-0.413369,-0.133489,0.268552,-0.409629,-0.188712
2026-07-29 15:52:06.865,277.999735,0.000000,0.000000,0.000000,0.335879,-0.375629,-0.241765,0.136121,-0.361736,-0.245040,0.236000,-0.368683,-0.243403,0.207302,-0.409312,-0.210536,0.234483,-0.412945,-0.154211,0.260211,-0.407043,-0.209198
2026-07-29 15:52:06.965,278.099735,0.000000,0.000000,0.000000,0.334609,-0.368484,-0.240291,0.134851,-0.354590,-0.243566,0.234730,-0.361537,-0.241929,0.206032,-0.402167,-0.209062,0.233355,-0.403771,-0.152534,0.258941,-0.399897,-0.207724
2026-07-29 15:52:07.065,278.199735,0.000000,0.000000,0.000000,0.334246,-0.366442,-0.239870,0.134488,-0.352549,-0.243145,0.234367,-0.359495,-0.241507,0.205669,-0.400125,-0.208641,0.233738,-0.401747,-0.152805,0.257856,-0.397831,-0.207330
2026-07-29 15:52:07.165,278.299735,0.000000,0.000000,0.000000,0.343036,-0.378066,-0.222683,0.143192,-0.368163,-0.226451,0.243114,-0.373115,-0.224567,0.216232,-0.411202,-0.189710,0.243620,-0.410345,-0.133893,0.267709,-0.407583,-0.188616
2026-07-29 15:52:07.265,278.399734,0.000000,0.000000,0.000000,0.335516,-0.373588,-0.241344,0.135758,-0.359694,-0.244618,0.235637,-0.366641,-0.242981,0.207687,-0.406279,-0.210074,0.235727,-0.408917,-0.154252,0.259235,-0.403963,-0.208789
2026-07-29 15:52:07.365,278.499734,0.000000,0.000000,0.000000,0.335516,-0.373588,-0.241344,0.135758,-0.359694,-0.244618,0.235637,-0.366641,-0.242981,0.207687,-0.406279,-0.210074,0.235755,-0.408909,-0.154972,0.259235,-0.403963,-0.208789
2026-07-29 15:52:07.465,278.599734,0.000000,0.000000,0.000000,0.335516,-0.373588,-0.241344,0.135758,-0.359694,-0.244618,0.235637,-0.366641,-0.242981,0.207687,-0.406279,-0.210074,0.236398,-0.409947,-0.155044,0.259235,-0.403963,-0.208789
2026-07-29 15:52:07.565,278.699734,0.000000,0.000000,0.000000,0.336786,-0.380734,-0.242818,0.137105,-0.367861,-0.246055,0.236946,-0.374297,-0.244437,0.208957,-0.413425,-0.211548,0.237771,-0.416072,-0.157138,0.260505,-0.411109,-0.210263
2026-07-29 15:52:07.665,278.799734,0.000000,0.000000,0.000000,0.343036,-0.378066,-0.222683,0.143192,-0.368163,-0.226451,0.243114,-0.373115,-0.224567,0.216232,-0.411202,-0.189710,0.245831,-0.410418,-0.135249,0.267624,-0.408598,-0.188580
2026-07-29 15:52:07.765,278.899734,0.000000,0.000000,0.000000,0.334574,-0.370515,-0.240469,0.135033,-0.355611,-0.243776,0.234803,-0.363063,-0.242123,0.207681,-0.402220,-0.209204,0.236521,-0.404859,-0.155514,0.258509,-0.399880,-0.207946
2026-07-29 15:52:07.865,278.999734,0.000000,0.000000,0.000000,0.334790,-0.369504,-0.240502,0.135033,-0.355611,-0.243776,0.234912,-0.362558,-0.242139,0.207681,-0.402220,-0.209204,0.237239,-0.404884,-0.155486,0.258509,-0.399880,-0.207946
2026-07-29 15:52:07.965,279.099734,0.000000,0.000000,0.000000,0.335153,-0.371546,-0.240923,0.135396,-0.357653,-0.244197,0.235274,-0.364599,-0.242560,0.208044,-0.404262,-0.209625,0.237630,-0.406918,-0.156627,0.258872,-0.401921,-0.208368
2026-07-29 15:52:08.065,279.199734,0.000000,0.000000,0.000000,0.335516,-0.373588,-0.241344,0.135682,-0.358674,-0.244656,0.235599,-0.366131,-0.243000,0.208407,-0.406304,-0.210047,0.238097,-0.407938,-0.157673,0.259235,-0.403963,-0.208789
2026-07-29 15:52:08.165,279.299734,0.000000,0.000000,0.000000,0.335879,-0.375629,-0.241765,0.136121,-0.361736,-0.245040,0.236000,-0.368683,-0.243403,0.209489,-0.408370,-0.210440,0.239102,-0.411018,-0.158162,0.259598,-0.406005,-0.209210
2026-07-29 15:52:08.265,279.399734,0.000000,0.000000,0.000000,0.334972,-0.370525,-0.240713,0.135291,-0.357652,-0.243949,0.235131,-0.364089,-0.242331,0.208582,-0.403266,-0.209387,0.238940,-0.405931,-0.157801,0.258800,-0.399887,-0.208142
2026-07-29 15:52:08.365,279.499733,0.000000,0.000000,0.000000,0.336026,-0.378681,-0.242153,0.136484,-0.363778,-0.245461,0.236255,-0.371230,-0.243807,0.209852,-0.410412,-0.210861,0.240238,-0.413069,-0.159995,0.259961,-0.408047,-0.209631
2026-07-29 15:52:08.465,279.599733,0.000000,0.000000,0.000000,0.335516,-0.373588,-0.241344,0.135758,-0.359694,-0.244618,0.235637,-0.366641,-0.242981,0.209126,-0.406328,-0.210019,0.239671,-0.406958,-0.158967,0.259263,-0.403955,-0.209514
2026-07-29 15:52:08.565,279.699733,0.000000,0.000000,0.000000,0.335118,-0.373577,-0.241100,0.135654,-0.359694,-0.244370,0.235386,-0.366636,-0.242735,0.208945,-0.405308,-0.209809,0.240157,-0.406968,-0.159542,0.258465,-0.401896,-0.209317
2026-07-29 15:52:08.665,279.799733,0.000000,0.000000,0.000000,0.335516,-0.373588,-0.241344,0.135682,-0.358674,-0.244656,0.235599,-0.366131,-0.243000,0.209158,-0.405312,-0.210006,0.240339,-0.407989,-0.159753,0.258539,-0.403931,-0.209541
2026-07-29 15:52:08.765,279.899733,0.000000,0.000000,0.000000,0.335335,-0.372567,-0.241134,0.135577,-0.358674,-0.244408,0.235456,-0.365620,-0.242771,0.209664,-0.405332,-0.209781,0.240185,-0.406960,-0.160263,0.258465,-0.401896,-0.209317
2026-07-29 15:52:08.865,279.999733,0.000000,0.000000,0.000000,0.335334,-0.374593,-0.241828,0.136121,-0.361736,-0.245040,0.235728,-0.368165,-0.243434,0.210208,-0.408395,-0.210413,0.240810,-0.409009,-0.160804,0.258956,-0.405466,-0.209955
2026-07-29 15:52:08.965,280.099733,0.000000,0.000000,0.000000,0.334937,-0.372556,-0.240890,0.135396,-0.357653,-0.244197,0.235166,-0.365105,-0.242544,0.209510,-0.404304,-0.210291,0.240031,-0.405931,-0.160773,0.258284,-0.400875,-0.209106
2026-07-29 15:52:09.065,280.199733,0.000000,0.000000,0.000000,0.334937,-0.372556,-0.240890,0.135472,-0.358673,-0.244160,0.235205,-0.365615,-0.242525,0.209510,-0.404304,-0.210291,0.240112,-0.404918,-0.160684,0.258284,-0.400875,-0.209106
2026-07-29 15:52:09.165,280.299733,0.000000,0.000000,0.000000,0.334790,-0.369504,-0.240502,0.135109,-0.356631,-0.243739,0.234950,-0.363068,-0.242120,0.209114,-0.403278,-0.209883,0.239749,-0.402876,-0.160263,0.257921,-0.398834,-0.208685
2026-07-29 15:52:09.265,280.399733,0.000000,0.000000,0.000000,0.334790,-0.369504,-0.240502,0.135033,-0.355611,-0.243776,0.234912,-0.362558,-0.242139,0.209147,-0.402262,-0.209870,0.239777,-0.402868,-0.160984,0.257921,-0.398834,-0.208685
2026-07-29 15:52:09.365,280.499732,0.000000,0.000000,0.000000,0.334790,-0.369504,-0.240502,0.135033,-0.355611,-0.243776,0.234912,-0.362558,-0.242139,0.209147,-0.402262,-0.209870,0.239777,-0.402868,-0.160984,0.257921,-0.398834,-0.208685
2026-07-29 15:52:09.465,280.599732,0.000000,0.000000,0.000000,0.335879,-0.375629,-0.241765,0.136121,-0.361736,-0.245040,0.236000,-0.368683,-0.243403,0.210203,-0.409403,-0.211146,0.240785,-0.410007,-0.162336,0.259118,-0.403945,-0.209934
2026-07-29 15:52:09.565,280.699732,0.000000,0.000000,0.000000,0.334972,-0.370525,-0.240713,0.135214,-0.356632,-0.243987,0.235093,-0.363579,-0.242350,0.209362,-0.402267,-0.210068,0.239958,-0.403889,-0.161195,0.258103,-0.399855,-0.208895
2026-07-29 15:52:09.665,280.799732,0.000000,0.000000,0.000000,0.335844,-0.377661,-0.241943,0.136303,-0.362757,-0.245250,0.236074,-0.370209,-0.243596,0.210418,-0.409408,-0.211344,0.241047,-0.410014,-0.162458,0.259191,-0.405980,-0.210159
2026-07-29 15:52:09.765,280.899732,0.000000,0.000000,0.000000,0.343419,-0.376042,-0.222852,0.143090,-0.367148,-0.226540,0.243255,-0.371595,-0.224696,0.218419,-0.411248,-0.190347,0.249064,-0.408655,-0.141536,0.267095,-0.406590,-0.189405
2026-07-29 15:52:09.865,280.999732,0.000000,0.000000,0.000000,0.342831,-0.377041,-0.222524,0.142987,-0.367137,-0.226292,0.242909,-0.372089,-0.224408,0.218214,-0.410222,-0.190188,0.248859,-0.407629,-0.141377,0.266974,-0.404549,-0.189283
2026-07-29 15:52:09.965,281.099732,0.000000,0.000000,0.000000,0.335153,-0.371546,-0.240923,0.135396,-0.357653,-0.244197,0.235274,-0.364599,-0.242560,0.209544,-0.403288,-0.210279,0.240140,-0.404910,-0.161406,0.258284,-0.400875,-0.209106
2026-07-29 15:52:10.065,281.199732,0.000000,0.000000,0.000000,0.335698,-0.374609,-0.241555,0.135940,-0.360715,-0.244829,0.235819,-0.367662,-0.243192,0.210055,-0.407366,-0.210923,0.240684,-0.407973,-0.162037,0.258828,-0.403938,-0.209738
2026-07-29 15:52:10.165,281.299732,0.000000,0.000000,0.000000,0.334937,-0.372556,-0.240890,0.135396,-0.357653,-0.244197,0.235166,-0.365105,-0.242544,0.209510,-0.404304,-0.210291,0.240140,-0.404910,-0.161406,0.258284,-0.400875,-0.209106
2026-07-29 15:52:10.265,281.399732,0.000000,0.000000,0.000000,0.335516,-0.373588,-0.241344,0.135758,-0.359694,-0.244618,0.235637,-0.366641,-0.242981,0.209873,-0.406345,-0.210712,0.240503,-0.406952,-0.161827,0.258647,-0.402917,-0.209527
2026-07-29 15:52:10.365,281.499732,0.000000,0.000000,0.000000,0.335516,-0.373588,-0.241344,0.135758,-0.359694,-0.244618,0.235637,-0.366641,-0.242981,0.209873,-0.406345,-0.210712,0.240530,-0.406944,-0.162548,0.258755,-0.401904,-0.209513
2026-07-29 15:52:10.465,281.599731,0.000000,0.000000,0.000000,0.334574,-0.370515,-0.240469,0.135033,-0.355611,-0.243776,0.234803,-0.363063,-0.242123,0.209147,-0.402262,-0.209870,0.239724,-0.403874,-0.161793,0.257921,-0.398834,-0.208685
2026-07-29 15:52:10.565,281.699731,0.000000,0.000000,0.000000,0.335335,-0.372567,-0.241134,0.135577,-0.358674,-0.244408,0.235456,-0.365620,-0.242771,0.209692,-0.405324,-0.210502,0.239628,-0.405899,-0.162365,0.258465,-0.401896,-0.209317
2026-07-29 15:52:10.665,281.799731,0.000000,0.000000,0.000000,0.335481,-0.375619,-0.241522,0.135940,-0.360715,-0.244829,0.235711,-0.368167,-0.243175,0.210055,-0.407366,-0.210923,0.239991,-0.407940,-0.162786,0.258720,-0.404951,-0.209752
2026-07-29 15:52:10.765,281.899731,0.000000,0.000000,0.000000,0.335300,-0.374598,-0.241311,0.135835,-0.360715,-0.244581,0.235568,-0.367656,-0.242946,0.209873,-0.406345,-0.210712,0.239730,-0.407933,-0.162663,0.258647,-0.402917,-0.209527
2026-07-29 15:52:10.865,281.999731,0.000000,0.000000,0.000000,0.335153,-0.371546,-0.240923,0.135319,-0.356632,-0.244235,0.235236,-0.364089,-0.242579,0.209544,-0.403288,-0.210279,0.238648,-0.405867,-0.162269,0.258284,-0.400875,-0.209106
2026-07-29 15:52:10.965,282.099731,0.000000,0.000000,0.000000,0.335335,-0.372567,-0.241134,0.135577,-0.358674,-0.244408,0.235456,-0.365620,-0.242771,0.209725,-0.404308,-0.210489,0.238857,-0.406880,-0.163201,0.258465,-0.401896,-0.209317
2026-07-29 15:52:11.065,282.199731,0.000000,0.000000,0.000000,0.335698,-0.374609,-0.241555,0.135863,-0.359695,-0.244867,0.235780,-0.367152,-0.243211,0.210088,-0.406350,-0.210911,0.239220,-0.408921,-0.163622,0.258828,-0.403938,-0.209738
2026-07-29 15:52:11.165,282.299731,0.000000,0.000000,0.000000,0.334972,-0.370525,-0.240713,0.135291,-0.357652,-0.243949,0.235131,-0.364089,-0.242331,0.209362,-0.402267,-0.210068,0.238494,-0.404838,-0.162779,0.258103,-0.399855,-0.208895
2026-07-29 15:52:11.265,282.399731,0.000000,0.000000,0.000000,0.334972,-0.370525,-0.240713,0.135214,-0.356632,-0.243987,0.235093,-0.363579,-0.242350,0.209329,-0.403283,-0.210081,0.238494,-0.404838,-0.162779,0.258103,-0.399855,-0.208895
2026-07-29 15:52:11.365,282.499731,0.000000,0.000000,0.000000,0.335879,-0.375629,-0.241765,0.136121,-0.361736,-0.245040,0.236000,-0.368683,-0.243403,0.210269,-0.407371,-0.211121,0.238682,-0.409918,-0.163860,0.259010,-0.404959,-0.209948
2026-07-29 15:52:11.465,282.599730,0.000000,0.000000,0.000000,0.335335,-0.372567,-0.241134,0.135577,-0.358674,-0.244408,0.235456,-0.365620,-0.242771,0.210411,-0.405349,-0.210474,0.238137,-0.406855,-0.163228,0.257740,-0.401872,-0.209344
2026-07-29 15:52:11.565,282.699730,0.000000,0.000000,0.000000,0.335153,-0.371546,-0.240923,0.135396,-0.357653,-0.244197,0.235274,-0.364599,-0.242560,0.210264,-0.403312,-0.210251,0.238033,-0.404821,-0.162931,0.257666,-0.399837,-0.209119
2026-07-29 15:52:11.665,282.799730,0.000000,0.000000,0.000000,0.334790,-0.369504,-0.240502,0.135033,-0.355611,-0.243776,0.234912,-0.362558,-0.242139,0.209901,-0.401270,-0.209830,0.237593,-0.403793,-0.162596,0.257196,-0.398809,-0.208712
2026-07-29 15:52:11.765,282.899730,0.000000,0.000000,0.000000,0.335516,-0.373588,-0.241344,0.135758,-0.359694,-0.244618,0.235637,-0.366641,-0.242981,0.210661,-0.404338,-0.210660,0.239038,-0.407901,-0.163411,0.258029,-0.401879,-0.209541
2026-07-29 15:52:11.865,282.999730,0.000000,0.000000,0.000000,0.335698,-0.374609,-0.241555,0.135940,-0.360715,-0.244829,0.235819,-0.367662,-0.243192,0.210808,-0.406375,-0.210883,0.239220,-0.408921,-0.163622,0.258210,-0.402900,-0.209751
2026-07-29 15:52:11.965,283.099730,0.000000,0.000000,0.000000,0.335516,-0.373588,-0.241344,0.135758,-0.359694,-0.244618,0.235637,-0.366641,-0.242981,0.210627,-0.405354,-0.210673,0.239117,-0.406887,-0.163325,0.257922,-0.402892,-0.209555
2026-07-29 15:52:12.065,283.199730,0.000000,0.000000,0.000000,0.333667,-0.365411,-0.239416,0.134125,-0.350507,-0.242723,0.233896,-0.357959,-0.241070,0.208977,-0.396674,-0.208784,0.237456,-0.397707,-0.160708,0.256396,-0.392691,-0.207645
2026-07-29 15:52:12.165,283.299730,0.000000,0.000000,0.000000,0.335516,-0.373588,-0.241344,0.135835,-0.360715,-0.244581,0.235676,-0.367151,-0.242963,0.210593,-0.406370,-0.210685,0.239089,-0.406895,-0.162603,0.258029,-0.401879,-0.209541
2026-07-29 15:52:12.265,283.399730,0.000000,0.000000,0.000000,0.335153,-0.371546,-0.240923,0.135396,-0.357653,-0.244197,0.235274,-0.364599,-0.242560,0.210264,-0.403312,-0.210251,0.237978,-0.404836,-0.161488,0.257666,-0.399837,-0.209119
2026-07-29 15:52:12.365,283.499730,0.000000,0.000000,0.000000,0.336026,-0.378681,-0.242153,0.136407,-0.362757,-0.245498,0.236217,-0.370719,-0.243826,0.211325,-0.409445,-0.210793,0.239039,-0.410969,-0.162029,0.258755,-0.405962,-0.210383
2026-07-29 15:52:12.465,283.599730,0.000000,0.000000,0.000000,0.334790,-0.369504,-0.240502,0.135033,-0.355611,-0.243776,0.234912,-0.362558,-0.242139,0.209901,-0.401270,-0.209830,0.236867,-0.402778,-0.160372,0.257303,-0.397796,-0.208698
2026-07-29 15:52:12.565,283.699729,0.000000,0.000000,0.000000,0.334937,-0.372556,-0.240890,0.135472,-0.358673,-0.244160,0.235205,-0.365615,-0.242525,0.210236,-0.403320,-0.209530,0.237202,-0.404827,-0.160072,0.257666,-0.399837,-0.209119
2026-07-29 15:52:12.665,283.799729,0.000000,0.000000,0.000000,0.335007,-0.368494,-0.240535,0.135033,-0.355611,-0.243776,0.235020,-0.362053,-0.242156,0.209908,-0.400262,-0.209095,0.236091,-0.402769,-0.158956,0.257893,-0.398842,-0.207959
2026-07-29 15:52:12.765,283.899729,0.000000,0.000000,0.000000,0.334756,-0.371536,-0.240679,0.135291,-0.357652,-0.243949,0.235023,-0.364594,-0.242314,0.210089,-0.401283,-0.209305,0.236244,-0.403797,-0.158445,0.258183,-0.398849,-0.208154
2026-07-29 15:52:12.865,283.999729,0.000000,0.000000,0.000000,0.335153,-0.371546,-0.240923,0.135396,-0.357653,-0.244197,0.235274,-0.364599,-0.242560,0.210254,-0.402812,-0.209523,0.236426,-0.404818,-0.158655,0.258364,-0.399870,-0.208364
2026-07-29 15:52:12.965,284.099729,0.000000,0.000000,0.000000,0.335844,-0.377661,-0.241943,0.136303,-0.362757,-0.245250,0.236074,-0.370209,-0.243596,0.211178,-0.407408,-0.210569,0.236585,-0.409906,-0.159014,0.259271,-0.404974,-0.209417
2026-07-29 15:52:13.065,284.199729,0.000000,0.000000,0.000000,0.335153,-0.371546,-0.240923,0.135472,-0.358673,-0.244160,0.235313,-0.365110,-0.242541,0.210271,-0.402304,-0.209516,0.235677,-0.404801,-0.157961,0.258364,-0.399870,-0.208364
2026-07-29 15:52:13.165,284.299729,0.000000,0.000000,0.000000,0.334790,-0.369504,-0.240502,0.135033,-0.355611,-0.243776,0.234912,-0.362558,-0.242139,0.209901,-0.401270,-0.209830,0.234639,-0.401729,-0.156751,0.258001,-0.397828,-0.207943
2026-07-29 15:52:13.265,284.399729,0.000000,0.000000,0.000000,0.342831,-0.377041,-0.222524,0.143088,-0.368152,-0.226203,0.242959,-0.372597,-0.224363,0.218926,-0.408169,-0.189515,0.243620,-0.407393,-0.136521,0.266988,-0.404013,-0.188574
2026-07-29 15:52:13.365,284.499729,0.000000,0.000000,0.000000,0.342818,-0.375003,-0.222449,0.142883,-0.367127,-0.226044,0.242850,-0.371065,-0.224246,0.218748,-0.407171,-0.190078,0.243388,-0.406340,-0.135641,0.266742,-0.403495,-0.188397
2026-07-29 15:52:13.465,284.599729,0.000000,0.000000,0.000000,0.335879,-0.375629,-0.241765,0.136198,-0.362756,-0.245002,0.236039,-0.369193,-0.243384,0.211024,-0.406380,-0.211081,0.235599,-0.408883,-0.156665,0.259198,-0.402940,-0.209191
2026-07-29 15:52:13.565,284.699728,0.000000,0.000000,0.000000,0.334972,-0.370525,-0.240713,0.135137,-0.355612,-0.244024,0.235055,-0.363068,-0.242369,0.210117,-0.401275,-0.210028,0.234664,-0.403787,-0.154891,0.258291,-0.397836,-0.208139
2026-07-29 15:52:13.665,284.799728,0.000000,0.000000,0.000000,0.335153,-0.371546,-0.240923,0.135319,-0.356632,-0.244235,0.235236,-0.364089,-0.242579,0.210298,-0.402296,-0.210239,0.234846,-0.404808,-0.155101,0.258472,-0.398856,-0.208349
2026-07-29 15:52:13.765,284.899728,0.000000,0.000000,0.000000,0.334790,-0.369504,-0.240502,0.135033,-0.355611,-0.243776,0.234912,-0.362558,-0.242139,0.209214,-0.400230,-0.209845,0.234383,-0.403788,-0.154058,0.258109,-0.396815,-0.207928
2026-07-29 15:52:13.865,284.999728,0.000000,0.000000,0.000000,0.334790,-0.369504,-0.240502,0.134956,-0.354591,-0.243814,0.234873,-0.362048,-0.242158,0.209214,-0.400230,-0.209845,0.234455,-0.402774,-0.153958,0.258109,-0.396815,-0.207928
2026-07-29 15:52:13.965,285.099728,0.000000,0.000000,0.000000,0.335516,-0.373588,-0.241344,0.135758,-0.359694,-0.244618,0.235637,-0.366641,-0.242981,0.209940,-0.404313,-0.210687,0.235081,-0.407879,-0.154179,0.258835,-0.400898,-0.208770
2026-07-29 15:52:14.065,285.199728,0.000000,0.000000,0.000000,0.334972,-0.370525,-0.240713,0.135214,-0.356632,-0.243987,0.235093,-0.363579,-0.242350,0.209362,-0.402267,-0.210068,0.234464,-0.405830,-0.153648,0.259018,-0.397860,-0.208111
2026-07-29 15:52:14.165,285.299728,0.000000,0.000000,0.000000,0.335335,-0.372567,-0.241134,0.135654,-0.359694,-0.244370,0.235494,-0.366130,-0.242752,0.209036,-0.403268,-0.210504,0.234727,-0.408893,-0.153451,0.259381,-0.399902,-0.208532
2026-07-29 15:52:14.265,285.399728,0.000000,0.000000,0.000000,0.343022,-0.376029,-0.222608,0.142885,-0.366122,-0.226381,0.242954,-0.371075,-0.224494,0.217501,-0.409201,-0.190254,0.243292,-0.411329,-0.133115,0.267673,-0.404527,-0.188528
2026-07-29 15:52:14.365,285.499728,0.000000,0.000000,0.000000,0.343036,-0.378066,-0.222683,0.143192,-0.368163,-0.226451,0.243114,-0.373115,-0.224567,0.217706,-0.410226,-0.190413,0.244137,-0.413352,-0.132582,0.267878,-0.405552,-0.188687
2026-07-29 15:52:14.465,285.599728,0.000000,0.000000,0.000000,0.335663,-0.376640,-0.241732,0.136121,-0.361736,-0.245040,0.235892,-0.369188,-0.243386,0.209549,-0.407346,-0.211149,0.235814,-0.414015,-0.153542,0.259925,-0.402965,-0.209164
2026-07-29 15:52:14.565,285.699728,0.000000,0.000000,0.000000,0.343022,-0.376029,-0.222608,0.142987,-0.367137,-0.226292,0.243005,-0.371583,-0.224450,0.217494,-0.410216,-0.190215,0.243981,-0.411308,-0.132371,0.267758,-0.403512,-0.188564
2026-07-29 15:52:14.665,285.799727,0.000000,0.000000,0.000000,0.335153,-0.371546,-0.240923,0.135472,-0.358673,-0.244160,0.235313,-0.365110,-0.242541,0.208071,-0.404254,-0.210346,0.235089,-0.409932,-0.152700,0.259817,-0.399919,-0.208309
2026-07-29 15:52:14.765,285.899727,0.000000,0.000000,0.000000,0.335153,-0.371546,-0.240923,0.135472,-0.358673,-0.244160,0.235313,-0.365110,-0.242541,0.208040,-0.405270,-0.210358,0.235061,-0.409939,-0.151983,0.259927,-0.398906,-0.208294
2026-07-29 15:52:14.865,285.999727,0.000000,0.000000,0.000000,0.335879,-0.375629,-0.241765,0.136198,-0.362756,-0.245002,0.236039,-0.369193,-0.243384,0.208797,-0.408338,-0.211188,0.235787,-0.414023,-0.152826,0.260542,-0.404003,-0.209151
2026-07-29 15:52:14.965,286.099727,0.000000,0.000000,0.000000,0.335300,-0.374598,-0.241311,0.135835,-0.360715,-0.244581,0.235568,-0.367656,-0.242946,0.208434,-0.406296,-0.210767,0.235351,-0.412994,-0.152508,0.260179,-0.401961,-0.208730
2026-07-29 15:52:15.065,286.199727,0.000000,0.000000,0.000000,0.334937,-0.372556,-0.240890,0.135472,-0.358673,-0.244160,0.235205,-0.365615,-0.242525,0.208102,-0.403238,-0.210334,0.234988,-0.410953,-0.152087,0.259817,-0.399919,-0.208309
2026-07-29 15:52:15.165,286.299727,0.000000,0.000000,0.000000,0.335335,-0.372567,-0.241134,0.135577,-0.358674,-0.244408,0.235456,-0.365620,-0.242771,0.208253,-0.405275,-0.210557,0.235243,-0.410960,-0.152194,0.259888,-0.401954,-0.208535
2026-07-29 15:52:15.265,286.399727,0.000000,0.000000,0.000000,0.334790,-0.369504,-0.240502,0.135033,-0.355611,-0.243776,0.234912,-0.362558,-0.242139,0.207739,-0.401197,-0.209913,0.234698,-0.407898,-0.151562,0.259454,-0.397878,-0.207888
2026-07-29 15:52:15.365,286.499727,0.000000,0.000000,0.000000,0.335153,-0.371546,-0.240923,0.135396,-0.357653,-0.244197,0.235274,-0.364599,-0.242560,0.207322,-0.405246,-0.210386,0.234960,-0.410961,-0.151372,0.259706,-0.400933,-0.208325
2026-07-29 15:52:15.465,286.599727,0.000000,0.000000,0.000000,0.335481,-0.375619,-0.241522,0.135940,-0.360715,-0.244829,0.235711,-0.368167,-0.243175,0.207896,-0.407292,-0.211005,0.235505,-0.414023,-0.152004,0.260251,-0.403995,-0.208956
2026-07-29 15:52:15.565,286.699727,0.000000,0.000000,0.000000,0.335516,-0.373588,-0.241344,0.135758,-0.359694,-0.244618,0.235637,-0.366641,-0.242981,0.207685,-0.407288,-0.210807,0.234681,-0.411964,-0.151715,0.260069,-0.402975,-0.208746
2026-07-29 15:52:15.665,286.799726,0.000000,0.000000,0.000000,0.335481,-0.375619,-0.241522,0.135940,-0.360715,-0.244829,0.235711,-0.368167,-0.243175,0.207866,-0.408308,-0.211018,0.234791,-0.413999,-0.152031,0.260361,-0.402982,-0.208941
2026-07-29 15:52:15.765,286.899726,0.000000,0.000000,0.000000,0.335153,-0.371546,-0.240923,0.135396,-0.357653,-0.244197,0.235274,-0.364599,-0.242560,0.207337,-0.404738,-0.210380,0.234246,-0.410936,-0.151399,0.259706,-0.400933,-0.208325
2026-07-29 15:52:15.865,286.999726,0.000000,0.000000,0.000000,0.334756,-0.371536,-0.240679,0.135137,-0.355612,-0.244024,0.234946,-0.363574,-0.242352,0.207170,-0.403209,-0.210163,0.234065,-0.409915,-0.151189,0.259525,-0.399912,-0.208114
2026-07-29 15:52:15.965,287.099726,0.000000,0.000000,0.000000,0.336061,-0.376650,-0.241976,0.136303,-0.362757,-0.245250,0.236182,-0.369704,-0.243613,0.208259,-0.409334,-0.211426,0.235154,-0.416040,-0.152452,0.260669,-0.405530,-0.209370
2026-07-29 15:52:16.065,287.199726,0.000000,0.000000,0.000000,0.334574,-0.370515,-0.240469,0.135033,-0.355611,-0.243776,0.234803,-0.363063,-0.242123,0.206959,-0.403204,-0.209965,0.233883,-0.408894,-0.150978,0.259343,-0.398891,-0.207903
2026-07-29 15:52:16.165,287.299726,0.000000,0.000000,0.000000,0.334790,-0.369504,-0.240502,0.135033,-0.355611,-0.243776,0.234912,-0.362558,-0.242139,0.206989,-0.402188,-0.209952,0.233883,-0.408894,-0.150978,0.259454,-0.397878,-0.207888
2026-07-29 15:52:16.265,287.399726,0.000000,0.000000,0.000000,0.335335,-0.372567,-0.241134,0.135500,-0.357653,-0.244446,0.235417,-0.365110,-0.242790,0.207533,-0.405251,-0.210584,0.233714,-0.411933,-0.151637,0.259888,-0.401954,-0.208535
2026-07-29 15:52:16.365,287.499726,0.000000,0.000000,0.000000,0.335300,-0.374598,-0.241311,0.135758,-0.359694,-0.244618,0.235529,-0.367146,-0.242965,0.207700,-0.406780,-0.210801,0.233895,-0.412953,-0.151847,0.260069,-0.402975,-0.208746
2026-07-29 15:52:16.465,287.599726,0.000000,0.000000,0.000000,0.335335,-0.372567,-0.241134,0.135577,-0.358674,-0.244408,0.235456,-0.365620,-0.242771,0.207503,-0.406267,-0.210596,0.233643,-0.412946,-0.151742,0.259888,-0.401954,-0.208535
2026-07-29 15:52:16.565,287.699726,0.000000,0.000000,0.000000,0.336061,-0.376650,-0.241976,0.136303,-0.362757,-0.245250,0.236182,-0.369704,-0.243613,0.208229,-0.410350,-0.211439,0.234440,-0.416016,-0.152479,0.260614,-0.406037,-0.209377
2026-07-29 15:52:16.665,287.799726,0.000000,0.000000,0.000000,0.335188,-0.369515,-0.240746,0.135291,-0.357652,-0.243949,0.235239,-0.363584,-0.242347,0.207141,-0.404225,-0.210175,0.233351,-0.409891,-0.151216,0.259525,-0.399912,-0.208114
2026-07-29 15:52:16.765,287.899725,0.000000,0.000000,0.000000,0.335118,-0.373577,-0.241100,0.135577,-0.358674,-0.244408,0.235348,-0.366125,-0.242754,0.207563,-0.404235,-0.210572,0.233785,-0.410919,-0.151532,0.259888,-0.401954,-0.208535
2026-07-29 15:52:16.865,287.999725,0.000000,0.000000,0.000000,0.334790,-0.369504,-0.240502,0.135033,-0.355611,-0.243776,0.234912,-0.362558,-0.242139,0.206989,-0.402188,-0.209952,0.233142,-0.408878,-0.150290,0.259343,-0.398891,-0.207903
2026-07-29 15:52:16.965,288.099725,0.000000,0.000000,0.000000,0.335335,-0.372567,-0.241134,0.135577,-0.358674,-0.244408,0.235456,-0.365620,-0.242771,0.207533,-0.405251,-0.210584,0.233686,-0.411940,-0.150922,0.259888,-0.401954,-0.208535
2026-07-29 15:52:17.065,288.199725,0.000000,0.000000,0.000000,0.334937,-0.372556,-0.240890,0.135396,-0.357653,-0.244197,0.235166,-0.365105,-0.242544,0.207352,-0.404230,-0.210373,0.233505,-0.410919,-0.150711,0.259706,-0.400933,-0.208325
2026-07-29 15:52:17.165,288.299725,0.000000,0.000000,0.000000,0.335300,-0.374598,-0.241311,0.135758,-0.359694,-0.244618,0.235529,-0.367146,-0.242965,0.207745,-0.405255,-0.210782,0.233224,-0.411923,-0.151054,0.260069,-0.402975,-0.208746
2026-07-29 15:52:17.265,288.399725,0.000000,0.000000,0.000000,0.335153,-0.371546,-0.240923,0.135396,-0.357653,-0.244197,0.235274,-0.364599,-0.242560,0.207352,-0.404230,-0.210373,0.232791,-0.410895,-0.150738,0.259706,-0.400933,-0.208325
2026-07-29 15:52:17.365,288.499725,0.000000,0.000000,0.000000,0.336061,-0.376650,-0.241976,0.136303,-0.362757,-0.245250,0.236182,-0.369704,-0.243613,0.208229,-0.410350,-0.211439,0.234412,-0.416024,-0.151764,0.260614,-0.406037,-0.209377
2026-07-29 15:52:17.465,288.599725,0.000000,0.000000,0.000000,0.335663,-0.376640,-0.241732,0.136121,-0.361736,-0.245040,0.235892,-0.369188,-0.243386,0.208048,-0.409329,-0.211228,0.233517,-0.414978,-0.151581,0.260432,-0.405016,-0.209167
2026-07-29 15:52:17.565,288.699725,0.000000,0.000000,0.000000,0.335481,-0.375619,-0.241522,0.135863,-0.359695,-0.244867,0.235672,-0.367657,-0.243194,0.207896,-0.407292,-0.211005,0.233308,-0.413965,-0.150655,0.260251,-0.403995,-0.208956
2026-07-29 15:52:17.665,288.799725,0.000000,0.000000,0.000000,0.335153,-0.371546,-0.240923,0.135396,-0.357653,-0.244197,0.235274,-0.364599,-0.242560,0.207352,-0.404230,-0.210373,0.233442,-0.411434,-0.150050,0.259706,-0.400933,-0.208325
2026-07-29 15:52:17.765,288.899724,0.000000,0.000000,0.000000,0.335879,-0.375629,-0.241765,0.136121,-0.361736,-0.245040,0.236000,-0.368683,-0.243403,0.208078,-0.408313,-0.211216,0.233489,-0.414986,-0.150866,0.260322,-0.406030,-0.209182
2026-07-29 15:52:17.865,288.999724,0.000000,0.000000,0.000000,0.335335,-0.372567,-0.241134,0.135577,-0.358674,-0.244408,0.235456,-0.365620,-0.242771,0.207533,-0.405251,-0.210584,0.232945,-0.411924,-0.150234,0.259888,-0.401954,-0.208535
2026-07-29 15:52:17.965,289.099724,0.000000,0.000000,0.000000,0.334790,-0.369504,-0.240502,0.135033,-0.355611,-0.243776,0.234912,-0.362558,-0.242139,0.206989,-0.402188,-0.209952,0.232471,-0.407848,-0.149495,0.259233,-0.399905,-0.207919
2026-07-29 15:52:18.065,289.199724,0.000000,0.000000,0.000000,0.342203,-0.371927,-0.221971,0.142167,-0.363035,-0.225655,0.242185,-0.367481,-0.223813,0.215229,-0.407119,-0.189595,0.240813,-0.409116,-0.129060,0.267409,-0.402461,-0.187792
2026-07-29 15:52:18.165,289.299724,0.000000,0.000000,0.000000,0.335516,-0.373588,-0.241344,0.135758,-0.359694,-0.244618,0.235637,-0.366641,-0.242981,0.207687,-0.406279,-0.210074,0.233196,-0.411931,-0.150337,0.260069,-0.402975,-0.208746
2026-07-29 15:52:18.265,289.399724,0.000000,0.000000,0.000000,0.334972,-0.370525,-0.240713,0.135291,-0.357652,-0.243949,0.235131,-0.364089,-0.242331,0.207170,-0.403209,-0.210163,0.232555,-0.409890,-0.149098,0.259525,-0.399912,-0.208114
2026-07-29 15:52:18.365,289.499724,0.000000,0.000000,0.000000,0.336061,-0.376650,-0.241976,0.136380,-0.363777,-0.245213,0.236220,-0.370214,-0.243594,0.208231,-0.409342,-0.210706,0.233643,-0.416015,-0.150361,0.260614,-0.406037,-0.209377
2026-07-29 15:52:18.465,289.599724,0.000000,0.000000,0.000000,0.343637,-0.379105,-0.223086,0.143500,-0.369199,-0.226859,0.243569,-0.374152,-0.224972,0.216639,-0.413761,-0.190009,0.242220,-0.416266,-0.129460,0.268843,-0.409639,-0.188907
2026-07-29 15:52:18.565,289.699724,0.000000,0.000000,0.000000,0.335153,-0.371546,-0.240923,0.135396,-0.357653,-0.244197,0.235274,-0.364599,-0.242560,0.207339,-0.403730,-0.209646,0.232736,-0.410911,-0.149308,0.259706,-0.400933,-0.208325
2026-07-29 15:52:18.665,289.799724,0.000000,0.000000,0.000000,0.335879,-0.375629,-0.241765,0.136121,-0.361736,-0.245040,0.236000,-0.368683,-0.243403,0.208078,-0.408313,-0.211216,0.232748,-0.414969,-0.150178,0.260432,-0.405016,-0.209167
2026-07-29 15:52:18.765,289.899724,0.000000,0.000000,0.000000,0.343022,-0.376029,-0.222608,0.143088,-0.368152,-0.226203,0.243055,-0.372090,-0.224406,0.216032,-0.409161,-0.189588,0.240935,-0.412165,-0.128953,0.268314,-0.405548,-0.188465
2026-07-29 15:52:18.865,289.999723,0.000000,0.000000,0.000000,0.334756,-0.371536,-0.240679,0.135214,-0.356632,-0.243987,0.234985,-0.364084,-0.242333,0.207170,-0.403209,-0.210163,0.231841,-0.409865,-0.149125,0.259525,-0.399912,-0.208114
2026-07-29 15:52:18.965,290.099723,0.000000,0.000000,0.000000,0.335153,-0.371546,-0.240923,0.135396,-0.357653,-0.244197,0.235274,-0.364599,-0.242560,0.207294,-0.405254,-0.209666,0.232022,-0.410886,-0.149335,0.259706,-0.400933,-0.208325
2026-07-29 15:52:19.065,290.199723,0.000000,0.000000,0.000000,0.335516,-0.373588,-0.241344,0.135758,-0.359694,-0.244618,0.235637,-0.366641,-0.242981,0.207687,-0.406279,-0.210074,0.232454,-0.411914,-0.149648,0.260069,-0.402975,-0.208746
2026-07-29 15:52:19.165,290.299723,0.000000,0.000000,0.000000,0.334609,-0.368484,-0.240291,0.134774,-0.353570,-0.243603,0.234692,-0.361027,-0.241947,0.206810,-0.400159,-0.209008,0.231444,-0.408330,-0.148758,0.259162,-0.397870,-0.207693
2026-07-29 15:52:19.265,290.399723,0.000000,0.000000,0.000000,0.333883,-0.364400,-0.239449,0.134125,-0.350507,-0.242723,0.234004,-0.357454,-0.241086,0.206054,-0.397092,-0.208179,0.230821,-0.402727,-0.147753,0.258436,-0.393787,-0.206851
2026-07-29 15:52:19.365,290.499723,0.000000,0.000000,0.000000,0.334972,-0.370525,-0.240713,0.135214,-0.356632,-0.243987,0.235093,-0.363579,-0.242350,0.207143,-0.403217,-0.209442,0.231909,-0.408852,-0.149017,0.259525,-0.399912,-0.208114
2026-07-29 15:52:19.465,290.599723,0.000000,0.000000,0.000000,0.343036,-0.378066,-0.222683,0.143192,-0.368163,-0.226451,0.243114,-0.373115,-0.224567,0.216232,-0.411202,-0.189710,0.241096,-0.414210,-0.129169,0.268519,-0.406573,-0.188624
2026-07-29 15:52:19.565,290.699723,0.000000,0.000000,0.000000,0.335698,-0.374609,-0.241555,0.135940,-0.360715,-0.244829,0.235819,-0.367662,-0.243192,0.207869,-0.407300,-0.210284,0.232567,-0.413949,-0.149967,0.260140,-0.405009,-0.208972
2026-07-29 15:52:19.665,290.799723,0.000000,0.000000,0.000000,0.334756,-0.371536,-0.240679,0.135214,-0.356632,-0.243987,0.234985,-0.364084,-0.242333,0.207113,-0.404233,-0.209456,0.231937,-0.408844,-0.149733,0.259525,-0.399912,-0.208114
2026-07-29 15:52:19.765,290.899723,0.000000,0.000000,0.000000,0.335153,-0.371546,-0.240923,0.135396,-0.357653,-0.244197,0.235274,-0.364599,-0.242560,0.207324,-0.404238,-0.209653,0.232050,-0.410878,-0.150050,0.259706,-0.400933,-0.208325
2026-07-29 15:52:19.865,290.999722,0.000000,0.000000,0.000000,0.335153,-0.371546,-0.240923,0.135396,-0.357653,-0.244197,0.235274,-0.364599,-0.242560,0.207322,-0.405246,-0.210386,0.232118,-0.409865,-0.149944,0.259706,-0.400933,-0.208325
2026-07-29 15:52:19.965,291.099722,0.000000,0.000000,0.000000,0.335153,-0.371546,-0.240923,0.135396,-0.357653,-0.244197,0.235274,-0.364599,-0.242560,0.207352,-0.404230,-0.210373,0.232050,-0.410878,-0.150050,0.259706,-0.400933,-0.208325
2026-07-29 15:52:20.065,291.199722,0.000000,0.000000,0.000000,0.335300,-0.374598,-0.241311,0.135758,-0.359694,-0.244618,0.235529,-0.367146,-0.242965,0.206967,-0.407263,-0.210834,0.232413,-0.412920,-0.150472,0.260069,-0.402975,-0.208746
2026-07-29 15:52:20.165,291.299722,0.000000,0.000000,0.000000,0.334937,-0.372556,-0.240890,0.135396,-0.357653,-0.244197,0.235166,-0.365105,-0.242544,0.207322,-0.405246,-0.210386,0.232118,-0.409865,-0.149944,0.259596,-0.401946,-0.208340
2026-07-29 15:52:20.265,291.399722,0.000000,0.000000,0.000000,0.335516,-0.373588,-0.241344,0.135835,-0.360715,-0.244581,0.235676,-0.367151,-0.242963,0.207685,-0.407288,-0.210807,0.232413,-0.412920,-0.150472,0.260069,-0.402975,-0.208746
2026-07-29 15:52:20.365,291.499722,0.000000,0.000000,0.000000,0.335153,-0.371546,-0.240923,0.135396,-0.357653,-0.244197,0.235274,-0.364599,-0.242560,0.206589,-0.405729,-0.210419,0.232050,-0.410878,-0.150050,0.259706,-0.400933,-0.208325
2026-07-29 15:52:20.465,291.599722,0.000000,0.000000,0.000000,0.335153,-0.371546,-0.240923,0.135396,-0.357653,-0.244197,0.235274,-0.364599,-0.242560,0.206604,-0.405221,-0.210413,0.232050,-0.410878,-0.150050,0.260320,-0.401971,-0.208312
2026-07-29 15:52:20.565,291.699722,0.000000,0.000000,0.000000,0.334756,-0.371536,-0.240679,0.135137,-0.355612,-0.244024,0.234946,-0.363574,-0.242352,0.206422,-0.404201,-0.210203,0.231868,-0.409858,-0.149840,0.260138,-0.400950,-0.208102
2026-07-29 15:52:20.665,291.799722,0.000000,0.000000,0.000000,0.335879,-0.375629,-0.241765,0.136121,-0.361736,-0.245040,0.236000,-0.368683,-0.243403,0.207273,-0.410329,-0.210549,0.232775,-0.414962,-0.150893,0.261046,-0.406054,-0.209155
2026-07-29 15:52:20.765,291.899722,0.000000,0.000000,0.000000,0.334790,-0.369504,-0.240502,0.135033,-0.355611,-0.243776,0.234912,-0.362558,-0.242139,0.206212,-0.404196,-0.210004,0.231618,-0.409850,-0.149736,0.259957,-0.399929,-0.207891
2026-07-29 15:52:20.865,291.999722,0.000000,0.000000,0.000000,0.334609,-0.368484,-0.240291,0.134851,-0.354590,-0.243566,0.234730,-0.361537,-0.241929,0.206032,-0.402167,-0.209062,0.231574,-0.406802,-0.149312,0.259776,-0.398908,-0.207681
2026-07-29 15:52:20.965,292.099721,0.000000,0.000000,0.000000,0.334609,-0.368484,-0.240291,0.134851,-0.354590,-0.243566,0.234730,-0.361537,-0.241929,0.206032,-0.402167,-0.209062,0.231478,-0.407824,-0.148704,0.259776,-0.398908,-0.207681
2026-07-29 15:52:21.065,292.199721,0.000000,0.000000,0.000000,0.334972,-0.370525,-0.240713,0.135137,-0.355612,-0.244024,0.235055,-0.363068,-0.242369,0.206366,-0.405224,-0.209496,0.231841,-0.409865,-0.149125,0.260138,-0.400950,-0.208102
2026-07-29 15:52:21.165,292.299721,0.000000,0.000000,0.000000,0.334609,-0.368484,-0.240291,0.134928,-0.355611,-0.243528,0.234768,-0.362047,-0.241910,0.206003,-0.403183,-0.209075,0.231450,-0.407831,-0.147989,0.259776,-0.398908,-0.207681
2026-07-29 15:52:21.265,292.399721,0.000000,0.000000,0.000000,0.336061,-0.376650,-0.241976,0.136303,-0.362757,-0.245250,0.236182,-0.369704,-0.243613,0.207483,-0.410333,-0.210746,0.232902,-0.415998,-0.149673,0.261199,-0.407083,-0.208640
2026-07-29 15:52:21.365,292.499721,0.000000,0.000000,0.000000,0.334574,-0.370515,-0.240469,0.135033,-0.355611,-0.243776,0.234803,-0.363063,-0.242123,0.206213,-0.403187,-0.209272,0.231673,-0.407846,-0.147374,0.259929,-0.399937,-0.207166
2026-07-29 15:52:21.465,292.599721,0.000000,0.000000,0.000000,0.334575,-0.372541,-0.241163,0.135577,-0.358674,-0.244408,0.235076,-0.365607,-0.242785,0.206757,-0.406250,-0.209904,0.232217,-0.410909,-0.148006,0.260585,-0.401986,-0.207781
2026-07-29 15:52:21.565,292.699721,0.000000,0.000000,0.000000,0.335300,-0.374598,-0.241311,0.135758,-0.359694,-0.244618,0.235529,-0.367146,-0.242965,0.206910,-0.408287,-0.210128,0.232371,-0.411937,-0.147500,0.260655,-0.404020,-0.208008
2026-07-29 15:52:21.665,292.799721,0.000000,0.000000,0.000000,0.335879,-0.375629,-0.241765,0.136198,-0.362756,-0.245002,0.236039,-0.369193,-0.243384,0.207273,-0.410329,-0.210549,0.232734,-0.413979,-0.147921,0.261018,-0.406062,-0.208429
2026-07-29 15:52:21.765,292.899721,0.000000,0.000000,0.000000,0.335153,-0.371546,-0.240923,0.135396,-0.357653,-0.244197,0.235274,-0.364599,-0.242560,0.207294,-0.405254,-0.209666,0.231981,-0.409903,-0.146363,0.260292,-0.401979,-0.207587
2026-07-29 15:52:21.865,292.999721,0.000000,0.000000,0.000000,0.334790,-0.369504,-0.240502,0.134956,-0.354591,-0.243814,0.234873,-0.362048,-0.242158,0.206931,-0.403212,-0.209245,0.231618,-0.407862,-0.145941,0.259929,-0.399937,-0.207166
2026-07-29 15:52:21.965,293.099720,0.000000,0.000000,0.000000,0.334609,-0.368484,-0.240291,0.134851,-0.354590,-0.243566,0.234730,-0.361537,-0.241929,0.206750,-0.402191,-0.209035,0.230789,-0.405803,-0.145646,0.259859,-0.397903,-0.206939
2026-07-29 15:52:22.065,293.199720,0.000000,0.000000,0.000000,0.335698,-0.374609,-0.241555,0.135940,-0.360715,-0.244829,0.235819,-0.367662,-0.243192,0.207839,-0.408316,-0.210298,0.231783,-0.412949,-0.146305,0.260836,-0.405041,-0.208219
2026-07-29 15:52:22.165,293.299720,0.000000,0.000000,0.000000,0.334574,-0.370515,-0.240469,0.135033,-0.355611,-0.243776,0.234803,-0.363063,-0.242123,0.206931,-0.403212,-0.209245,0.230943,-0.406831,-0.145139,0.259929,-0.399937,-0.207166
2026-07-29 15:52:22.265,293.399720,0.000000,0.000000,0.000000,0.335551,-0.371557,-0.241167,0.135577,-0.358674,-0.244408,0.235564,-0.365115,-0.242787,0.206757,-0.406250,-0.209904,0.231459,-0.409902,-0.145053,0.260585,-0.401986,-0.207781
2026-07-29 15:52:22.365,293.499720,0.000000,0.000000,0.000000,0.335516,-0.373588,-0.241344,0.135758,-0.359694,-0.244618,0.235637,-0.366641,-0.242981,0.207657,-0.407295,-0.210087,0.230892,-0.411405,-0.145348,0.260655,-0.404020,-0.208008
2026-07-29 15:52:22.465,293.599720,0.000000,0.000000,0.000000,0.336277,-0.375640,-0.242009,0.136303,-0.362757,-0.245250,0.236290,-0.369198,-0.243630,0.208202,-0.410358,-0.210719,0.231469,-0.413961,-0.145923,0.261199,-0.407083,-0.208640
2026-07-29 15:52:22.565,293.699720,0.000000,0.000000,0.000000,0.334972,-0.370525,-0.240713,0.135214,-0.356632,-0.243987,0.235093,-0.363579,-0.242350,0.207113,-0.404233,-0.209456,0.229729,-0.406797,-0.144572,0.260111,-0.400958,-0.207377
2026-07-29 15:52:22.665,293.799720,0.000000,0.000000,0.000000,0.335335,-0.372567,-0.241134,0.135577,-0.358674,-0.244408,0.235456,-0.365620,-0.242771,0.207446,-0.407291,-0.209890,0.230065,-0.408847,-0.144275,0.260473,-0.403000,-0.207798
2026-07-29 15:52:22.765,293.899720,0.000000,0.000000,0.000000,0.342408,-0.372952,-0.222130,0.142372,-0.364061,-0.225814,0.242390,-0.368507,-0.223972,0.214684,-0.409127,-0.189025,0.237984,-0.408878,-0.123548,0.268397,-0.402449,-0.187233
2026-07-29 15:52:22.865,293.999720,0.000000,0.000000,0.000000,0.335732,-0.372577,-0.241378,0.135758,-0.359694,-0.244618,0.235745,-0.366136,-0.242998,0.206882,-0.409303,-0.210142,0.230246,-0.409868,-0.144485,0.260766,-0.403007,-0.207992
2026-07-29 15:52:22.965,294.099720,0.000000,0.000000,0.000000,0.335516,-0.373588,-0.241344,0.135835,-0.360715,-0.244581,0.235676,-0.367151,-0.242963,0.206910,-0.408287,-0.210128,0.229529,-0.409843,-0.144513,0.260711,-0.403514,-0.208000
2026-07-29 15:52:23.065,294.199719,0.000000,0.000000,0.000000,0.334790,-0.369504,-0.240502,0.135033,-0.355611,-0.243776,0.234912,-0.362558,-0.242139,0.206184,-0.404204,-0.209286,0.228739,-0.406774,-0.143786,0.260041,-0.398924,-0.207150
2026-07-29 15:52:23.165,294.299719,0.000000,0.000000,0.000000,0.334937,-0.372556,-0.240890,0.135319,-0.356632,-0.244235,0.235128,-0.364594,-0.242562,0.206547,-0.406245,-0.209707,0.229102,-0.408815,-0.144207,0.260292,-0.401979,-0.207587
2026-07-29 15:52:23.265,294.399719,0.000000,0.000000,0.000000,0.334937,-0.372556,-0.240890,0.135396,-0.357653,-0.244197,0.235166,-0.365105,-0.242544,0.206519,-0.407261,-0.209720,0.229038,-0.409829,-0.144323,0.260292,-0.401979,-0.207587
2026-07-29 15:52:23.365,294.499719,0.000000,0.000000,0.000000,0.334574,-0.370515,-0.240469,0.134956,-0.354591,-0.243814,0.234765,-0.362553,-0.242141,0.206156,-0.405220,-0.209299,0.228739,-0.406774,-0.143786,0.259929,-0.399937,-0.207166
2026-07-29 15:52:23.465,294.599719,0.000000,0.000000,0.000000,0.343637,-0.379105,-0.223086,0.143601,-0.370214,-0.226770,0.243619,-0.374659,-0.224928,0.215909,-0.416295,-0.189942,0.238537,-0.414005,-0.124466,0.269540,-0.409617,-0.188154
2026-07-29 15:52:23.565,294.699719,0.000000,0.000000,0.000000,0.335153,-0.371546,-0.240923,0.135319,-0.356632,-0.244235,0.235236,-0.364089,-0.242579,0.206547,-0.406245,-0.209707,0.229038,-0.409829,-0.144323,0.260292,-0.401979,-0.207587
2026-07-29 15:52:23.665,294.799719,0.000000,0.000000,0.000000,0.334211,-0.368473,-0.240048,0.134670,-0.353569,-0.243355,0.234441,-0.361021,-0.241701,0.205793,-0.403178,-0.208878,0.228376,-0.404732,-0.143365,0.259566,-0.397895,-0.206745
2026-07-29 15:52:23.765,294.899719,0.000000,0.000000,0.000000,0.336242,-0.377671,-0.242187,0.136484,-0.363778,-0.245461,0.236363,-0.370724,-0.243824,0.207636,-0.412370,-0.210970,0.229349,-0.416943,-0.145729,0.261381,-0.408104,-0.208851
2026-07-29 15:52:23.865,294.999719,0.000000,0.000000,0.000000,0.335516,-0.373588,-0.241344,0.135758,-0.359694,-0.244618,0.235637,-0.366641,-0.242981,0.206910,-0.408287,-0.210128,0.227971,-0.411822,-0.144798,0.260655,-0.404020,-0.208008
2026-07-29 15:52:23.965,295.099719,0.000000,0.000000,0.000000,0.335153,-0.371546,-0.240923,0.135319,-0.356632,-0.244235,0.235236,-0.364089,-0.242579,0.206547,-0.406245,-0.209707,0.227608,-0.409780,-0.144377,0.260181,-0.402992,-0.207604
2026-07-29 15:52:24.065,295.199718,0.000000,0.000000,0.000000,0.335551,-0.371557,-0.241167,0.135577,-0.358674,-0.244408,0.235564,-0.365115,-0.242787,0.206671,-0.409298,-0.209944,0.227728,-0.411815,-0.144703,0.260473,-0.403000,-0.207798
2026-07-29 15:52:24.165,295.299718,0.000000,0.000000,0.000000,0.335732,-0.372577,-0.241378,0.135682,-0.358674,-0.244656,0.235707,-0.365626,-0.243017,0.206883,-0.408295,-0.209410,0.227971,-0.411822,-0.144798,0.260655,-0.404020,-0.208008
2026-07-29 15:52:24.265,295.399718,0.000000,0.000000,0.000000,0.334972,-0.370525,-0.240713,0.135214,-0.356632,-0.243987,0.235093,-0.363579,-0.242350,0.206338,-0.405232,-0.208778,0.227365,-0.409773,-0.144282,0.260111,-0.400958,-0.207377
2026-07-29 15:52:24.365,295.499718,0.000000,0.000000,0.000000,0.335879,-0.375629,-0.241765,0.136121,-0.361736,-0.245040,0.236000,-0.368683,-0.243403,0.207273,-0.410329,-0.210549,0.228485,-0.411828,-0.145707,0.261018,-0.406062,-0.208429
2026-07-29 15:52:24.465,295.599718,0.000000,0.000000,0.000000,0.334609,-0.368484,-0.240291,0.134928,-0.355611,-0.243528,0.234768,-0.362047,-0.241910,0.206003,-0.403183,-0.209075,0.227091,-0.406710,-0.144462,0.259748,-0.398916,-0.206956
2026-07-29 15:52:24.565,295.699718,0.000000,0.000000,0.000000,0.335663,-0.376640,-0.241732,0.136198,-0.362756,-0.245002,0.235930,-0.369698,-0.243367,0.207273,-0.410329,-0.210549,0.228451,-0.412834,-0.146539,0.261018,-0.406062,-0.208429
2026-07-29 15:52:24.665,295.799718,0.000000,0.000000,0.000000,0.335516,-0.373588,-0.241344,0.135758,-0.359694,-0.244618,0.235637,-0.366641,-0.242981,0.206165,-0.409279,-0.210169,0.228894,-0.409795,-0.146695,0.260599,-0.404527,-0.208017
2026-07-29 15:52:24.765,295.899718,0.000000,0.000000,0.000000,0.334609,-0.368484,-0.240291,0.134851,-0.354590,-0.243566,0.234730,-0.361537,-0.241929,0.205286,-0.403158,-0.209103,0.227889,-0.406711,-0.146583,0.259748,-0.398916,-0.206956
2026-07-29 15:52:24.865,295.999718,0.000000,0.000000,0.000000,0.335516,-0.373588,-0.241344,0.135758,-0.359694,-0.244618,0.235637,-0.366641,-0.242981,0.206910,-0.408287,-0.210128,0.228859,-0.410801,-0.147525,0.260655,-0.404020,-0.208008
2026-07-29 15:52:24.965,296.099718,0.000000,0.000000,0.000000,0.334609,-0.368484,-0.240291,0.134851,-0.354590,-0.243566,0.234730,-0.361537,-0.241929,0.205258,-0.404174,-0.209116,0.228105,-0.403662,-0.146969,0.259748,-0.398916,-0.206956
2026-07-29 15:52:25.065,296.199718,0.000000,0.000000,0.000000,0.335370,-0.370536,-0.240956,0.135396,-0.357653,-0.244197,0.235383,-0.364094,-0.242577,0.205803,-0.407237,-0.209748,0.229332,-0.407755,-0.148402,0.260292,-0.401979,-0.207587
2026-07-29 15:52:25.165,296.299717,0.000000,0.000000,0.000000,0.336061,-0.376650,-0.241976,0.136303,-0.362757,-0.245250,0.236182,-0.369704,-0.243613,0.206710,-0.412341,-0.210801,0.230267,-0.412851,-0.150173,0.261088,-0.408096,-0.208657
2026-07-29 15:52:25.265,296.399717,0.000000,0.000000,0.000000,0.335153,-0.371546,-0.240923,0.135396,-0.357653,-0.244197,0.235274,-0.364599,-0.242560,0.205830,-0.406221,-0.209734,0.229295,-0.408761,-0.149228,0.260181,-0.402992,-0.207604
2026-07-29 15:52:25.365,296.499717,0.000000,0.000000,0.000000,0.335516,-0.373588,-0.241344,0.135758,-0.359694,-0.244618,0.235637,-0.366641,-0.242981,0.206193,-0.408262,-0.210155,0.230402,-0.410819,-0.150340,0.259931,-0.403996,-0.208036
2026-07-29 15:52:25.465,296.599717,0.000000,0.000000,0.000000,0.335516,-0.373588,-0.241344,0.135758,-0.359694,-0.244618,0.235637,-0.366641,-0.242981,0.206193,-0.408262,-0.210155,0.230495,-0.409798,-0.150951,0.260544,-0.405034,-0.208025
2026-07-29 15:52:25.565,296.699717,0.000000,0.000000,0.000000,0.334790,-0.369504,-0.240502,0.135033,-0.355611,-0.243776,0.234912,-0.362558,-0.242139,0.205467,-0.404179,-0.209313,0.229666,-0.407734,-0.151036,0.259818,-0.400950,-0.207183
2026-07-29 15:52:25.665,296.799717,0.000000,0.000000,0.000000,0.335153,-0.371546,-0.240923,0.135396,-0.357653,-0.244197,0.235274,-0.364599,-0.242560,0.205858,-0.405205,-0.209721,0.229963,-0.410790,-0.151562,0.259486,-0.402960,-0.208355
2026-07-29 15:52:25.765,296.899717,0.000000,0.000000,0.000000,0.334972,-0.370525,-0.240713,0.135214,-0.356632,-0.243987,0.235093,-0.363579,-0.242350,0.205676,-0.404184,-0.209510,0.229782,-0.409769,-0.151352,0.259304,-0.401939,-0.208145
2026-07-29 15:52:25.865,296.999717,0.000000,0.000000,0.000000,0.335153,-0.371546,-0.240923,0.135396,-0.357653,-0.244197,0.235274,-0.364599,-0.242560,0.205830,-0.407229,-0.210465,0.230743,-0.409800,-0.151430,0.259486,-0.402960,-0.208355
2026-07-29 15:52:25.965,297.099717,0.000000,0.000000,0.000000,0.336061,-0.376650,-0.241976,0.136303,-0.362757,-0.245250,0.236182,-0.369704,-0.243613,0.206765,-0.410309,-0.210774,0.231545,-0.416924,-0.153406,0.260393,-0.408064,-0.209408
2026-07-29 15:52:26.065,297.199717,0.000000,0.000000,0.000000,0.342408,-0.372952,-0.222130,0.142474,-0.365076,-0.225726,0.242441,-0.369014,-0.223928,0.213966,-0.409121,-0.189052,0.238935,-0.410716,-0.131472,0.267528,-0.404502,-0.187915
2026-07-29 15:52:26.165,297.299716,0.000000,0.000000,0.000000,0.334393,-0.369494,-0.240258,0.134851,-0.354590,-0.243566,0.234622,-0.362042,-0.241912,0.206003,-0.403183,-0.209075,0.230227,-0.406730,-0.151515,0.258941,-0.399897,-0.207724
2026-07-29 15:52:26.265,297.399716,0.000000,0.000000,0.000000,0.335300,-0.374598,-0.241311,0.135682,-0.358674,-0.244656,0.235491,-0.366636,-0.242984,0.206910,-0.408287,-0.210128,0.231781,-0.412873,-0.152644,0.259849,-0.405001,-0.208777
2026-07-29 15:52:26.365,297.499716,0.000000,0.000000,0.000000,0.335153,-0.371546,-0.240923,0.135396,-0.357653,-0.244197,0.235274,-0.364599,-0.242560,0.206576,-0.405229,-0.209694,0.231514,-0.409809,-0.152836,0.259486,-0.402960,-0.208355
2026-07-29 15:52:26.465,297.599716,0.000000,0.000000,0.000000,0.342818,-0.375003,-0.222449,0.142782,-0.366112,-0.226133,0.242800,-0.370557,-0.224291,0.215094,-0.411178,-0.189343,0.240866,-0.411278,-0.132373,0.267938,-0.406553,-0.188234
2026-07-29 15:52:26.565,297.699716,0.000000,0.000000,0.000000,0.343432,-0.378080,-0.222926,0.143397,-0.369188,-0.226611,0.243414,-0.373634,-0.224768,0.215712,-0.413238,-0.189859,0.241525,-0.413335,-0.132799,0.268552,-0.409629,-0.188712
2026-07-29 15:52:26.665,297.799716,0.000000,0.000000,0.000000,0.335879,-0.375629,-0.241765,0.136121,-0.361736,-0.245040,0.236000,-0.368683,-0.243403,0.207302,-0.409312,-0.210536,0.233739,-0.412928,-0.153521,0.260211,-0.407043,-0.209198
2026-07-29 15:52:26.765,297.899716,0.000000,0.000000,0.000000,0.335663,-0.376640,-0.241732,0.136198,-0.362756,-0.245002,0.235930,-0.369698,-0.243367,0.207302,-0.409312,-0.210536,0.233837,-0.411906,-0.154137,0.260211,-0.407043,-0.209198
2026-07-29 15:52:26.865,297.999716,0.000000,0.000000,0.000000,0.343022,-0.376029,-0.222608,0.142987,-0.367137,-0.226292,0.243005,-0.371583,-0.224450,0.215303,-0.411187,-0.189540,0.242622,-0.410305,-0.133093,0.268142,-0.407578,-0.188393
2026-07-29 15:52:26.965,298.099716,0.000000,0.000000,0.000000,0.335663,-0.376640,-0.241732,0.136121,-0.361736,-0.245040,0.235892,-0.369188,-0.243386,0.207302,-0.409312,-0.210536,0.234554,-0.411931,-0.154110,0.260322,-0.406030,-0.209182
2026-07-29 15:52:27.065,298.199716,0.000000,0.000000,0.000000,0.334972,-0.370525,-0.240713,0.135214,-0.356632,-0.243987,0.235093,-0.363579,-0.242350,0.206395,-0.404208,-0.209483,0.234392,-0.406844,-0.153748,0.258691,-0.400901,-0.208157
2026-07-29 15:52:27.165,298.299716,0.000000,0.000000,0.000000,0.335516,-0.373588,-0.241344,0.135758,-0.359694,-0.244618,0.235637,-0.366641,-0.242981,0.207657,-0.407295,-0.210087,0.235009,-0.408892,-0.154279,0.259180,-0.404470,-0.208796
2026-07-29 15:52:27.265,298.399715,0.000000,0.000000,0.000000,0.335663,-0.376640,-0.241732,0.136121,-0.361736,-0.245040,0.235892,-0.369188,-0.243386,0.208050,-0.408321,-0.210495,0.236044,-0.411964,-0.155492,0.259489,-0.407018,-0.209225
2026-07-29 15:52:27.365,298.499715,0.000000,0.000000,0.000000,0.334790,-0.369504,-0.240502,0.134956,-0.354591,-0.243814,0.234873,-0.362048,-0.242158,0.206961,-0.402196,-0.209232,0.235029,-0.404826,-0.154129,0.258509,-0.399880,-0.207946
2026-07-29 15:52:27.465,298.599715,0.000000,0.000000,0.000000,0.335153,-0.371546,-0.240923,0.135472,-0.358673,-0.244160,0.235313,-0.365110,-0.242541,0.207324,-0.404238,-0.209653,0.236110,-0.406892,-0.154523,0.258872,-0.401921,-0.208368
2026-07-29 15:52:27.565,298.699715,0.000000,0.000000,0.000000,0.334427,-0.367463,-0.240081,0.134670,-0.353569,-0.243355,0.234549,-0.360516,-0.241718,0.206598,-0.400154,-0.208811,0.235487,-0.401787,-0.154302,0.258146,-0.397838,-0.207525
2026-07-29 15:52:27.665,298.799715,0.000000,0.000000,0.000000,0.335118,-0.373577,-0.241100,0.135577,-0.358674,-0.244408,0.235348,-0.366125,-0.242754,0.207506,-0.405258,-0.209863,0.237065,-0.407922,-0.156146,0.258944,-0.403956,-0.208593
2026-07-29 15:52:27.765,298.899715,0.000000,0.000000,0.000000,0.335153,-0.371546,-0.240923,0.135472,-0.358673,-0.244160,0.235313,-0.365110,-0.242541,0.208044,-0.404262,-0.209625,0.236960,-0.405888,-0.155838,0.258763,-0.402935,-0.208383
2026-07-29 15:52:27.865,298.999715,0.000000,0.000000,0.000000,0.334790,-0.369504,-0.240502,0.135033,-0.355611,-0.243776,0.234912,-0.362558,-0.242139,0.207681,-0.402220,-0.209204,0.237239,-0.404884,-0.155486,0.258400,-0.400893,-0.207962
2026-07-29 15:52:27.965,299.099715,0.000000,0.000000,0.000000,0.335698,-0.374609,-0.241555,0.135940,-0.360715,-0.244829,0.235819,-0.367662,-0.243192,0.208588,-0.407325,-0.210257,0.238174,-0.409980,-0.157259,0.259416,-0.404984,-0.208999
2026-07-29 15:52:28.065,299.199715,0.000000,0.000000,0.000000,0.335153,-0.371546,-0.240923,0.135396,-0.357653,-0.244197,0.235274,-0.364599,-0.242560,0.208044,-0.404262,-0.209625,0.238454,-0.405921,-0.157224,0.258927,-0.401415,-0.208360
2026-07-29 15:52:28.165,299.299715,0.000000,0.000000,0.000000,0.334972,-0.370525,-0.240713,0.135214,-0.356632,-0.243987,0.235093,-0.363579,-0.242350,0.208582,-0.403266,-0.209387,0.238272,-0.404900,-0.157014,0.258745,-0.400394,-0.208149
2026-07-29 15:52:28.265,299.399714,0.000000,0.000000,0.000000,0.335844,-0.377661,-0.241943,0.136303,-0.362757,-0.245250,0.236074,-0.370209,-0.243596,0.209670,-0.409391,-0.210651,0.240108,-0.411042,-0.158971,0.259779,-0.407026,-0.209420
2026-07-29 15:52:28.365,299.499714,0.000000,0.000000,0.000000,0.335516,-0.373588,-0.241344,0.135758,-0.359694,-0.244618,0.235637,-0.366641,-0.242981,0.209126,-0.406328,-0.210019,0.239512,-0.408985,-0.159152,0.259235,-0.403963,-0.208789
2026-07-29 15:52:28.465,299.599714,0.000000,0.000000,0.000000,0.335153,-0.371546,-0.240923,0.135319,-0.356632,-0.244235,0.235236,-0.364089,-0.242579,0.208763,-0.404287,-0.209598,0.239308,-0.404917,-0.158546,0.258872,-0.401921,-0.208368
2026-07-29 15:52:28.565,299.699714,0.000000,0.000000,0.000000,0.334393,-0.369494,-0.240258,0.134851,-0.354590,-0.243566,0.234622,-0.362042,-0.241912,0.208219,-0.401224,-0.208966,0.239512,-0.401871,-0.158608,0.258356,-0.398851,-0.208461
2026-07-29 15:52:28.665,299.799714,0.000000,0.000000,0.000000,0.335153,-0.371546,-0.240923,0.135472,-0.358673,-0.244160,0.235313,-0.365110,-0.242541,0.209483,-0.404311,-0.209571,0.239336,-0.404909,-0.159268,0.258284,-0.400875,-0.209106
2026-07-29 15:52:28.765,299.899714,0.000000,0.000000,0.000000,0.336026,-0.378681,-0.242153,0.136484,-0.363778,-0.245461,0.236255,-0.371230,-0.243807,0.210599,-0.410429,-0.211555,0.241173,-0.411051,-0.161225,0.259373,-0.407000,-0.210369
2026-07-29 15:52:28.865,299.999714,0.000000,0.000000,0.000000,0.335879,-0.375629,-0.241765,0.136121,-0.361736,-0.245040,0.236000,-0.368683,-0.243403,0.210236,-0.408387,-0.211134,0.240810,-0.409009,-0.160804,0.259010,-0.404959,-0.209948
2026-07-29 15:52:28.965,300.099714,0.000000,0.000000,0.000000,0.334937,-0.372556,-0.240890,0.135396,-0.357653,-0.244197,0.235166,-0.365105,-0.242544,0.209544,-0.403288,-0.210279,0.240112,-0.404918,-0.160684,0.258284,-0.400875,-0.209106
2026-07-29 15:52:29.065,300.199714,0.000000,0.000000,0.000000,0.335516,-0.373588,-0.241344,0.135758,-0.359694,-0.244618,0.235637,-0.366641,-0.242981,0.209873,-0.406345,-0.210712,0.240555,-0.405946,-0.161015,0.258647,-0.402917,-0.209527
2026-07-29 15:52:29.165,300.299714,0.000000,0.000000,0.000000,0.335300,-0.374598,-0.241311,0.135835,-0.360715,-0.244581,0.235568,-0.367656,-0.242946,0.209873,-0.406345,-0.210712,0.240475,-0.406960,-0.161105,0.258647,-0.402917,-0.209527
2026-07-29 15:52:29.265,300.399714,0.000000,0.000000,0.000000,0.335844,-0.377661,-0.241943,0.136303,-0.362757,-0.245250,0.236074,-0.370209,-0.243596,0.210418,-0.409408,-0.211344,0.241047,-0.410014,-0.162458,0.259191,-0.405980,-0.210159
2026-07-29 15:52:29.365,300.499713,0.000000,0.000000,0.000000,0.335516,-0.373588,-0.241344,0.135835,-0.360715,-0.244581,0.235676,-0.367151,-0.242963,0.209873,-0.406345,-0.210712,0.240503,-0.406952,-0.161827,0.258701,-0.402410,-0.209520
2026-07-29 15:52:29.465,300.599713,0.000000,0.000000,0.000000,0.334574,-0.370515,-0.240469,0.135033,-0.355611,-0.243776,0.234803,-0.363063,-0.242123,0.209147,-0.402262,-0.209870,0.239777,-0.402868,-0.160984,0.257921,-0.398834,-0.208685
2026-07-29 15:52:29.565,300.699713,0.000000,0.000000,0.000000,0.335516,-0.373588,-0.241344,0.135835,-0.360715,-0.244581,0.235676,-0.367151,-0.242963,0.209890,-0.405837,-0.210706,0.240503,-0.406952,-0.161827,0.258647,-0.402917,-0.209527
2026-07-29 15:52:29.665,300.799713,0.000000,0.000000,0.000000,0.334393,-0.369494,-0.240258,0.134774,-0.353570,-0.243603,0.234584,-0.361532,-0.241931,0.208999,-0.400225,-0.209647,0.239555,-0.402354,-0.160818,0.257740,-0.397813,-0.208474
2026-07-29 15:52:29.765,300.899713,0.000000,0.000000,0.000000,0.336061,-0.376650,-0.241976,0.136226,-0.361737,-0.245288,0.236143,-0.369193,-0.243632,0.210418,-0.409408,-0.211344,0.241047,-0.410014,-0.162458,0.259299,-0.404966,-0.210145
2026-07-29 15:52:29.865,300.999713,0.000000,0.000000,0.000000,0.336242,-0.377671,-0.242187,0.136407,-0.362757,-0.245498,0.236325,-0.370214,-0.243842,0.210599,-0.410429,-0.211555,0.241228,-0.411035,-0.162669,0.259373,-0.407000,-0.210369
2026-07-29 15:52:29.965,301.099713,0.000000,0.000000,0.000000,0.334790,-0.369504,-0.240502,0.135033,-0.355611,-0.243776,0.234912,-0.362558,-0.242139,0.209181,-0.401246,-0.209858,0.239777,-0.402868,-0.160984,0.257921,-0.398834,-0.208685
2026-07-29 15:52:30.065,301.199713,0.000000,0.000000,0.000000,0.334937,-0.372556,-0.240890,0.135396,-0.357653,-0.244197,0.235166,-0.365105,-0.242544,0.209510,-0.404304,-0.210291,0.240140,-0.404910,-0.161406,0.258392,-0.399862,-0.209092
2026-07-29 15:52:30.165,301.299713,0.000000,0.000000,0.000000,0.335118,-0.373577,-0.241100,0.135577,-0.358674,-0.244408,0.235348,-0.366125,-0.242754,0.209692,-0.405324,-0.210502,0.240321,-0.405931,-0.161616,0.258465,-0.401896,-0.209317
2026-07-29 15:52:30.265,301.399713,0.000000,0.000000,0.000000,0.334609,-0.368484,-0.240291,0.134851,-0.354590,-0.243566,0.234730,-0.361537,-0.241929,0.208966,-0.401241,-0.209660,0.239676,-0.400834,-0.160686,0.257740,-0.397813,-0.208474
2026-07-29 15:52:30.365,301.499712,0.000000,0.000000,0.000000,0.334790,-0.369504,-0.240502,0.135033,-0.355611,-0.243776,0.234912,-0.362558,-0.242139,0.209181,-0.401246,-0.209858,0.239805,-0.402861,-0.161706,0.257921,-0.398834,-0.208685
2026-07-29 15:52:30.465,301.599712,0.000000,0.000000,0.000000,0.335663,-0.376640,-0.241732,0.136198,-0.362756,-0.245002,0.235930,-0.369698,-0.243367,0.210236,-0.408387,-0.211134,0.240813,-0.409999,-0.163057,0.259010,-0.404959,-0.209948
2026-07-29 15:52:30.565,301.699712,0.000000,0.000000,0.000000,0.335153,-0.371546,-0.240923,0.135319,-0.356632,-0.244235,0.235236,-0.364089,-0.242579,0.209510,-0.404304,-0.210291,0.239447,-0.404878,-0.162155,0.258284,-0.400875,-0.209106
2026-07-29 15:52:30.665,301.799712,0.000000,0.000000,0.000000,0.334360,-0.373551,-0.241129,0.135577,-0.358674,-0.244408,0.234968,-0.366112,-0.242769,0.209692,-0.405324,-0.210502,0.239549,-0.406912,-0.162452,0.258465,-0.401896,-0.209317
2026-07-29 15:52:30.765,301.899712,0.000000,0.000000,0.000000,0.335879,-0.375629,-0.241765,0.136121,-0.361736,-0.245040,0.236000,-0.368683,-0.243403,0.210269,-0.407371,-0.211121,0.240014,-0.410988,-0.163171,0.259010,-0.404959,-0.209948
2026-07-29 15:52:30.865,301.999712,0.000000,0.000000,0.000000,0.335300,-0.374598,-0.241311,0.135835,-0.360715,-0.244581,0.235568,-0.367656,-0.242946,0.209873,-0.406345,-0.210712,0.239038,-0.407901,-0.163411,0.258647,-0.402917,-0.209527
2026-07-29 15:52:30.965,302.099712,0.000000,0.000000,0.000000,0.335335,-0.372567,-0.241134,0.135654,-0.359694,-0.244370,0.235494,-0.366130,-0.242752,0.209692,-0.405324,-0.210502,0.238857,-0.406880,-0.163201,0.258465,-0.401896,-0.209317
2026-07-29 15:52:31.065,302.199712,0.000000,0.000000,0.000000,0.334972,-0.370525,-0.240713,0.135214,-0.356632,-0.243987,0.235093,-0.363579,-0.242350,0.209329,-0.403283,-0.210081,0.238494,-0.404838,-0.162779,0.258103,-0.399855,-0.208895
2026-07-29 15:52:31.165,302.299712,0.000000,0.000000,0.000000,0.334574,-0.370515,-0.240469,0.135033,-0.355611,-0.243776,0.234803,-0.363063,-0.242123,0.209181,-0.401246,-0.209858,0.238313,-0.403817,-0.162569,0.257921,-0.398834,-0.208685
2026-07-29 15:52:31.265,302.399712,0.000000,0.000000,0.000000,0.335516,-0.373588,-0.241344,0.135835,-0.360715,-0.244581,0.235676,-0.367151,-0.242963,0.209906,-0.405329,-0.210700,0.239038,-0.407901,-0.163411,0.258647,-0.402917,-0.209527
2026-07-29 15:52:31.365,302.499712,0.000000,0.000000,0.000000,0.335698,-0.374609,-0.241555,0.135940,-0.360715,-0.244829,0.235819,-0.367662,-0.243192,0.210055,-0.407366,-0.210923,0.238500,-0.408897,-0.163649,0.258828,-0.403938,-0.209738
2026-07-29 15:52:31.465,302.599711,0.000000,0.000000,0.000000,0.335516,-0.373588,-0.241344,0.135758,-0.359694,-0.244618,0.235637,-0.366641,-0.242981,0.210627,-0.405354,-0.210673,0.238319,-0.407876,-0.163438,0.258647,-0.402917,-0.209527
2026-07-29 15:52:31.565,302.699711,0.000000,0.000000,0.000000,0.334790,-0.369504,-0.240502,0.135109,-0.356631,-0.243739,0.234950,-0.363068,-0.242120,0.209901,-0.401270,-0.209830,0.237593,-0.403793,-0.162596,0.257196,-0.398809,-0.208712
2026-07-29 15:52:31.665,302.799711,0.000000,0.000000,0.000000,0.335153,-0.371546,-0.240923,0.135396,-0.357653,-0.244197,0.235274,-0.364599,-0.242560,0.210264,-0.403312,-0.210251,0.238033,-0.404821,-0.162931,0.257559,-0.400851,-0.209134
2026-07-29 15:52:31.765,302.899711,0.000000,0.000000,0.000000,0.335153,-0.371546,-0.240923,0.135396,-0.357653,-0.244197,0.235274,-0.364599,-0.242560,0.210264,-0.403312,-0.210251,0.237956,-0.405834,-0.163017,0.257559,-0.400851,-0.209134
2026-07-29 15:52:31.865,302.999711,0.000000,0.000000,0.000000,0.335153,-0.371546,-0.240923,0.135396,-0.357653,-0.244197,0.235274,-0.364599,-0.242560,0.210264,-0.403312,-0.210251,0.238754,-0.404845,-0.162904,0.257559,-0.400851,-0.209134
2026-07-29 15:52:31.965,303.099711,0.000000,0.000000,0.000000,0.336061,-0.376650,-0.241976,0.136303,-0.362757,-0.245250,0.236182,-0.369704,-0.243613,0.211137,-0.409432,-0.211317,0.239661,-0.409949,-0.163957,0.258573,-0.404941,-0.210172
2026-07-29 15:52:32.065,303.199711,0.000000,0.000000,0.000000,0.334427,-0.367463,-0.240081,0.134593,-0.352549,-0.243393,0.234510,-0.360006,-0.241737,0.209538,-0.399229,-0.209409,0.238000,-0.400770,-0.161340,0.256833,-0.396767,-0.208291
2026-07-29 15:52:32.165,303.299711,0.000000,0.000000,0.000000,0.334427,-0.367463,-0.240081,0.134670,-0.353569,-0.243355,0.234549,-0.360516,-0.241718,0.209538,-0.399229,-0.209409,0.238000,-0.400770,-0.161340,0.256940,-0.395754,-0.208277
2026-07-29 15:52:32.265,303.399711,0.000000,0.000000,0.000000,0.335153,-0.371546,-0.240923,0.135396,-0.357653,-0.244197,0.235274,-0.364599,-0.242560,0.210264,-0.403312,-0.210251,0.237978,-0.404836,-0.161488,0.257559,-0.400851,-0.209134
2026-07-29 15:52:32.365,303.499711,0.000000,0.000000,0.000000,0.335516,-0.373588,-0.241344,0.135682,-0.358674,-0.244656,0.235599,-0.366131,-0.243000,0.210599,-0.405362,-0.209951,0.238341,-0.406878,-0.161909,0.258755,-0.401904,-0.209513
2026-07-29 15:52:32.465,303.599710,0.000000,0.000000,0.000000,0.335516,-0.373588,-0.241344,0.135758,-0.359694,-0.244618,0.235637,-0.366641,-0.242981,0.210634,-0.404346,-0.209937,0.237669,-0.405847,-0.161125,0.258029,-0.401879,-0.209541
2026-07-29 15:52:32.565,303.699710,0.000000,0.000000,0.000000,0.335300,-0.374598,-0.241311,0.135835,-0.360715,-0.244581,0.235568,-0.367656,-0.242946,0.210599,-0.405362,-0.209951,0.237641,-0.405855,-0.160402,0.258001,-0.401887,-0.208813
2026-07-29 15:52:32.665,303.799710,0.000000,0.000000,0.000000,0.334609,-0.368484,-0.240291,0.134851,-0.354590,-0.243566,0.234730,-0.361537,-0.241929,0.209720,-0.400250,-0.209620,0.235984,-0.400734,-0.158654,0.257094,-0.396783,-0.207760
2026-07-29 15:52:32.765,303.899710,0.000000,0.000000,0.000000,0.335118,-0.373577,-0.241100,0.135577,-0.358674,-0.244408,0.235348,-0.366125,-0.242754,0.210418,-0.404341,-0.209740,0.236635,-0.405831,-0.159588,0.257819,-0.400866,-0.208603
2026-07-29 15:52:32.865,303.999710,0.000000,0.000000,0.000000,0.335153,-0.371546,-0.240923,0.135396,-0.357653,-0.244197,0.235274,-0.364599,-0.242560,0.210236,-0.403320,-0.209530,0.235705,-0.404794,-0.158683,0.257638,-0.399845,-0.208392
2026-07-29 15:52:32.965,304.099710,0.000000,0.000000,0.000000,0.343227,-0.377054,-0.222767,0.143192,-0.368163,-0.226451,0.243210,-0.372608,-0.224609,0.219121,-0.410210,-0.189637,0.244601,-0.408480,-0.138095,0.267151,-0.405546,-0.188715
2026-07-29 15:52:33.065,304.199710,0.000000,0.000000,0.000000,0.335153,-0.371546,-0.240923,0.135396,-0.357653,-0.244197,0.235274,-0.364599,-0.242560,0.210236,-0.403320,-0.209530,0.235604,-0.405815,-0.158055,0.258472,-0.398856,-0.208349
2026-07-29 15:52:33.165,304.299710,0.000000,0.000000,0.000000,0.334609,-0.368484,-0.240291,0.134851,-0.354590,-0.243566,0.234730,-0.361537,-0.241929,0.209726,-0.399242,-0.208884,0.234457,-0.400708,-0.156540,0.257820,-0.396807,-0.207733
2026-07-29 15:52:33.265,304.399710,0.000000,0.000000,0.000000,0.335153,-0.371546,-0.240923,0.135472,-0.358673,-0.244160,0.235313,-0.365110,-0.242541,0.210298,-0.402296,-0.210239,0.234974,-0.403779,-0.156449,0.258364,-0.399870,-0.208364
2026-07-29 15:52:33.365,304.499710,0.000000,0.000000,0.000000,0.335300,-0.374598,-0.241311,0.135758,-0.359694,-0.244618,0.235529,-0.367146,-0.242965,0.210661,-0.404338,-0.210660,0.235164,-0.407855,-0.156341,0.258835,-0.400898,-0.208770
2026-07-29 15:52:33.465,304.599710,0.000000,0.000000,0.000000,0.334937,-0.372556,-0.240890,0.135396,-0.357653,-0.244197,0.235166,-0.365105,-0.242544,0.210298,-0.402296,-0.210239,0.234801,-0.405814,-0.155920,0.258472,-0.398856,-0.208349
2026-07-29 15:52:33.565,304.699709,0.000000,0.000000,0.000000,0.334427,-0.367463,-0.240081,0.134670,-0.353569,-0.243355,0.234549,-0.360516,-0.241718,0.209573,-0.398213,-0.209397,0.234048,-0.401738,-0.154357,0.257638,-0.395787,-0.207522
2026-07-29 15:52:33.665,304.799709,0.000000,0.000000,0.000000,0.335335,-0.372567,-0.241134,0.135500,-0.357653,-0.244446,0.235417,-0.365110,-0.242790,0.210480,-0.403317,-0.210449,0.235000,-0.405837,-0.154590,0.258654,-0.399877,-0.208560
2026-07-29 15:52:33.765,304.899709,0.000000,0.000000,0.000000,0.334609,-0.368484,-0.240291,0.134851,-0.354590,-0.243566,0.234730,-0.361537,-0.241929,0.209032,-0.399209,-0.209635,0.234201,-0.402767,-0.153847,0.257928,-0.395794,-0.207717
2026-07-29 15:52:33.865,304.999709,0.000000,0.000000,0.000000,0.334972,-0.370525,-0.240713,0.135137,-0.355612,-0.244024,0.235055,-0.363068,-0.242369,0.209362,-0.402267,-0.210068,0.234564,-0.404809,-0.154268,0.258291,-0.397836,-0.208139
2026-07-29 15:52:33.965,305.099709,0.000000,0.000000,0.000000,0.334756,-0.371536,-0.240679,0.135291,-0.357652,-0.243949,0.235023,-0.364594,-0.242314,0.209362,-0.402267,-0.210068,0.234392,-0.406844,-0.153748,0.258291,-0.397836,-0.208139
2026-07-29 15:52:34.065,305.199709,0.000000,0.000000,0.000000,0.335663,-0.376640,-0.241732,0.136121,-0.361736,-0.245040,0.235892,-0.369188,-0.243386,0.210302,-0.406355,-0.211109,0.235299,-0.411948,-0.154801,0.259925,-0.402965,-0.209164
2026-07-29 15:52:34.165,305.299709,0.000000,0.000000,0.000000,0.334574,-0.370515,-0.240469,0.135033,-0.355611,-0.243776,0.234803,-0.363063,-0.242123,0.208492,-0.400205,-0.209873,0.234183,-0.405830,-0.152819,0.258727,-0.397853,-0.207916
2026-07-29 15:52:34.265,305.399709,0.000000,0.000000,0.000000,0.335153,-0.371546,-0.240923,0.135396,-0.357653,-0.244197,0.235274,-0.364599,-0.242560,0.208823,-0.403263,-0.210306,0.234401,-0.409899,-0.153443,0.259200,-0.398881,-0.208321
2026-07-29 15:52:34.365,305.499709,0.000000,0.000000,0.000000,0.335153,-0.371546,-0.240923,0.135396,-0.357653,-0.244197,0.235274,-0.364599,-0.242560,0.208791,-0.404279,-0.210319,0.235015,-0.410945,-0.152802,0.259090,-0.399895,-0.208337
2026-07-29 15:52:34.465,305.599709,0.000000,0.000000,0.000000,0.334609,-0.368484,-0.240291,0.134928,-0.355611,-0.243528,0.234768,-0.362047,-0.241910,0.208246,-0.401216,-0.209687,0.234618,-0.405855,-0.151965,0.258655,-0.395819,-0.207690
2026-07-29 15:52:34.565,305.699708,0.000000,0.000000,0.000000,0.335914,-0.373598,-0.241588,0.135940,-0.360715,-0.244829,0.235927,-0.367157,-0.243209,0.209335,-0.407341,-0.210950,0.235633,-0.412994,-0.153331,0.259744,-0.401944,-0.208953
2026-07-29 15:52:34.665,305.799708,0.000000,0.000000,0.000000,0.335516,-0.373588,-0.241344,0.135758,-0.359694,-0.244618,0.235637,-0.366641,-0.242981,0.208434,-0.406296,-0.210767,0.235525,-0.410960,-0.153018,0.260179,-0.401961,-0.208730
2026-07-29 15:52:34.765,305.899708,0.000000,0.000000,0.000000,0.335335,-0.372567,-0.241134,0.135500,-0.357653,-0.244446,0.235417,-0.365110,-0.242790,0.208253,-0.405275,-0.210557,0.235243,-0.410960,-0.152194,0.260108,-0.399927,-0.208504
2026-07-29 15:52:34.865,305.999708,0.000000,0.000000,0.000000,0.336061,-0.376650,-0.241976,0.136303,-0.362757,-0.245250,0.236182,-0.369704,-0.243613,0.208979,-0.409359,-0.211399,0.235968,-0.415043,-0.153036,0.260724,-0.405024,-0.209362
2026-07-29 15:52:34.965,306.099708,0.000000,0.000000,0.000000,0.335300,-0.374598,-0.241311,0.135835,-0.360715,-0.244581,0.235568,-0.367656,-0.242946,0.208403,-0.407312,-0.210780,0.235424,-0.411981,-0.152404,0.260124,-0.402468,-0.208738
2026-07-29 15:52:35.065,306.199708,0.000000,0.000000,0.000000,0.335153,-0.371546,-0.240923,0.135472,-0.358673,-0.244160,0.235313,-0.365110,-0.242541,0.208071,-0.404254,-0.210346,0.234988,-0.410953,-0.152087,0.259817,-0.399919,-0.208309
2026-07-29 15:52:35.165,306.299708,0.000000,0.000000,0.000000,0.334393,-0.369494,-0.240258,0.134928,-0.355611,-0.243528,0.234660,-0.362552,-0.241893,0.207527,-0.401192,-0.209714,0.234443,-0.407890,-0.151455,0.259272,-0.396857,-0.207677
2026-07-29 15:52:35.265,306.399708,0.000000,0.000000,0.000000,0.334790,-0.369504,-0.240502,0.135033,-0.355611,-0.243776,0.234912,-0.362558,-0.242139,0.207708,-0.402213,-0.209925,0.234625,-0.408911,-0.151666,0.259454,-0.397878,-0.207888
2026-07-29 15:52:35.365,306.499708,0.000000,0.000000,0.000000,0.334790,-0.369504,-0.240502,0.135109,-0.356631,-0.243739,0.234950,-0.363068,-0.242120,0.207708,-0.402213,-0.209925,0.234597,-0.408919,-0.150951,0.259454,-0.397878,-0.207888
2026-07-29 15:52:35.465,306.599708,0.000000,0.000000,0.000000,0.335698,-0.374609,-0.241555,0.135940,-0.360715,-0.244829,0.235819,-0.367662,-0.243192,0.207926,-0.406276,-0.210993,0.235578,-0.413010,-0.151899,0.260251,-0.403995,-0.208956
2026-07-29 15:52:35.565,306.699708,0.000000,0.000000,0.000000,0.334937,-0.372556,-0.240890,0.135396,-0.357653,-0.244197,0.235166,-0.365105,-0.242544,0.207352,-0.404230,-0.210373,0.234346,-0.409915,-0.152011,0.259817,-0.399919,-0.208309
2026-07-29 15:52:35.665,306.799707,0.000000,0.000000,0.000000,0.335335,-0.372567,-0.241134,0.135577,-0.358674,-0.244408,0.235456,-0.365620,-0.242771,0.207533,-0.405251,-0.210584,0.234428,-0.411957,-0.151610,0.259888,-0.401954,-0.208535
2026-07-29 15:52:35.765,306.899707,0.000000,0.000000,0.000000,0.334393,-0.369494,-0.240258,0.134851,-0.354590,-0.243566,0.234622,-0.362042,-0.241912,0.206837,-0.400151,-0.209729,0.233702,-0.407874,-0.150767,0.259162,-0.397870,-0.207693
2026-07-29 15:52:35.865,306.999707,0.000000,0.000000,0.000000,0.343240,-0.379092,-0.222842,0.143397,-0.369188,-0.226611,0.243319,-0.374140,-0.224726,0.216464,-0.412256,-0.190589,0.243525,-0.415335,-0.131390,0.268810,-0.406584,-0.188819
2026-07-29 15:52:35.965,307.099707,0.000000,0.000000,0.000000,0.342818,-0.375003,-0.222449,0.142782,-0.366112,-0.226133,0.242800,-0.370557,-0.224291,0.215854,-0.408164,-0.190150,0.242958,-0.411240,-0.130859,0.268109,-0.404522,-0.188305
2026-07-29 15:52:36.065,307.199707,0.000000,0.000000,0.000000,0.335300,-0.374598,-0.241311,0.135758,-0.359694,-0.244618,0.235529,-0.367146,-0.242965,0.207745,-0.405255,-0.210782,0.234609,-0.412978,-0.151820,0.260179,-0.401961,-0.208730
2026-07-29 15:52:36.165,307.299707,0.000000,0.000000,0.000000,0.334937,-0.372556,-0.240890,0.135396,-0.357653,-0.244197,0.235166,-0.365105,-0.242544,0.207382,-0.403214,-0.210361,0.233532,-0.410912,-0.151426,0.259817,-0.399919,-0.208309
2026-07-29 15:52:36.265,307.399707,0.000000,0.000000,0.000000,0.334972,-0.370525,-0.240713,0.135137,-0.355612,-0.244024,0.235055,-0.363068,-0.242369,0.207170,-0.403209,-0.210163,0.233280,-0.410905,-0.151320,0.259525,-0.399912,-0.208114
2026-07-29 15:52:36.365,307.499707,0.000000,0.000000,0.000000,0.334246,-0.366442,-0.239870,0.134488,-0.352549,-0.243145,0.234367,-0.359495,-0.241507,0.206445,-0.399126,-0.209321,0.232625,-0.405808,-0.150373,0.258799,-0.395829,-0.207272
2026-07-29 15:52:36.465,307.599707,0.000000,0.000000,0.000000,0.335153,-0.371546,-0.240923,0.135396,-0.357653,-0.244197,0.235274,-0.364599,-0.242560,0.207352,-0.404230,-0.210373,0.233532,-0.410912,-0.151426,0.259817,-0.399919,-0.208309
2026-07-29 15:52:36.565,307.699707,0.000000,0.000000,0.000000,0.334937,-0.372556,-0.240890,0.135319,-0.356632,-0.244235,0.235128,-0.364594,-0.242562,0.207352,-0.404230,-0.210373,0.233532,-0.410912,-0.151426,0.259706,-0.400933,-0.208325
2026-07-29 15:52:36.665,307.799706,0.000000,0.000000,0.000000,0.334393,-0.369494,-0.240258,0.134774,-0.353570,-0.243603,0.234584,-0.361532,-0.241931,0.206837,-0.400151,-0.209729,0.232988,-0.407849,-0.150795,0.259162,-0.397870,-0.207693
2026-07-29 15:52:36.765,307.899706,0.000000,0.000000,0.000000,0.335335,-0.372567,-0.241134,0.135654,-0.359694,-0.244370,0.235494,-0.366130,-0.242752,0.207533,-0.405251,-0.210584,0.233714,-0.411933,-0.151637,0.259888,-0.401954,-0.208535
2026-07-29 15:52:36.865,307.999706,0.000000,0.000000,0.000000,0.335153,-0.371546,-0.240923,0.135472,-0.358673,-0.244160,0.235313,-0.365110,-0.242541,0.207352,-0.404230,-0.210373,0.233505,-0.410919,-0.150711,0.259706,-0.400933,-0.208325
2026-07-29 15:52:36.965,308.099706,0.000000,0.000000,0.000000,0.334609,-0.368484,-0.240291,0.134774,-0.353570,-0.243603,0.234692,-0.361027,-0.241947,0.206808,-0.401167,-0.209742,0.232961,-0.407857,-0.150079,0.259162,-0.397870,-0.207693
2026-07-29 15:52:37.065,308.199706,0.000000,0.000000,0.000000,0.334937,-0.372556,-0.240890,0.135396,-0.357653,-0.244197,0.235166,-0.365105,-0.242544,0.207352,-0.404230,-0.210373,0.233505,-0.410919,-0.150711,0.259706,-0.400933,-0.208325
2026-07-29 15:52:37.165,308.299706,0.000000,0.000000,0.000000,0.334972,-0.370525,-0.240713,0.135214,-0.356632,-0.243987,0.235093,-0.363579,-0.242350,0.206451,-0.403184,-0.210190,0.233324,-0.409899,-0.150501,0.259525,-0.399912,-0.208114
2026-07-29 15:52:37.265,308.399706,0.000000,0.000000,0.000000,0.335153,-0.371546,-0.240923,0.135472,-0.358673,-0.244160,0.235313,-0.365110,-0.242541,0.207352,-0.404230,-0.210373,0.233505,-0.410919,-0.150711,0.259817,-0.399919,-0.208309
2026-07-29 15:52:37.365,308.499706,0.000000,0.000000,0.000000,0.335663,-0.376640,-0.241732,0.136121,-0.361736,-0.245040,0.235892,-0.369188,-0.243386,0.208078,-0.408313,-0.211216,0.234231,-0.415003,-0.151553,0.260322,-0.406030,-0.209182
2026-07-29 15:52:37.465,308.599706,0.000000,0.000000,0.000000,0.334609,-0.368484,-0.240291,0.134851,-0.354590,-0.243566,0.234730,-0.361537,-0.241929,0.206778,-0.402183,-0.209754,0.232247,-0.407833,-0.150107,0.259162,-0.397870,-0.207693
2026-07-29 15:52:37.565,308.699706,0.000000,0.000000,0.000000,0.335879,-0.375629,-0.241765,0.136121,-0.361736,-0.245040,0.236000,-0.368683,-0.243403,0.208078,-0.408313,-0.211216,0.233559,-0.413973,-0.150759,0.260432,-0.405016,-0.209167
2026-07-29 15:52:37.665,308.799706,0.000000,0.000000,0.000000,0.334756,-0.371536,-0.240679,0.135214,-0.356632,-0.243987,0.234985,-0.364084,-0.242333,0.207170,-0.403209,-0.210163,0.232652,-0.408868,-0.149706,0.259525,-0.399912,-0.208114
2026-07-29 15:52:37.765,308.899705,0.000000,0.000000,0.000000,0.335153,-0.371546,-0.240923,0.135396,-0.357653,-0.244197,0.235274,-0.364599,-0.242560,0.207322,-0.405246,-0.210386,0.232833,-0.409889,-0.149916,0.259706,-0.400933,-0.208325
2026-07-29 15:52:37.865,308.999705,0.000000,0.000000,0.000000,0.335153,-0.371546,-0.240923,0.135396,-0.357653,-0.244197,0.235274,-0.364599,-0.242560,0.207367,-0.403722,-0.210367,0.232764,-0.410903,-0.150023,0.259706,-0.400933,-0.208325
2026-07-29 15:52:37.965,309.099705,0.000000,0.000000,0.000000,0.335335,-0.372567,-0.241134,0.135500,-0.357653,-0.244446,0.235417,-0.365110,-0.242790,0.207533,-0.405251,-0.210584,0.233015,-0.410910,-0.150127,0.259777,-0.402967,-0.208551
2026-07-29 15:52:38.065,309.199705,0.000000,0.000000,0.000000,0.335516,-0.373588,-0.241344,0.135758,-0.359694,-0.244618,0.235637,-0.366641,-0.242981,0.207685,-0.407288,-0.210807,0.233126,-0.412944,-0.150444,0.260069,-0.402975,-0.208746
2026-07-29 15:52:38.165,309.299705,0.000000,0.000000,0.000000,0.342613,-0.373978,-0.222289,0.142577,-0.365086,-0.225974,0.242595,-0.369532,-0.224132,0.215644,-0.408154,-0.189952,0.241222,-0.411167,-0.129379,0.267904,-0.403497,-0.188146
2026-07-29 15:52:38.265,309.399705,0.000000,0.000000,0.000000,0.335844,-0.377661,-0.241943,0.136303,-0.362757,-0.245250,0.236074,-0.370209,-0.243596,0.208202,-0.410358,-0.210719,0.233671,-0.416007,-0.151076,0.260614,-0.406037,-0.209377
2026-07-29 15:52:38.365,309.499705,0.000000,0.000000,0.000000,0.335844,-0.377661,-0.241943,0.136303,-0.362757,-0.245250,0.236074,-0.370209,-0.243596,0.208259,-0.409334,-0.211426,0.233643,-0.416015,-0.150361,0.260614,-0.406037,-0.209377
2026-07-29 15:52:38.465,309.599705,0.000000,0.000000,0.000000,0.335153,-0.371546,-0.240923,0.135396,-0.357653,-0.244197,0.235274,-0.364599,-0.242560,0.207352,-0.404230,-0.210373,0.232736,-0.410911,-0.149308,0.259706,-0.400933,-0.208325
2026-07-29 15:52:38.565,309.699705,0.000000,0.000000,0.000000,0.335335,-0.372567,-0.241134,0.135577,-0.358674,-0.244408,0.235456,-0.365620,-0.242771,0.207506,-0.405258,-0.209863,0.232918,-0.411931,-0.149519,0.259888,-0.401954,-0.208535
2026-07-29 15:52:38.665,309.799705,0.000000,0.000000,0.000000,0.335007,-0.368494,-0.240535,0.134956,-0.354591,-0.243814,0.234981,-0.361542,-0.242175,0.206961,-0.402196,-0.209232,0.232373,-0.408869,-0.148887,0.259343,-0.398891,-0.207903
2026-07-29 15:52:38.765,309.899704,0.000000,0.000000,0.000000,0.335516,-0.373588,-0.241344,0.135758,-0.359694,-0.244618,0.235637,-0.366641,-0.242981,0.207687,-0.406279,-0.210074,0.232385,-0.412928,-0.149756,0.260069,-0.402975,-0.208746
2026-07-29 15:52:38.865,309.999704,0.000000,0.000000,0.000000,0.334937,-0.372556,-0.240890,0.135396,-0.357653,-0.244197,0.235166,-0.365105,-0.242544,0.207354,-0.403221,-0.209639,0.232022,-0.410886,-0.149335,0.259706,-0.400933,-0.208325
2026-07-29 15:52:38.965,310.099704,0.000000,0.000000,0.000000,0.334246,-0.366442,-0.239870,0.134565,-0.353569,-0.243107,0.234406,-0.360005,-0.241489,0.206387,-0.400149,-0.208613,0.231184,-0.404768,-0.148175,0.258799,-0.395829,-0.207272
2026-07-29 15:52:39.065,310.199704,0.000000,0.000000,0.000000,0.334790,-0.369504,-0.240502,0.135033,-0.355611,-0.243776,0.234912,-0.362558,-0.242139,0.206961,-0.402196,-0.209232,0.231728,-0.407831,-0.148806,0.259343,-0.398891,-0.207903
2026-07-29 15:52:39.165,310.299704,0.000000,0.000000,0.000000,0.335153,-0.371546,-0.240923,0.135472,-0.358673,-0.244160,0.235313,-0.365110,-0.242541,0.207294,-0.405254,-0.209666,0.232091,-0.409872,-0.149227,0.259706,-0.400933,-0.208325
2026-07-29 15:52:39.265,310.399704,0.000000,0.000000,0.000000,0.335335,-0.372567,-0.241134,0.135577,-0.358674,-0.244408,0.235456,-0.365620,-0.242771,0.207506,-0.405258,-0.209863,0.232204,-0.411907,-0.149546,0.259888,-0.401954,-0.208535
2026-07-29 15:52:39.365,310.499704,0.000000,0.000000,0.000000,0.334972,-0.370525,-0.240713,0.135214,-0.356632,-0.243987,0.235093,-0.363579,-0.242350,0.207113,-0.404233,-0.209456,0.231841,-0.409865,-0.149125,0.259525,-0.399912,-0.208114
2026-07-29 15:52:39.465,310.599704,0.000000,0.000000,0.000000,0.335879,-0.375629,-0.241765,0.136121,-0.361736,-0.245040,0.236000,-0.368683,-0.243403,0.208050,-0.408321,-0.210495,0.232817,-0.413956,-0.150070,0.260432,-0.405016,-0.209167
2026-07-29 15:52:39.565,310.699704,0.000000,0.000000,0.000000,0.334030,-0.367452,-0.239837,0.134488,-0.352549,-0.243145,0.234259,-0.360000,-0.241491,0.206417,-0.399133,-0.208600,0.231115,-0.405782,-0.148283,0.258799,-0.395829,-0.207272
2026-07-29 15:52:39.665,310.799704,0.000000,0.000000,0.000000,0.335516,-0.373588,-0.241344,0.135835,-0.360715,-0.244581,0.235676,-0.367151,-0.242963,0.207687,-0.406279,-0.210074,0.232447,-0.412413,-0.150418,0.260069,-0.402975,-0.208746
2026-07-29 15:52:39.765,310.899704,0.000000,0.000000,0.000000,0.334972,-0.370525,-0.240713,0.135214,-0.356632,-0.243987,0.235093,-0.363579,-0.242350,0.207173,-0.402201,-0.209429,0.231868,-0.409858,-0.149840,0.259525,-0.399912,-0.208114
2026-07-29 15:52:39.865,310.999703,0.000000,0.000000,0.000000,0.335914,-0.373598,-0.241588,0.135940,-0.360715,-0.244829,0.235927,-0.367157,-0.243209,0.207896,-0.407292,-0.211005,0.232594,-0.413941,-0.150682,0.260251,-0.403995,-0.208956
2026-07-29 15:52:39.965,311.099703,0.000000,0.000000,0.000000,0.334790,-0.369504,-0.240502,0.135033,-0.355611,-0.243776,0.234912,-0.362558,-0.242139,0.206989,-0.402188,-0.209952,0.231687,-0.408837,-0.149629,0.259343,-0.398891,-0.207903
2026-07-29 15:52:40.065,311.199703,0.000000,0.000000,0.000000,0.334393,-0.369494,-0.240258,0.134851,-0.354590,-0.243566,0.234622,-0.362042,-0.241912,0.206808,-0.401167,-0.209742,0.231505,-0.407816,-0.149419,0.259052,-0.398884,-0.207708
2026-07-29 15:52:40.165,311.299703,0.000000,0.000000,0.000000,0.334756,-0.371536,-0.240679,0.135214,-0.356632,-0.243987,0.234985,-0.364084,-0.242333,0.207170,-0.403209,-0.210163,0.232652,-0.408868,-0.149706,0.259415,-0.400925,-0.208129
2026-07-29 15:52:40.265,311.399703,0.000000,0.000000,0.000000,0.334609,-0.368484,-0.240291,0.134851,-0.354590,-0.243566,0.234730,-0.361537,-0.241929,0.206088,-0.401143,-0.209769,0.232289,-0.406827,-0.149285,0.259162,-0.397870,-0.207693
2026-07-29 15:52:40.365,311.499703,0.000000,0.000000,0.000000,0.335663,-0.376640,-0.241732,0.136198,-0.362756,-0.245002,0.235930,-0.369698,-0.243367,0.207301,-0.410321,-0.211268,0.232775,-0.414962,-0.150893,0.260432,-0.405016,-0.209167
2026-07-29 15:52:40.465,311.599703,0.000000,0.000000,0.000000,0.335879,-0.375629,-0.241765,0.136121,-0.361736,-0.245040,0.236000,-0.368683,-0.243403,0.207330,-0.408296,-0.210522,0.232775,-0.414962,-0.150893,0.261046,-0.406054,-0.209155
2026-07-29 15:52:40.565,311.699703,0.000000,0.000000,0.000000,0.343022,-0.376029,-0.222608,0.142885,-0.366122,-0.226381,0.242954,-0.371075,-0.224494,0.215334,-0.410199,-0.190298,0.240918,-0.413212,-0.129725,0.268953,-0.406569,-0.188401
2026-07-29 15:52:40.665,311.799703,0.000000,0.000000,0.000000,0.335007,-0.368494,-0.240535,0.135033,-0.355611,-0.243776,0.235020,-0.362053,-0.242156,0.206241,-0.403180,-0.209992,0.231687,-0.408837,-0.149629,0.259957,-0.399929,-0.207891
2026-07-29 15:52:40.765,311.899703,0.000000,0.000000,0.000000,0.335153,-0.371546,-0.240923,0.135319,-0.356632,-0.244235,0.235236,-0.364089,-0.242579,0.206575,-0.406238,-0.210425,0.232084,-0.410372,-0.149997,0.260431,-0.400958,-0.208297
2026-07-29 15:52:40.865,311.999702,0.000000,0.000000,0.000000,0.335153,-0.371546,-0.240923,0.135472,-0.358673,-0.244160,0.235313,-0.365110,-0.242541,0.206604,-0.405221,-0.210413,0.232050,-0.410878,-0.150050,0.260209,-0.402984,-0.208328
2026-07-29 15:52:40.965,312.099702,0.000000,0.000000,0.000000,0.335300,-0.374598,-0.241311,0.135758,-0.359694,-0.244618,0.235529,-0.367146,-0.242965,0.206939,-0.407271,-0.210115,0.232316,-0.413941,-0.149864,0.260683,-0.404013,-0.208734
2026-07-29 15:52:41.065,312.199702,0.000000,0.000000,0.000000,0.335335,-0.372567,-0.241134,0.135577,-0.358674,-0.244408,0.235456,-0.365620,-0.242771,0.206772,-0.405742,-0.209897,0.232204,-0.411907,-0.149546,0.260501,-0.402992,-0.208523
2026-07-29 15:52:41.165,312.299702,0.000000,0.000000,0.000000,0.335698,-0.374609,-0.241555,0.135940,-0.360715,-0.244829,0.235819,-0.367662,-0.243192,0.207119,-0.409300,-0.211057,0.232608,-0.412943,-0.149143,0.260864,-0.405033,-0.208944
2026-07-29 15:52:41.265,312.399702,0.000000,0.000000,0.000000,0.335153,-0.371546,-0.240923,0.135396,-0.357653,-0.244197,0.235274,-0.364599,-0.242560,0.206547,-0.406245,-0.209707,0.232063,-0.409880,-0.148511,0.260292,-0.401979,-0.207587
2026-07-29 15:52:41.365,312.499702,0.000000,0.000000,0.000000,0.335153,-0.371546,-0.240923,0.135319,-0.356632,-0.244235,0.235236,-0.364089,-0.242579,0.206576,-0.405229,-0.209694,0.232036,-0.409888,-0.147795,0.260292,-0.401979,-0.207587
2026-07-29 15:52:41.465,312.599702,0.000000,0.000000,0.000000,0.343227,-0.377054,-0.222767,0.143192,-0.368163,-0.226451,0.243210,-0.372608,-0.224609,0.215503,-0.413229,-0.189662,0.241086,-0.413135,-0.127681,0.269130,-0.407566,-0.187836
2026-07-29 15:52:41.565,312.699702,0.000000,0.000000,0.000000,0.334609,-0.368484,-0.240291,0.134851,-0.354590,-0.243566,0.234730,-0.361537,-0.241929,0.206750,-0.402191,-0.209035,0.231395,-0.407847,-0.146558,0.259748,-0.398916,-0.206956
2026-07-29 15:52:41.665,312.799702,0.000000,0.000000,0.000000,0.335300,-0.374598,-0.241311,0.135758,-0.359694,-0.244618,0.235529,-0.367146,-0.242965,0.206939,-0.407271,-0.210115,0.232371,-0.411937,-0.147500,0.260655,-0.404020,-0.208008
2026-07-29 15:52:41.765,312.899702,0.000000,0.000000,0.000000,0.341793,-0.369876,-0.221652,0.141859,-0.361999,-0.225248,0.241826,-0.365938,-0.223450,0.214073,-0.405034,-0.188585,0.239553,-0.406921,-0.125196,0.267783,-0.399373,-0.186756
2026-07-29 15:52:41.865,312.999701,0.000000,0.000000,0.000000,0.342216,-0.373965,-0.222046,0.142372,-0.364061,-0.225814,0.242294,-0.369013,-0.223930,0.215402,-0.409132,-0.188997,0.240212,-0.408978,-0.125613,0.268397,-0.402449,-0.187233
2026-07-29 15:52:41.965,313.099701,0.000000,0.000000,0.000000,0.336242,-0.377671,-0.242187,0.136561,-0.364798,-0.245423,0.236401,-0.371235,-0.243805,0.208383,-0.411379,-0.210930,0.232394,-0.414998,-0.146823,0.261492,-0.407090,-0.208834
2026-07-29 15:52:42.065,313.199701,0.000000,0.000000,0.000000,0.334790,-0.369504,-0.240502,0.135033,-0.355611,-0.243776,0.234912,-0.362558,-0.242139,0.206902,-0.404228,-0.209259,0.230943,-0.406831,-0.145139,0.260041,-0.398924,-0.207150
2026-07-29 15:52:42.165,313.299701,0.000000,0.000000,0.000000,0.335153,-0.371546,-0.240923,0.135396,-0.357653,-0.244197,0.235274,-0.364599,-0.242560,0.207294,-0.405254,-0.209666,0.231272,-0.409380,-0.145617,0.260403,-0.400965,-0.207571
2026-07-29 15:52:42.265,313.399701,0.000000,0.000000,0.000000,0.335335,-0.372567,-0.241134,0.135577,-0.358674,-0.244408,0.235456,-0.365620,-0.242771,0.207476,-0.406275,-0.209877,0.231459,-0.409902,-0.145053,0.260585,-0.401986,-0.207781
2026-07-29 15:52:42.365,313.499701,0.000000,0.000000,0.000000,0.334790,-0.369504,-0.240502,0.135033,-0.355611,-0.243776,0.234912,-0.362558,-0.242139,0.206872,-0.405244,-0.209272,0.230199,-0.406815,-0.144449,0.259929,-0.399937,-0.207166
2026-07-29 15:52:42.465,313.599701,0.000000,0.000000,0.000000,0.334972,-0.370525,-0.240713,0.135214,-0.356632,-0.243987,0.235093,-0.363579,-0.242350,0.207083,-0.405249,-0.209469,0.230380,-0.407836,-0.144659,0.260111,-0.400958,-0.207377
2026-07-29 15:52:42.565,313.699701,0.000000,0.000000,0.000000,0.334972,-0.370525,-0.240713,0.135214,-0.356632,-0.243987,0.235093,-0.363579,-0.242350,0.207098,-0.404741,-0.209462,0.229664,-0.407811,-0.144687,0.260111,-0.400958,-0.207377
2026-07-29 15:52:42.665,313.799701,0.000000,0.000000,0.000000,0.335879,-0.375629,-0.241765,0.136121,-0.361736,-0.245040,0.236000,-0.368683,-0.243403,0.207302,-0.409312,-0.210536,0.230637,-0.411902,-0.145625,0.261018,-0.406062,-0.208429
2026-07-29 15:52:42.765,313.899701,0.000000,0.000000,0.000000,0.335698,-0.374609,-0.241555,0.135940,-0.360715,-0.244829,0.235819,-0.367662,-0.243192,0.207063,-0.410324,-0.210352,0.230455,-0.410881,-0.145414,0.260836,-0.405041,-0.208219
2026-07-29 15:52:42.865,313.999701,0.000000,0.000000,0.000000,0.334937,-0.372556,-0.240890,0.135319,-0.356632,-0.244235,0.235128,-0.364594,-0.242562,0.206547,-0.406245,-0.209707,0.229102,-0.408815,-0.144207,0.260292,-0.401979,-0.207587
2026-07-29 15:52:42.965,314.099700,0.000000,0.000000,0.000000,0.335153,-0.371546,-0.240923,0.135396,-0.357653,-0.244197,0.235274,-0.364599,-0.242560,0.206519,-0.407261,-0.209720,0.229166,-0.407802,-0.144091,0.260292,-0.401979,-0.207587
2026-07-29 15:52:43.065,314.199700,0.000000,0.000000,0.000000,0.334609,-0.368484,-0.240291,0.134851,-0.354590,-0.243566,0.234730,-0.361537,-0.241929,0.205974,-0.404199,-0.209089,0.228622,-0.404739,-0.143460,0.259748,-0.398916,-0.206956
2026-07-29 15:52:43.165,314.299700,0.000000,0.000000,0.000000,0.335516,-0.373588,-0.241344,0.135758,-0.359694,-0.244618,0.235637,-0.366641,-0.242981,0.206910,-0.408287,-0.210128,0.229465,-0.410857,-0.144628,0.260655,-0.404020,-0.208008
2026-07-29 15:52:43.265,314.399700,0.000000,0.000000,0.000000,0.335516,-0.373588,-0.241344,0.135758,-0.359694,-0.244618,0.235637,-0.366641,-0.242981,0.206910,-0.408287,-0.210128,0.229465,-0.410857,-0.144628,0.260655,-0.404020,-0.208008
2026-07-29 15:52:43.365,314.499700,0.000000,0.000000,0.000000,0.335879,-0.375629,-0.241765,0.136121,-0.361736,-0.245040,0.236000,-0.368683,-0.243403,0.207244,-0.411345,-0.210563,0.229828,-0.412899,-0.145049,0.261018,-0.406062,-0.208429
2026-07-29 15:52:43.465,314.599700,0.000000,0.000000,0.000000,0.335335,-0.372567,-0.241134,0.135577,-0.358674,-0.244408,0.235456,-0.365620,-0.242771,0.206729,-0.407266,-0.209918,0.229220,-0.410850,-0.144533,0.260473,-0.403000,-0.207798
2026-07-29 15:52:43.565,314.699700,0.000000,0.000000,0.000000,0.335153,-0.371546,-0.240923,0.135396,-0.357653,-0.244197,0.235274,-0.364599,-0.242560,0.206519,-0.407261,-0.209720,0.229102,-0.408815,-0.144207,0.260292,-0.401979,-0.207587
2026-07-29 15:52:43.665,314.799700,0.000000,0.000000,0.000000,0.335516,-0.373588,-0.241344,0.135682,-0.358674,-0.244656,0.235599,-0.366131,-0.243000,0.206910,-0.408287,-0.210128,0.228686,-0.411846,-0.144771,0.260655,-0.404020,-0.208008
2026-07-29 15:52:43.765,314.899700,0.000000,0.000000,0.000000,0.334972,-0.370525,-0.240713,0.135214,-0.356632,-0.243987,0.235093,-0.363579,-0.242350,0.206366,-0.405224,-0.209496,0.228142,-0.408784,-0.144139,0.260111,-0.400958,-0.207377
2026-07-29 15:52:43.865,314.999700,0.000000,0.000000,0.000000,0.335698,-0.374609,-0.241555,0.135940,-0.360715,-0.244829,0.235819,-0.367662,-0.243192,0.207063,-0.410324,-0.210352,0.228152,-0.412843,-0.145009,0.260836,-0.405041,-0.208219
2026-07-29 15:52:43.965,315.099699,0.000000,0.000000,0.000000,0.335335,-0.372567,-0.241134,0.135577,-0.358674,-0.244408,0.235456,-0.365620,-0.242771,0.206729,-0.407266,-0.209918,0.227790,-0.410801,-0.144588,0.260585,-0.401986,-0.207781
2026-07-29 15:52:44.065,315.199699,0.000000,0.000000,0.000000,0.334609,-0.368484,-0.240291,0.134851,-0.354590,-0.243566,0.234730,-0.361537,-0.241929,0.206003,-0.403183,-0.209075,0.227002,-0.407731,-0.143861,0.259748,-0.398916,-0.206956
2026-07-29 15:52:44.165,315.299699,0.000000,0.000000,0.000000,0.335481,-0.375619,-0.241522,0.136017,-0.361736,-0.244791,0.235749,-0.368677,-0.243156,0.207063,-0.410324,-0.210352,0.228152,-0.412843,-0.145009,0.260836,-0.405041,-0.208219
2026-07-29 15:52:44.265,315.399699,0.000000,0.000000,0.000000,0.343022,-0.376029,-0.222608,0.142987,-0.367137,-0.226292,0.243005,-0.371583,-0.224450,0.215299,-0.412203,-0.189502,0.236452,-0.411937,-0.124108,0.268968,-0.406033,-0.187694
2026-07-29 15:52:44.365,315.499699,0.000000,0.000000,0.000000,0.335300,-0.374598,-0.241311,0.135758,-0.359694,-0.244618,0.235529,-0.367146,-0.242965,0.206910,-0.408287,-0.210128,0.227999,-0.411814,-0.145515,0.260655,-0.404020,-0.208008
2026-07-29 15:52:44.465,315.599699,0.000000,0.000000,0.000000,0.334790,-0.369504,-0.240502,0.135109,-0.356631,-0.243739,0.234950,-0.363068,-0.242120,0.206184,-0.404204,-0.209286,0.227396,-0.405703,-0.144443,0.259929,-0.399937,-0.207166
2026-07-29 15:52:44.565,315.699699,0.000000,0.000000,0.000000,0.335153,-0.371546,-0.240923,0.135472,-0.358673,-0.244160,0.235313,-0.365110,-0.242541,0.206547,-0.406245,-0.209707,0.227787,-0.407737,-0.145583,0.260292,-0.401979,-0.207587
2026-07-29 15:52:44.665,315.799699,0.000000,0.000000,0.000000,0.335118,-0.373577,-0.241100,0.135577,-0.358674,-0.244408,0.235348,-0.366125,-0.242754,0.206729,-0.407266,-0.209918,0.227872,-0.410778,-0.146736,0.260473,-0.403000,-0.207798
2026-07-29 15:52:44.765,315.899699,0.000000,0.000000,0.000000,0.335516,-0.373588,-0.241344,0.135758,-0.359694,-0.244618,0.235637,-0.366641,-0.242981,0.206165,-0.409279,-0.210169,0.228796,-0.411815,-0.147636,0.260655,-0.404020,-0.208008
2026-07-29 15:52:44.865,315.999699,0.000000,0.000000,0.000000,0.335516,-0.373588,-0.241344,0.135758,-0.359694,-0.244618,0.235637,-0.366641,-0.242981,0.206910,-0.408287,-0.210128,0.228859,-0.410801,-0.147525,0.260655,-0.404020,-0.208008
2026-07-29 15:52:44.965,316.099699,0.000000,0.000000,0.000000,0.336242,-0.377671,-0.242187,0.136407,-0.362757,-0.245498,0.236325,-0.370214,-0.243842,0.206891,-0.413362,-0.211011,0.229738,-0.412849,-0.148864,0.261381,-0.408104,-0.208851
2026-07-29 15:52:45.065,316.199698,0.000000,0.000000,0.000000,0.336277,-0.375640,-0.242009,0.136303,-0.362757,-0.245250,0.236290,-0.369198,-0.243630,0.206737,-0.411325,-0.210787,0.230303,-0.411845,-0.149346,0.261199,-0.407083,-0.208640
2026-07-29 15:52:45.165,316.299698,0.000000,0.000000,0.000000,0.335370,-0.370536,-0.240956,0.135472,-0.358673,-0.244160,0.235421,-0.364604,-0.242558,0.205830,-0.406221,-0.209734,0.229359,-0.407747,-0.149121,0.260236,-0.402485,-0.207596
2026-07-29 15:52:45.265,316.399698,0.000000,0.000000,0.000000,0.335879,-0.375629,-0.241765,0.136121,-0.361736,-0.245040,0.236000,-0.368683,-0.243403,0.206556,-0.410304,-0.210577,0.230113,-0.411823,-0.150681,0.261018,-0.406062,-0.208429
2026-07-29 15:52:45.365,316.499698,0.000000,0.000000,0.000000,0.335153,-0.371546,-0.240923,0.135396,-0.357653,-0.244197,0.235274,-0.364599,-0.242560,0.205830,-0.406221,-0.209734,0.230039,-0.408778,-0.149918,0.260181,-0.402992,-0.207604
2026-07-29 15:52:45.465,316.599698,0.000000,0.000000,0.000000,0.335335,-0.372567,-0.241134,0.135500,-0.357653,-0.244446,0.235417,-0.365110,-0.242790,0.206012,-0.407242,-0.209945,0.230248,-0.409791,-0.150846,0.260418,-0.403506,-0.207806
2026-07-29 15:52:45.565,316.699698,0.000000,0.000000,0.000000,0.334937,-0.372556,-0.240890,0.135396,-0.357653,-0.244197,0.235166,-0.365105,-0.242544,0.205803,-0.407237,-0.209748,0.229870,-0.411811,-0.150953,0.259458,-0.402967,-0.207631
2026-07-29 15:52:45.665,316.799698,0.000000,0.000000,0.000000,0.334790,-0.369504,-0.240502,0.135033,-0.355611,-0.243776,0.234912,-0.362558,-0.242139,0.205467,-0.404179,-0.209313,0.229666,-0.407734,-0.151036,0.259095,-0.400926,-0.207210
2026-07-29 15:52:45.765,316.899698,0.000000,0.000000,0.000000,0.334609,-0.368484,-0.240291,0.134928,-0.355611,-0.243528,0.234768,-0.362047,-0.241910,0.205313,-0.403151,-0.209821,0.230066,-0.408765,-0.151008,0.258941,-0.399897,-0.207724
2026-07-29 15:52:45.865,316.999698,0.000000,0.000000,0.000000,0.335335,-0.372567,-0.241134,0.135577,-0.358674,-0.244408,0.235456,-0.365620,-0.242771,0.205984,-0.408258,-0.209958,0.230991,-0.409807,-0.151536,0.259667,-0.403980,-0.208566
2026-07-29 15:52:45.965,317.099698,0.000000,0.000000,0.000000,0.335732,-0.372577,-0.241378,0.135835,-0.360715,-0.244581,0.235784,-0.366646,-0.242979,0.206221,-0.407246,-0.210142,0.231067,-0.412848,-0.152671,0.259849,-0.405001,-0.208777
2026-07-29 15:52:46.065,317.199697,0.000000,0.000000,0.000000,0.335516,-0.373588,-0.241344,0.135835,-0.360715,-0.244581,0.235676,-0.367151,-0.242963,0.206910,-0.408287,-0.210128,0.231067,-0.412848,-0.152671,0.259849,-0.405001,-0.208777
2026-07-29 15:52:46.165,317.299697,0.000000,0.000000,0.000000,0.335153,-0.371546,-0.240923,0.135396,-0.357653,-0.244197,0.235274,-0.364599,-0.242560,0.206575,-0.406238,-0.210425,0.231486,-0.409817,-0.152119,0.259596,-0.401946,-0.208340
2026-07-29 15:52:46.265,317.399697,0.000000,0.000000,0.000000,0.334937,-0.372556,-0.240890,0.135319,-0.356632,-0.244235,0.235128,-0.364594,-0.242562,0.206576,-0.405229,-0.209694,0.231514,-0.409809,-0.152836,0.259486,-0.402960,-0.208355
2026-07-29 15:52:46.365,317.499697,0.000000,0.000000,0.000000,0.334790,-0.369504,-0.240502,0.134956,-0.354591,-0.243814,0.234873,-0.362048,-0.242158,0.206213,-0.403187,-0.209272,0.231083,-0.408781,-0.152517,0.259123,-0.400918,-0.207934
2026-07-29 15:52:46.465,317.599697,0.000000,0.000000,0.000000,0.334790,-0.369504,-0.240502,0.134956,-0.354591,-0.243814,0.234873,-0.362048,-0.242158,0.206213,-0.403187,-0.209272,0.231866,-0.407792,-0.152387,0.259123,-0.400918,-0.207934
2026-07-29 15:52:46.565,317.699697,0.000000,0.000000,0.000000,0.335516,-0.373588,-0.241344,0.135835,-0.360715,-0.244581,0.235676,-0.367151,-0.242963,0.206910,-0.408287,-0.210128,0.232591,-0.411875,-0.153230,0.259849,-0.405001,-0.208777
2026-07-29 15:52:46.665,317.799697,0.000000,0.000000,0.000000,0.335335,-0.372567,-0.241134,0.135577,-0.358674,-0.244408,0.235456,-0.365620,-0.242771,0.206757,-0.406250,-0.209904,0.233265,-0.408852,-0.152787,0.259667,-0.403980,-0.208566
2026-07-29 15:52:46.765,317.899697,0.000000,0.000000,0.000000,0.335300,-0.374598,-0.241311,0.135758,-0.359694,-0.244618,0.235529,-0.367146,-0.242965,0.206939,-0.407271,-0.210115,0.233474,-0.409865,-0.153716,0.259849,-0.405001,-0.208777
2026-07-29 15:52:46.865,317.999697,0.000000,0.000000,0.000000,0.335516,-0.373588,-0.241344,0.135758,-0.359694,-0.244618,0.235637,-0.366641,-0.242981,0.206968,-0.406255,-0.210101,0.234120,-0.410903,-0.153790,0.259849,-0.405001,-0.208777
2026-07-29 15:52:46.965,318.099697,0.000000,0.000000,0.000000,0.335516,-0.373588,-0.241344,0.135758,-0.359694,-0.244618,0.235637,-0.366641,-0.242981,0.206939,-0.407271,-0.210115,0.234263,-0.408876,-0.153587,0.259235,-0.403963,-0.208789
2026-07-29 15:52:47.065,318.199697,0.000000,0.000000,0.000000,0.334972,-0.370525,-0.240713,0.135214,-0.356632,-0.243987,0.235093,-0.363579,-0.242350,0.206395,-0.404208,-0.209483,0.234464,-0.405830,-0.153648,0.258581,-0.401914,-0.208172
2026-07-29 15:52:47.165,318.299696,0.000000,0.000000,0.000000,0.335335,-0.372567,-0.241134,0.135577,-0.358674,-0.244408,0.235456,-0.365620,-0.242771,0.207506,-0.405258,-0.209863,0.234827,-0.407872,-0.154069,0.258944,-0.403956,-0.208593
2026-07-29 15:52:47.265,318.399696,0.000000,0.000000,0.000000,0.334609,-0.368484,-0.240291,0.134851,-0.354590,-0.243566,0.234730,-0.361537,-0.241929,0.206780,-0.401175,-0.209021,0.234783,-0.404320,-0.153249,0.258328,-0.398859,-0.207736
2026-07-29 15:52:47.365,318.499696,0.000000,0.000000,0.000000,0.334790,-0.369504,-0.240502,0.135033,-0.355611,-0.243776,0.234912,-0.362558,-0.242139,0.206961,-0.402196,-0.209232,0.235029,-0.404826,-0.154129,0.258400,-0.400893,-0.207962
2026-07-29 15:52:47.465,318.599696,0.000000,0.000000,0.000000,0.334756,-0.371536,-0.240679,0.135214,-0.356632,-0.243987,0.234985,-0.364084,-0.242333,0.207143,-0.403217,-0.209442,0.235854,-0.406885,-0.154412,0.258691,-0.400901,-0.208157
2026-07-29 15:52:47.565,318.699696,0.000000,0.000000,0.000000,0.335153,-0.371546,-0.240923,0.135396,-0.357653,-0.244197,0.235274,-0.364599,-0.242560,0.207354,-0.403221,-0.209639,0.236212,-0.405871,-0.155145,0.258763,-0.402935,-0.208383
2026-07-29 15:52:47.665,318.799696,0.000000,0.000000,0.000000,0.334972,-0.370525,-0.240713,0.135214,-0.356632,-0.243987,0.235093,-0.363579,-0.242350,0.207143,-0.403217,-0.209442,0.236750,-0.404874,-0.154907,0.258691,-0.400901,-0.208157
2026-07-29 15:52:47.765,318.899696,0.000000,0.000000,0.000000,0.334609,-0.368484,-0.240291,0.134851,-0.354590,-0.243566,0.234730,-0.361537,-0.241929,0.207499,-0.401200,-0.208994,0.236415,-0.402825,-0.155206,0.258328,-0.398859,-0.207736
2026-07-29 15:52:47.865,318.999696,0.000000,0.000000,0.000000,0.335300,-0.374598,-0.241311,0.135758,-0.359694,-0.244618,0.235529,-0.367146,-0.242965,0.208376,-0.407320,-0.210060,0.237965,-0.408967,-0.156329,0.259235,-0.403963,-0.208789
2026-07-29 15:52:47.965,319.099696,0.000000,0.000000,0.000000,0.334756,-0.371536,-0.240679,0.135214,-0.356632,-0.243987,0.234985,-0.364084,-0.242333,0.207862,-0.403241,-0.209415,0.237525,-0.404883,-0.156321,0.258691,-0.400901,-0.208157
2026-07-29 15:52:48.065,319.199696,0.000000,0.000000,0.000000,0.335516,-0.373588,-0.241344,0.135758,-0.359694,-0.244618,0.235637,-0.366641,-0.242981,0.208407,-0.406304,-0.210047,0.238739,-0.408976,-0.157741,0.259235,-0.403963,-0.208789
2026-07-29 15:52:48.165,319.299695,0.000000,0.000000,0.000000,0.334972,-0.370525,-0.240713,0.135291,-0.357652,-0.243949,0.235131,-0.364089,-0.242331,0.208582,-0.403266,-0.209387,0.238272,-0.404900,-0.157014,0.258691,-0.400901,-0.208157
2026-07-29 15:52:48.265,319.399695,0.000000,0.000000,0.000000,0.334790,-0.369504,-0.240502,0.135033,-0.355611,-0.243776,0.234912,-0.362558,-0.242139,0.208400,-0.402245,-0.209177,0.238041,-0.404885,-0.157618,0.258509,-0.399880,-0.207946
2026-07-29 15:52:48.365,319.499695,0.000000,0.000000,0.000000,0.335153,-0.371546,-0.240923,0.135472,-0.358673,-0.244160,0.235313,-0.365110,-0.242541,0.208731,-0.405303,-0.209612,0.239229,-0.405930,-0.158638,0.258872,-0.401921,-0.208368
2026-07-29 15:52:48.465,319.599695,0.000000,0.000000,0.000000,0.334427,-0.367463,-0.240081,0.134593,-0.352549,-0.243393,0.234510,-0.360006,-0.241737,0.208037,-0.400203,-0.208756,0.238503,-0.401847,-0.157796,0.258174,-0.397830,-0.208250
2026-07-29 15:52:48.565,319.699695,0.000000,0.000000,0.000000,0.335516,-0.373588,-0.241344,0.135758,-0.359694,-0.244618,0.235637,-0.366641,-0.242981,0.209126,-0.406328,-0.210019,0.240339,-0.407989,-0.159753,0.259263,-0.403955,-0.209514
2026-07-29 15:52:48.665,319.799695,0.000000,0.000000,0.000000,0.335481,-0.375619,-0.241522,0.136017,-0.361736,-0.244791,0.235749,-0.368677,-0.243156,0.210027,-0.407374,-0.210202,0.239880,-0.407971,-0.159899,0.258828,-0.403938,-0.209738
2026-07-29 15:52:48.765,319.899695,0.000000,0.000000,0.000000,0.335300,-0.374598,-0.241311,0.135758,-0.359694,-0.244618,0.235529,-0.367146,-0.242965,0.209873,-0.406345,-0.210712,0.240447,-0.406967,-0.160383,0.258647,-0.402917,-0.209527
2026-07-29 15:52:48.865,319.999695,0.000000,0.000000,0.000000,0.335153,-0.371546,-0.240923,0.135396,-0.357653,-0.244197,0.235274,-0.364599,-0.242560,0.209483,-0.404311,-0.209571,0.240084,-0.404926,-0.159962,0.258284,-0.400875,-0.209106
2026-07-29 15:52:48.965,320.099695,0.000000,0.000000,0.000000,0.335516,-0.373588,-0.241344,0.135835,-0.360715,-0.244581,0.235676,-0.367151,-0.242963,0.209873,-0.406345,-0.210712,0.240555,-0.405946,-0.161015,0.258539,-0.403931,-0.209541
2026-07-29 15:52:49.065,320.199695,0.000000,0.000000,0.000000,0.335153,-0.371546,-0.240923,0.135396,-0.357653,-0.244197,0.235274,-0.364599,-0.242560,0.209510,-0.404304,-0.210291,0.240112,-0.404918,-0.160684,0.258176,-0.401889,-0.209120
2026-07-29 15:52:49.165,320.299695,0.000000,0.000000,0.000000,0.335516,-0.373588,-0.241344,0.135835,-0.360715,-0.244581,0.235676,-0.367151,-0.242963,0.209873,-0.406345,-0.210712,0.240583,-0.405938,-0.161738,0.258647,-0.402917,-0.209527
2026-07-29 15:52:49.265,320.399694,0.000000,0.000000,0.000000,0.334790,-0.369504,-0.240502,0.135033,-0.355611,-0.243776,0.234912,-0.362558,-0.242139,0.209147,-0.402262,-0.209870,0.239777,-0.402868,-0.160984,0.257921,-0.398834,-0.208685
2026-07-29 15:52:49.365,320.499694,0.000000,0.000000,0.000000,0.336061,-0.376650,-0.241976,0.136226,-0.361737,-0.245288,0.236143,-0.369193,-0.243632,0.210418,-0.409408,-0.211344,0.241047,-0.410014,-0.162458,0.259191,-0.405980,-0.210159
2026-07-29 15:52:49.465,320.599694,0.000000,0.000000,0.000000,0.335153,-0.371546,-0.240923,0.135396,-0.357653,-0.244197,0.235274,-0.364599,-0.242560,0.209544,-0.403288,-0.210279,0.240140,-0.404910,-0.161406,0.258284,-0.400875,-0.209106
2026-07-29 15:52:49.565,320.699694,0.000000,0.000000,0.000000,0.334574,-0.370515,-0.240469,0.135033,-0.355611,-0.243776,0.234803,-0.363063,-0.242123,0.209147,-0.402262,-0.209870,0.239777,-0.402868,-0.160984,0.257921,-0.398834,-0.208685
2026-07-29 15:52:49.665,320.799694,0.000000,0.000000,0.000000,0.335153,-0.371546,-0.240923,0.135472,-0.358673,-0.244160,0.235313,-0.365110,-0.242541,0.209477,-0.405320,-0.210304,0.240220,-0.403897,-0.161317,0.258284,-0.400875,-0.209106
2026-07-29 15:52:49.765,320.899694,0.000000,0.000000,0.000000,0.335153,-0.371546,-0.240923,0.135396,-0.357653,-0.244197,0.235274,-0.364599,-0.242560,0.209510,-0.404304,-0.210291,0.240059,-0.405924,-0.161494,0.258284,-0.400875,-0.209106
2026-07-29 15:52:49.865,320.999694,0.000000,0.000000,0.000000,0.334574,-0.370515,-0.240469,0.134956,-0.354591,-0.243814,0.234765,-0.362553,-0.242141,0.209147,-0.402262,-0.209870,0.239777,-0.402868,-0.160984,0.258029,-0.397820,-0.208671
2026-07-29 15:52:49.965,321.099694,0.000000,0.000000,0.000000,0.335516,-0.373588,-0.241344,0.135835,-0.360715,-0.244581,0.235676,-0.367151,-0.242963,0.209873,-0.406345,-0.210712,0.240503,-0.406952,-0.161827,0.258647,-0.402917,-0.209527
2026-07-29 15:52:50.065,321.199694,0.000000,0.000000,0.000000,0.335732,-0.372577,-0.241378,0.135758,-0.359694,-0.244618,0.235745,-0.366136,-0.242998,0.209873,-0.406345,-0.210712,0.240503,-0.406952,-0.161827,0.258647,-0.402917,-0.209527
2026-07-29 15:52:50.165,321.299694,0.000000,0.000000,0.000000,0.334609,-0.368484,-0.240291,0.134851,-0.354590,-0.243566,0.234730,-0.361537,-0.241929,0.208966,-0.401241,-0.209660,0.239595,-0.401848,-0.160774,0.257740,-0.397813,-0.208474
2026-07-29 15:52:50.265,321.399693,0.000000,0.000000,0.000000,0.334790,-0.369504,-0.240502,0.135033,-0.355611,-0.243776,0.234912,-0.362558,-0.242139,0.209147,-0.402262,-0.209870,0.239805,-0.402861,-0.161706,0.257921,-0.398834,-0.208685
2026-07-29 15:52:50.365,321.499693,0.000000,0.000000,0.000000,0.335300,-0.374598,-0.241311,0.135758,-0.359694,-0.244618,0.235529,-0.367146,-0.242965,0.209873,-0.406345,-0.210712,0.240530,-0.406944,-0.162548,0.258647,-0.402917,-0.209527
2026-07-29 15:52:50.465,321.599693,0.000000,0.000000,0.000000,0.335698,-0.374609,-0.241555,0.135863,-0.359695,-0.244867,0.235780,-0.367152,-0.243211,0.210088,-0.406350,-0.210911,0.239991,-0.407940,-0.162786,0.258828,-0.403938,-0.209738
2026-07-29 15:52:50.565,321.699693,0.000000,0.000000,0.000000,0.335153,-0.371546,-0.240923,0.135396,-0.357653,-0.244197,0.235274,-0.364599,-0.242560,0.209510,-0.404304,-0.210291,0.239447,-0.404878,-0.162155,0.258284,-0.400875,-0.209106
2026-07-29 15:52:50.665,321.799693,0.000000,0.000000,0.000000,0.335153,-0.371546,-0.240923,0.135396,-0.357653,-0.244197,0.235274,-0.364599,-0.242560,0.209510,-0.404304,-0.210291,0.239367,-0.405891,-0.162242,0.258284,-0.400875,-0.209106
2026-07-29 15:52:50.765,321.899693,0.000000,0.000000,0.000000,0.334790,-0.369504,-0.240502,0.135033,-0.355611,-0.243776,0.234912,-0.362558,-0.242139,0.209147,-0.402262,-0.209870,0.239084,-0.402836,-0.161734,0.257921,-0.398834,-0.208685
2026-07-29 15:52:50.865,321.999693,0.000000,0.000000,0.000000,0.334972,-0.370525,-0.240713,0.135291,-0.357652,-0.243949,0.235131,-0.364089,-0.242331,0.209329,-0.403283,-0.210081,0.238573,-0.403824,-0.162693,0.258103,-0.399855,-0.208895
2026-07-29 15:52:50.965,322.099693,0.000000,0.000000,0.000000,0.334246,-0.366442,-0.239870,0.134488,-0.352549,-0.243145,0.234367,-0.359495,-0.241507,0.208636,-0.398183,-0.209226,0.237690,-0.401768,-0.162023,0.257377,-0.395771,-0.208053
2026-07-29 15:52:51.065,322.199693,0.000000,0.000000,0.000000,0.334972,-0.370525,-0.240713,0.135214,-0.356632,-0.243987,0.235093,-0.363579,-0.242350,0.209329,-0.403283,-0.210081,0.238494,-0.404838,-0.162779,0.258103,-0.399855,-0.208895
2026-07-29 15:52:51.165,322.299693,0.000000,0.000000,0.000000,0.334574,-0.370515,-0.240469,0.135033,-0.355611,-0.243776,0.234803,-0.363063,-0.242123,0.209181,-0.401246,-0.209858,0.238391,-0.402804,-0.162483,0.257921,-0.398834,-0.208685
2026-07-29 15:52:51.265,322.399693,0.000000,0.000000,0.000000,0.335335,-0.372567,-0.241134,0.135500,-0.357653,-0.244446,0.235417,-0.365110,-0.242790,0.209725,-0.404308,-0.210489,0.238857,-0.406880,-0.163201,0.258574,-0.400883,-0.209302
2026-07-29 15:52:51.365,322.499692,0.000000,0.000000,0.000000,0.342818,-0.375003,-0.222449,0.142782,-0.366112,-0.226133,0.242800,-0.370557,-0.224291,0.218017,-0.408181,-0.190067,0.246493,-0.407660,-0.142778,0.266769,-0.403523,-0.189124
2026-07-29 15:52:51.465,322.599692,0.000000,0.000000,0.000000,0.334246,-0.366442,-0.239870,0.134488,-0.352549,-0.243145,0.234367,-0.359495,-0.241507,0.209357,-0.398208,-0.209199,0.237049,-0.400730,-0.161965,0.256652,-0.395747,-0.208081
2026-07-29 15:52:51.565,322.699692,0.000000,0.000000,0.000000,0.335698,-0.374609,-0.241555,0.135940,-0.360715,-0.244829,0.235819,-0.367662,-0.243192,0.210808,-0.406375,-0.210883,0.238500,-0.408897,-0.163649,0.258210,-0.402900,-0.209751
2026-07-29 15:52:51.665,322.799692,0.000000,0.000000,0.000000,0.335153,-0.371546,-0.240923,0.135396,-0.357653,-0.244197,0.235274,-0.364599,-0.242560,0.210264,-0.403312,-0.210251,0.238033,-0.404821,-0.162931,0.257666,-0.399837,-0.209119
2026-07-29 15:52:51.765,322.899692,0.000000,0.000000,0.000000,0.335516,-0.373588,-0.241344,0.135758,-0.359694,-0.244618,0.235637,-0.366641,-0.242981,0.210627,-0.405354,-0.210673,0.238319,-0.407876,-0.163438,0.257922,-0.402892,-0.209555
2026-07-29 15:52:51.865,322.999692,0.000000,0.000000,0.000000,0.335516,-0.373588,-0.241344,0.135758,-0.359694,-0.244618,0.235637,-0.366641,-0.242981,0.210627,-0.405354,-0.210673,0.239117,-0.406887,-0.163325,0.257922,-0.402892,-0.209555
2026-07-29 15:52:51.965,323.099692,0.000000,0.000000,0.000000,0.334212,-0.370499,-0.240742,0.135214,-0.356632,-0.243987,0.234713,-0.363566,-0.242364,0.210048,-0.403307,-0.210053,0.238573,-0.403824,-0.162693,0.257378,-0.399830,-0.208923
2026-07-29 15:52:52.065,323.199692,0.000000,0.000000,0.000000,0.335879,-0.375629,-0.241765,0.136121,-0.361736,-0.245040,0.236000,-0.368683,-0.243403,0.210990,-0.407396,-0.211094,0.239452,-0.408936,-0.163024,0.258285,-0.404934,-0.209976
2026-07-29 15:52:52.165,323.299692,0.000000,0.000000,0.000000,0.336061,-0.376650,-0.241976,0.136380,-0.363777,-0.245213,0.236220,-0.370214,-0.243594,0.211171,-0.408416,-0.211304,0.239633,-0.409957,-0.163235,0.258573,-0.404941,-0.210172
2026-07-29 15:52:52.265,323.399692,0.000000,0.000000,0.000000,0.334790,-0.369504,-0.240502,0.135033,-0.355611,-0.243776,0.234912,-0.362558,-0.242139,0.209901,-0.401270,-0.209830,0.237615,-0.402795,-0.161067,0.257303,-0.397796,-0.208698
2026-07-29 15:52:52.365,323.499691,0.000000,0.000000,0.000000,0.334790,-0.369504,-0.240502,0.135033,-0.355611,-0.243776,0.234912,-0.362558,-0.242139,0.209901,-0.401270,-0.209830,0.237692,-0.401781,-0.160979,0.257921,-0.398834,-0.208685
2026-07-29 15:52:52.465,323.599691,0.000000,0.000000,0.000000,0.335516,-0.373588,-0.241344,0.135758,-0.359694,-0.244618,0.235637,-0.366641,-0.242981,0.210627,-0.405354,-0.210673,0.238390,-0.405872,-0.161098,0.258029,-0.401879,-0.209541
2026-07-29 15:52:52.565,323.699691,0.000000,0.000000,0.000000,0.335698,-0.374609,-0.241555,0.136017,-0.361736,-0.244791,0.235857,-0.368172,-0.243173,0.210808,-0.406375,-0.210883,0.237746,-0.407890,-0.160703,0.258182,-0.402908,-0.209024
2026-07-29 15:52:52.665,323.799691,0.000000,0.000000,0.000000,0.335153,-0.371546,-0.240923,0.135319,-0.356632,-0.244235,0.235236,-0.364089,-0.242579,0.210271,-0.402304,-0.209516,0.237202,-0.404827,-0.160072,0.258364,-0.399870,-0.208364
2026-07-29 15:52:52.765,323.899691,0.000000,0.000000,0.000000,0.334972,-0.370525,-0.240713,0.135137,-0.355612,-0.244024,0.235055,-0.363068,-0.242369,0.210055,-0.402299,-0.209319,0.236272,-0.403790,-0.159167,0.258183,-0.398849,-0.208154
2026-07-29 15:52:52.865,323.999691,0.000000,0.000000,0.000000,0.334790,-0.369504,-0.240502,0.135033,-0.355611,-0.243776,0.234912,-0.362558,-0.242139,0.209873,-0.401278,-0.209108,0.235342,-0.402752,-0.158262,0.258001,-0.397828,-0.207943
2026-07-29 15:52:52.965,324.099691,0.000000,0.000000,0.000000,0.335879,-0.375629,-0.241765,0.136045,-0.360716,-0.245077,0.235962,-0.368173,-0.243421,0.210996,-0.406387,-0.210358,0.236403,-0.408885,-0.158803,0.259090,-0.403953,-0.209207
2026-07-29 15:52:53.065,324.199691,0.000000,0.000000,0.000000,0.334246,-0.366442,-0.239870,0.134565,-0.353569,-0.243107,0.234406,-0.360005,-0.241489,0.209374,-0.397700,-0.209192,0.234742,-0.399705,-0.156186,0.257457,-0.394766,-0.207312
2026-07-29 15:52:53.165,324.299691,0.000000,0.000000,0.000000,0.334790,-0.369504,-0.240502,0.135033,-0.355611,-0.243776,0.234912,-0.362558,-0.242139,0.209908,-0.400262,-0.209095,0.234639,-0.401729,-0.156751,0.258109,-0.396815,-0.207928
2026-07-29 15:52:53.265,324.399691,0.000000,0.000000,0.000000,0.335007,-0.368494,-0.240535,0.134956,-0.354591,-0.243814,0.234981,-0.361542,-0.242175,0.209908,-0.400262,-0.209095,0.234611,-0.401737,-0.156028,0.258109,-0.396815,-0.207928
2026-07-29 15:52:53.365,324.499691,0.000000,0.000000,0.000000,0.335153,-0.371546,-0.240923,0.135319,-0.356632,-0.244235,0.235236,-0.364089,-0.242579,0.210271,-0.402304,-0.209516,0.234910,-0.404293,-0.155775,0.258364,-0.399870,-0.208364
2026-07-29 15:52:53.465,324.599690,0.000000,0.000000,0.000000,0.334972,-0.370525,-0.240713,0.135214,-0.356632,-0.243987,0.235093,-0.363579,-0.242350,0.210117,-0.401275,-0.210028,0.234692,-0.403779,-0.155613,0.258291,-0.397836,-0.208139
2026-07-29 15:52:53.565,324.699690,0.000000,0.000000,0.000000,0.334790,-0.369504,-0.240502,0.135033,-0.355611,-0.243776,0.234912,-0.362558,-0.242139,0.209936,-0.400255,-0.209818,0.234410,-0.403780,-0.154778,0.258109,-0.396815,-0.207928
2026-07-29 15:52:53.665,324.799690,0.000000,0.000000,0.000000,0.335732,-0.372577,-0.241378,0.135758,-0.359694,-0.244618,0.235745,-0.366136,-0.242998,0.210661,-0.404338,-0.210660,0.235209,-0.406850,-0.155522,0.258835,-0.400898,-0.208770
2026-07-29 15:52:53.765,324.899690,0.000000,0.000000,0.000000,0.335698,-0.374609,-0.241555,0.135940,-0.360715,-0.244829,0.235819,-0.367662,-0.243192,0.210121,-0.405334,-0.210898,0.235290,-0.408892,-0.155110,0.258909,-0.402932,-0.208996
2026-07-29 15:52:53.865,324.999690,0.000000,0.000000,0.000000,0.335516,-0.373588,-0.241344,0.135758,-0.359694,-0.244618,0.235637,-0.366641,-0.242981,0.209906,-0.405329,-0.210700,0.235036,-0.408885,-0.154999,0.258835,-0.400898,-0.208770
2026-07-29 15:52:53.965,325.099690,0.000000,0.000000,0.000000,0.342216,-0.373965,-0.222046,0.142372,-0.364061,-0.225814,0.242294,-0.369013,-0.223930,0.217608,-0.406130,-0.189749,0.242800,-0.406243,-0.133256,0.266416,-0.400429,-0.188114
2026-07-29 15:52:54.065,325.199690,0.000000,0.000000,0.000000,0.336061,-0.376650,-0.241976,0.136303,-0.362757,-0.245250,0.236182,-0.369704,-0.243613,0.210451,-0.408392,-0.211332,0.235481,-0.412969,-0.155011,0.260107,-0.403985,-0.209374
2026-07-29 15:52:54.165,325.299690,0.000000,0.000000,0.000000,0.334790,-0.369504,-0.240502,0.135033,-0.355611,-0.243776,0.234912,-0.362558,-0.242139,0.208492,-0.400205,-0.209873,0.234183,-0.405830,-0.152819,0.258837,-0.396840,-0.207900
2026-07-29 15:52:54.265,325.399690,0.000000,0.000000,0.000000,0.334972,-0.370525,-0.240713,0.135291,-0.357652,-0.243949,0.235131,-0.364089,-0.242331,0.208609,-0.403258,-0.210108,0.234220,-0.408879,-0.153232,0.259018,-0.397860,-0.208111
2026-07-29 15:52:54.365,325.499690,0.000000,0.000000,0.000000,0.334790,-0.369504,-0.240502,0.135033,-0.355611,-0.243776,0.234912,-0.362558,-0.242139,0.208460,-0.401221,-0.209885,0.234726,-0.407890,-0.152278,0.258837,-0.396840,-0.207900
2026-07-29 15:52:54.465,325.599689,0.000000,0.000000,0.000000,0.334972,-0.370525,-0.240713,0.135137,-0.355612,-0.244024,0.235055,-0.363068,-0.242369,0.208609,-0.403258,-0.210108,0.234834,-0.409924,-0.152592,0.258909,-0.398874,-0.208126
2026-07-29 15:52:54.565,325.699689,0.000000,0.000000,0.000000,0.334972,-0.370525,-0.240713,0.135291,-0.357652,-0.243949,0.235131,-0.364089,-0.242331,0.208582,-0.403266,-0.209387,0.234907,-0.408911,-0.152489,0.259745,-0.397885,-0.208083
2026-07-29 15:52:54.665,325.799689,0.000000,0.000000,0.000000,0.334246,-0.366442,-0.239870,0.134412,-0.351528,-0.243182,0.234329,-0.358985,-0.241526,0.207226,-0.397118,-0.209268,0.234181,-0.404827,-0.151647,0.258909,-0.394815,-0.207256
2026-07-29 15:52:54.765,325.899689,0.000000,0.000000,0.000000,0.335516,-0.373588,-0.241344,0.135835,-0.360715,-0.244581,0.235676,-0.367151,-0.242963,0.208434,-0.406296,-0.210767,0.235424,-0.411981,-0.152404,0.260235,-0.401454,-0.208723
2026-07-29 15:52:54.865,325.999689,0.000000,0.000000,0.000000,0.334937,-0.372556,-0.240890,0.135396,-0.357653,-0.244197,0.235166,-0.365105,-0.242544,0.208040,-0.405270,-0.210358,0.235061,-0.409939,-0.151983,0.259817,-0.399919,-0.208309
2026-07-29 15:52:54.965,326.099689,0.000000,0.000000,0.000000,0.335481,-0.375619,-0.241522,0.135940,-0.360715,-0.244829,0.235711,-0.368167,-0.243175,0.208616,-0.407317,-0.210978,0.235532,-0.414015,-0.152719,0.260361,-0.402982,-0.208941
2026-07-29 15:52:55.065,326.199689,0.000000,0.000000,0.000000,0.335300,-0.374598,-0.241311,0.135835,-0.360715,-0.244581,0.235568,-0.367656,-0.242946,0.208403,-0.407312,-0.210780,0.235424,-0.411981,-0.152404,0.260179,-0.401961,-0.208730
2026-07-29 15:52:55.165,326.299689,0.000000,0.000000,0.000000,0.334937,-0.372556,-0.240890,0.135396,-0.357653,-0.244197,0.235166,-0.365105,-0.242544,0.208056,-0.404762,-0.210352,0.234988,-0.410953,-0.152087,0.259817,-0.399919,-0.208309
2026-07-29 15:52:55.265,326.399689,0.000000,0.000000,0.000000,0.335335,-0.372567,-0.241134,0.135577,-0.358674,-0.244408,0.235456,-0.365620,-0.242771,0.208253,-0.405275,-0.210557,0.235169,-0.411974,-0.152298,0.259998,-0.400940,-0.208520
2026-07-29 15:52:55.365,326.499689,0.000000,0.000000,0.000000,0.335300,-0.374598,-0.241311,0.135758,-0.359694,-0.244618,0.235529,-0.367146,-0.242965,0.208434,-0.406296,-0.210767,0.235323,-0.413002,-0.151793,0.260069,-0.402975,-0.208746
2026-07-29 15:52:55.465,326.599689,0.000000,0.000000,0.000000,0.335481,-0.375619,-0.241522,0.136017,-0.361736,-0.244791,0.235749,-0.368677,-0.243156,0.207896,-0.407292,-0.211005,0.235459,-0.415029,-0.152822,0.260361,-0.402982,-0.208941
2026-07-29 15:52:55.565,326.699688,0.000000,0.000000,0.000000,0.336242,-0.377671,-0.242187,0.136561,-0.364798,-0.245423,0.236401,-0.371235,-0.243805,0.209129,-0.411395,-0.211622,0.236049,-0.417086,-0.152635,0.260795,-0.407058,-0.209588
2026-07-29 15:52:55.665,326.799688,0.000000,0.000000,0.000000,0.335516,-0.373588,-0.241344,0.135758,-0.359694,-0.244618,0.235637,-0.366641,-0.242981,0.207685,-0.407288,-0.210807,0.234609,-0.412978,-0.151820,0.260069,-0.402975,-0.208746
2026-07-29 15:52:55.765,326.899688,0.000000,0.000000,0.000000,0.335698,-0.374609,-0.241555,0.135940,-0.360715,-0.244829,0.235819,-0.367662,-0.243192,0.207926,-0.406276,-0.210993,0.234863,-0.412985,-0.151926,0.260361,-0.402982,-0.208941
2026-07-29 15:52:55.865,326.999688,0.000000,0.000000,0.000000,0.335663,-0.376640,-0.241732,0.136121,-0.361736,-0.245040,0.235892,-0.369188,-0.243386,0.208048,-0.409329,-0.211228,0.234972,-0.415019,-0.152241,0.260432,-0.405016,-0.209167
2026-07-29 15:52:55.965,327.099688,0.000000,0.000000,0.000000,0.343432,-0.378080,-0.222926,0.143498,-0.370203,-0.226522,0.243465,-0.374141,-0.224724,0.216436,-0.412228,-0.189869,0.243573,-0.414316,-0.131337,0.268724,-0.407599,-0.188783
2026-07-29 15:52:56.065,327.199688,0.000000,0.000000,0.000000,0.334972,-0.370525,-0.240713,0.135214,-0.356632,-0.243987,0.235093,-0.363579,-0.242350,0.207200,-0.402193,-0.210151,0.234065,-0.409915,-0.151189,0.259525,-0.399912,-0.208114
2026-07-29 15:52:56.165,327.299688,0.000000,0.000000,0.000000,0.335879,-0.375629,-0.241765,0.136198,-0.362756,-0.245002,0.236039,-0.369193,-0.243384,0.208107,-0.407297,-0.211203,0.234187,-0.416009,-0.152373,0.260432,-0.405016,-0.209167
2026-07-29 15:52:56.265,327.399688,0.000000,0.000000,0.000000,0.334972,-0.370525,-0.240713,0.135214,-0.356632,-0.243987,0.235093,-0.363579,-0.242350,0.207170,-0.403209,-0.210163,0.233422,-0.408877,-0.151111,0.259525,-0.399912,-0.208114
2026-07-29 15:52:56.365,327.499688,0.000000,0.000000,0.000000,0.335516,-0.373588,-0.241344,0.135758,-0.359694,-0.244618,0.235637,-0.366641,-0.242981,0.207715,-0.406271,-0.210795,0.233895,-0.412953,-0.151847,0.260069,-0.402975,-0.208746
2026-07-29 15:52:56.465,327.599688,0.000000,0.000000,0.000000,0.335118,-0.373577,-0.241100,0.135654,-0.359694,-0.244370,0.235386,-0.366636,-0.242735,0.207503,-0.406267,-0.210596,0.233714,-0.411933,-0.151637,0.259888,-0.401954,-0.208535
2026-07-29 15:52:56.565,327.699687,0.000000,0.000000,0.000000,0.335153,-0.371546,-0.240923,0.135396,-0.357653,-0.244197,0.235274,-0.364599,-0.242560,0.207352,-0.404230,-0.210373,0.233532,-0.410912,-0.151426,0.259706,-0.400933,-0.208325
2026-07-29 15:52:56.665,327.799687,0.000000,0.000000,0.000000,0.334937,-0.372556,-0.240890,0.135472,-0.358673,-0.244160,0.235205,-0.365615,-0.242525,0.207352,-0.404230,-0.210373,0.233461,-0.411925,-0.151531,0.259706,-0.400933,-0.208325
2026-07-29 15:52:56.765,327.899687,0.000000,0.000000,0.000000,0.334574,-0.370515,-0.240469,0.135033,-0.355611,-0.243776,0.234803,-0.363063,-0.242123,0.206959,-0.403204,-0.209965,0.233170,-0.408870,-0.151005,0.259343,-0.398891,-0.207903
2026-07-29 15:52:56.865,327.999687,0.000000,0.000000,0.000000,0.334790,-0.369504,-0.240502,0.134956,-0.354591,-0.243814,0.234873,-0.362048,-0.242158,0.207019,-0.401172,-0.209940,0.233098,-0.409884,-0.151110,0.259233,-0.399905,-0.207919
2026-07-29 15:52:56.965,328.099687,0.000000,0.000000,0.000000,0.335153,-0.371546,-0.240923,0.135396,-0.357653,-0.244197,0.235274,-0.364599,-0.242560,0.207352,-0.404230,-0.210373,0.233505,-0.410919,-0.150711,0.259706,-0.400933,-0.208325
2026-07-29 15:52:57.065,328.199687,0.000000,0.000000,0.000000,0.335153,-0.371546,-0.240923,0.135319,-0.356632,-0.244235,0.235236,-0.364089,-0.242579,0.207352,-0.404230,-0.210373,0.233505,-0.410919,-0.150711,0.259706,-0.400933,-0.208325
2026-07-29 15:52:57.165,328.299687,0.000000,0.000000,0.000000,0.334937,-0.372556,-0.240890,0.135472,-0.358673,-0.244160,0.235205,-0.365615,-0.242525,0.207352,-0.404230,-0.210373,0.233505,-0.410919,-0.150711,0.259706,-0.400933,-0.208325
2026-07-29 15:52:57.265,328.399687,0.000000,0.000000,0.000000,0.334937,-0.372556,-0.240890,0.135472,-0.358673,-0.244160,0.235205,-0.365615,-0.242525,0.207322,-0.405246,-0.210386,0.232791,-0.410895,-0.150738,0.259706,-0.400933,-0.208325
2026-07-29 15:52:57.365,328.499687,0.000000,0.000000,0.000000,0.334937,-0.372556,-0.240890,0.135472,-0.358673,-0.244160,0.235205,-0.365615,-0.242525,0.207352,-0.404230,-0.210373,0.233505,-0.410919,-0.150711,0.259706,-0.400933,-0.208325
2026-07-29 15:52:57.465,328.599687,0.000000,0.000000,0.000000,0.334393,-0.369494,-0.240258,0.134851,-0.354590,-0.243566,0.234622,-0.362042,-0.241912,0.206778,-0.402183,-0.209754,0.232219,-0.407840,-0.149392,0.259162,-0.397870,-0.207693
2026-07-29 15:52:57.565,328.699687,0.000000,0.000000,0.000000,0.335516,-0.373588,-0.241344,0.135758,-0.359694,-0.244618,0.235637,-0.366641,-0.242981,0.207685,-0.407288,-0.210807,0.233126,-0.412944,-0.150444,0.260179,-0.401961,-0.208730
2026-07-29 15:52:57.665,328.799686,0.000000,0.000000,0.000000,0.335335,-0.372567,-0.241134,0.135654,-0.359694,-0.244370,0.235494,-0.366130,-0.242752,0.207503,-0.406267,-0.210596,0.233015,-0.410910,-0.150127,0.259888,-0.401954,-0.208535
2026-07-29 15:52:57.765,328.899686,0.000000,0.000000,0.000000,0.335516,-0.373588,-0.241344,0.135758,-0.359694,-0.244618,0.235637,-0.366641,-0.242981,0.207700,-0.406780,-0.210801,0.233196,-0.411931,-0.150337,0.260069,-0.402975,-0.208746
2026-07-29 15:52:57.865,328.999686,0.000000,0.000000,0.000000,0.335153,-0.371546,-0.240923,0.135396,-0.357653,-0.244197,0.235274,-0.364599,-0.242560,0.207352,-0.404230,-0.210373,0.232764,-0.410903,-0.150023,0.259596,-0.401946,-0.208340
2026-07-29 15:52:57.965,329.099686,0.000000,0.000000,0.000000,0.335516,-0.373588,-0.241344,0.135835,-0.360715,-0.244581,0.235676,-0.367151,-0.242963,0.207685,-0.407288,-0.210807,0.233126,-0.412944,-0.150444,0.260069,-0.402975,-0.208746
2026-07-29 15:52:58.065,329.199686,0.000000,0.000000,0.000000,0.334574,-0.370515,-0.240469,0.135033,-0.355611,-0.243776,0.234803,-0.363063,-0.242123,0.206989,-0.402188,-0.209952,0.232471,-0.407848,-0.149495,0.259343,-0.398891,-0.207903
2026-07-29 15:52:58.165,329.299686,0.000000,0.000000,0.000000,0.335698,-0.374609,-0.241555,0.135863,-0.359695,-0.244867,0.235780,-0.367152,-0.243211,0.207866,-0.408308,-0.211018,0.233308,-0.413965,-0.150655,0.260251,-0.403995,-0.208956
2026-07-29 15:52:58.265,329.399686,0.000000,0.000000,0.000000,0.334211,-0.368473,-0.240048,0.134593,-0.352549,-0.243393,0.234402,-0.360511,-0.241720,0.206626,-0.400146,-0.209531,0.232108,-0.405806,-0.149074,0.258980,-0.396850,-0.207482
2026-07-29 15:52:58.365,329.499686,0.000000,0.000000,0.000000,0.334574,-0.370515,-0.240469,0.135109,-0.356631,-0.243739,0.234842,-0.363573,-0.242104,0.207019,-0.401172,-0.209940,0.232373,-0.408869,-0.148887,0.259343,-0.398891,-0.207903
2026-07-29 15:52:58.465,329.599686,0.000000,0.000000,0.000000,0.335698,-0.374609,-0.241555,0.136017,-0.361736,-0.244791,0.235857,-0.368172,-0.243173,0.207866,-0.408308,-0.211018,0.233280,-0.413973,-0.149940,0.260140,-0.405009,-0.208972
2026-07-29 15:52:58.565,329.699686,0.000000,0.000000,0.000000,0.335118,-0.373577,-0.241100,0.135577,-0.358674,-0.244408,0.235348,-0.366125,-0.242754,0.207535,-0.404242,-0.209850,0.232987,-0.410918,-0.149411,0.259998,-0.400940,-0.208520
2026-07-29 15:52:58.665,329.799685,0.000000,0.000000,0.000000,0.335516,-0.373588,-0.241344,0.135758,-0.359694,-0.244618,0.235637,-0.366641,-0.242981,0.207685,-0.407288,-0.210807,0.232454,-0.411914,-0.149648,0.260069,-0.402975,-0.208746
2026-07-29 15:52:58.765,329.899685,0.000000,0.000000,0.000000,0.335698,-0.374609,-0.241555,0.135940,-0.360715,-0.244829,0.235819,-0.367662,-0.243192,0.207869,-0.407300,-0.210284,0.232567,-0.413949,-0.149967,0.260251,-0.403995,-0.208956
2026-07-29 15:52:58.865,329.999685,0.000000,0.000000,0.000000,0.335516,-0.373588,-0.241344,0.135682,-0.358674,-0.244656,0.235599,-0.366131,-0.243000,0.207687,-0.406279,-0.210074,0.232385,-0.412928,-0.149756,0.260069,-0.402975,-0.208746
2026-07-29 15:52:58.965,330.099685,0.000000,0.000000,0.000000,0.335698,-0.374609,-0.241555,0.135940,-0.360715,-0.244829,0.235819,-0.367662,-0.243192,0.207839,-0.408316,-0.210298,0.232567,-0.413949,-0.149967,0.260251,-0.403995,-0.208956
2026-07-29 15:52:59.065,330.199685,0.000000,0.000000,0.000000,0.335300,-0.374598,-0.241311,0.135758,-0.359694,-0.244618,0.235529,-0.367146,-0.242965,0.207687,-0.406279,-0.210074,0.232385,-0.412928,-0.149756,0.260069,-0.402975,-0.208746
2026-07-29 15:52:59.165,330.299685,0.000000,0.000000,0.000000,0.334609,-0.368484,-0.240291,0.134928,-0.355611,-0.243528,0.234768,-0.362047,-0.241910,0.206810,-0.400159,-0.209008,0.231478,-0.407824,-0.148704,0.259162,-0.397870,-0.207693
2026-07-29 15:52:59.265,330.399685,0.000000,0.000000,0.000000,0.335516,-0.373588,-0.241344,0.135758,-0.359694,-0.244618,0.235637,-0.366641,-0.242981,0.207687,-0.406279,-0.210074,0.232385,-0.412928,-0.149756,0.260069,-0.402975,-0.208746
2026-07-29 15:52:59.365,330.499685,0.000000,0.000000,0.000000,0.335118,-0.373577,-0.241100,0.135577,-0.358674,-0.244408,0.235348,-0.366125,-0.242754,0.207476,-0.406275,-0.209877,0.232272,-0.410893,-0.149438,0.259888,-0.401954,-0.208535
2026-07-29 15:52:59.465,330.599685,0.000000,0.000000,0.000000,0.335698,-0.374609,-0.241555,0.135940,-0.360715,-0.244829,0.235819,-0.367662,-0.243192,0.207928,-0.405268,-0.210258,0.232567,-0.413949,-0.149967,0.260251,-0.403995,-0.208956
2026-07-29 15:52:59.565,330.699685,0.000000,0.000000,0.000000,0.334790,-0.369504,-0.240502,0.135033,-0.355611,-0.243776,0.234912,-0.362558,-0.242139,0.206961,-0.402196,-0.209232,0.231687,-0.408837,-0.149629,0.259343,-0.398891,-0.207903
2026-07-29 15:52:59.665,330.799685,0.000000,0.000000,0.000000,0.335516,-0.373588,-0.241344,0.135758,-0.359694,-0.244618,0.235637,-0.366641,-0.242981,0.207715,-0.406271,-0.210795,0.232413,-0.412920,-0.150472,0.260069,-0.402975,-0.208746
2026-07-29 15:52:59.765,330.899684,0.000000,0.000000,0.000000,0.335118,-0.373577,-0.241100,0.135577,-0.358674,-0.244408,0.235348,-0.366125,-0.242754,0.207533,-0.405251,-0.210584,0.232231,-0.411899,-0.150261,0.259888,-0.401954,-0.208535
2026-07-29 15:52:59.865,330.999684,0.000000,0.000000,0.000000,0.335481,-0.375619,-0.241522,0.135940,-0.360715,-0.244829,0.235711,-0.368167,-0.243175,0.207869,-0.407300,-0.210284,0.232594,-0.413941,-0.150682,0.260251,-0.403995,-0.208956
2026-07-29 15:52:59.965,331.099684,0.000000,0.000000,0.000000,0.335153,-0.371546,-0.240923,0.135472,-0.358673,-0.244160,0.235313,-0.365110,-0.242541,0.207322,-0.405246,-0.210386,0.232050,-0.410878,-0.150050,0.259706,-0.400933,-0.208325
2026-07-29 15:53:00.065,331.199684,0.000000,0.000000,0.000000,0.334065,-0.365421,-0.239660,0.134307,-0.351528,-0.242934,0.234186,-0.358474,-0.241297,0.205516,-0.398088,-0.208417,0.231605,-0.405791,-0.148867,0.258618,-0.394808,-0.207061
2026-07-29 15:53:00.165,331.299684,0.000000,0.000000,0.000000,0.334972,-0.370525,-0.240713,0.135137,-0.355612,-0.244024,0.235055,-0.363068,-0.242369,0.207128,-0.403725,-0.209449,0.232617,-0.409375,-0.149759,0.259525,-0.399912,-0.208114
2026-07-29 15:53:00.265,331.399684,0.000000,0.000000,0.000000,0.334756,-0.371536,-0.240679,0.135214,-0.356632,-0.243987,0.234985,-0.364084,-0.242333,0.206422,-0.404201,-0.210203,0.231964,-0.408836,-0.150449,0.260027,-0.401963,-0.208117
2026-07-29 15:53:00.365,331.499684,0.000000,0.000000,0.000000,0.335335,-0.372567,-0.241134,0.135577,-0.358674,-0.244408,0.235456,-0.365620,-0.242771,0.206785,-0.406242,-0.210624,0.232259,-0.411892,-0.150976,0.260557,-0.402485,-0.208515
2026-07-29 15:53:00.465,331.599684,0.000000,0.000000,0.000000,0.334937,-0.372556,-0.240890,0.135472,-0.358673,-0.244160,0.235205,-0.365615,-0.242525,0.206632,-0.404205,-0.210401,0.232146,-0.409857,-0.150660,0.260320,-0.401971,-0.208312
2026-07-29 15:53:00.565,331.699684,0.000000,0.000000,0.000000,0.334756,-0.371536,-0.240679,0.135291,-0.357652,-0.243949,0.235023,-0.364594,-0.242314,0.206422,-0.404201,-0.210203,0.231868,-0.409858,-0.149840,0.260138,-0.400950,-0.208102
2026-07-29 15:53:00.665,331.799684,0.000000,0.000000,0.000000,0.335118,-0.373577,-0.241100,0.135654,-0.359694,-0.244370,0.235386,-0.366636,-0.242735,0.206785,-0.406242,-0.210624,0.232231,-0.411899,-0.150261,0.260501,-0.402992,-0.208523
2026-07-29 15:53:00.765,331.899683,0.000000,0.000000,0.000000,0.335481,-0.375619,-0.241522,0.135863,-0.359695,-0.244867,0.235672,-0.367657,-0.243194,0.207177,-0.407268,-0.211033,0.232594,-0.413941,-0.150682,0.260864,-0.405033,-0.208944
2026-07-29 15:53:00.865,331.999683,0.000000,0.000000,0.000000,0.335300,-0.374598,-0.241311,0.135758,-0.359694,-0.244618,0.235529,-0.367146,-0.242965,0.206938,-0.408279,-0.210847,0.232413,-0.412920,-0.150472,0.260683,-0.404013,-0.208734
2026-07-29 15:53:00.965,332.099683,0.000000,0.000000,0.000000,0.335300,-0.374598,-0.241311,0.135835,-0.360715,-0.244581,0.235568,-0.367656,-0.242946,0.206967,-0.407263,-0.210834,0.232385,-0.412928,-0.149756,0.260683,-0.404013,-0.208734
2026-07-29 15:53:01.065,332.199683,0.000000,0.000000,0.000000,0.334937,-0.372556,-0.240890,0.135396,-0.357653,-0.244197,0.235166,-0.365105,-0.242544,0.206576,-0.405229,-0.209694,0.232022,-0.410886,-0.149335,0.260320,-0.401971,-0.208312
2026-07-29 15:53:01.165,332.299683,0.000000,0.000000,0.000000,0.334972,-0.370525,-0.240713,0.135214,-0.356632,-0.243987,0.235093,-0.363579,-0.242350,0.206395,-0.404208,-0.209483,0.231841,-0.409865,-0.149125,0.260083,-0.401457,-0.208110
2026-07-29 15:53:01.265,332.399683,0.000000,0.000000,0.000000,0.334609,-0.368484,-0.240291,0.134851,-0.354590,-0.243566,0.234730,-0.361537,-0.241929,0.206032,-0.402167,-0.209062,0.231519,-0.406818,-0.147879,0.259776,-0.398908,-0.207681
2026-07-29 15:53:01.365,332.499683,0.000000,0.000000,0.000000,0.343637,-0.379105,-0.223086,0.143601,-0.370214,-0.226770,0.243619,-0.374659,-0.224928,0.215913,-0.415279,-0.189980,0.241495,-0.415186,-0.128000,0.269540,-0.409617,-0.188154
2026-07-29 15:53:01.465,332.599683,0.000000,0.000000,0.000000,0.334937,-0.372556,-0.240890,0.135396,-0.357653,-0.244197,0.235166,-0.365105,-0.242544,0.206576,-0.405229,-0.209694,0.231967,-0.410902,-0.147905,0.260292,-0.401979,-0.207587
2026-07-29 15:53:01.565,332.699683,0.000000,0.000000,0.000000,0.335335,-0.372567,-0.241134,0.135577,-0.358674,-0.244408,0.235456,-0.365620,-0.242771,0.206757,-0.406250,-0.209904,0.232190,-0.410917,-0.147289,0.260473,-0.403000,-0.207798
2026-07-29 15:53:01.665,332.799683,0.000000,0.000000,0.000000,0.335153,-0.371546,-0.240923,0.135396,-0.357653,-0.244197,0.235274,-0.364599,-0.242560,0.206533,-0.406753,-0.209714,0.231940,-0.410909,-0.147190,0.260348,-0.401472,-0.207579
2026-07-29 15:53:01.765,332.899683,0.000000,0.000000,0.000000,0.334937,-0.372556,-0.240890,0.135472,-0.358673,-0.244160,0.235205,-0.365615,-0.242525,0.207294,-0.405254,-0.209666,0.231912,-0.410917,-0.146475,0.260292,-0.401979,-0.207587
2026-07-29 15:53:01.865,332.999682,0.000000,0.000000,0.000000,0.335118,-0.373577,-0.241100,0.135577,-0.358674,-0.244408,0.235348,-0.366125,-0.242754,0.207476,-0.406275,-0.209877,0.232094,-0.411938,-0.146686,0.260473,-0.403000,-0.207798
2026-07-29 15:53:01.965,333.099682,0.000000,0.000000,0.000000,0.342421,-0.374990,-0.222205,0.142577,-0.365086,-0.225974,0.242499,-0.370038,-0.224089,0.215612,-0.409142,-0.189194,0.239701,-0.409998,-0.125799,0.268515,-0.404490,-0.187358
2026-07-29 15:53:02.065,333.199682,0.000000,0.000000,0.000000,0.334937,-0.372556,-0.240890,0.135396,-0.357653,-0.244197,0.235166,-0.365105,-0.242544,0.207294,-0.405254,-0.209666,0.231238,-0.409887,-0.145674,0.260292,-0.401979,-0.207587
2026-07-29 15:53:02.165,333.299682,0.000000,0.000000,0.000000,0.335698,-0.374609,-0.241555,0.135940,-0.360715,-0.244829,0.235819,-0.367662,-0.243192,0.207839,-0.408316,-0.210298,0.231816,-0.412442,-0.146248,0.260948,-0.404028,-0.208202
2026-07-29 15:53:02.265,333.399682,0.000000,0.000000,0.000000,0.335879,-0.375629,-0.241765,0.136198,-0.362756,-0.245002,0.236039,-0.369193,-0.243384,0.208020,-0.409337,-0.210509,0.231937,-0.413978,-0.145800,0.261129,-0.405049,-0.208413
2026-07-29 15:53:02.365,333.499682,0.000000,0.000000,0.000000,0.335244,-0.372057,-0.241028,0.135486,-0.358163,-0.244303,0.235365,-0.365110,-0.242666,0.207355,-0.406780,-0.209785,0.230719,-0.408353,-0.144861,0.260383,-0.402489,-0.207693
2026-07-29 15:53:02.465,333.599682,0.000000,0.000000,0.000000,0.335335,-0.372567,-0.241134,0.135577,-0.358674,-0.244408,0.235456,-0.365620,-0.242771,0.207446,-0.407291,-0.209890,0.230810,-0.408864,-0.144966,0.260473,-0.403000,-0.207798
2026-07-29 15:53:02.565,333.699682,0.000000,0.000000,0.000000,0.335698,-0.374609,-0.241555,0.135940,-0.360715,-0.244829,0.235819,-0.367662,-0.243192,0.207869,-0.407300,-0.210284,0.230390,-0.411894,-0.145529,0.260836,-0.405041,-0.208219
2026-07-29 15:53:02.665,333.799682,0.000000,0.000000,0.000000,0.334972,-0.370525,-0.240713,0.135291,-0.357652,-0.243949,0.235131,-0.364089,-0.242331,0.206366,-0.405224,-0.209496,0.229729,-0.406797,-0.144572,0.260111,-0.400958,-0.207377
2026-07-29 15:53:02.765,333.899682,0.000000,0.000000,0.000000,0.334756,-0.371536,-0.240679,0.135214,-0.356632,-0.243987,0.234985,-0.364084,-0.242333,0.206366,-0.405224,-0.209496,0.229729,-0.406797,-0.144572,0.260111,-0.400958,-0.207377
2026-07-29 15:53:02.865,333.999681,0.000000,0.000000,0.000000,0.335153,-0.371546,-0.240923,0.135319,-0.356632,-0.244235,0.235236,-0.364089,-0.242579,0.206519,-0.407261,-0.209720,0.229883,-0.407826,-0.144064,0.260292,-0.401979,-0.207587
2026-07-29 15:53:02.965,334.099681,0.000000,0.000000,0.000000,0.334790,-0.369504,-0.240502,0.135033,-0.355611,-0.243776,0.234912,-0.362558,-0.242139,0.206157,-0.404211,-0.208567,0.228803,-0.405760,-0.143670,0.259929,-0.399937,-0.207166
2026-07-29 15:53:03.065,334.199681,0.000000,0.000000,0.000000,0.335516,-0.373588,-0.241344,0.135682,-0.358674,-0.244656,0.235599,-0.366131,-0.243000,0.206910,-0.408287,-0.210128,0.229465,-0.410857,-0.144628,0.260655,-0.404020,-0.208008
2026-07-29 15:53:03.165,334.299681,0.000000,0.000000,0.000000,0.335118,-0.373577,-0.241100,0.135577,-0.358674,-0.244408,0.235348,-0.366125,-0.242754,0.206729,-0.407266,-0.209918,0.229220,-0.410850,-0.144533,0.260473,-0.403000,-0.207798
2026-07-29 15:53:03.265,334.399681,0.000000,0.000000,0.000000,0.343432,-0.378080,-0.222926,0.143397,-0.369188,-0.226611,0.243414,-0.373634,-0.224768,0.215704,-0.415270,-0.189783,0.238372,-0.411960,-0.124242,0.269335,-0.408592,-0.187995
2026-07-29 15:53:03.365,334.499681,0.000000,0.000000,0.000000,0.335153,-0.371546,-0.240923,0.135319,-0.356632,-0.244235,0.235236,-0.364089,-0.242579,0.206547,-0.406245,-0.209707,0.229166,-0.407802,-0.144091,0.260292,-0.401979,-0.207587
2026-07-29 15:53:03.465,334.599681,0.000000,0.000000,0.000000,0.335516,-0.373588,-0.241344,0.135758,-0.359694,-0.244618,0.235637,-0.366641,-0.242981,0.206910,-0.408287,-0.210128,0.229497,-0.410350,-0.144570,0.260655,-0.404020,-0.208008
2026-07-29 15:53:03.565,334.699681,0.000000,0.000000,0.000000,0.335698,-0.374609,-0.241555,0.135940,-0.360715,-0.244829,0.235819,-0.367662,-0.243192,0.207063,-0.410324,-0.210352,0.229646,-0.411878,-0.144839,0.260836,-0.405041,-0.208219
2026-07-29 15:53:03.665,334.799681,0.000000,0.000000,0.000000,0.335879,-0.375629,-0.241765,0.136121,-0.361736,-0.245040,0.236000,-0.368683,-0.243403,0.207273,-0.410329,-0.210549,0.229892,-0.411885,-0.144934,0.261018,-0.406062,-0.208429
2026-07-29 15:53:03.765,334.899681,0.000000,0.000000,0.000000,0.335153,-0.371546,-0.240923,0.135396,-0.357653,-0.244197,0.235274,-0.364599,-0.242560,0.206547,-0.406245,-0.209707,0.229130,-0.408807,-0.144924,0.260292,-0.401979,-0.207587
2026-07-29 15:53:03.865,334.999681,0.000000,0.000000,0.000000,0.335118,-0.373577,-0.241100,0.135577,-0.358674,-0.244408,0.235348,-0.366125,-0.242754,0.206729,-0.407266,-0.209918,0.229347,-0.408822,-0.144302,0.260473,-0.403000,-0.207798
2026-07-29 15:53:03.965,335.099680,0.000000,0.000000,0.000000,0.334790,-0.369504,-0.240502,0.135109,-0.356631,-0.243739,0.234950,-0.363068,-0.242120,0.206184,-0.404204,-0.209286,0.228767,-0.406766,-0.144503,0.259929,-0.399937,-0.207166
2026-07-29 15:53:04.065,335.199680,0.000000,0.000000,0.000000,0.335300,-0.374598,-0.241311,0.135758,-0.359694,-0.244618,0.235529,-0.367146,-0.242965,0.206910,-0.408287,-0.210128,0.229493,-0.410849,-0.145346,0.260655,-0.404020,-0.208008
2026-07-29 15:53:04.165,335.299680,0.000000,0.000000,0.000000,0.336207,-0.379702,-0.242364,0.136742,-0.365819,-0.245634,0.236475,-0.372761,-0.243999,0.207817,-0.413391,-0.211181,0.230400,-0.415953,-0.146398,0.261562,-0.409125,-0.209061
2026-07-29 15:53:04.265,335.399680,0.000000,0.000000,0.000000,0.336423,-0.378692,-0.242397,0.136666,-0.364799,-0.245671,0.236545,-0.371745,-0.244034,0.207789,-0.414407,-0.211194,0.230400,-0.415953,-0.146398,0.261562,-0.409125,-0.209061
2026-07-29 15:53:04.365,335.499680,0.000000,0.000000,0.000000,0.335698,-0.374609,-0.241555,0.135940,-0.360715,-0.244829,0.235819,-0.367662,-0.243192,0.207092,-0.409308,-0.210339,0.230390,-0.411894,-0.145529,0.260836,-0.405041,-0.208219
2026-07-29 15:53:04.465,335.599680,0.000000,0.000000,0.000000,0.335300,-0.374598,-0.241311,0.135758,-0.359694,-0.244618,0.235529,-0.367146,-0.242965,0.206882,-0.409303,-0.210142,0.230274,-0.409860,-0.145204,0.260655,-0.404020,-0.208008
2026-07-29 15:53:04.565,335.699680,0.000000,0.000000,0.000000,0.335516,-0.373588,-0.241344,0.135758,-0.359694,-0.244618,0.235637,-0.366641,-0.242981,0.206882,-0.409303,-0.210142,0.230274,-0.409860,-0.145204,0.260655,-0.404020,-0.208008
2026-07-29 15:53:04.665,335.799680,0.000000,0.000000,0.000000,0.335516,-0.373588,-0.241344,0.135758,-0.359694,-0.244618,0.235637,-0.366641,-0.242981,0.206882,-0.409303,-0.210142,0.230209,-0.410874,-0.145318,0.260655,-0.404020,-0.208008
2026-07-29 15:53:04.765,335.899680,0.000000,0.000000,0.000000,0.335698,-0.374609,-0.241555,0.136017,-0.361736,-0.244791,0.235857,-0.368172,-0.243173,0.207063,-0.410324,-0.210352,0.229674,-0.411870,-0.145556,0.260836,-0.405041,-0.208219
2026-07-29 15:53:04.865,335.999680,0.000000,0.000000,0.000000,0.334065,-0.365421,-0.239660,0.134307,-0.351528,-0.242934,0.234186,-0.358474,-0.241297,0.205459,-0.400120,-0.208444,0.228692,-0.403721,-0.143748,0.259203,-0.395854,-0.206324
2026-07-29 15:53:04.965,336.099679,0.000000,0.000000,0.000000,0.335153,-0.371546,-0.240923,0.135472,-0.358673,-0.244160,0.235313,-0.365110,-0.242541,0.206519,-0.407261,-0.209720,0.229846,-0.408832,-0.144897,0.260292,-0.401979,-0.207587
2026-07-29 15:53:05.065,336.199679,0.000000,0.000000,0.000000,0.335153,-0.371546,-0.240923,0.135396,-0.357653,-0.244197,0.235274,-0.364599,-0.242560,0.206576,-0.405229,-0.209694,0.229781,-0.409846,-0.145012,0.260292,-0.401979,-0.207587
2026-07-29 15:53:05.165,336.299679,0.000000,0.000000,0.000000,0.335300,-0.374598,-0.241311,0.135758,-0.359694,-0.244618,0.235529,-0.367146,-0.242965,0.206853,-0.410319,-0.210155,0.230209,-0.410874,-0.145318,0.260655,-0.404020,-0.208008
2026-07-29 15:53:05.265,336.399679,0.000000,0.000000,0.000000,0.335300,-0.374598,-0.241311,0.135758,-0.359694,-0.244618,0.235529,-0.367146,-0.242965,0.206910,-0.408287,-0.210128,0.230274,-0.409860,-0.145204,0.260655,-0.404020,-0.208008
2026-07-29 15:53:05.365,336.499679,0.000000,0.000000,0.000000,0.334790,-0.369504,-0.240502,0.134956,-0.354591,-0.243814,0.234873,-0.362048,-0.242158,0.206184,-0.404204,-0.209286,0.229548,-0.405777,-0.144361,0.259929,-0.399937,-0.207166
2026-07-29 15:53:05.465,336.599679,0.000000,0.000000,0.000000,0.336095,-0.374619,-0.241799,0.136198,-0.362756,-0.245002,0.236147,-0.368688,-0.243400,0.207244,-0.411345,-0.210563,0.230572,-0.412915,-0.145739,0.261018,-0.406062,-0.208429
2026-07-29 15:53:05.565,336.699679,0.000000,0.000000,0.000000,0.334790,-0.369504,-0.240502,0.135033,-0.355611,-0.243776,0.234912,-0.362558,-0.242139,0.206156,-0.405220,-0.209299,0.229418,-0.407804,-0.144591,0.259873,-0.400444,-0.207174
2026-07-29 15:53:05.665,336.799679,0.000000,0.000000,0.000000,0.335335,-0.372567,-0.241134,0.135577,-0.358674,-0.244408,0.235456,-0.365620,-0.242771,0.206729,-0.407266,-0.209918,0.229962,-0.410866,-0.145222,0.260473,-0.403000,-0.207798
2026-07-29 15:53:05.765,336.899679,0.000000,0.000000,0.000000,0.334790,-0.369504,-0.240502,0.135033,-0.355611,-0.243776,0.234912,-0.362558,-0.242139,0.206156,-0.405220,-0.209299,0.229418,-0.407804,-0.144591,0.259929,-0.399937,-0.207166
2026-07-29 15:53:05.865,336.999679,0.000000,0.000000,0.000000,0.335516,-0.373588,-0.241344,0.135758,-0.359694,-0.244618,0.235637,-0.366641,-0.242981,0.206882,-0.409303,-0.210142,0.230144,-0.411887,-0.145433,0.260655,-0.404020,-0.208008
2026-07-29 15:53:05.965,337.099679,0.000000,0.000000,0.000000,0.334790,-0.369504,-0.240502,0.135033,-0.355611,-0.243776,0.234912,-0.362558,-0.242139,0.206184,-0.404204,-0.209286,0.229445,-0.407796,-0.145307,0.259929,-0.399937,-0.207166
2026-07-29 15:53:06.065,337.199678,0.000000,0.000000,0.000000,0.335188,-0.369515,-0.240746,0.135214,-0.356632,-0.243987,0.235201,-0.363073,-0.242366,0.206366,-0.405224,-0.209496,0.230342,-0.408841,-0.145490,0.260111,-0.400958,-0.207377
2026-07-29 15:53:06.165,337.299678,0.000000,0.000000,0.000000,0.335663,-0.376640,-0.241732,0.136121,-0.361736,-0.245040,0.235892,-0.369188,-0.243386,0.207244,-0.411345,-0.210563,0.231315,-0.412932,-0.146430,0.261018,-0.406062,-0.208429
2026-07-29 15:53:06.265,337.399678,0.000000,0.000000,0.000000,0.335118,-0.373577,-0.241100,0.135500,-0.357653,-0.244446,0.235309,-0.365615,-0.242773,0.206729,-0.407266,-0.209918,0.230638,-0.411897,-0.146025,0.260473,-0.403000,-0.207798
2026-07-29 15:53:06.365,337.499678,0.000000,0.000000,0.000000,0.335153,-0.371546,-0.240923,0.135319,-0.356632,-0.244235,0.235236,-0.364089,-0.242579,0.206547,-0.406245,-0.209707,0.230589,-0.408849,-0.145587,0.260292,-0.401979,-0.207587
2026-07-29 15:53:06.465,337.599678,0.000000,0.000000,0.000000,0.335698,-0.374609,-0.241555,0.136017,-0.361736,-0.244791,0.235857,-0.368172,-0.243173,0.207092,-0.409308,-0.210339,0.231068,-0.412925,-0.146332,0.260836,-0.405041,-0.208219
2026-07-29 15:53:06.565,337.699678,0.000000,0.000000,0.000000,0.335335,-0.372567,-0.241134,0.135577,-0.358674,-0.244408,0.235456,-0.365620,-0.242771,0.206757,-0.406250,-0.209904,0.230705,-0.410883,-0.145911,0.260473,-0.403000,-0.207798
2026-07-29 15:53:06.665,337.799678,0.000000,0.000000,0.000000,0.334609,-0.368484,-0.240291,0.134928,-0.355611,-0.243528,0.234768,-0.362047,-0.241910,0.206003,-0.403183,-0.209075,0.229913,-0.407813,-0.145183,0.259748,-0.398916,-0.206956
2026-07-29 15:53:06.765,337.899678,0.000000,0.000000,0.000000,0.335335,-0.372567,-0.241134,0.135577,-0.358674,-0.244408,0.235456,-0.365620,-0.242771,0.206700,-0.408282,-0.209931,0.230666,-0.411889,-0.146740,0.260473,-0.403000,-0.207798
2026-07-29 15:53:06.865,337.999678,0.000000,0.000000,0.000000,0.334972,-0.370525,-0.240713,0.135137,-0.355612,-0.244024,0.235055,-0.363068,-0.242369,0.206366,-0.405224,-0.209496,0.230369,-0.408834,-0.146206,0.260111,-0.400958,-0.207377
2026-07-29 15:53:06.965,338.099678,0.000000,0.000000,0.000000,0.335481,-0.375619,-0.241522,0.135940,-0.360715,-0.244829,0.235711,-0.368167,-0.243175,0.207063,-0.410324,-0.210352,0.231029,-0.413931,-0.147161,0.260836,-0.405041,-0.208219
2026-07-29 15:53:07.065,338.199677,0.000000,0.000000,0.000000,0.334937,-0.372556,-0.240890,0.135396,-0.357653,-0.244197,0.235166,-0.365105,-0.242544,0.206547,-0.406245,-0.209707,0.230484,-0.410868,-0.146529,0.260292,-0.401979,-0.207587
2026-07-29 15:53:07.165,338.299677,0.000000,0.000000,0.000000,0.335516,-0.373588,-0.241344,0.135758,-0.359694,-0.244618,0.235637,-0.366641,-0.242981,0.206910,-0.408287,-0.210128,0.230914,-0.411896,-0.146838,0.260655,-0.404020,-0.208008
2026-07-29 15:53:07.265,338.399677,0.000000,0.000000,0.000000,0.334574,-0.370515,-0.240469,0.135033,-0.355611,-0.243776,0.234803,-0.363063,-0.242123,0.206213,-0.403187,-0.209272,0.230188,-0.407813,-0.145996,0.259929,-0.399937,-0.207166
2026-07-29 15:53:07.365,338.499677,0.000000,0.000000,0.000000,0.335153,-0.371546,-0.240923,0.135396,-0.357653,-0.244197,0.235274,-0.364599,-0.242560,0.206547,-0.406245,-0.209707,0.230551,-0.409855,-0.146417,0.260292,-0.401979,-0.207587
2026-07-29 15:53:07.465,338.599677,0.000000,0.000000,0.000000,0.335698,-0.374609,-0.241555,0.135940,-0.360715,-0.244829,0.235819,-0.367662,-0.243192,0.207092,-0.409308,-0.210339,0.231095,-0.412917,-0.147049,0.260836,-0.405041,-0.208219
2026-07-29 15:53:07.565,338.699677,0.000000,0.000000,0.000000,0.335153,-0.371546,-0.240923,0.135396,-0.357653,-0.244197,0.235274,-0.364599,-0.242560,0.206547,-0.406245,-0.209707,0.230711,-0.407819,-0.146911,0.259678,-0.400941,-0.207598
2026-07-29 15:53:07.665,338.799677,0.000000,0.000000,0.000000,0.335698,-0.374609,-0.241555,0.136017,-0.361736,-0.244791,0.235857,-0.368172,-0.243173,0.207120,-0.408292,-0.210325,0.231056,-0.413923,-0.147876,0.260836,-0.405041,-0.208219
2026-07-29 15:53:07.765,338.899677,0.000000,0.000000,0.000000,0.336277,-0.375640,-0.242009,0.136303,-0.362757,-0.245250,0.236290,-0.369198,-0.243630,0.207483,-0.410333,-0.210746,0.231486,-0.414951,-0.148186,0.260586,-0.406045,-0.208651
2026-07-29 15:53:07.865,338.999677,0.000000,0.000000,0.000000,0.335516,-0.373588,-0.241344,0.135758,-0.359694,-0.244618,0.235637,-0.366641,-0.242981,0.206939,-0.407271,-0.210115,0.230941,-0.411889,-0.147554,0.259931,-0.403996,-0.208036
2026-07-29 15:53:07.965,339.099677,0.000000,0.000000,0.000000,0.334574,-0.370515,-0.240469,0.135033,-0.355611,-0.243776,0.234803,-0.363063,-0.242123,0.206931,-0.403212,-0.209245,0.230930,-0.407830,-0.146685,0.259315,-0.398899,-0.207177
2026-07-29 15:53:08.065,339.199677,0.000000,0.000000,0.000000,0.334790,-0.369504,-0.240502,0.135033,-0.355611,-0.243776,0.234912,-0.362558,-0.242139,0.206931,-0.403212,-0.209245,0.230930,-0.407830,-0.146685,0.259205,-0.399912,-0.207194
2026-07-29 15:53:08.165,339.299676,0.000000,0.000000,0.000000,0.334937,-0.372556,-0.240890,0.135319,-0.356632,-0.244235,0.235128,-0.364594,-0.242562,0.207294,-0.405254,-0.209666,0.231293,-0.409871,-0.147106,0.259678,-0.400941,-0.207598
2026-07-29 15:53:08.265,339.399676,0.000000,0.000000,0.000000,0.335516,-0.373588,-0.241344,0.135758,-0.359694,-0.244618,0.235637,-0.366641,-0.242981,0.206939,-0.407271,-0.210115,0.231684,-0.411905,-0.148243,0.260041,-0.402982,-0.208019
2026-07-29 15:53:08.365,339.499676,0.000000,0.000000,0.000000,0.335007,-0.368494,-0.240535,0.135109,-0.356631,-0.243739,0.235058,-0.362563,-0.242137,0.206931,-0.403212,-0.209245,0.230958,-0.407822,-0.147401,0.259205,-0.399912,-0.207194
2026-07-29 15:53:08.465,339.599676,0.000000,0.000000,0.000000,0.335335,-0.372567,-0.241134,0.135577,-0.358674,-0.244408,0.235456,-0.365620,-0.242771,0.206757,-0.406250,-0.209904,0.231502,-0.410884,-0.148033,0.259750,-0.402975,-0.207825
2026-07-29 15:53:08.565,339.699676,0.000000,0.000000,0.000000,0.335153,-0.371546,-0.240923,0.135396,-0.357653,-0.244197,0.235274,-0.364599,-0.242560,0.207294,-0.405254,-0.209666,0.231388,-0.408850,-0.147712,0.259568,-0.401954,-0.207615
2026-07-29 15:53:08.665,339.799676,0.000000,0.000000,0.000000,0.335698,-0.374609,-0.241555,0.135940,-0.360715,-0.244829,0.235819,-0.367662,-0.243192,0.207839,-0.408316,-0.210298,0.231933,-0.411912,-0.148344,0.260112,-0.405017,-0.208246
2026-07-29 15:53:08.765,339.899676,0.000000,0.000000,0.000000,0.334609,-0.368484,-0.240291,0.134851,-0.354590,-0.243566,0.234730,-0.361537,-0.241929,0.206780,-0.401175,-0.209021,0.230804,-0.406793,-0.147907,0.259134,-0.397878,-0.206967
2026-07-29 15:53:08.865,339.999676,0.000000,0.000000,0.000000,0.334972,-0.370525,-0.240713,0.135214,-0.356632,-0.243987,0.235093,-0.363579,-0.242350,0.207113,-0.404233,-0.209456,0.231167,-0.408835,-0.148328,0.259387,-0.400933,-0.207404
2026-07-29 15:53:08.965,340.099676,0.000000,0.000000,0.000000,0.334937,-0.372556,-0.240890,0.135396,-0.357653,-0.244197,0.235166,-0.365105,-0.242544,0.207324,-0.404238,-0.209653,0.231382,-0.409349,-0.148484,0.259568,-0.401954,-0.207615
2026-07-29 15:53:09.065,340.199676,0.000000,0.000000,0.000000,0.334972,-0.370525,-0.240713,0.135291,-0.357652,-0.243949,0.235131,-0.364089,-0.242331,0.207143,-0.403217,-0.209442,0.231167,-0.408835,-0.148328,0.259387,-0.400933,-0.207404
2026-07-29 15:53:09.165,340.299675,0.000000,0.000000,0.000000,0.335879,-0.375629,-0.241765,0.136121,-0.361736,-0.245040,0.236000,-0.368683,-0.243403,0.208050,-0.408321,-0.210495,0.232007,-0.414953,-0.149490,0.260294,-0.406037,-0.208457
2026-07-29 15:53:09.265,340.399675,0.000000,0.000000,0.000000,0.334972,-0.370525,-0.240713,0.135214,-0.356632,-0.243987,0.235093,-0.363579,-0.242350,0.207143,-0.403217,-0.209442,0.231127,-0.409841,-0.149152,0.259387,-0.400933,-0.207404
2026-07-29 15:53:09.365,340.499675,0.000000,0.000000,0.000000,0.334972,-0.370525,-0.240713,0.135214,-0.356632,-0.243987,0.235093,-0.363579,-0.242350,0.207143,-0.403217,-0.209442,0.231194,-0.408827,-0.149044,0.259387,-0.400933,-0.207404
2026-07-29 15:53:09.465,340.599675,0.000000,0.000000,0.000000,0.335516,-0.373588,-0.241344,0.135758,-0.359694,-0.244618,0.235637,-0.366641,-0.242981,0.207687,-0.406279,-0.210074,0.231739,-0.411890,-0.149676,0.259931,-0.403996,-0.208036
2026-07-29 15:53:09.565,340.699675,0.000000,0.000000,0.000000,0.335516,-0.373588,-0.241344,0.135605,-0.357654,-0.244694,0.235561,-0.365621,-0.243019,0.207657,-0.407295,-0.210087,0.231739,-0.411890,-0.149676,0.259931,-0.403996,-0.208036
2026-07-29 15:53:09.665,340.799675,0.000000,0.000000,0.000000,0.334790,-0.369504,-0.240502,0.135033,-0.355611,-0.243776,0.234912,-0.362558,-0.242139,0.206931,-0.403212,-0.209245,0.230945,-0.408820,-0.148941,0.259205,-0.399912,-0.207194
2026-07-29 15:53:09.765,340.899675,0.000000,0.000000,0.000000,0.335879,-0.375629,-0.241765,0.136121,-0.361736,-0.245040,0.236000,-0.368683,-0.243403,0.208050,-0.408321,-0.210495,0.232034,-0.414945,-0.150205,0.260294,-0.406037,-0.208457
2026-07-29 15:53:09.865,340.999675,0.000000,0.000000,0.000000,0.336061,-0.376650,-0.241976,0.136380,-0.363777,-0.245213,0.236220,-0.370214,-0.243594,0.208231,-0.409342,-0.210706,0.232243,-0.415958,-0.151130,0.260475,-0.407058,-0.208668
2026-07-29 15:53:09.965,341.099675,0.000000,0.000000,0.000000,0.334972,-0.370525,-0.240713,0.135137,-0.355612,-0.244024,0.235055,-0.363068,-0.242369,0.207143,-0.403217,-0.209442,0.231868,-0.409858,-0.149840,0.259387,-0.400933,-0.207404
2026-07-29 15:53:10.065,341.199675,0.000000,0.000000,0.000000,0.335516,-0.373588,-0.241344,0.135758,-0.359694,-0.244618,0.235637,-0.366641,-0.242981,0.207657,-0.407295,-0.210087,0.232413,-0.412920,-0.150472,0.259931,-0.403996,-0.208036
2026-07-29 15:53:10.165,341.299675,0.000000,0.000000,0.000000,0.335879,-0.375629,-0.241765,0.136121,-0.361736,-0.245040,0.236000,-0.368683,-0.243403,0.208050,-0.408321,-0.210495,0.232844,-0.413948,-0.150786,0.260294,-0.406037,-0.208457
2026-07-29 15:53:10.265,341.399674,0.000000,0.000000,0.000000,0.335698,-0.374609,-0.241555,0.135940,-0.360715,-0.244829,0.235819,-0.367662,-0.243192,0.207839,-0.408316,-0.210298,0.232759,-0.411906,-0.151186,0.260002,-0.406030,-0.208263
2026-07-29 15:53:10.365,341.499674,0.000000,0.000000,0.000000,0.335551,-0.371557,-0.241167,0.135577,-0.358674,-0.244408,0.235564,-0.365115,-0.242787,0.207535,-0.404242,-0.209850,0.232327,-0.410878,-0.150870,0.259860,-0.401962,-0.207809
2026-07-29 15:53:10.465,341.599674,0.000000,0.000000,0.000000,0.334790,-0.369504,-0.240502,0.135033,-0.355611,-0.243776,0.234912,-0.362558,-0.242139,0.206961,-0.402196,-0.209232,0.231852,-0.406802,-0.150133,0.259205,-0.399912,-0.207194
2026-07-29 15:53:10.565,341.699674,0.000000,0.000000,0.000000,0.334790,-0.369504,-0.240502,0.135033,-0.355611,-0.243776,0.234912,-0.362558,-0.242139,0.206961,-0.402196,-0.209232,0.231783,-0.407815,-0.150239,0.259095,-0.400926,-0.207210
2026-07-29 15:53:10.665,341.799674,0.000000,0.000000,0.000000,0.335516,-0.373588,-0.241344,0.135835,-0.360715,-0.244581,0.235676,-0.367151,-0.242963,0.207659,-0.406287,-0.209353,0.232509,-0.411899,-0.151081,0.259931,-0.403996,-0.208036
2026-07-29 15:53:10.765,341.899674,0.000000,0.000000,0.000000,0.335879,-0.375629,-0.241765,0.136045,-0.360716,-0.245077,0.235962,-0.368173,-0.243421,0.208050,-0.408321,-0.210495,0.232968,-0.412919,-0.152114,0.260294,-0.406037,-0.208457
2026-07-29 15:53:10.865,341.999674,0.000000,0.000000,0.000000,0.335698,-0.374609,-0.241555,0.136017,-0.361736,-0.244791,0.235857,-0.368172,-0.243173,0.207826,-0.407816,-0.209571,0.232855,-0.410884,-0.151798,0.259388,-0.404992,-0.208274
2026-07-29 15:53:10.965,342.099674,0.000000,0.000000,0.000000,0.334756,-0.371536,-0.240679,0.135214,-0.356632,-0.243987,0.234985,-0.364084,-0.242333,0.207115,-0.403225,-0.208722,0.232130,-0.406801,-0.150956,0.258554,-0.401922,-0.207448
2026-07-29 15:53:11.065,342.199674,0.000000,0.000000,0.000000,0.334790,-0.369504,-0.240502,0.135033,-0.355611,-0.243776,0.234912,-0.362558,-0.242139,0.206961,-0.402196,-0.209232,0.231811,-0.407808,-0.150955,0.258481,-0.399888,-0.207221
2026-07-29 15:53:11.165,342.299674,0.000000,0.000000,0.000000,0.335153,-0.371546,-0.240923,0.135472,-0.358673,-0.244160,0.235313,-0.365110,-0.242541,0.207296,-0.404245,-0.208932,0.232270,-0.408828,-0.151989,0.258844,-0.401929,-0.207642
2026-07-29 15:53:11.265,342.399673,0.000000,0.000000,0.000000,0.335516,-0.373588,-0.241344,0.135758,-0.359694,-0.244618,0.235637,-0.366641,-0.242981,0.207630,-0.407303,-0.209368,0.232633,-0.410870,-0.152410,0.259207,-0.403971,-0.208063
2026-07-29 15:53:11.365,342.499673,0.000000,0.000000,0.000000,0.335370,-0.370536,-0.240956,0.135396,-0.357653,-0.244197,0.235383,-0.364094,-0.242577,0.207296,-0.404245,-0.208932,0.232339,-0.407814,-0.151885,0.258844,-0.401929,-0.207642
2026-07-29 15:53:11.465,342.599673,0.000000,0.000000,0.000000,0.335879,-0.375629,-0.241765,0.136121,-0.361736,-0.245040,0.236000,-0.368683,-0.243403,0.208773,-0.407337,-0.209732,0.233133,-0.410884,-0.152624,0.259570,-0.406013,-0.208485
2026-07-29 15:53:11.565,342.699673,0.000000,0.000000,0.000000,0.335551,-0.371557,-0.241167,0.135577,-0.358674,-0.244408,0.235564,-0.365115,-0.242787,0.207508,-0.404250,-0.209128,0.232686,-0.406800,-0.152609,0.259026,-0.402950,-0.207853
2026-07-29 15:53:11.665,342.799673,0.000000,0.000000,0.000000,0.335153,-0.371546,-0.240923,0.135396,-0.357653,-0.244197,0.235274,-0.364599,-0.242560,0.208047,-0.403254,-0.208890,0.232504,-0.405779,-0.152399,0.258844,-0.401929,-0.207642
