Format Version,1.23,Take Name,MDC_data_1785916138,Take Notes,,Capture Frame Rate,10,Export Frame Rate,10,Capture Start Time,2026-08-05 05:49:08 PM,Total Frames in Take,,Total Exported Frames,,Rotation Type,XYZ,Length Units,Meters,Coordinate Space,Global

,Type,Rigid Body Marker,Rigid Body Marker,Rigid Body Marker,Rigid Body Marker,Rigid Body Marker,Rigid Body Marker,Rigid Body Marker,Rigid Body Marker,Rigid Body Marker,Rigid Body Marker,Rigid Body Marker,Rigid Body Marker,Marker,Marker,Marker,Marker,Marker,Marker,Marker,Marker,Marker
,Name,Tag0,Tag0,Tag0,Tag1,Tag1,Tag1,Tag2,Tag2,Tag2,Midpoint,Midpoint,Midpoint,Purple,Purple,Purple,Pink,Pink,Pink,Green,Green,Green
,ID,Tag0,Tag0,Tag0,Tag1,Tag1,Tag1,Tag2,Tag2,Tag2,Midpoint,Midpoint,Midpoint,Purple,Purple,Purple,Pink,Pink,Pink,Green,Green,Green
,,Position,Position,Position,Position,Position,Position,Position,Position,Position,Position,Position,Position,Position,Position,Position,Position,Position,Position,Position,Position,Position
Timestamp,Time (Seconds),X,Y,Z,X,Y,Z,X,Y,Z,X,Y,Z,X,Y,Z,X,Y,Z,X,Y,Z
2026-08-05 17:49:08.693,0.000000,0.000000,0.000000,0.000000,0.329146,-0.370276,-0.257002,0.129455,-0.354161,-0.256458,0.229300,-0.362219,-0.256730,0.206590,-0.396165,-0.227306,0.225232,-0.401268,-0.184940,0.249997,-0.394373,-0.225254
2026-08-05 17:49:08.793,0.100000,0.000000,0.000000,0.000000,0.328563,-0.366162,-0.256029,0.128844,-0.349024,-0.255496,0.228704,-0.357593,-0.255762,0.205979,-0.392038,-0.227056,0.224769,-0.396143,-0.183868,0.249258,-0.391268,-0.224316
2026-08-05 17:49:08.893,0.200000,0.000000,0.000000,0.000000,0.350098,-0.361837,-0.230209,0.149601,-0.355212,-0.233636,0.249849,-0.358524,-0.231922,0.228130,-0.392985,-0.201775,0.246308,-0.393954,-0.158143,0.271271,-0.390019,-0.198404
2026-08-05 17:49:08.993,0.300000,0.000000,0.000000,0.000000,0.350275,-0.364911,-0.230519,0.149996,-0.357275,-0.234007,0.250135,-0.361093,-0.232263,0.228526,-0.395048,-0.202146,0.246633,-0.397036,-0.158561,0.271774,-0.391066,-0.198790
2026-08-05 17:49:09.093,0.400000,0.000000,0.000000,0.000000,0.350275,-0.364911,-0.230519,0.149996,-0.357275,-0.234007,0.250135,-0.361093,-0.232263,0.228542,-0.395022,-0.201423,0.246633,-0.397036,-0.158561,0.271666,-0.392082,-0.198775
2026-08-05 17:49:09.193,0.500000,0.000000,0.000000,0.000000,0.329146,-0.370276,-0.257002,0.129455,-0.354161,-0.256458,0.229300,-0.362219,-0.256730,0.206590,-0.396165,-0.227306,0.225351,-0.400257,-0.184841,0.249841,-0.395382,-0.225289
2026-08-05 17:49:09.293,0.599999,0.000000,0.000000,0.000000,0.329146,-0.370276,-0.257002,0.129455,-0.354161,-0.256458,0.229300,-0.362219,-0.256730,0.206590,-0.396165,-0.227306,0.225351,-0.400257,-0.184841,0.249841,-0.395382,-0.225289
2026-08-05 17:49:09.393,0.699999,0.000000,0.000000,0.000000,0.329000,-0.369248,-0.256759,0.129309,-0.353133,-0.256214,0.229155,-0.361190,-0.256486,0.206444,-0.395137,-0.227063,0.225086,-0.400239,-0.184696,0.249695,-0.394353,-0.225046
2026-08-05 17:49:09.493,0.799999,0.000000,0.000000,0.000000,0.328855,-0.368219,-0.256515,0.129135,-0.351081,-0.255983,0.228995,-0.359650,-0.256249,0.206299,-0.394108,-0.226820,0.225060,-0.398200,-0.184354,0.249550,-0.393325,-0.224803
2026-08-05 17:49:09.593,0.899999,0.000000,0.000000,0.000000,0.328975,-0.366190,-0.256285,0.128990,-0.350052,-0.255740,0.228982,-0.358121,-0.256012,0.206153,-0.393080,-0.226576,0.224795,-0.398182,-0.184210,0.249560,-0.391288,-0.224524
2026-08-05 17:49:09.693,0.999999,0.000000,0.000000,0.000000,0.329146,-0.370276,-0.257002,0.129455,-0.354161,-0.256458,0.229300,-0.362219,-0.256730,0.206561,-0.396152,-0.228029,0.225351,-0.400257,-0.184841,0.249997,-0.394373,-0.225254
2026-08-05 17:49:09.793,1.099999,0.000000,0.000000,0.000000,0.329000,-0.369248,-0.256759,0.129309,-0.353133,-0.256214,0.229155,-0.361190,-0.256486,0.206416,-0.395124,-0.227786,0.225206,-0.399229,-0.184598,0.249851,-0.393344,-0.225010
2026-08-05 17:49:09.893,1.199999,0.000000,0.000000,0.000000,0.350889,-0.365963,-0.230951,0.150392,-0.359338,-0.234378,0.250641,-0.362650,-0.232665,0.228938,-0.397085,-0.201794,0.247099,-0.398080,-0.158885,0.272062,-0.394145,-0.199146
2026-08-05 17:49:09.993,1.299999,0.000000,0.000000,0.000000,0.350670,-0.366974,-0.230890,0.150468,-0.360357,-0.234312,0.250569,-0.363665,-0.232601,0.228922,-0.397111,-0.202517,0.247029,-0.399099,-0.158932,0.272062,-0.394145,-0.199146
2026-08-05 17:49:10.093,1.399999,0.000000,0.000000,0.000000,0.351285,-0.368026,-0.231322,0.150787,-0.361401,-0.234749,0.251036,-0.364714,-0.233036,0.229291,-0.400166,-0.202146,0.247494,-0.400143,-0.159256,0.272457,-0.396208,-0.199517
2026-08-05 17:49:10.193,1.499999,0.000000,0.000000,0.000000,0.329412,-0.369275,-0.257015,0.129455,-0.354161,-0.256458,0.229433,-0.361718,-0.256736,0.206561,-0.396152,-0.228029,0.225351,-0.400257,-0.184841,0.249997,-0.394373,-0.225254
2026-08-05 17:49:10.293,1.599998,0.000000,0.000000,0.000000,0.350275,-0.364911,-0.230519,0.150072,-0.358294,-0.233941,0.250173,-0.361602,-0.232230,0.228542,-0.395022,-0.201423,0.246633,-0.397036,-0.158561,0.271666,-0.392082,-0.198775
2026-08-05 17:49:10.393,1.699998,0.000000,0.000000,0.000000,0.349879,-0.362847,-0.230148,0.149676,-0.356231,-0.233570,0.249778,-0.359539,-0.231859,0.228147,-0.392959,-0.201052,0.246308,-0.393954,-0.158143,0.271379,-0.389003,-0.198419
2026-08-05 17:49:10.493,1.799998,0.000000,0.000000,0.000000,0.350275,-0.364911,-0.230519,0.149996,-0.357275,-0.234007,0.250135,-0.361093,-0.232263,0.228542,-0.395022,-0.201423,0.246703,-0.396017,-0.158514,0.271774,-0.391066,-0.198790
2026-08-05 17:49:10.593,1.899998,0.000000,0.000000,0.000000,0.350691,-0.364931,-0.230766,0.150270,-0.359325,-0.234127,0.250481,-0.362128,-0.232446,0.228740,-0.396054,-0.201609,0.246901,-0.397049,-0.158699,0.271864,-0.393113,-0.198961
2026-08-05 17:49:10.693,1.999998,0.000000,0.000000,0.000000,0.329291,-0.371305,-0.257245,0.129572,-0.354166,-0.256713,0.229432,-0.362735,-0.256979,0.206735,-0.397193,-0.227549,0.225497,-0.401286,-0.185084,0.249986,-0.396410,-0.225533
2026-08-05 17:49:10.793,2.099998,0.000000,0.000000,0.000000,0.350077,-0.363879,-0.230333,0.149799,-0.356243,-0.233822,0.249938,-0.360061,-0.232078,0.228344,-0.393991,-0.201238,0.246435,-0.396004,-0.158376,0.271468,-0.391050,-0.198589
2026-08-05 17:49:10.893,2.199998,0.000000,0.000000,0.000000,0.329557,-0.370303,-0.257258,0.129600,-0.355190,-0.256701,0.229579,-0.362746,-0.256979,0.206645,-0.398207,-0.227582,0.225497,-0.401286,-0.185084,0.249986,-0.396410,-0.225533
2026-08-05 17:49:10.993,2.299998,0.000000,0.000000,0.000000,0.350889,-0.365963,-0.230951,0.150468,-0.360357,-0.234312,0.250678,-0.363160,-0.232632,0.228922,-0.397111,-0.202517,0.247099,-0.398080,-0.158885,0.272170,-0.393129,-0.199161
2026-08-05 17:49:11.093,2.399998,0.000000,0.000000,0.000000,0.350472,-0.365942,-0.230705,0.150194,-0.358306,-0.234193,0.250333,-0.362124,-0.232449,0.228740,-0.396054,-0.201609,0.246901,-0.397049,-0.158699,0.271972,-0.392098,-0.198975
2026-08-05 17:49:11.193,2.499998,0.000000,0.000000,0.000000,0.350077,-0.363879,-0.230333,0.149799,-0.356243,-0.233822,0.249938,-0.360061,-0.232078,0.228323,-0.394499,-0.201228,0.246506,-0.394986,-0.158328,0.271576,-0.390035,-0.198604
2026-08-05 17:49:11.293,2.599998,0.000000,0.000000,0.000000,0.351285,-0.368026,-0.231322,0.150863,-0.362420,-0.234683,0.251074,-0.365223,-0.233003,0.229333,-0.399148,-0.202165,0.247494,-0.400143,-0.159256,0.272565,-0.395193,-0.199532
2026-08-05 17:49:11.393,2.699997,0.000000,0.000000,0.000000,0.351087,-0.366995,-0.231137,0.150590,-0.360369,-0.234564,0.250838,-0.363682,-0.232850,0.229119,-0.398143,-0.202703,0.247226,-0.400131,-0.159118,0.272260,-0.395177,-0.199332
2026-08-05 17:49:11.493,2.799997,0.000000,0.000000,0.000000,0.351087,-0.366995,-0.231137,0.150665,-0.361388,-0.234498,0.250876,-0.364191,-0.232817,0.229094,-0.399134,-0.201961,0.247297,-0.399112,-0.159070,0.272260,-0.395177,-0.199332
2026-08-05 17:49:11.593,2.899997,0.000000,0.000000,0.000000,0.349879,-0.362847,-0.230148,0.149601,-0.355212,-0.233636,0.249740,-0.359030,-0.231892,0.228105,-0.393976,-0.201033,0.246308,-0.393954,-0.158143,0.271271,-0.390019,-0.198404
2026-08-05 17:49:11.693,2.999997,0.000000,0.000000,0.000000,0.350494,-0.363900,-0.230580,0.150072,-0.358294,-0.233941,0.250283,-0.361097,-0.232261,0.228542,-0.395022,-0.201423,0.246633,-0.397036,-0.158561,0.271774,-0.391066,-0.198790
2026-08-05 17:49:11.793,3.099997,0.000000,0.000000,0.000000,0.329728,-0.374390,-0.257975,0.130009,-0.357252,-0.257443,0.229868,-0.365821,-0.257709,0.207172,-0.400279,-0.228279,0.225814,-0.405382,-0.185913,0.250423,-0.399496,-0.226263
2026-08-05 17:49:11.893,3.199997,0.000000,0.000000,0.000000,0.351087,-0.366995,-0.231137,0.150590,-0.360369,-0.234564,0.250838,-0.363682,-0.232850,0.229094,-0.399134,-0.201961,0.247226,-0.400131,-0.159118,0.272368,-0.394161,-0.199347
2026-08-05 17:49:11.993,3.299997,0.000000,0.000000,0.000000,0.329703,-0.371332,-0.257501,0.129746,-0.356218,-0.256944,0.229724,-0.363775,-0.257223,0.206836,-0.398729,-0.227809,0.225523,-0.403325,-0.185426,0.250132,-0.397439,-0.225776
2026-08-05 17:49:12.093,3.399997,0.000000,0.000000,0.000000,0.350275,-0.364911,-0.230519,0.150072,-0.358294,-0.233941,0.250173,-0.361602,-0.232230,0.228484,-0.396065,-0.202126,0.246633,-0.397036,-0.158561,0.271666,-0.392082,-0.198775
2026-08-05 17:49:12.193,3.499997,0.000000,0.000000,0.000000,0.350275,-0.364911,-0.230519,0.149996,-0.357275,-0.234007,0.250135,-0.361093,-0.232263,0.228542,-0.395022,-0.201423,0.246703,-0.396017,-0.158514,0.271666,-0.392082,-0.198775
2026-08-05 17:49:12.293,3.599997,0.000000,0.000000,0.000000,0.349900,-0.360805,-0.230023,0.149479,-0.355199,-0.233384,0.249689,-0.358002,-0.231704,0.227933,-0.391953,-0.201589,0.246040,-0.393941,-0.158005,0.271073,-0.388987,-0.198218
2026-08-05 17:49:12.393,3.699996,0.000000,0.000000,0.000000,0.350296,-0.362868,-0.230395,0.149874,-0.357262,-0.233756,0.250085,-0.360065,-0.232075,0.228328,-0.394016,-0.201961,0.246506,-0.394986,-0.158328,0.271576,-0.390035,-0.198604
2026-08-05 17:49:12.493,3.799996,0.000000,0.000000,0.000000,0.350691,-0.364931,-0.230766,0.150270,-0.359325,-0.234127,0.250481,-0.362128,-0.232446,0.228724,-0.396080,-0.202332,0.246901,-0.397049,-0.158699,0.271972,-0.392098,-0.198975
2026-08-05 17:49:12.593,3.899996,0.000000,0.000000,0.000000,0.350275,-0.364911,-0.230519,0.150072,-0.358294,-0.233941,0.250173,-0.361602,-0.232230,0.228568,-0.394031,-0.202166,0.246703,-0.396017,-0.158514,0.271666,-0.392082,-0.198775
2026-08-05 17:49:12.693,3.999996,0.000000,0.000000,0.000000,0.350868,-0.368005,-0.231076,0.150590,-0.360369,-0.234564,0.250729,-0.364187,-0.232820,0.229094,-0.399134,-0.201961,0.247297,-0.399112,-0.159070,0.272368,-0.394161,-0.199347
2026-08-05 17:49:12.793,4.099996,0.000000,0.000000,0.000000,0.350296,-0.362868,-0.230395,0.149874,-0.357262,-0.233756,0.250085,-0.360065,-0.232075,0.228344,-0.393991,-0.201238,0.246435,-0.396004,-0.158376,0.271468,-0.391050,-0.198589
2026-08-05 17:49:12.893,4.199996,0.000000,0.000000,0.000000,0.350296,-0.362868,-0.230395,0.149799,-0.356243,-0.233822,0.250047,-0.359556,-0.232108,0.228344,-0.393991,-0.201238,0.246435,-0.396004,-0.158376,0.271576,-0.390035,-0.198604
2026-08-05 17:49:12.993,4.299996,0.000000,0.000000,0.000000,0.329412,-0.369275,-0.257015,0.129455,-0.354161,-0.256458,0.229433,-0.361718,-0.256736,0.206590,-0.396165,-0.227306,0.225351,-0.400257,-0.184841,0.249997,-0.394373,-0.225254
2026-08-05 17:49:13.093,4.399996,0.000000,0.000000,0.000000,0.328975,-0.366190,-0.256285,0.128990,-0.350052,-0.255740,0.228982,-0.358121,-0.256012,0.206243,-0.392066,-0.226543,0.224914,-0.397172,-0.184111,0.249560,-0.391288,-0.224524
2026-08-05 17:49:13.193,4.499996,0.000000,0.000000,0.000000,0.351087,-0.366995,-0.231137,0.150590,-0.360369,-0.234564,0.250838,-0.363682,-0.232850,0.229136,-0.398117,-0.201980,0.247297,-0.399112,-0.159070,0.272368,-0.394161,-0.199347
2026-08-05 17:49:13.293,4.599996,0.000000,0.000000,0.000000,0.350868,-0.368005,-0.231076,0.150665,-0.361388,-0.234498,0.250767,-0.364697,-0.232787,0.229136,-0.398117,-0.201980,0.247297,-0.399112,-0.159070,0.272314,-0.394669,-0.199339
2026-08-05 17:49:13.393,4.699996,0.000000,0.000000,0.000000,0.350472,-0.365942,-0.230705,0.150194,-0.358306,-0.234193,0.250333,-0.362124,-0.232449,0.228740,-0.396054,-0.201609,0.246901,-0.397049,-0.158699,0.271864,-0.393113,-0.198961
2026-08-05 17:49:13.493,4.799995,0.000000,0.000000,0.000000,0.349900,-0.360805,-0.230023,0.149403,-0.354180,-0.233450,0.249652,-0.357493,-0.231737,0.227933,-0.391953,-0.201589,0.246110,-0.392923,-0.157957,0.271181,-0.387972,-0.198233
2026-08-05 17:49:13.593,4.899995,0.000000,0.000000,0.000000,0.350494,-0.363900,-0.230580,0.150072,-0.358294,-0.233941,0.250283,-0.361097,-0.232261,0.228542,-0.395022,-0.201423,0.246703,-0.396017,-0.158514,0.271666,-0.392082,-0.198775
2026-08-05 17:49:13.693,4.999995,0.000000,0.000000,0.000000,0.329146,-0.370276,-0.257002,0.129455,-0.354161,-0.256458,0.229300,-0.362219,-0.256730,0.206590,-0.396165,-0.227306,0.225232,-0.401268,-0.184940,0.249997,-0.394373,-0.225254
2026-08-05 17:49:13.793,5.099995,0.000000,0.000000,0.000000,0.350077,-0.363879,-0.230333,0.149723,-0.355224,-0.233888,0.249900,-0.359552,-0.232110,0.228328,-0.394016,-0.201961,0.246435,-0.396004,-0.158376,0.271468,-0.391050,-0.198589
2026-08-05 17:49:13.893,5.199995,0.000000,0.000000,0.000000,0.350494,-0.363900,-0.230580,0.149996,-0.357275,-0.234007,0.250245,-0.360587,-0.232294,0.228526,-0.395048,-0.202146,0.246703,-0.396017,-0.158514,0.271720,-0.391574,-0.198782
2026-08-05 17:49:13.993,5.299995,0.000000,0.000000,0.000000,0.350494,-0.363900,-0.230580,0.150072,-0.358294,-0.233941,0.250283,-0.361097,-0.232261,0.228500,-0.396039,-0.201404,0.246703,-0.396017,-0.158514,0.271666,-0.392082,-0.198775
2026-08-05 17:49:14.093,5.399995,0.000000,0.000000,0.000000,0.350472,-0.365942,-0.230705,0.150194,-0.358306,-0.234193,0.250333,-0.362124,-0.232449,0.228740,-0.396054,-0.201609,0.246901,-0.397049,-0.158699,0.271864,-0.393113,-0.198961
2026-08-05 17:49:14.193,5.499995,0.000000,0.000000,0.000000,0.350098,-0.361837,-0.230209,0.149601,-0.355212,-0.233636,0.249849,-0.358524,-0.231922,0.228147,-0.392959,-0.201052,0.246308,-0.393954,-0.158143,0.271379,-0.389003,-0.198419
2026-08-05 17:49:14.293,5.599995,0.000000,0.000000,0.000000,0.350275,-0.364911,-0.230519,0.150072,-0.358294,-0.233941,0.250173,-0.361602,-0.232230,0.228526,-0.395048,-0.202146,0.246703,-0.396017,-0.158514,0.271774,-0.391066,-0.198790
2026-08-05 17:49:14.393,5.699995,0.000000,0.000000,0.000000,0.350494,-0.363900,-0.230580,0.149996,-0.357275,-0.234007,0.250245,-0.360587,-0.232294,0.228542,-0.395022,-0.201423,0.246703,-0.396017,-0.158514,0.271666,-0.392082,-0.198775
2026-08-05 17:49:14.493,5.799994,0.000000,0.000000,0.000000,0.351087,-0.366995,-0.231137,0.150590,-0.360369,-0.234564,0.250838,-0.363682,-0.232850,0.229115,-0.398625,-0.201970,0.247226,-0.400131,-0.159118,0.272368,-0.394161,-0.199347
2026-08-05 17:49:14.593,5.899994,0.000000,0.000000,0.000000,0.349900,-0.360805,-0.230023,0.149403,-0.354180,-0.233450,0.249652,-0.357493,-0.231737,0.227949,-0.391928,-0.200867,0.246110,-0.392923,-0.157957,0.271181,-0.387972,-0.198233
2026-08-05 17:49:14.693,5.999994,0.000000,0.000000,0.000000,0.349681,-0.361816,-0.229962,0.149479,-0.355199,-0.233384,0.249580,-0.358507,-0.231673,0.227949,-0.391928,-0.200867,0.246110,-0.392923,-0.157957,0.271181,-0.387972,-0.198233
2026-08-05 17:49:14.793,6.099994,0.000000,0.000000,0.000000,0.350868,-0.368005,-0.231076,0.150665,-0.361388,-0.234498,0.250767,-0.364697,-0.232787,0.229136,-0.398117,-0.201980,0.247226,-0.400131,-0.159118,0.272260,-0.395177,-0.199332
2026-08-05 17:49:14.893,6.199994,0.000000,0.000000,0.000000,0.351087,-0.366995,-0.231137,0.150665,-0.361388,-0.234498,0.250876,-0.364191,-0.232817,0.229119,-0.398143,-0.202703,0.247226,-0.400131,-0.159118,0.272314,-0.394669,-0.199339
2026-08-05 17:49:14.993,6.299994,0.000000,0.000000,0.000000,0.351087,-0.366995,-0.231137,0.150590,-0.360369,-0.234564,0.250838,-0.363682,-0.232850,0.229136,-0.398117,-0.201980,0.247297,-0.399112,-0.159070,0.272368,-0.394161,-0.199347
2026-08-05 17:49:15.093,6.399994,0.000000,0.000000,0.000000,0.350691,-0.364931,-0.230766,0.150118,-0.357287,-0.234259,0.250405,-0.361109,-0.232512,0.228724,-0.396080,-0.202332,0.246901,-0.397049,-0.158699,0.271972,-0.392098,-0.198975
2026-08-05 17:49:15.193,6.499994,0.000000,0.000000,0.000000,0.350691,-0.364931,-0.230766,0.150118,-0.357287,-0.234259,0.250405,-0.361109,-0.232512,0.228740,-0.396054,-0.201609,0.246866,-0.397558,-0.158723,0.271972,-0.392098,-0.198975
2026-08-05 17:49:15.293,6.599994,0.000000,0.000000,0.000000,0.351087,-0.366995,-0.231137,0.150590,-0.360369,-0.234564,0.250838,-0.363682,-0.232850,0.229136,-0.398117,-0.201980,0.247297,-0.399112,-0.159070,0.272368,-0.394161,-0.199347
2026-08-05 17:49:15.393,6.699994,0.000000,0.000000,0.000000,0.349879,-0.362847,-0.230148,0.149601,-0.355212,-0.233636,0.249740,-0.359030,-0.231892,0.228105,-0.393976,-0.201033,0.246308,-0.393954,-0.158143,0.271271,-0.390019,-0.198404
2026-08-05 17:49:15.493,6.799994,0.000000,0.000000,0.000000,0.350889,-0.365963,-0.230951,0.150468,-0.360357,-0.234312,0.250678,-0.363160,-0.232632,0.228938,-0.397085,-0.201794,0.247029,-0.399099,-0.158932,0.272062,-0.394145,-0.199146
2026-08-05 17:49:15.593,6.899993,0.000000,0.000000,0.000000,0.351087,-0.366995,-0.231137,0.150590,-0.360369,-0.234564,0.250838,-0.363682,-0.232850,0.229119,-0.398143,-0.202703,0.247226,-0.400131,-0.159118,0.272260,-0.395177,-0.199332
2026-08-05 17:49:15.693,6.999993,0.000000,0.000000,0.000000,0.350077,-0.363879,-0.230333,0.149799,-0.356243,-0.233822,0.249938,-0.360061,-0.232078,0.228344,-0.393991,-0.201238,0.246506,-0.394986,-0.158328,0.271576,-0.390035,-0.198604
2026-08-05 17:49:15.793,7.099993,0.000000,0.000000,0.000000,0.350691,-0.364931,-0.230766,0.150270,-0.359325,-0.234127,0.250481,-0.362128,-0.232446,0.228740,-0.396054,-0.201609,0.246901,-0.397049,-0.158699,0.271972,-0.392098,-0.198975
2026-08-05 17:49:15.893,7.199993,0.000000,0.000000,0.000000,0.350494,-0.363900,-0.230580,0.149921,-0.356256,-0.234073,0.250207,-0.360078,-0.232327,0.228542,-0.395022,-0.201423,0.246703,-0.396017,-0.158514,0.271774,-0.391066,-0.198790
2026-08-05 17:49:15.993,7.299993,0.000000,0.000000,0.000000,0.350868,-0.368005,-0.231076,0.150665,-0.361388,-0.234498,0.250767,-0.364697,-0.232787,0.229136,-0.398117,-0.201980,0.247297,-0.399112,-0.159070,0.272368,-0.394161,-0.199347
2026-08-05 17:49:16.093,7.399993,0.000000,0.000000,0.000000,0.350670,-0.366974,-0.230890,0.150392,-0.359338,-0.234378,0.250531,-0.363156,-0.232634,0.228938,-0.397085,-0.201794,0.247099,-0.398080,-0.158885,0.272170,-0.393129,-0.199161
2026-08-05 17:49:16.193,7.499993,0.000000,0.000000,0.000000,0.350077,-0.363879,-0.230333,0.149874,-0.357262,-0.233756,0.249975,-0.360571,-0.232045,0.228344,-0.393991,-0.201238,0.246506,-0.394986,-0.158328,0.271468,-0.391050,-0.198589
2026-08-05 17:49:16.293,7.599993,0.000000,0.000000,0.000000,0.350670,-0.366974,-0.230890,0.150468,-0.360357,-0.234312,0.250569,-0.363665,-0.232601,0.228922,-0.397111,-0.202517,0.247029,-0.399099,-0.158932,0.272170,-0.393129,-0.199161
2026-08-05 17:49:16.393,7.699993,0.000000,0.000000,0.000000,0.350691,-0.364931,-0.230766,0.150194,-0.358306,-0.234193,0.250443,-0.361619,-0.232479,0.228740,-0.396054,-0.201609,0.246901,-0.397049,-0.158699,0.271972,-0.392098,-0.198975
2026-08-05 17:49:16.493,7.799993,0.000000,0.000000,0.000000,0.350889,-0.365963,-0.230951,0.150468,-0.360357,-0.234312,0.250678,-0.363160,-0.232632,0.228880,-0.398128,-0.202497,0.247099,-0.398080,-0.158885,0.272170,-0.393129,-0.199161
2026-08-05 17:49:16.593,7.899992,0.000000,0.000000,0.000000,0.350275,-0.364911,-0.230519,0.150072,-0.358294,-0.233941,0.250173,-0.361602,-0.232230,0.228526,-0.395048,-0.202146,0.246703,-0.396017,-0.158514,0.271666,-0.392082,-0.198775
2026-08-05 17:49:16.693,7.999992,0.000000,0.000000,0.000000,0.350077,-0.363879,-0.230333,0.149874,-0.357262,-0.233756,0.249975,-0.360571,-0.232045,0.228344,-0.393991,-0.201238,0.246506,-0.394986,-0.158328,0.271576,-0.390035,-0.198604
2026-08-05 17:49:16.793,8.099992,0.000000,0.000000,0.000000,0.351285,-0.368026,-0.231322,0.150863,-0.362420,-0.234683,0.251074,-0.365223,-0.233003,0.229375,-0.398131,-0.202185,0.247494,-0.400143,-0.159256,0.272457,-0.396208,-0.199517
2026-08-05 17:49:16.893,8.199992,0.000000,0.000000,0.000000,0.349900,-0.360805,-0.230023,0.149403,-0.354180,-0.233450,0.249652,-0.357493,-0.231737,0.227949,-0.391928,-0.200867,0.246110,-0.392923,-0.157957,0.271181,-0.387972,-0.198233
2026-08-05 17:49:16.993,8.299992,0.000000,0.000000,0.000000,0.350670,-0.366974,-0.230890,0.150316,-0.358319,-0.234444,0.250493,-0.362646,-0.232667,0.228938,-0.397085,-0.201794,0.247099,-0.398080,-0.158885,0.272062,-0.394145,-0.199146
2026-08-05 17:49:17.093,8.399992,0.000000,0.000000,0.000000,0.350691,-0.364931,-0.230766,0.150270,-0.359325,-0.234127,0.250481,-0.362128,-0.232446,0.228724,-0.396080,-0.202332,0.246901,-0.397049,-0.158699,0.271972,-0.392098,-0.198975
2026-08-05 17:49:17.193,8.499992,0.000000,0.000000,0.000000,0.350691,-0.364931,-0.230766,0.150194,-0.358306,-0.234193,0.250443,-0.361619,-0.232479,0.228740,-0.396054,-0.201609,0.246831,-0.398068,-0.158747,0.271864,-0.393113,-0.198961
2026-08-05 17:49:17.293,8.599992,0.000000,0.000000,0.000000,0.350868,-0.368005,-0.231076,0.150590,-0.360369,-0.234564,0.250729,-0.364187,-0.232820,0.229119,-0.398143,-0.202703,0.247297,-0.399112,-0.159070,0.272368,-0.394161,-0.199347
2026-08-05 17:49:17.393,8.699992,0.000000,0.000000,0.000000,0.350889,-0.365963,-0.230951,0.150468,-0.360357,-0.234312,0.250678,-0.363160,-0.232632,0.228922,-0.397111,-0.202517,0.247099,-0.398080,-0.158885,0.272170,-0.393129,-0.199161
2026-08-05 17:49:17.493,8.799992,0.000000,0.000000,0.000000,0.350889,-0.365963,-0.230951,0.150468,-0.360357,-0.234312,0.250678,-0.363160,-0.232632,0.228938,-0.397085,-0.201794,0.247099,-0.398080,-0.158885,0.272062,-0.394145,-0.199146
2026-08-05 17:49:17.593,8.899992,0.000000,0.000000,0.000000,0.350472,-0.365942,-0.230705,0.150270,-0.359325,-0.234127,0.250371,-0.362634,-0.232416,0.228740,-0.396054,-0.201609,0.246901,-0.397049,-0.158699,0.271864,-0.393113,-0.198961
2026-08-05 17:49:17.693,8.999991,0.000000,0.000000,0.000000,0.350889,-0.365963,-0.230951,0.150392,-0.359338,-0.234378,0.250641,-0.362650,-0.232665,0.228938,-0.397085,-0.201794,0.247029,-0.399099,-0.158932,0.272062,-0.394145,-0.199146
2026-08-05 17:49:17.793,9.099991,0.000000,0.000000,0.000000,0.349900,-0.360805,-0.230023,0.149403,-0.354180,-0.233450,0.249652,-0.357493,-0.231737,0.227933,-0.391953,-0.201589,0.246110,-0.392923,-0.157957,0.271181,-0.387972,-0.198233
2026-08-05 17:49:17.893,9.199991,0.000000,0.000000,0.000000,0.328418,-0.365134,-0.255785,0.128698,-0.347995,-0.255253,0.228558,-0.356565,-0.255519,0.205907,-0.390516,-0.226073,0.224504,-0.396125,-0.183723,0.249269,-0.389231,-0.224037
2026-08-05 17:49:17.993,9.299991,0.000000,0.000000,0.000000,0.329437,-0.372333,-0.257489,0.129718,-0.355195,-0.256956,0.229577,-0.363764,-0.257222,0.206881,-0.398222,-0.227793,0.225642,-0.402314,-0.185328,0.250288,-0.396430,-0.225740
2026-08-05 17:49:18.093,9.399991,0.000000,0.000000,0.000000,0.336745,-0.380126,-0.226671,0.136647,-0.367227,-0.229076,0.236696,-0.373676,-0.227873,0.213908,-0.406298,-0.196392,0.232268,-0.407291,-0.153568,0.257270,-0.403890,-0.194047
2026-08-05 17:49:18.193,9.499991,0.000000,0.000000,0.000000,0.350472,-0.365942,-0.230705,0.150270,-0.359325,-0.234127,0.250371,-0.362634,-0.232416,0.228740,-0.396054,-0.201609,0.246901,-0.397049,-0.158699,0.271972,-0.392098,-0.198975
2026-08-05 17:49:18.293,9.599991,0.000000,0.000000,0.000000,0.350670,-0.366974,-0.230890,0.150468,-0.360357,-0.234312,0.250569,-0.363665,-0.232601,0.228938,-0.397085,-0.201794,0.247099,-0.398080,-0.158885,0.272116,-0.393637,-0.199154
2026-08-05 17:49:18.393,9.699991,0.000000,0.000000,0.000000,0.350098,-0.361837,-0.230209,0.149601,-0.355212,-0.233636,0.249849,-0.358524,-0.231922,0.228147,-0.392959,-0.201052,0.246308,-0.393954,-0.158143,0.271379,-0.389003,-0.198419
2026-08-05 17:49:18.493,9.799991,0.000000,0.000000,0.000000,0.350670,-0.366974,-0.230890,0.150392,-0.359338,-0.234378,0.250531,-0.363156,-0.232634,0.228938,-0.397085,-0.201794,0.247099,-0.398080,-0.158885,0.272170,-0.393129,-0.199161
2026-08-05 17:49:18.593,9.899991,0.000000,0.000000,0.000000,0.350275,-0.364911,-0.230519,0.149996,-0.357275,-0.234007,0.250135,-0.361093,-0.232263,0.228500,-0.396039,-0.201404,0.246703,-0.396017,-0.158514,0.271774,-0.391066,-0.198790
2026-08-05 17:49:18.693,9.999990,0.000000,0.000000,0.000000,0.350296,-0.362868,-0.230395,0.149874,-0.357262,-0.233756,0.250085,-0.360065,-0.232075,0.228328,-0.394016,-0.201961,0.246506,-0.394986,-0.158328,0.271576,-0.390035,-0.198604
2026-08-05 17:49:18.793,10.099990,0.000000,0.000000,0.000000,0.350494,-0.363900,-0.230580,0.149996,-0.357275,-0.234007,0.250245,-0.360587,-0.232294,0.228500,-0.396039,-0.201404,0.246703,-0.396017,-0.158514,0.271774,-0.391066,-0.198790
2026-08-05 17:49:18.893,10.199990,0.000000,0.000000,0.000000,0.329557,-0.370303,-0.257258,0.129572,-0.354166,-0.256713,0.229565,-0.362235,-0.256985,0.206735,-0.397193,-0.227549,0.225497,-0.401286,-0.185084,0.250142,-0.395401,-0.225497
2026-08-05 17:49:18.993,10.299990,0.000000,0.000000,0.000000,0.350098,-0.361837,-0.230209,0.149601,-0.355212,-0.233636,0.249849,-0.358524,-0.231922,0.228147,-0.392959,-0.201052,0.246308,-0.393954,-0.158143,0.271271,-0.390019,-0.198404
2026-08-05 17:49:19.093,10.399990,0.000000,0.000000,0.000000,0.350098,-0.361837,-0.230209,0.149601,-0.355212,-0.233636,0.249849,-0.358524,-0.231922,0.228147,-0.392959,-0.201052,0.246237,-0.394973,-0.158190,0.271271,-0.390019,-0.198404
2026-08-05 17:49:19.193,10.499990,0.000000,0.000000,0.000000,0.351087,-0.366995,-0.231137,0.150590,-0.360369,-0.234564,0.250838,-0.363682,-0.232850,0.229136,-0.398117,-0.201980,0.247297,-0.399112,-0.159070,0.272260,-0.395177,-0.199332
2026-08-05 17:49:19.293,10.599990,0.000000,0.000000,0.000000,0.350296,-0.362868,-0.230395,0.149799,-0.356243,-0.233822,0.250047,-0.359556,-0.232108,0.228344,-0.393991,-0.201238,0.246435,-0.396004,-0.158376,0.271468,-0.391050,-0.198589
2026-08-05 17:49:19.393,10.699990,0.000000,0.000000,0.000000,0.350494,-0.363900,-0.230580,0.149996,-0.357275,-0.234007,0.250245,-0.360587,-0.232294,0.228542,-0.395022,-0.201423,0.246703,-0.396017,-0.158514,0.271774,-0.391066,-0.198790
2026-08-05 17:49:19.493,10.799990,0.000000,0.000000,0.000000,0.350296,-0.362868,-0.230395,0.149874,-0.357262,-0.233756,0.250085,-0.360065,-0.232075,0.228328,-0.394016,-0.201961,0.246506,-0.394986,-0.158328,0.271468,-0.391050,-0.198589
2026-08-05 17:49:19.593,10.899990,0.000000,0.000000,0.000000,0.351066,-0.369037,-0.231261,0.150787,-0.361401,-0.234749,0.250927,-0.365219,-0.233005,0.229317,-0.399174,-0.202888,0.247424,-0.401162,-0.159304,0.272565,-0.395193,-0.199532
2026-08-05 17:49:19.693,10.999990,0.000000,0.000000,0.000000,0.350670,-0.366974,-0.230890,0.150468,-0.360357,-0.234312,0.250569,-0.363665,-0.232601,0.228922,-0.397111,-0.202517,0.247029,-0.399099,-0.158932,0.272116,-0.393637,-0.199154
2026-08-05 17:49:19.793,11.099989,0.000000,0.000000,0.000000,0.350670,-0.366974,-0.230890,0.150468,-0.360357,-0.234312,0.250569,-0.363665,-0.232601,0.228922,-0.397111,-0.202517,0.247099,-0.398080,-0.158885,0.272170,-0.393129,-0.199161
2026-08-05 17:49:19.893,11.199989,0.000000,0.000000,0.000000,0.329146,-0.370276,-0.257002,0.129426,-0.353138,-0.256469,0.229286,-0.361707,-0.256736,0.206590,-0.396165,-0.227306,0.225351,-0.400257,-0.184841,0.249841,-0.395382,-0.225289
2026-08-05 17:49:19.993,11.299989,0.000000,0.000000,0.000000,0.329703,-0.371332,-0.257501,0.129746,-0.356218,-0.256944,0.229724,-0.363775,-0.257223,0.206881,-0.398222,-0.227793,0.225642,-0.402314,-0.185328,0.250288,-0.396430,-0.225740
2026-08-05 17:49:20.093,11.399989,0.000000,0.000000,0.000000,0.350691,-0.364931,-0.230766,0.150194,-0.358306,-0.234193,0.250443,-0.361619,-0.232479,0.228740,-0.396054,-0.201609,0.246831,-0.398068,-0.158747,0.271972,-0.392098,-0.198975
2026-08-05 17:49:20.193,11.499989,0.000000,0.000000,0.000000,0.351066,-0.369037,-0.231261,0.150712,-0.360382,-0.234815,0.250889,-0.364709,-0.233038,0.229333,-0.399148,-0.202165,0.247494,-0.400143,-0.159256,0.272565,-0.395193,-0.199532
2026-08-05 17:49:20.293,11.599989,0.000000,0.000000,0.000000,0.350472,-0.365942,-0.230705,0.150194,-0.358306,-0.234193,0.250333,-0.362124,-0.232449,0.228740,-0.396054,-0.201609,0.246901,-0.397049,-0.158699,0.271972,-0.392098,-0.198975
2026-08-05 17:49:20.393,11.699989,0.000000,0.000000,0.000000,0.350275,-0.364911,-0.230519,0.149996,-0.357275,-0.234007,0.250135,-0.361093,-0.232263,0.228542,-0.395022,-0.201423,0.246703,-0.396017,-0.158514,0.271774,-0.391066,-0.198790
2026-08-05 17:49:20.493,11.799989,0.000000,0.000000,0.000000,0.350077,-0.363879,-0.230333,0.149799,-0.356243,-0.233822,0.249938,-0.360061,-0.232078,0.228344,-0.393991,-0.201238,0.246506,-0.394986,-0.158328,0.271576,-0.390035,-0.198604
2026-08-05 17:49:20.593,11.899989,0.000000,0.000000,0.000000,0.329291,-0.371305,-0.257245,0.129600,-0.355190,-0.256701,0.229446,-0.363247,-0.256973,0.206645,-0.398207,-0.227582,0.225377,-0.402296,-0.185183,0.250142,-0.395401,-0.225497
2026-08-05 17:49:20.693,11.999989,0.000000,0.000000,0.000000,0.350472,-0.365942,-0.230705,0.150270,-0.359325,-0.234127,0.250371,-0.362634,-0.232416,0.228740,-0.396054,-0.201609,0.246901,-0.397049,-0.158699,0.271864,-0.393113,-0.198961
2026-08-05 17:49:20.793,12.099988,0.000000,0.000000,0.000000,0.350670,-0.366974,-0.230890,0.150468,-0.360357,-0.234312,0.250569,-0.363665,-0.232601,0.228938,-0.397085,-0.201794,0.247099,-0.398080,-0.158885,0.272062,-0.394145,-0.199146
2026-08-05 17:49:20.893,12.199988,0.000000,0.000000,0.000000,0.349900,-0.360805,-0.230023,0.149403,-0.354180,-0.233450,0.249652,-0.357493,-0.231737,0.227933,-0.391953,-0.201589,0.246040,-0.393941,-0.158005,0.271181,-0.387972,-0.198233
2026-08-05 17:49:20.993,12.299988,0.000000,0.000000,0.000000,0.350494,-0.363900,-0.230580,0.149996,-0.357275,-0.234007,0.250245,-0.360587,-0.232294,0.228542,-0.395022,-0.201423,0.246703,-0.396017,-0.158514,0.271774,-0.391066,-0.198790
2026-08-05 17:49:21.093,12.399988,0.000000,0.000000,0.000000,0.350098,-0.361837,-0.230209,0.149601,-0.355212,-0.233636,0.249849,-0.358524,-0.231922,0.228147,-0.392959,-0.201052,0.246237,-0.394973,-0.158190,0.271379,-0.389003,-0.198419
2026-08-05 17:49:21.193,12.499988,0.000000,0.000000,0.000000,0.350691,-0.364931,-0.230766,0.150194,-0.358306,-0.234193,0.250443,-0.361619,-0.232479,0.228724,-0.396080,-0.202332,0.246901,-0.397049,-0.158699,0.271864,-0.393113,-0.198961
2026-08-05 17:49:21.293,12.599988,0.000000,0.000000,0.000000,0.350889,-0.365963,-0.230951,0.150392,-0.359338,-0.234378,0.250641,-0.362650,-0.232665,0.228922,-0.397111,-0.202517,0.247099,-0.398080,-0.158885,0.272062,-0.394145,-0.199146
2026-08-05 17:49:21.393,12.699988,0.000000,0.000000,0.000000,0.350889,-0.365963,-0.230951,0.150392,-0.359338,-0.234378,0.250641,-0.362650,-0.232665,0.228938,-0.397085,-0.201794,0.247099,-0.398080,-0.158885,0.272170,-0.393129,-0.199161
2026-08-05 17:49:21.493,12.799988,0.000000,0.000000,0.000000,0.350889,-0.365963,-0.230951,0.150392,-0.359338,-0.234378,0.250641,-0.362650,-0.232665,0.228938,-0.397085,-0.201794,0.247099,-0.398080,-0.158885,0.272170,-0.393129,-0.199161
2026-08-05 17:49:21.593,12.899988,0.000000,0.000000,0.000000,0.336810,-0.383209,-0.226933,0.136928,-0.368289,-0.229498,0.236869,-0.375749,-0.228216,0.214228,-0.408380,-0.196733,0.232588,-0.409373,-0.153909,0.257590,-0.405971,-0.194388
2026-08-05 17:49:21.693,12.999988,0.000000,0.000000,0.000000,0.350868,-0.368005,-0.231076,0.150590,-0.360369,-0.234564,0.250729,-0.364187,-0.232820,0.229136,-0.398117,-0.201980,0.247297,-0.399112,-0.159070,0.272368,-0.394161,-0.199347
2026-08-05 17:49:21.793,13.099988,0.000000,0.000000,0.000000,0.351285,-0.368026,-0.231322,0.150863,-0.362420,-0.234683,0.251074,-0.365223,-0.233003,0.229333,-0.399148,-0.202165,0.247494,-0.400143,-0.159256,0.272565,-0.395193,-0.199532
2026-08-05 17:49:21.893,13.199987,0.000000,0.000000,0.000000,0.329582,-0.373362,-0.257732,0.129863,-0.356223,-0.257199,0.229723,-0.364792,-0.257466,0.207026,-0.399250,-0.228036,0.225788,-0.403342,-0.185571,0.250278,-0.398467,-0.226019
2026-08-05 17:49:21.993,13.299987,0.000000,0.000000,0.000000,0.350670,-0.366974,-0.230890,0.150468,-0.360357,-0.234312,0.250569,-0.363665,-0.232601,0.228938,-0.397085,-0.201794,0.247099,-0.398080,-0.158885,0.272062,-0.394145,-0.199146
2026-08-05 17:49:22.093,13.399987,0.000000,0.000000,0.000000,0.350868,-0.368005,-0.231076,0.150514,-0.359350,-0.234630,0.250691,-0.363678,-0.232853,0.229119,-0.398143,-0.202703,0.247297,-0.399112,-0.159070,0.272260,-0.395177,-0.199332
2026-08-05 17:49:22.193,13.499987,0.000000,0.000000,0.000000,0.350275,-0.364911,-0.230519,0.149996,-0.357275,-0.234007,0.250135,-0.361093,-0.232263,0.228542,-0.395022,-0.201423,0.246703,-0.396017,-0.158514,0.271774,-0.391066,-0.198790
2026-08-05 17:49:22.293,13.599987,0.000000,0.000000,0.000000,0.328975,-0.366190,-0.256285,0.128990,-0.350052,-0.255740,0.228982,-0.358121,-0.256012,0.206153,-0.393080,-0.226576,0.224914,-0.397172,-0.184111,0.249404,-0.392296,-0.224559
2026-08-05 17:49:22.393,13.699987,0.000000,0.000000,0.000000,0.350889,-0.365963,-0.230951,0.150468,-0.360357,-0.234312,0.250678,-0.363160,-0.232632,0.228938,-0.397085,-0.201794,0.247099,-0.398080,-0.158885,0.272170,-0.393129,-0.199161
2026-08-05 17:49:22.493,13.799987,0.000000,0.000000,0.000000,0.350494,-0.363900,-0.230580,0.149921,-0.356256,-0.234073,0.250207,-0.360078,-0.232327,0.228542,-0.395022,-0.201423,0.246703,-0.396017,-0.158514,0.271774,-0.391066,-0.198790
2026-08-05 17:49:22.593,13.899987,0.000000,0.000000,0.000000,0.351087,-0.366995,-0.231137,0.150665,-0.361388,-0.234498,0.250876,-0.364191,-0.232817,0.229136,-0.398117,-0.201980,0.247297,-0.399112,-0.159070,0.272368,-0.394161,-0.199347
2026-08-05 17:49:22.693,13.999987,0.000000,0.000000,0.000000,0.350494,-0.363900,-0.230580,0.149996,-0.357275,-0.234007,0.250245,-0.360587,-0.232294,0.228542,-0.395022,-0.201423,0.246703,-0.396017,-0.158514,0.271666,-0.392082,-0.198775
2026-08-05 17:49:22.793,14.099987,0.000000,0.000000,0.000000,0.350670,-0.366974,-0.230890,0.150392,-0.359338,-0.234378,0.250531,-0.363156,-0.232634,0.228922,-0.397111,-0.202517,0.247099,-0.398080,-0.158885,0.272062,-0.394145,-0.199146
2026-08-05 17:49:22.893,14.199986,0.000000,0.000000,0.000000,0.351263,-0.370068,-0.231447,0.151061,-0.363451,-0.234869,0.251162,-0.366760,-0.233158,0.229531,-0.400180,-0.202351,0.247692,-0.401175,-0.159442,0.272655,-0.397240,-0.199703
2026-08-05 17:49:22.993,14.299986,0.000000,0.000000,0.000000,0.349900,-0.360805,-0.230023,0.149479,-0.355199,-0.233384,0.249689,-0.358002,-0.231704,0.227933,-0.391953,-0.201589,0.246110,-0.392923,-0.157957,0.271181,-0.387972,-0.198233
2026-08-05 17:49:23.093,14.399986,0.000000,0.000000,0.000000,0.350691,-0.364931,-0.230766,0.150194,-0.358306,-0.234193,0.250443,-0.361619,-0.232479,0.228740,-0.396054,-0.201609,0.246901,-0.397049,-0.158699,0.271864,-0.393113,-0.198961
2026-08-05 17:49:23.193,14.499986,0.000000,0.000000,0.000000,0.351087,-0.366995,-0.231137,0.150590,-0.360369,-0.234564,0.250838,-0.363682,-0.232850,0.229119,-0.398143,-0.202703,0.247297,-0.399112,-0.159070,0.272368,-0.394161,-0.199347
2026-08-05 17:49:23.293,14.599986,0.000000,0.000000,0.000000,0.351285,-0.368026,-0.231322,0.150787,-0.361401,-0.234749,0.251036,-0.364714,-0.233036,0.229317,-0.399174,-0.202888,0.247494,-0.400143,-0.159256,0.272565,-0.395193,-0.199532
2026-08-05 17:49:23.393,14.699986,0.000000,0.000000,0.000000,0.350494,-0.363900,-0.230580,0.150072,-0.358294,-0.233941,0.250283,-0.361097,-0.232261,0.228542,-0.395022,-0.201423,0.246633,-0.397036,-0.158561,0.271774,-0.391066,-0.198790
2026-08-05 17:49:23.493,14.799986,0.000000,0.000000,0.000000,0.351087,-0.366995,-0.231137,0.150665,-0.361388,-0.234498,0.250876,-0.364191,-0.232817,0.229136,-0.398117,-0.201980,0.247297,-0.399112,-0.159070,0.272368,-0.394161,-0.199347
2026-08-05 17:49:23.593,14.899986,0.000000,0.000000,0.000000,0.351285,-0.368026,-0.231322,0.150863,-0.362420,-0.234683,0.251074,-0.365223,-0.233003,0.229359,-0.398157,-0.202909,0.247424,-0.401162,-0.159304,0.272565,-0.395193,-0.199532
2026-08-05 17:49:23.693,14.999986,0.000000,0.000000,0.000000,0.350275,-0.364911,-0.230519,0.149921,-0.356256,-0.234073,0.250098,-0.360583,-0.232296,0.228542,-0.395022,-0.201423,0.246703,-0.396017,-0.158514,0.271666,-0.392082,-0.198775
2026-08-05 17:49:23.793,15.099986,0.000000,0.000000,0.000000,0.350275,-0.364911,-0.230519,0.150072,-0.358294,-0.233941,0.250173,-0.361602,-0.232230,0.228542,-0.395022,-0.201423,0.246703,-0.396017,-0.158514,0.271774,-0.391066,-0.198790
2026-08-05 17:49:23.893,15.199986,0.000000,0.000000,0.000000,0.350889,-0.365963,-0.230951,0.150392,-0.359338,-0.234378,0.250641,-0.362650,-0.232665,0.228922,-0.397111,-0.202517,0.247099,-0.398080,-0.158885,0.272170,-0.393129,-0.199161
2026-08-05 17:49:23.993,15.299985,0.000000,0.000000,0.000000,0.329120,-0.367218,-0.256528,0.129135,-0.351081,-0.255983,0.229128,-0.359149,-0.256255,0.206299,-0.394108,-0.226820,0.225060,-0.398200,-0.184354,0.249706,-0.392316,-0.224767
2026-08-05 17:49:24.093,15.399985,0.000000,0.000000,0.000000,0.337065,-0.382208,-0.227011,0.136967,-0.369308,-0.229416,0.237016,-0.375758,-0.228214,0.214228,-0.408380,-0.196733,0.232480,-0.410389,-0.153940,0.257445,-0.406982,-0.194356
2026-08-05 17:49:24.193,15.499985,0.000000,0.000000,0.000000,0.350889,-0.365963,-0.230951,0.150392,-0.359338,-0.234378,0.250641,-0.362650,-0.232665,0.228922,-0.397111,-0.202517,0.247099,-0.398080,-0.158885,0.272170,-0.393129,-0.199161
2026-08-05 17:49:24.293,15.599985,0.000000,0.000000,0.000000,0.350275,-0.364911,-0.230519,0.149996,-0.357275,-0.234007,0.250135,-0.361093,-0.232263,0.228526,-0.395048,-0.202146,0.246633,-0.397036,-0.158561,0.271666,-0.392082,-0.198775
2026-08-05 17:49:24.393,15.699985,0.000000,0.000000,0.000000,0.351482,-0.369058,-0.231508,0.151061,-0.363451,-0.234869,0.251272,-0.366254,-0.233188,0.229531,-0.400180,-0.202351,0.247692,-0.401175,-0.159442,0.272763,-0.396224,-0.199718
2026-08-05 17:49:24.493,15.799985,0.000000,0.000000,0.000000,0.350691,-0.364931,-0.230766,0.150270,-0.359325,-0.234127,0.250481,-0.362128,-0.232446,0.228740,-0.396054,-0.201609,0.246901,-0.397049,-0.158699,0.271972,-0.392098,-0.198975
2026-08-05 17:49:24.593,15.899985,0.000000,0.000000,0.000000,0.351482,-0.369058,-0.231508,0.151061,-0.363451,-0.234869,0.251272,-0.366254,-0.233188,0.229531,-0.400180,-0.202351,0.247692,-0.401175,-0.159442,0.272709,-0.396732,-0.199710
2026-08-05 17:49:24.693,15.999985,0.000000,0.000000,0.000000,0.351263,-0.370068,-0.231447,0.150985,-0.362432,-0.234935,0.251124,-0.366250,-0.233191,0.229531,-0.400180,-0.202351,0.247692,-0.401175,-0.159442,0.272655,-0.397240,-0.199703
2026-08-05 17:49:24.793,16.099985,0.000000,0.000000,0.000000,0.350275,-0.364911,-0.230519,0.150072,-0.358294,-0.233941,0.250173,-0.361602,-0.232230,0.228542,-0.395022,-0.201423,0.246703,-0.396017,-0.158514,0.271666,-0.392082,-0.198775
2026-08-05 17:49:24.893,16.199985,0.000000,0.000000,0.000000,0.351087,-0.366995,-0.231137,0.150590,-0.360369,-0.234564,0.250838,-0.363682,-0.232850,0.229136,-0.398117,-0.201980,0.247297,-0.399112,-0.159070,0.272368,-0.394161,-0.199347
2026-08-05 17:49:24.993,16.299984,0.000000,0.000000,0.000000,0.350275,-0.364911,-0.230519,0.149921,-0.356256,-0.234073,0.250098,-0.360583,-0.232296,0.228500,-0.396039,-0.201404,0.246703,-0.396017,-0.158514,0.271774,-0.391066,-0.198790
2026-08-05 17:49:25.093,16.399984,0.000000,0.000000,0.000000,0.350098,-0.361837,-0.230209,0.149601,-0.355212,-0.233636,0.249849,-0.358524,-0.231922,0.228105,-0.393976,-0.201033,0.246308,-0.393954,-0.158143,0.271379,-0.389003,-0.198419
2026-08-05 17:49:25.193,16.499984,0.000000,0.000000,0.000000,0.350868,-0.368005,-0.231076,0.150590,-0.360369,-0.234564,0.250729,-0.364187,-0.232820,0.229119,-0.398143,-0.202703,0.247297,-0.399112,-0.159070,0.272260,-0.395177,-0.199332
2026-08-05 17:49:25.293,16.599984,0.000000,0.000000,0.000000,0.350296,-0.362868,-0.230395,0.149799,-0.356243,-0.233822,0.250047,-0.359556,-0.232108,0.228328,-0.394016,-0.201961,0.246506,-0.394986,-0.158328,0.271576,-0.390035,-0.198604
2026-08-05 17:49:25.393,16.699984,0.000000,0.000000,0.000000,0.350670,-0.366974,-0.230890,0.150392,-0.359338,-0.234378,0.250531,-0.363156,-0.232634,0.228938,-0.397085,-0.201794,0.247099,-0.398080,-0.158885,0.272170,-0.393129,-0.199161
2026-08-05 17:49:25.493,16.799984,0.000000,0.000000,0.000000,0.350889,-0.365963,-0.230951,0.150392,-0.359338,-0.234378,0.250641,-0.362650,-0.232665,0.228938,-0.397085,-0.201794,0.247099,-0.398080,-0.158885,0.272170,-0.393129,-0.199161
2026-08-05 17:49:25.593,16.899984,0.000000,0.000000,0.000000,0.350868,-0.368005,-0.231076,0.150590,-0.360369,-0.234564,0.250729,-0.364187,-0.232820,0.229094,-0.399134,-0.201961,0.247297,-0.399112,-0.159070,0.272368,-0.394161,-0.199347
2026-08-05 17:49:25.693,16.999984,0.000000,0.000000,0.000000,0.337161,-0.380166,-0.226919,0.136768,-0.367248,-0.229328,0.236965,-0.373707,-0.228123,0.214068,-0.407339,-0.196563,0.232428,-0.408332,-0.153738,0.257285,-0.405941,-0.194186
2026-08-05 17:49:25.793,17.099984,0.000000,0.000000,0.000000,0.350275,-0.364911,-0.230519,0.149996,-0.357275,-0.234007,0.250135,-0.361093,-0.232263,0.228542,-0.395022,-0.201423,0.246703,-0.396017,-0.158514,0.271774,-0.391066,-0.198790
2026-08-05 17:49:25.893,17.199984,0.000000,0.000000,0.000000,0.350889,-0.365963,-0.230951,0.150468,-0.360357,-0.234312,0.250678,-0.363160,-0.232632,0.228938,-0.397085,-0.201794,0.247099,-0.398080,-0.158885,0.272170,-0.393129,-0.199161
2026-08-05 17:49:25.993,17.299984,0.000000,0.000000,0.000000,0.350868,-0.368005,-0.231076,0.150590,-0.360369,-0.234564,0.250729,-0.364187,-0.232820,0.229136,-0.398117,-0.201980,0.247297,-0.399112,-0.159070,0.272260,-0.395177,-0.199332
2026-08-05 17:49:26.093,17.399983,0.000000,0.000000,0.000000,0.349702,-0.359774,-0.229838,0.149205,-0.353149,-0.233265,0.249454,-0.356461,-0.231551,0.227735,-0.390922,-0.201404,0.245842,-0.392910,-0.157819,0.270983,-0.386940,-0.198048
2026-08-05 17:49:26.193,17.499983,0.000000,0.000000,0.000000,0.350670,-0.366974,-0.230890,0.150468,-0.360357,-0.234312,0.250569,-0.363665,-0.232601,0.228922,-0.397111,-0.202517,0.247099,-0.398080,-0.158885,0.272170,-0.393129,-0.199161
2026-08-05 17:49:26.293,17.599983,0.000000,0.000000,0.000000,0.350868,-0.368005,-0.231076,0.150665,-0.361388,-0.234498,0.250767,-0.364697,-0.232787,0.229177,-0.397100,-0.201999,0.247297,-0.399112,-0.159070,0.272368,-0.394161,-0.199347
2026-08-05 17:49:26.393,17.699983,0.000000,0.000000,0.000000,0.350889,-0.365963,-0.230951,0.150392,-0.359338,-0.234378,0.250641,-0.362650,-0.232665,0.228922,-0.397111,-0.202517,0.247099,-0.398080,-0.158885,0.272170,-0.393129,-0.199161
2026-08-05 17:49:26.493,17.799983,0.000000,0.000000,0.000000,0.350472,-0.365942,-0.230705,0.150270,-0.359325,-0.234127,0.250371,-0.362634,-0.232416,0.228740,-0.396054,-0.201609,0.246901,-0.397049,-0.158699,0.271972,-0.392098,-0.198975
2026-08-05 17:49:26.593,17.899983,0.000000,0.000000,0.000000,0.350296,-0.362868,-0.230395,0.149799,-0.356243,-0.233822,0.250047,-0.359556,-0.232108,0.228286,-0.395034,-0.201940,0.246506,-0.394986,-0.158328,0.271576,-0.390035,-0.198604
2026-08-05 17:49:26.693,17.999983,0.000000,0.000000,0.000000,0.350098,-0.361837,-0.230209,0.149601,-0.355212,-0.233636,0.249849,-0.358524,-0.231922,0.228147,-0.392959,-0.201052,0.246308,-0.393954,-0.158143,0.271379,-0.389003,-0.198419
2026-08-05 17:49:26.793,18.099983,0.000000,0.000000,0.000000,0.337225,-0.383249,-0.227182,0.137088,-0.369330,-0.229668,0.237157,-0.376289,-0.228425,0.214388,-0.409421,-0.196903,0.232748,-0.410414,-0.154079,0.257605,-0.408023,-0.194527
2026-08-05 17:49:26.893,18.199983,0.000000,0.000000,0.000000,0.350296,-0.362868,-0.230395,0.149799,-0.356243,-0.233822,0.250047,-0.359556,-0.232108,0.228328,-0.394016,-0.201961,0.246506,-0.394986,-0.158328,0.271576,-0.390035,-0.198604
2026-08-05 17:49:26.993,18.299983,0.000000,0.000000,0.000000,0.351087,-0.366995,-0.231137,0.150514,-0.359350,-0.234630,0.250800,-0.363173,-0.232883,0.229136,-0.398117,-0.201980,0.247262,-0.399621,-0.159094,0.272260,-0.395177,-0.199332
2026-08-05 17:49:27.093,18.399982,0.000000,0.000000,0.000000,0.350296,-0.362868,-0.230395,0.149799,-0.356243,-0.233822,0.250047,-0.359556,-0.232108,0.228344,-0.393991,-0.201238,0.246506,-0.394986,-0.158328,0.271468,-0.391050,-0.198589
2026-08-05 17:49:27.193,18.499982,0.000000,0.000000,0.000000,0.350494,-0.363900,-0.230580,0.150072,-0.358294,-0.233941,0.250283,-0.361097,-0.232261,0.228542,-0.395022,-0.201423,0.246703,-0.396017,-0.158514,0.271774,-0.391066,-0.198790
2026-08-05 17:49:27.293,18.599982,0.000000,0.000000,0.000000,0.350296,-0.362868,-0.230395,0.149799,-0.356243,-0.233822,0.250047,-0.359556,-0.232108,0.228344,-0.393991,-0.201238,0.246506,-0.394986,-0.158328,0.271576,-0.390035,-0.198604
2026-08-05 17:49:27.393,18.699982,0.000000,0.000000,0.000000,0.350889,-0.365963,-0.230951,0.150468,-0.360357,-0.234312,0.250678,-0.363160,-0.232632,0.228896,-0.398103,-0.201775,0.247099,-0.398080,-0.158885,0.272170,-0.393129,-0.199161
2026-08-05 17:49:27.493,18.799982,0.000000,0.000000,0.000000,0.336650,-0.382168,-0.226763,0.136768,-0.367248,-0.229328,0.236709,-0.374708,-0.228045,0.214046,-0.407375,-0.197285,0.232320,-0.409348,-0.153769,0.257285,-0.405941,-0.194186
2026-08-05 17:49:27.593,18.899982,0.000000,0.000000,0.000000,0.350691,-0.364931,-0.230766,0.150194,-0.358306,-0.234193,0.250443,-0.361619,-0.232479,0.228740,-0.396054,-0.201609,0.246901,-0.397049,-0.158699,0.271864,-0.393113,-0.198961
2026-08-05 17:49:27.693,18.999982,0.000000,0.000000,0.000000,0.350275,-0.364911,-0.230519,0.149996,-0.357275,-0.234007,0.250135,-0.361093,-0.232263,0.228542,-0.395022,-0.201423,0.246703,-0.396017,-0.158514,0.271666,-0.392082,-0.198775
2026-08-05 17:49:27.793,19.099982,0.000000,0.000000,0.000000,0.350296,-0.362868,-0.230395,0.149799,-0.356243,-0.233822,0.250047,-0.359556,-0.232108,0.228344,-0.393991,-0.201238,0.246506,-0.394986,-0.158328,0.271576,-0.390035,-0.198604
2026-08-05 17:49:27.893,19.199982,0.000000,0.000000,0.000000,0.349900,-0.360805,-0.230023,0.149479,-0.355199,-0.233384,0.249689,-0.358002,-0.231704,0.227949,-0.391928,-0.200867,0.246110,-0.392923,-0.157957,0.271181,-0.387972,-0.198233
2026-08-05 17:49:27.993,19.299982,0.000000,0.000000,0.000000,0.350691,-0.364931,-0.230766,0.150194,-0.358306,-0.234193,0.250443,-0.361619,-0.232479,0.228724,-0.396080,-0.202332,0.246901,-0.397049,-0.158699,0.271972,-0.392098,-0.198975
2026-08-05 17:49:28.093,19.399981,0.000000,0.000000,0.000000,0.336810,-0.383209,-0.226933,0.136967,-0.369308,-0.229416,0.236888,-0.376259,-0.228175,0.214149,-0.409394,-0.196698,0.232588,-0.409373,-0.153909,0.257445,-0.406982,-0.194356
2026-08-05 17:49:28.193,19.499981,0.000000,0.000000,0.000000,0.350691,-0.364931,-0.230766,0.150270,-0.359325,-0.234127,0.250481,-0.362128,-0.232446,0.228724,-0.396080,-0.202332,0.246901,-0.397049,-0.158699,0.271972,-0.392098,-0.198975
2026-08-05 17:49:28.293,19.599981,0.000000,0.000000,0.000000,0.350098,-0.361837,-0.230209,0.149676,-0.356231,-0.233570,0.249887,-0.359034,-0.231889,0.228147,-0.392959,-0.201052,0.246308,-0.393954,-0.158143,0.271379,-0.389003,-0.198419
2026-08-05 17:49:28.393,19.699981,0.000000,0.000000,0.000000,0.351066,-0.369037,-0.231261,0.150863,-0.362420,-0.234683,0.250964,-0.365728,-0.232972,0.229333,-0.399148,-0.202165,0.247494,-0.400143,-0.159256,0.272457,-0.396208,-0.199517
2026-08-05 17:49:28.493,19.799981,0.000000,0.000000,0.000000,0.336330,-0.380086,-0.226422,0.136487,-0.366186,-0.228905,0.236409,-0.373136,-0.227664,0.213748,-0.405257,-0.196222,0.232108,-0.406250,-0.153397,0.257110,-0.402849,-0.193877
2026-08-05 17:49:28.593,19.899981,0.000000,0.000000,0.000000,0.350494,-0.363900,-0.230580,0.150072,-0.358294,-0.233941,0.250283,-0.361097,-0.232261,0.228526,-0.395048,-0.202146,0.246703,-0.396017,-0.158514,0.271666,-0.392082,-0.198775
2026-08-05 17:49:28.693,19.999981,0.000000,0.000000,0.000000,0.350296,-0.362868,-0.230395,0.149799,-0.356243,-0.233822,0.250047,-0.359556,-0.232108,0.228328,-0.394016,-0.201961,0.246506,-0.394986,-0.158328,0.271576,-0.390035,-0.198604
2026-08-05 17:49:28.793,20.099981,0.000000,0.000000,0.000000,0.351087,-0.366995,-0.231137,0.150665,-0.361388,-0.234498,0.250876,-0.364191,-0.232817,0.229136,-0.398117,-0.201980,0.247297,-0.399112,-0.159070,0.272368,-0.394161,-0.199347
2026-08-05 17:49:28.893,20.199981,0.000000,0.000000,0.000000,0.351659,-0.372131,-0.231818,0.151456,-0.365514,-0.235240,0.251558,-0.368823,-0.233529,0.229927,-0.402243,-0.202722,0.248088,-0.403238,-0.159813,0.273159,-0.398287,-0.200089
2026-08-05 17:49:28.993,20.299981,0.000000,0.000000,0.000000,0.350494,-0.363900,-0.230580,0.150072,-0.358294,-0.233941,0.250283,-0.361097,-0.232261,0.228542,-0.395022,-0.201423,0.246703,-0.396017,-0.158514,0.271774,-0.391066,-0.198790
2026-08-05 17:49:29.093,20.399981,0.000000,0.000000,0.000000,0.350098,-0.361837,-0.230209,0.149676,-0.356231,-0.233570,0.249887,-0.359034,-0.231889,0.228147,-0.392959,-0.201052,0.246237,-0.394973,-0.158190,0.271379,-0.389003,-0.198419
2026-08-05 17:49:29.193,20.499980,0.000000,0.000000,0.000000,0.350077,-0.363879,-0.230333,0.149950,-0.358281,-0.233690,0.250013,-0.361080,-0.232012,0.228344,-0.393991,-0.201238,0.246506,-0.394986,-0.158328,0.271576,-0.390035,-0.198604
2026-08-05 17:49:29.293,20.599980,0.000000,0.000000,0.000000,0.336745,-0.380126,-0.226671,0.136647,-0.367227,-0.229076,0.236696,-0.373676,-0.227873,0.213908,-0.406298,-0.196392,0.232268,-0.407291,-0.153568,0.257270,-0.403890,-0.194047
2026-08-05 17:49:29.393,20.699980,0.000000,0.000000,0.000000,0.350868,-0.368005,-0.231076,0.150590,-0.360369,-0.234564,0.250729,-0.364187,-0.232820,0.229136,-0.398117,-0.201980,0.247297,-0.399112,-0.159070,0.272260,-0.395177,-0.199332
2026-08-05 17:49:29.493,20.799980,0.000000,0.000000,0.000000,0.350889,-0.365963,-0.230951,0.150392,-0.359338,-0.234378,0.250641,-0.362650,-0.232665,0.228922,-0.397111,-0.202517,0.247099,-0.398080,-0.158885,0.272170,-0.393129,-0.199161
2026-08-05 17:49:29.593,20.899980,0.000000,0.000000,0.000000,0.349483,-0.360784,-0.229777,0.149205,-0.353149,-0.233265,0.249344,-0.356966,-0.231521,0.227735,-0.390922,-0.201404,0.245912,-0.391891,-0.157772,0.270983,-0.386940,-0.198048
2026-08-05 17:49:29.693,20.999980,0.000000,0.000000,0.000000,0.351461,-0.371100,-0.231632,0.151183,-0.363464,-0.235120,0.251322,-0.367282,-0.233376,0.229708,-0.401720,-0.202527,0.247906,-0.402181,-0.158907,0.272961,-0.397256,-0.199903
2026-08-05 17:49:29.793,21.099980,0.000000,0.000000,0.000000,0.350889,-0.365963,-0.230951,0.150392,-0.359338,-0.234378,0.250641,-0.362650,-0.232665,0.228938,-0.397085,-0.201794,0.247115,-0.398054,-0.158164,0.272062,-0.394145,-0.199146
2026-08-05 17:49:29.893,21.199980,0.000000,0.000000,0.000000,0.350098,-0.361837,-0.230209,0.149601,-0.355212,-0.233636,0.249849,-0.358524,-0.231922,0.228147,-0.392959,-0.201052,0.246254,-0.394947,-0.157471,0.271379,-0.389003,-0.198419
2026-08-05 17:49:29.993,21.299980,0.000000,0.000000,0.000000,0.350275,-0.364911,-0.230519,0.149996,-0.357275,-0.234007,0.250135,-0.361093,-0.232263,0.228500,-0.396039,-0.201404,0.246719,-0.395991,-0.157793,0.271774,-0.391066,-0.198790
2026-08-05 17:49:30.093,21.399980,0.000000,0.000000,0.000000,0.350889,-0.365963,-0.230951,0.150392,-0.359338,-0.234378,0.250641,-0.362650,-0.232665,0.228938,-0.397085,-0.201794,0.247115,-0.398054,-0.158164,0.272062,-0.394145,-0.199146
2026-08-05 17:49:30.193,21.499979,0.000000,0.000000,0.000000,0.351108,-0.364952,-0.231012,0.150468,-0.360357,-0.234312,0.250788,-0.362655,-0.232662,0.228938,-0.397085,-0.201794,0.247045,-0.399073,-0.158213,0.272170,-0.393129,-0.199161
2026-08-05 17:49:30.293,21.599979,0.000000,0.000000,0.000000,0.350077,-0.363879,-0.230333,0.149799,-0.356243,-0.233822,0.249938,-0.360061,-0.232078,0.228344,-0.393991,-0.201238,0.246451,-0.395979,-0.157656,0.271576,-0.390035,-0.198604
2026-08-05 17:49:30.393,21.699979,0.000000,0.000000,0.000000,0.350889,-0.365963,-0.230951,0.150468,-0.360357,-0.234312,0.250678,-0.363160,-0.232632,0.228938,-0.397085,-0.201794,0.247115,-0.398054,-0.158164,0.272170,-0.393129,-0.199161
2026-08-05 17:49:30.493,21.799979,0.000000,0.000000,0.000000,0.350889,-0.365963,-0.230951,0.150468,-0.360357,-0.234312,0.250678,-0.363160,-0.232632,0.228938,-0.397085,-0.201794,0.247115,-0.398054,-0.158164,0.272062,-0.394145,-0.199146
2026-08-05 17:49:30.593,21.899979,0.000000,0.000000,0.000000,0.350691,-0.364931,-0.230766,0.150194,-0.358306,-0.234193,0.250443,-0.361619,-0.232479,0.228740,-0.396054,-0.201609,0.246917,-0.397023,-0.157979,0.271864,-0.393113,-0.198961
2026-08-05 17:49:30.693,21.999979,0.000000,0.000000,0.000000,0.350494,-0.363900,-0.230580,0.150072,-0.358294,-0.233941,0.250283,-0.361097,-0.232261,0.228484,-0.396065,-0.202126,0.246649,-0.397010,-0.157842,0.271666,-0.392082,-0.198775
2026-08-05 17:49:30.793,22.099979,0.000000,0.000000,0.000000,0.351285,-0.368026,-0.231322,0.150787,-0.361401,-0.234749,0.251036,-0.364714,-0.233036,0.229317,-0.399174,-0.202888,0.247511,-0.400118,-0.158535,0.272565,-0.395193,-0.199532
2026-08-05 17:49:30.893,22.199979,0.000000,0.000000,0.000000,0.350494,-0.363900,-0.230580,0.150072,-0.358294,-0.233941,0.250283,-0.361097,-0.232261,0.228542,-0.395022,-0.201423,0.246735,-0.395966,-0.157072,0.271774,-0.391066,-0.198790
2026-08-05 17:49:30.993,22.299979,0.000000,0.000000,0.000000,0.350670,-0.366974,-0.230890,0.150468,-0.360357,-0.234312,0.250569,-0.363665,-0.232601,0.228896,-0.398103,-0.201775,0.247131,-0.398029,-0.157444,0.272170,-0.393129,-0.199161
2026-08-05 17:49:31.093,22.399979,0.000000,0.000000,0.000000,0.350296,-0.362868,-0.230395,0.149799,-0.356243,-0.233822,0.250047,-0.359556,-0.232108,0.228328,-0.394016,-0.201961,0.246538,-0.394934,-0.156887,0.271576,-0.390035,-0.198604
2026-08-05 17:49:31.193,22.499979,0.000000,0.000000,0.000000,0.350275,-0.364911,-0.230519,0.149996,-0.357275,-0.234007,0.250135,-0.361093,-0.232263,0.227845,-0.394010,-0.202151,0.246665,-0.396985,-0.157122,0.271774,-0.391066,-0.198790
2026-08-05 17:49:31.293,22.599978,0.000000,0.000000,0.000000,0.351087,-0.366995,-0.231137,0.150590,-0.360369,-0.234564,0.250838,-0.363682,-0.232850,0.228454,-0.397078,-0.201984,0.247259,-0.400079,-0.157679,0.272368,-0.394161,-0.199347
2026-08-05 17:49:31.393,22.699978,0.000000,0.000000,0.000000,0.336745,-0.380126,-0.226671,0.136608,-0.366207,-0.229157,0.236677,-0.373166,-0.227914,0.213243,-0.405272,-0.197132,0.232310,-0.407218,-0.152128,0.257125,-0.404900,-0.194016
2026-08-05 17:49:31.493,22.799978,0.000000,0.000000,0.000000,0.350275,-0.364911,-0.230519,0.149845,-0.355237,-0.234139,0.250060,-0.360074,-0.232329,0.228542,-0.395022,-0.201423,0.246665,-0.396985,-0.157122,0.271882,-0.390051,-0.198805
2026-08-05 17:49:31.593,22.899978,0.000000,0.000000,0.000000,0.350494,-0.363900,-0.230580,0.150072,-0.358294,-0.233941,0.250283,-0.361097,-0.232261,0.227820,-0.395001,-0.201408,0.246665,-0.396985,-0.157122,0.271774,-0.391066,-0.198790
2026-08-05 17:49:31.693,22.999978,0.000000,0.000000,0.000000,0.350494,-0.363900,-0.230580,0.149996,-0.357275,-0.234007,0.250245,-0.360587,-0.232294,0.227820,-0.395001,-0.201408,0.246665,-0.396985,-0.157122,0.271774,-0.391066,-0.198790
2026-08-05 17:49:31.793,23.099978,0.000000,0.000000,0.000000,0.350296,-0.362868,-0.230395,0.149799,-0.356243,-0.233822,0.250047,-0.359556,-0.232108,0.227606,-0.393995,-0.201945,0.246483,-0.395927,-0.156217,0.271576,-0.390035,-0.198604
2026-08-05 17:49:31.893,23.199978,0.000000,0.000000,0.000000,0.349681,-0.361816,-0.229962,0.149479,-0.355199,-0.233384,0.249580,-0.358507,-0.231673,0.227227,-0.391906,-0.200851,0.246088,-0.393864,-0.155846,0.271181,-0.387972,-0.198233
2026-08-05 17:49:31.993,23.299978,0.000000,0.000000,0.000000,0.350098,-0.361837,-0.230209,0.149676,-0.356231,-0.233570,0.249887,-0.359034,-0.231889,0.227424,-0.392938,-0.201037,0.246286,-0.394896,-0.156032,0.271271,-0.390019,-0.198404
2026-08-05 17:49:32.093,23.399978,0.000000,0.000000,0.000000,0.350889,-0.365963,-0.230951,0.150392,-0.359338,-0.234378,0.250641,-0.362650,-0.232665,0.228199,-0.397090,-0.202502,0.247077,-0.399022,-0.156774,0.272170,-0.393129,-0.199161
2026-08-05 17:49:32.193,23.499978,0.000000,0.000000,0.000000,0.350494,-0.363900,-0.230580,0.149996,-0.357275,-0.234007,0.250245,-0.360587,-0.232294,0.227820,-0.395001,-0.201408,0.246681,-0.396959,-0.156403,0.272393,-0.392103,-0.198790
2026-08-05 17:49:32.293,23.599977,0.000000,0.000000,0.000000,0.350296,-0.362868,-0.230395,0.149874,-0.357262,-0.233756,0.250085,-0.360065,-0.232075,0.227622,-0.393969,-0.201222,0.246500,-0.395902,-0.155498,0.272195,-0.391072,-0.198605
2026-08-05 17:49:32.393,23.699977,0.000000,0.000000,0.000000,0.337065,-0.382208,-0.227011,0.136967,-0.369308,-0.229416,0.237016,-0.375758,-0.228214,0.213485,-0.408368,-0.197437,0.232565,-0.410244,-0.151064,0.258316,-0.406020,-0.194407
2026-08-05 17:49:32.493,23.799977,0.000000,0.000000,0.000000,0.350296,-0.362868,-0.230395,0.149874,-0.357262,-0.233756,0.250085,-0.360065,-0.232075,0.227622,-0.393969,-0.201222,0.246500,-0.395902,-0.155498,0.272304,-0.390056,-0.198620
2026-08-05 17:49:32.593,23.899977,0.000000,0.000000,0.000000,0.335850,-0.376963,-0.225911,0.136007,-0.363063,-0.228394,0.235929,-0.370013,-0.227153,0.212547,-0.402086,-0.195692,0.231605,-0.403998,-0.150042,0.257210,-0.400785,-0.193353
2026-08-05 17:49:32.693,23.999977,0.000000,0.000000,0.000000,0.350494,-0.363900,-0.230580,0.150072,-0.358294,-0.233941,0.250283,-0.361097,-0.232261,0.227804,-0.395027,-0.202131,0.246713,-0.396907,-0.154964,0.272393,-0.392103,-0.198790
2026-08-05 17:49:32.793,24.099977,0.000000,0.000000,0.000000,0.351087,-0.366995,-0.231137,0.150590,-0.360369,-0.234564,0.250838,-0.363682,-0.232850,0.228373,-0.399113,-0.201945,0.247236,-0.401021,-0.155574,0.273002,-0.395172,-0.198620
2026-08-05 17:49:32.893,24.199977,0.000000,0.000000,0.000000,0.350889,-0.365963,-0.230951,0.150468,-0.360357,-0.234312,0.250678,-0.363160,-0.232632,0.228175,-0.398081,-0.201760,0.247039,-0.399989,-0.155388,0.272695,-0.395156,-0.198420
2026-08-05 17:49:32.993,24.299977,0.000000,0.000000,0.000000,0.350296,-0.362868,-0.230395,0.149950,-0.358281,-0.233690,0.250123,-0.360575,-0.232042,0.227622,-0.393969,-0.201222,0.246375,-0.397914,-0.154884,0.272211,-0.391046,-0.197878
2026-08-05 17:49:33.093,24.399977,0.000000,0.000000,0.000000,0.350077,-0.363879,-0.230333,0.149874,-0.357262,-0.233756,0.249975,-0.360571,-0.232045,0.227565,-0.395013,-0.201925,0.246461,-0.396869,-0.154113,0.272211,-0.391046,-0.197878
2026-08-05 17:49:33.193,24.499977,0.000000,0.000000,0.000000,0.350494,-0.363900,-0.230580,0.150072,-0.358294,-0.233941,0.250283,-0.361097,-0.232261,0.227779,-0.396018,-0.201389,0.246659,-0.397901,-0.154298,0.272409,-0.392077,-0.198063
2026-08-05 17:49:33.293,24.599977,0.000000,0.000000,0.000000,0.350098,-0.361837,-0.230209,0.149601,-0.355212,-0.233636,0.249849,-0.358524,-0.231922,0.227384,-0.393955,-0.201018,0.246263,-0.395838,-0.153927,0.272014,-0.390014,-0.197692
2026-08-05 17:49:33.393,24.699976,0.000000,0.000000,0.000000,0.336425,-0.378044,-0.226330,0.136288,-0.364125,-0.228817,0.236357,-0.371084,-0.227573,0.212789,-0.405183,-0.195998,0.231751,-0.408040,-0.149020,0.257552,-0.402830,-0.192967
2026-08-05 17:49:33.493,24.799976,0.000000,0.000000,0.000000,0.350275,-0.364911,-0.230519,0.149996,-0.357275,-0.234007,0.250135,-0.361093,-0.232263,0.227058,-0.395997,-0.201373,0.246605,-0.398894,-0.153635,0.272300,-0.393093,-0.198049
2026-08-05 17:49:33.593,24.899976,0.000000,0.000000,0.000000,0.350868,-0.368005,-0.231076,0.150665,-0.361388,-0.234498,0.250767,-0.364697,-0.232787,0.227651,-0.399092,-0.201930,0.247198,-0.401989,-0.154192,0.273002,-0.395172,-0.198620
2026-08-05 17:49:33.693,24.999976,0.000000,0.000000,0.000000,0.336905,-0.381167,-0.226841,0.136768,-0.367248,-0.229328,0.236837,-0.374207,-0.228084,0.212549,-0.408258,-0.196490,0.232360,-0.410110,-0.148776,0.258032,-0.405953,-0.193478
2026-08-05 17:49:33.793,25.099976,0.000000,0.000000,0.000000,0.336425,-0.378044,-0.226330,0.136327,-0.365145,-0.228735,0.236376,-0.371594,-0.227533,0.212069,-0.405135,-0.195979,0.231772,-0.408004,-0.148304,0.257552,-0.402830,-0.192967
2026-08-05 17:49:33.893,25.199976,0.000000,0.000000,0.000000,0.350691,-0.364931,-0.230766,0.150194,-0.358306,-0.234193,0.250443,-0.361619,-0.232479,0.227216,-0.398046,-0.201540,0.246748,-0.400919,-0.153160,0.272607,-0.393109,-0.198249
2026-08-05 17:49:33.993,25.299976,0.000000,0.000000,0.000000,0.349879,-0.362847,-0.230148,0.149676,-0.356231,-0.233570,0.249778,-0.359539,-0.231859,0.226623,-0.394951,-0.200983,0.246225,-0.396805,-0.152547,0.272014,-0.390014,-0.197692
2026-08-05 17:49:34.093,25.399976,0.000000,0.000000,0.000000,0.350868,-0.368005,-0.231076,0.150665,-0.361388,-0.234498,0.250767,-0.364697,-0.232787,0.227612,-0.400109,-0.201911,0.247214,-0.401963,-0.153475,0.273002,-0.395172,-0.198620
2026-08-05 17:49:34.193,25.499976,0.000000,0.000000,0.000000,0.350275,-0.364911,-0.230519,0.150072,-0.358294,-0.233941,0.250173,-0.361602,-0.232230,0.227019,-0.397014,-0.201354,0.246621,-0.398868,-0.152918,0.272300,-0.393093,-0.198049
2026-08-05 17:49:34.293,25.599976,0.000000,0.000000,0.000000,0.350868,-0.368005,-0.231076,0.150665,-0.361388,-0.234498,0.250767,-0.364697,-0.232787,0.227612,-0.400109,-0.201911,0.247230,-0.401937,-0.152758,0.273729,-0.395193,-0.198635
2026-08-05 17:49:34.393,25.699975,0.000000,0.000000,0.000000,0.350889,-0.365963,-0.230951,0.150468,-0.360357,-0.234312,0.250678,-0.363160,-0.232632,0.227414,-0.399077,-0.201725,0.247032,-0.400906,-0.152572,0.273421,-0.395177,-0.198436
2026-08-05 17:49:34.493,25.799975,0.000000,0.000000,0.000000,0.350494,-0.363900,-0.230580,0.149996,-0.357275,-0.234007,0.250245,-0.360587,-0.232294,0.227019,-0.397014,-0.201354,0.246637,-0.398843,-0.152201,0.273026,-0.393114,-0.198065
2026-08-05 17:49:34.593,25.899975,0.000000,0.000000,0.000000,0.350889,-0.365963,-0.230951,0.150392,-0.359338,-0.234378,0.250641,-0.362650,-0.232665,0.227414,-0.399077,-0.201725,0.247119,-0.399861,-0.151796,0.273421,-0.395177,-0.198436
2026-08-05 17:49:34.693,25.999975,0.000000,0.000000,0.000000,0.350889,-0.365963,-0.230951,0.150392,-0.359338,-0.234378,0.250641,-0.362650,-0.232665,0.227414,-0.399077,-0.201725,0.247048,-0.400880,-0.151855,0.273421,-0.395177,-0.198436
2026-08-05 17:49:34.793,26.099975,0.000000,0.000000,0.000000,0.337225,-0.383249,-0.227182,0.137088,-0.369330,-0.229668,0.237157,-0.376289,-0.228425,0.212792,-0.411354,-0.196795,0.232636,-0.413100,-0.147005,0.258930,-0.409093,-0.193807
2026-08-05 17:49:34.893,26.199975,0.000000,0.000000,0.000000,0.350691,-0.364931,-0.230766,0.150194,-0.358306,-0.234193,0.250443,-0.361619,-0.232479,0.227216,-0.398046,-0.201540,0.246866,-0.399823,-0.150952,0.273223,-0.394146,-0.198250
2026-08-05 17:49:34.993,26.299975,0.000000,0.000000,0.000000,0.337481,-0.382248,-0.227260,0.137127,-0.370349,-0.229587,0.237304,-0.376299,-0.228423,0.212792,-0.411354,-0.196795,0.232548,-0.414081,-0.146332,0.258930,-0.409093,-0.193807
2026-08-05 17:49:35.093,26.399975,0.000000,0.000000,0.000000,0.350472,-0.365942,-0.230705,0.150194,-0.358306,-0.234193,0.250333,-0.362124,-0.232449,0.227216,-0.398046,-0.201540,0.246866,-0.399823,-0.150952,0.273239,-0.394120,-0.197524
2026-08-05 17:49:35.193,26.499975,0.000000,0.000000,0.000000,0.336585,-0.379085,-0.226500,0.136487,-0.366186,-0.228905,0.236536,-0.372635,-0.227703,0.212153,-0.407191,-0.196114,0.232038,-0.408864,-0.144890,0.258311,-0.404893,-0.192400
2026-08-05 17:49:35.293,26.599975,0.000000,0.000000,0.000000,0.351087,-0.366995,-0.231137,0.150665,-0.361388,-0.234498,0.250876,-0.364191,-0.232817,0.227612,-0.400109,-0.201911,0.247208,-0.402880,-0.150667,0.273635,-0.396183,-0.197895
2026-08-05 17:49:35.393,26.699975,0.000000,0.000000,0.000000,0.350472,-0.365942,-0.230705,0.150270,-0.359325,-0.234127,0.250371,-0.362634,-0.232416,0.227177,-0.399063,-0.201521,0.246812,-0.400817,-0.150296,0.273239,-0.394120,-0.197524
2026-08-05 17:49:35.493,26.799974,0.000000,0.000000,0.000000,0.349900,-0.360805,-0.230023,0.149479,-0.355199,-0.233384,0.249689,-0.358002,-0.231704,0.225705,-0.393899,-0.200782,0.246037,-0.396665,-0.148837,0.272448,-0.389993,-0.196782
2026-08-05 17:49:35.593,26.899974,0.000000,0.000000,0.000000,0.350494,-0.363900,-0.230580,0.150072,-0.358294,-0.233941,0.250283,-0.361097,-0.232261,0.226295,-0.397476,-0.200609,0.246630,-0.399760,-0.149394,0.273656,-0.394125,-0.197341
2026-08-05 17:49:35.693,26.999974,0.000000,0.000000,0.000000,0.350868,-0.368005,-0.231076,0.150665,-0.361388,-0.234498,0.250767,-0.364697,-0.232787,0.226853,-0.401105,-0.201877,0.247294,-0.401835,-0.149888,0.274361,-0.396204,-0.197911
2026-08-05 17:49:35.793,27.099974,0.000000,0.000000,0.000000,0.336650,-0.382168,-0.226763,0.136768,-0.367248,-0.229328,0.236709,-0.374708,-0.228045,0.211775,-0.409188,-0.195716,0.232400,-0.410873,-0.143798,0.259207,-0.408033,-0.192730
2026-08-05 17:49:35.893,27.199974,0.000000,0.000000,0.000000,0.351878,-0.371121,-0.231879,0.151456,-0.365514,-0.235240,0.251667,-0.368318,-0.233560,0.227680,-0.404697,-0.201908,0.248031,-0.406955,-0.149977,0.275152,-0.400330,-0.198653
2026-08-05 17:49:35.993,27.299974,0.000000,0.000000,0.000000,0.337065,-0.382208,-0.227011,0.136928,-0.368289,-0.229498,0.236997,-0.375248,-0.228255,0.211914,-0.410266,-0.196606,0.231738,-0.412884,-0.143996,0.259367,-0.409074,-0.192901
2026-08-05 17:49:36.093,27.399974,0.000000,0.000000,0.000000,0.351066,-0.369037,-0.231261,0.150863,-0.362420,-0.234683,0.250964,-0.365728,-0.232972,0.227067,-0.402111,-0.201343,0.247453,-0.403835,-0.148704,0.274447,-0.398251,-0.198083
2026-08-05 17:49:36.193,27.499974,0.000000,0.000000,0.000000,0.350691,-0.364931,-0.230766,0.150194,-0.358306,-0.234193,0.250443,-0.361619,-0.232479,0.226474,-0.399016,-0.200786,0.246144,-0.400719,-0.148132,0.273965,-0.394141,-0.197539
2026-08-05 17:49:36.293,27.599974,0.000000,0.000000,0.000000,0.350691,-0.364931,-0.230766,0.150194,-0.358306,-0.234193,0.250443,-0.361619,-0.232479,0.226512,-0.397999,-0.200804,0.246160,-0.400693,-0.147416,0.273965,-0.394141,-0.197539
2026-08-05 17:49:36.393,27.699974,0.000000,0.000000,0.000000,0.350889,-0.365963,-0.230951,0.150392,-0.359338,-0.234378,0.250641,-0.362650,-0.232665,0.226672,-0.400048,-0.200972,0.246358,-0.401725,-0.147601,0.274163,-0.395172,-0.197725
2026-08-05 17:49:36.493,27.799973,0.000000,0.000000,0.000000,0.350889,-0.365963,-0.230951,0.150392,-0.359338,-0.234378,0.250641,-0.362650,-0.232665,0.226710,-0.399031,-0.200990,0.246289,-0.402744,-0.147667,0.274163,-0.395172,-0.197725
2026-08-05 17:49:36.593,27.899973,0.000000,0.000000,0.000000,0.350472,-0.365942,-0.230705,0.150194,-0.358306,-0.234193,0.250333,-0.362124,-0.232449,0.225792,-0.397978,-0.200789,0.246107,-0.401687,-0.146766,0.273965,-0.394141,-0.197539
2026-08-05 17:49:36.693,27.999973,0.000000,0.000000,0.000000,0.336810,-0.383209,-0.226933,0.136928,-0.368289,-0.229498,0.236869,-0.375749,-0.228216,0.211142,-0.411196,-0.195833,0.231694,-0.413793,-0.141900,0.260111,-0.409085,-0.192195
2026-08-05 17:49:36.793,28.099973,0.000000,0.000000,0.000000,0.351680,-0.370089,-0.231693,0.151259,-0.364483,-0.235055,0.251469,-0.367286,-0.233374,0.226781,-0.403136,-0.201716,0.247165,-0.405825,-0.147627,0.275696,-0.399294,-0.197756
2026-08-05 17:49:36.893,28.199973,0.000000,0.000000,0.000000,0.350296,-0.362868,-0.230395,0.149874,-0.357262,-0.233756,0.250085,-0.360065,-0.232075,0.225359,-0.396932,-0.200400,0.245727,-0.399599,-0.145680,0.274199,-0.393089,-0.196446
2026-08-05 17:49:36.993,28.299973,0.000000,0.000000,0.000000,0.350691,-0.364931,-0.230766,0.150118,-0.357287,-0.234259,0.250405,-0.361109,-0.232512,0.225755,-0.398995,-0.200771,0.246123,-0.401662,-0.146051,0.274594,-0.395152,-0.196817
2026-08-05 17:49:37.093,28.399973,0.000000,0.000000,0.000000,0.350296,-0.362868,-0.230395,0.149874,-0.357262,-0.233756,0.250085,-0.360065,-0.232075,0.225359,-0.396932,-0.200400,0.245658,-0.400618,-0.145748,0.274199,-0.393089,-0.196446
2026-08-05 17:49:37.193,28.499973,0.000000,0.000000,0.000000,0.350494,-0.363900,-0.230580,0.149996,-0.357275,-0.234007,0.250245,-0.360587,-0.232294,0.225557,-0.397964,-0.200585,0.245871,-0.401624,-0.145219,0.274396,-0.394120,-0.196631
2026-08-05 17:49:37.293,28.599973,0.000000,0.000000,0.000000,0.336010,-0.378004,-0.226082,0.136128,-0.363084,-0.228646,0.236069,-0.370544,-0.227364,0.210342,-0.405992,-0.194982,0.230829,-0.409533,-0.139672,0.259461,-0.402870,-0.191372
2026-08-05 17:49:37.393,28.699973,0.000000,0.000000,0.000000,0.349681,-0.361816,-0.229962,0.149403,-0.354180,-0.233450,0.249542,-0.357998,-0.231706,0.225001,-0.393852,-0.200046,0.245417,-0.396490,-0.144525,0.273916,-0.390010,-0.196086
2026-08-05 17:49:37.493,28.799973,0.000000,0.000000,0.000000,0.336745,-0.380126,-0.226671,0.136647,-0.367227,-0.229076,0.236696,-0.373676,-0.227873,0.210822,-0.409115,-0.195493,0.231437,-0.411603,-0.139416,0.259941,-0.405993,-0.191883
2026-08-05 17:49:37.593,28.899972,0.000000,0.000000,0.000000,0.336170,-0.379045,-0.226252,0.136327,-0.365145,-0.228735,0.236249,-0.372095,-0.227494,0.210502,-0.407033,-0.195152,0.231117,-0.409521,-0.139075,0.259471,-0.404922,-0.191514
2026-08-05 17:49:37.693,28.999972,0.000000,0.000000,0.000000,0.350868,-0.368005,-0.231076,0.150590,-0.360369,-0.234564,0.250729,-0.364187,-0.232820,0.226151,-0.401058,-0.201142,0.246550,-0.403674,-0.144992,0.275102,-0.396199,-0.197200
2026-08-05 17:49:37.793,29.099972,0.000000,0.000000,0.000000,0.350691,-0.364931,-0.230766,0.150270,-0.359325,-0.234127,0.250481,-0.362128,-0.232446,0.225771,-0.398970,-0.200051,0.246101,-0.402605,-0.143977,0.274594,-0.395152,-0.196817
2026-08-05 17:49:37.893,29.199972,0.000000,0.000000,0.000000,0.336905,-0.381167,-0.226841,0.136807,-0.368268,-0.229246,0.236856,-0.374717,-0.228044,0.210286,-0.410072,-0.194925,0.231618,-0.412607,-0.138872,0.260825,-0.407082,-0.192072
2026-08-05 17:49:37.993,29.299972,0.000000,0.000000,0.000000,0.351285,-0.368026,-0.231322,0.150787,-0.361401,-0.234749,0.251036,-0.364714,-0.233036,0.225646,-0.402043,-0.200593,0.246764,-0.404680,-0.144463,0.275912,-0.398268,-0.197389
2026-08-05 17:49:38.093,29.399972,0.000000,0.000000,0.000000,0.337065,-0.382208,-0.227011,0.136928,-0.368289,-0.229498,0.236997,-0.375248,-0.228255,0.210299,-0.413143,-0.195030,0.231906,-0.412595,-0.138272,0.260834,-0.409133,-0.192214
2026-08-05 17:49:38.193,29.499972,0.000000,0.000000,0.000000,0.337065,-0.382208,-0.227011,0.136928,-0.368289,-0.229498,0.236997,-0.375248,-0.228255,0.210446,-0.411112,-0.195096,0.231799,-0.413612,-0.138327,0.260834,-0.409133,-0.192214
2026-08-05 17:49:38.293,29.599972,0.000000,0.000000,0.000000,0.351482,-0.369058,-0.231508,0.150985,-0.362432,-0.234935,0.251234,-0.365745,-0.233221,0.225843,-0.403075,-0.200778,0.246924,-0.406680,-0.143291,0.276110,-0.399299,-0.197575
2026-08-05 17:49:38.393,29.699972,0.000000,0.000000,0.000000,0.350296,-0.362868,-0.230395,0.149874,-0.357262,-0.233756,0.250085,-0.360065,-0.232075,0.224657,-0.396885,-0.199665,0.245877,-0.398451,-0.142031,0.274923,-0.393110,-0.196461
2026-08-05 17:49:38.493,29.799972,0.000000,0.000000,0.000000,0.350691,-0.364931,-0.230766,0.150270,-0.359325,-0.234127,0.250481,-0.362128,-0.232446,0.225052,-0.398948,-0.200036,0.246203,-0.401534,-0.142476,0.275319,-0.395173,-0.196832
2026-08-05 17:49:38.593,29.899971,0.000000,0.000000,0.000000,0.336745,-0.380126,-0.226671,0.136647,-0.367227,-0.229076,0.236696,-0.373676,-0.227873,0.210052,-0.410046,-0.194722,0.231413,-0.412476,-0.136616,0.260514,-0.407052,-0.191873
2026-08-05 17:49:38.693,29.999971,0.000000,0.000000,0.000000,0.337001,-0.379125,-0.226749,0.136647,-0.367227,-0.229076,0.236824,-0.373176,-0.227912,0.209979,-0.411061,-0.194689,0.231413,-0.412476,-0.136616,0.260514,-0.407052,-0.191873
2026-08-05 17:49:38.793,30.099971,0.000000,0.000000,0.000000,0.337545,-0.385331,-0.227522,0.137486,-0.373451,-0.229846,0.237515,-0.379391,-0.228684,0.210852,-0.415250,-0.195574,0.232213,-0.417681,-0.137468,0.261335,-0.412220,-0.192000
2026-08-05 17:49:38.893,30.199971,0.000000,0.000000,0.000000,0.350296,-0.362868,-0.230395,0.149874,-0.357262,-0.233756,0.250085,-0.360065,-0.232075,0.224620,-0.397903,-0.199648,0.245699,-0.401459,-0.140826,0.275664,-0.393105,-0.195752
2026-08-05 17:49:38.993,30.299971,0.000000,0.000000,0.000000,0.350494,-0.363900,-0.230580,0.150072,-0.358294,-0.233941,0.250283,-0.361097,-0.232261,0.224136,-0.397896,-0.199835,0.245967,-0.401471,-0.140936,0.275862,-0.394137,-0.195937
2026-08-05 17:49:39.093,30.399971,0.000000,0.000000,0.000000,0.350098,-0.361837,-0.230209,0.149676,-0.356231,-0.233570,0.249887,-0.359034,-0.231889,0.223740,-0.395833,-0.199464,0.245587,-0.399382,-0.139851,0.275466,-0.392074,-0.195566
2026-08-05 17:49:39.193,30.499971,0.000000,0.000000,0.000000,0.336905,-0.381167,-0.226841,0.136807,-0.368268,-0.229246,0.236856,-0.374717,-0.228044,0.209568,-0.410024,-0.194907,0.231723,-0.412427,-0.135299,0.261571,-0.407094,-0.191365
2026-08-05 17:49:39.293,30.599971,0.000000,0.000000,0.000000,0.350670,-0.366974,-0.230890,0.150316,-0.358319,-0.234444,0.250493,-0.362646,-0.232667,0.224531,-0.399959,-0.200206,0.246379,-0.403508,-0.140593,0.276257,-0.396200,-0.196308
2026-08-05 17:49:39.393,30.699971,0.000000,0.000000,0.000000,0.350296,-0.362868,-0.230395,0.149799,-0.356243,-0.233822,0.250047,-0.359556,-0.232108,0.223903,-0.397882,-0.199633,0.245731,-0.401408,-0.139400,0.275664,-0.393105,-0.195752
2026-08-05 17:49:39.493,30.799971,0.000000,0.000000,0.000000,0.337065,-0.382208,-0.227011,0.136967,-0.369308,-0.229416,0.237016,-0.375758,-0.228214,0.209656,-0.412080,-0.195044,0.231689,-0.415467,-0.134878,0.261579,-0.409145,-0.191508
2026-08-05 17:49:39.593,30.899971,0.000000,0.000000,0.000000,0.350472,-0.365942,-0.230705,0.150194,-0.358306,-0.234193,0.250333,-0.362124,-0.232449,0.224263,-0.400962,-0.199987,0.246197,-0.402451,-0.139694,0.276059,-0.395168,-0.196123
2026-08-05 17:49:39.693,30.999970,0.000000,0.000000,0.000000,0.350691,-0.364931,-0.230766,0.150194,-0.358306,-0.234193,0.250443,-0.361619,-0.232479,0.224298,-0.399945,-0.200004,0.246213,-0.402426,-0.138980,0.276059,-0.395168,-0.196123
2026-08-05 17:49:39.793,31.099970,0.000000,0.000000,0.000000,0.350691,-0.364931,-0.230766,0.150270,-0.359325,-0.234127,0.250481,-0.362128,-0.232446,0.224263,-0.400962,-0.199987,0.246143,-0.403446,-0.139059,0.276059,-0.395168,-0.196123
2026-08-05 17:49:39.893,31.199970,0.000000,0.000000,0.000000,0.336905,-0.381167,-0.226841,0.136807,-0.368268,-0.229246,0.236856,-0.374717,-0.228044,0.209423,-0.412054,-0.194841,0.231571,-0.414354,-0.133283,0.261419,-0.408104,-0.191338
2026-08-05 17:49:39.993,31.299970,0.000000,0.000000,0.000000,0.351482,-0.369058,-0.231508,0.151061,-0.363451,-0.234869,0.251272,-0.366254,-0.233188,0.224372,-0.404050,-0.200731,0.246985,-0.407037,-0.139048,0.276850,-0.399294,-0.196865
2026-08-05 17:49:40.093,31.399970,0.000000,0.000000,0.000000,0.350691,-0.364931,-0.230766,0.150194,-0.358306,-0.234193,0.250443,-0.361619,-0.232479,0.224228,-0.401980,-0.199970,0.246159,-0.403420,-0.138346,0.275945,-0.396184,-0.196112
2026-08-05 17:49:40.193,31.499970,0.000000,0.000000,0.000000,0.351087,-0.366995,-0.231137,0.150590,-0.360369,-0.234564,0.250838,-0.363682,-0.232850,0.223976,-0.401987,-0.200360,0.246554,-0.405483,-0.138717,0.276455,-0.397231,-0.196494
2026-08-05 17:49:40.293,31.599970,0.000000,0.000000,0.000000,0.351087,-0.366995,-0.231137,0.150665,-0.361388,-0.234498,0.250876,-0.364191,-0.232817,0.223942,-0.403004,-0.200343,0.245858,-0.405437,-0.137989,0.277179,-0.397253,-0.196509
2026-08-05 17:49:40.393,31.699970,0.000000,0.000000,0.000000,0.351285,-0.368026,-0.231322,0.150787,-0.361401,-0.234749,0.251036,-0.364714,-0.233036,0.224140,-0.404036,-0.200529,0.246125,-0.405448,-0.138093,0.277261,-0.399300,-0.196684
2026-08-05 17:49:40.493,31.799970,0.000000,0.000000,0.000000,0.350494,-0.363900,-0.230580,0.150072,-0.358294,-0.233941,0.250283,-0.361097,-0.232261,0.223383,-0.398892,-0.199803,0.245281,-0.402317,-0.136719,0.276586,-0.394158,-0.195952
2026-08-05 17:49:40.593,31.899970,0.000000,0.000000,0.000000,0.337290,-0.386331,-0.227444,0.137408,-0.371411,-0.230009,0.237349,-0.378871,-0.228727,0.209419,-0.415155,-0.195536,0.231435,-0.419417,-0.132587,0.262782,-0.412316,-0.192038
2026-08-05 17:49:40.693,31.999969,0.000000,0.000000,0.000000,0.337545,-0.385331,-0.227522,0.137447,-0.372431,-0.229928,0.237496,-0.378881,-0.228725,0.209348,-0.416170,-0.195503,0.231542,-0.418399,-0.132522,0.262629,-0.413326,-0.192011
2026-08-05 17:49:40.793,32.099969,0.000000,0.000000,0.000000,0.337385,-0.384290,-0.227352,0.137248,-0.370371,-0.229839,0.237317,-0.377330,-0.228595,0.209259,-0.414114,-0.195366,0.231296,-0.418340,-0.131706,0.262469,-0.412285,-0.191840
2026-08-05 17:49:40.893,32.199969,0.000000,0.000000,0.000000,0.340733,-0.366047,-0.243276,0.140461,-0.355948,-0.244080,0.240597,-0.360998,-0.243678,0.213206,-0.399955,-0.211078,0.235808,-0.404333,-0.148359,0.266436,-0.396491,-0.208484
2026-08-05 17:49:40.993,32.299969,0.000000,0.000000,0.000000,0.337225,-0.383249,-0.227182,0.137166,-0.371369,-0.229505,0.237195,-0.377309,-0.228343,0.209049,-0.414052,-0.194446,0.231136,-0.417299,-0.131536,0.262309,-0.411244,-0.191670
2026-08-05 17:49:41.093,32.399969,0.000000,0.000000,0.000000,0.351702,-0.368047,-0.231569,0.151061,-0.363451,-0.234869,0.251381,-0.365749,-0.233219,0.223670,-0.404003,-0.199997,0.246217,-0.408469,-0.137018,0.277575,-0.399316,-0.196880
2026-08-05 17:49:41.193,32.499969,0.000000,0.000000,0.000000,0.336585,-0.379085,-0.226500,0.136487,-0.366186,-0.228905,0.236536,-0.372635,-0.227703,0.207743,-0.408862,-0.194496,0.230624,-0.412081,-0.130075,0.261669,-0.407080,-0.190989
2026-08-05 17:49:41.293,32.599969,0.000000,0.000000,0.000000,0.336745,-0.380126,-0.226671,0.136647,-0.367227,-0.229076,0.236696,-0.373676,-0.227873,0.207854,-0.410882,-0.193916,0.230677,-0.414141,-0.130314,0.261829,-0.408121,-0.191159
2026-08-05 17:49:41.393,32.699969,0.000000,0.000000,0.000000,0.336745,-0.380126,-0.226671,0.136647,-0.367227,-0.229076,0.236696,-0.373676,-0.227873,0.207924,-0.409867,-0.193948,0.230677,-0.414141,-0.130314,0.261982,-0.407111,-0.191186
2026-08-05 17:49:41.493,32.799969,0.000000,0.000000,0.000000,0.350494,-0.363900,-0.230580,0.150072,-0.358294,-0.233941,0.250283,-0.361097,-0.232261,0.222648,-0.399863,-0.199054,0.244548,-0.403240,-0.134652,0.276470,-0.395173,-0.195942
2026-08-05 17:49:41.593,32.899969,0.000000,0.000000,0.000000,0.351066,-0.369037,-0.231261,0.150863,-0.362420,-0.234683,0.250964,-0.365728,-0.232972,0.223439,-0.403989,-0.199796,0.245407,-0.406346,-0.135308,0.277261,-0.399300,-0.196684
2026-08-05 17:49:41.693,32.999969,0.000000,0.000000,0.000000,0.350889,-0.365963,-0.230951,0.150392,-0.359338,-0.234378,0.250641,-0.362650,-0.232665,0.223076,-0.400909,-0.199440,0.244944,-0.405303,-0.135023,0.276866,-0.397236,-0.196313
2026-08-05 17:49:41.793,33.099968,0.000000,0.000000,0.000000,0.351285,-0.368026,-0.231322,0.150787,-0.361401,-0.234749,0.251036,-0.364714,-0.233036,0.223472,-0.402972,-0.199812,0.245355,-0.407341,-0.134682,0.277867,-0.400336,-0.196689
2026-08-05 17:49:41.893,33.199968,0.000000,0.000000,0.000000,0.336745,-0.380126,-0.226671,0.136647,-0.367227,-0.229076,0.236696,-0.373676,-0.227873,0.207854,-0.410882,-0.193916,0.230009,-0.414022,-0.128873,0.262397,-0.409179,-0.191151
2026-08-05 17:49:41.993,33.299968,0.000000,0.000000,0.000000,0.337385,-0.384290,-0.227352,0.137287,-0.371390,-0.229757,0.237336,-0.377840,-0.228555,0.208564,-0.414030,-0.194630,0.230649,-0.418185,-0.129554,0.263191,-0.412333,-0.191859
2026-08-05 17:49:42.093,33.399968,0.000000,0.000000,0.000000,0.336106,-0.375962,-0.225989,0.135969,-0.362043,-0.228476,0.236037,-0.369003,-0.227233,0.207214,-0.406718,-0.193235,0.229370,-0.409858,-0.128191,0.261757,-0.405016,-0.190469
2026-08-05 17:49:42.193,33.499968,0.000000,0.000000,0.000000,0.336745,-0.380126,-0.226671,0.136647,-0.367227,-0.229076,0.236696,-0.373676,-0.227873,0.207924,-0.409867,-0.193948,0.230030,-0.413986,-0.128162,0.262397,-0.409179,-0.191151
2026-08-05 17:49:42.293,33.599968,0.000000,0.000000,0.000000,0.337065,-0.382208,-0.227011,0.136967,-0.369308,-0.229416,0.237016,-0.375758,-0.228214,0.207528,-0.411901,-0.194270,0.230456,-0.415049,-0.128431,0.262717,-0.411261,-0.191491
2026-08-05 17:49:42.393,33.699968,0.000000,0.000000,0.000000,0.350889,-0.365963,-0.230951,0.150392,-0.359338,-0.234378,0.250641,-0.362650,-0.232665,0.222327,-0.401905,-0.199410,0.244840,-0.407293,-0.133775,0.277589,-0.397258,-0.196328
2026-08-05 17:49:42.493,33.799968,0.000000,0.000000,0.000000,0.351285,-0.368026,-0.231322,0.150787,-0.361401,-0.234749,0.251036,-0.364714,-0.233036,0.222754,-0.402951,-0.199796,0.245523,-0.405249,-0.133081,0.277867,-0.400336,-0.196689
2026-08-05 17:49:42.593,33.899968,0.000000,0.000000,0.000000,0.336585,-0.379085,-0.226500,0.136448,-0.365166,-0.228987,0.236517,-0.372125,-0.227744,0.207048,-0.408778,-0.193759,0.229680,-0.414946,-0.127426,0.262391,-0.407128,-0.191008
2026-08-05 17:49:42.693,33.999968,0.000000,0.000000,0.000000,0.350889,-0.365963,-0.230951,0.150392,-0.359338,-0.234378,0.250641,-0.362650,-0.232665,0.222327,-0.401905,-0.199410,0.245060,-0.404206,-0.132799,0.277472,-0.398273,-0.196318
2026-08-05 17:49:42.793,34.099967,0.000000,0.000000,0.000000,0.336010,-0.378004,-0.226082,0.136167,-0.364104,-0.228565,0.236089,-0.371054,-0.227323,0.206659,-0.407712,-0.193387,0.229677,-0.409808,-0.126867,0.262071,-0.405046,-0.190667
2026-08-05 17:49:42.893,34.199967,0.000000,0.000000,0.000000,0.350494,-0.363900,-0.230580,0.150072,-0.358294,-0.233941,0.250283,-0.361097,-0.232261,0.221899,-0.400860,-0.199023,0.244596,-0.403163,-0.132517,0.277076,-0.396210,-0.195947
2026-08-05 17:49:42.993,34.299967,0.000000,0.000000,0.000000,0.337705,-0.386371,-0.227693,0.137607,-0.373472,-0.230098,0.237656,-0.379922,-0.228895,0.208098,-0.417080,-0.194920,0.231032,-0.420159,-0.127762,0.263511,-0.414415,-0.192200
2026-08-05 17:49:43.093,34.399967,0.000000,0.000000,0.000000,0.350296,-0.362868,-0.230395,0.149799,-0.356243,-0.233822,0.250047,-0.359556,-0.232108,0.221734,-0.398811,-0.198853,0.244482,-0.401086,-0.131529,0.276996,-0.394163,-0.195772
2026-08-05 17:49:43.193,34.499967,0.000000,0.000000,0.000000,0.351087,-0.366995,-0.231137,0.150590,-0.360369,-0.234564,0.250838,-0.363682,-0.232850,0.222509,-0.403446,-0.199587,0.245409,-0.403171,-0.132091,0.277787,-0.398289,-0.196514
2026-08-05 17:49:43.293,34.599967,0.000000,0.000000,0.000000,0.349702,-0.359774,-0.229838,0.149281,-0.354167,-0.233199,0.249492,-0.356971,-0.231518,0.221108,-0.396734,-0.198281,0.243957,-0.396971,-0.130882,0.276285,-0.392084,-0.195204
2026-08-05 17:49:43.393,34.699967,0.000000,0.000000,0.000000,0.350494,-0.363900,-0.230580,0.149996,-0.357275,-0.234007,0.250245,-0.360587,-0.232294,0.221899,-0.400860,-0.199023,0.244730,-0.401582,-0.130956,0.277193,-0.395195,-0.195957
2026-08-05 17:49:43.493,34.799967,0.000000,0.000000,0.000000,0.350691,-0.364931,-0.230766,0.150270,-0.359325,-0.234127,0.250481,-0.362128,-0.232446,0.222097,-0.401891,-0.199209,0.244826,-0.404144,-0.131279,0.277391,-0.396226,-0.196143
2026-08-05 17:49:43.593,34.899967,0.000000,0.000000,0.000000,0.350691,-0.364931,-0.230766,0.150194,-0.358306,-0.234193,0.250443,-0.361619,-0.232479,0.222097,-0.401891,-0.199209,0.244894,-0.403124,-0.131187,0.277391,-0.396226,-0.196143
2026-08-05 17:49:43.693,34.999967,0.000000,0.000000,0.000000,0.337225,-0.383249,-0.227182,0.137088,-0.369330,-0.229668,0.237157,-0.376289,-0.228425,0.207481,-0.415988,-0.194345,0.230679,-0.415982,-0.126465,0.263031,-0.411292,-0.191689
2026-08-05 17:49:43.793,35.099967,0.000000,0.000000,0.000000,0.350691,-0.364931,-0.230766,0.150270,-0.359325,-0.234127,0.250481,-0.362128,-0.232446,0.222065,-0.402909,-0.199193,0.244961,-0.402103,-0.131096,0.277274,-0.397242,-0.196132
2026-08-05 17:49:43.893,35.199966,0.000000,0.000000,0.000000,0.337065,-0.382208,-0.227011,0.136967,-0.369308,-0.229416,0.237016,-0.375758,-0.228214,0.207321,-0.414947,-0.194175,0.230624,-0.413922,-0.126219,0.263593,-0.410299,-0.191537
2026-08-05 17:49:43.993,35.299966,0.000000,0.000000,0.000000,0.336905,-0.381167,-0.226841,0.136846,-0.369287,-0.229165,0.236876,-0.375227,-0.228003,0.206359,-0.414910,-0.194668,0.230464,-0.412882,-0.126049,0.262711,-0.409210,-0.191348
2026-08-05 17:49:44.093,35.399966,0.000000,0.000000,0.000000,0.351087,-0.366995,-0.231137,0.150665,-0.361388,-0.234498,0.250876,-0.364191,-0.232817,0.222461,-0.404972,-0.199564,0.245305,-0.405161,-0.130846,0.278392,-0.399326,-0.196519
2026-08-05 17:49:44.193,35.499966,0.000000,0.000000,0.000000,0.351087,-0.366995,-0.231137,0.150665,-0.361388,-0.234498,0.250876,-0.364191,-0.232817,0.221731,-0.404977,-0.200264,0.245373,-0.404141,-0.130753,0.278392,-0.399326,-0.196519
2026-08-05 17:49:44.293,35.599966,0.000000,0.000000,0.000000,0.337065,-0.382208,-0.227011,0.136967,-0.369308,-0.229416,0.237016,-0.375758,-0.228214,0.206608,-0.414900,-0.194156,0.230645,-0.413886,-0.125506,0.263437,-0.411309,-0.191510
2026-08-05 17:49:44.393,35.699966,0.000000,0.000000,0.000000,0.337065,-0.382208,-0.227011,0.136967,-0.369308,-0.229416,0.237016,-0.375758,-0.228214,0.206608,-0.414900,-0.194156,0.230434,-0.415924,-0.125658,0.263593,-0.410299,-0.191537
2026-08-05 17:49:44.493,35.799966,0.000000,0.000000,0.000000,0.351087,-0.366995,-0.231137,0.150665,-0.361388,-0.234498,0.250876,-0.364191,-0.232817,0.221747,-0.404951,-0.199549,0.245373,-0.404141,-0.130753,0.278510,-0.398310,-0.196529
2026-08-05 17:49:44.593,35.899966,0.000000,0.000000,0.000000,0.337225,-0.383249,-0.227182,0.137088,-0.369330,-0.229668,0.237157,-0.376289,-0.228425,0.206768,-0.415941,-0.194327,0.230699,-0.415946,-0.125752,0.263442,-0.413360,-0.191653
2026-08-05 17:49:44.693,35.999966,0.000000,0.000000,0.000000,0.337465,-0.384810,-0.227437,0.137328,-0.370891,-0.229924,0.237397,-0.377851,-0.228681,0.207075,-0.416487,-0.194614,0.231045,-0.416489,-0.125932,0.263837,-0.413912,-0.191936
2026-08-05 17:49:44.793,36.099966,0.000000,0.000000,0.000000,0.337321,-0.381207,-0.227089,0.136928,-0.368289,-0.229498,0.237125,-0.374748,-0.228294,0.206608,-0.414900,-0.194156,0.230772,-0.412832,-0.124716,0.263437,-0.411309,-0.191510
2026-08-05 17:49:44.893,36.199965,0.000000,0.000000,0.000000,0.350713,-0.362889,-0.230641,0.150072,-0.358294,-0.233941,0.250392,-0.360591,-0.232291,0.221107,-0.402900,-0.199691,0.244728,-0.402041,-0.129576,0.277799,-0.396231,-0.195962
2026-08-05 17:49:44.993,36.299965,0.000000,0.000000,0.000000,0.350275,-0.364911,-0.230519,0.150072,-0.358294,-0.233941,0.250173,-0.361602,-0.232230,0.221137,-0.401882,-0.199707,0.244795,-0.401020,-0.129483,0.277917,-0.395216,-0.195973
2026-08-05 17:49:45.093,36.399965,0.000000,0.000000,0.000000,0.350691,-0.364931,-0.230766,0.150194,-0.358306,-0.234193,0.250443,-0.361619,-0.232479,0.221335,-0.402914,-0.199893,0.244925,-0.403073,-0.129762,0.278115,-0.396247,-0.196158
2026-08-05 17:49:45.193,36.499965,0.000000,0.000000,0.000000,0.337385,-0.384290,-0.227352,0.137287,-0.371390,-0.229757,0.237336,-0.377840,-0.228555,0.206907,-0.417018,-0.195211,0.230986,-0.415932,-0.125133,0.263757,-0.413391,-0.191851
2026-08-05 17:49:45.293,36.599965,0.000000,0.000000,0.000000,0.351482,-0.369058,-0.231508,0.150985,-0.362432,-0.234935,0.251234,-0.365745,-0.233221,0.222126,-0.407040,-0.200635,0.245784,-0.406178,-0.130411,0.278906,-0.400374,-0.196900
2026-08-05 17:49:45.393,36.699965,0.000000,0.000000,0.000000,0.350472,-0.365942,-0.230705,0.150270,-0.359325,-0.234127,0.250371,-0.362634,-0.232416,0.221335,-0.402914,-0.199893,0.244993,-0.402052,-0.129668,0.277996,-0.397263,-0.196148
2026-08-05 17:49:45.493,36.799965,0.000000,0.000000,0.000000,0.337225,-0.383249,-0.227182,0.137088,-0.369330,-0.229668,0.237157,-0.376289,-0.228425,0.206747,-0.415977,-0.195041,0.230720,-0.415910,-0.125040,0.263597,-0.412350,-0.191681
2026-08-05 17:49:45.593,36.899965,0.000000,0.000000,0.000000,0.350494,-0.363900,-0.230580,0.149996,-0.357275,-0.234007,0.250245,-0.360587,-0.232294,0.221153,-0.401856,-0.198992,0.244728,-0.402041,-0.129576,0.277799,-0.396231,-0.195962
2026-08-05 17:49:45.693,36.999965,0.000000,0.000000,0.000000,0.337385,-0.384290,-0.227352,0.137248,-0.370371,-0.229839,0.237317,-0.377330,-0.228595,0.206928,-0.416982,-0.194497,0.230775,-0.417970,-0.125288,0.263757,-0.413391,-0.191851
2026-08-05 17:49:45.793,37.099965,0.000000,0.000000,0.000000,0.336425,-0.378044,-0.226330,0.136288,-0.364125,-0.228817,0.236357,-0.371084,-0.227573,0.205879,-0.411788,-0.194157,0.229921,-0.410705,-0.124188,0.262798,-0.407145,-0.190829
2026-08-05 17:49:45.893,37.199965,0.000000,0.000000,0.000000,0.337161,-0.380166,-0.226919,0.136807,-0.368268,-0.229246,0.236984,-0.374217,-0.228083,0.206427,-0.413895,-0.194700,0.230401,-0.413828,-0.124699,0.263277,-0.410268,-0.191340
2026-08-05 17:49:45.993,37.299964,0.000000,0.000000,0.000000,0.336905,-0.381167,-0.226841,0.136768,-0.367248,-0.229328,0.236837,-0.374207,-0.228084,0.206359,-0.414910,-0.194668,0.230401,-0.413828,-0.124699,0.263277,-0.410268,-0.191340
2026-08-05 17:49:46.093,37.399964,0.000000,0.000000,0.000000,0.350889,-0.365963,-0.230951,0.150392,-0.359338,-0.234378,0.250641,-0.362650,-0.232665,0.221533,-0.403945,-0.200078,0.245123,-0.404104,-0.129947,0.278194,-0.398294,-0.196333
2026-08-05 17:49:46.193,37.499964,0.000000,0.000000,0.000000,0.337225,-0.383249,-0.227182,0.137127,-0.370349,-0.229587,0.237176,-0.376799,-0.228384,0.206679,-0.416992,-0.195008,0.230826,-0.414891,-0.124963,0.263597,-0.412350,-0.191681
2026-08-05 17:49:46.293,37.599964,0.000000,0.000000,0.000000,0.337610,-0.388413,-0.227785,0.137767,-0.374513,-0.230268,0.237688,-0.381463,-0.229027,0.207251,-0.422172,-0.195657,0.231434,-0.419528,-0.124970,0.264237,-0.416514,-0.192362
2026-08-05 17:49:46.393,37.699964,0.000000,0.000000,0.000000,0.336745,-0.380126,-0.226671,0.136647,-0.367227,-0.229076,0.236696,-0.373676,-0.227873,0.206267,-0.412854,-0.194530,0.230156,-0.413770,-0.123895,0.263273,-0.408217,-0.191197
2026-08-05 17:49:46.493,37.799964,0.000000,0.000000,0.000000,0.337865,-0.387412,-0.227863,0.137767,-0.374513,-0.230268,0.237816,-0.380963,-0.229066,0.207319,-0.421156,-0.195690,0.231381,-0.420038,-0.125009,0.264392,-0.415504,-0.192389
2026-08-05 17:49:46.593,37.899964,0.000000,0.000000,0.000000,0.337321,-0.381207,-0.227089,0.136928,-0.368289,-0.229498,0.237125,-0.374748,-0.228294,0.206519,-0.415951,-0.194838,0.230560,-0.414869,-0.124870,0.263593,-0.410299,-0.191537
2026-08-05 17:49:46.693,37.999964,0.000000,0.000000,0.000000,0.336905,-0.381167,-0.226841,0.136768,-0.367248,-0.229328,0.236837,-0.374207,-0.228084,0.206427,-0.413895,-0.194700,0.230316,-0.414811,-0.124066,0.263277,-0.410268,-0.191340
2026-08-05 17:49:46.793,38.099964,0.000000,0.000000,0.000000,0.350889,-0.365963,-0.230951,0.150468,-0.360357,-0.234312,0.250678,-0.363160,-0.232632,0.221502,-0.404963,-0.200062,0.245139,-0.404079,-0.129235,0.278194,-0.398294,-0.196333
2026-08-05 17:49:46.893,38.199964,0.000000,0.000000,0.000000,0.336810,-0.383209,-0.226933,0.137006,-0.370328,-0.229335,0.236908,-0.376768,-0.228134,0.206519,-0.415951,-0.194838,0.230581,-0.414833,-0.124158,0.262871,-0.410251,-0.191519
2026-08-05 17:49:46.993,38.299963,0.000000,0.000000,0.000000,0.350494,-0.363900,-0.230580,0.149996,-0.357275,-0.234007,0.250245,-0.360587,-0.232294,0.221107,-0.402900,-0.199691,0.244811,-0.400995,-0.128769,0.277799,-0.396231,-0.195962
2026-08-05 17:49:47.093,38.399963,0.000000,0.000000,0.000000,0.336266,-0.377003,-0.226160,0.136128,-0.363084,-0.228646,0.236197,-0.370043,-0.227403,0.205787,-0.409731,-0.194019,0.229655,-0.410683,-0.124095,0.262638,-0.406104,-0.190658
2026-08-05 17:49:47.193,38.499963,0.000000,0.000000,0.000000,0.336905,-0.381167,-0.226841,0.136807,-0.368268,-0.229246,0.236856,-0.374717,-0.228044,0.206359,-0.414910,-0.194668,0.230295,-0.414847,-0.124777,0.263277,-0.410268,-0.191340
2026-08-05 17:49:47.293,38.599963,0.000000,0.000000,0.000000,0.351285,-0.368026,-0.231322,0.150787,-0.361401,-0.234749,0.251036,-0.364714,-0.233036,0.221928,-0.406008,-0.200450,0.245519,-0.406167,-0.130319,0.277867,-0.400336,-0.196689
2026-08-05 17:49:47.393,38.699963,0.000000,0.000000,0.000000,0.337225,-0.383249,-0.227182,0.137127,-0.370349,-0.229587,0.237176,-0.376799,-0.228384,0.205900,-0.417961,-0.194957,0.230615,-0.416929,-0.125117,0.262877,-0.412302,-0.191662
2026-08-05 17:49:47.493,38.799963,0.000000,0.000000,0.000000,0.351285,-0.368026,-0.231322,0.150863,-0.362420,-0.234683,0.251074,-0.365223,-0.233003,0.221928,-0.406008,-0.200450,0.244724,-0.407192,-0.131109,0.277867,-0.400336,-0.196689
2026-08-05 17:49:47.593,38.899963,0.000000,0.000000,0.000000,0.340907,-0.367078,-0.243488,0.140581,-0.355958,-0.244333,0.240744,-0.361518,-0.243911,0.211048,-0.403936,-0.211954,0.234757,-0.405226,-0.142819,0.267193,-0.398571,-0.208733
2026-08-05 17:49:47.693,38.999963,0.000000,0.000000,0.000000,0.337001,-0.379125,-0.226749,0.136647,-0.367227,-0.229076,0.236824,-0.373176,-0.227912,0.206267,-0.412854,-0.194530,0.229404,-0.413795,-0.125299,0.262397,-0.409179,-0.191151
2026-08-05 17:49:47.793,39.099963,0.000000,0.000000,0.000000,0.350691,-0.364931,-0.230766,0.150270,-0.359325,-0.234127,0.250481,-0.362128,-0.232446,0.220591,-0.403910,-0.199861,0.244792,-0.404654,-0.131324,0.277878,-0.398278,-0.196137
2026-08-05 17:49:47.893,39.199963,0.000000,0.000000,0.000000,0.351482,-0.369058,-0.231508,0.151061,-0.363451,-0.234869,0.251272,-0.366254,-0.233188,0.221382,-0.408036,-0.200603,0.245549,-0.409291,-0.132112,0.278787,-0.401389,-0.196890
2026-08-05 17:49:47.993,39.299963,0.000000,0.000000,0.000000,0.337065,-0.382208,-0.227011,0.136967,-0.369308,-0.229416,0.237016,-0.375758,-0.228214,0.205673,-0.417935,-0.194754,0.230498,-0.414977,-0.127006,0.262562,-0.412271,-0.191464
2026-08-05 17:49:48.093,39.399962,0.000000,0.000000,0.000000,0.337065,-0.382208,-0.227011,0.137006,-0.370328,-0.229335,0.237035,-0.376268,-0.228173,0.205807,-0.415904,-0.194819,0.230181,-0.418033,-0.127228,0.262562,-0.412271,-0.191464
2026-08-05 17:49:48.193,39.499962,0.000000,0.000000,0.000000,0.337321,-0.381207,-0.227089,0.136928,-0.368289,-0.229498,0.237125,-0.374748,-0.228294,0.205740,-0.416920,-0.194787,0.230371,-0.416032,-0.127791,0.262562,-0.412271,-0.191464
2026-08-05 17:49:48.293,39.599962,0.000000,0.000000,0.000000,0.351702,-0.368047,-0.231569,0.151061,-0.363451,-0.234869,0.251381,-0.365749,-0.233219,0.221353,-0.409054,-0.200587,0.246211,-0.409388,-0.134259,0.278669,-0.402404,-0.196879
2026-08-05 17:49:48.393,39.699962,0.000000,0.000000,0.000000,0.337705,-0.386371,-0.227693,0.137607,-0.373472,-0.230098,0.237656,-0.379922,-0.228895,0.206426,-0.420104,-0.196214,0.231465,-0.422351,-0.130054,0.263202,-0.416435,-0.192146
2026-08-05 17:49:48.493,39.799962,0.000000,0.000000,0.000000,0.350494,-0.363900,-0.230580,0.150072,-0.358294,-0.233941,0.250283,-0.361097,-0.232261,0.220348,-0.403922,-0.200372,0.245207,-0.404256,-0.134042,0.276959,-0.397225,-0.195936
2026-08-05 17:49:48.593,39.899962,0.000000,0.000000,0.000000,0.351108,-0.364952,-0.231012,0.150468,-0.360357,-0.234312,0.250788,-0.362655,-0.232662,0.220773,-0.404967,-0.200760,0.246436,-0.404324,-0.134967,0.277238,-0.400304,-0.196296
2026-08-05 17:49:48.693,39.999962,0.000000,0.000000,0.000000,0.337385,-0.384290,-0.227352,0.137326,-0.372410,-0.229676,0.237355,-0.378350,-0.228514,0.206818,-0.418069,-0.195892,0.232155,-0.417297,-0.130233,0.262861,-0.414390,-0.192526
2026-08-05 17:49:48.793,40.099962,0.000000,0.000000,0.000000,0.350494,-0.363900,-0.230580,0.149996,-0.357275,-0.234007,0.250245,-0.360587,-0.232294,0.221091,-0.402925,-0.200405,0.246737,-0.402308,-0.135324,0.276943,-0.397251,-0.196658
2026-08-05 17:49:48.893,40.199962,0.000000,0.000000,0.000000,0.337801,-0.384330,-0.227601,0.137369,-0.370392,-0.230091,0.237585,-0.377361,-0.228846,0.207045,-0.418095,-0.196096,0.233005,-0.418422,-0.131134,0.262867,-0.416441,-0.192668
2026-08-05 17:49:48.993,40.299962,0.000000,0.000000,0.000000,0.337065,-0.382208,-0.227011,0.136967,-0.369308,-0.229416,0.237016,-0.375758,-0.228214,0.206566,-0.414972,-0.195585,0.233215,-0.415382,-0.131354,0.262387,-0.413318,-0.192157
2026-08-05 17:49:49.093,40.399961,0.000000,0.000000,0.000000,0.337225,-0.383249,-0.227182,0.137088,-0.369330,-0.229668,0.237157,-0.376289,-0.228425,0.206658,-0.417028,-0.195722,0.233244,-0.417477,-0.132302,0.262547,-0.414359,-0.192327
2026-08-05 17:49:49.193,40.499961,0.000000,0.000000,0.000000,0.350889,-0.365963,-0.230951,0.150392,-0.359338,-0.234378,0.250641,-0.362650,-0.232665,0.221486,-0.404988,-0.200776,0.248509,-0.404489,-0.137864,0.277222,-0.400330,-0.197017
2026-08-05 17:49:49.293,40.599961,0.000000,0.000000,0.000000,0.337065,-0.382208,-0.227011,0.136928,-0.368289,-0.229498,0.236997,-0.375248,-0.228255,0.207279,-0.415019,-0.195604,0.233773,-0.416519,-0.132862,0.262387,-0.413318,-0.192157
2026-08-05 17:49:49.393,40.699961,0.000000,0.000000,0.000000,0.337225,-0.383249,-0.227182,0.137127,-0.370349,-0.229587,0.237176,-0.376799,-0.228384,0.207508,-0.415045,-0.195808,0.233912,-0.417596,-0.133743,0.262134,-0.412291,-0.192365
2026-08-05 17:49:49.493,40.799961,0.000000,0.000000,0.000000,0.337001,-0.379125,-0.226749,0.136647,-0.367227,-0.229076,0.236824,-0.373176,-0.227912,0.207028,-0.411922,-0.195297,0.234030,-0.415538,-0.133314,0.261502,-0.410178,-0.191826
2026-08-05 17:49:49.593,40.899961,0.000000,0.000000,0.000000,0.351306,-0.365984,-0.231198,0.150665,-0.361388,-0.234498,0.250986,-0.363686,-0.232848,0.222461,-0.404006,-0.201012,0.249313,-0.406612,-0.139569,0.276815,-0.400325,-0.197199
2026-08-05 17:49:49.693,40.999961,0.000000,0.000000,0.000000,0.350713,-0.362889,-0.230641,0.150072,-0.358294,-0.233941,0.250392,-0.360591,-0.232291,0.222616,-0.399914,-0.200488,0.249355,-0.404559,-0.139106,0.276222,-0.397230,-0.196642
2026-08-05 17:49:49.793,41.099961,0.000000,0.000000,0.000000,0.337225,-0.383249,-0.227182,0.137088,-0.369330,-0.229668,0.237157,-0.376289,-0.228425,0.208222,-0.415092,-0.195827,0.235176,-0.418779,-0.135263,0.261981,-0.413301,-0.192337
2026-08-05 17:49:49.893,41.199961,0.000000,0.000000,0.000000,0.350296,-0.362868,-0.230395,0.149799,-0.356243,-0.233822,0.250047,-0.359556,-0.232108,0.222385,-0.399900,-0.200285,0.249201,-0.402558,-0.140265,0.275908,-0.397214,-0.196445
2026-08-05 17:49:49.993,41.299961,0.000000,0.000000,0.000000,0.336585,-0.379085,-0.226500,0.136448,-0.365166,-0.228987,0.236517,-0.372125,-0.227744,0.207582,-0.410929,-0.195145,0.235339,-0.413681,-0.135250,0.261495,-0.408127,-0.191684
2026-08-05 17:49:50.093,41.399961,0.000000,0.000000,0.000000,0.337065,-0.382208,-0.227011,0.136967,-0.369308,-0.229416,0.237016,-0.375758,-0.228214,0.208132,-0.413036,-0.195690,0.235797,-0.416840,-0.136473,0.261974,-0.411250,-0.192195
2026-08-05 17:49:50.193,41.499960,0.000000,0.000000,0.000000,0.350691,-0.364931,-0.230766,0.150270,-0.359325,-0.234127,0.250481,-0.362128,-0.232446,0.222814,-0.400946,-0.200674,0.251002,-0.404688,-0.141378,0.276536,-0.397246,-0.196840
2026-08-05 17:49:50.293,41.599960,0.000000,0.000000,0.000000,0.350494,-0.363900,-0.230580,0.150072,-0.358294,-0.233941,0.250283,-0.361097,-0.232261,0.223264,-0.401970,-0.200468,0.251021,-0.400623,-0.141682,0.276338,-0.396215,-0.196654
2026-08-05 17:49:50.393,41.699960,0.000000,0.000000,0.000000,0.337385,-0.384290,-0.227352,0.137248,-0.370371,-0.229839,0.237317,-0.377330,-0.228595,0.209096,-0.416181,-0.196016,0.237131,-0.415990,-0.138084,0.261574,-0.413284,-0.192517
2026-08-05 17:49:50.493,41.799960,0.000000,0.000000,0.000000,0.336425,-0.378044,-0.226330,0.136288,-0.364125,-0.228817,0.236357,-0.371084,-0.227573,0.208136,-0.409935,-0.194994,0.236768,-0.410808,-0.137137,0.261182,-0.408096,-0.191485
2026-08-05 17:49:50.593,41.899960,0.000000,0.000000,0.000000,0.337065,-0.382208,-0.227011,0.136928,-0.368289,-0.229498,0.236997,-0.375248,-0.228255,0.208776,-0.414099,-0.195675,0.237503,-0.413991,-0.138476,0.261405,-0.410192,-0.192204
2026-08-05 17:49:50.693,41.999960,0.000000,0.000000,0.000000,0.336425,-0.378044,-0.226330,0.136288,-0.364125,-0.228817,0.236357,-0.371084,-0.227573,0.208207,-0.408920,-0.195028,0.236842,-0.409864,-0.138509,0.260766,-0.406028,-0.191523
2026-08-05 17:49:50.793,42.099960,0.000000,0.000000,0.000000,0.336585,-0.379085,-0.226500,0.136448,-0.365166,-0.228987,0.236517,-0.372125,-0.227744,0.208367,-0.409961,-0.195198,0.237598,-0.411969,-0.138753,0.260926,-0.407069,-0.191693
2026-08-05 17:49:50.893,42.199960,0.000000,0.000000,0.000000,0.337065,-0.382208,-0.227011,0.136889,-0.367269,-0.229580,0.236977,-0.374738,-0.228296,0.208776,-0.414099,-0.195675,0.238174,-0.414111,-0.139924,0.261405,-0.410192,-0.192204
2026-08-05 17:49:50.993,42.299960,0.000000,0.000000,0.000000,0.350077,-0.363879,-0.230333,0.149723,-0.355224,-0.233888,0.249900,-0.359552,-0.232110,0.223135,-0.398904,-0.200318,0.252903,-0.399757,-0.144402,0.275533,-0.394146,-0.196465
2026-08-05 17:49:51.093,42.399960,0.000000,0.000000,0.000000,0.350889,-0.365963,-0.230951,0.150468,-0.360357,-0.234312,0.250678,-0.363160,-0.232632,0.223660,-0.404034,-0.200839,0.253400,-0.403897,-0.145742,0.275995,-0.398282,-0.197733
2026-08-05 17:49:51.193,42.499959,0.000000,0.000000,0.000000,0.336905,-0.381167,-0.226841,0.136807,-0.368268,-0.229246,0.236856,-0.374717,-0.228044,0.208616,-0.413058,-0.195505,0.238685,-0.413190,-0.141201,0.261072,-0.410197,-0.192728
2026-08-05 17:49:51.293,42.599959,0.000000,0.000000,0.000000,0.337705,-0.386371,-0.227693,0.137607,-0.373472,-0.230098,0.237656,-0.379922,-0.228895,0.209345,-0.419278,-0.196322,0.240177,-0.418478,-0.142786,0.261872,-0.415402,-0.193580
2026-08-05 17:49:51.393,42.699959,0.000000,0.000000,0.000000,0.336905,-0.381167,-0.226841,0.136807,-0.368268,-0.229246,0.236856,-0.374717,-0.228044,0.208595,-0.413094,-0.196220,0.239356,-0.413309,-0.142648,0.261224,-0.409187,-0.192757
2026-08-05 17:49:51.493,42.799959,0.000000,0.000000,0.000000,0.337065,-0.382208,-0.227011,0.136967,-0.369308,-0.229416,0.237016,-0.375758,-0.228214,0.209469,-0.414183,-0.196409,0.240229,-0.414397,-0.142837,0.261384,-0.410228,-0.192928
2026-08-05 17:49:51.593,42.899959,0.000000,0.000000,0.000000,0.337001,-0.379125,-0.226749,0.136608,-0.366207,-0.229157,0.236805,-0.372666,-0.227953,0.209149,-0.412101,-0.196069,0.239948,-0.411844,-0.143187,0.260912,-0.409157,-0.192558
2026-08-05 17:49:51.693,42.999959,0.000000,0.000000,0.000000,0.337545,-0.385331,-0.227522,0.137408,-0.371411,-0.230009,0.237477,-0.378371,-0.228766,0.209949,-0.417305,-0.196920,0.240727,-0.417084,-0.144754,0.261864,-0.413351,-0.193439
2026-08-05 17:49:51.793,43.099959,0.000000,0.000000,0.000000,0.337065,-0.382208,-0.227011,0.136928,-0.368289,-0.229498,0.236997,-0.375248,-0.228255,0.209469,-0.414183,-0.196409,0.241022,-0.413501,-0.144238,0.261232,-0.411238,-0.192898
2026-08-05 17:49:51.893,43.199959,0.000000,0.000000,0.000000,0.336745,-0.380126,-0.226671,0.136608,-0.366207,-0.229157,0.236677,-0.373166,-0.227914,0.209077,-0.413116,-0.196033,0.241272,-0.412519,-0.144677,0.260912,-0.409157,-0.192558
2026-08-05 17:49:51.993,43.299959,0.000000,0.000000,0.000000,0.337065,-0.382208,-0.227011,0.136928,-0.368289,-0.229498,0.236997,-0.375248,-0.228255,0.209397,-0.415198,-0.196374,0.241571,-0.414637,-0.145732,0.261232,-0.411238,-0.192898
2026-08-05 17:49:52.093,43.399959,0.000000,0.000000,0.000000,0.350889,-0.365963,-0.230951,0.150468,-0.360357,-0.234312,0.250678,-0.363160,-0.232632,0.224394,-0.403063,-0.201588,0.256226,-0.403140,-0.150740,0.275995,-0.398282,-0.197733
2026-08-05 17:49:52.193,43.499959,0.000000,0.000000,0.000000,0.337225,-0.383249,-0.227182,0.137049,-0.368310,-0.229750,0.237137,-0.375779,-0.228466,0.209629,-0.415224,-0.196580,0.242547,-0.414745,-0.146593,0.261392,-0.412279,-0.193069
2026-08-05 17:49:52.293,43.599958,0.000000,0.000000,0.000000,0.351482,-0.369058,-0.231508,0.151061,-0.363451,-0.234869,0.251272,-0.366254,-0.233188,0.224952,-0.407175,-0.202126,0.257518,-0.406281,-0.152027,0.276703,-0.400362,-0.198302
2026-08-05 17:49:52.393,43.699958,0.000000,0.000000,0.000000,0.351087,-0.366995,-0.231137,0.150665,-0.361388,-0.234498,0.250876,-0.364191,-0.232817,0.224540,-0.405137,-0.202470,0.257193,-0.403225,-0.152312,0.276292,-0.398324,-0.198655
2026-08-05 17:49:52.493,43.799958,0.000000,0.000000,0.000000,0.337065,-0.382208,-0.227011,0.136928,-0.368289,-0.229498,0.236997,-0.375248,-0.228255,0.209376,-0.415234,-0.197089,0.242242,-0.414756,-0.147180,0.261211,-0.411275,-0.193621
2026-08-05 17:49:52.593,43.899958,0.000000,0.000000,0.000000,0.350889,-0.365963,-0.230951,0.150392,-0.359338,-0.234378,0.250641,-0.362650,-0.232665,0.224394,-0.403063,-0.201588,0.256952,-0.402703,-0.152156,0.275979,-0.398308,-0.198456
2026-08-05 17:49:52.693,43.999958,0.000000,0.000000,0.000000,0.337065,-0.382208,-0.227011,0.136928,-0.368289,-0.229498,0.236997,-0.375248,-0.228255,0.209376,-0.415234,-0.197089,0.242242,-0.414756,-0.147180,0.261211,-0.411275,-0.193621
2026-08-05 17:49:52.793,44.099958,0.000000,0.000000,0.000000,0.350713,-0.362889,-0.230641,0.149996,-0.357275,-0.234007,0.250354,-0.360082,-0.232324,0.223998,-0.401000,-0.201217,0.256599,-0.400130,-0.151755,0.274975,-0.395209,-0.198083
2026-08-05 17:49:52.893,44.199958,0.000000,0.000000,0.000000,0.336905,-0.381167,-0.226841,0.136768,-0.367248,-0.229328,0.236837,-0.374207,-0.228084,0.210097,-0.412174,-0.196293,0.242329,-0.411684,-0.146926,0.260330,-0.410186,-0.193432
2026-08-05 17:49:52.993,44.299958,0.000000,0.000000,0.000000,0.336905,-0.381167,-0.226841,0.136768,-0.367248,-0.229328,0.236837,-0.374207,-0.228084,0.210023,-0.413189,-0.196258,0.242206,-0.412700,-0.146967,0.260481,-0.409176,-0.193462
2026-08-05 17:49:53.093,44.399958,0.000000,0.000000,0.000000,0.350494,-0.363900,-0.230580,0.150072,-0.358294,-0.233941,0.250283,-0.361097,-0.232261,0.224713,-0.401021,-0.201232,0.256599,-0.400130,-0.151755,0.274975,-0.395209,-0.198083
2026-08-05 17:49:53.193,44.499958,0.000000,0.000000,0.000000,0.337065,-0.382208,-0.227011,0.136967,-0.369308,-0.229416,0.237016,-0.375758,-0.228214,0.210256,-0.413215,-0.196463,0.242366,-0.413740,-0.147138,0.260641,-0.410217,-0.193632
2026-08-05 17:49:53.293,44.599957,0.000000,0.000000,0.000000,0.336905,-0.381167,-0.226841,0.136807,-0.368268,-0.229246,0.236856,-0.374717,-0.228044,0.210023,-0.413189,-0.196258,0.242329,-0.411684,-0.146926,0.260481,-0.409176,-0.193462
2026-08-05 17:49:53.393,44.699957,0.000000,0.000000,0.000000,0.350889,-0.365963,-0.230951,0.150392,-0.359338,-0.234378,0.250641,-0.362650,-0.232665,0.225825,-0.403105,-0.201619,0.257081,-0.401175,-0.152068,0.275273,-0.398261,-0.197717
2026-08-05 17:49:53.493,44.799957,0.000000,0.000000,0.000000,0.350494,-0.363900,-0.230580,0.149996,-0.357275,-0.234007,0.250245,-0.360587,-0.232294,0.225466,-0.400024,-0.201267,0.255884,-0.400109,-0.151740,0.275105,-0.394167,-0.197372
2026-08-05 17:49:53.593,44.899957,0.000000,0.000000,0.000000,0.337065,-0.382208,-0.227011,0.136928,-0.368289,-0.229498,0.236997,-0.375248,-0.228255,0.210972,-0.413263,-0.196482,0.241774,-0.412677,-0.147077,0.260662,-0.410180,-0.192909
2026-08-05 17:49:53.693,44.999957,0.000000,0.000000,0.000000,0.336810,-0.383209,-0.226933,0.136928,-0.368289,-0.229498,0.236869,-0.375749,-0.228216,0.210972,-0.413263,-0.196482,0.241774,-0.412677,-0.147077,0.260090,-0.409122,-0.192920
2026-08-05 17:49:53.793,45.099957,0.000000,0.000000,0.000000,0.336905,-0.381167,-0.226841,0.136768,-0.367248,-0.229328,0.236837,-0.374207,-0.228084,0.210886,-0.411207,-0.196347,0.241614,-0.411636,-0.146907,0.259780,-0.409091,-0.192720
2026-08-05 17:49:53.893,45.199957,0.000000,0.000000,0.000000,0.336905,-0.381167,-0.226841,0.136807,-0.368268,-0.229246,0.236856,-0.374717,-0.228044,0.210812,-0.412222,-0.196311,0.241614,-0.411636,-0.146907,0.259780,-0.409091,-0.192720
2026-08-05 17:49:53.993,45.299957,0.000000,0.000000,0.000000,0.340800,-0.364009,-0.243104,0.140287,-0.354917,-0.243868,0.240544,-0.359463,-0.243486,0.215105,-0.399059,-0.213091,0.246193,-0.399968,-0.163871,0.264180,-0.394354,-0.209637
2026-08-05 17:49:54.093,45.399957,0.000000,0.000000,0.000000,0.337481,-0.382248,-0.227260,0.137088,-0.369330,-0.229668,0.237284,-0.375789,-0.228464,0.211923,-0.413336,-0.196706,0.241811,-0.414734,-0.147290,0.260100,-0.411173,-0.193061
2026-08-05 17:49:54.193,45.499957,0.000000,0.000000,0.000000,0.337545,-0.385331,-0.227522,0.137408,-0.371411,-0.230009,0.237477,-0.378371,-0.228766,0.211452,-0.416385,-0.196993,0.242254,-0.415800,-0.147588,0.260420,-0.413255,-0.193401
2026-08-05 17:49:54.293,45.599957,0.000000,0.000000,0.000000,0.336745,-0.380126,-0.226671,0.136608,-0.366207,-0.229157,0.236677,-0.373166,-0.227914,0.211367,-0.411228,-0.196160,0.241454,-0.410595,-0.146737,0.259620,-0.408050,-0.192549
2026-08-05 17:49:54.393,45.699956,0.000000,0.000000,0.000000,0.336745,-0.380126,-0.226671,0.136647,-0.367227,-0.229076,0.236696,-0.373676,-0.227873,0.210652,-0.411181,-0.196141,0.241454,-0.410595,-0.146737,0.259620,-0.408050,-0.192549
2026-08-05 17:49:54.493,45.799956,0.000000,0.000000,0.000000,0.336745,-0.380126,-0.226671,0.136647,-0.367227,-0.229076,0.236696,-0.373676,-0.227873,0.210652,-0.411181,-0.196141,0.241454,-0.410595,-0.146737,0.259770,-0.407040,-0.192579
2026-08-05 17:49:54.593,45.899956,0.000000,0.000000,0.000000,0.336745,-0.380126,-0.226671,0.136608,-0.366207,-0.229157,0.236677,-0.373166,-0.227914,0.210652,-0.411181,-0.196141,0.241454,-0.410595,-0.146737,0.259770,-0.407040,-0.192579
2026-08-05 17:49:54.693,45.999956,0.000000,0.000000,0.000000,0.336585,-0.379085,-0.226500,0.136487,-0.366186,-0.228905,0.236536,-0.372635,-0.227703,0.210492,-0.410140,-0.195971,0.241294,-0.409554,-0.146566,0.259460,-0.407009,-0.192379
2026-08-05 17:49:54.793,46.099956,0.000000,0.000000,0.000000,0.336905,-0.381167,-0.226841,0.136768,-0.367248,-0.229328,0.236837,-0.374207,-0.228084,0.210812,-0.412222,-0.196311,0.240878,-0.411625,-0.147605,0.259855,-0.408586,-0.192735
2026-08-05 17:49:54.893,46.199956,0.000000,0.000000,0.000000,0.336010,-0.378004,-0.226082,0.136128,-0.363084,-0.228646,0.236069,-0.370544,-0.227364,0.210172,-0.408058,-0.195630,0.240238,-0.407461,-0.146924,0.259290,-0.403917,-0.192068
2026-08-05 17:49:54.993,46.299956,0.000000,0.000000,0.000000,0.336745,-0.380126,-0.226671,0.136647,-0.367227,-0.229076,0.236696,-0.373676,-0.227873,0.210652,-0.411181,-0.196141,0.240596,-0.411600,-0.147475,0.259770,-0.407040,-0.192579
2026-08-05 17:49:55.093,46.399956,0.000000,0.000000,0.000000,0.350691,-0.364931,-0.230766,0.150194,-0.358306,-0.234193,0.250443,-0.361619,-0.232479,0.225664,-0.401056,-0.201452,0.254635,-0.401125,-0.152611,0.274466,-0.396193,-0.197529
2026-08-05 17:49:55.193,46.499956,0.000000,0.000000,0.000000,0.337225,-0.383249,-0.227182,0.137049,-0.368310,-0.229750,0.237137,-0.375779,-0.228466,0.211132,-0.414304,-0.196652,0.240504,-0.413623,-0.147210,0.260100,-0.411173,-0.193061
2026-08-05 17:49:55.293,46.599956,0.000000,0.000000,0.000000,0.337225,-0.383249,-0.227182,0.137127,-0.370349,-0.229587,0.237176,-0.376799,-0.228384,0.211132,-0.414304,-0.196652,0.240504,-0.413623,-0.147210,0.260100,-0.411173,-0.193061
2026-08-05 17:49:55.393,46.699955,0.000000,0.000000,0.000000,0.350889,-0.365963,-0.230951,0.150392,-0.359338,-0.234378,0.250641,-0.362650,-0.232665,0.225862,-0.402087,-0.201638,0.254214,-0.401091,-0.152007,0.275387,-0.397246,-0.197730
2026-08-05 17:49:55.493,46.799955,0.000000,0.000000,0.000000,0.337385,-0.384290,-0.227352,0.137287,-0.371390,-0.229757,0.237336,-0.377840,-0.228555,0.211292,-0.415344,-0.196822,0.239969,-0.414580,-0.146645,0.260982,-0.412262,-0.193250
2026-08-05 17:49:55.593,46.899955,0.000000,0.000000,0.000000,0.336745,-0.380126,-0.226671,0.136647,-0.367227,-0.229076,0.236696,-0.373676,-0.227873,0.210652,-0.411181,-0.196141,0.238517,-0.411349,-0.145273,0.260418,-0.407593,-0.192583
2026-08-05 17:49:55.693,46.999955,0.000000,0.000000,0.000000,0.350296,-0.362868,-0.230395,0.149799,-0.356243,-0.233822,0.250047,-0.359556,-0.232108,0.225269,-0.398993,-0.201081,0.252775,-0.399962,-0.150122,0.274907,-0.393136,-0.197186
2026-08-05 17:49:55.793,47.099955,0.000000,0.000000,0.000000,0.350077,-0.363879,-0.230333,0.149874,-0.357262,-0.233756,0.249975,-0.360571,-0.232045,0.225306,-0.397975,-0.201100,0.252872,-0.398917,-0.149345,0.274907,-0.393136,-0.197186
2026-08-05 17:49:55.893,47.199955,0.000000,0.000000,0.000000,0.350889,-0.365963,-0.230951,0.150468,-0.360357,-0.234312,0.250678,-0.363160,-0.232632,0.225899,-0.401070,-0.201657,0.253481,-0.401986,-0.149186,0.275387,-0.397246,-0.197730
2026-08-05 17:49:55.993,47.299955,0.000000,0.000000,0.000000,0.336585,-0.379085,-0.226500,0.136448,-0.365166,-0.228987,0.236517,-0.372125,-0.227744,0.210566,-0.409125,-0.196006,0.238163,-0.412268,-0.143764,0.260333,-0.406047,-0.192427
2026-08-05 17:49:56.093,47.399955,0.000000,0.000000,0.000000,0.337065,-0.382208,-0.227011,0.136967,-0.369308,-0.229416,0.237016,-0.375758,-0.228214,0.210972,-0.413263,-0.196482,0.238664,-0.415355,-0.143562,0.260813,-0.409170,-0.192938
2026-08-05 17:49:56.193,47.499955,0.000000,0.000000,0.000000,0.337065,-0.382208,-0.227011,0.136967,-0.369308,-0.229416,0.237016,-0.375758,-0.228214,0.211046,-0.412248,-0.196517,0.238685,-0.415319,-0.142849,0.260813,-0.409170,-0.192938
2026-08-05 17:49:56.293,47.599955,0.000000,0.000000,0.000000,0.337065,-0.382208,-0.227011,0.136928,-0.368289,-0.229498,0.236997,-0.375248,-0.228255,0.211067,-0.412211,-0.195799,0.238803,-0.414303,-0.142800,0.260813,-0.409170,-0.192938
2026-08-05 17:49:56.393,47.699955,0.000000,0.000000,0.000000,0.350098,-0.361837,-0.230209,0.149601,-0.355212,-0.233636,0.249849,-0.358524,-0.231922,0.225071,-0.397961,-0.200896,0.252561,-0.399847,-0.147142,0.274709,-0.392104,-0.197001
2026-08-05 17:49:56.493,47.799954,0.000000,0.000000,0.000000,0.336425,-0.378044,-0.226330,0.136288,-0.364125,-0.228817,0.236357,-0.371084,-0.227573,0.210428,-0.408048,-0.195118,0.238184,-0.410103,-0.141404,0.260324,-0.403996,-0.192286
2026-08-05 17:49:56.593,47.899954,0.000000,0.000000,0.000000,0.337385,-0.384290,-0.227352,0.137287,-0.371390,-0.229757,0.237336,-0.377840,-0.228555,0.211313,-0.415308,-0.196106,0.239165,-0.416312,-0.141712,0.261133,-0.411252,-0.193279
2026-08-05 17:49:56.693,47.999954,0.000000,0.000000,0.000000,0.337321,-0.381207,-0.227089,0.136928,-0.368289,-0.229498,0.237125,-0.374748,-0.228294,0.211067,-0.412211,-0.195799,0.238727,-0.415247,-0.141422,0.260964,-0.408160,-0.192968
2026-08-05 17:49:56.793,48.099954,0.000000,0.000000,0.000000,0.337225,-0.383249,-0.227182,0.137088,-0.369330,-0.229668,0.237157,-0.376289,-0.228425,0.211227,-0.413252,-0.195969,0.238907,-0.416252,-0.140879,0.261848,-0.409249,-0.193157
2026-08-05 17:49:56.893,48.199954,0.000000,0.000000,0.000000,0.337385,-0.384290,-0.227352,0.137248,-0.370371,-0.229839,0.237317,-0.377330,-0.228595,0.211387,-0.414293,-0.196140,0.239067,-0.417293,-0.141050,0.262008,-0.410290,-0.193327
2026-08-05 17:49:56.993,48.299954,0.000000,0.000000,0.000000,0.341254,-0.369140,-0.243912,0.140928,-0.358020,-0.244757,0.241091,-0.363580,-0.244335,0.215825,-0.403175,-0.213222,0.244778,-0.405930,-0.157656,0.266322,-0.398552,-0.210535
2026-08-05 17:49:57.093,48.399954,0.000000,0.000000,0.000000,0.337225,-0.383249,-0.227182,0.137127,-0.370349,-0.229587,0.237176,-0.376799,-0.228384,0.211153,-0.414267,-0.195935,0.239461,-0.417788,-0.140264,0.261869,-0.409212,-0.192431
2026-08-05 17:49:57.193,48.499954,0.000000,0.000000,0.000000,0.337065,-0.382208,-0.227011,0.136967,-0.369308,-0.229416,0.237016,-0.375758,-0.228214,0.210993,-0.413226,-0.195765,0.239026,-0.413105,-0.139173,0.261709,-0.408171,-0.192261
2026-08-05 17:49:57.293,48.599954,0.000000,0.000000,0.000000,0.337225,-0.383249,-0.227182,0.137088,-0.369330,-0.229668,0.237157,-0.376289,-0.228425,0.211153,-0.414267,-0.195935,0.238831,-0.417197,-0.139507,0.261717,-0.410222,-0.192403
2026-08-05 17:49:57.393,48.699954,0.000000,0.000000,0.000000,0.337545,-0.385331,-0.227522,0.137447,-0.372431,-0.229928,0.237496,-0.378881,-0.228725,0.211473,-0.416349,-0.196276,0.239269,-0.418262,-0.139793,0.262189,-0.411294,-0.192772
2026-08-05 17:49:57.493,48.799953,0.000000,0.000000,0.000000,0.350691,-0.364931,-0.230766,0.150270,-0.359325,-0.234127,0.250481,-0.362128,-0.232446,0.224964,-0.401009,-0.200720,0.253331,-0.401769,-0.143343,0.276043,-0.395194,-0.196848
2026-08-05 17:49:57.593,48.899953,0.000000,0.000000,0.000000,0.336745,-0.380126,-0.226671,0.136647,-0.367227,-0.229076,0.236696,-0.373676,-0.227873,0.209958,-0.411097,-0.195406,0.238728,-0.410987,-0.138117,0.261389,-0.406089,-0.191920
2026-08-05 17:49:57.693,48.999953,0.000000,0.000000,0.000000,0.337225,-0.383249,-0.227182,0.137088,-0.369330,-0.229668,0.237157,-0.376289,-0.228425,0.210438,-0.414220,-0.195917,0.238991,-0.416108,-0.138026,0.261717,-0.410222,-0.192403
2026-08-05 17:49:57.793,49.099953,0.000000,0.000000,0.000000,0.351087,-0.366995,-0.231137,0.150665,-0.361388,-0.234498,0.250876,-0.364191,-0.232817,0.225359,-0.403072,-0.201091,0.253661,-0.404826,-0.143072,0.276439,-0.397257,-0.197219
2026-08-05 17:49:57.893,49.199953,0.000000,0.000000,0.000000,0.337225,-0.383249,-0.227182,0.137088,-0.369330,-0.229668,0.237157,-0.376289,-0.228425,0.210438,-0.414220,-0.195917,0.238894,-0.417089,-0.137370,0.261869,-0.409212,-0.192431
2026-08-05 17:49:57.993,49.299953,0.000000,0.000000,0.000000,0.336650,-0.382168,-0.226763,0.136807,-0.368268,-0.229246,0.236728,-0.375218,-0.228005,0.210118,-0.412138,-0.195576,0.238693,-0.413990,-0.136972,0.261549,-0.407130,-0.192091
2026-08-05 17:49:58.093,49.399953,0.000000,0.000000,0.000000,0.350296,-0.362868,-0.230395,0.149874,-0.357262,-0.233756,0.250085,-0.360065,-0.232075,0.224568,-0.398946,-0.200349,0.252149,-0.401138,-0.140925,0.275762,-0.392116,-0.196488
2026-08-05 17:49:58.193,49.499953,0.000000,0.000000,0.000000,0.351087,-0.366995,-0.231137,0.150665,-0.361388,-0.234498,0.250876,-0.364191,-0.232817,0.225359,-0.403072,-0.201091,0.253060,-0.403734,-0.141554,0.276496,-0.396750,-0.197225
2026-08-05 17:49:58.293,49.599953,0.000000,0.000000,0.000000,0.336745,-0.380126,-0.226671,0.136647,-0.367227,-0.229076,0.236696,-0.373676,-0.227873,0.209905,-0.412076,-0.194656,0.237665,-0.414391,-0.136158,0.262113,-0.406138,-0.191939
2026-08-05 17:49:58.393,49.699953,0.000000,0.000000,0.000000,0.337065,-0.382208,-0.227011,0.136967,-0.369308,-0.229416,0.237016,-0.375758,-0.228214,0.210351,-0.412164,-0.195780,0.237947,-0.416946,-0.135817,0.262280,-0.409230,-0.192252
2026-08-05 17:49:58.493,49.799953,0.000000,0.000000,0.000000,0.336970,-0.384250,-0.227104,0.137127,-0.370349,-0.229587,0.237048,-0.377299,-0.228345,0.209743,-0.414136,-0.195181,0.238284,-0.416461,-0.135897,0.262440,-0.410271,-0.192422
2026-08-05 17:49:58.593,49.899952,0.000000,0.000000,0.000000,0.336745,-0.380126,-0.226671,0.136647,-0.367227,-0.229076,0.236696,-0.373676,-0.227873,0.209264,-0.411013,-0.194670,0.237151,-0.412782,-0.135338,0.261960,-0.407148,-0.191911
2026-08-05 17:49:58.693,49.999952,0.000000,0.000000,0.000000,0.336490,-0.381127,-0.226593,0.136647,-0.367227,-0.229076,0.236568,-0.374177,-0.227834,0.209336,-0.409998,-0.194703,0.236939,-0.414781,-0.134747,0.261960,-0.407148,-0.191911
2026-08-05 17:49:58.793,50.099952,0.000000,0.000000,0.000000,0.336585,-0.379085,-0.226500,0.136487,-0.366186,-0.228905,0.236536,-0.372635,-0.227703,0.209104,-0.409972,-0.194500,0.236895,-0.412722,-0.134515,0.261801,-0.406107,-0.191741
2026-08-05 17:49:58.893,50.199952,0.000000,0.000000,0.000000,0.336905,-0.381167,-0.226841,0.136807,-0.368268,-0.229246,0.236856,-0.374717,-0.228044,0.209423,-0.412054,-0.194841,0.237215,-0.414804,-0.134856,0.262273,-0.407179,-0.192110
2026-08-05 17:49:58.993,50.299952,0.000000,0.000000,0.000000,0.337065,-0.382208,-0.227011,0.136928,-0.368289,-0.229498,0.236997,-0.375248,-0.228255,0.209583,-0.413095,-0.195011,0.237629,-0.413775,-0.134189,0.262280,-0.409230,-0.192252
2026-08-05 17:49:59.093,50.399952,0.000000,0.000000,0.000000,0.336745,-0.380126,-0.226671,0.136647,-0.367227,-0.229076,0.236696,-0.373676,-0.227873,0.209264,-0.411013,-0.194670,0.237426,-0.410676,-0.133786,0.261960,-0.407148,-0.191911
2026-08-05 17:49:59.193,50.499952,0.000000,0.000000,0.000000,0.336010,-0.378004,-0.226082,0.136128,-0.363084,-0.228646,0.236069,-0.370544,-0.227364,0.208784,-0.407890,-0.194159,0.236347,-0.406488,-0.133194,0.261481,-0.404025,-0.191400
2026-08-05 17:49:59.293,50.599952,0.000000,0.000000,0.000000,0.337225,-0.383249,-0.227182,0.137088,-0.369330,-0.229668,0.237157,-0.376289,-0.228425,0.209743,-0.414136,-0.195181,0.237422,-0.411716,-0.134154,0.262440,-0.410271,-0.192422
2026-08-05 17:49:59.393,50.699952,0.000000,0.000000,0.000000,0.336266,-0.377003,-0.226160,0.136167,-0.364104,-0.228565,0.236216,-0.370553,-0.227362,0.208711,-0.408906,-0.194126,0.236310,-0.406960,-0.132510,0.261481,-0.404025,-0.191400
2026-08-05 17:49:59.493,50.799952,0.000000,0.000000,0.000000,0.336745,-0.380126,-0.226671,0.136647,-0.367227,-0.229076,0.236696,-0.373676,-0.227873,0.209264,-0.411013,-0.194670,0.236733,-0.410592,-0.133052,0.261960,-0.407148,-0.191911
2026-08-05 17:49:59.593,50.899951,0.000000,0.000000,0.000000,0.337481,-0.382248,-0.227260,0.137127,-0.370349,-0.229587,0.237304,-0.376299,-0.228423,0.209743,-0.414136,-0.195181,0.237443,-0.411680,-0.133436,0.262440,-0.410271,-0.192422
2026-08-05 17:49:59.693,50.999951,0.000000,0.000000,0.000000,0.337225,-0.383249,-0.227182,0.137088,-0.369330,-0.229668,0.237157,-0.376289,-0.228425,0.209671,-0.415151,-0.195148,0.237212,-0.413715,-0.133563,0.262440,-0.410271,-0.192422
2026-08-05 17:49:59.793,51.099951,0.000000,0.000000,0.000000,0.336681,-0.377043,-0.226408,0.136288,-0.364125,-0.228817,0.236485,-0.370584,-0.227612,0.208944,-0.408931,-0.194330,0.235720,-0.408426,-0.131977,0.261641,-0.405066,-0.191570
2026-08-05 17:49:59.893,51.199951,0.000000,0.000000,0.000000,0.340733,-0.366047,-0.243276,0.140461,-0.355948,-0.244080,0.240597,-0.360998,-0.243678,0.213897,-0.400000,-0.211820,0.241138,-0.400541,-0.149539,0.266550,-0.395487,-0.209198
2026-08-05 17:49:59.993,51.299951,0.000000,0.000000,0.000000,0.336905,-0.381167,-0.226841,0.136768,-0.367248,-0.229328,0.236837,-0.374207,-0.228084,0.208779,-0.410991,-0.194855,0.236314,-0.410532,-0.132424,0.262142,-0.408152,-0.191357
2026-08-05 17:50:00.093,51.399951,0.000000,0.000000,0.000000,0.336745,-0.380126,-0.226671,0.136647,-0.367227,-0.229076,0.236696,-0.373676,-0.227873,0.208548,-0.410966,-0.194652,0.236061,-0.410472,-0.131602,0.261982,-0.407111,-0.191186
2026-08-05 17:50:00.193,51.499951,0.000000,0.000000,0.000000,0.337385,-0.384290,-0.227352,0.137287,-0.371390,-0.229757,0.237336,-0.377840,-0.228555,0.209188,-0.415129,-0.195333,0.236700,-0.414636,-0.132284,0.262545,-0.411780,-0.191854
2026-08-05 17:50:00.293,51.599951,0.000000,0.000000,0.000000,0.337225,-0.383249,-0.227182,0.137127,-0.370349,-0.229587,0.237176,-0.376799,-0.228384,0.209028,-0.414089,-0.195163,0.235826,-0.413548,-0.132095,0.262462,-0.410234,-0.191697
2026-08-05 17:50:00.393,51.699951,0.000000,0.000000,0.000000,0.337705,-0.386371,-0.227693,0.137607,-0.373472,-0.230098,0.237656,-0.379922,-0.228895,0.209508,-0.417211,-0.195674,0.236249,-0.417179,-0.132639,0.262942,-0.413357,-0.192208
2026-08-05 17:50:00.493,51.799951,0.000000,0.000000,0.000000,0.336745,-0.380126,-0.226671,0.136608,-0.366207,-0.229157,0.236677,-0.373166,-0.227914,0.208477,-0.411981,-0.194619,0.235254,-0.411406,-0.130935,0.261982,-0.407111,-0.191186
2026-08-05 17:50:00.593,51.899951,0.000000,0.000000,0.000000,0.336745,-0.380126,-0.226671,0.136647,-0.367227,-0.229076,0.236696,-0.373676,-0.227873,0.208548,-0.410966,-0.194652,0.235254,-0.411406,-0.130935,0.261982,-0.407111,-0.191186
2026-08-05 17:50:00.693,51.999950,0.000000,0.000000,0.000000,0.336745,-0.380126,-0.226671,0.136647,-0.367227,-0.229076,0.236696,-0.373676,-0.227873,0.208548,-0.410966,-0.194652,0.235367,-0.410389,-0.130868,0.261982,-0.407111,-0.191186
2026-08-05 17:50:00.793,52.099950,0.000000,0.000000,0.000000,0.337865,-0.387412,-0.227863,0.137767,-0.374513,-0.230268,0.237816,-0.380963,-0.229066,0.209668,-0.418252,-0.195844,0.236374,-0.418693,-0.132128,0.262948,-0.415408,-0.192352
2026-08-05 17:50:00.893,52.199950,0.000000,0.000000,0.000000,0.337065,-0.382208,-0.227011,0.136967,-0.369308,-0.229416,0.237016,-0.375758,-0.228214,0.208726,-0.415078,-0.194927,0.235461,-0.414506,-0.131343,0.262149,-0.410203,-0.191500
2026-08-05 17:50:00.993,52.299950,0.000000,0.000000,0.000000,0.336745,-0.380126,-0.226671,0.136647,-0.367227,-0.229076,0.236696,-0.373676,-0.227873,0.208548,-0.410966,-0.194652,0.235254,-0.411406,-0.130935,0.261982,-0.407111,-0.191186
2026-08-05 17:50:01.093,52.399950,0.000000,0.000000,0.000000,0.336170,-0.379045,-0.226252,0.136288,-0.364125,-0.228817,0.236229,-0.371585,-0.227534,0.208228,-0.408884,-0.194311,0.234221,-0.409277,-0.130576,0.261509,-0.406039,-0.190818
2026-08-05 17:50:01.193,52.499950,0.000000,0.000000,0.000000,0.337545,-0.385331,-0.227522,0.137447,-0.372431,-0.229928,0.237496,-0.378881,-0.228725,0.209348,-0.416170,-0.195503,0.235250,-0.417545,-0.131122,0.262629,-0.413326,-0.192011
2026-08-05 17:50:01.293,52.599950,0.000000,0.000000,0.000000,0.336266,-0.377003,-0.226160,0.136167,-0.364104,-0.228565,0.236216,-0.370553,-0.227362,0.208068,-0.407843,-0.194141,0.234082,-0.408200,-0.129691,0.261502,-0.403988,-0.190675
2026-08-05 17:50:01.393,52.699950,0.000000,0.000000,0.000000,0.336905,-0.381167,-0.226841,0.136768,-0.367248,-0.229328,0.236837,-0.374207,-0.228084,0.208708,-0.412007,-0.194822,0.234722,-0.412364,-0.130372,0.262711,-0.409210,-0.191348
2026-08-05 17:50:01.493,52.799950,0.000000,0.000000,0.000000,0.337225,-0.383249,-0.227182,0.137088,-0.369330,-0.229668,0.237157,-0.376289,-0.228425,0.208957,-0.415104,-0.195130,0.234874,-0.415972,-0.130815,0.262309,-0.411244,-0.191670
2026-08-05 17:50:01.593,52.899950,0.000000,0.000000,0.000000,0.337065,-0.382208,-0.227011,0.136928,-0.368289,-0.229498,0.236997,-0.375248,-0.228255,0.208868,-0.413048,-0.194992,0.234658,-0.415440,-0.130679,0.262149,-0.410203,-0.191500
2026-08-05 17:50:01.693,52.999949,0.000000,0.000000,0.000000,0.350494,-0.363900,-0.230580,0.150148,-0.359313,-0.233875,0.250321,-0.361606,-0.232228,0.223314,-0.400927,-0.199770,0.248873,-0.402370,-0.135370,0.277193,-0.395195,-0.195957
2026-08-05 17:50:01.793,53.099949,0.000000,0.000000,0.000000,0.337065,-0.382208,-0.227011,0.136967,-0.369308,-0.229416,0.237016,-0.375758,-0.228214,0.208797,-0.414063,-0.194959,0.234658,-0.415440,-0.130679,0.262871,-0.410251,-0.191519
2026-08-05 17:50:01.893,53.199949,0.000000,0.000000,0.000000,0.335850,-0.376963,-0.225911,0.136046,-0.364083,-0.228313,0.235948,-0.370523,-0.227112,0.207193,-0.406754,-0.193952,0.233698,-0.409195,-0.129657,0.261911,-0.404005,-0.190497
2026-08-05 17:50:01.993,53.299949,0.000000,0.000000,0.000000,0.336585,-0.379085,-0.226500,0.136448,-0.365166,-0.228987,0.236517,-0.372125,-0.227744,0.208388,-0.409925,-0.194481,0.234066,-0.413335,-0.130236,0.262391,-0.407128,-0.191008
2026-08-05 17:50:02.093,53.399949,0.000000,0.000000,0.000000,0.337385,-0.384290,-0.227352,0.137287,-0.371390,-0.229757,0.237336,-0.377840,-0.228555,0.209117,-0.416145,-0.195300,0.234865,-0.418540,-0.131087,0.263191,-0.412333,-0.191859
2026-08-05 17:50:02.193,53.499949,0.000000,0.000000,0.000000,0.337545,-0.385331,-0.227522,0.137447,-0.372431,-0.229928,0.237496,-0.378881,-0.228725,0.208563,-0.417138,-0.195452,0.235025,-0.419581,-0.131258,0.263351,-0.413374,-0.192030
2026-08-05 17:50:02.293,53.599949,0.000000,0.000000,0.000000,0.337225,-0.383249,-0.227182,0.137088,-0.369330,-0.229668,0.237157,-0.376289,-0.228425,0.208383,-0.413026,-0.195177,0.234839,-0.416445,-0.130137,0.263031,-0.411292,-0.191689
2026-08-05 17:50:02.393,53.699949,0.000000,0.000000,0.000000,0.337161,-0.380166,-0.226919,0.136807,-0.368268,-0.229246,0.236984,-0.374217,-0.228083,0.207993,-0.411959,-0.194803,0.234519,-0.414364,-0.129796,0.262711,-0.409210,-0.191348
2026-08-05 17:50:02.493,53.799949,0.000000,0.000000,0.000000,0.337001,-0.379125,-0.226749,0.136647,-0.367227,-0.229076,0.236824,-0.373176,-0.227912,0.207833,-0.410918,-0.194633,0.233648,-0.413275,-0.129607,0.262551,-0.408169,-0.191178
2026-08-05 17:50:02.593,53.899949,0.000000,0.000000,0.000000,0.336970,-0.384250,-0.227104,0.137088,-0.369330,-0.229668,0.237029,-0.376790,-0.228386,0.208313,-0.414041,-0.195144,0.234017,-0.417416,-0.130187,0.263031,-0.411292,-0.191689
2026-08-05 17:50:02.693,53.999949,0.000000,0.000000,0.000000,0.336745,-0.380126,-0.226671,0.136608,-0.366207,-0.229157,0.236677,-0.373166,-0.227914,0.207833,-0.410918,-0.194633,0.233537,-0.414293,-0.129676,0.262551,-0.408169,-0.191178
2026-08-05 17:50:02.793,54.099948,0.000000,0.000000,0.000000,0.337225,-0.383249,-0.227182,0.137127,-0.370349,-0.229587,0.237176,-0.376799,-0.228384,0.208313,-0.414041,-0.195144,0.233906,-0.418434,-0.130257,0.263031,-0.411292,-0.191689
2026-08-05 17:50:02.893,54.199948,0.000000,0.000000,0.000000,0.337065,-0.382208,-0.227011,0.136967,-0.369308,-0.229416,0.237016,-0.375758,-0.228214,0.208223,-0.411985,-0.195007,0.233746,-0.417393,-0.130086,0.262871,-0.410251,-0.191519
2026-08-05 17:50:02.993,54.299948,0.000000,0.000000,0.000000,0.338025,-0.388453,-0.228033,0.137927,-0.375554,-0.230439,0.237976,-0.382004,-0.229236,0.209113,-0.419246,-0.195996,0.234816,-0.422621,-0.131039,0.263676,-0.417507,-0.192513
2026-08-05 17:50:03.093,54.399948,0.000000,0.000000,0.000000,0.336266,-0.377003,-0.226160,0.136128,-0.363084,-0.228646,0.236197,-0.370043,-0.227403,0.207353,-0.407795,-0.194122,0.232946,-0.412189,-0.129235,0.262071,-0.405046,-0.190667
2026-08-05 17:50:03.193,54.499948,0.000000,0.000000,0.000000,0.337065,-0.382208,-0.227011,0.136967,-0.369308,-0.229416,0.237016,-0.375758,-0.228214,0.208083,-0.414015,-0.194941,0.233801,-0.416884,-0.130052,0.262871,-0.410251,-0.191519
2026-08-05 17:50:03.293,54.599948,0.000000,0.000000,0.000000,0.337641,-0.383289,-0.227430,0.137287,-0.371390,-0.229757,0.237464,-0.377340,-0.228594,0.208403,-0.416097,-0.195282,0.234177,-0.418457,-0.130358,0.263191,-0.412333,-0.191859
2026-08-05 17:50:03.393,54.699948,0.000000,0.000000,0.000000,0.336745,-0.380126,-0.226671,0.136647,-0.367227,-0.229076,0.236696,-0.373676,-0.227873,0.207763,-0.411933,-0.194600,0.233648,-0.413275,-0.129607,0.262397,-0.409179,-0.191151
2026-08-05 17:50:03.493,54.799948,0.000000,0.000000,0.000000,0.337481,-0.382248,-0.227260,0.137127,-0.370349,-0.229587,0.237304,-0.376299,-0.228423,0.208313,-0.414041,-0.195144,0.234017,-0.417416,-0.130187,0.262877,-0.412302,-0.191662
2026-08-05 17:50:03.593,54.899948,0.000000,0.000000,0.000000,0.338025,-0.388453,-0.228033,0.137888,-0.374534,-0.230520,0.237956,-0.381494,-0.229277,0.208972,-0.421276,-0.195930,0.234705,-0.423639,-0.131108,0.263676,-0.417507,-0.192513
2026-08-05 17:50:03.693,54.999948,0.000000,0.000000,0.000000,0.336745,-0.380126,-0.226671,0.136608,-0.366207,-0.229157,0.236677,-0.373166,-0.227914,0.207763,-0.411933,-0.194600,0.233648,-0.413275,-0.129607,0.262551,-0.408169,-0.191178
2026-08-05 17:50:03.793,55.099947,0.000000,0.000000,0.000000,0.336905,-0.381167,-0.226841,0.136768,-0.367248,-0.229328,0.236837,-0.374207,-0.228084,0.207993,-0.411959,-0.194803,0.233697,-0.415334,-0.129847,0.262557,-0.410220,-0.191321
2026-08-05 17:50:03.893,55.199947,0.000000,0.000000,0.000000,0.341254,-0.369140,-0.243912,0.140982,-0.359042,-0.244716,0.241118,-0.364091,-0.244314,0.212987,-0.403020,-0.212407,0.239029,-0.409587,-0.147883,0.267680,-0.399621,-0.209145
2026-08-05 17:50:03.993,55.299947,0.000000,0.000000,0.000000,0.336745,-0.380126,-0.226671,0.136647,-0.367227,-0.229076,0.236696,-0.373676,-0.227873,0.207833,-0.410918,-0.194633,0.233558,-0.414257,-0.128965,0.262551,-0.408169,-0.191178
2026-08-05 17:50:04.093,55.399947,0.000000,0.000000,0.000000,0.336266,-0.377003,-0.226160,0.136167,-0.364104,-0.228565,0.236216,-0.370553,-0.227362,0.207213,-0.409826,-0.194056,0.232856,-0.413171,-0.128595,0.261917,-0.406057,-0.190640
2026-08-05 17:50:04.193,55.499947,0.000000,0.000000,0.000000,0.337705,-0.386371,-0.227693,0.137607,-0.373472,-0.230098,0.237656,-0.379922,-0.228895,0.208723,-0.418179,-0.195622,0.234629,-0.419485,-0.129917,0.263356,-0.415425,-0.192173
2026-08-05 17:50:04.293,55.599947,0.000000,0.000000,0.000000,0.336810,-0.383209,-0.226933,0.136967,-0.369308,-0.229416,0.236888,-0.376259,-0.228175,0.208083,-0.414015,-0.194941,0.233878,-0.416339,-0.129306,0.262717,-0.411261,-0.191491
2026-08-05 17:50:04.393,55.699947,0.000000,0.000000,0.000000,0.337225,-0.383249,-0.227182,0.137127,-0.370349,-0.229587,0.237176,-0.376799,-0.228384,0.208243,-0.415056,-0.195111,0.234149,-0.416362,-0.129406,0.263031,-0.411292,-0.191689
2026-08-05 17:50:04.493,55.799947,0.000000,0.000000,0.000000,0.336905,-0.381167,-0.226841,0.136768,-0.367248,-0.229328,0.236837,-0.374207,-0.228084,0.207923,-0.412974,-0.194771,0.233607,-0.416316,-0.129206,0.262711,-0.409210,-0.191348
2026-08-05 17:50:04.593,55.899947,0.000000,0.000000,0.000000,0.337865,-0.387412,-0.227863,0.137728,-0.373493,-0.230350,0.237797,-0.380453,-0.229106,0.208168,-0.419173,-0.195774,0.234677,-0.421544,-0.130158,0.263670,-0.415456,-0.192370
2026-08-05 17:50:04.693,55.999947,0.000000,0.000000,0.000000,0.337545,-0.385331,-0.227522,0.137447,-0.372431,-0.229928,0.237496,-0.378881,-0.228725,0.207780,-0.418106,-0.195400,0.233669,-0.419379,-0.129087,0.263196,-0.414384,-0.192002
2026-08-05 17:50:04.793,56.099946,0.000000,0.000000,0.000000,0.337225,-0.383249,-0.227182,0.137127,-0.370349,-0.229587,0.237176,-0.376799,-0.228384,0.207460,-0.416024,-0.195060,0.233239,-0.418315,-0.128818,0.263031,-0.411292,-0.191689
2026-08-05 17:50:04.893,56.199946,0.000000,0.000000,0.000000,0.337065,-0.382208,-0.227011,0.136928,-0.368289,-0.229498,0.236997,-0.375248,-0.228255,0.207369,-0.413968,-0.194922,0.233079,-0.417274,-0.128648,0.262717,-0.411261,-0.191491
2026-08-05 17:50:04.993,56.299946,0.000000,0.000000,0.000000,0.336905,-0.381167,-0.226841,0.136807,-0.368268,-0.229246,0.236856,-0.374717,-0.228044,0.207209,-0.412927,-0.194752,0.233139,-0.414197,-0.128335,0.262557,-0.410220,-0.191321
2026-08-05 17:50:05.093,56.399946,0.000000,0.000000,0.000000,0.337545,-0.385331,-0.227522,0.137447,-0.372431,-0.229928,0.237496,-0.378881,-0.228725,0.207814,-0.417598,-0.195417,0.233800,-0.418325,-0.128304,0.263351,-0.413374,-0.192030
2026-08-05 17:50:05.193,56.499946,0.000000,0.000000,0.000000,0.336905,-0.381167,-0.226841,0.136846,-0.369287,-0.229165,0.236876,-0.375227,-0.228003,0.207140,-0.413942,-0.194719,0.232340,-0.415132,-0.127676,0.263277,-0.410268,-0.191340
2026-08-05 17:50:05.293,56.599946,0.000000,0.000000,0.000000,0.337225,-0.383249,-0.227182,0.137127,-0.370349,-0.229587,0.237176,-0.376799,-0.228384,0.207460,-0.416024,-0.195060,0.232790,-0.416160,-0.127232,0.263597,-0.412350,-0.191681
2026-08-05 17:50:05.393,56.699946,0.000000,0.000000,0.000000,0.336585,-0.379085,-0.226500,0.136487,-0.366186,-0.228905,0.236536,-0.372635,-0.227703,0.206820,-0.411860,-0.194378,0.232041,-0.413014,-0.126625,0.262958,-0.408186,-0.190999
2026-08-05 17:50:05.493,56.799946,0.000000,0.000000,0.000000,0.337385,-0.384290,-0.227352,0.137287,-0.371390,-0.229757,0.237336,-0.377840,-0.228555,0.207620,-0.417065,-0.195230,0.232841,-0.418219,-0.127476,0.263757,-0.413391,-0.191851
2026-08-05 17:50:05.593,56.899946,0.000000,0.000000,0.000000,0.337065,-0.382208,-0.227011,0.136967,-0.369308,-0.229416,0.237016,-0.375758,-0.228214,0.207300,-0.414983,-0.194889,0.232542,-0.416101,-0.126425,0.263437,-0.411309,-0.191510
2026-08-05 17:50:05.693,56.999946,0.000000,0.000000,0.000000,0.337065,-0.382208,-0.227011,0.137006,-0.370328,-0.229335,0.237035,-0.376268,-0.228173,0.207321,-0.414947,-0.194175,0.231724,-0.417073,-0.126481,0.263437,-0.411309,-0.191510
2026-08-05 17:50:05.793,57.099946,0.000000,0.000000,0.000000,0.350317,-0.360826,-0.230270,0.149676,-0.356231,-0.233570,0.249997,-0.358528,-0.231920,0.221456,-0.399840,-0.199351,0.245724,-0.400071,-0.130661,0.277403,-0.394168,-0.195591
2026-08-05 17:50:05.893,57.199945,0.000000,0.000000,0.000000,0.336585,-0.379085,-0.226500,0.136448,-0.365166,-0.228987,0.236517,-0.372125,-0.227744,0.206175,-0.410798,-0.194393,0.231373,-0.412895,-0.125184,0.262802,-0.409196,-0.190972
2026-08-05 17:50:05.993,57.299945,0.000000,0.000000,0.000000,0.336330,-0.380086,-0.226422,0.136448,-0.365166,-0.228987,0.236389,-0.372626,-0.227705,0.206820,-0.411860,-0.194378,0.231427,-0.412386,-0.125146,0.262802,-0.409196,-0.190972
2026-08-05 17:50:06.093,57.399945,0.000000,0.000000,0.000000,0.337225,-0.383249,-0.227182,0.137088,-0.369330,-0.229668,0.237157,-0.376289,-0.228425,0.206768,-0.415941,-0.194327,0.231303,-0.417012,-0.125847,0.263442,-0.413360,-0.191653
2026-08-05 17:50:06.193,57.499945,0.000000,0.000000,0.000000,0.337001,-0.379125,-0.226749,0.136647,-0.367227,-0.229076,0.236824,-0.373176,-0.227912,0.206267,-0.412854,-0.194530,0.230930,-0.412871,-0.125260,0.263118,-0.409227,-0.191169
2026-08-05 17:50:06.293,57.599945,0.000000,0.000000,0.000000,0.337065,-0.382208,-0.227011,0.136967,-0.369308,-0.229416,0.237016,-0.375758,-0.228214,0.206654,-0.413920,-0.194904,0.231164,-0.415935,-0.124965,0.263437,-0.411309,-0.191510
2026-08-05 17:50:06.393,57.699945,0.000000,0.000000,0.000000,0.341013,-0.370147,-0.243872,0.140982,-0.359042,-0.244716,0.240998,-0.364594,-0.244294,0.211449,-0.404981,-0.212372,0.236644,-0.406335,-0.142462,0.268261,-0.400670,-0.209181
2026-08-05 17:50:06.493,57.799945,0.000000,0.000000,0.000000,0.337385,-0.384290,-0.227352,0.137287,-0.371390,-0.229757,0.237336,-0.377840,-0.228555,0.206839,-0.418033,-0.195179,0.231805,-0.414961,-0.125075,0.263757,-0.413391,-0.191851
2026-08-05 17:50:06.593,57.899945,0.000000,0.000000,0.000000,0.337065,-0.382208,-0.227011,0.136928,-0.368289,-0.229498,0.236997,-0.375248,-0.228255,0.206519,-0.415951,-0.194838,0.231271,-0.414916,-0.124888,0.263437,-0.411309,-0.191510
2026-08-05 17:50:06.693,57.999945,0.000000,0.000000,0.000000,0.337225,-0.383249,-0.227182,0.137127,-0.370349,-0.229587,0.237176,-0.376799,-0.228384,0.206747,-0.415977,-0.195041,0.231431,-0.415957,-0.125059,0.263442,-0.413360,-0.191653
2026-08-05 17:50:06.793,58.099945,0.000000,0.000000,0.000000,0.336745,-0.380126,-0.226671,0.136647,-0.367227,-0.229076,0.236696,-0.373676,-0.227873,0.206220,-0.413833,-0.193784,0.230452,-0.410750,-0.124375,0.263118,-0.409227,-0.191169
2026-08-05 17:50:06.893,58.199944,0.000000,0.000000,0.000000,0.337545,-0.385331,-0.227522,0.137447,-0.372431,-0.229928,0.237496,-0.378881,-0.228725,0.207067,-0.418059,-0.195382,0.231040,-0.417992,-0.125381,0.263762,-0.415442,-0.191994
2026-08-05 17:50:06.993,58.299944,0.000000,0.000000,0.000000,0.336650,-0.382168,-0.226763,0.136807,-0.368268,-0.229246,0.236728,-0.375218,-0.228005,0.206359,-0.414910,-0.194668,0.230612,-0.411791,-0.124545,0.263433,-0.409258,-0.191367
2026-08-05 17:50:07.093,58.399944,0.000000,0.000000,0.000000,0.336585,-0.379085,-0.226500,0.136487,-0.366186,-0.228905,0.236536,-0.372635,-0.227703,0.206039,-0.412829,-0.194327,0.230081,-0.411746,-0.124359,0.262802,-0.409196,-0.190972
2026-08-05 17:50:07.193,58.499944,0.000000,0.000000,0.000000,0.337785,-0.386892,-0.227778,0.137687,-0.373993,-0.230183,0.237736,-0.380442,-0.228981,0.207260,-0.420600,-0.194891,0.231048,-0.421627,-0.126501,0.264002,-0.417003,-0.192249
2026-08-05 17:50:07.293,58.599944,0.000000,0.000000,0.000000,0.336841,-0.378084,-0.226578,0.136487,-0.366186,-0.228905,0.236664,-0.372135,-0.227742,0.205971,-0.413844,-0.194294,0.229954,-0.412801,-0.125147,0.262958,-0.408186,-0.190999
2026-08-05 17:50:07.393,58.699944,0.000000,0.000000,0.000000,0.336841,-0.378084,-0.226578,0.136448,-0.365166,-0.228987,0.236645,-0.371625,-0.227783,0.206039,-0.412829,-0.194327,0.229954,-0.412801,-0.125147,0.262802,-0.409196,-0.190972
2026-08-05 17:50:07.493,58.799944,0.000000,0.000000,0.000000,0.337545,-0.385331,-0.227522,0.137408,-0.371411,-0.230009,0.237477,-0.378371,-0.228766,0.206999,-0.419074,-0.195349,0.231019,-0.418028,-0.126093,0.263762,-0.415442,-0.191994
2026-08-05 17:50:07.593,58.899944,0.000000,0.000000,0.000000,0.337545,-0.385331,-0.227522,0.137447,-0.372431,-0.229928,0.237496,-0.378881,-0.228725,0.206931,-0.420090,-0.195316,0.230893,-0.419083,-0.126880,0.263762,-0.415442,-0.191994
2026-08-05 17:50:07.693,58.999944,0.000000,0.000000,0.000000,0.336745,-0.380126,-0.226671,0.136647,-0.367227,-0.229076,0.236696,-0.373676,-0.227873,0.206131,-0.414885,-0.194464,0.229882,-0.415915,-0.126178,0.262962,-0.410237,-0.191142
2026-08-05 17:50:07.793,59.099944,0.000000,0.000000,0.000000,0.337225,-0.383249,-0.227182,0.137088,-0.369330,-0.229668,0.237157,-0.376289,-0.228425,0.206611,-0.418008,-0.194975,0.230362,-0.419038,-0.126689,0.263597,-0.412350,-0.191681
2026-08-05 17:50:07.893,59.199944,0.000000,0.000000,0.000000,0.336745,-0.380126,-0.226671,0.136647,-0.367227,-0.229076,0.236696,-0.373676,-0.227873,0.206131,-0.414885,-0.194464,0.229966,-0.414932,-0.126813,0.262962,-0.410237,-0.191142
2026-08-05 17:50:07.993,59.299943,0.000000,0.000000,0.000000,0.336106,-0.375962,-0.225989,0.136007,-0.363063,-0.228394,0.236056,-0.369512,-0.227192,0.205559,-0.409706,-0.193816,0.229306,-0.410805,-0.126842,0.262322,-0.406074,-0.190461
2026-08-05 17:50:08.093,59.399943,0.000000,0.000000,0.000000,0.337001,-0.379125,-0.226749,0.136647,-0.367227,-0.229076,0.236824,-0.373176,-0.227912,0.206199,-0.413869,-0.194497,0.229946,-0.414968,-0.127523,0.262962,-0.410237,-0.191142
2026-08-05 17:50:08.193,59.499943,0.000000,0.000000,0.000000,0.337161,-0.380166,-0.226919,0.136807,-0.368268,-0.229246,0.236984,-0.374217,-0.228083,0.205580,-0.415879,-0.194616,0.230106,-0.416009,-0.127694,0.263122,-0.411278,-0.191313
2026-08-05 17:50:08.293,59.599943,0.000000,0.000000,0.000000,0.336010,-0.378004,-0.226082,0.136128,-0.363084,-0.228646,0.236069,-0.370544,-0.227364,0.205651,-0.411762,-0.193953,0.230047,-0.412947,-0.127812,0.262482,-0.407115,-0.190631
2026-08-05 17:50:08.393,59.699943,0.000000,0.000000,0.000000,0.337225,-0.383249,-0.227182,0.137127,-0.370349,-0.229587,0.237176,-0.376799,-0.228384,0.205833,-0.418976,-0.194924,0.230986,-0.419228,-0.129543,0.263287,-0.414370,-0.191626
2026-08-05 17:50:08.493,59.799943,0.000000,0.000000,0.000000,0.336266,-0.377003,-0.226160,0.136167,-0.364104,-0.228565,0.236216,-0.370553,-0.227362,0.205630,-0.411798,-0.194666,0.230218,-0.410982,-0.129091,0.262482,-0.407115,-0.190631
2026-08-05 17:50:08.593,59.899943,0.000000,0.000000,0.000000,0.337321,-0.381207,-0.227089,0.136967,-0.369308,-0.229416,0.237144,-0.375258,-0.228253,0.206498,-0.415987,-0.195551,0.231512,-0.418270,-0.130100,0.262387,-0.413318,-0.192157
2026-08-05 17:50:08.693,59.999943,0.000000,0.000000,0.000000,0.337130,-0.385290,-0.227274,0.137287,-0.371390,-0.229757,0.237208,-0.378340,-0.228516,0.206750,-0.419085,-0.195858,0.231919,-0.419370,-0.131082,0.262861,-0.414390,-0.192526
2026-08-05 17:50:08.793,60.099943,0.000000,0.000000,0.000000,0.337065,-0.382208,-0.227011,0.136967,-0.369308,-0.229416,0.237016,-0.375758,-0.228214,0.206498,-0.415987,-0.195551,0.232308,-0.417335,-0.130759,0.262387,-0.413318,-0.192157
2026-08-05 17:50:08.893,60.199943,0.000000,0.000000,0.000000,0.337225,-0.383249,-0.227182,0.137127,-0.370349,-0.229587,0.237176,-0.376799,-0.228384,0.206590,-0.418044,-0.195688,0.232338,-0.419430,-0.131707,0.262547,-0.414359,-0.192327
2026-08-05 17:50:08.993,60.299942,0.000000,0.000000,0.000000,0.337065,-0.382208,-0.227011,0.136967,-0.369308,-0.229416,0.237016,-0.375758,-0.228214,0.206498,-0.415987,-0.195551,0.232775,-0.419454,-0.131622,0.262387,-0.413318,-0.192157
2026-08-05 17:50:09.093,60.399942,0.000000,0.000000,0.000000,0.337161,-0.380166,-0.226919,0.136807,-0.368268,-0.229246,0.236984,-0.374217,-0.228083,0.206338,-0.414946,-0.195381,0.232705,-0.417431,-0.132093,0.262227,-0.412277,-0.191987
2026-08-05 17:50:09.193,60.499942,0.000000,0.000000,0.000000,0.336585,-0.379085,-0.226500,0.136487,-0.366186,-0.228905,0.236536,-0.372635,-0.227703,0.206018,-0.412865,-0.195040,0.233092,-0.415396,-0.131771,0.261907,-0.410195,-0.191646
2026-08-05 17:50:09.293,60.599942,0.000000,0.000000,0.000000,0.336585,-0.379085,-0.226500,0.136448,-0.365166,-0.228987,0.236517,-0.372125,-0.227744,0.205950,-0.413880,-0.195006,0.233182,-0.414414,-0.132415,0.261907,-0.410195,-0.191646
2026-08-05 17:50:09.393,60.699942,0.000000,0.000000,0.000000,0.336745,-0.380126,-0.226671,0.136647,-0.367227,-0.229076,0.236696,-0.373676,-0.227873,0.206178,-0.413906,-0.195211,0.233342,-0.415455,-0.132586,0.262067,-0.411236,-0.191816
2026-08-05 17:50:09.493,60.799942,0.000000,0.000000,0.000000,0.336585,-0.379085,-0.226500,0.136448,-0.365166,-0.228987,0.236517,-0.372125,-0.227744,0.206018,-0.412865,-0.195040,0.233870,-0.414497,-0.133144,0.261907,-0.410195,-0.191646
2026-08-05 17:50:09.593,60.899942,0.000000,0.000000,0.000000,0.336745,-0.380126,-0.226671,0.136647,-0.367227,-0.229076,0.236696,-0.373676,-0.227873,0.206890,-0.413953,-0.195229,0.234142,-0.414520,-0.133250,0.261349,-0.411188,-0.191798
2026-08-05 17:50:09.693,60.999942,0.000000,0.000000,0.000000,0.337065,-0.382208,-0.227011,0.136967,-0.369308,-0.229416,0.237016,-0.375758,-0.228214,0.207369,-0.413968,-0.194922,0.235151,-0.416685,-0.134321,0.261669,-0.413270,-0.192138
2026-08-05 17:50:09.793,61.099942,0.000000,0.000000,0.000000,0.336585,-0.379085,-0.226500,0.136448,-0.365166,-0.228987,0.236517,-0.372125,-0.227744,0.206820,-0.411860,-0.194378,0.234671,-0.413562,-0.133810,0.261189,-0.410147,-0.191627
2026-08-05 17:50:09.893,61.199942,0.000000,0.000000,0.000000,0.337225,-0.383249,-0.227182,0.137127,-0.370349,-0.229587,0.237176,-0.376799,-0.228384,0.207460,-0.416024,-0.195060,0.235403,-0.416745,-0.135141,0.261828,-0.414311,-0.192309
2026-08-05 17:50:09.993,61.299942,0.000000,0.000000,0.000000,0.350889,-0.365963,-0.230951,0.150468,-0.360357,-0.234312,0.250678,-0.363160,-0.232632,0.222247,-0.403966,-0.200094,0.250582,-0.404654,-0.140761,0.276618,-0.399293,-0.197014
2026-08-05 17:50:10.093,61.399941,0.000000,0.000000,0.000000,0.336425,-0.378044,-0.226330,0.136288,-0.364125,-0.228817,0.236357,-0.371084,-0.227573,0.206660,-0.410820,-0.194208,0.235179,-0.412640,-0.135080,0.261182,-0.408096,-0.191485
2026-08-05 17:50:10.193,61.499941,0.000000,0.000000,0.000000,0.337065,-0.382208,-0.227011,0.136967,-0.369308,-0.229416,0.237016,-0.375758,-0.228214,0.208083,-0.414015,-0.194941,0.236643,-0.415834,-0.135720,0.261821,-0.412260,-0.192167
2026-08-05 17:50:10.293,61.599941,0.000000,0.000000,0.000000,0.336970,-0.384250,-0.227104,0.137088,-0.369330,-0.229668,0.237029,-0.376790,-0.228386,0.208222,-0.415092,-0.195827,0.236782,-0.416911,-0.136602,0.261981,-0.413301,-0.192337
2026-08-05 17:50:10.393,61.699941,0.000000,0.000000,0.000000,0.336266,-0.377003,-0.226160,0.136128,-0.363084,-0.228646,0.236197,-0.370043,-0.227403,0.207283,-0.408811,-0.194089,0.235802,-0.410701,-0.136293,0.260869,-0.408065,-0.191287
2026-08-05 17:50:10.493,61.799941,0.000000,0.000000,0.000000,0.336745,-0.380126,-0.226671,0.136647,-0.367227,-0.229076,0.236696,-0.373676,-0.227873,0.207742,-0.411970,-0.195316,0.236876,-0.414888,-0.136880,0.261502,-0.410178,-0.191826
2026-08-05 17:50:10.593,61.899941,0.000000,0.000000,0.000000,0.337385,-0.384290,-0.227352,0.137287,-0.371390,-0.229757,0.237336,-0.377840,-0.228555,0.208403,-0.416097,-0.195282,0.237611,-0.418071,-0.138216,0.262141,-0.414342,-0.192507
2026-08-05 17:50:10.693,61.999941,0.000000,0.000000,0.000000,0.337225,-0.383249,-0.227182,0.137088,-0.369330,-0.229668,0.237157,-0.376289,-0.228425,0.208152,-0.416108,-0.195793,0.238141,-0.417113,-0.138776,0.261414,-0.412243,-0.192346
2026-08-05 17:50:10.793,62.099941,0.000000,0.000000,0.000000,0.337065,-0.382208,-0.227011,0.136967,-0.369308,-0.229416,0.237016,-0.375758,-0.228214,0.207992,-0.415067,-0.195622,0.238099,-0.415056,-0.138550,0.261102,-0.412212,-0.192148
2026-08-05 17:50:10.893,62.199941,0.000000,0.000000,0.000000,0.337065,-0.382208,-0.227011,0.136967,-0.369308,-0.229416,0.237016,-0.375758,-0.228214,0.208062,-0.414052,-0.195656,0.238195,-0.414075,-0.139209,0.261254,-0.411202,-0.192176
2026-08-05 17:50:10.993,62.299941,0.000000,0.000000,0.000000,0.337225,-0.383249,-0.227182,0.137127,-0.370349,-0.229587,0.237176,-0.376799,-0.228384,0.208222,-0.415092,-0.195827,0.238928,-0.416216,-0.140166,0.261414,-0.412243,-0.192346
2026-08-05 17:50:11.093,62.399940,0.000000,0.000000,0.000000,0.337225,-0.383249,-0.227182,0.137127,-0.370349,-0.229587,0.237176,-0.376799,-0.228384,0.208152,-0.416108,-0.195793,0.239047,-0.415199,-0.140113,0.261262,-0.413253,-0.192318
2026-08-05 17:50:11.193,62.499940,0.000000,0.000000,0.000000,0.336841,-0.378084,-0.226578,0.136487,-0.366186,-0.228905,0.236664,-0.372135,-0.227742,0.207512,-0.411944,-0.195111,0.239099,-0.411119,-0.140164,0.260774,-0.408079,-0.191665
2026-08-05 17:50:11.293,62.599940,0.000000,0.000000,0.000000,0.336745,-0.380126,-0.226671,0.136647,-0.367227,-0.229076,0.236696,-0.373676,-0.227873,0.208420,-0.412525,-0.195317,0.239379,-0.411143,-0.140282,0.260912,-0.409157,-0.192558
2026-08-05 17:50:11.393,62.699940,0.000000,0.000000,0.000000,0.337225,-0.383249,-0.227182,0.137088,-0.369330,-0.229668,0.237157,-0.376289,-0.228425,0.208865,-0.416155,-0.195811,0.240552,-0.414350,-0.141528,0.261392,-0.412279,-0.193069
2026-08-05 17:50:11.493,62.799940,0.000000,0.000000,0.000000,0.340559,-0.365016,-0.243064,0.140287,-0.354917,-0.243868,0.240423,-0.359967,-0.243466,0.212870,-0.400974,-0.212312,0.244723,-0.401867,-0.158978,0.265353,-0.396453,-0.209706
2026-08-05 17:50:11.593,62.899940,0.000000,0.000000,0.000000,0.337385,-0.384290,-0.227352,0.137287,-0.371390,-0.229757,0.237336,-0.377840,-0.228555,0.209096,-0.416181,-0.196016,0.240690,-0.415427,-0.142414,0.261552,-0.413320,-0.193239
2026-08-05 17:50:11.693,62.999940,0.000000,0.000000,0.000000,0.337225,-0.383249,-0.227182,0.137127,-0.370349,-0.229587,0.237176,-0.376799,-0.228384,0.208844,-0.416191,-0.196526,0.241224,-0.414470,-0.142977,0.261240,-0.413290,-0.193039
2026-08-05 17:50:11.793,63.099940,0.000000,0.000000,0.000000,0.336585,-0.379085,-0.226500,0.136448,-0.365166,-0.228987,0.236517,-0.372125,-0.227744,0.208204,-0.412027,-0.195844,0.240563,-0.410342,-0.143012,0.260601,-0.409126,-0.192358
2026-08-05 17:50:11.893,63.199940,0.000000,0.000000,0.000000,0.337225,-0.383249,-0.227182,0.137088,-0.369330,-0.229668,0.237157,-0.376289,-0.228425,0.208773,-0.417206,-0.196491,0.241794,-0.415569,-0.143759,0.261392,-0.412279,-0.193069
2026-08-05 17:50:11.993,63.299940,0.000000,0.000000,0.000000,0.336841,-0.378084,-0.226578,0.136448,-0.365166,-0.228987,0.236645,-0.371625,-0.227783,0.208275,-0.411012,-0.195880,0.241256,-0.410426,-0.143746,0.260753,-0.408116,-0.192387
2026-08-05 17:50:12.093,63.399940,0.000000,0.000000,0.000000,0.337065,-0.382208,-0.227011,0.136967,-0.369308,-0.229416,0.237016,-0.375758,-0.228214,0.208684,-0.415150,-0.196355,0.242450,-0.413596,-0.144276,0.261232,-0.411238,-0.192898
2026-08-05 17:50:12.193,63.499939,0.000000,0.000000,0.000000,0.337001,-0.379125,-0.226749,0.136608,-0.366207,-0.229157,0.236805,-0.372666,-0.227953,0.208364,-0.413068,-0.196015,0.241985,-0.412566,-0.144696,0.260761,-0.410167,-0.192528
2026-08-05 17:50:12.293,63.599939,0.000000,0.000000,0.000000,0.337225,-0.383249,-0.227182,0.137088,-0.369330,-0.229668,0.237157,-0.376289,-0.228425,0.208844,-0.416191,-0.196526,0.242465,-0.415689,-0.145207,0.261392,-0.412279,-0.193069
2026-08-05 17:50:12.393,63.699939,0.000000,0.000000,0.000000,0.337065,-0.382208,-0.227011,0.136928,-0.368289,-0.229498,0.236997,-0.375248,-0.228255,0.208684,-0.415150,-0.196355,0.242429,-0.413632,-0.144991,0.261232,-0.411238,-0.192898
2026-08-05 17:50:12.493,63.799939,0.000000,0.000000,0.000000,0.336266,-0.377003,-0.226160,0.136128,-0.363084,-0.228646,0.236197,-0.370043,-0.227403,0.207884,-0.409946,-0.195504,0.241608,-0.408463,-0.144855,0.260281,-0.407044,-0.192017
2026-08-05 17:50:12.593,63.899939,0.000000,0.000000,0.000000,0.337225,-0.383249,-0.227182,0.137127,-0.370349,-0.229587,0.237176,-0.376799,-0.228384,0.208844,-0.416191,-0.196526,0.242568,-0.414709,-0.145877,0.261392,-0.412279,-0.193069
2026-08-05 17:50:12.693,63.999939,0.000000,0.000000,0.000000,0.337385,-0.384290,-0.227352,0.137326,-0.372410,-0.229676,0.237355,-0.378350,-0.228514,0.209004,-0.417232,-0.196696,0.242728,-0.415750,-0.146047,0.261704,-0.412310,-0.193269
2026-08-05 17:50:12.793,64.099939,0.000000,0.000000,0.000000,0.336585,-0.379085,-0.226500,0.136487,-0.366186,-0.228905,0.236536,-0.372635,-0.227703,0.208917,-0.412075,-0.195863,0.241928,-0.410545,-0.145196,0.260753,-0.408116,-0.192387
2026-08-05 17:50:12.893,64.199939,0.000000,0.000000,0.000000,0.336745,-0.380126,-0.226671,0.136647,-0.367227,-0.229076,0.236696,-0.373676,-0.227873,0.209149,-0.412101,-0.196069,0.242088,-0.411586,-0.145366,0.260912,-0.409157,-0.192558
2026-08-05 17:50:12.993,64.299939,0.000000,0.000000,0.000000,0.337065,-0.382208,-0.227011,0.136928,-0.368289,-0.229498,0.236997,-0.375248,-0.228255,0.209469,-0.414183,-0.196409,0.242408,-0.413668,-0.145707,0.261232,-0.411238,-0.192898
2026-08-05 17:50:13.093,64.399939,0.000000,0.000000,0.000000,0.336330,-0.380086,-0.226422,0.136487,-0.366186,-0.228905,0.236409,-0.373136,-0.227664,0.208917,-0.412075,-0.195863,0.241928,-0.410545,-0.145196,0.259881,-0.409078,-0.192339
2026-08-05 17:50:13.193,64.499938,0.000000,0.000000,0.000000,0.338025,-0.388453,-0.228033,0.137888,-0.374534,-0.230520,0.237956,-0.381494,-0.229277,0.210429,-0.420428,-0.197431,0.243491,-0.418898,-0.146685,0.261471,-0.417436,-0.193902
2026-08-05 17:50:13.293,64.599938,0.000000,0.000000,0.000000,0.337001,-0.379125,-0.226749,0.136608,-0.366207,-0.229157,0.236805,-0.372666,-0.227953,0.209863,-0.412148,-0.196087,0.241496,-0.410523,-0.145303,0.260192,-0.409109,-0.192539
2026-08-05 17:50:13.393,64.699938,0.000000,0.000000,0.000000,0.336810,-0.383209,-0.226933,0.136967,-0.369308,-0.229416,0.236888,-0.376259,-0.228175,0.210256,-0.413215,-0.196463,0.241694,-0.413621,-0.145688,0.260662,-0.410180,-0.192909
2026-08-05 17:50:13.493,64.799938,0.000000,0.000000,0.000000,0.337481,-0.382248,-0.227260,0.137088,-0.369330,-0.229668,0.237284,-0.375789,-0.228464,0.210343,-0.415271,-0.196598,0.241976,-0.413646,-0.145814,0.260822,-0.411221,-0.193079
2026-08-05 17:50:13.593,64.899938,0.000000,0.000000,0.000000,0.336425,-0.378044,-0.226330,0.136327,-0.365145,-0.228735,0.236376,-0.371594,-0.227533,0.209638,-0.409015,-0.195065,0.241054,-0.409457,-0.145007,0.260022,-0.406017,-0.192228
2026-08-05 17:50:13.693,64.999938,0.000000,0.000000,0.000000,0.336745,-0.380126,-0.226671,0.136608,-0.366207,-0.229157,0.236677,-0.373166,-0.227914,0.210673,-0.411145,-0.195424,0.241374,-0.411539,-0.145347,0.260342,-0.408098,-0.192568
2026-08-05 17:50:13.793,65.099938,0.000000,0.000000,0.000000,0.336266,-0.377003,-0.226160,0.136167,-0.364104,-0.228565,0.236216,-0.370553,-0.227362,0.210119,-0.409037,-0.194879,0.240894,-0.408416,-0.144836,0.259862,-0.404976,-0.192057
2026-08-05 17:50:13.893,65.199938,0.000000,0.000000,0.000000,0.337065,-0.382208,-0.227011,0.136967,-0.369308,-0.229416,0.237016,-0.375758,-0.228214,0.210993,-0.413226,-0.195765,0.241816,-0.412605,-0.145644,0.260511,-0.411191,-0.192880
2026-08-05 17:50:13.993,65.299938,0.000000,0.000000,0.000000,0.336585,-0.379085,-0.226500,0.136526,-0.367206,-0.228824,0.236556,-0.373145,-0.227662,0.210513,-0.410104,-0.195254,0.241336,-0.409482,-0.145133,0.260182,-0.407057,-0.192398
2026-08-05 17:50:14.093,65.399938,0.000000,0.000000,0.000000,0.337225,-0.383249,-0.227182,0.137127,-0.370349,-0.229587,0.237176,-0.376799,-0.228384,0.211153,-0.414267,-0.195935,0.241976,-0.413646,-0.145814,0.260822,-0.411221,-0.193079
2026-08-05 17:50:14.193,65.499938,0.000000,0.000000,0.000000,0.337865,-0.387412,-0.227863,0.137805,-0.375533,-0.230187,0.237835,-0.381473,-0.229025,0.211867,-0.417416,-0.196651,0.242616,-0.417809,-0.146496,0.261462,-0.415385,-0.193761
2026-08-05 17:50:14.293,65.599937,0.000000,0.000000,0.000000,0.337065,-0.382208,-0.227011,0.137006,-0.370328,-0.229335,0.237035,-0.376268,-0.228173,0.210993,-0.413226,-0.195765,0.241816,-0.412605,-0.145644,0.260511,-0.411191,-0.192880
2026-08-05 17:50:14.393,65.699937,0.000000,0.000000,0.000000,0.336745,-0.380126,-0.226671,0.136647,-0.367227,-0.229076,0.236696,-0.373676,-0.227873,0.210673,-0.411145,-0.195424,0.241496,-0.410523,-0.145303,0.260342,-0.408098,-0.192568
2026-08-05 17:50:14.493,65.799937,0.000000,0.000000,0.000000,0.337001,-0.379125,-0.226749,0.136647,-0.367227,-0.229076,0.236824,-0.373176,-0.227912,0.210673,-0.411145,-0.195424,0.241475,-0.410559,-0.146020,0.260342,-0.408098,-0.192568
2026-08-05 17:50:14.593,65.899937,0.000000,0.000000,0.000000,0.337065,-0.382208,-0.227011,0.136928,-0.368289,-0.229498,0.236997,-0.375248,-0.228255,0.210972,-0.413263,-0.196482,0.241795,-0.412641,-0.146361,0.260662,-0.410180,-0.192909
2026-08-05 17:50:14.693,65.999937,0.000000,0.000000,0.000000,0.351482,-0.369058,-0.231508,0.151061,-0.363451,-0.234869,0.251272,-0.366254,-0.233188,0.226418,-0.406199,-0.202175,0.256889,-0.405242,-0.151952,0.275980,-0.400340,-0.198287
2026-08-05 17:50:14.793,66.099937,0.000000,0.000000,0.000000,0.336490,-0.381127,-0.226593,0.136647,-0.367227,-0.229076,0.236568,-0.374177,-0.227834,0.209937,-0.411133,-0.196122,0.240639,-0.411527,-0.146044,0.260342,-0.408098,-0.192568
2026-08-05 17:50:14.893,66.199937,0.000000,0.000000,0.000000,0.336745,-0.380126,-0.226671,0.136647,-0.367227,-0.229076,0.236696,-0.373676,-0.227873,0.209937,-0.411133,-0.196122,0.240760,-0.410512,-0.146001,0.260342,-0.408098,-0.192568
2026-08-05 17:50:14.993,66.299937,0.000000,0.000000,0.000000,0.336810,-0.383209,-0.226933,0.136967,-0.369308,-0.229416,0.236888,-0.376259,-0.228175,0.210220,-0.413723,-0.196445,0.240958,-0.413609,-0.146385,0.260662,-0.410180,-0.192909
2026-08-05 17:50:15.093,66.399937,0.000000,0.000000,0.000000,0.337225,-0.383249,-0.227182,0.137088,-0.369330,-0.229668,0.237157,-0.376289,-0.228425,0.210416,-0.414256,-0.196633,0.241118,-0.414650,-0.146555,0.260822,-0.411221,-0.193079
2026-08-05 17:50:15.193,66.499937,0.000000,0.000000,0.000000,0.337545,-0.385331,-0.227522,0.137447,-0.372431,-0.229928,0.237496,-0.378881,-0.228725,0.210736,-0.416338,-0.196974,0.240724,-0.416685,-0.146877,0.261142,-0.413303,-0.193420
2026-08-05 17:50:15.293,66.599936,0.000000,0.000000,0.000000,0.337225,-0.383249,-0.227182,0.137088,-0.369330,-0.229668,0.237157,-0.376289,-0.228425,0.210416,-0.414256,-0.196633,0.240404,-0.414603,-0.146537,0.260822,-0.411221,-0.193079
2026-08-05 17:50:15.393,66.699936,0.000000,0.000000,0.000000,0.336681,-0.377043,-0.226408,0.136327,-0.365145,-0.228735,0.236504,-0.371094,-0.227572,0.209543,-0.410066,-0.195746,0.239505,-0.410378,-0.145014,0.260022,-0.406017,-0.192228
2026-08-05 17:50:15.493,66.799936,0.000000,0.000000,0.000000,0.337065,-0.382208,-0.227011,0.136928,-0.368289,-0.229498,0.236997,-0.375248,-0.228255,0.210330,-0.412200,-0.196498,0.239432,-0.414494,-0.145676,0.260662,-0.410180,-0.192909
2026-08-05 17:50:15.593,66.899936,0.000000,0.000000,0.000000,0.337545,-0.385331,-0.227522,0.137447,-0.372431,-0.229928,0.237496,-0.378881,-0.228725,0.210736,-0.416338,-0.196974,0.239933,-0.417581,-0.145473,0.260991,-0.414313,-0.193391
2026-08-05 17:50:15.693,66.999936,0.000000,0.000000,0.000000,0.336585,-0.379085,-0.226500,0.136487,-0.366186,-0.228905,0.236536,-0.372635,-0.227703,0.209777,-0.410092,-0.195952,0.238260,-0.411288,-0.144432,0.260182,-0.407057,-0.192398
2026-08-05 17:50:15.793,67.099936,0.000000,0.000000,0.000000,0.337065,-0.382208,-0.227011,0.136967,-0.369308,-0.229416,0.237016,-0.375758,-0.228214,0.210256,-0.413215,-0.196463,0.238761,-0.414375,-0.144229,0.260813,-0.409170,-0.192938
2026-08-05 17:50:15.893,67.199936,0.000000,0.000000,0.000000,0.337225,-0.383249,-0.227182,0.137127,-0.370349,-0.229587,0.237176,-0.376799,-0.228384,0.210416,-0.414256,-0.196633,0.238921,-0.415416,-0.144399,0.260973,-0.410211,-0.193109
2026-08-05 17:50:15.993,67.299936,0.000000,0.000000,0.000000,0.337225,-0.383249,-0.227182,0.137088,-0.369330,-0.229668,0.237157,-0.376289,-0.228425,0.210490,-0.413241,-0.196669,0.238883,-0.415888,-0.143709,0.260973,-0.410211,-0.193109
2026-08-05 17:50:16.093,67.399936,0.000000,0.000000,0.000000,0.337065,-0.382208,-0.227011,0.136967,-0.369308,-0.229416,0.237016,-0.375758,-0.228214,0.210256,-0.413215,-0.196463,0.238921,-0.413286,-0.142751,0.260813,-0.409170,-0.192938
2026-08-05 17:50:16.193,67.499936,0.000000,0.000000,0.000000,0.336745,-0.380126,-0.226671,0.136608,-0.366207,-0.229157,0.236677,-0.373166,-0.227914,0.209937,-0.411133,-0.196122,0.238483,-0.412221,-0.142459,0.260493,-0.407088,-0.192598
2026-08-05 17:50:16.293,67.599936,0.000000,0.000000,0.000000,0.337225,-0.383249,-0.227182,0.137127,-0.370349,-0.229587,0.237176,-0.376799,-0.228384,0.210416,-0.414256,-0.196633,0.238984,-0.415308,-0.142256,0.260973,-0.410211,-0.193109
2026-08-05 17:50:16.393,67.699935,0.000000,0.000000,0.000000,0.336010,-0.378004,-0.226082,0.136128,-0.363084,-0.228646,0.236069,-0.370544,-0.227364,0.209457,-0.408010,-0.195611,0.237906,-0.410078,-0.141284,0.260013,-0.403965,-0.192087
2026-08-05 17:50:16.493,67.799935,0.000000,0.000000,0.000000,0.336010,-0.378004,-0.226082,0.136128,-0.363084,-0.228646,0.236069,-0.370544,-0.227364,0.209457,-0.408010,-0.195611,0.238024,-0.409062,-0.141234,0.260013,-0.403965,-0.192087
2026-08-05 17:50:16.593,67.899935,0.000000,0.000000,0.000000,0.336810,-0.383209,-0.226933,0.136928,-0.368289,-0.229498,0.236869,-0.375749,-0.228216,0.210330,-0.412200,-0.196498,0.238727,-0.415247,-0.141422,0.260813,-0.409170,-0.192938
2026-08-05 17:50:16.693,67.999935,0.000000,0.000000,0.000000,0.336745,-0.380126,-0.226671,0.136608,-0.366207,-0.229157,0.236677,-0.373166,-0.227914,0.209937,-0.411133,-0.196122,0.238525,-0.412149,-0.141030,0.260493,-0.407088,-0.192598
2026-08-05 17:50:16.793,68.099935,0.000000,0.000000,0.000000,0.336745,-0.380126,-0.226671,0.136647,-0.367227,-0.229076,0.236696,-0.373676,-0.227873,0.210031,-0.410082,-0.195440,0.238525,-0.412149,-0.141030,0.260644,-0.406078,-0.192627
2026-08-05 17:50:16.893,68.199935,0.000000,0.000000,0.000000,0.336905,-0.381167,-0.226841,0.136768,-0.367248,-0.229328,0.236837,-0.374207,-0.228084,0.210118,-0.412138,-0.195576,0.238706,-0.413153,-0.140486,0.260653,-0.408129,-0.192768
2026-08-05 17:50:16.993,68.299935,0.000000,0.000000,0.000000,0.336745,-0.380126,-0.226671,0.136608,-0.366207,-0.229157,0.236677,-0.373166,-0.227914,0.209958,-0.411097,-0.195406,0.238546,-0.412113,-0.140316,0.260644,-0.406078,-0.192627
2026-08-05 17:50:17.093,68.399935,0.000000,0.000000,0.000000,0.336970,-0.384250,-0.227104,0.137127,-0.370349,-0.229587,0.237048,-0.377299,-0.228345,0.211227,-0.413252,-0.195969,0.238928,-0.416216,-0.140166,0.260973,-0.410211,-0.193109
2026-08-05 17:50:17.193,68.499935,0.000000,0.000000,0.000000,0.336905,-0.381167,-0.226841,0.136846,-0.369287,-0.229165,0.236876,-0.375227,-0.228003,0.210907,-0.411171,-0.195629,0.238845,-0.412101,-0.139719,0.261528,-0.407167,-0.192816
2026-08-05 17:50:17.293,68.599935,0.000000,0.000000,0.000000,0.337065,-0.382208,-0.227011,0.137006,-0.370328,-0.229335,0.237035,-0.376268,-0.228173,0.210993,-0.413226,-0.195765,0.238908,-0.414122,-0.139228,0.261536,-0.409218,-0.192957
2026-08-05 17:50:17.393,68.699934,0.000000,0.000000,0.000000,0.336585,-0.379085,-0.226500,0.136448,-0.365166,-0.228987,0.236517,-0.372125,-0.227744,0.209724,-0.411071,-0.195201,0.238428,-0.410999,-0.138717,0.261056,-0.406095,-0.192446
2026-08-05 17:50:17.493,68.799934,0.000000,0.000000,0.000000,0.336745,-0.380126,-0.226671,0.136647,-0.367227,-0.229076,0.236696,-0.373676,-0.227873,0.209884,-0.412112,-0.195372,0.238491,-0.413021,-0.138228,0.261237,-0.407100,-0.191892
2026-08-05 17:50:17.593,68.899934,0.000000,0.000000,0.000000,0.336266,-0.377003,-0.226160,0.136128,-0.363084,-0.228646,0.236197,-0.370043,-0.227403,0.209551,-0.406959,-0.194929,0.238129,-0.408881,-0.137662,0.260758,-0.403977,-0.191381
2026-08-05 17:50:17.693,68.999934,0.000000,0.000000,0.000000,0.340559,-0.365016,-0.243064,0.140234,-0.353896,-0.243909,0.240396,-0.359456,-0.243487,0.214414,-0.399014,-0.212350,0.243445,-0.401745,-0.154638,0.265790,-0.393406,-0.208951
2026-08-05 17:50:17.793,69.099934,0.000000,0.000000,0.000000,0.337065,-0.382208,-0.227011,0.136928,-0.368289,-0.229498,0.236997,-0.375248,-0.228255,0.210351,-0.412164,-0.195780,0.238831,-0.415067,-0.137855,0.261557,-0.409182,-0.192233
2026-08-05 17:50:17.893,69.199934,0.000000,0.000000,0.000000,0.337545,-0.385331,-0.227522,0.137447,-0.372431,-0.229928,0.237496,-0.378881,-0.228725,0.210757,-0.416302,-0.196257,0.238717,-0.417125,-0.138291,0.262037,-0.412304,-0.192744
2026-08-05 17:50:17.993,69.299934,0.000000,0.000000,0.000000,0.336970,-0.384250,-0.227104,0.137088,-0.369330,-0.229668,0.237029,-0.376790,-0.228386,0.210438,-0.414220,-0.195917,0.238301,-0.416024,-0.137294,0.261717,-0.410222,-0.192403
2026-08-05 17:50:18.093,69.399934,0.000000,0.000000,0.000000,0.336266,-0.377003,-0.226160,0.136128,-0.363084,-0.228646,0.236197,-0.370043,-0.227403,0.209404,-0.408989,-0.194861,0.237341,-0.409779,-0.136272,0.260909,-0.402967,-0.191409
2026-08-05 17:50:18.193,69.499934,0.000000,0.000000,0.000000,0.337161,-0.380166,-0.226919,0.136807,-0.368268,-0.229246,0.236984,-0.374217,-0.228083,0.210118,-0.412138,-0.195576,0.237863,-0.414960,-0.137011,0.261397,-0.408141,-0.192062
2026-08-05 17:50:18.293,69.599934,0.000000,0.000000,0.000000,0.336905,-0.381167,-0.226841,0.136807,-0.368268,-0.229246,0.236856,-0.374717,-0.228044,0.210118,-0.412138,-0.195576,0.238002,-0.413907,-0.136240,0.262120,-0.408189,-0.192081
2026-08-05 17:50:18.393,69.699934,0.000000,0.000000,0.000000,0.337545,-0.385331,-0.227522,0.137447,-0.372431,-0.229928,0.237496,-0.378881,-0.228725,0.210757,-0.416302,-0.196257,0.238641,-0.418070,-0.136921,0.262760,-0.412352,-0.192763
2026-08-05 17:50:18.493,69.799933,0.000000,0.000000,0.000000,0.337225,-0.383249,-0.227182,0.137127,-0.370349,-0.229587,0.237176,-0.376799,-0.228384,0.210459,-0.414184,-0.195200,0.237969,-0.419040,-0.136757,0.261717,-0.410222,-0.192403
2026-08-05 17:50:18.593,69.899933,0.000000,0.000000,0.000000,0.336585,-0.379085,-0.226500,0.136487,-0.366186,-0.228905,0.236536,-0.372635,-0.227703,0.209724,-0.411071,-0.195201,0.237526,-0.413314,-0.135276,0.261801,-0.406107,-0.191741
2026-08-05 17:50:18.693,69.999933,0.000000,0.000000,0.000000,0.336490,-0.381127,-0.226593,0.136608,-0.366207,-0.229157,0.236549,-0.373667,-0.227875,0.209242,-0.411049,-0.195387,0.237151,-0.412782,-0.135338,0.261960,-0.407148,-0.191911
2026-08-05 17:50:18.793,70.099933,0.000000,0.000000,0.000000,0.337385,-0.384290,-0.227352,0.137287,-0.371390,-0.229757,0.237336,-0.377840,-0.228555,0.209903,-0.415177,-0.195352,0.237811,-0.416910,-0.135306,0.262600,-0.411311,-0.192592
2026-08-05 17:50:18.893,70.199933,0.000000,0.000000,0.000000,0.336585,-0.379085,-0.226500,0.136487,-0.366186,-0.228905,0.236536,-0.372635,-0.227703,0.209082,-0.410009,-0.195217,0.237245,-0.409671,-0.134332,0.261801,-0.406107,-0.191741
2026-08-05 17:50:18.993,70.299933,0.000000,0.000000,0.000000,0.337065,-0.382208,-0.227011,0.136967,-0.369308,-0.229416,0.237016,-0.375758,-0.228214,0.209490,-0.414146,-0.195694,0.237259,-0.416863,-0.135087,0.262280,-0.409230,-0.192252
2026-08-05 17:50:19.093,70.399933,0.000000,0.000000,0.000000,0.337065,-0.382208,-0.227011,0.136928,-0.368289,-0.229498,0.236997,-0.375248,-0.228255,0.209583,-0.413095,-0.195011,0.237629,-0.413775,-0.134189,0.262280,-0.409230,-0.192252
2026-08-05 17:50:19.193,70.499933,0.000000,0.000000,0.000000,0.336905,-0.381167,-0.226841,0.136807,-0.368268,-0.229246,0.236856,-0.374717,-0.228044,0.209351,-0.413069,-0.194808,0.237469,-0.412734,-0.134019,0.262120,-0.408189,-0.192081
2026-08-05 17:50:19.293,70.599933,0.000000,0.000000,0.000000,0.337065,-0.382208,-0.227011,0.136967,-0.369308,-0.229416,0.237016,-0.375758,-0.228214,0.209583,-0.413095,-0.195011,0.236685,-0.415762,-0.134295,0.262280,-0.409230,-0.192252
2026-08-05 17:50:19.393,70.699933,0.000000,0.000000,0.000000,0.336745,-0.380126,-0.226671,0.136647,-0.367227,-0.229076,0.236696,-0.373676,-0.227873,0.209264,-0.411013,-0.194670,0.236827,-0.409611,-0.133706,0.261960,-0.407148,-0.191911
2026-08-05 17:50:19.493,70.799932,0.000000,0.000000,0.000000,0.336585,-0.379085,-0.226500,0.136487,-0.366186,-0.228905,0.236536,-0.372635,-0.227703,0.209104,-0.409972,-0.194500,0.236688,-0.408534,-0.132818,0.261801,-0.406107,-0.191741
2026-08-05 17:50:19.593,70.899932,0.000000,0.000000,0.000000,0.335626,-0.372839,-0.225478,0.135527,-0.359940,-0.227883,0.235577,-0.366390,-0.226681,0.208072,-0.404742,-0.193445,0.235959,-0.400253,-0.131670,0.260841,-0.399861,-0.190718
2026-08-05 17:50:19.693,70.999932,0.000000,0.000000,0.000000,0.336425,-0.378044,-0.226330,0.136327,-0.365145,-0.228735,0.236376,-0.371594,-0.227533,0.208944,-0.408931,-0.194330,0.236643,-0.406475,-0.132585,0.261641,-0.405066,-0.191570
2026-08-05 17:50:19.793,71.099932,0.000000,0.000000,0.000000,0.336905,-0.381167,-0.226841,0.136768,-0.367248,-0.229328,0.236837,-0.374207,-0.228084,0.209423,-0.412054,-0.194841,0.236293,-0.410568,-0.133141,0.262120,-0.408189,-0.192081
2026-08-05 17:50:19.893,71.199932,0.000000,0.000000,0.000000,0.337065,-0.382208,-0.227011,0.136967,-0.369308,-0.229416,0.237016,-0.375758,-0.228214,0.209511,-0.414110,-0.194978,0.236474,-0.411573,-0.132594,0.262280,-0.409230,-0.192252
2026-08-05 17:50:19.993,71.299932,0.000000,0.000000,0.000000,0.336425,-0.378044,-0.226330,0.136327,-0.365145,-0.228735,0.236376,-0.371594,-0.227533,0.208871,-0.409947,-0.194297,0.235834,-0.407409,-0.131913,0.261641,-0.405066,-0.191570
2026-08-05 17:50:20.093,71.399932,0.000000,0.000000,0.000000,0.337385,-0.384290,-0.227352,0.137248,-0.370371,-0.229839,0.237317,-0.377330,-0.228595,0.209188,-0.415129,-0.195333,0.236679,-0.414672,-0.132999,0.262600,-0.411311,-0.192592
2026-08-05 17:50:20.193,71.499932,0.000000,0.000000,0.000000,0.336010,-0.378004,-0.226082,0.136167,-0.364104,-0.228565,0.236089,-0.371054,-0.227323,0.208068,-0.407843,-0.194141,0.235466,-0.408367,-0.131157,0.261481,-0.404025,-0.191400
2026-08-05 17:50:20.293,71.599932,0.000000,0.000000,0.000000,0.336745,-0.380126,-0.226671,0.136647,-0.367227,-0.229076,0.236696,-0.373676,-0.227873,0.208619,-0.409950,-0.194685,0.235946,-0.411490,-0.131668,0.261960,-0.407148,-0.191911
2026-08-05 17:50:20.393,71.699932,0.000000,0.000000,0.000000,0.336425,-0.378044,-0.226330,0.136327,-0.365145,-0.228735,0.236376,-0.371594,-0.227533,0.208228,-0.408884,-0.194311,0.235026,-0.408343,-0.131243,0.261641,-0.405066,-0.191570
2026-08-05 17:50:20.493,71.799932,0.000000,0.000000,0.000000,0.336585,-0.379085,-0.226500,0.136487,-0.366186,-0.228905,0.236536,-0.372635,-0.227703,0.208317,-0.410940,-0.194448,0.234960,-0.411419,-0.131545,0.261648,-0.407117,-0.191712
2026-08-05 17:50:20.593,71.899931,0.000000,0.000000,0.000000,0.337161,-0.380166,-0.226919,0.136807,-0.368268,-0.229246,0.236984,-0.374217,-0.228083,0.208637,-0.413022,-0.194789,0.235393,-0.412483,-0.131820,0.262142,-0.408152,-0.191357
2026-08-05 17:50:20.693,71.999931,0.000000,0.000000,0.000000,0.336266,-0.377003,-0.226160,0.136167,-0.364104,-0.228565,0.236216,-0.370553,-0.227362,0.207997,-0.408858,-0.194108,0.234753,-0.408320,-0.131139,0.261349,-0.404998,-0.190648
2026-08-05 17:50:20.793,72.099931,0.000000,0.000000,0.000000,0.337065,-0.382208,-0.227011,0.137006,-0.370328,-0.229335,0.237035,-0.376268,-0.228173,0.208868,-0.413048,-0.194992,0.235574,-0.413488,-0.131276,0.262149,-0.410203,-0.191500
2026-08-05 17:50:20.893,72.199931,0.000000,0.000000,0.000000,0.336905,-0.381167,-0.226841,0.136768,-0.367248,-0.229328,0.236837,-0.374207,-0.228084,0.208708,-0.412007,-0.194822,0.235301,-0.413465,-0.131172,0.261989,-0.409162,-0.191329
2026-08-05 17:50:20.993,72.299931,0.000000,0.000000,0.000000,0.337225,-0.383249,-0.227182,0.137127,-0.370349,-0.229587,0.237176,-0.376799,-0.228384,0.209028,-0.414089,-0.195163,0.235621,-0.415547,-0.131513,0.262462,-0.410234,-0.191697
2026-08-05 17:50:21.093,72.399931,0.000000,0.000000,0.000000,0.336490,-0.381127,-0.226593,0.136608,-0.366207,-0.229157,0.236549,-0.373667,-0.227875,0.208477,-0.411981,-0.194619,0.234914,-0.414460,-0.131136,0.261982,-0.407111,-0.191186
2026-08-05 17:50:21.193,72.499931,0.000000,0.000000,0.000000,0.337065,-0.382208,-0.227011,0.137006,-0.370328,-0.229335,0.237035,-0.376268,-0.228173,0.208797,-0.414063,-0.194959,0.234749,-0.414459,-0.131324,0.262127,-0.410240,-0.192223
2026-08-05 17:50:21.293,72.599931,0.000000,0.000000,0.000000,0.336810,-0.383209,-0.226933,0.136928,-0.368289,-0.229498,0.236869,-0.375749,-0.228216,0.208797,-0.414063,-0.194959,0.234637,-0.415476,-0.131391,0.262149,-0.410203,-0.191500
2026-08-05 17:50:21.393,72.699931,0.000000,0.000000,0.000000,0.336745,-0.380126,-0.226671,0.136647,-0.367227,-0.229076,0.236696,-0.373676,-0.227873,0.208548,-0.410966,-0.194652,0.234317,-0.413395,-0.131050,0.261982,-0.407111,-0.191186
2026-08-05 17:50:21.493,72.799931,0.000000,0.000000,0.000000,0.337065,-0.382208,-0.227011,0.137006,-0.370328,-0.229335,0.237035,-0.376268,-0.228173,0.208868,-0.413048,-0.194992,0.234637,-0.415476,-0.131391,0.262149,-0.410203,-0.191500
2026-08-05 17:50:21.593,72.899930,0.000000,0.000000,0.000000,0.336841,-0.378084,-0.226578,0.136487,-0.366186,-0.228905,0.236664,-0.372135,-0.227742,0.208388,-0.409925,-0.194481,0.234157,-0.412354,-0.130880,0.261669,-0.407080,-0.190989
2026-08-05 17:50:21.693,72.999930,0.000000,0.000000,0.000000,0.336970,-0.384250,-0.227104,0.137127,-0.370349,-0.229587,0.237048,-0.377299,-0.228345,0.208957,-0.415104,-0.195130,0.234685,-0.417535,-0.131628,0.262462,-0.410234,-0.191697
2026-08-05 17:50:21.793,73.099930,0.000000,0.000000,0.000000,0.337545,-0.385331,-0.227522,0.137447,-0.372431,-0.229928,0.237496,-0.378881,-0.228725,0.209348,-0.416170,-0.195503,0.235138,-0.418563,-0.131190,0.262629,-0.413326,-0.192011
2026-08-05 17:50:21.893,73.199930,0.000000,0.000000,0.000000,0.337001,-0.379125,-0.226749,0.136647,-0.367227,-0.229076,0.236824,-0.373176,-0.227912,0.208548,-0.410966,-0.194652,0.234317,-0.413395,-0.131050,0.261982,-0.407111,-0.191186
2026-08-05 17:50:21.993,73.299930,0.000000,0.000000,0.000000,0.337225,-0.383249,-0.227182,0.137088,-0.369330,-0.229668,0.237157,-0.376289,-0.228425,0.209028,-0.414089,-0.195163,0.234481,-0.419535,-0.131053,0.262462,-0.410234,-0.191697
2026-08-05 17:50:22.093,73.399930,0.000000,0.000000,0.000000,0.336585,-0.379085,-0.226500,0.136487,-0.366186,-0.228905,0.236536,-0.372635,-0.227703,0.208388,-0.409925,-0.194481,0.234066,-0.413335,-0.130236,0.261669,-0.407080,-0.190989
2026-08-05 17:50:22.193,73.499930,0.000000,0.000000,0.000000,0.336745,-0.380126,-0.226671,0.136647,-0.367227,-0.229076,0.236696,-0.373676,-0.227873,0.208548,-0.410966,-0.194652,0.234113,-0.415394,-0.130474,0.261829,-0.408121,-0.191159
2026-08-05 17:50:22.293,73.599930,0.000000,0.000000,0.000000,0.337065,-0.382208,-0.227011,0.136967,-0.369308,-0.229416,0.237016,-0.375758,-0.228214,0.208797,-0.414063,-0.194959,0.234658,-0.415440,-0.130679,0.262302,-0.409193,-0.191527
2026-08-05 17:50:22.393,73.699930,0.000000,0.000000,0.000000,0.337545,-0.385331,-0.227522,0.137447,-0.372431,-0.229928,0.237496,-0.378881,-0.228725,0.209348,-0.416170,-0.195503,0.234913,-0.420599,-0.131326,0.262629,-0.413326,-0.192011
2026-08-05 17:50:22.493,73.799930,0.000000,0.000000,0.000000,0.336745,-0.380126,-0.226671,0.136647,-0.367227,-0.229076,0.236696,-0.373676,-0.227873,0.208548,-0.410966,-0.194652,0.234001,-0.416412,-0.130542,0.261829,-0.408121,-0.191159
2026-08-05 17:50:22.593,73.899930,0.000000,0.000000,0.000000,0.337225,-0.383249,-0.227182,0.137127,-0.370349,-0.229587,0.237176,-0.376799,-0.228384,0.208957,-0.415104,-0.195130,0.233996,-0.417452,-0.130899,0.262309,-0.411244,-0.191670
2026-08-05 17:50:22.693,73.999929,0.000000,0.000000,0.000000,0.337545,-0.385331,-0.227522,0.137447,-0.372431,-0.229928,0.237496,-0.378881,-0.228725,0.208563,-0.417138,-0.195452,0.234316,-0.419534,-0.131239,0.262629,-0.413326,-0.192011
2026-08-05 17:50:22.793,74.099929,0.000000,0.000000,0.000000,0.337385,-0.384290,-0.227352,0.137287,-0.371390,-0.229757,0.237336,-0.377840,-0.228555,0.208438,-0.415590,-0.195298,0.234211,-0.417984,-0.131035,0.262469,-0.412285,-0.191840
2026-08-05 17:50:22.893,74.199929,0.000000,0.000000,0.000000,0.336745,-0.380126,-0.226671,0.136647,-0.367227,-0.229076,0.236696,-0.373676,-0.227873,0.207763,-0.411933,-0.194600,0.233405,-0.415347,-0.130456,0.261982,-0.407111,-0.191186
2026-08-05 17:50:22.993,74.299929,0.000000,0.000000,0.000000,0.337065,-0.382208,-0.227011,0.137006,-0.370328,-0.229335,0.237035,-0.376268,-0.228173,0.208083,-0.414015,-0.194941,0.233836,-0.416411,-0.130728,0.262149,-0.410203,-0.191500
2026-08-05 17:50:23.093,74.399929,0.000000,0.000000,0.000000,0.336425,-0.378044,-0.226330,0.136327,-0.365145,-0.228735,0.236376,-0.371594,-0.227533,0.207513,-0.408836,-0.194292,0.233196,-0.412247,-0.130047,0.261509,-0.406039,-0.190818
2026-08-05 17:50:23.193,74.499929,0.000000,0.000000,0.000000,0.336745,-0.380126,-0.226671,0.136686,-0.368246,-0.228994,0.236716,-0.374186,-0.227832,0.207763,-0.411933,-0.194600,0.233405,-0.415347,-0.130456,0.262551,-0.408169,-0.191178
2026-08-05 17:50:23.293,74.599929,0.000000,0.000000,0.000000,0.337065,-0.382208,-0.227011,0.136967,-0.369308,-0.229416,0.237016,-0.375758,-0.228214,0.208083,-0.414015,-0.194941,0.233725,-0.417429,-0.130796,0.262871,-0.410251,-0.191519
2026-08-05 17:50:23.393,74.699929,0.000000,0.000000,0.000000,0.337161,-0.380166,-0.226919,0.136768,-0.367248,-0.229328,0.236965,-0.373707,-0.228123,0.207923,-0.412974,-0.194771,0.233676,-0.415370,-0.130558,0.262711,-0.409210,-0.191348
2026-08-05 17:50:23.493,74.799929,0.000000,0.000000,0.000000,0.338025,-0.388453,-0.228033,0.137927,-0.375554,-0.230439,0.237976,-0.382004,-0.229236,0.209113,-0.419246,-0.195996,0.234684,-0.423675,-0.131818,0.263830,-0.416497,-0.192541
2026-08-05 17:50:23.593,74.899929,0.000000,0.000000,0.000000,0.336585,-0.379085,-0.226500,0.136526,-0.367206,-0.228824,0.236556,-0.373145,-0.227662,0.207603,-0.410893,-0.194430,0.233356,-0.413288,-0.130217,0.261669,-0.407080,-0.190989
2026-08-05 17:50:23.693,74.999928,0.000000,0.000000,0.000000,0.337065,-0.382208,-0.227011,0.137006,-0.370328,-0.229335,0.237035,-0.376268,-0.228173,0.208083,-0.414015,-0.194941,0.233857,-0.416375,-0.130017,0.262717,-0.411261,-0.191491
2026-08-05 17:50:23.793,75.099928,0.000000,0.000000,0.000000,0.337065,-0.382208,-0.227011,0.136967,-0.369308,-0.229416,0.237016,-0.375758,-0.228214,0.208153,-0.413000,-0.194974,0.233857,-0.416375,-0.130017,0.262717,-0.411261,-0.191491
2026-08-05 17:50:23.893,75.199928,0.000000,0.000000,0.000000,0.337865,-0.387412,-0.227863,0.137728,-0.373493,-0.230350,0.237797,-0.380453,-0.229106,0.208883,-0.419220,-0.195793,0.234656,-0.421580,-0.130869,0.263516,-0.416466,-0.192343
2026-08-05 17:50:23.993,75.299928,0.000000,0.000000,0.000000,0.337065,-0.382208,-0.227011,0.136967,-0.369308,-0.229416,0.237016,-0.375758,-0.228214,0.208083,-0.414015,-0.194941,0.233857,-0.416375,-0.130017,0.262717,-0.411261,-0.191491
2026-08-05 17:50:24.093,75.399928,0.000000,0.000000,0.000000,0.336745,-0.380126,-0.226671,0.136647,-0.367227,-0.229076,0.236696,-0.373676,-0.227873,0.207763,-0.411933,-0.194600,0.233315,-0.416329,-0.129815,0.262397,-0.409179,-0.191151
2026-08-05 17:50:24.193,75.499928,0.000000,0.000000,0.000000,0.336745,-0.380126,-0.226671,0.136686,-0.368246,-0.228994,0.236716,-0.374186,-0.227832,0.207763,-0.411933,-0.194600,0.233315,-0.416329,-0.129815,0.262397,-0.409179,-0.191151
2026-08-05 17:50:24.293,75.599928,0.000000,0.000000,0.000000,0.337065,-0.382208,-0.227011,0.136967,-0.369308,-0.229416,0.237016,-0.375758,-0.228214,0.208153,-0.413000,-0.194974,0.233857,-0.416375,-0.130017,0.262717,-0.411261,-0.191491
2026-08-05 17:50:24.393,75.699928,0.000000,0.000000,0.000000,0.336490,-0.381127,-0.226593,0.136647,-0.367227,-0.229076,0.236568,-0.374177,-0.227834,0.207763,-0.411933,-0.194600,0.233537,-0.414293,-0.129676,0.262397,-0.409179,-0.191151
2026-08-05 17:50:24.493,75.799928,0.000000,0.000000,0.000000,0.337865,-0.387412,-0.227863,0.137767,-0.374513,-0.230268,0.237816,-0.380963,-0.229066,0.208883,-0.419220,-0.195793,0.234677,-0.421544,-0.130158,0.263516,-0.416466,-0.192343
2026-08-05 17:50:24.593,75.899928,0.000000,0.000000,0.000000,0.337865,-0.387412,-0.227863,0.137728,-0.373493,-0.230350,0.237797,-0.380453,-0.229106,0.208883,-0.419220,-0.195793,0.233858,-0.422515,-0.130210,0.263516,-0.416466,-0.192343
2026-08-05 17:50:24.693,75.999928,0.000000,0.000000,0.000000,0.336585,-0.379085,-0.226500,0.136487,-0.366186,-0.228905,0.236536,-0.372635,-0.227703,0.206958,-0.409830,-0.194444,0.232688,-0.413169,-0.128777,0.262237,-0.408138,-0.190980
2026-08-05 17:50:24.793,76.099927,0.000000,0.000000,0.000000,0.336490,-0.381127,-0.226593,0.136647,-0.367227,-0.229076,0.236568,-0.374177,-0.227834,0.206980,-0.412901,-0.194549,0.232848,-0.414210,-0.128947,0.262551,-0.408169,-0.191178
2026-08-05 17:50:24.893,76.199927,0.000000,0.000000,0.000000,0.337385,-0.384290,-0.227352,0.137248,-0.370371,-0.229839,0.237317,-0.377330,-0.228595,0.207689,-0.416050,-0.195263,0.233399,-0.419356,-0.128989,0.263191,-0.412333,-0.191859
2026-08-05 17:50:24.993,76.299927,0.000000,0.000000,0.000000,0.337065,-0.382208,-0.227011,0.136928,-0.368289,-0.229498,0.236997,-0.375248,-0.228255,0.207231,-0.415999,-0.194857,0.233189,-0.416256,-0.128576,0.262871,-0.410251,-0.191519
2026-08-05 17:50:25.093,76.399927,0.000000,0.000000,0.000000,0.337065,-0.382208,-0.227011,0.136967,-0.369308,-0.229416,0.237016,-0.375758,-0.228214,0.207231,-0.415999,-0.194857,0.232969,-0.418293,-0.128719,0.262871,-0.410251,-0.191519
2026-08-05 17:50:25.193,76.499927,0.000000,0.000000,0.000000,0.337065,-0.382208,-0.227011,0.136967,-0.369308,-0.229416,0.237016,-0.375758,-0.228214,0.207300,-0.414983,-0.194889,0.232479,-0.416209,-0.128558,0.263437,-0.411309,-0.191510
2026-08-05 17:50:25.293,76.599927,0.000000,0.000000,0.000000,0.336745,-0.380126,-0.226671,0.136647,-0.367227,-0.229076,0.236696,-0.373676,-0.227873,0.206980,-0.412901,-0.194549,0.232071,-0.415110,-0.127579,0.263273,-0.408217,-0.191197
2026-08-05 17:50:25.393,76.699927,0.000000,0.000000,0.000000,0.337065,-0.382208,-0.227011,0.136967,-0.369308,-0.229416,0.237016,-0.375758,-0.228214,0.207369,-0.413968,-0.194922,0.232282,-0.418210,-0.127992,0.263437,-0.411309,-0.191510
2026-08-05 17:50:25.493,76.799927,0.000000,0.000000,0.000000,0.337225,-0.383249,-0.227182,0.137127,-0.370349,-0.229587,0.237176,-0.376799,-0.228384,0.207460,-0.416024,-0.195060,0.232463,-0.419215,-0.127453,0.263597,-0.412350,-0.191681
2026-08-05 17:50:25.593,76.899927,0.000000,0.000000,0.000000,0.337065,-0.382208,-0.227011,0.136967,-0.369308,-0.229416,0.237016,-0.375758,-0.228214,0.207300,-0.414983,-0.194889,0.231703,-0.417108,-0.127191,0.263437,-0.411309,-0.191510
2026-08-05 17:50:25.693,76.999927,0.000000,0.000000,0.000000,0.336425,-0.378044,-0.226330,0.136366,-0.366165,-0.228654,0.236396,-0.372104,-0.227492,0.206729,-0.409804,-0.194241,0.230956,-0.413963,-0.126583,0.262798,-0.407145,-0.190829
2026-08-05 17:50:25.793,77.099926,0.000000,0.000000,0.000000,0.337001,-0.379125,-0.226749,0.136647,-0.367227,-0.229076,0.236824,-0.373176,-0.227912,0.206980,-0.412901,-0.194549,0.231512,-0.413972,-0.126065,0.263118,-0.409227,-0.191169
2026-08-05 17:50:25.893,77.199926,0.000000,0.000000,0.000000,0.337001,-0.379125,-0.226749,0.136647,-0.367227,-0.229076,0.236824,-0.373176,-0.227912,0.206980,-0.412901,-0.194549,0.231512,-0.413972,-0.126065,0.263118,-0.409227,-0.191169
2026-08-05 17:50:25.993,77.299926,0.000000,0.000000,0.000000,0.337545,-0.385331,-0.227522,0.137486,-0.373451,-0.229846,0.237515,-0.379391,-0.228684,0.207067,-0.418059,-0.195382,0.232312,-0.419177,-0.126917,0.263762,-0.415442,-0.191994
2026-08-05 17:50:26.093,77.399926,0.000000,0.000000,0.000000,0.337225,-0.383249,-0.227182,0.137166,-0.371369,-0.229505,0.237195,-0.377309,-0.228343,0.207460,-0.416024,-0.195060,0.231303,-0.417012,-0.125847,0.263597,-0.412350,-0.191681
2026-08-05 17:50:26.193,77.499926,0.000000,0.000000,0.000000,0.337610,-0.388413,-0.227785,0.137805,-0.375533,-0.230187,0.237707,-0.381973,-0.228986,0.207454,-0.419125,-0.195755,0.231943,-0.421176,-0.126528,0.264237,-0.416514,-0.192362
2026-08-05 17:50:26.293,77.599926,0.000000,0.000000,0.000000,0.337065,-0.382208,-0.227011,0.137006,-0.370328,-0.229335,0.237035,-0.376268,-0.228173,0.206519,-0.415951,-0.194838,0.231090,-0.416480,-0.125715,0.263437,-0.411309,-0.191510
2026-08-05 17:50:26.393,77.699926,0.000000,0.000000,0.000000,0.337130,-0.385290,-0.227274,0.137287,-0.371390,-0.229757,0.237208,-0.378340,-0.228516,0.206873,-0.417526,-0.195195,0.231570,-0.417034,-0.125941,0.263757,-0.413391,-0.191851
2026-08-05 17:50:26.493,77.799926,0.000000,0.000000,0.000000,0.337545,-0.385331,-0.227522,0.137447,-0.372431,-0.229928,0.237496,-0.378881,-0.228725,0.207020,-0.419038,-0.194636,0.231730,-0.418075,-0.126112,0.263917,-0.414432,-0.192021
2026-08-05 17:50:26.593,77.899926,0.000000,0.000000,0.000000,0.337065,-0.382208,-0.227011,0.136967,-0.369308,-0.229416,0.237016,-0.375758,-0.228214,0.206519,-0.415951,-0.194838,0.231250,-0.414952,-0.125601,0.263282,-0.412319,-0.191483
2026-08-05 17:50:26.693,77.999926,0.000000,0.000000,0.000000,0.337801,-0.384330,-0.227601,0.137486,-0.373451,-0.229846,0.237643,-0.378890,-0.228723,0.206999,-0.419074,-0.195349,0.231125,-0.417009,-0.126017,0.263762,-0.415442,-0.191994
2026-08-05 17:50:26.793,78.099926,0.000000,0.000000,0.000000,0.337065,-0.382208,-0.227011,0.137006,-0.370328,-0.229335,0.237035,-0.376268,-0.228173,0.206519,-0.415951,-0.194838,0.230434,-0.415924,-0.125658,0.263282,-0.412319,-0.191483
2026-08-05 17:50:26.893,78.199925,0.000000,0.000000,0.000000,0.336745,-0.380126,-0.226671,0.136608,-0.366207,-0.229157,0.236677,-0.373166,-0.227914,0.206131,-0.414885,-0.194464,0.230114,-0.413842,-0.125317,0.263118,-0.409227,-0.191169
2026-08-05 17:50:26.993,78.299925,0.000000,0.000000,0.000000,0.337610,-0.388413,-0.227785,0.137805,-0.375533,-0.230187,0.237707,-0.381973,-0.228986,0.207319,-0.421156,-0.195690,0.231234,-0.421129,-0.126510,0.264082,-0.417524,-0.192335
2026-08-05 17:50:27.093,78.399925,0.000000,0.000000,0.000000,0.337385,-0.384290,-0.227352,0.137287,-0.371390,-0.229757,0.237336,-0.377840,-0.228555,0.206907,-0.417018,-0.195211,0.231071,-0.414950,-0.125771,0.263602,-0.414401,-0.191824
2026-08-05 17:50:27.193,78.499925,0.000000,0.000000,0.000000,0.336585,-0.379085,-0.226500,0.136487,-0.366186,-0.228905,0.236536,-0.372635,-0.227703,0.205971,-0.413844,-0.194294,0.229848,-0.413820,-0.125223,0.262802,-0.409196,-0.190972
2026-08-05 17:50:27.293,78.599925,0.000000,0.000000,0.000000,0.336810,-0.383209,-0.226933,0.136967,-0.369308,-0.229416,0.236888,-0.376259,-0.228175,0.206451,-0.416967,-0.194805,0.230540,-0.414905,-0.125582,0.263282,-0.412319,-0.191483
2026-08-05 17:50:27.393,78.699925,0.000000,0.000000,0.000000,0.337385,-0.384290,-0.227352,0.137287,-0.371390,-0.229757,0.237336,-0.377840,-0.228555,0.206839,-0.418033,-0.195179,0.230627,-0.419060,-0.126785,0.263602,-0.414401,-0.191824
2026-08-05 17:50:27.493,78.799925,0.000000,0.000000,0.000000,0.337065,-0.382208,-0.227011,0.137006,-0.370328,-0.229335,0.237035,-0.376268,-0.228173,0.206519,-0.415951,-0.194838,0.230202,-0.417997,-0.126519,0.263282,-0.412319,-0.191483
2026-08-05 17:50:27.593,78.899925,0.000000,0.000000,0.000000,0.336490,-0.381127,-0.226593,0.136647,-0.367227,-0.229076,0.236568,-0.374177,-0.227834,0.206199,-0.413869,-0.194497,0.229987,-0.414897,-0.126103,0.262962,-0.410237,-0.191142
2026-08-05 17:50:27.693,78.999925,0.000000,0.000000,0.000000,0.336745,-0.380126,-0.226671,0.136647,-0.367227,-0.229076,0.236696,-0.373676,-0.227873,0.206199,-0.413869,-0.194497,0.230072,-0.413914,-0.126740,0.262962,-0.410237,-0.191142
2026-08-05 17:50:27.793,79.099925,0.000000,0.000000,0.000000,0.337065,-0.382208,-0.227011,0.136967,-0.369308,-0.229416,0.237016,-0.375758,-0.228214,0.206451,-0.416967,-0.194805,0.230181,-0.418033,-0.127228,0.263282,-0.412319,-0.191483
2026-08-05 17:50:27.893,79.199924,0.000000,0.000000,0.000000,0.336905,-0.381167,-0.226841,0.136807,-0.368268,-0.229246,0.236856,-0.374717,-0.228044,0.206359,-0.414910,-0.194668,0.230000,-0.417028,-0.127766,0.262967,-0.412288,-0.191285
2026-08-05 17:50:27.993,79.299924,0.000000,0.000000,0.000000,0.337065,-0.382208,-0.227011,0.136967,-0.369308,-0.229416,0.237016,-0.375758,-0.228214,0.205673,-0.417935,-0.194754,0.230213,-0.417559,-0.127900,0.263282,-0.412319,-0.191483
2026-08-05 17:50:28.093,79.399924,0.000000,0.000000,0.000000,0.336905,-0.381167,-0.226841,0.136846,-0.369287,-0.229165,0.236876,-0.375227,-0.228003,0.206291,-0.415926,-0.194635,0.230085,-0.416045,-0.128404,0.263122,-0.411278,-0.191313
2026-08-05 17:50:28.193,79.499924,0.000000,0.000000,0.000000,0.336905,-0.381167,-0.226841,0.136768,-0.367248,-0.229328,0.236837,-0.374207,-0.228084,0.206291,-0.415926,-0.194635,0.230085,-0.416045,-0.128404,0.262967,-0.412288,-0.191285
2026-08-05 17:50:28.293,79.599924,0.000000,0.000000,0.000000,0.336905,-0.381167,-0.226841,0.136807,-0.368268,-0.229246,0.236856,-0.374717,-0.228044,0.205514,-0.416894,-0.194583,0.230666,-0.417146,-0.129202,0.263122,-0.411278,-0.191313
2026-08-05 17:50:28.393,79.699924,0.000000,0.000000,0.000000,0.336425,-0.378044,-0.226330,0.136366,-0.366165,-0.228654,0.236396,-0.372104,-0.227492,0.205743,-0.413819,-0.194091,0.230165,-0.414059,-0.129400,0.262642,-0.408155,-0.190802
2026-08-05 17:50:28.493,79.799924,0.000000,0.000000,0.000000,0.337065,-0.382208,-0.227011,0.136967,-0.369308,-0.229416,0.237016,-0.375758,-0.228214,0.206498,-0.415987,-0.195551,0.230805,-0.418223,-0.130082,0.263106,-0.413366,-0.192176
2026-08-05 17:50:28.593,79.899924,0.000000,0.000000,0.000000,0.336745,-0.380126,-0.226671,0.136647,-0.367227,-0.229076,0.236696,-0.373676,-0.227873,0.206110,-0.414921,-0.195177,0.231279,-0.415206,-0.130400,0.262221,-0.410226,-0.191845
2026-08-05 17:50:28.693,79.999924,0.000000,0.000000,0.000000,0.337225,-0.383249,-0.227182,0.137088,-0.369330,-0.229668,0.237157,-0.376289,-0.228425,0.206726,-0.416013,-0.195756,0.232576,-0.417358,-0.130862,0.262547,-0.414359,-0.192327
2026-08-05 17:50:28.793,80.099924,0.000000,0.000000,0.000000,0.336585,-0.379085,-0.226500,0.136487,-0.366186,-0.228905,0.236536,-0.372635,-0.227703,0.206018,-0.412865,-0.195040,0.231698,-0.415266,-0.131025,0.261907,-0.410195,-0.191646
2026-08-05 17:50:28.893,80.199924,0.000000,0.000000,0.000000,0.337065,-0.382208,-0.227011,0.136928,-0.368289,-0.229498,0.236997,-0.375248,-0.228255,0.206430,-0.417003,-0.195517,0.232775,-0.419454,-0.131622,0.262387,-0.413318,-0.192157
2026-08-05 17:50:28.993,80.299923,0.000000,0.000000,0.000000,0.336841,-0.378084,-0.226578,0.136487,-0.366186,-0.228905,0.236664,-0.372135,-0.227742,0.206018,-0.412865,-0.195040,0.232495,-0.414331,-0.131687,0.261907,-0.410195,-0.191646
2026-08-05 17:50:29.093,80.399923,0.000000,0.000000,0.000000,0.336425,-0.378044,-0.226330,0.136327,-0.365145,-0.228735,0.236376,-0.371594,-0.227533,0.205790,-0.412839,-0.194836,0.232204,-0.414344,-0.132291,0.261747,-0.409154,-0.191476
2026-08-05 17:50:29.193,80.499923,0.000000,0.000000,0.000000,0.336745,-0.380126,-0.226671,0.136647,-0.367227,-0.229076,0.236696,-0.373676,-0.227873,0.206110,-0.414921,-0.195177,0.233398,-0.414946,-0.132553,0.262067,-0.411236,-0.191816
2026-08-05 17:50:29.293,80.599923,0.000000,0.000000,0.000000,0.336970,-0.384250,-0.227104,0.137127,-0.370349,-0.229587,0.237048,-0.377299,-0.228345,0.206590,-0.418044,-0.195688,0.233933,-0.417560,-0.133032,0.262547,-0.414359,-0.192327
2026-08-05 17:50:29.393,80.699923,0.000000,0.000000,0.000000,0.336266,-0.377003,-0.226160,0.136167,-0.364104,-0.228565,0.236216,-0.370553,-0.227362,0.205630,-0.411798,-0.194666,0.232730,-0.413386,-0.132848,0.261279,-0.410133,-0.191249
2026-08-05 17:50:29.493,80.799923,0.000000,0.000000,0.000000,0.337225,-0.383249,-0.227182,0.137127,-0.370349,-0.229587,0.237176,-0.376799,-0.228384,0.206590,-0.418044,-0.195688,0.234398,-0.419678,-0.133888,0.261828,-0.414311,-0.192309
2026-08-05 17:50:29.593,80.899923,0.000000,0.000000,0.000000,0.337065,-0.382208,-0.227011,0.136967,-0.369308,-0.229416,0.237016,-0.375758,-0.228214,0.206566,-0.414972,-0.195585,0.234462,-0.416602,-0.133591,0.261669,-0.413270,-0.192138
2026-08-05 17:50:29.693,80.999923,0.000000,0.000000,0.000000,0.337225,-0.383249,-0.227182,0.137127,-0.370349,-0.229587,0.237176,-0.376799,-0.228384,0.206658,-0.417028,-0.195722,0.234601,-0.417679,-0.134473,0.261676,-0.415321,-0.192280
2026-08-05 17:50:29.793,81.099923,0.000000,0.000000,0.000000,0.337065,-0.382208,-0.227011,0.136967,-0.369308,-0.229416,0.237016,-0.375758,-0.228214,0.207279,-0.415019,-0.195604,0.235151,-0.416685,-0.134321,0.261669,-0.413270,-0.192138
2026-08-05 17:50:29.893,81.199923,0.000000,0.000000,0.000000,0.337065,-0.382208,-0.227011,0.136967,-0.369308,-0.229416,0.237016,-0.375758,-0.228214,0.207300,-0.414983,-0.194889,0.235356,-0.414686,-0.134909,0.261669,-0.413270,-0.192138
2026-08-05 17:50:29.993,81.299922,0.000000,0.000000,0.000000,0.336650,-0.382168,-0.226763,0.136846,-0.369287,-0.229165,0.236748,-0.375728,-0.227964,0.207140,-0.413942,-0.194719,0.235679,-0.415727,-0.134880,0.261509,-0.412229,-0.191968
2026-08-05 17:50:30.093,81.399922,0.000000,0.000000,0.000000,0.336425,-0.378044,-0.226330,0.136327,-0.365145,-0.228735,0.236376,-0.371594,-0.227533,0.206660,-0.410820,-0.194208,0.235293,-0.411623,-0.135020,0.261029,-0.409106,-0.191457
2026-08-05 17:50:30.193,81.499922,0.000000,0.000000,0.000000,0.336490,-0.381127,-0.226593,0.136647,-0.367227,-0.229076,0.236568,-0.374177,-0.227834,0.206980,-0.412901,-0.194549,0.236266,-0.414261,-0.135409,0.261425,-0.410683,-0.191812
2026-08-05 17:50:30.293,81.599922,0.000000,0.000000,0.000000,0.336745,-0.380126,-0.226671,0.136647,-0.367227,-0.229076,0.236696,-0.373676,-0.227873,0.207672,-0.412985,-0.195282,0.236418,-0.412771,-0.136032,0.261349,-0.411188,-0.191798
2026-08-05 17:50:30.393,81.699922,0.000000,0.000000,0.000000,0.337225,-0.383249,-0.227182,0.137166,-0.371369,-0.229505,0.237195,-0.377309,-0.228343,0.208173,-0.416072,-0.195078,0.236761,-0.416947,-0.137315,0.261981,-0.413301,-0.192337
2026-08-05 17:50:30.493,81.799922,0.000000,0.000000,0.000000,0.336650,-0.382168,-0.226763,0.136846,-0.369287,-0.229165,0.236748,-0.375728,-0.227964,0.207832,-0.414026,-0.195452,0.237036,-0.415929,-0.137050,0.261662,-0.411219,-0.191996
2026-08-05 17:50:30.593,81.899922,0.000000,0.000000,0.000000,0.337065,-0.382208,-0.227011,0.136967,-0.369308,-0.229416,0.237016,-0.375758,-0.228214,0.208013,-0.415031,-0.194908,0.237291,-0.415989,-0.137875,0.261102,-0.412212,-0.192148
2026-08-05 17:50:30.693,81.999922,0.000000,0.000000,0.000000,0.336585,-0.379085,-0.226500,0.136526,-0.367206,-0.228824,0.236556,-0.373145,-0.227662,0.207512,-0.411944,-0.195111,0.237522,-0.412914,-0.137383,0.261342,-0.409137,-0.191656
2026-08-05 17:50:30.793,82.099922,0.000000,0.000000,0.000000,0.337321,-0.381207,-0.227089,0.136967,-0.369308,-0.229416,0.237144,-0.375258,-0.228253,0.207992,-0.415067,-0.195622,0.238099,-0.415056,-0.138550,0.261745,-0.412765,-0.192152
2026-08-05 17:50:30.893,82.199922,0.000000,0.000000,0.000000,0.336585,-0.379085,-0.226500,0.136487,-0.366186,-0.228905,0.236536,-0.372635,-0.227703,0.207512,-0.411944,-0.195111,0.238449,-0.410963,-0.138002,0.260622,-0.409089,-0.191637
2026-08-05 17:50:30.993,82.299922,0.000000,0.000000,0.000000,0.336266,-0.377003,-0.226160,0.136167,-0.364104,-0.228565,0.236216,-0.370553,-0.227362,0.207192,-0.409862,-0.194771,0.237990,-0.409934,-0.138430,0.260302,-0.407007,-0.191296
2026-08-05 17:50:31.093,82.399921,0.000000,0.000000,0.000000,0.337385,-0.384290,-0.227352,0.137287,-0.371390,-0.229757,0.237336,-0.377840,-0.228555,0.208312,-0.417149,-0.195963,0.239207,-0.416240,-0.140283,0.261422,-0.414294,-0.192488
2026-08-05 17:50:31.193,82.499921,0.000000,0.000000,0.000000,0.336266,-0.377003,-0.226160,0.136167,-0.364104,-0.228565,0.236216,-0.370553,-0.227362,0.207192,-0.409862,-0.194771,0.238681,-0.410018,-0.139162,0.260302,-0.407007,-0.191296
2026-08-05 17:50:31.293,82.599921,0.000000,0.000000,0.000000,0.336745,-0.380126,-0.226671,0.136647,-0.367227,-0.229076,0.236696,-0.373676,-0.227873,0.207672,-0.412985,-0.195282,0.239379,-0.411143,-0.140282,0.260761,-0.410167,-0.192528
2026-08-05 17:50:31.393,82.699921,0.000000,0.000000,0.000000,0.336745,-0.380126,-0.226671,0.136647,-0.367227,-0.229076,0.236696,-0.373676,-0.227873,0.207672,-0.412985,-0.195282,0.239358,-0.411180,-0.140998,0.260761,-0.410167,-0.192528
2026-08-05 17:50:31.493,82.799921,0.000000,0.000000,0.000000,0.337001,-0.379125,-0.226749,0.136686,-0.368246,-0.228994,0.236843,-0.373686,-0.227871,0.207672,-0.412985,-0.195282,0.240072,-0.411227,-0.141017,0.260609,-0.411177,-0.192499
2026-08-05 17:50:31.593,82.899921,0.000000,0.000000,0.000000,0.337065,-0.382208,-0.227011,0.136967,-0.369308,-0.229416,0.237016,-0.375758,-0.228214,0.208776,-0.414099,-0.195675,0.240371,-0.413345,-0.142073,0.261081,-0.412249,-0.192869
2026-08-05 17:50:31.693,82.999921,0.000000,0.000000,0.000000,0.336905,-0.381167,-0.226841,0.136807,-0.368268,-0.229246,0.236856,-0.374717,-0.228044,0.208524,-0.414109,-0.196185,0.240904,-0.412388,-0.142637,0.261072,-0.410197,-0.192728
2026-08-05 17:50:31.793,83.099921,0.000000,0.000000,0.000000,0.337225,-0.383249,-0.227182,0.137127,-0.370349,-0.229587,0.237176,-0.376799,-0.228384,0.208844,-0.416191,-0.196526,0.241102,-0.415486,-0.143026,0.261392,-0.412279,-0.193069
2026-08-05 17:50:31.893,83.199921,0.000000,0.000000,0.000000,0.336585,-0.379085,-0.226500,0.136526,-0.367206,-0.228824,0.236556,-0.373145,-0.227662,0.208204,-0.412027,-0.195844,0.241154,-0.411406,-0.143078,0.260753,-0.408116,-0.192387
2026-08-05 17:50:31.993,83.299921,0.000000,0.000000,0.000000,0.336745,-0.380126,-0.226671,0.136608,-0.366207,-0.229157,0.236677,-0.373166,-0.227914,0.208364,-0.413068,-0.196015,0.241314,-0.412446,-0.143248,0.260761,-0.410167,-0.192528
2026-08-05 17:50:32.093,83.399920,0.000000,0.000000,0.000000,0.336745,-0.380126,-0.226671,0.136647,-0.367227,-0.229076,0.236696,-0.373676,-0.227873,0.208364,-0.413068,-0.196015,0.241293,-0.412483,-0.143963,0.260761,-0.410167,-0.192528
2026-08-05 17:50:32.193,83.499920,0.000000,0.000000,0.000000,0.336585,-0.379085,-0.226500,0.136448,-0.365166,-0.228987,0.236517,-0.372125,-0.227744,0.208204,-0.412027,-0.195844,0.241256,-0.410426,-0.143746,0.260601,-0.409126,-0.192358
2026-08-05 17:50:32.293,83.599920,0.000000,0.000000,0.000000,0.337065,-0.382208,-0.227011,0.137006,-0.370328,-0.229335,0.237035,-0.376268,-0.228173,0.208613,-0.416165,-0.196320,0.242326,-0.414612,-0.144322,0.261081,-0.412249,-0.192869
2026-08-05 17:50:32.393,83.699920,0.000000,0.000000,0.000000,0.337865,-0.387412,-0.227863,0.137767,-0.374513,-0.230268,0.237816,-0.380963,-0.229066,0.209483,-0.420355,-0.197207,0.243105,-0.419853,-0.145888,0.262032,-0.416443,-0.193750
2026-08-05 17:50:32.493,83.799920,0.000000,0.000000,0.000000,0.336330,-0.380086,-0.226422,0.136487,-0.366186,-0.228905,0.236409,-0.373136,-0.227664,0.208204,-0.412027,-0.195844,0.241825,-0.411525,-0.144525,0.260601,-0.409126,-0.192358
2026-08-05 17:50:32.593,83.899920,0.000000,0.000000,0.000000,0.336745,-0.380126,-0.226671,0.136647,-0.367227,-0.229076,0.236696,-0.373676,-0.227873,0.208364,-0.413068,-0.196015,0.241985,-0.412566,-0.144696,0.260912,-0.409157,-0.192558
2026-08-05 17:50:32.693,83.999920,0.000000,0.000000,0.000000,0.337065,-0.382208,-0.227011,0.136967,-0.369308,-0.229416,0.237016,-0.375758,-0.228214,0.208684,-0.415150,-0.196355,0.242429,-0.413632,-0.144991,0.261081,-0.412249,-0.192869
2026-08-05 17:50:32.793,84.099920,0.000000,0.000000,0.000000,0.337705,-0.386371,-0.227693,0.137646,-0.374492,-0.230016,0.237675,-0.380432,-0.228855,0.210037,-0.419361,-0.197055,0.242924,-0.418848,-0.146432,0.261872,-0.415402,-0.193580
2026-08-05 17:50:32.893,84.199920,0.000000,0.000000,0.000000,0.337065,-0.382208,-0.227011,0.137006,-0.370328,-0.229335,0.237035,-0.376268,-0.228173,0.209397,-0.415198,-0.196374,0.242408,-0.413668,-0.145707,0.261081,-0.412249,-0.192869
2026-08-05 17:50:32.993,84.299920,0.000000,0.000000,0.000000,0.336410,-0.380606,-0.226507,0.136528,-0.365686,-0.229072,0.236469,-0.373146,-0.227790,0.208997,-0.412595,-0.195948,0.242008,-0.411066,-0.145281,0.260832,-0.408636,-0.192473
2026-08-05 17:50:33.093,84.399920,0.000000,0.000000,0.000000,0.336745,-0.380126,-0.226671,0.136608,-0.366207,-0.229157,0.236677,-0.373166,-0.227914,0.209077,-0.413116,-0.196033,0.241395,-0.411503,-0.144632,0.260912,-0.409157,-0.192558
2026-08-05 17:50:33.193,84.499919,0.000000,0.000000,0.000000,0.337545,-0.385331,-0.227522,0.137447,-0.372431,-0.229928,0.237496,-0.378881,-0.228725,0.209877,-0.418320,-0.196885,0.242195,-0.416707,-0.145484,0.260991,-0.414313,-0.193391
2026-08-05 17:50:33.293,84.599919,0.000000,0.000000,0.000000,0.337865,-0.387412,-0.227863,0.137767,-0.374513,-0.230268,0.237816,-0.380963,-0.229066,0.210218,-0.420366,-0.196511,0.242514,-0.418789,-0.145824,0.261311,-0.416395,-0.193731
2026-08-05 17:50:33.393,84.699919,0.000000,0.000000,0.000000,0.336585,-0.379085,-0.226500,0.136526,-0.367206,-0.228824,0.236556,-0.373145,-0.227662,0.209724,-0.411071,-0.195201,0.241358,-0.409446,-0.144416,0.260032,-0.408068,-0.192369
2026-08-05 17:50:33.493,84.799919,0.000000,0.000000,0.000000,0.337225,-0.383249,-0.227182,0.137127,-0.370349,-0.229587,0.237176,-0.376799,-0.228384,0.210364,-0.415235,-0.195883,0.241875,-0.414625,-0.145143,0.260671,-0.412231,-0.193050
2026-08-05 17:50:33.593,84.899919,0.000000,0.000000,0.000000,0.336905,-0.381167,-0.226841,0.136807,-0.368268,-0.229246,0.236856,-0.374717,-0.228044,0.210044,-0.413153,-0.195542,0.241555,-0.412544,-0.144802,0.260352,-0.410150,-0.192709
2026-08-05 17:50:33.693,84.999919,0.000000,0.000000,0.000000,0.337385,-0.384290,-0.227352,0.137287,-0.371390,-0.229757,0.237336,-0.377840,-0.228555,0.210597,-0.415261,-0.196087,0.242035,-0.415666,-0.145313,0.260831,-0.413272,-0.193220
2026-08-05 17:50:33.793,85.099919,0.000000,0.000000,0.000000,0.336650,-0.382168,-0.226763,0.136807,-0.368268,-0.229246,0.236728,-0.375218,-0.228005,0.210044,-0.413153,-0.195542,0.241677,-0.411528,-0.144757,0.260352,-0.410150,-0.192709
2026-08-05 17:50:33.893,85.199919,0.000000,0.000000,0.000000,0.336745,-0.380126,-0.226671,0.136647,-0.367227,-0.229076,0.236696,-0.373676,-0.227873,0.209884,-0.412112,-0.195372,0.241517,-0.410487,-0.144586,0.260342,-0.408098,-0.192568
2026-08-05 17:50:33.993,85.299919,0.000000,0.000000,0.000000,0.336745,-0.380126,-0.226671,0.136647,-0.367227,-0.229076,0.236696,-0.373676,-0.227873,0.210673,-0.411145,-0.195424,0.241395,-0.411503,-0.144632,0.260342,-0.408098,-0.192568
2026-08-05 17:50:34.093,85.399919,0.000000,0.000000,0.000000,0.336745,-0.380126,-0.226671,0.136647,-0.367227,-0.229076,0.236696,-0.373676,-0.227873,0.210673,-0.411145,-0.195424,0.241496,-0.410523,-0.145303,0.260342,-0.408098,-0.192568
2026-08-05 17:50:34.193,85.499918,0.000000,0.000000,0.000000,0.336585,-0.379085,-0.226500,0.136448,-0.365166,-0.228987,0.236517,-0.372125,-0.227744,0.210513,-0.410104,-0.195254,0.240621,-0.409434,-0.145114,0.260182,-0.407057,-0.192398
2026-08-05 17:50:34.293,85.599918,0.000000,0.000000,0.000000,0.336745,-0.380126,-0.226671,0.136686,-0.368246,-0.228994,0.236716,-0.374186,-0.227832,0.210673,-0.411145,-0.195424,0.240660,-0.411491,-0.145329,0.260192,-0.409109,-0.192539
2026-08-05 17:50:34.393,85.699918,0.000000,0.000000,0.000000,0.336905,-0.381167,-0.226841,0.136846,-0.369287,-0.229165,0.236876,-0.375227,-0.228003,0.210758,-0.413200,-0.195561,0.240941,-0.411516,-0.145455,0.260502,-0.409139,-0.192739
2026-08-05 17:50:34.493,85.799918,0.000000,0.000000,0.000000,0.336745,-0.380126,-0.226671,0.136647,-0.367227,-0.229076,0.236696,-0.373676,-0.227873,0.210673,-0.411145,-0.195424,0.240660,-0.411491,-0.145329,0.260342,-0.408098,-0.192568
2026-08-05 17:50:34.593,85.899918,0.000000,0.000000,0.000000,0.336490,-0.381127,-0.226593,0.136647,-0.367227,-0.229076,0.236568,-0.374177,-0.227834,0.209958,-0.411097,-0.195406,0.240660,-0.411491,-0.145329,0.260342,-0.408098,-0.192568
2026-08-05 17:50:34.693,85.999918,0.000000,0.000000,0.000000,0.336585,-0.379085,-0.226500,0.136526,-0.367206,-0.228824,0.236556,-0.373145,-0.227662,0.209798,-0.410056,-0.195235,0.241214,-0.410498,-0.145177,0.260182,-0.407057,-0.192398
2026-08-05 17:50:34.793,86.099918,0.000000,0.000000,0.000000,0.336745,-0.380126,-0.226671,0.136686,-0.368246,-0.228994,0.236716,-0.374186,-0.227832,0.209958,-0.411097,-0.195406,0.241374,-0.411539,-0.145347,0.260192,-0.409109,-0.192539
2026-08-05 17:50:34.893,86.199918,0.000000,0.000000,0.000000,0.337225,-0.383249,-0.227182,0.137127,-0.370349,-0.229587,0.237176,-0.376799,-0.228384,0.210416,-0.414256,-0.196633,0.241139,-0.414614,-0.145840,0.260822,-0.411221,-0.193079
2026-08-05 17:50:34.993,86.299918,0.000000,0.000000,0.000000,0.337225,-0.383249,-0.227182,0.137127,-0.370349,-0.229587,0.237176,-0.376799,-0.228384,0.210343,-0.415271,-0.196598,0.241118,-0.414650,-0.146555,0.260822,-0.411221,-0.193079
2026-08-05 17:50:35.093,86.399918,0.000000,0.000000,0.000000,0.336745,-0.380126,-0.226671,0.136647,-0.367227,-0.229076,0.236696,-0.373676,-0.227873,0.209937,-0.411133,-0.196122,0.240660,-0.411491,-0.145329,0.260342,-0.408098,-0.192568
2026-08-05 17:50:35.193,86.499918,0.000000,0.000000,0.000000,0.336745,-0.380126,-0.226671,0.136647,-0.367227,-0.229076,0.236696,-0.373676,-0.227873,0.209863,-0.412148,-0.196087,0.239945,-0.411444,-0.145310,0.260342,-0.408098,-0.192568
2026-08-05 17:50:35.293,86.599917,0.000000,0.000000,0.000000,0.336745,-0.380126,-0.226671,0.136647,-0.367227,-0.229076,0.236696,-0.373676,-0.227873,0.209863,-0.412148,-0.196087,0.239825,-0.412460,-0.145354,0.260342,-0.408098,-0.192568
2026-08-05 17:50:35.393,86.699917,0.000000,0.000000,0.000000,0.337065,-0.382208,-0.227011,0.136967,-0.369308,-0.229416,0.237016,-0.375758,-0.228214,0.210183,-0.414230,-0.196428,0.240145,-0.414542,-0.145695,0.260662,-0.410180,-0.192909
2026-08-05 17:50:35.493,86.799917,0.000000,0.000000,0.000000,0.336905,-0.381167,-0.226841,0.136846,-0.369287,-0.229165,0.236876,-0.375227,-0.228003,0.210097,-0.412174,-0.196293,0.239293,-0.413417,-0.144792,0.260502,-0.409139,-0.192739
2026-08-05 17:50:35.593,86.899917,0.000000,0.000000,0.000000,0.336810,-0.383209,-0.226933,0.136967,-0.369308,-0.229416,0.236888,-0.376259,-0.228175,0.210256,-0.413215,-0.196463,0.239453,-0.414458,-0.144962,0.260662,-0.410180,-0.192909
2026-08-05 17:50:35.693,86.999917,0.000000,0.000000,0.000000,0.337065,-0.382208,-0.227011,0.136967,-0.369308,-0.229416,0.237016,-0.375758,-0.228214,0.210183,-0.414230,-0.196428,0.239474,-0.414422,-0.144248,0.260662,-0.410180,-0.192909
2026-08-05 17:50:35.793,87.099917,0.000000,0.000000,0.000000,0.336905,-0.381167,-0.226841,0.136768,-0.367248,-0.229328,0.236837,-0.374207,-0.228084,0.210097,-0.412174,-0.196293,0.238601,-0.413334,-0.144059,0.260502,-0.409139,-0.192739
2026-08-05 17:50:35.893,87.199917,0.000000,0.000000,0.000000,0.337065,-0.382208,-0.227011,0.136928,-0.368289,-0.229498,0.236997,-0.375248,-0.228255,0.210256,-0.413215,-0.196463,0.238782,-0.414339,-0.143515,0.260662,-0.410180,-0.192909
2026-08-05 17:50:35.993,87.299917,0.000000,0.000000,0.000000,0.336905,-0.381167,-0.226841,0.136807,-0.368268,-0.229246,0.236856,-0.374717,-0.228044,0.210023,-0.413189,-0.196258,0.238504,-0.414314,-0.143392,0.260502,-0.409139,-0.192739
2026-08-05 17:50:36.093,87.399917,0.000000,0.000000,0.000000,0.337065,-0.382208,-0.227011,0.137006,-0.370328,-0.229335,0.237035,-0.376268,-0.228173,0.210183,-0.414230,-0.196428,0.238803,-0.414303,-0.142800,0.260662,-0.410180,-0.192909
2026-08-05 17:50:36.193,87.499917,0.000000,0.000000,0.000000,0.336905,-0.381167,-0.226841,0.136807,-0.368268,-0.229246,0.236856,-0.374717,-0.228044,0.210097,-0.412174,-0.196293,0.238525,-0.414278,-0.142678,0.260653,-0.408129,-0.192768
2026-08-05 17:50:36.293,87.599916,0.000000,0.000000,0.000000,0.336745,-0.380126,-0.226671,0.136647,-0.367227,-0.229076,0.236696,-0.373676,-0.227873,0.209937,-0.411133,-0.196122,0.238483,-0.412221,-0.142459,0.260342,-0.408098,-0.192568
2026-08-05 17:50:36.393,87.699916,0.000000,0.000000,0.000000,0.336745,-0.380126,-0.226671,0.136647,-0.367227,-0.229076,0.236696,-0.373676,-0.227873,0.209937,-0.411133,-0.196122,0.238504,-0.412185,-0.141745,0.260493,-0.407088,-0.192598
2026-08-05 17:50:36.493,87.799916,0.000000,0.000000,0.000000,0.336905,-0.381167,-0.226841,0.136807,-0.368268,-0.229246,0.236856,-0.374717,-0.228044,0.210097,-0.412174,-0.196293,0.238546,-0.414242,-0.141965,0.260653,-0.408129,-0.192768
2026-08-05 17:50:36.593,87.899916,0.000000,0.000000,0.000000,0.337385,-0.384290,-0.227352,0.137326,-0.372410,-0.229676,0.237355,-0.378350,-0.228514,0.210576,-0.415297,-0.196804,0.239165,-0.416312,-0.141712,0.260982,-0.412262,-0.193250
2026-08-05 17:50:36.693,87.999916,0.000000,0.000000,0.000000,0.336266,-0.377003,-0.226160,0.136167,-0.364104,-0.228565,0.236216,-0.370553,-0.227362,0.209457,-0.408010,-0.195611,0.238045,-0.409026,-0.140519,0.259862,-0.404976,-0.192057
2026-08-05 17:50:36.793,88.099916,0.000000,0.000000,0.000000,0.337385,-0.384290,-0.227352,0.137248,-0.370371,-0.229839,0.237317,-0.377330,-0.228595,0.210576,-0.415297,-0.196804,0.239186,-0.416276,-0.140997,0.261133,-0.411252,-0.193279
2026-08-05 17:50:36.893,88.199916,0.000000,0.000000,0.000000,0.337545,-0.385331,-0.227522,0.137447,-0.372431,-0.229928,0.237496,-0.378881,-0.228725,0.210757,-0.416302,-0.196257,0.239464,-0.416301,-0.141116,0.261864,-0.413351,-0.193439
2026-08-05 17:50:36.993,88.299916,0.000000,0.000000,0.000000,0.337065,-0.382208,-0.227011,0.136967,-0.369308,-0.229416,0.237016,-0.375758,-0.228214,0.210278,-0.413179,-0.195746,0.238984,-0.413178,-0.140605,0.261536,-0.409218,-0.192957
2026-08-05 17:50:37.093,88.399916,0.000000,0.000000,0.000000,0.336490,-0.381127,-0.226593,0.136647,-0.367227,-0.229076,0.236568,-0.374177,-0.227834,0.209958,-0.411097,-0.195406,0.238567,-0.412076,-0.139602,0.261216,-0.407136,-0.192617
2026-08-05 17:50:37.193,88.499916,0.000000,0.000000,0.000000,0.337385,-0.384290,-0.227352,0.137248,-0.370371,-0.229839,0.237317,-0.377330,-0.228595,0.210597,-0.415261,-0.196087,0.239325,-0.415224,-0.140230,0.261856,-0.411300,-0.193298
2026-08-05 17:50:37.293,88.599916,0.000000,0.000000,0.000000,0.336970,-0.384250,-0.227104,0.137166,-0.371369,-0.229505,0.237068,-0.377809,-0.228304,0.210438,-0.414220,-0.195917,0.238949,-0.416180,-0.139452,0.261696,-0.410259,-0.193128
2026-08-05 17:50:37.393,88.699915,0.000000,0.000000,0.000000,0.336905,-0.381167,-0.226841,0.136807,-0.368268,-0.229246,0.236856,-0.374717,-0.228044,0.210118,-0.412138,-0.195576,0.238630,-0.414098,-0.139112,0.261376,-0.408177,-0.192787
2026-08-05 17:50:37.493,88.799915,0.000000,0.000000,0.000000,0.337225,-0.383249,-0.227182,0.137127,-0.370349,-0.229587,0.237176,-0.376799,-0.228384,0.210511,-0.413205,-0.195951,0.239089,-0.415127,-0.138684,0.261696,-0.410259,-0.193128
2026-08-05 17:50:37.593,88.899915,0.000000,0.000000,0.000000,0.336905,-0.381167,-0.226841,0.136807,-0.368268,-0.229246,0.236856,-0.374717,-0.228044,0.210118,-0.412138,-0.195576,0.238769,-0.413045,-0.138343,0.261397,-0.408141,-0.192062
2026-08-05 17:50:37.693,88.999915,0.000000,0.000000,0.000000,0.336745,-0.380126,-0.226671,0.136608,-0.366207,-0.229157,0.236677,-0.373166,-0.227914,0.209958,-0.411097,-0.195406,0.238393,-0.414002,-0.137571,0.261237,-0.407100,-0.191892
2026-08-05 17:50:37.793,89.099915,0.000000,0.000000,0.000000,0.336745,-0.380126,-0.226671,0.136608,-0.366207,-0.229157,0.236677,-0.373166,-0.227914,0.209958,-0.411097,-0.195406,0.237682,-0.413955,-0.137553,0.261237,-0.407100,-0.191892
2026-08-05 17:50:37.893,89.199915,0.000000,0.000000,0.000000,0.337290,-0.386331,-0.227444,0.137447,-0.372431,-0.229928,0.237368,-0.379381,-0.228686,0.210684,-0.417317,-0.196223,0.238599,-0.418142,-0.138348,0.262037,-0.412304,-0.192744
2026-08-05 17:50:37.993,89.299915,0.000000,0.000000,0.000000,0.337705,-0.386371,-0.227693,0.137607,-0.373472,-0.230098,0.237656,-0.379922,-0.228895,0.210917,-0.417343,-0.196428,0.238780,-0.419147,-0.137805,0.262197,-0.413345,-0.192914
2026-08-05 17:50:38.093,89.399915,0.000000,0.000000,0.000000,0.337225,-0.383249,-0.227182,0.137127,-0.370349,-0.229587,0.237176,-0.376799,-0.228384,0.210438,-0.414220,-0.195917,0.238183,-0.417041,-0.137352,0.261717,-0.410222,-0.192403
2026-08-05 17:50:38.193,89.499915,0.000000,0.000000,0.000000,0.336905,-0.381167,-0.226841,0.136807,-0.368268,-0.229246,0.236856,-0.374717,-0.228044,0.210044,-0.413153,-0.195542,0.237746,-0.415977,-0.137069,0.261397,-0.408141,-0.192062
2026-08-05 17:50:38.293,89.599915,0.000000,0.000000,0.000000,0.336970,-0.384250,-0.227104,0.137127,-0.370349,-0.229587,0.237048,-0.377299,-0.228345,0.210438,-0.414220,-0.195917,0.238321,-0.415988,-0.136581,0.261717,-0.410222,-0.192403
2026-08-05 17:50:38.393,89.699914,0.000000,0.000000,0.000000,0.336745,-0.380126,-0.226671,0.136608,-0.366207,-0.229157,0.236677,-0.373166,-0.227914,0.209958,-0.411097,-0.195406,0.237489,-0.415917,-0.136246,0.261960,-0.407148,-0.191911
2026-08-05 17:50:38.493,89.799914,0.000000,0.000000,0.000000,0.337385,-0.384290,-0.227352,0.137248,-0.370371,-0.229839,0.237317,-0.377330,-0.228595,0.210597,-0.415261,-0.196087,0.238129,-0.420080,-0.136928,0.261877,-0.411263,-0.192573
2026-08-05 17:50:38.593,89.899914,0.000000,0.000000,0.000000,0.336585,-0.379085,-0.226500,0.136448,-0.365166,-0.228987,0.236517,-0.372125,-0.227744,0.209798,-0.410056,-0.195235,0.237585,-0.412806,-0.135246,0.261801,-0.406107,-0.191741
2026-08-05 17:50:38.693,89.999914,0.000000,0.000000,0.000000,0.336585,-0.379085,-0.226500,0.136487,-0.366186,-0.228905,0.236536,-0.372635,-0.227703,0.209082,-0.410009,-0.195217,0.236874,-0.412758,-0.135227,0.261801,-0.406107,-0.191741
2026-08-05 17:50:38.793,90.099914,0.000000,0.000000,0.000000,0.336745,-0.380126,-0.226671,0.136686,-0.368246,-0.228994,0.236716,-0.374186,-0.227832,0.209315,-0.410034,-0.195421,0.237151,-0.412782,-0.135338,0.261960,-0.407148,-0.191911
2026-08-05 17:50:38.893,90.199914,0.000000,0.000000,0.000000,0.337065,-0.382208,-0.227011,0.136967,-0.369308,-0.229416,0.237016,-0.375758,-0.228214,0.209583,-0.413095,-0.195011,0.237492,-0.414828,-0.134965,0.262280,-0.409230,-0.192252
2026-08-05 17:50:38.993,90.299914,0.000000,0.000000,0.000000,0.336585,-0.379085,-0.226500,0.136487,-0.366186,-0.228905,0.236536,-0.372635,-0.227703,0.209104,-0.409972,-0.194500,0.237128,-0.410688,-0.134393,0.261801,-0.406107,-0.191741
2026-08-05 17:50:39.093,90.399914,0.000000,0.000000,0.000000,0.336745,-0.380126,-0.226671,0.136647,-0.367227,-0.229076,0.236696,-0.373676,-0.227873,0.209191,-0.412028,-0.194637,0.236939,-0.414781,-0.134747,0.261960,-0.407148,-0.191911
2026-08-05 17:50:39.193,90.499914,0.000000,0.000000,0.000000,0.336650,-0.382168,-0.226763,0.136768,-0.367248,-0.229328,0.236709,-0.374708,-0.228045,0.209423,-0.412054,-0.194841,0.236620,-0.413740,-0.134776,0.262120,-0.408189,-0.192081
2026-08-05 17:50:39.293,90.599914,0.000000,0.000000,0.000000,0.336810,-0.383209,-0.226933,0.137006,-0.370328,-0.229335,0.236908,-0.376768,-0.228134,0.209583,-0.413095,-0.195011,0.237147,-0.411693,-0.134046,0.262280,-0.409230,-0.192252
2026-08-05 17:50:39.393,90.699914,0.000000,0.000000,0.000000,0.337225,-0.383249,-0.227182,0.137088,-0.369330,-0.229668,0.237157,-0.376289,-0.228425,0.209743,-0.414136,-0.195181,0.237191,-0.413751,-0.134279,0.262287,-0.411281,-0.192394
2026-08-05 17:50:39.493,90.799913,0.000000,0.000000,0.000000,0.337065,-0.382208,-0.227011,0.136967,-0.369308,-0.229416,0.237016,-0.375758,-0.228214,0.209583,-0.413095,-0.195011,0.237147,-0.411693,-0.134046,0.262280,-0.409230,-0.192252
2026-08-05 17:50:39.593,90.899913,0.000000,0.000000,0.000000,0.337225,-0.383249,-0.227182,0.137127,-0.370349,-0.229587,0.237176,-0.376799,-0.228384,0.209743,-0.414136,-0.195181,0.236982,-0.415750,-0.133690,0.262440,-0.410271,-0.192422
2026-08-05 17:50:39.693,90.999913,0.000000,0.000000,0.000000,0.336905,-0.381167,-0.226841,0.136807,-0.368268,-0.229246,0.236856,-0.374717,-0.228044,0.209423,-0.412054,-0.194841,0.237123,-0.409598,-0.133096,0.262120,-0.408189,-0.192081
2026-08-05 17:50:39.793,91.099913,0.000000,0.000000,0.000000,0.337225,-0.383249,-0.227182,0.137166,-0.371369,-0.229505,0.237195,-0.377309,-0.228343,0.209671,-0.415151,-0.195148,0.236384,-0.414685,-0.133608,0.262440,-0.410271,-0.192422
2026-08-05 17:50:39.893,91.199913,0.000000,0.000000,0.000000,0.337225,-0.383249,-0.227182,0.137166,-0.371369,-0.229505,0.237195,-0.377309,-0.228343,0.209743,-0.414136,-0.195181,0.236613,-0.412650,-0.133481,0.262440,-0.410271,-0.192422
2026-08-05 17:50:39.993,91.299913,0.000000,0.000000,0.000000,0.336585,-0.379085,-0.226500,0.136448,-0.365166,-0.228987,0.236517,-0.372125,-0.227744,0.209104,-0.409972,-0.194500,0.235880,-0.409467,-0.132148,0.261801,-0.406107,-0.191741
2026-08-05 17:50:40.093,91.399913,0.000000,0.000000,0.000000,0.336745,-0.380126,-0.226671,0.136608,-0.366207,-0.229157,0.236677,-0.373166,-0.227914,0.209191,-0.412028,-0.194637,0.235925,-0.411526,-0.132383,0.261960,-0.407148,-0.191911
2026-08-05 17:50:40.193,91.499913,0.000000,0.000000,0.000000,0.337225,-0.383249,-0.227182,0.137127,-0.370349,-0.229587,0.237176,-0.376799,-0.228384,0.209671,-0.415151,-0.195148,0.236634,-0.412614,-0.132765,0.262287,-0.411281,-0.192394
2026-08-05 17:50:40.293,91.599913,0.000000,0.000000,0.000000,0.336745,-0.380126,-0.226671,0.136647,-0.367227,-0.229076,0.236696,-0.373676,-0.227873,0.208477,-0.411981,-0.194619,0.235925,-0.411526,-0.132383,0.261960,-0.407148,-0.191911
2026-08-05 17:50:40.393,91.699913,0.000000,0.000000,0.000000,0.336266,-0.377003,-0.226160,0.136167,-0.364104,-0.228565,0.236216,-0.370553,-0.227362,0.207997,-0.408858,-0.194108,0.235352,-0.409385,-0.131223,0.261328,-0.405035,-0.191371
2026-08-05 17:50:40.493,91.799912,0.000000,0.000000,0.000000,0.337065,-0.382208,-0.227011,0.136967,-0.369308,-0.229416,0.237016,-0.375758,-0.228214,0.208868,-0.413048,-0.194992,0.235666,-0.412507,-0.131925,0.262280,-0.409230,-0.192252
2026-08-05 17:50:40.593,91.899912,0.000000,0.000000,0.000000,0.337065,-0.382208,-0.227011,0.136967,-0.369308,-0.229416,0.237016,-0.375758,-0.228214,0.208868,-0.413048,-0.194992,0.235666,-0.412507,-0.131925,0.262280,-0.409230,-0.192252
2026-08-05 17:50:40.693,91.999912,0.000000,0.000000,0.000000,0.337545,-0.385331,-0.227522,0.137447,-0.372431,-0.229928,0.237496,-0.378881,-0.228725,0.209277,-0.417186,-0.195471,0.235920,-0.417665,-0.132567,0.262760,-0.412352,-0.192763
2026-08-05 17:50:40.793,92.099912,0.000000,0.000000,0.000000,0.336905,-0.381167,-0.226841,0.136807,-0.368268,-0.229246,0.236856,-0.374717,-0.228044,0.208637,-0.413022,-0.194789,0.235167,-0.414519,-0.131951,0.261967,-0.409199,-0.192053
2026-08-05 17:50:40.893,92.199912,0.000000,0.000000,0.000000,0.336330,-0.380086,-0.226422,0.136526,-0.367206,-0.228824,0.236428,-0.373646,-0.227623,0.208317,-0.410940,-0.194448,0.235073,-0.410401,-0.131479,0.261801,-0.406107,-0.191741
2026-08-05 17:50:40.993,92.299912,0.000000,0.000000,0.000000,0.337225,-0.383249,-0.227182,0.137127,-0.370349,-0.229587,0.237176,-0.376799,-0.228384,0.208957,-0.415104,-0.195130,0.235507,-0.416565,-0.131580,0.262440,-0.410271,-0.192422
2026-08-05 17:50:41.093,92.399912,0.000000,0.000000,0.000000,0.336745,-0.380126,-0.226671,0.136686,-0.368246,-0.228994,0.236716,-0.374186,-0.227832,0.208477,-0.411981,-0.194619,0.234914,-0.414460,-0.131136,0.261808,-0.408158,-0.191883
2026-08-05 17:50:41.193,92.499912,0.000000,0.000000,0.000000,0.336970,-0.384250,-0.227104,0.137166,-0.371369,-0.229505,0.237068,-0.377809,-0.228304,0.208957,-0.415104,-0.195130,0.234685,-0.417535,-0.131628,0.262462,-0.410234,-0.191697
2026-08-05 17:50:41.293,92.599912,0.000000,0.000000,0.000000,0.336170,-0.379045,-0.226252,0.136327,-0.365145,-0.228735,0.236249,-0.372095,-0.227494,0.208228,-0.408884,-0.194311,0.233885,-0.412330,-0.130776,0.261509,-0.406039,-0.190818
2026-08-05 17:50:41.393,92.699912,0.000000,0.000000,0.000000,0.336650,-0.382168,-0.226763,0.136807,-0.368268,-0.229246,0.236728,-0.375218,-0.228005,0.208708,-0.412007,-0.194822,0.234477,-0.414436,-0.131221,0.261989,-0.409162,-0.191329
2026-08-05 17:50:41.493,92.799911,0.000000,0.000000,0.000000,0.337225,-0.383249,-0.227182,0.137166,-0.371369,-0.229505,0.237195,-0.377309,-0.228343,0.208957,-0.415104,-0.195130,0.234797,-0.416517,-0.131561,0.262287,-0.411281,-0.192394
2026-08-05 17:50:41.593,92.899911,0.000000,0.000000,0.000000,0.337065,-0.382208,-0.227011,0.137006,-0.370328,-0.229335,0.237035,-0.376268,-0.228173,0.208797,-0.414063,-0.194959,0.234637,-0.415476,-0.131391,0.262280,-0.409230,-0.192252
2026-08-05 17:50:41.693,92.999911,0.000000,0.000000,0.000000,0.337225,-0.383249,-0.227182,0.137166,-0.371369,-0.229505,0.237195,-0.377309,-0.228343,0.209028,-0.414089,-0.195163,0.234685,-0.417535,-0.131628,0.262309,-0.411244,-0.191670
2026-08-05 17:50:41.793,93.099911,0.000000,0.000000,0.000000,0.337545,-0.385331,-0.227522,0.137486,-0.373451,-0.229846,0.237515,-0.379391,-0.228684,0.209206,-0.418201,-0.195438,0.235004,-0.419617,-0.131969,0.262629,-0.413326,-0.192011
2026-08-05 17:50:41.893,93.199911,0.000000,0.000000,0.000000,0.336745,-0.380126,-0.226671,0.136647,-0.367227,-0.229076,0.236696,-0.373676,-0.227873,0.208477,-0.411981,-0.194619,0.234317,-0.413395,-0.131050,0.261829,-0.408121,-0.191159
2026-08-05 17:50:41.993,93.299911,0.000000,0.000000,0.000000,0.336905,-0.381167,-0.226841,0.136846,-0.369287,-0.229165,0.236876,-0.375227,-0.228003,0.208708,-0.412007,-0.194822,0.234252,-0.416471,-0.131354,0.261989,-0.409162,-0.191329
2026-08-05 17:50:42.093,93.399911,0.000000,0.000000,0.000000,0.336970,-0.384250,-0.227104,0.137127,-0.370349,-0.229587,0.237048,-0.377299,-0.228345,0.208957,-0.415104,-0.195130,0.234705,-0.417499,-0.130917,0.262309,-0.411244,-0.191670
2026-08-05 17:50:42.193,93.499911,0.000000,0.000000,0.000000,0.336745,-0.380126,-0.226671,0.136647,-0.367227,-0.229076,0.236696,-0.373676,-0.227873,0.208548,-0.410966,-0.194652,0.234226,-0.414376,-0.130406,0.261808,-0.408158,-0.191883
2026-08-05 17:50:42.293,93.599911,0.000000,0.000000,0.000000,0.336905,-0.381167,-0.226841,0.136807,-0.368268,-0.229246,0.236856,-0.374717,-0.228044,0.208637,-0.413022,-0.194789,0.234386,-0.415417,-0.130576,0.261989,-0.409162,-0.191329
2026-08-05 17:50:42.393,93.699911,0.000000,0.000000,0.000000,0.336266,-0.377003,-0.226160,0.136167,-0.364104,-0.228565,0.236216,-0.370553,-0.227362,0.207997,-0.408858,-0.194108,0.233521,-0.413289,-0.130031,0.261502,-0.403988,-0.190675
2026-08-05 17:50:42.493,93.799911,0.000000,0.000000,0.000000,0.336810,-0.383209,-0.226933,0.136967,-0.369308,-0.229416,0.236888,-0.376259,-0.228175,0.208868,-0.413048,-0.194992,0.234433,-0.417476,-0.130815,0.262149,-0.410203,-0.191500
2026-08-05 17:50:42.593,93.899910,0.000000,0.000000,0.000000,0.337065,-0.382208,-0.227011,0.136967,-0.369308,-0.229416,0.237016,-0.375758,-0.228214,0.208868,-0.413048,-0.194992,0.234433,-0.417476,-0.130815,0.262127,-0.410240,-0.192223
2026-08-05 17:50:42.693,93.999910,0.000000,0.000000,0.000000,0.336585,-0.379085,-0.226500,0.136448,-0.365166,-0.228987,0.236517,-0.372125,-0.227744,0.208388,-0.409925,-0.194481,0.234066,-0.413335,-0.130236,0.262391,-0.407128,-0.191008
2026-08-05 17:50:42.793,94.099910,0.000000,0.000000,0.000000,0.336490,-0.381127,-0.226593,0.136608,-0.366207,-0.229157,0.236549,-0.373667,-0.227875,0.207833,-0.410918,-0.194633,0.233405,-0.415347,-0.130456,0.261808,-0.408158,-0.191883
2026-08-05 17:50:42.893,94.199910,0.000000,0.000000,0.000000,0.336585,-0.379085,-0.226500,0.136526,-0.367206,-0.228824,0.236556,-0.373145,-0.227662,0.208317,-0.410940,-0.194448,0.233356,-0.413288,-0.130217,0.262391,-0.407128,-0.191008
2026-08-05 17:50:42.993,94.299910,0.000000,0.000000,0.000000,0.337065,-0.382208,-0.227011,0.136967,-0.369308,-0.229416,0.237016,-0.375758,-0.228214,0.208083,-0.414015,-0.194941,0.233836,-0.416411,-0.130728,0.262871,-0.410251,-0.191519
2026-08-05 17:50:43.093,94.399910,0.000000,0.000000,0.000000,0.336745,-0.380126,-0.226671,0.136647,-0.367227,-0.229076,0.236696,-0.373676,-0.227873,0.207763,-0.411933,-0.194600,0.233516,-0.414329,-0.130388,0.261676,-0.409131,-0.191132
2026-08-05 17:50:43.193,94.499910,0.000000,0.000000,0.000000,0.336521,-0.376002,-0.226238,0.136167,-0.364104,-0.228565,0.236344,-0.370053,-0.227401,0.207283,-0.408811,-0.194089,0.232814,-0.413242,-0.130013,0.261917,-0.406057,-0.190640
2026-08-05 17:50:43.293,94.599910,0.000000,0.000000,0.000000,0.337065,-0.382208,-0.227011,0.136967,-0.369308,-0.229416,0.237016,-0.375758,-0.228214,0.208153,-0.413000,-0.194974,0.233836,-0.416411,-0.130728,0.262717,-0.411261,-0.191491
2026-08-05 17:50:43.393,94.699910,0.000000,0.000000,0.000000,0.337225,-0.383249,-0.227182,0.137127,-0.370349,-0.229587,0.237176,-0.376799,-0.228384,0.208243,-0.415056,-0.195111,0.233885,-0.418470,-0.130967,0.262877,-0.412302,-0.191662
2026-08-05 17:50:43.493,94.799910,0.000000,0.000000,0.000000,0.337545,-0.385331,-0.227522,0.137447,-0.372431,-0.229928,0.237496,-0.378881,-0.228725,0.208563,-0.417138,-0.195452,0.234316,-0.419534,-0.131239,0.263196,-0.414384,-0.192002
2026-08-05 17:50:43.593,94.899909,0.000000,0.000000,0.000000,0.336266,-0.377003,-0.226160,0.136206,-0.365124,-0.228483,0.236236,-0.371063,-0.227321,0.207353,-0.407795,-0.194122,0.233036,-0.411206,-0.129877,0.261917,-0.406057,-0.190640
2026-08-05 17:50:43.693,94.999909,0.000000,0.000000,0.000000,0.337385,-0.384290,-0.227352,0.137287,-0.371390,-0.229757,0.237336,-0.377840,-0.228555,0.208473,-0.415082,-0.195314,0.234156,-0.418493,-0.131069,0.263036,-0.413343,-0.191832
2026-08-05 17:50:43.793,95.099909,0.000000,0.000000,0.000000,0.337705,-0.386371,-0.227693,0.137646,-0.374492,-0.230016,0.237675,-0.380432,-0.228855,0.208723,-0.418179,-0.195622,0.234476,-0.420575,-0.131410,0.263356,-0.415425,-0.192173
2026-08-05 17:50:43.893,95.199909,0.000000,0.000000,0.000000,0.337225,-0.383249,-0.227182,0.137166,-0.371369,-0.229505,0.237195,-0.377309,-0.228343,0.208173,-0.416072,-0.195078,0.234017,-0.417416,-0.130187,0.262877,-0.412302,-0.191662
2026-08-05 17:50:43.993,95.299909,0.000000,0.000000,0.000000,0.337065,-0.382208,-0.227011,0.136967,-0.369308,-0.229416,0.237016,-0.375758,-0.228214,0.208013,-0.415031,-0.194908,0.233857,-0.416375,-0.130017,0.262717,-0.411261,-0.191491
2026-08-05 17:50:44.093,95.399909,0.000000,0.000000,0.000000,0.337705,-0.386371,-0.227693,0.137607,-0.373472,-0.230098,0.237656,-0.379922,-0.228895,0.208723,-0.418179,-0.195622,0.234385,-0.421557,-0.130768,0.263356,-0.415425,-0.192173
2026-08-05 17:50:44.193,95.499909,0.000000,0.000000,0.000000,0.337225,-0.383249,-0.227182,0.137166,-0.371369,-0.229505,0.237195,-0.377309,-0.228343,0.208243,-0.415056,-0.195111,0.234017,-0.417416,-0.130187,0.262877,-0.412302,-0.191662
2026-08-05 17:50:44.293,95.599909,0.000000,0.000000,0.000000,0.336905,-0.381167,-0.226841,0.136807,-0.368268,-0.229246,0.236856,-0.374717,-0.228044,0.207923,-0.412974,-0.194771,0.233697,-0.415334,-0.129847,0.262557,-0.410220,-0.191321
2026-08-05 17:50:44.393,95.699909,0.000000,0.000000,0.000000,0.336745,-0.380126,-0.226671,0.136608,-0.366207,-0.229157,0.236677,-0.373166,-0.227914,0.207693,-0.412949,-0.194567,0.233537,-0.414293,-0.129676,0.262397,-0.409179,-0.191151
2026-08-05 17:50:44.493,95.799909,0.000000,0.000000,0.000000,0.336266,-0.377003,-0.226160,0.136167,-0.364104,-0.228565,0.236216,-0.370553,-0.227362,0.207283,-0.408811,-0.194089,0.232946,-0.412189,-0.129235,0.261917,-0.406057,-0.190640
2026-08-05 17:50:44.593,95.899909,0.000000,0.000000,0.000000,0.337225,-0.383249,-0.227182,0.137127,-0.370349,-0.229587,0.237176,-0.376799,-0.228384,0.208173,-0.416072,-0.195078,0.234017,-0.417416,-0.130187,0.262877,-0.412302,-0.191662
2026-08-05 17:50:44.693,95.999908,0.000000,0.000000,0.000000,0.336905,-0.381167,-0.226841,0.136807,-0.368268,-0.229246,0.236856,-0.374717,-0.228044,0.207853,-0.413990,-0.194738,0.233008,-0.415251,-0.129117,0.262557,-0.410220,-0.191321
2026-08-05 17:50:44.793,96.099908,0.000000,0.000000,0.000000,0.336810,-0.383209,-0.226933,0.136967,-0.369308,-0.229416,0.236888,-0.376259,-0.228175,0.208013,-0.415031,-0.194908,0.233168,-0.416292,-0.129288,0.262871,-0.410251,-0.191519
2026-08-05 17:50:44.893,96.199908,0.000000,0.000000,0.000000,0.337225,-0.383249,-0.227182,0.137166,-0.371369,-0.229505,0.237195,-0.377309,-0.228343,0.207529,-0.415009,-0.195093,0.233328,-0.417333,-0.129458,0.262877,-0.412302,-0.191662
2026-08-05 17:50:44.993,96.299908,0.000000,0.000000,0.000000,0.336505,-0.378564,-0.226415,0.136446,-0.366685,-0.228739,0.236476,-0.372625,-0.227577,0.206740,-0.411340,-0.194293,0.232519,-0.413631,-0.128052,0.262157,-0.407618,-0.190895
2026-08-05 17:50:45.093,96.399908,0.000000,0.000000,0.000000,0.337065,-0.382208,-0.227011,0.136967,-0.369308,-0.229416,0.237016,-0.375758,-0.228214,0.207300,-0.414983,-0.194889,0.232370,-0.417227,-0.128629,0.262717,-0.411261,-0.191491
2026-08-05 17:50:45.193,96.499908,0.000000,0.000000,0.000000,0.336810,-0.383209,-0.226933,0.136967,-0.369308,-0.229416,0.236888,-0.376259,-0.228175,0.207300,-0.414983,-0.194889,0.232370,-0.417227,-0.128629,0.263437,-0.411309,-0.191510
2026-08-05 17:50:45.293,96.599908,0.000000,0.000000,0.000000,0.336810,-0.383209,-0.226933,0.136967,-0.369308,-0.229416,0.236888,-0.376259,-0.228175,0.207231,-0.415999,-0.194857,0.232337,-0.417701,-0.127956,0.263437,-0.411309,-0.191510
2026-08-05 17:50:45.393,96.699908,0.000000,0.000000,0.000000,0.337225,-0.383249,-0.227182,0.137127,-0.370349,-0.229587,0.237176,-0.376799,-0.228384,0.207460,-0.416024,-0.195060,0.232551,-0.418232,-0.128090,0.263597,-0.412350,-0.191681
2026-08-05 17:50:45.493,96.799908,0.000000,0.000000,0.000000,0.337225,-0.383249,-0.227182,0.137166,-0.371369,-0.229505,0.237195,-0.377309,-0.228343,0.207460,-0.416024,-0.195060,0.232551,-0.418232,-0.128090,0.263597,-0.412350,-0.191681
2026-08-05 17:50:45.593,96.899908,0.000000,0.000000,0.000000,0.336585,-0.379085,-0.226500,0.136448,-0.365166,-0.228987,0.236517,-0.372125,-0.227744,0.206820,-0.411860,-0.194378,0.231332,-0.412967,-0.126606,0.262958,-0.408186,-0.190999
2026-08-05 17:50:45.693,96.999907,0.000000,0.000000,0.000000,0.336745,-0.380126,-0.226671,0.136647,-0.367227,-0.229076,0.236696,-0.373676,-0.227873,0.206911,-0.413917,-0.194516,0.231276,-0.416045,-0.126924,0.263118,-0.409227,-0.191169
2026-08-05 17:50:45.793,97.099907,0.000000,0.000000,0.000000,0.336745,-0.380126,-0.226671,0.136686,-0.368246,-0.228994,0.236716,-0.374186,-0.227832,0.206980,-0.412901,-0.194549,0.231491,-0.414008,-0.126777,0.263118,-0.409227,-0.191169
2026-08-05 17:50:45.893,97.199907,0.000000,0.000000,0.000000,0.337065,-0.382208,-0.227011,0.137006,-0.370328,-0.229335,0.237035,-0.376268,-0.228173,0.207300,-0.414983,-0.194889,0.231616,-0.418091,-0.126556,0.263437,-0.411309,-0.191510
2026-08-05 17:50:45.993,97.299907,0.000000,0.000000,0.000000,0.336745,-0.380126,-0.226671,0.136686,-0.368246,-0.228994,0.236716,-0.374186,-0.227832,0.207049,-0.411886,-0.194582,0.230696,-0.414944,-0.126122,0.263118,-0.409227,-0.191169
2026-08-05 17:50:46.093,97.399907,0.000000,0.000000,0.000000,0.336266,-0.377003,-0.226160,0.136167,-0.364104,-0.228565,0.236216,-0.370553,-0.227362,0.206431,-0.410794,-0.194005,0.230216,-0.411821,-0.125611,0.262638,-0.406104,-0.190658
2026-08-05 17:50:46.193,97.499907,0.000000,0.000000,0.000000,0.337225,-0.383249,-0.227182,0.137127,-0.370349,-0.229587,0.237176,-0.376799,-0.228384,0.206747,-0.415977,-0.195041,0.231090,-0.419049,-0.125999,0.263597,-0.412350,-0.191681
2026-08-05 17:50:46.293,97.599907,0.000000,0.000000,0.000000,0.336585,-0.379085,-0.226500,0.136487,-0.366186,-0.228905,0.236536,-0.372635,-0.227703,0.206039,-0.412829,-0.194327,0.230664,-0.412848,-0.125166,0.262958,-0.408186,-0.190999
2026-08-05 17:50:46.393,97.699907,0.000000,0.000000,0.000000,0.336745,-0.380126,-0.226671,0.136608,-0.366207,-0.229157,0.236677,-0.373166,-0.227914,0.206267,-0.412854,-0.194530,0.230663,-0.415417,-0.125450,0.263118,-0.409227,-0.191169
2026-08-05 17:50:46.493,97.799907,0.000000,0.000000,0.000000,0.336266,-0.377003,-0.226160,0.136206,-0.365124,-0.228483,0.236236,-0.371063,-0.227321,0.205651,-0.411762,-0.193953,0.230344,-0.410766,-0.124825,0.262638,-0.406104,-0.190658
2026-08-05 17:50:46.593,97.899907,0.000000,0.000000,0.000000,0.337065,-0.382208,-0.227011,0.137006,-0.370328,-0.229335,0.237035,-0.376268,-0.228173,0.206587,-0.414936,-0.194871,0.231144,-0.415971,-0.125677,0.263282,-0.412319,-0.191483
2026-08-05 17:50:46.693,97.999907,0.000000,0.000000,0.000000,0.337065,-0.382208,-0.227011,0.137006,-0.370328,-0.229335,0.237035,-0.376268,-0.228173,0.206519,-0.415951,-0.194838,0.231037,-0.416990,-0.125753,0.263282,-0.412319,-0.191483
2026-08-05 17:50:46.793,98.099906,0.000000,0.000000,0.000000,0.336810,-0.383209,-0.226933,0.136967,-0.369308,-0.229416,0.236888,-0.376259,-0.228175,0.206519,-0.415951,-0.194838,0.230487,-0.415415,-0.125620,0.263282,-0.412319,-0.191483
2026-08-05 17:50:46.893,98.199906,0.000000,0.000000,0.000000,0.336266,-0.377003,-0.226160,0.136206,-0.365124,-0.228483,0.236236,-0.371063,-0.227321,0.205719,-0.410747,-0.193986,0.229528,-0.411738,-0.124882,0.262482,-0.407115,-0.190631
2026-08-05 17:50:46.993,98.299906,0.000000,0.000000,0.000000,0.337865,-0.387412,-0.227863,0.137767,-0.374513,-0.230268,0.237816,-0.380963,-0.229066,0.207251,-0.422172,-0.195657,0.231234,-0.421129,-0.126510,0.264082,-0.417524,-0.192335
2026-08-05 17:50:47.093,98.399906,0.000000,0.000000,0.000000,0.336585,-0.379085,-0.226500,0.136487,-0.366186,-0.228905,0.236536,-0.372635,-0.227703,0.206039,-0.412829,-0.194327,0.229954,-0.412801,-0.125147,0.262958,-0.408186,-0.190999
2026-08-05 17:50:47.193,98.499906,0.000000,0.000000,0.000000,0.336585,-0.379085,-0.226500,0.136487,-0.366186,-0.228905,0.236536,-0.372635,-0.227703,0.206039,-0.412829,-0.194327,0.229954,-0.412801,-0.125147,0.262802,-0.409196,-0.190972
2026-08-05 17:50:47.293,98.599906,0.000000,0.000000,0.000000,0.337065,-0.382208,-0.227011,0.136967,-0.369308,-0.229416,0.237016,-0.375758,-0.228214,0.206519,-0.415951,-0.194838,0.230413,-0.415960,-0.126369,0.263282,-0.412319,-0.191483
2026-08-05 17:50:47.393,98.699906,0.000000,0.000000,0.000000,0.336425,-0.378044,-0.226330,0.136327,-0.365145,-0.228735,0.236376,-0.371594,-0.227533,0.205811,-0.412803,-0.194124,0.229773,-0.411796,-0.125688,0.262642,-0.408155,-0.190802
2026-08-05 17:50:47.493,98.799906,0.000000,0.000000,0.000000,0.337385,-0.384290,-0.227352,0.137287,-0.371390,-0.229757,0.237336,-0.377840,-0.228555,0.206771,-0.419049,-0.195146,0.230521,-0.420079,-0.126860,0.263602,-0.414401,-0.191824
2026-08-05 17:50:47.593,98.899906,0.000000,0.000000,0.000000,0.336745,-0.380126,-0.226671,0.136686,-0.368246,-0.228994,0.236716,-0.374186,-0.227832,0.206199,-0.413869,-0.194497,0.229861,-0.415951,-0.126887,0.262962,-0.410237,-0.191142
2026-08-05 17:50:47.693,98.999906,0.000000,0.000000,0.000000,0.336330,-0.380086,-0.226422,0.136487,-0.366186,-0.228905,0.236409,-0.373136,-0.227664,0.205971,-0.413844,-0.194294,0.229806,-0.413891,-0.126643,0.262802,-0.409196,-0.190972
2026-08-05 17:50:47.793,99.099905,0.000000,0.000000,0.000000,0.336745,-0.380126,-0.226671,0.136647,-0.367227,-0.229076,0.236696,-0.373676,-0.227873,0.206131,-0.414885,-0.194464,0.229237,-0.414921,-0.127505,0.262962,-0.410237,-0.191142
2026-08-05 17:50:47.893,99.199905,0.000000,0.000000,0.000000,0.336905,-0.381167,-0.226841,0.136807,-0.368268,-0.229246,0.236856,-0.374717,-0.228044,0.206291,-0.415926,-0.194635,0.230000,-0.417028,-0.127766,0.263122,-0.411278,-0.191313
2026-08-05 17:50:47.993,99.299905,0.000000,0.000000,0.000000,0.336330,-0.380086,-0.226422,0.136526,-0.367206,-0.228824,0.236428,-0.373646,-0.227623,0.205971,-0.413844,-0.194294,0.229680,-0.414946,-0.127426,0.262802,-0.409196,-0.190972
2026-08-05 17:50:48.093,99.399905,0.000000,0.000000,0.000000,0.337385,-0.384290,-0.227352,0.137248,-0.370371,-0.229839,0.237317,-0.377330,-0.228595,0.206703,-0.420064,-0.195113,0.230564,-0.419168,-0.128915,0.263602,-0.414401,-0.191824
2026-08-05 17:50:48.193,99.499905,0.000000,0.000000,0.000000,0.337225,-0.383249,-0.227182,0.137127,-0.370349,-0.229587,0.237176,-0.376799,-0.228384,0.206543,-0.419023,-0.194943,0.230278,-0.419181,-0.129525,0.263442,-0.413360,-0.191653
2026-08-05 17:50:48.293,99.599905,0.000000,0.000000,0.000000,0.337065,-0.382208,-0.227011,0.136967,-0.369308,-0.229416,0.237016,-0.375758,-0.228214,0.206519,-0.415951,-0.194838,0.230826,-0.418187,-0.129373,0.263282,-0.412319,-0.191483
2026-08-05 17:50:48.393,99.699905,0.000000,0.000000,0.000000,0.337225,-0.383249,-0.227182,0.137127,-0.370349,-0.229587,0.237176,-0.376799,-0.228384,0.206679,-0.416992,-0.195008,0.231071,-0.418246,-0.130183,0.263287,-0.414370,-0.191626
2026-08-05 17:50:48.493,99.799905,0.000000,0.000000,0.000000,0.336585,-0.379085,-0.226500,0.136526,-0.367206,-0.228824,0.236556,-0.373145,-0.227662,0.205882,-0.414895,-0.194972,0.230304,-0.415136,-0.130279,0.262626,-0.410243,-0.191665
2026-08-05 17:50:48.593,99.899905,0.000000,0.000000,0.000000,0.336585,-0.379085,-0.226500,0.136526,-0.367206,-0.228824,0.236556,-0.373145,-0.227662,0.206018,-0.412865,-0.195040,0.231227,-0.413147,-0.130162,0.262626,-0.410243,-0.191665
2026-08-05 17:50:48.693,99.999905,0.000000,0.000000,0.000000,0.337065,-0.382208,-0.227011,0.136967,-0.369308,-0.229416,0.237016,-0.375758,-0.228214,0.206430,-0.417003,-0.195517,0.231686,-0.416306,-0.131384,0.262387,-0.413318,-0.192157
2026-08-05 17:50:48.793,100.099905,0.000000,0.000000,0.000000,0.337065,-0.382208,-0.227011,0.136967,-0.369308,-0.229416,0.237016,-0.375758,-0.228214,0.206498,-0.415987,-0.195551,0.232178,-0.418389,-0.131536,0.262387,-0.413318,-0.192157
2026-08-05 17:50:48.893,100.199904,0.000000,0.000000,0.000000,0.336745,-0.380126,-0.226671,0.136647,-0.367227,-0.229076,0.236696,-0.373676,-0.227873,0.206110,-0.414921,-0.195177,0.232545,-0.416390,-0.131923,0.262067,-0.411236,-0.191816
2026-08-05 17:50:48.993,100.299904,0.000000,0.000000,0.000000,0.337385,-0.384290,-0.227352,0.137287,-0.371390,-0.229757,0.237336,-0.377840,-0.228555,0.206750,-0.419085,-0.195858,0.233294,-0.419536,-0.132538,0.262707,-0.415400,-0.192498
2026-08-05 17:50:49.093,100.399904,0.000000,0.000000,0.000000,0.337065,-0.382208,-0.227011,0.136967,-0.369308,-0.229416,0.237016,-0.375758,-0.228214,0.206430,-0.417003,-0.195517,0.232844,-0.418507,-0.132972,0.262387,-0.413318,-0.192157
2026-08-05 17:50:49.193,100.499904,0.000000,0.000000,0.000000,0.336810,-0.383209,-0.226933,0.136967,-0.369308,-0.229416,0.236888,-0.376259,-0.228175,0.206430,-0.417003,-0.195517,0.233551,-0.418554,-0.132991,0.262233,-0.414328,-0.192129
2026-08-05 17:50:49.293,100.599904,0.000000,0.000000,0.000000,0.336745,-0.380126,-0.226671,0.136686,-0.368246,-0.228994,0.236716,-0.374186,-0.227832,0.206178,-0.413906,-0.195211,0.233210,-0.416508,-0.133359,0.262067,-0.411236,-0.191816
2026-08-05 17:50:49.393,100.699904,0.000000,0.000000,0.000000,0.336745,-0.380126,-0.226671,0.136647,-0.367227,-0.229076,0.236696,-0.373676,-0.227873,0.206246,-0.412890,-0.195245,0.233377,-0.414982,-0.133264,0.262067,-0.411236,-0.191816
2026-08-05 17:50:49.493,100.799904,0.000000,0.000000,0.000000,0.336810,-0.383209,-0.226933,0.136967,-0.369308,-0.229416,0.236888,-0.376259,-0.228175,0.206498,-0.415987,-0.195551,0.234462,-0.416602,-0.133591,0.261669,-0.413270,-0.192138
2026-08-05 17:50:49.593,100.899904,0.000000,0.000000,0.000000,0.336905,-0.381167,-0.226841,0.136807,-0.368268,-0.229246,0.236856,-0.374717,-0.228044,0.206406,-0.413931,-0.195415,0.234393,-0.414579,-0.134069,0.261509,-0.412229,-0.191968
2026-08-05 17:50:49.693,100.999904,0.000000,0.000000,0.000000,0.335786,-0.373880,-0.225649,0.135687,-0.360981,-0.228054,0.235737,-0.367431,-0.226851,0.205999,-0.406692,-0.194241,0.233758,-0.409375,-0.133020,0.260236,-0.405953,-0.190747
2026-08-05 17:50:49.793,101.099904,0.000000,0.000000,0.000000,0.336585,-0.379085,-0.226500,0.136487,-0.366186,-0.228905,0.236536,-0.372635,-0.227703,0.206799,-0.411897,-0.195093,0.234537,-0.414616,-0.134582,0.261189,-0.410147,-0.191627
2026-08-05 17:50:49.893,101.199903,0.000000,0.000000,0.000000,0.337065,-0.382208,-0.227011,0.136967,-0.369308,-0.229416,0.237016,-0.375758,-0.228214,0.207300,-0.414983,-0.194889,0.235243,-0.415704,-0.134971,0.261669,-0.413270,-0.192138
2026-08-05 17:50:49.993,101.299903,0.000000,0.000000,0.000000,0.336585,-0.379085,-0.226500,0.136487,-0.366186,-0.228905,0.236536,-0.372635,-0.227703,0.206730,-0.412912,-0.195059,0.235417,-0.413137,-0.134509,0.261189,-0.410147,-0.191627
2026-08-05 17:50:50.093,101.399903,0.000000,0.000000,0.000000,0.337065,-0.382208,-0.227011,0.136967,-0.369308,-0.229416,0.237016,-0.375758,-0.228214,0.207300,-0.414983,-0.194889,0.235818,-0.416804,-0.135761,0.261669,-0.413270,-0.192138
2026-08-05 17:50:50.193,101.499903,0.000000,0.000000,0.000000,0.337065,-0.382208,-0.227011,0.136967,-0.369308,-0.229416,0.237016,-0.375758,-0.228214,0.207300,-0.414983,-0.194889,0.236643,-0.415834,-0.135720,0.261669,-0.413270,-0.192138
2026-08-05 17:50:50.293,101.599903,0.000000,0.000000,0.000000,0.336970,-0.384250,-0.227104,0.137166,-0.371369,-0.229505,0.237068,-0.377809,-0.228304,0.207529,-0.415009,-0.195093,0.236898,-0.415894,-0.136543,0.261676,-0.415321,-0.192280
2026-08-05 17:50:50.393,101.699903,0.000000,0.000000,0.000000,0.336425,-0.378044,-0.226330,0.136327,-0.365145,-0.228735,0.236376,-0.371594,-0.227533,0.207373,-0.410867,-0.194227,0.235962,-0.411742,-0.136463,0.261029,-0.409106,-0.191457
2026-08-05 17:50:50.493,101.799903,0.000000,0.000000,0.000000,0.336745,-0.380126,-0.226671,0.136686,-0.368246,-0.228994,0.236716,-0.374186,-0.227832,0.207693,-0.412949,-0.194567,0.236876,-0.414888,-0.136880,0.261502,-0.410178,-0.191826
2026-08-05 17:50:50.593,101.899903,0.000000,0.000000,0.000000,0.336905,-0.381167,-0.226841,0.136846,-0.369287,-0.229165,0.236876,-0.375227,-0.228003,0.207853,-0.413990,-0.194738,0.237015,-0.415965,-0.137761,0.261509,-0.412229,-0.191968
2026-08-05 17:50:50.693,101.999903,0.000000,0.000000,0.000000,0.336970,-0.384250,-0.227104,0.137127,-0.370349,-0.229587,0.237048,-0.377299,-0.228345,0.208152,-0.416108,-0.195793,0.238162,-0.417077,-0.138064,0.261981,-0.413301,-0.192337
2026-08-05 17:50:50.793,102.099903,0.000000,0.000000,0.000000,0.336745,-0.380126,-0.226671,0.136686,-0.368246,-0.228994,0.236716,-0.374186,-0.227832,0.207672,-0.412985,-0.195282,0.237779,-0.412974,-0.138210,0.261502,-0.410178,-0.191826
2026-08-05 17:50:50.893,102.199903,0.000000,0.000000,0.000000,0.336810,-0.383209,-0.226933,0.136967,-0.369308,-0.229416,0.236888,-0.376259,-0.228175,0.207992,-0.415067,-0.195622,0.238019,-0.415600,-0.139291,0.261102,-0.412212,-0.192148
2026-08-05 17:50:50.993,102.299902,0.000000,0.000000,0.000000,0.336745,-0.380126,-0.226671,0.136647,-0.367227,-0.229076,0.236696,-0.373676,-0.227873,0.207672,-0.412985,-0.195282,0.238588,-0.412040,-0.138887,0.260782,-0.410130,-0.191807
2026-08-05 17:50:51.093,102.399902,0.000000,0.000000,0.000000,0.336585,-0.379085,-0.226500,0.136487,-0.366186,-0.228905,0.236536,-0.372635,-0.227703,0.207512,-0.411944,-0.195111,0.238407,-0.411035,-0.139431,0.260622,-0.409089,-0.191637
2026-08-05 17:50:51.193,102.499902,0.000000,0.000000,0.000000,0.336106,-0.375962,-0.225989,0.136007,-0.363063,-0.228394,0.236056,-0.369512,-0.227192,0.207032,-0.408821,-0.194600,0.238640,-0.407960,-0.138939,0.260121,-0.406003,-0.191847
2026-08-05 17:50:51.293,102.599902,0.000000,0.000000,0.000000,0.337225,-0.383249,-0.227182,0.137166,-0.371369,-0.229505,0.237195,-0.377309,-0.228343,0.208152,-0.416108,-0.195793,0.239739,-0.415283,-0.140846,0.261392,-0.412279,-0.193069
2026-08-05 17:50:51.393,102.699902,0.000000,0.000000,0.000000,0.337065,-0.382208,-0.227011,0.136967,-0.369308,-0.229416,0.237016,-0.375758,-0.228214,0.207992,-0.415067,-0.195622,0.239677,-0.413261,-0.141339,0.260929,-0.413259,-0.192840
2026-08-05 17:50:51.493,102.799902,0.000000,0.000000,0.000000,0.336266,-0.377003,-0.226160,0.136167,-0.364104,-0.228565,0.236216,-0.370553,-0.227362,0.207192,-0.409862,-0.194771,0.239592,-0.408104,-0.140506,0.260433,-0.406034,-0.192047
2026-08-05 17:50:51.593,102.899902,0.000000,0.000000,0.000000,0.336905,-0.381167,-0.226841,0.136807,-0.368268,-0.229246,0.236856,-0.374717,-0.228044,0.207832,-0.414026,-0.195452,0.240211,-0.412304,-0.141903,0.260921,-0.411208,-0.192699
2026-08-05 17:50:51.693,102.999902,0.000000,0.000000,0.000000,0.337065,-0.382208,-0.227011,0.136967,-0.369308,-0.229416,0.237016,-0.375758,-0.228214,0.208634,-0.416129,-0.195607,0.240963,-0.414409,-0.142141,0.261081,-0.412249,-0.192869
2026-08-05 17:50:51.793,103.099902,0.000000,0.000000,0.000000,0.336330,-0.380086,-0.226422,0.136487,-0.366186,-0.228905,0.236409,-0.373136,-0.227664,0.208204,-0.412027,-0.195844,0.240584,-0.410306,-0.142296,0.260677,-0.408621,-0.192373
2026-08-05 17:50:51.893,103.199902,0.000000,0.000000,0.000000,0.336106,-0.375962,-0.225989,0.136007,-0.363063,-0.228394,0.236056,-0.369512,-0.227192,0.207724,-0.408905,-0.195333,0.240695,-0.408247,-0.141852,0.260197,-0.405498,-0.191862
2026-08-05 17:50:51.993,103.299901,0.000000,0.000000,0.000000,0.337225,-0.383249,-0.227182,0.137088,-0.369330,-0.229668,0.237157,-0.376289,-0.228425,0.208844,-0.416191,-0.196526,0.241794,-0.415569,-0.143759,0.261089,-0.414300,-0.193010
2026-08-05 17:50:52.093,103.399901,0.000000,0.000000,0.000000,0.337065,-0.382208,-0.227011,0.136967,-0.369308,-0.229416,0.237016,-0.375758,-0.228214,0.208684,-0.415150,-0.196355,0.241613,-0.414564,-0.144303,0.261081,-0.412249,-0.192869
2026-08-05 17:50:52.193,103.499901,0.000000,0.000000,0.000000,0.336585,-0.379085,-0.226500,0.136526,-0.367206,-0.228824,0.236556,-0.373145,-0.227662,0.208204,-0.412027,-0.195844,0.241133,-0.411442,-0.143792,0.260753,-0.408116,-0.192387
2026-08-05 17:50:52.293,103.599901,0.000000,0.000000,0.000000,0.336745,-0.380126,-0.226671,0.136647,-0.367227,-0.229076,0.236696,-0.373676,-0.227873,0.208364,-0.413068,-0.196015,0.242006,-0.412530,-0.143981,0.260912,-0.409157,-0.192558
2026-08-05 17:50:52.393,103.699901,0.000000,0.000000,0.000000,0.336905,-0.381167,-0.226841,0.136768,-0.367248,-0.229328,0.236837,-0.374207,-0.228084,0.208453,-0.415124,-0.196150,0.242145,-0.413607,-0.144866,0.260921,-0.411208,-0.192699
2026-08-05 17:50:52.493,103.799901,0.000000,0.000000,0.000000,0.336970,-0.384250,-0.227104,0.137166,-0.371369,-0.229505,0.237068,-0.377809,-0.228304,0.208844,-0.416191,-0.196526,0.242465,-0.415689,-0.145207,0.261240,-0.413290,-0.193039
2026-08-05 17:50:52.593,103.899901,0.000000,0.000000,0.000000,0.336745,-0.380126,-0.226671,0.136647,-0.367227,-0.229076,0.236696,-0.373676,-0.227873,0.208364,-0.413068,-0.196015,0.242109,-0.411550,-0.144650,0.260761,-0.410167,-0.192528
2026-08-05 17:50:52.693,103.999901,0.000000,0.000000,0.000000,0.336106,-0.375962,-0.225989,0.136046,-0.364083,-0.228313,0.236076,-0.370022,-0.227151,0.207724,-0.408905,-0.195333,0.241345,-0.408402,-0.144014,0.260121,-0.406003,-0.191847
2026-08-05 17:50:52.793,104.099901,0.000000,0.000000,0.000000,0.337385,-0.384290,-0.227352,0.137326,-0.372410,-0.229676,0.237355,-0.378350,-0.228514,0.208932,-0.418247,-0.196661,0.242625,-0.416730,-0.145377,0.261400,-0.414330,-0.193210
2026-08-05 17:50:52.893,104.199901,0.000000,0.000000,0.000000,0.336266,-0.377003,-0.226160,0.136167,-0.364104,-0.228565,0.236216,-0.370553,-0.227362,0.207884,-0.409946,-0.195504,0.241629,-0.408427,-0.144139,0.260433,-0.406034,-0.192047
2026-08-05 17:50:52.993,104.299901,0.000000,0.000000,0.000000,0.336745,-0.380126,-0.226671,0.136647,-0.367227,-0.229076,0.236696,-0.373676,-0.227873,0.209077,-0.413116,-0.196033,0.241964,-0.412602,-0.145410,0.260912,-0.409157,-0.192558
2026-08-05 17:50:53.093,104.399900,0.000000,0.000000,0.000000,0.336970,-0.384250,-0.227104,0.137127,-0.370349,-0.229587,0.237048,-0.377299,-0.228345,0.209557,-0.416239,-0.196544,0.241752,-0.415641,-0.145188,0.261392,-0.412279,-0.193069
2026-08-05 17:50:53.193,104.499900,0.000000,0.000000,0.000000,0.337065,-0.382208,-0.227011,0.136967,-0.369308,-0.229416,0.237016,-0.375758,-0.228214,0.209418,-0.415162,-0.195660,0.241715,-0.413585,-0.144972,0.260662,-0.410180,-0.192909
2026-08-05 17:50:53.293,104.599900,0.000000,0.000000,0.000000,0.337065,-0.382208,-0.227011,0.137006,-0.370328,-0.229335,0.237035,-0.376268,-0.228173,0.209397,-0.415198,-0.196374,0.241715,-0.413585,-0.144972,0.260511,-0.411191,-0.192880
2026-08-05 17:50:53.393,104.699900,0.000000,0.000000,0.000000,0.336905,-0.381167,-0.226841,0.136807,-0.368268,-0.229246,0.236856,-0.374717,-0.228044,0.209330,-0.413105,-0.195523,0.241555,-0.412544,-0.144802,0.260352,-0.410150,-0.192709
2026-08-05 17:50:53.493,104.799900,0.000000,0.000000,0.000000,0.337225,-0.383249,-0.227182,0.137166,-0.371369,-0.229505,0.237195,-0.377309,-0.228343,0.210291,-0.416250,-0.195849,0.241875,-0.414625,-0.145143,0.260671,-0.412231,-0.193050
2026-08-05 17:50:53.593,104.899900,0.000000,0.000000,0.000000,0.337321,-0.381207,-0.227089,0.136967,-0.369308,-0.229416,0.237144,-0.375258,-0.228253,0.210131,-0.415209,-0.195678,0.241715,-0.413585,-0.144972,0.260511,-0.411191,-0.192880
2026-08-05 17:50:53.693,104.999900,0.000000,0.000000,0.000000,0.336585,-0.379085,-0.226500,0.136487,-0.366186,-0.228905,0.236536,-0.372635,-0.227703,0.209724,-0.411071,-0.195201,0.241235,-0.410462,-0.144461,0.260032,-0.408068,-0.192369
2026-08-05 17:50:53.793,105.099900,0.000000,0.000000,0.000000,0.337225,-0.383249,-0.227182,0.137166,-0.371369,-0.229505,0.237195,-0.377309,-0.228343,0.210364,-0.415235,-0.195883,0.241875,-0.414625,-0.145143,0.260671,-0.412231,-0.193050
2026-08-05 17:50:53.893,105.199900,0.000000,0.000000,0.000000,0.337705,-0.386371,-0.227693,0.137646,-0.374492,-0.230016,0.237675,-0.380432,-0.228855,0.210917,-0.417343,-0.196428,0.242354,-0.417748,-0.145654,0.261151,-0.415354,-0.193561
2026-08-05 17:50:53.993,105.299900,0.000000,0.000000,0.000000,0.337385,-0.384290,-0.227352,0.137287,-0.371390,-0.229757,0.237336,-0.377840,-0.228555,0.210597,-0.415261,-0.196087,0.242035,-0.415666,-0.145313,0.260831,-0.413272,-0.193220
2026-08-05 17:50:54.093,105.399899,0.000000,0.000000,0.000000,0.337225,-0.383249,-0.227182,0.137127,-0.370349,-0.229587,0.237176,-0.376799,-0.228384,0.210438,-0.414220,-0.195917,0.241261,-0.413598,-0.145796,0.260671,-0.412231,-0.193050
2026-08-05 17:50:54.193,105.499899,0.000000,0.000000,0.000000,0.336745,-0.380126,-0.226671,0.136647,-0.367227,-0.229076,0.236696,-0.373676,-0.227873,0.209958,-0.411097,-0.195406,0.240660,-0.411491,-0.145329,0.260342,-0.408098,-0.192568
2026-08-05 17:50:54.293,105.599899,0.000000,0.000000,0.000000,0.336106,-0.375962,-0.225989,0.136007,-0.363063,-0.228394,0.236056,-0.369512,-0.227192,0.209318,-0.406933,-0.194724,0.240020,-0.407328,-0.144647,0.259552,-0.404945,-0.191858
2026-08-05 17:50:54.393,105.699899,0.000000,0.000000,0.000000,0.336585,-0.379085,-0.226500,0.136487,-0.366186,-0.228905,0.236536,-0.372635,-0.227703,0.209798,-0.410056,-0.195235,0.240500,-0.410450,-0.145158,0.260032,-0.408068,-0.192369
2026-08-05 17:50:54.493,105.799899,0.000000,0.000000,0.000000,0.337225,-0.383249,-0.227182,0.137127,-0.370349,-0.229587,0.237176,-0.376799,-0.228384,0.210438,-0.414220,-0.195917,0.241139,-0.414614,-0.145840,0.260671,-0.412231,-0.193050
2026-08-05 17:50:54.593,105.899899,0.000000,0.000000,0.000000,0.336585,-0.379085,-0.226500,0.136487,-0.366186,-0.228905,0.236536,-0.372635,-0.227703,0.209724,-0.411071,-0.195201,0.240621,-0.409434,-0.145114,0.260032,-0.408068,-0.192369
2026-08-05 17:50:54.693,105.999899,0.000000,0.000000,0.000000,0.337545,-0.385331,-0.227522,0.137486,-0.373451,-0.229846,0.237515,-0.379391,-0.228684,0.210757,-0.416302,-0.196257,0.241459,-0.416696,-0.146180,0.260991,-0.414313,-0.193391
2026-08-05 17:50:54.793,106.099899,0.000000,0.000000,0.000000,0.336810,-0.383209,-0.226933,0.136967,-0.369308,-0.229416,0.236888,-0.376259,-0.228175,0.210204,-0.414194,-0.195712,0.241101,-0.412557,-0.145625,0.260511,-0.411191,-0.192880
2026-08-05 17:50:54.893,106.199899,0.000000,0.000000,0.000000,0.336170,-0.379045,-0.226252,0.136327,-0.365145,-0.228735,0.236249,-0.372095,-0.227494,0.209564,-0.410030,-0.195031,0.240461,-0.408393,-0.144944,0.259872,-0.407027,-0.192198
2026-08-05 17:50:54.993,106.299899,0.000000,0.000000,0.000000,0.337065,-0.382208,-0.227011,0.137006,-0.370328,-0.229335,0.237035,-0.376268,-0.228173,0.210183,-0.414230,-0.196428,0.240979,-0.413573,-0.145669,0.260662,-0.410180,-0.192909
2026-08-05 17:50:55.093,106.399899,0.000000,0.000000,0.000000,0.337065,-0.382208,-0.227011,0.136967,-0.369308,-0.229416,0.237016,-0.375758,-0.228214,0.210183,-0.414230,-0.196428,0.240979,-0.413573,-0.145669,0.260662,-0.410180,-0.192909
2026-08-05 17:50:55.193,106.499898,0.000000,0.000000,0.000000,0.336745,-0.380126,-0.226671,0.136647,-0.367227,-0.229076,0.236696,-0.373676,-0.227873,0.209863,-0.412148,-0.196087,0.240660,-0.411491,-0.145329,0.260342,-0.408098,-0.192568
2026-08-05 17:50:55.293,106.599898,0.000000,0.000000,0.000000,0.335946,-0.374921,-0.225819,0.135886,-0.363042,-0.228142,0.235916,-0.368981,-0.226981,0.209063,-0.406943,-0.195235,0.239146,-0.406239,-0.144458,0.259543,-0.402894,-0.191717
2026-08-05 17:50:55.393,106.699898,0.000000,0.000000,0.000000,0.337545,-0.385331,-0.227522,0.137486,-0.373451,-0.229846,0.237515,-0.379391,-0.228684,0.210663,-0.417353,-0.196939,0.240625,-0.417665,-0.146206,0.260991,-0.414313,-0.193391
2026-08-05 17:50:55.493,106.799898,0.000000,0.000000,0.000000,0.336585,-0.379085,-0.226500,0.136487,-0.366186,-0.228905,0.236536,-0.372635,-0.227703,0.209703,-0.411107,-0.195917,0.239686,-0.411383,-0.144470,0.260182,-0.407057,-0.192398
2026-08-05 17:50:55.593,106.899898,0.000000,0.000000,0.000000,0.336490,-0.381127,-0.226593,0.136647,-0.367227,-0.229076,0.236568,-0.374177,-0.227834,0.209900,-0.411641,-0.196105,0.239133,-0.412376,-0.144621,0.260192,-0.409109,-0.192539
2026-08-05 17:50:55.693,106.999898,0.000000,0.000000,0.000000,0.337130,-0.385290,-0.227274,0.137287,-0.371390,-0.229757,0.237208,-0.378340,-0.228516,0.210503,-0.416312,-0.196769,0.239081,-0.416457,-0.144570,0.261133,-0.411252,-0.193279
2026-08-05 17:50:55.793,107.099898,0.000000,0.000000,0.000000,0.337065,-0.382208,-0.227011,0.136967,-0.369308,-0.229416,0.237016,-0.375758,-0.228214,0.210183,-0.414230,-0.196428,0.238761,-0.414375,-0.144229,0.260662,-0.410180,-0.192909
2026-08-05 17:50:55.893,107.199898,0.000000,0.000000,0.000000,0.337225,-0.383249,-0.227182,0.137166,-0.371369,-0.229505,0.237195,-0.377309,-0.228343,0.210438,-0.414220,-0.195917,0.238921,-0.415416,-0.144399,0.260822,-0.411221,-0.193079
2026-08-05 17:50:55.993,107.299898,0.000000,0.000000,0.000000,0.336650,-0.382168,-0.226763,0.136807,-0.368268,-0.229246,0.236728,-0.375218,-0.228005,0.210097,-0.412174,-0.196293,0.238385,-0.415331,-0.143439,0.260502,-0.409139,-0.192739
2026-08-05 17:50:56.093,107.399898,0.000000,0.000000,0.000000,0.336330,-0.380086,-0.226422,0.136448,-0.365166,-0.228987,0.236389,-0.372626,-0.227705,0.209777,-0.410092,-0.195952,0.238323,-0.411180,-0.142289,0.260333,-0.406047,-0.192427
2026-08-05 17:50:56.193,107.499897,0.000000,0.000000,0.000000,0.337545,-0.385331,-0.227522,0.137447,-0.372431,-0.229928,0.237496,-0.378881,-0.228725,0.210736,-0.416338,-0.196974,0.239164,-0.418442,-0.143360,0.261142,-0.413303,-0.193420
2026-08-05 17:50:56.293,107.599897,0.000000,0.000000,0.000000,0.337065,-0.382208,-0.227011,0.136967,-0.369308,-0.229416,0.237016,-0.375758,-0.228214,0.210256,-0.413215,-0.196463,0.238803,-0.414303,-0.142800,0.260662,-0.410180,-0.192909
2026-08-05 17:50:56.393,107.699897,0.000000,0.000000,0.000000,0.336490,-0.381127,-0.226593,0.136647,-0.367227,-0.229076,0.236568,-0.374177,-0.227834,0.209863,-0.412148,-0.196087,0.238504,-0.412185,-0.141745,0.260493,-0.407088,-0.192598
2026-08-05 17:50:56.493,107.799897,0.000000,0.000000,0.000000,0.336330,-0.380086,-0.226422,0.136487,-0.366186,-0.228905,0.236409,-0.373136,-0.227664,0.209703,-0.411107,-0.195917,0.238226,-0.412160,-0.141624,0.260182,-0.407057,-0.192398
2026-08-05 17:50:56.593,107.899897,0.000000,0.000000,0.000000,0.336970,-0.384250,-0.227104,0.137166,-0.371369,-0.229505,0.237068,-0.377809,-0.228304,0.210380,-0.414764,-0.196616,0.238886,-0.416288,-0.141593,0.260973,-0.410211,-0.193109
2026-08-05 17:50:56.693,107.999897,0.000000,0.000000,0.000000,0.336266,-0.377003,-0.226160,0.136167,-0.364104,-0.228565,0.236216,-0.370553,-0.227362,0.209457,-0.408010,-0.195611,0.238045,-0.409026,-0.140519,0.260013,-0.403965,-0.192087
2026-08-05 17:50:56.793,108.099897,0.000000,0.000000,0.000000,0.336810,-0.383209,-0.226933,0.136967,-0.369308,-0.229416,0.236888,-0.376259,-0.228175,0.210256,-0.413215,-0.196463,0.238845,-0.414230,-0.141371,0.260662,-0.410180,-0.192909
2026-08-05 17:50:56.893,108.199897,0.000000,0.000000,0.000000,0.336970,-0.384250,-0.227104,0.137166,-0.371369,-0.229505,0.237068,-0.377809,-0.228304,0.210416,-0.414256,-0.196633,0.239026,-0.415235,-0.140827,0.261124,-0.409201,-0.193138
2026-08-05 17:50:56.993,108.299897,0.000000,0.000000,0.000000,0.336585,-0.379085,-0.226500,0.136526,-0.367206,-0.228824,0.236556,-0.373145,-0.227662,0.209777,-0.410092,-0.195952,0.238386,-0.411072,-0.140146,0.260333,-0.406047,-0.192427
2026-08-05 17:50:57.093,108.399897,0.000000,0.000000,0.000000,0.337225,-0.383249,-0.227182,0.137166,-0.371369,-0.229505,0.237195,-0.377309,-0.228343,0.210416,-0.414256,-0.196633,0.239047,-0.415199,-0.140113,0.260973,-0.410211,-0.193109
2026-08-05 17:50:57.193,108.499897,0.000000,0.000000,0.000000,0.337065,-0.382208,-0.227011,0.136967,-0.369308,-0.229416,0.237016,-0.375758,-0.228214,0.210278,-0.413179,-0.195746,0.238887,-0.414158,-0.139942,0.261536,-0.409218,-0.192957
2026-08-05 17:50:57.293,108.599896,0.000000,0.000000,0.000000,0.336585,-0.379085,-0.226500,0.136487,-0.366186,-0.228905,0.236536,-0.372635,-0.227703,0.209798,-0.410056,-0.195235,0.238407,-0.411035,-0.139431,0.261056,-0.406095,-0.192446
2026-08-05 17:50:57.393,108.699896,0.000000,0.000000,0.000000,0.337225,-0.383249,-0.227182,0.137127,-0.370349,-0.229587,0.237176,-0.376799,-0.228384,0.210438,-0.414220,-0.195917,0.238949,-0.416180,-0.139452,0.261696,-0.410259,-0.193128
2026-08-05 17:50:57.493,108.799896,0.000000,0.000000,0.000000,0.336585,-0.379085,-0.226500,0.136487,-0.366186,-0.228905,0.236536,-0.372635,-0.227703,0.209724,-0.411071,-0.195201,0.238428,-0.410999,-0.138717,0.261056,-0.406095,-0.192446
2026-08-05 17:50:57.593,108.899896,0.000000,0.000000,0.000000,0.336905,-0.381167,-0.226841,0.136846,-0.369287,-0.229165,0.236876,-0.375227,-0.228003,0.210118,-0.412138,-0.195576,0.238769,-0.413045,-0.138343,0.261376,-0.408177,-0.192787
2026-08-05 17:50:57.693,108.999896,0.000000,0.000000,0.000000,0.336970,-0.384250,-0.227104,0.137166,-0.371369,-0.229505,0.237068,-0.377809,-0.228304,0.210438,-0.414220,-0.195917,0.238376,-0.415080,-0.138665,0.261696,-0.410259,-0.193128
2026-08-05 17:50:57.793,109.099896,0.000000,0.000000,0.000000,0.336810,-0.383209,-0.226933,0.136967,-0.369308,-0.229416,0.236888,-0.376259,-0.228175,0.210278,-0.413179,-0.195746,0.238120,-0.415020,-0.137837,0.261536,-0.409218,-0.192957
2026-08-05 17:50:57.893,109.199896,0.000000,0.000000,0.000000,0.337225,-0.383249,-0.227182,0.137127,-0.370349,-0.229587,0.237176,-0.376799,-0.228384,0.210438,-0.414220,-0.195917,0.238280,-0.416060,-0.138007,0.261869,-0.409212,-0.192431
2026-08-05 17:50:57.993,109.299896,0.000000,0.000000,0.000000,0.336490,-0.381127,-0.226593,0.136647,-0.367227,-0.229076,0.236568,-0.374177,-0.227834,0.209958,-0.411097,-0.195406,0.237917,-0.411921,-0.137440,0.261237,-0.407100,-0.191892
2026-08-05 17:50:58.093,109.399896,0.000000,0.000000,0.000000,0.336330,-0.380086,-0.226422,0.136487,-0.366186,-0.228905,0.236409,-0.373136,-0.227664,0.209798,-0.410056,-0.195235,0.237661,-0.411861,-0.136613,0.261077,-0.406059,-0.191722
2026-08-05 17:50:58.193,109.499896,0.000000,0.000000,0.000000,0.336970,-0.384250,-0.227104,0.137127,-0.370349,-0.229587,0.237048,-0.377299,-0.228345,0.210364,-0.415235,-0.195883,0.238066,-0.418058,-0.137409,0.261717,-0.410222,-0.192403
2026-08-05 17:50:58.293,109.599895,0.000000,0.000000,0.000000,0.336490,-0.381127,-0.226593,0.136608,-0.366207,-0.229157,0.236549,-0.373667,-0.227875,0.209958,-0.411097,-0.195406,0.237489,-0.415917,-0.136246,0.261237,-0.407100,-0.191892
2026-08-05 17:50:58.393,109.699895,0.000000,0.000000,0.000000,0.337065,-0.382208,-0.227011,0.136928,-0.368289,-0.229498,0.236997,-0.375248,-0.228255,0.209490,-0.414146,-0.195694,0.237927,-0.416982,-0.136528,0.261557,-0.409182,-0.192233
2026-08-05 17:50:58.493,109.799895,0.000000,0.000000,0.000000,0.336010,-0.378004,-0.226082,0.136167,-0.364104,-0.228565,0.236089,-0.371054,-0.227323,0.208763,-0.407927,-0.194876,0.237127,-0.411777,-0.135676,0.260909,-0.402967,-0.191409
2026-08-05 17:50:58.593,109.899895,0.000000,0.000000,0.000000,0.337545,-0.385331,-0.227522,0.137447,-0.372431,-0.229928,0.237496,-0.378881,-0.228725,0.209970,-0.417269,-0.196205,0.237697,-0.420057,-0.137021,0.262037,-0.412304,-0.192744
2026-08-05 17:50:58.693,109.999895,0.000000,0.000000,0.000000,0.337130,-0.385290,-0.227274,0.137326,-0.372410,-0.229676,0.237228,-0.378850,-0.228475,0.209810,-0.416228,-0.196034,0.237674,-0.417963,-0.136079,0.261725,-0.412274,-0.192545
2026-08-05 17:50:58.793,110.099895,0.000000,0.000000,0.000000,0.336490,-0.381127,-0.226593,0.136647,-0.367227,-0.229076,0.236568,-0.374177,-0.227834,0.209242,-0.411049,-0.195387,0.236918,-0.414817,-0.135458,0.261808,-0.408158,-0.191883
2026-08-05 17:50:58.893,110.199895,0.000000,0.000000,0.000000,0.337065,-0.382208,-0.227011,0.136967,-0.369308,-0.229416,0.237016,-0.375758,-0.228214,0.209562,-0.413131,-0.195728,0.237471,-0.414864,-0.135678,0.262280,-0.409230,-0.192252
2026-08-05 17:50:58.993,110.299895,0.000000,0.000000,0.000000,0.337545,-0.385331,-0.227522,0.137447,-0.372431,-0.229928,0.237496,-0.378881,-0.228725,0.209991,-0.417233,-0.195489,0.237622,-0.421003,-0.135660,0.262760,-0.412352,-0.192763
2026-08-05 17:50:59.093,110.399895,0.000000,0.000000,0.000000,0.337225,-0.383249,-0.227182,0.137127,-0.370349,-0.229587,0.237176,-0.376799,-0.228384,0.209743,-0.414136,-0.195181,0.237652,-0.415869,-0.135135,0.262287,-0.411281,-0.192394
2026-08-05 17:50:59.193,110.499895,0.000000,0.000000,0.000000,0.336010,-0.378004,-0.226082,0.136167,-0.364104,-0.228565,0.236089,-0.371054,-0.227323,0.208711,-0.408906,-0.194126,0.236575,-0.410641,-0.134174,0.261328,-0.405035,-0.191371
2026-08-05 17:50:59.293,110.599895,0.000000,0.000000,0.000000,0.336970,-0.384250,-0.227104,0.137127,-0.370349,-0.229587,0.237048,-0.377299,-0.228345,0.209743,-0.414136,-0.195181,0.237055,-0.414804,-0.135056,0.262440,-0.410271,-0.192422
2026-08-05 17:50:59.393,110.699894,0.000000,0.000000,0.000000,0.337225,-0.383249,-0.227182,0.137127,-0.370349,-0.229587,0.237176,-0.376799,-0.228384,0.209743,-0.414136,-0.195181,0.237076,-0.414768,-0.134341,0.262440,-0.410271,-0.192422
2026-08-05 17:50:59.493,110.799894,0.000000,0.000000,0.000000,0.335786,-0.373880,-0.225649,0.135726,-0.362001,-0.227972,0.235756,-0.367940,-0.226810,0.208304,-0.404768,-0.193648,0.235636,-0.405400,-0.132808,0.261001,-0.400902,-0.190889
2026-08-05 17:50:59.593,110.899894,0.000000,0.000000,0.000000,0.336745,-0.380126,-0.226671,0.136647,-0.367227,-0.229076,0.236696,-0.373676,-0.227873,0.209191,-0.412028,-0.194637,0.236596,-0.411645,-0.133830,0.261808,-0.408158,-0.191883
2026-08-05 17:50:59.693,110.999894,0.000000,0.000000,0.000000,0.336330,-0.380086,-0.226422,0.136526,-0.367206,-0.228824,0.236428,-0.373646,-0.227623,0.209031,-0.410987,-0.194467,0.236803,-0.407516,-0.132755,0.261648,-0.407117,-0.191712
2026-08-05 17:50:59.793,111.099894,0.000000,0.000000,0.000000,0.336585,-0.379085,-0.226500,0.136487,-0.366186,-0.228905,0.236536,-0.372635,-0.227703,0.209031,-0.410987,-0.194467,0.235744,-0.410521,-0.132927,0.261801,-0.406107,-0.191741
2026-08-05 17:50:59.893,111.199894,0.000000,0.000000,0.000000,0.336650,-0.382168,-0.226763,0.136807,-0.368268,-0.229246,0.236728,-0.375218,-0.228005,0.209351,-0.413069,-0.194808,0.236064,-0.412603,-0.133267,0.262120,-0.408189,-0.192081
2026-08-05 17:50:59.993,111.299894,0.000000,0.000000,0.000000,0.337130,-0.385290,-0.227274,0.137287,-0.371390,-0.229757,0.237208,-0.378340,-0.228516,0.209831,-0.416192,-0.195319,0.236772,-0.413691,-0.133652,0.262447,-0.412322,-0.192564
2026-08-05 17:51:00.093,111.399894,0.000000,0.000000,0.000000,0.336745,-0.380126,-0.226671,0.136686,-0.368246,-0.228994,0.236716,-0.374186,-0.227832,0.209191,-0.412028,-0.194637,0.235925,-0.411526,-0.132383,0.261960,-0.407148,-0.191911
2026-08-05 17:51:00.193,111.499894,0.000000,0.000000,0.000000,0.336745,-0.380126,-0.226671,0.136647,-0.367227,-0.229076,0.236696,-0.373676,-0.227873,0.209191,-0.412028,-0.194637,0.235697,-0.413561,-0.132512,0.261960,-0.407148,-0.191911
2026-08-05 17:51:00.293,111.599894,0.000000,0.000000,0.000000,0.337225,-0.383249,-0.227182,0.137166,-0.371369,-0.229505,0.237195,-0.377309,-0.228343,0.209028,-0.414089,-0.195163,0.236405,-0.414649,-0.132894,0.262440,-0.410271,-0.192422
2026-08-05 17:51:00.393,111.699893,0.000000,0.000000,0.000000,0.337065,-0.382208,-0.227011,0.136967,-0.369308,-0.229416,0.237016,-0.375758,-0.228214,0.208868,-0.413048,-0.194992,0.235645,-0.412543,-0.132640,0.262280,-0.409230,-0.192252
2026-08-05 17:51:00.493,111.799893,0.000000,0.000000,0.000000,0.337065,-0.382208,-0.227011,0.137006,-0.370328,-0.229335,0.237035,-0.376268,-0.228173,0.208797,-0.414063,-0.194959,0.235553,-0.413524,-0.131990,0.262280,-0.409230,-0.192252
2026-08-05 17:51:00.593,111.899893,0.000000,0.000000,0.000000,0.337290,-0.386331,-0.227444,0.137447,-0.372431,-0.229928,0.237368,-0.379381,-0.228686,0.209277,-0.417186,-0.195471,0.236033,-0.416647,-0.132501,0.262760,-0.412352,-0.192763
2026-08-05 17:51:00.693,111.999893,0.000000,0.000000,0.000000,0.336970,-0.384250,-0.227104,0.137166,-0.371369,-0.229505,0.237068,-0.377809,-0.228304,0.208886,-0.416119,-0.195097,0.235713,-0.414565,-0.132161,0.262440,-0.410271,-0.192422
2026-08-05 17:51:00.793,112.099893,0.000000,0.000000,0.000000,0.336330,-0.380086,-0.226422,0.136526,-0.367206,-0.228824,0.236428,-0.373646,-0.227623,0.208317,-0.410940,-0.194448,0.234790,-0.412946,-0.131644,0.261801,-0.406107,-0.191741
2026-08-05 17:51:00.893,112.199893,0.000000,0.000000,0.000000,0.336745,-0.380126,-0.226671,0.136686,-0.368246,-0.228994,0.236716,-0.374186,-0.227832,0.208477,-0.411981,-0.194619,0.235120,-0.412460,-0.131715,0.261960,-0.407148,-0.191911
2026-08-05 17:51:00.993,112.299893,0.000000,0.000000,0.000000,0.337225,-0.383249,-0.227182,0.137166,-0.371369,-0.229505,0.237195,-0.377309,-0.228343,0.209028,-0.414089,-0.195163,0.235600,-0.415583,-0.132226,0.262440,-0.410271,-0.192422
2026-08-05 17:51:01.093,112.399893,0.000000,0.000000,0.000000,0.336650,-0.382168,-0.226763,0.136846,-0.369287,-0.229165,0.236748,-0.375728,-0.227964,0.208566,-0.414037,-0.194756,0.234344,-0.415489,-0.131999,0.261967,-0.409199,-0.192053
2026-08-05 17:51:01.193,112.499893,0.000000,0.000000,0.000000,0.336745,-0.380126,-0.226671,0.136647,-0.367227,-0.229076,0.236696,-0.373676,-0.227873,0.208477,-0.411981,-0.194619,0.234317,-0.413395,-0.131050,0.261808,-0.408158,-0.191883
2026-08-05 17:51:01.293,112.599893,0.000000,0.000000,0.000000,0.336745,-0.380126,-0.226671,0.136647,-0.367227,-0.229076,0.236696,-0.373676,-0.227873,0.208548,-0.410966,-0.194652,0.234205,-0.414412,-0.131117,0.261808,-0.408158,-0.191883
2026-08-05 17:51:01.393,112.699893,0.000000,0.000000,0.000000,0.337130,-0.385290,-0.227274,0.137287,-0.371390,-0.229757,0.237208,-0.378340,-0.228516,0.209117,-0.416145,-0.195300,0.234732,-0.419594,-0.131865,0.262447,-0.412322,-0.192564
2026-08-05 17:51:01.493,112.799892,0.000000,0.000000,0.000000,0.337450,-0.387372,-0.227615,0.137607,-0.373472,-0.230098,0.237528,-0.380422,-0.228856,0.209437,-0.418227,-0.195641,0.235164,-0.420658,-0.132139,0.262767,-0.414403,-0.192905
2026-08-05 17:51:01.593,112.899892,0.000000,0.000000,0.000000,0.336970,-0.384250,-0.227104,0.137127,-0.370349,-0.229587,0.237048,-0.377299,-0.228345,0.209028,-0.414089,-0.195163,0.234628,-0.418044,-0.131662,0.262309,-0.411244,-0.191670
2026-08-05 17:51:01.693,112.999892,0.000000,0.000000,0.000000,0.336745,-0.380126,-0.226671,0.136686,-0.368246,-0.228994,0.236716,-0.374186,-0.227832,0.208548,-0.410966,-0.194652,0.234205,-0.414412,-0.131117,0.261808,-0.408158,-0.191883
2026-08-05 17:51:01.793,113.099892,0.000000,0.000000,0.000000,0.336745,-0.380126,-0.226671,0.136647,-0.367227,-0.229076,0.236696,-0.373676,-0.227873,0.208548,-0.410966,-0.194652,0.234317,-0.413395,-0.131050,0.261829,-0.408121,-0.191159
2026-08-05 17:51:01.893,113.199892,0.000000,0.000000,0.000000,0.336905,-0.381167,-0.226841,0.136846,-0.369287,-0.229165,0.236876,-0.375227,-0.228003,0.208708,-0.412007,-0.194822,0.234365,-0.415453,-0.131287,0.261967,-0.409199,-0.192053
2026-08-05 17:51:01.993,113.299892,0.000000,0.000000,0.000000,0.336810,-0.383209,-0.226933,0.137006,-0.370328,-0.229335,0.236908,-0.376768,-0.228134,0.208868,-0.413048,-0.194992,0.234412,-0.417512,-0.131525,0.262127,-0.410240,-0.192223
2026-08-05 17:51:02.093,113.399892,0.000000,0.000000,0.000000,0.336490,-0.381127,-0.226593,0.136686,-0.368246,-0.228994,0.236588,-0.374687,-0.227793,0.208477,-0.411981,-0.194619,0.234205,-0.414412,-0.131117,0.261808,-0.408158,-0.191883
2026-08-05 17:51:02.193,113.499892,0.000000,0.000000,0.000000,0.336010,-0.378004,-0.226082,0.136167,-0.364104,-0.228565,0.236089,-0.371054,-0.227323,0.207997,-0.408858,-0.194108,0.233725,-0.411290,-0.130606,0.261328,-0.405035,-0.191371
2026-08-05 17:51:02.293,113.599892,0.000000,0.000000,0.000000,0.336970,-0.384250,-0.227104,0.137127,-0.370349,-0.229587,0.237048,-0.377299,-0.228345,0.209028,-0.414089,-0.195163,0.234572,-0.418553,-0.131695,0.262287,-0.411281,-0.192394
2026-08-05 17:51:02.393,113.699892,0.000000,0.000000,0.000000,0.336810,-0.383209,-0.226933,0.136967,-0.369308,-0.229416,0.236888,-0.376259,-0.228175,0.208868,-0.413048,-0.194992,0.234525,-0.416494,-0.131458,0.262127,-0.410240,-0.192223
2026-08-05 17:51:02.493,113.799891,0.000000,0.000000,0.000000,0.337225,-0.383249,-0.227182,0.137127,-0.370349,-0.229587,0.237176,-0.376799,-0.228384,0.208957,-0.415104,-0.195130,0.234481,-0.419535,-0.131053,0.262287,-0.411281,-0.192394
2026-08-05 17:51:02.593,113.899891,0.000000,0.000000,0.000000,0.336330,-0.380086,-0.226422,0.136526,-0.367206,-0.228824,0.236428,-0.373646,-0.227623,0.208388,-0.409925,-0.194481,0.233933,-0.414389,-0.131014,0.261495,-0.408127,-0.191684
2026-08-05 17:51:02.693,113.999891,0.000000,0.000000,0.000000,0.336970,-0.384250,-0.227104,0.137166,-0.371369,-0.229505,0.237068,-0.377809,-0.228304,0.208957,-0.415104,-0.195130,0.234705,-0.417499,-0.130917,0.262287,-0.411281,-0.192394
2026-08-05 17:51:02.793,114.099891,0.000000,0.000000,0.000000,0.336970,-0.384250,-0.227104,0.137166,-0.371369,-0.229505,0.237068,-0.377809,-0.228304,0.208243,-0.415056,-0.195111,0.233996,-0.417452,-0.130899,0.262287,-0.411281,-0.192394
2026-08-05 17:51:02.893,114.199891,0.000000,0.000000,0.000000,0.336745,-0.380126,-0.226671,0.136647,-0.367227,-0.229076,0.236696,-0.373676,-0.227873,0.208477,-0.411981,-0.194619,0.233405,-0.415347,-0.130456,0.261655,-0.409168,-0.191854
2026-08-05 17:51:02.993,114.299891,0.000000,0.000000,0.000000,0.336905,-0.381167,-0.226841,0.136846,-0.369287,-0.229165,0.236876,-0.375227,-0.228003,0.208708,-0.412007,-0.194822,0.233454,-0.417406,-0.130694,0.261989,-0.409162,-0.191329
2026-08-05 17:51:03.093,114.399891,0.000000,0.000000,0.000000,0.337545,-0.385331,-0.227522,0.137447,-0.372431,-0.229928,0.237496,-0.378881,-0.228725,0.208633,-0.416123,-0.195485,0.234427,-0.418516,-0.131171,0.262629,-0.413326,-0.192011
2026-08-05 17:51:03.193,114.499891,0.000000,0.000000,0.000000,0.336490,-0.381127,-0.226593,0.136686,-0.368246,-0.228994,0.236588,-0.374687,-0.227793,0.207833,-0.410918,-0.194633,0.233516,-0.414329,-0.130388,0.261676,-0.409131,-0.191132
2026-08-05 17:51:03.293,114.599891,0.000000,0.000000,0.000000,0.336745,-0.380126,-0.226671,0.136647,-0.367227,-0.229076,0.236696,-0.373676,-0.227873,0.207833,-0.410918,-0.194633,0.233516,-0.414329,-0.130388,0.261829,-0.408121,-0.191159
2026-08-05 17:51:03.393,114.699891,0.000000,0.000000,0.000000,0.336490,-0.381127,-0.226593,0.136647,-0.367227,-0.229076,0.236568,-0.374177,-0.227834,0.207763,-0.411933,-0.194600,0.233516,-0.414329,-0.130388,0.261829,-0.408121,-0.191159
2026-08-05 17:51:03.493,114.799891,0.000000,0.000000,0.000000,0.336490,-0.381127,-0.226593,0.136647,-0.367227,-0.229076,0.236568,-0.374177,-0.227834,0.207693,-0.412949,-0.194567,0.233516,-0.414329,-0.130388,0.261884,-0.407653,-0.191897
2026-08-05 17:51:03.593,114.899890,0.000000,0.000000,0.000000,0.336010,-0.378004,-0.226082,0.136167,-0.364104,-0.228565,0.236089,-0.371054,-0.227323,0.207318,-0.408303,-0.194106,0.232925,-0.412224,-0.129945,0.261196,-0.406009,-0.190621
2026-08-05 17:51:03.693,114.999890,0.000000,0.000000,0.000000,0.336745,-0.380126,-0.226671,0.136647,-0.367227,-0.229076,0.236696,-0.373676,-0.227873,0.207833,-0.410918,-0.194633,0.233516,-0.414329,-0.130388,0.261676,-0.409131,-0.191132
2026-08-05 17:51:03.793,115.099890,0.000000,0.000000,0.000000,0.337065,-0.382208,-0.227011,0.137006,-0.370328,-0.229335,0.237035,-0.376268,-0.228173,0.208083,-0.414015,-0.194941,0.233725,-0.417429,-0.130796,0.262717,-0.411261,-0.191491
2026-08-05 17:51:03.893,115.199890,0.000000,0.000000,0.000000,0.336490,-0.381127,-0.226593,0.136686,-0.368246,-0.228994,0.236588,-0.374687,-0.227793,0.207763,-0.411933,-0.194600,0.233516,-0.414329,-0.130388,0.262551,-0.408169,-0.191178
2026-08-05 17:51:03.993,115.299890,0.000000,0.000000,0.000000,0.336490,-0.381127,-0.226593,0.136647,-0.367227,-0.229076,0.236568,-0.374177,-0.227834,0.207833,-0.410918,-0.194633,0.233516,-0.414329,-0.130388,0.262397,-0.409179,-0.191151
2026-08-05 17:51:04.093,115.399890,0.000000,0.000000,0.000000,0.336970,-0.384250,-0.227104,0.137127,-0.370349,-0.229587,0.237048,-0.377299,-0.228345,0.208173,-0.416072,-0.195078,0.233885,-0.418470,-0.130967,0.262877,-0.412302,-0.191662
2026-08-05 17:51:04.193,115.499890,0.000000,0.000000,0.000000,0.336810,-0.383209,-0.226933,0.137006,-0.370328,-0.229335,0.236908,-0.376768,-0.228134,0.208013,-0.415031,-0.194908,0.233857,-0.416375,-0.130017,0.262871,-0.410251,-0.191519
2026-08-05 17:51:04.293,115.599890,0.000000,0.000000,0.000000,0.336490,-0.381127,-0.226593,0.136647,-0.367227,-0.229076,0.236568,-0.374177,-0.227834,0.207693,-0.412949,-0.194567,0.233315,-0.416329,-0.129815,0.262397,-0.409179,-0.191151
2026-08-05 17:51:04.393,115.699890,0.000000,0.000000,0.000000,0.337290,-0.386331,-0.227444,0.137486,-0.373451,-0.229846,0.237388,-0.379891,-0.228645,0.208563,-0.417138,-0.195452,0.234225,-0.420516,-0.130597,0.263175,-0.414421,-0.192725
2026-08-05 17:51:04.493,115.799890,0.000000,0.000000,0.000000,0.337065,-0.382208,-0.227011,0.137006,-0.370328,-0.229335,0.237035,-0.376268,-0.228173,0.208083,-0.414015,-0.194941,0.233746,-0.417393,-0.130086,0.262695,-0.411298,-0.192214
2026-08-05 17:51:04.593,115.899889,0.000000,0.000000,0.000000,0.336490,-0.381127,-0.226593,0.136647,-0.367227,-0.229076,0.236568,-0.374177,-0.227834,0.207763,-0.411933,-0.194600,0.232607,-0.416282,-0.129796,0.262397,-0.409179,-0.191151
2026-08-05 17:51:04.693,115.999889,0.000000,0.000000,0.000000,0.336970,-0.384250,-0.227104,0.137166,-0.371369,-0.229505,0.237068,-0.377809,-0.228304,0.208243,-0.415056,-0.195111,0.233197,-0.418387,-0.130238,0.262877,-0.412302,-0.191662
2026-08-05 17:51:04.793,116.099889,0.000000,0.000000,0.000000,0.336490,-0.381127,-0.226593,0.136647,-0.367227,-0.229076,0.236568,-0.374177,-0.227834,0.207049,-0.411886,-0.194582,0.232848,-0.414210,-0.128947,0.262397,-0.409179,-0.191151
2026-08-05 17:51:04.893,116.199889,0.000000,0.000000,0.000000,0.336585,-0.379085,-0.226500,0.136487,-0.366186,-0.228905,0.236536,-0.372635,-0.227703,0.206889,-0.410845,-0.194411,0.232688,-0.413169,-0.128777,0.262083,-0.409149,-0.190953
2026-08-05 17:51:04.993,116.299889,0.000000,0.000000,0.000000,0.336650,-0.382168,-0.226763,0.136846,-0.369287,-0.229165,0.236748,-0.375728,-0.227964,0.207140,-0.413942,-0.194719,0.233008,-0.415251,-0.129117,0.262711,-0.409210,-0.191348
2026-08-05 17:51:05.093,116.399889,0.000000,0.000000,0.000000,0.337225,-0.383249,-0.227182,0.137127,-0.370349,-0.229587,0.237176,-0.376799,-0.228384,0.207460,-0.416024,-0.195060,0.232530,-0.418268,-0.128800,0.262877,-0.412302,-0.191662
2026-08-05 17:51:05.193,116.499889,0.000000,0.000000,0.000000,0.336745,-0.380126,-0.226671,0.136647,-0.367227,-0.229076,0.236696,-0.373676,-0.227873,0.206945,-0.413409,-0.194532,0.232159,-0.414127,-0.128217,0.262397,-0.409179,-0.191151
2026-08-05 17:51:05.293,116.599889,0.000000,0.000000,0.000000,0.336170,-0.379045,-0.226252,0.136366,-0.366165,-0.228654,0.236268,-0.372605,-0.227453,0.206660,-0.410820,-0.194208,0.231730,-0.413064,-0.127948,0.262231,-0.406087,-0.190837
2026-08-05 17:51:05.393,116.699889,0.000000,0.000000,0.000000,0.337385,-0.384290,-0.227352,0.137326,-0.372410,-0.229676,0.237355,-0.378350,-0.228514,0.207620,-0.417065,-0.195230,0.232929,-0.417237,-0.128115,0.263191,-0.412333,-0.191859
2026-08-05 17:51:05.493,116.799889,0.000000,0.000000,0.000000,0.337610,-0.388413,-0.227785,0.137805,-0.375533,-0.230187,0.237707,-0.381973,-0.228986,0.208099,-0.420188,-0.195741,0.232375,-0.423367,-0.128825,0.264237,-0.416514,-0.192362
2026-08-05 17:51:05.593,116.899889,0.000000,0.000000,0.000000,0.336745,-0.380126,-0.226671,0.136686,-0.368246,-0.228994,0.236716,-0.374186,-0.227832,0.206980,-0.412901,-0.194549,0.231491,-0.414008,-0.126777,0.262397,-0.409179,-0.191151
2026-08-05 17:51:05.693,116.999888,0.000000,0.000000,0.000000,0.336810,-0.383209,-0.226933,0.136967,-0.369308,-0.229416,0.236888,-0.376259,-0.228175,0.207300,-0.414983,-0.194889,0.231811,-0.416090,-0.127117,0.263282,-0.412319,-0.191483
2026-08-05 17:51:05.793,117.099888,0.000000,0.000000,0.000000,0.336585,-0.379085,-0.226500,0.136526,-0.367206,-0.228824,0.236556,-0.373145,-0.227662,0.206751,-0.412876,-0.194345,0.231116,-0.415004,-0.126754,0.262958,-0.408186,-0.190999
2026-08-05 17:51:05.893,117.199888,0.000000,0.000000,0.000000,0.336970,-0.384250,-0.227104,0.137166,-0.371369,-0.229505,0.237068,-0.377809,-0.228304,0.207460,-0.416024,-0.195060,0.231917,-0.417640,-0.127324,0.263597,-0.412350,-0.191681
2026-08-05 17:51:05.993,117.299888,0.000000,0.000000,0.000000,0.337065,-0.382208,-0.227011,0.136967,-0.369308,-0.229416,0.237016,-0.375758,-0.228214,0.206519,-0.415951,-0.194838,0.231016,-0.417026,-0.126463,0.263282,-0.412319,-0.191483
2026-08-05 17:51:06.093,117.399888,0.000000,0.000000,0.000000,0.336490,-0.381127,-0.226593,0.136686,-0.368246,-0.228994,0.236588,-0.374687,-0.227793,0.206980,-0.412901,-0.194549,0.230803,-0.413925,-0.126047,0.263040,-0.409732,-0.191156
2026-08-05 17:51:06.193,117.499888,0.000000,0.000000,0.000000,0.336745,-0.380126,-0.226671,0.136686,-0.368246,-0.228994,0.236716,-0.374186,-0.227832,0.206911,-0.413917,-0.194516,0.230803,-0.413925,-0.126047,0.263118,-0.409227,-0.191169
2026-08-05 17:51:06.293,117.599888,0.000000,0.000000,0.000000,0.336745,-0.380126,-0.226671,0.136686,-0.368246,-0.228994,0.236716,-0.374186,-0.227832,0.206267,-0.412854,-0.194530,0.230803,-0.413925,-0.126047,0.262962,-0.410237,-0.191142
2026-08-05 17:51:06.393,117.699888,0.000000,0.000000,0.000000,0.337225,-0.383249,-0.227182,0.137166,-0.371369,-0.229505,0.237195,-0.377309,-0.228343,0.206611,-0.418008,-0.194975,0.231283,-0.417048,-0.126558,0.263442,-0.413360,-0.191653
2026-08-05 17:51:06.493,117.799888,0.000000,0.000000,0.000000,0.337321,-0.381207,-0.227089,0.137006,-0.370328,-0.229335,0.237163,-0.375768,-0.228212,0.206519,-0.415951,-0.194838,0.231144,-0.415971,-0.125677,0.263282,-0.412319,-0.191483
2026-08-05 17:51:06.593,117.899888,0.000000,0.000000,0.000000,0.336905,-0.381167,-0.226841,0.136846,-0.369287,-0.229165,0.236876,-0.375227,-0.228003,0.206461,-0.413387,-0.194717,0.230274,-0.414883,-0.125488,0.263122,-0.411278,-0.191313
2026-08-05 17:51:06.693,117.999887,0.000000,0.000000,0.000000,0.336330,-0.380086,-0.226422,0.136487,-0.366186,-0.228905,0.236409,-0.373136,-0.227664,0.205971,-0.413844,-0.194294,0.230165,-0.410764,-0.124995,0.262802,-0.409196,-0.190972
2026-08-05 17:51:06.793,118.099887,0.000000,0.000000,0.000000,0.337225,-0.383249,-0.227182,0.137166,-0.371369,-0.229505,0.237195,-0.377309,-0.228343,0.206611,-0.418008,-0.194975,0.230594,-0.416965,-0.125828,0.263442,-0.413360,-0.191653
2026-08-05 17:51:06.893,118.199887,0.000000,0.000000,0.000000,0.336745,-0.380126,-0.226671,0.136647,-0.367227,-0.229076,0.236696,-0.373676,-0.227873,0.206199,-0.413869,-0.194497,0.230114,-0.413842,-0.125317,0.262962,-0.410237,-0.191142
2026-08-05 17:51:06.993,118.299887,0.000000,0.000000,0.000000,0.336810,-0.383209,-0.226933,0.137006,-0.370328,-0.229335,0.236908,-0.376768,-0.228134,0.206519,-0.415951,-0.194838,0.230434,-0.415924,-0.125658,0.263437,-0.411309,-0.191510
2026-08-05 17:51:07.093,118.399887,0.000000,0.000000,0.000000,0.337290,-0.386331,-0.227444,0.137486,-0.373451,-0.229846,0.237388,-0.379891,-0.228645,0.207067,-0.418059,-0.195382,0.230914,-0.419047,-0.126169,0.263607,-0.416452,-0.191967
2026-08-05 17:51:07.193,118.499887,0.000000,0.000000,0.000000,0.336585,-0.379085,-0.226500,0.136526,-0.367206,-0.228824,0.236556,-0.373145,-0.227662,0.206039,-0.412829,-0.194327,0.230039,-0.411818,-0.125783,0.262958,-0.408186,-0.190999
2026-08-05 17:51:07.293,118.599887,0.000000,0.000000,0.000000,0.336810,-0.383209,-0.226933,0.137006,-0.370328,-0.229335,0.236908,-0.376768,-0.228134,0.206587,-0.414936,-0.194871,0.230413,-0.415960,-0.126369,0.263282,-0.412319,-0.191483
2026-08-05 17:51:07.393,118.699887,0.000000,0.000000,0.000000,0.337065,-0.382208,-0.227011,0.136967,-0.369308,-0.229416,0.237016,-0.375758,-0.228214,0.206451,-0.416967,-0.194805,0.230307,-0.416978,-0.126444,0.263282,-0.412319,-0.191483
2026-08-05 17:51:07.493,118.799887,0.000000,0.000000,0.000000,0.336490,-0.381127,-0.226593,0.136686,-0.368246,-0.228994,0.236588,-0.374687,-0.227793,0.206131,-0.414885,-0.194464,0.230072,-0.413914,-0.126740,0.262962,-0.410237,-0.191142
2026-08-05 17:51:07.593,118.899887,0.000000,0.000000,0.000000,0.337130,-0.385290,-0.227274,0.137287,-0.371390,-0.229757,0.237208,-0.378340,-0.228516,0.206839,-0.418033,-0.195179,0.230712,-0.418078,-0.127421,0.263602,-0.414401,-0.191824
2026-08-05 17:51:07.693,118.999887,0.000000,0.000000,0.000000,0.336330,-0.380086,-0.226422,0.136526,-0.367206,-0.228824,0.236428,-0.373646,-0.227623,0.205971,-0.413844,-0.194294,0.228993,-0.414863,-0.126698,0.262647,-0.410206,-0.190945
2026-08-05 17:51:07.793,119.099886,0.000000,0.000000,0.000000,0.336905,-0.381167,-0.226841,0.136807,-0.368268,-0.229246,0.236856,-0.374717,-0.228044,0.206359,-0.414910,-0.194668,0.229894,-0.418046,-0.127839,0.263122,-0.411278,-0.191313
2026-08-05 17:51:07.893,119.199886,0.000000,0.000000,0.000000,0.337065,-0.382208,-0.227011,0.136967,-0.369308,-0.229416,0.237016,-0.375758,-0.228214,0.206519,-0.415951,-0.194838,0.230265,-0.417050,-0.127864,0.263127,-0.413329,-0.191456
2026-08-05 17:51:07.993,119.299886,0.000000,0.000000,0.000000,0.337290,-0.386331,-0.227444,0.137486,-0.373451,-0.229846,0.237388,-0.379891,-0.228645,0.206863,-0.421105,-0.195283,0.230619,-0.421227,-0.129157,0.263762,-0.415442,-0.191994
2026-08-05 17:51:08.093,119.399886,0.000000,0.000000,0.000000,0.337225,-0.383249,-0.227182,0.137166,-0.371369,-0.229505,0.237195,-0.377309,-0.228343,0.206679,-0.416992,-0.195008,0.230299,-0.419145,-0.128816,0.263442,-0.413360,-0.191653
2026-08-05 17:51:08.193,119.499886,0.000000,0.000000,0.000000,0.337065,-0.382208,-0.227011,0.137006,-0.370328,-0.229335,0.237035,-0.376268,-0.228173,0.206451,-0.416967,-0.194805,0.230013,-0.419159,-0.129425,0.263127,-0.413329,-0.191456
2026-08-05 17:51:08.293,119.599886,0.000000,0.000000,0.000000,0.336585,-0.379085,-0.226500,0.136487,-0.366186,-0.228905,0.236536,-0.372635,-0.227703,0.205971,-0.413844,-0.194294,0.230325,-0.415100,-0.129571,0.262802,-0.409196,-0.190972
2026-08-05 17:51:08.393,119.699886,0.000000,0.000000,0.000000,0.336170,-0.379045,-0.226252,0.136327,-0.365145,-0.228735,0.236249,-0.372095,-0.227494,0.205811,-0.412803,-0.194124,0.230165,-0.414059,-0.129400,0.262487,-0.409166,-0.190774
2026-08-05 17:51:08.493,119.799886,0.000000,0.000000,0.000000,0.336170,-0.379045,-0.226252,0.136327,-0.365145,-0.228735,0.236249,-0.372095,-0.227494,0.205790,-0.412839,-0.194836,0.230144,-0.414095,-0.130109,0.262487,-0.409166,-0.190774
2026-08-05 17:51:08.593,119.899886,0.000000,0.000000,0.000000,0.336745,-0.380126,-0.226671,0.136686,-0.368246,-0.228994,0.236716,-0.374186,-0.227832,0.206178,-0.413906,-0.195211,0.231387,-0.414188,-0.130332,0.262067,-0.411236,-0.191816
2026-08-05 17:51:08.693,119.999886,0.000000,0.000000,0.000000,0.336970,-0.384250,-0.227104,0.137127,-0.370349,-0.229587,0.237048,-0.377299,-0.228345,0.206658,-0.417028,-0.195722,0.231846,-0.417347,-0.131554,0.262547,-0.414359,-0.192327
2026-08-05 17:51:08.793,120.099885,0.000000,0.000000,0.000000,0.337130,-0.385290,-0.227274,0.137326,-0.372410,-0.229676,0.237228,-0.378850,-0.228475,0.206750,-0.419085,-0.195858,0.232498,-0.420471,-0.131877,0.262707,-0.415400,-0.192498
2026-08-05 17:51:08.893,120.199885,0.000000,0.000000,0.000000,0.336810,-0.383209,-0.226933,0.136928,-0.368289,-0.229498,0.236869,-0.375749,-0.228216,0.206430,-0.417003,-0.195517,0.232865,-0.418472,-0.132264,0.262387,-0.413318,-0.192157
2026-08-05 17:51:08.993,120.299885,0.000000,0.000000,0.000000,0.336010,-0.378004,-0.226082,0.136206,-0.365124,-0.228483,0.236108,-0.371564,-0.227282,0.205630,-0.411798,-0.194666,0.232044,-0.413303,-0.132121,0.261587,-0.408113,-0.191305
2026-08-05 17:51:09.093,120.399885,0.000000,0.000000,0.000000,0.336745,-0.380126,-0.226671,0.136647,-0.367227,-0.229076,0.236696,-0.373676,-0.227873,0.206110,-0.414921,-0.195177,0.232524,-0.416426,-0.132632,0.262067,-0.411236,-0.191816
2026-08-05 17:51:09.193,120.499885,0.000000,0.000000,0.000000,0.336650,-0.382168,-0.226763,0.136846,-0.369287,-0.229165,0.236748,-0.375728,-0.227964,0.206338,-0.414946,-0.195381,0.233481,-0.416532,-0.133466,0.262227,-0.412277,-0.191987
2026-08-05 17:51:09.293,120.599885,0.000000,0.000000,0.000000,0.336490,-0.381127,-0.226593,0.136686,-0.368246,-0.228994,0.236588,-0.374687,-0.227793,0.206178,-0.413906,-0.195211,0.233321,-0.415491,-0.133295,0.262067,-0.411236,-0.191816
2026-08-05 17:51:09.393,120.699885,0.000000,0.000000,0.000000,0.337065,-0.382208,-0.227011,0.136967,-0.369308,-0.229416,0.237016,-0.375758,-0.228214,0.206498,-0.415987,-0.195551,0.233752,-0.416555,-0.133573,0.261669,-0.413270,-0.192138
2026-08-05 17:51:09.493,120.799885,0.000000,0.000000,0.000000,0.336490,-0.381127,-0.226593,0.136647,-0.367227,-0.229076,0.236568,-0.374177,-0.227834,0.206110,-0.414921,-0.195177,0.233897,-0.416591,-0.134086,0.261349,-0.411188,-0.191798
2026-08-05 17:51:09.593,120.899885,0.000000,0.000000,0.000000,0.337065,-0.382208,-0.227011,0.137006,-0.370328,-0.229335,0.237035,-0.376268,-0.228173,0.206498,-0.415987,-0.195551,0.234217,-0.418673,-0.134427,0.261669,-0.413270,-0.192138
2026-08-05 17:51:09.693,120.999885,0.000000,0.000000,0.000000,0.337065,-0.382208,-0.227011,0.136967,-0.369308,-0.229416,0.237016,-0.375758,-0.228214,0.207210,-0.416035,-0.195570,0.234924,-0.418720,-0.134445,0.261669,-0.413270,-0.192138
2026-08-05 17:51:09.793,121.099885,0.000000,0.000000,0.000000,0.337065,-0.382208,-0.227011,0.136967,-0.369308,-0.229416,0.237016,-0.375758,-0.228214,0.207210,-0.416035,-0.195570,0.235130,-0.416721,-0.135032,0.261669,-0.413270,-0.192138
2026-08-05 17:51:09.893,121.199884,0.000000,0.000000,0.000000,0.336266,-0.377003,-0.226160,0.136167,-0.364104,-0.228565,0.236216,-0.370553,-0.227362,0.206410,-0.410830,-0.194718,0.234443,-0.410499,-0.134119,0.260869,-0.408065,-0.191287
2026-08-05 17:51:09.993,121.299884,0.000000,0.000000,0.000000,0.336745,-0.380126,-0.226671,0.136686,-0.368246,-0.228994,0.236716,-0.374186,-0.227832,0.206959,-0.412937,-0.195263,0.235613,-0.413705,-0.135361,0.261349,-0.411188,-0.191798
2026-08-05 17:51:10.093,121.399884,0.000000,0.000000,0.000000,0.337065,-0.382208,-0.227011,0.136967,-0.369308,-0.229416,0.237016,-0.375758,-0.228214,0.207231,-0.415999,-0.194857,0.235818,-0.416804,-0.135761,0.261516,-0.414280,-0.192110
2026-08-05 17:51:10.193,121.499884,0.000000,0.000000,0.000000,0.336825,-0.380646,-0.226756,0.136727,-0.367747,-0.229161,0.236776,-0.374197,-0.227958,0.207039,-0.413458,-0.195348,0.236382,-0.414309,-0.136177,0.261276,-0.412719,-0.191854
2026-08-05 17:51:10.293,121.599884,0.000000,0.000000,0.000000,0.337130,-0.385290,-0.227274,0.137287,-0.371390,-0.229757,0.237208,-0.378340,-0.228516,0.207620,-0.417065,-0.195230,0.236942,-0.417952,-0.136773,0.262065,-0.414847,-0.192493
2026-08-05 17:51:10.393,121.699884,0.000000,0.000000,0.000000,0.337065,-0.382208,-0.227011,0.137006,-0.370328,-0.229335,0.237035,-0.376268,-0.228173,0.207992,-0.415067,-0.195622,0.236601,-0.415906,-0.137144,0.261669,-0.413270,-0.192138
2026-08-05 17:51:10.493,121.799884,0.000000,0.000000,0.000000,0.337225,-0.383249,-0.227182,0.137127,-0.370349,-0.229587,0.237176,-0.376799,-0.228384,0.208152,-0.416108,-0.195793,0.237219,-0.419064,-0.138159,0.261828,-0.414311,-0.192309
2026-08-05 17:51:10.593,121.899884,0.000000,0.000000,0.000000,0.337065,-0.382208,-0.227011,0.137006,-0.370328,-0.229335,0.237035,-0.376268,-0.228173,0.207992,-0.415067,-0.195622,0.237291,-0.415989,-0.137875,0.261102,-0.412212,-0.192148
2026-08-05 17:51:10.693,121.999884,0.000000,0.000000,0.000000,0.337065,-0.382208,-0.227011,0.137006,-0.370328,-0.229335,0.237035,-0.376268,-0.228173,0.207992,-0.415067,-0.195622,0.238099,-0.415056,-0.138550,0.261102,-0.412212,-0.192148
2026-08-05 17:51:10.793,122.099884,0.000000,0.000000,0.000000,0.336330,-0.380086,-0.226422,0.136487,-0.366186,-0.228905,0.236409,-0.373136,-0.227664,0.207512,-0.411944,-0.195111,0.237501,-0.412950,-0.138095,0.260622,-0.409089,-0.191637
2026-08-05 17:51:10.893,122.199883,0.000000,0.000000,0.000000,0.337225,-0.383249,-0.227182,0.137166,-0.371369,-0.229505,0.237195,-0.377309,-0.228343,0.208152,-0.416108,-0.195793,0.238238,-0.416133,-0.139434,0.261262,-0.413253,-0.192318
2026-08-05 17:51:10.993,122.299883,0.000000,0.000000,0.000000,0.336490,-0.381127,-0.226593,0.136647,-0.367227,-0.229076,0.236568,-0.374177,-0.227834,0.207742,-0.411970,-0.195316,0.238470,-0.413057,-0.138941,0.260630,-0.411141,-0.191779
2026-08-05 17:51:11.093,122.399883,0.000000,0.000000,0.000000,0.337225,-0.383249,-0.227182,0.137166,-0.371369,-0.229505,0.237195,-0.377309,-0.228343,0.208152,-0.416108,-0.195793,0.238928,-0.416216,-0.140166,0.261262,-0.413253,-0.192318
2026-08-05 17:51:11.193,122.499883,0.000000,0.000000,0.000000,0.336970,-0.384250,-0.227104,0.137166,-0.371369,-0.229505,0.237068,-0.377809,-0.228304,0.208152,-0.416108,-0.195793,0.239739,-0.415283,-0.140846,0.261089,-0.414300,-0.193010
2026-08-05 17:51:11.293,122.599883,0.000000,0.000000,0.000000,0.336970,-0.384250,-0.227104,0.137166,-0.371369,-0.229505,0.237068,-0.377809,-0.228304,0.208152,-0.416108,-0.195793,0.239739,-0.415283,-0.140846,0.261240,-0.413290,-0.193039
2026-08-05 17:51:11.393,122.699883,0.000000,0.000000,0.000000,0.336170,-0.379045,-0.226252,0.136327,-0.365145,-0.228735,0.236249,-0.372095,-0.227494,0.207352,-0.410903,-0.194941,0.239038,-0.409098,-0.140657,0.260517,-0.407580,-0.192202
2026-08-05 17:51:11.493,122.799883,0.000000,0.000000,0.000000,0.337065,-0.382208,-0.227011,0.137006,-0.370328,-0.229335,0.237035,-0.376268,-0.228173,0.207922,-0.416082,-0.195588,0.240371,-0.413345,-0.142073,0.261081,-0.412249,-0.192869
2026-08-05 17:51:11.593,122.899883,0.000000,0.000000,0.000000,0.336010,-0.378004,-0.226082,0.136167,-0.364104,-0.228565,0.236089,-0.371054,-0.227323,0.207122,-0.410877,-0.194737,0.239571,-0.408140,-0.141221,0.260281,-0.407044,-0.192017
2026-08-05 17:51:11.693,122.999883,0.000000,0.000000,0.000000,0.336490,-0.381127,-0.226593,0.136686,-0.368246,-0.228994,0.236588,-0.374687,-0.227793,0.208364,-0.413068,-0.196015,0.240622,-0.412363,-0.142515,0.260761,-0.410167,-0.192528
2026-08-05 17:51:11.793,123.099883,0.000000,0.000000,0.000000,0.336650,-0.382168,-0.226763,0.136807,-0.368268,-0.229246,0.236728,-0.375218,-0.228005,0.208488,-0.414617,-0.196168,0.240782,-0.413404,-0.142685,0.260921,-0.411208,-0.192699
2026-08-05 17:51:11.893,123.199883,0.000000,0.000000,0.000000,0.336970,-0.384250,-0.227104,0.137127,-0.370349,-0.229587,0.237048,-0.377299,-0.228345,0.208844,-0.416191,-0.196526,0.241794,-0.415569,-0.143759,0.261392,-0.412279,-0.193069
2026-08-05 17:51:11.993,123.299882,0.000000,0.000000,0.000000,0.335946,-0.374921,-0.225819,0.135886,-0.363042,-0.228142,0.235916,-0.368981,-0.226981,0.207564,-0.407864,-0.195163,0.240514,-0.407242,-0.142396,0.260113,-0.403952,-0.191706
2026-08-05 17:51:12.093,123.399882,0.000000,0.000000,0.000000,0.336970,-0.384250,-0.227104,0.137166,-0.371369,-0.229505,0.237068,-0.377809,-0.228304,0.208773,-0.417206,-0.196491,0.241773,-0.415605,-0.144474,0.261240,-0.413290,-0.193039
2026-08-05 17:51:12.193,123.499882,0.000000,0.000000,0.000000,0.337065,-0.382208,-0.227011,0.137006,-0.370328,-0.229335,0.237035,-0.376268,-0.228173,0.208613,-0.416165,-0.196320,0.241613,-0.414564,-0.144303,0.261232,-0.411238,-0.192898
2026-08-05 17:51:12.293,123.599882,0.000000,0.000000,0.000000,0.336810,-0.383209,-0.226933,0.136967,-0.369308,-0.229416,0.236888,-0.376259,-0.228175,0.208613,-0.416165,-0.196320,0.242326,-0.414612,-0.144322,0.261081,-0.412249,-0.192869
2026-08-05 17:51:12.393,123.699882,0.000000,0.000000,0.000000,0.337065,-0.382208,-0.227011,0.136967,-0.369308,-0.229416,0.237016,-0.375758,-0.228214,0.208684,-0.415150,-0.196355,0.242305,-0.414648,-0.145036,0.261081,-0.412249,-0.192869
2026-08-05 17:51:12.493,123.799882,0.000000,0.000000,0.000000,0.337065,-0.382208,-0.227011,0.137006,-0.370328,-0.229335,0.237035,-0.376268,-0.228173,0.208684,-0.415150,-0.196355,0.242429,-0.413632,-0.144991,0.261232,-0.411238,-0.192898
2026-08-05 17:51:12.593,123.899882,0.000000,0.000000,0.000000,0.337225,-0.383249,-0.227182,0.137166,-0.371369,-0.229505,0.237195,-0.377309,-0.228343,0.208773,-0.417206,-0.196491,0.242465,-0.415689,-0.145207,0.261240,-0.413290,-0.193039
2026-08-05 17:51:12.693,123.999882,0.000000,0.000000,0.000000,0.336745,-0.380126,-0.226671,0.136647,-0.367227,-0.229076,0.236696,-0.373676,-0.227873,0.208364,-0.413068,-0.196015,0.241985,-0.412566,-0.144696,0.260761,-0.410167,-0.192528
2026-08-05 17:51:12.793,124.099882,0.000000,0.000000,0.000000,0.336490,-0.381127,-0.226593,0.136686,-0.368246,-0.228994,0.236588,-0.374687,-0.227793,0.208364,-0.413068,-0.196015,0.241985,-0.412566,-0.144696,0.260761,-0.410167,-0.192528
2026-08-05 17:51:12.893,124.199882,0.000000,0.000000,0.000000,0.336745,-0.380126,-0.226671,0.136608,-0.366207,-0.229157,0.236677,-0.373166,-0.227914,0.208293,-0.414083,-0.195980,0.241985,-0.412566,-0.144696,0.260761,-0.410167,-0.192528
2026-08-05 17:51:12.993,124.299881,0.000000,0.000000,0.000000,0.337225,-0.383249,-0.227182,0.137166,-0.371369,-0.229505,0.237195,-0.377309,-0.228343,0.209557,-0.416239,-0.196544,0.241875,-0.414625,-0.145143,0.261240,-0.413290,-0.193039
2026-08-05 17:51:13.093,124.399881,0.000000,0.000000,0.000000,0.336330,-0.380086,-0.226422,0.136448,-0.365166,-0.228987,0.236389,-0.372626,-0.227705,0.208845,-0.413090,-0.195828,0.241235,-0.410462,-0.144461,0.260601,-0.409126,-0.192358
2026-08-05 17:51:13.193,124.499881,0.000000,0.000000,0.000000,0.336745,-0.380126,-0.226671,0.136647,-0.367227,-0.229076,0.236696,-0.373676,-0.227873,0.209005,-0.414131,-0.195998,0.241395,-0.411503,-0.144632,0.260192,-0.409109,-0.192539
2026-08-05 17:51:13.293,124.599881,0.000000,0.000000,0.000000,0.336905,-0.381167,-0.226841,0.136846,-0.369287,-0.229165,0.236876,-0.375227,-0.228003,0.209330,-0.413105,-0.195523,0.241555,-0.412544,-0.144802,0.260352,-0.410150,-0.192709
2026-08-05 17:51:13.393,124.699881,0.000000,0.000000,0.000000,0.336170,-0.379045,-0.226252,0.136366,-0.366165,-0.228654,0.236268,-0.372605,-0.227453,0.208829,-0.410019,-0.195728,0.241075,-0.409421,-0.144291,0.259872,-0.407027,-0.192198
2026-08-05 17:51:13.493,124.799881,0.000000,0.000000,0.000000,0.336490,-0.381127,-0.226593,0.136647,-0.367227,-0.229076,0.236568,-0.374177,-0.227834,0.209884,-0.412112,-0.195372,0.241395,-0.411503,-0.144632,0.260192,-0.409109,-0.192539
2026-08-05 17:51:13.593,124.899881,0.000000,0.000000,0.000000,0.337225,-0.383249,-0.227182,0.137166,-0.371369,-0.229505,0.237195,-0.377309,-0.228343,0.210364,-0.415235,-0.195883,0.241875,-0.414625,-0.145143,0.260671,-0.412231,-0.193050
2026-08-05 17:51:13.693,124.999881,0.000000,0.000000,0.000000,0.336650,-0.382168,-0.226763,0.136846,-0.369287,-0.229165,0.236748,-0.375728,-0.227964,0.210118,-0.412138,-0.195576,0.241555,-0.412544,-0.144802,0.260352,-0.410150,-0.192709
2026-08-05 17:51:13.793,125.099881,0.000000,0.000000,0.000000,0.336810,-0.383209,-0.226933,0.137006,-0.370328,-0.229335,0.236908,-0.376768,-0.228134,0.210204,-0.414194,-0.195712,0.241837,-0.412569,-0.144927,0.260511,-0.411191,-0.192880
2026-08-05 17:51:13.893,125.199881,0.000000,0.000000,0.000000,0.336266,-0.377003,-0.226160,0.136206,-0.365124,-0.228483,0.236236,-0.371063,-0.227321,0.209478,-0.407974,-0.194895,0.240201,-0.408332,-0.144102,0.259712,-0.405986,-0.192028
2026-08-05 17:51:13.993,125.299881,0.000000,0.000000,0.000000,0.336745,-0.380126,-0.226671,0.136686,-0.368246,-0.228994,0.236716,-0.374186,-0.227832,0.209958,-0.411097,-0.195406,0.240660,-0.411491,-0.145329,0.260342,-0.408098,-0.192568
2026-08-05 17:51:14.093,125.399880,0.000000,0.000000,0.000000,0.336810,-0.383209,-0.226933,0.136967,-0.369308,-0.229416,0.236888,-0.376259,-0.228175,0.210278,-0.413179,-0.195746,0.240979,-0.413573,-0.145669,0.260511,-0.411191,-0.192880
2026-08-05 17:51:14.193,125.499880,0.000000,0.000000,0.000000,0.338025,-0.388453,-0.228033,0.137927,-0.375554,-0.230439,0.237976,-0.382004,-0.229236,0.211201,-0.419932,-0.196751,0.241939,-0.419819,-0.146692,0.261471,-0.417436,-0.193902
2026-08-05 17:51:14.293,125.599880,0.000000,0.000000,0.000000,0.337065,-0.382208,-0.227011,0.137006,-0.370328,-0.229335,0.237035,-0.376268,-0.228173,0.210204,-0.414194,-0.195712,0.240979,-0.413573,-0.145669,0.260511,-0.411191,-0.192880
2026-08-05 17:51:14.393,125.699880,0.000000,0.000000,0.000000,0.337225,-0.383249,-0.227182,0.137166,-0.371369,-0.229505,0.237195,-0.377309,-0.228343,0.210438,-0.414220,-0.195917,0.241139,-0.414614,-0.145840,0.260671,-0.412231,-0.193050
2026-08-05 17:51:14.493,125.799880,0.000000,0.000000,0.000000,0.337225,-0.383249,-0.227182,0.137166,-0.371369,-0.229505,0.237195,-0.377309,-0.228343,0.210364,-0.415235,-0.195883,0.241018,-0.415630,-0.145884,0.260822,-0.411221,-0.193079
2026-08-05 17:51:14.593,125.899880,0.000000,0.000000,0.000000,0.336330,-0.380086,-0.226422,0.136487,-0.366186,-0.228905,0.236409,-0.373136,-0.227664,0.209798,-0.410056,-0.195235,0.240500,-0.410450,-0.145158,0.260182,-0.407057,-0.192398
2026-08-05 17:51:14.693,125.999880,0.000000,0.000000,0.000000,0.336250,-0.379565,-0.226337,0.136446,-0.366685,-0.228739,0.236348,-0.373125,-0.227538,0.209644,-0.410551,-0.195116,0.240541,-0.408914,-0.145029,0.259952,-0.407547,-0.192283
2026-08-05 17:51:14.793,126.099880,0.000000,0.000000,0.000000,0.337065,-0.382208,-0.227011,0.136967,-0.369308,-0.229416,0.237016,-0.375758,-0.228214,0.210204,-0.414194,-0.195712,0.240979,-0.413573,-0.145669,0.260511,-0.411191,-0.192880
2026-08-05 17:51:14.893,126.199880,0.000000,0.000000,0.000000,0.336745,-0.380126,-0.226671,0.136647,-0.367227,-0.229076,0.236696,-0.373676,-0.227873,0.209958,-0.411097,-0.195406,0.240781,-0.410475,-0.145285,0.260342,-0.408098,-0.192568
2026-08-05 17:51:14.993,126.299880,0.000000,0.000000,0.000000,0.336585,-0.379085,-0.226500,0.136487,-0.366186,-0.228905,0.236536,-0.372635,-0.227703,0.209651,-0.412086,-0.195167,0.240500,-0.410450,-0.145158,0.260032,-0.408068,-0.192369
2026-08-05 17:51:15.093,126.399879,0.000000,0.000000,0.000000,0.336745,-0.380126,-0.226671,0.136686,-0.368246,-0.228994,0.236716,-0.374186,-0.227832,0.209863,-0.412148,-0.196087,0.240660,-0.411491,-0.145329,0.260192,-0.409109,-0.192539
2026-08-05 17:51:15.193,126.499879,0.000000,0.000000,0.000000,0.336425,-0.378044,-0.226330,0.136327,-0.365145,-0.228735,0.236376,-0.371594,-0.227533,0.209543,-0.410066,-0.195746,0.239625,-0.409362,-0.144969,0.260022,-0.406017,-0.192228
2026-08-05 17:51:15.293,126.599879,0.000000,0.000000,0.000000,0.337385,-0.384290,-0.227352,0.137326,-0.372410,-0.229676,0.237355,-0.378350,-0.228514,0.210503,-0.416312,-0.196769,0.240585,-0.415608,-0.145992,0.260831,-0.413272,-0.193220
2026-08-05 17:51:15.393,126.699879,0.000000,0.000000,0.000000,0.336650,-0.382168,-0.226763,0.136846,-0.369287,-0.229165,0.236748,-0.375728,-0.227964,0.210023,-0.413189,-0.196258,0.239985,-0.413501,-0.145525,0.260502,-0.409139,-0.192739
2026-08-05 17:51:15.493,126.799879,0.000000,0.000000,0.000000,0.336810,-0.383209,-0.226933,0.137006,-0.370328,-0.229335,0.236908,-0.376768,-0.228134,0.210183,-0.414230,-0.196428,0.239453,-0.414458,-0.144962,0.260662,-0.410180,-0.192909
2026-08-05 17:51:15.593,126.899879,0.000000,0.000000,0.000000,0.336266,-0.377003,-0.226160,0.136206,-0.365124,-0.228483,0.236236,-0.371063,-0.227321,0.209383,-0.409025,-0.195576,0.238653,-0.409254,-0.144110,0.259862,-0.404976,-0.192057
2026-08-05 17:51:15.693,126.999879,0.000000,0.000000,0.000000,0.336810,-0.383209,-0.226933,0.137006,-0.370328,-0.229335,0.236908,-0.376768,-0.228134,0.210183,-0.414230,-0.196428,0.238761,-0.414375,-0.144229,0.260813,-0.409170,-0.192938
2026-08-05 17:51:15.793,127.099879,0.000000,0.000000,0.000000,0.336170,-0.379045,-0.226252,0.136366,-0.366165,-0.228654,0.236268,-0.372605,-0.227453,0.209638,-0.409015,-0.195065,0.238003,-0.411227,-0.143594,0.260022,-0.406017,-0.192228
2026-08-05 17:51:15.893,127.199879,0.000000,0.000000,0.000000,0.336745,-0.380126,-0.226671,0.136686,-0.368246,-0.228994,0.236716,-0.374186,-0.227832,0.209863,-0.412148,-0.196087,0.238441,-0.412293,-0.143888,0.260192,-0.409109,-0.192539
2026-08-05 17:51:15.993,127.299879,0.000000,0.000000,0.000000,0.336650,-0.382168,-0.226763,0.136807,-0.368268,-0.229246,0.236728,-0.375218,-0.228005,0.210097,-0.412174,-0.196293,0.238385,-0.415331,-0.143439,0.260502,-0.409139,-0.192739
2026-08-05 17:51:16.093,127.399879,0.000000,0.000000,0.000000,0.336490,-0.381127,-0.226593,0.136647,-0.367227,-0.229076,0.236568,-0.374177,-0.227834,0.209937,-0.411133,-0.196122,0.238344,-0.413273,-0.143221,0.260342,-0.408098,-0.192568
2026-08-05 17:51:16.193,127.499878,0.000000,0.000000,0.000000,0.336490,-0.381127,-0.226593,0.136647,-0.367227,-0.229076,0.236568,-0.374177,-0.227834,0.209863,-0.412148,-0.196087,0.238483,-0.412221,-0.142459,0.260342,-0.408098,-0.192568
2026-08-05 17:51:16.293,127.599878,0.000000,0.000000,0.000000,0.336266,-0.377003,-0.226160,0.136206,-0.365124,-0.228483,0.236236,-0.371063,-0.227321,0.209383,-0.409025,-0.195576,0.237885,-0.410114,-0.141997,0.259862,-0.404976,-0.192057
2026-08-05 17:51:16.393,127.699878,0.000000,0.000000,0.000000,0.337225,-0.383249,-0.227182,0.137166,-0.371369,-0.229505,0.237195,-0.377309,-0.228343,0.210416,-0.414256,-0.196633,0.238984,-0.415308,-0.142256,0.260822,-0.411221,-0.193079
2026-08-05 17:51:16.493,127.799878,0.000000,0.000000,0.000000,0.336745,-0.380126,-0.226671,0.136647,-0.367227,-0.229076,0.236696,-0.373676,-0.227873,0.209937,-0.411133,-0.196122,0.238504,-0.412185,-0.141745,0.260493,-0.407088,-0.192598
2026-08-05 17:51:16.593,127.899878,0.000000,0.000000,0.000000,0.336010,-0.378004,-0.226082,0.136128,-0.363084,-0.228646,0.236069,-0.370544,-0.227364,0.209383,-0.409025,-0.195576,0.237906,-0.410078,-0.141284,0.260013,-0.403965,-0.192087
2026-08-05 17:51:16.693,127.999878,0.000000,0.000000,0.000000,0.336650,-0.382168,-0.226763,0.136807,-0.368268,-0.229246,0.236728,-0.375218,-0.228005,0.210097,-0.412174,-0.196293,0.238685,-0.413190,-0.141201,0.260502,-0.409139,-0.192739
2026-08-05 17:51:16.793,128.099878,0.000000,0.000000,0.000000,0.336266,-0.377003,-0.226160,0.136167,-0.364104,-0.228565,0.236216,-0.370553,-0.227362,0.209383,-0.409025,-0.195576,0.238045,-0.409026,-0.140519,0.259862,-0.404976,-0.192057
2026-08-05 17:51:16.893,128.199878,0.000000,0.000000,0.000000,0.337065,-0.382208,-0.227011,0.136967,-0.369308,-0.229416,0.237016,-0.375758,-0.228214,0.210256,-0.413215,-0.196463,0.238748,-0.415211,-0.140709,0.260813,-0.409170,-0.192938
2026-08-05 17:51:16.993,128.299878,0.000000,0.000000,0.000000,0.336810,-0.383209,-0.226933,0.137006,-0.370328,-0.229335,0.236908,-0.376768,-0.228134,0.210256,-0.413215,-0.196463,0.238748,-0.415211,-0.140709,0.260813,-0.409170,-0.192938
2026-08-05 17:51:17.093,128.399878,0.000000,0.000000,0.000000,0.336106,-0.375962,-0.225989,0.136007,-0.363063,-0.228394,0.236056,-0.369512,-0.227192,0.209297,-0.406969,-0.195441,0.237906,-0.407949,-0.139635,0.259853,-0.402924,-0.191916
2026-08-05 17:51:17.193,128.499877,0.000000,0.000000,0.000000,0.336810,-0.383209,-0.226933,0.137006,-0.370328,-0.229335,0.236908,-0.376768,-0.228134,0.210204,-0.414194,-0.195712,0.238887,-0.414158,-0.139942,0.261536,-0.409218,-0.192957
2026-08-05 17:51:17.293,128.599877,0.000000,0.000000,0.000000,0.336650,-0.382168,-0.226763,0.136846,-0.369287,-0.229165,0.236748,-0.375728,-0.227964,0.210118,-0.412138,-0.195576,0.238727,-0.413117,-0.139772,0.260653,-0.408129,-0.192768
2026-08-05 17:51:17.393,128.699877,0.000000,0.000000,0.000000,0.337065,-0.382208,-0.227011,0.136928,-0.368289,-0.229498,0.236997,-0.375248,-0.228255,0.210278,-0.413179,-0.195746,0.238671,-0.416156,-0.139337,0.261536,-0.409218,-0.192957
2026-08-05 17:51:17.493,128.799877,0.000000,0.000000,0.000000,0.336330,-0.380086,-0.226422,0.136487,-0.366186,-0.228905,0.236409,-0.373136,-0.227664,0.209798,-0.410056,-0.195235,0.238310,-0.412016,-0.138771,0.261056,-0.406095,-0.192446
2026-08-05 17:51:17.593,128.899877,0.000000,0.000000,0.000000,0.336330,-0.380086,-0.226422,0.136487,-0.366186,-0.228905,0.236409,-0.373136,-0.227664,0.209798,-0.410056,-0.195235,0.238331,-0.411980,-0.138058,0.261056,-0.406095,-0.192446
2026-08-05 17:51:17.693,128.999877,0.000000,0.000000,0.000000,0.336905,-0.381167,-0.226841,0.136807,-0.368268,-0.229246,0.236856,-0.374717,-0.228044,0.210044,-0.413153,-0.195542,0.238651,-0.414062,-0.138398,0.261224,-0.409187,-0.192757
2026-08-05 17:51:17.793,129.099877,0.000000,0.000000,0.000000,0.337385,-0.384290,-0.227352,0.137326,-0.372410,-0.229676,0.237355,-0.378350,-0.228514,0.210597,-0.415261,-0.196087,0.238418,-0.417137,-0.138891,0.261856,-0.411300,-0.193298
2026-08-05 17:51:17.893,129.199877,0.000000,0.000000,0.000000,0.336745,-0.380126,-0.226671,0.136647,-0.367227,-0.229076,0.236696,-0.373676,-0.227873,0.209958,-0.411097,-0.195406,0.237800,-0.412938,-0.137496,0.261237,-0.407100,-0.191892
2026-08-05 17:51:17.993,129.299877,0.000000,0.000000,0.000000,0.336490,-0.381127,-0.226593,0.136686,-0.368246,-0.228994,0.236588,-0.374687,-0.227793,0.209958,-0.411097,-0.195406,0.237624,-0.414463,-0.137581,0.261237,-0.407100,-0.191892
2026-08-05 17:51:18.093,129.399877,0.000000,0.000000,0.000000,0.336330,-0.380086,-0.226422,0.136526,-0.367206,-0.228824,0.236428,-0.373646,-0.227623,0.209798,-0.410056,-0.195235,0.237543,-0.412878,-0.136670,0.261077,-0.406059,-0.191722
2026-08-05 17:51:18.193,129.499876,0.000000,0.000000,0.000000,0.337065,-0.382208,-0.227011,0.137006,-0.370328,-0.229335,0.237035,-0.376268,-0.228173,0.210204,-0.414194,-0.195712,0.237906,-0.417017,-0.137239,0.261557,-0.409182,-0.192233
2026-08-05 17:51:18.293,129.599876,0.000000,0.000000,0.000000,0.337065,-0.382208,-0.227011,0.137006,-0.370328,-0.229335,0.237035,-0.376268,-0.228173,0.210204,-0.414194,-0.195712,0.237906,-0.417017,-0.137239,0.261557,-0.409182,-0.192233
2026-08-05 17:51:18.393,129.699876,0.000000,0.000000,0.000000,0.336905,-0.381167,-0.226841,0.136846,-0.369287,-0.229165,0.236876,-0.375227,-0.228003,0.210044,-0.413153,-0.195542,0.237767,-0.415941,-0.136358,0.261397,-0.408141,-0.192062
2026-08-05 17:51:18.493,129.799876,0.000000,0.000000,0.000000,0.335946,-0.374921,-0.225819,0.135847,-0.362022,-0.228224,0.235896,-0.368472,-0.227022,0.209158,-0.405892,-0.194554,0.236689,-0.410712,-0.135394,0.260438,-0.401895,-0.191040
2026-08-05 17:51:18.593,129.899876,0.000000,0.000000,0.000000,0.336810,-0.383209,-0.226933,0.136967,-0.369308,-0.229416,0.236888,-0.376259,-0.228175,0.209490,-0.414146,-0.195694,0.237450,-0.414900,-0.136392,0.261557,-0.409182,-0.192233
2026-08-05 17:51:18.693,129.999876,0.000000,0.000000,0.000000,0.336810,-0.383209,-0.226933,0.136967,-0.369308,-0.229416,0.236888,-0.376259,-0.228175,0.209490,-0.414146,-0.195694,0.237217,-0.416934,-0.136510,0.261557,-0.409182,-0.192233
2026-08-05 17:51:18.793,130.099876,0.000000,0.000000,0.000000,0.336745,-0.380126,-0.226671,0.136647,-0.367227,-0.229076,0.236696,-0.373676,-0.227873,0.209242,-0.411049,-0.195387,0.236918,-0.414817,-0.135458,0.261960,-0.407148,-0.191911
2026-08-05 17:51:18.893,130.199876,0.000000,0.000000,0.000000,0.336585,-0.379085,-0.226500,0.136526,-0.367206,-0.228824,0.236556,-0.373145,-0.227662,0.209082,-0.410009,-0.195217,0.236758,-0.413776,-0.135287,0.261648,-0.407117,-0.191712
2026-08-05 17:51:18.993,130.299876,0.000000,0.000000,0.000000,0.336010,-0.378004,-0.226082,0.136206,-0.365124,-0.228483,0.236108,-0.371564,-0.227282,0.208690,-0.408942,-0.194842,0.236671,-0.409659,-0.134827,0.261481,-0.404025,-0.191400
2026-08-05 17:51:19.093,130.399876,0.000000,0.000000,0.000000,0.336745,-0.380126,-0.226671,0.136647,-0.367227,-0.229076,0.236696,-0.373676,-0.227873,0.209170,-0.412065,-0.195353,0.237055,-0.413763,-0.134685,0.261960,-0.407148,-0.191911
2026-08-05 17:51:19.193,130.499876,0.000000,0.000000,0.000000,0.336330,-0.380086,-0.226422,0.136526,-0.367206,-0.228824,0.236428,-0.373646,-0.227623,0.209082,-0.410009,-0.195217,0.237128,-0.410688,-0.134393,0.261801,-0.406107,-0.191741
2026-08-05 17:51:19.293,130.599875,0.000000,0.000000,0.000000,0.336810,-0.383209,-0.226933,0.136967,-0.369308,-0.229416,0.236888,-0.376259,-0.228175,0.209562,-0.413131,-0.195728,0.236895,-0.413763,-0.134885,0.262127,-0.410240,-0.192223
2026-08-05 17:51:19.393,130.699875,0.000000,0.000000,0.000000,0.337290,-0.386331,-0.227444,0.137447,-0.372431,-0.229928,0.237368,-0.379381,-0.228686,0.210063,-0.416218,-0.195522,0.237396,-0.416850,-0.134682,0.261885,-0.413315,-0.192715
2026-08-05 17:51:19.493,130.799875,0.000000,0.000000,0.000000,0.336810,-0.383209,-0.226933,0.136967,-0.369308,-0.229416,0.236888,-0.376259,-0.228175,0.209583,-0.413095,-0.195011,0.236916,-0.413727,-0.134171,0.262280,-0.409230,-0.192252
2026-08-05 17:51:19.593,130.899875,0.000000,0.000000,0.000000,0.337225,-0.383249,-0.227182,0.137127,-0.370349,-0.229587,0.237176,-0.376799,-0.228384,0.209743,-0.414136,-0.195181,0.237307,-0.412734,-0.134217,0.262440,-0.410271,-0.192422
2026-08-05 17:51:19.693,130.999875,0.000000,0.000000,0.000000,0.337065,-0.382208,-0.227011,0.136967,-0.369308,-0.229416,0.237016,-0.375758,-0.228214,0.209583,-0.413095,-0.195011,0.237052,-0.412674,-0.133393,0.262280,-0.409230,-0.192252
2026-08-05 17:51:19.793,131.099875,0.000000,0.000000,0.000000,0.337065,-0.382208,-0.227011,0.136967,-0.369308,-0.229416,0.237016,-0.375758,-0.228214,0.209583,-0.413095,-0.195011,0.236224,-0.413644,-0.133438,0.262280,-0.409230,-0.192252
2026-08-05 17:51:19.893,131.199875,0.000000,0.000000,0.000000,0.337065,-0.382208,-0.227011,0.137006,-0.370328,-0.229335,0.237035,-0.376268,-0.228173,0.209583,-0.413095,-0.195011,0.236224,-0.413644,-0.133438,0.262280,-0.409230,-0.192252
2026-08-05 17:51:19.993,131.299875,0.000000,0.000000,0.000000,0.336745,-0.380126,-0.226671,0.136686,-0.368246,-0.228994,0.236716,-0.374186,-0.227832,0.209264,-0.411013,-0.194670,0.236018,-0.410545,-0.133034,0.261960,-0.407148,-0.191911
2026-08-05 17:51:20.093,131.399875,0.000000,0.000000,0.000000,0.336266,-0.377003,-0.226160,0.136167,-0.364104,-0.228565,0.236216,-0.370553,-0.227362,0.208711,-0.408906,-0.194126,0.235674,-0.406368,-0.131742,0.261481,-0.404025,-0.191400
2026-08-05 17:51:20.193,131.499875,0.000000,0.000000,0.000000,0.336490,-0.381127,-0.226593,0.136647,-0.367227,-0.229076,0.236568,-0.374177,-0.227834,0.209191,-0.412028,-0.194637,0.235925,-0.411526,-0.132383,0.261960,-0.407148,-0.191911
2026-08-05 17:51:20.293,131.599874,0.000000,0.000000,0.000000,0.337065,-0.382208,-0.227011,0.136967,-0.369308,-0.229416,0.237016,-0.375758,-0.228214,0.208868,-0.413048,-0.194992,0.235532,-0.413560,-0.132705,0.262204,-0.409735,-0.192237
2026-08-05 17:51:20.393,131.699874,0.000000,0.000000,0.000000,0.336170,-0.379045,-0.226252,0.136327,-0.365145,-0.228735,0.236249,-0.372095,-0.227494,0.208228,-0.408884,-0.194311,0.235005,-0.408379,-0.131959,0.261488,-0.406076,-0.191542
2026-08-05 17:51:20.493,131.799874,0.000000,0.000000,0.000000,0.336425,-0.378044,-0.226330,0.136366,-0.366165,-0.228654,0.236396,-0.372104,-0.227492,0.208157,-0.409899,-0.194278,0.234892,-0.409397,-0.132023,0.261641,-0.405066,-0.191570
2026-08-05 17:51:20.593,131.899874,0.000000,0.000000,0.000000,0.336490,-0.381127,-0.226593,0.136686,-0.368246,-0.228994,0.236588,-0.374687,-0.227793,0.208548,-0.410966,-0.194652,0.235099,-0.412496,-0.132429,0.261960,-0.407148,-0.191911
2026-08-05 17:51:20.693,131.999874,0.000000,0.000000,0.000000,0.337065,-0.382208,-0.227011,0.137006,-0.370328,-0.229335,0.237035,-0.376268,-0.228173,0.208726,-0.415078,-0.194927,0.235440,-0.414542,-0.132056,0.262280,-0.409230,-0.192252
2026-08-05 17:51:20.793,132.099874,0.000000,0.000000,0.000000,0.337385,-0.384290,-0.227352,0.137326,-0.372410,-0.229676,0.237355,-0.378350,-0.228514,0.209046,-0.417160,-0.195267,0.235646,-0.417642,-0.132462,0.262600,-0.411311,-0.192592
2026-08-05 17:51:20.893,132.199874,0.000000,0.000000,0.000000,0.336745,-0.380126,-0.226671,0.136686,-0.368246,-0.228994,0.236716,-0.374186,-0.227832,0.208477,-0.411981,-0.194619,0.235007,-0.413478,-0.131781,0.261960,-0.407148,-0.191911
2026-08-05 17:51:20.993,132.299874,0.000000,0.000000,0.000000,0.336170,-0.379045,-0.226252,0.136327,-0.365145,-0.228735,0.236249,-0.372095,-0.227494,0.208157,-0.409899,-0.194278,0.234687,-0.411396,-0.131440,0.261488,-0.406076,-0.191542
2026-08-05 17:51:21.093,132.399874,0.000000,0.000000,0.000000,0.337065,-0.382208,-0.227011,0.137006,-0.370328,-0.229335,0.237035,-0.376268,-0.228173,0.208797,-0.414063,-0.194959,0.234728,-0.414495,-0.132037,0.262127,-0.410240,-0.192223
2026-08-05 17:51:21.193,132.499874,0.000000,0.000000,0.000000,0.337545,-0.385331,-0.227522,0.137486,-0.373451,-0.229846,0.237515,-0.379391,-0.228684,0.209277,-0.417186,-0.195471,0.235096,-0.418635,-0.132614,0.262607,-0.413363,-0.192734
2026-08-05 17:51:21.293,132.599874,0.000000,0.000000,0.000000,0.336490,-0.381127,-0.226593,0.136686,-0.368246,-0.228994,0.236588,-0.374687,-0.227793,0.208477,-0.411981,-0.194619,0.234317,-0.413395,-0.131050,0.261960,-0.407148,-0.191911
2026-08-05 17:51:21.393,132.699873,0.000000,0.000000,0.000000,0.336810,-0.383209,-0.226933,0.137006,-0.370328,-0.229335,0.236908,-0.376768,-0.228134,0.208868,-0.413048,-0.194992,0.234637,-0.415476,-0.131391,0.262127,-0.410240,-0.192223
2026-08-05 17:51:21.493,132.799873,0.000000,0.000000,0.000000,0.336970,-0.384250,-0.227104,0.137166,-0.371369,-0.229505,0.237068,-0.377809,-0.228304,0.208957,-0.415104,-0.195130,0.234572,-0.418553,-0.131695,0.262287,-0.411281,-0.192394
2026-08-05 17:51:21.593,132.899873,0.000000,0.000000,0.000000,0.336490,-0.381127,-0.226593,0.136686,-0.368246,-0.228994,0.236588,-0.374687,-0.227793,0.208477,-0.411981,-0.194619,0.234205,-0.414412,-0.131117,0.261808,-0.408158,-0.191883
2026-08-05 17:51:21.693,132.999873,0.000000,0.000000,0.000000,0.337065,-0.382208,-0.227011,0.137006,-0.370328,-0.229335,0.237035,-0.376268,-0.228173,0.208868,-0.413048,-0.194992,0.234637,-0.415476,-0.131391,0.262127,-0.410240,-0.192223
2026-08-05 17:51:21.793,133.099873,0.000000,0.000000,0.000000,0.336905,-0.381167,-0.226841,0.136807,-0.368268,-0.229246,0.236856,-0.374717,-0.228044,0.208637,-0.413022,-0.194789,0.234477,-0.414436,-0.131221,0.261967,-0.409199,-0.192053
2026-08-05 17:51:21.893,133.199873,0.000000,0.000000,0.000000,0.337225,-0.383249,-0.227182,0.137127,-0.370349,-0.229587,0.237176,-0.376799,-0.228384,0.208957,-0.415104,-0.195130,0.234685,-0.417535,-0.131628,0.262287,-0.411281,-0.192394
2026-08-05 17:51:21.993,133.299873,0.000000,0.000000,0.000000,0.336905,-0.381167,-0.226841,0.136807,-0.368268,-0.229246,0.236856,-0.374717,-0.228044,0.208566,-0.414037,-0.194756,0.234252,-0.416471,-0.131354,0.262044,-0.408694,-0.192067
2026-08-05 17:51:22.093,133.399873,0.000000,0.000000,0.000000,0.336585,-0.379085,-0.226500,0.136526,-0.367206,-0.228824,0.236556,-0.373145,-0.227662,0.208317,-0.410940,-0.194448,0.233933,-0.414389,-0.131014,0.261648,-0.407117,-0.191712
2026-08-05 17:51:22.193,133.499873,0.000000,0.000000,0.000000,0.336810,-0.383209,-0.226933,0.137006,-0.370328,-0.229335,0.236908,-0.376768,-0.228134,0.208868,-0.413048,-0.194992,0.234412,-0.417512,-0.131525,0.262127,-0.410240,-0.192223
2026-08-05 17:51:22.293,133.599873,0.000000,0.000000,0.000000,0.336585,-0.379085,-0.226500,0.136526,-0.367206,-0.228824,0.236556,-0.373145,-0.227662,0.208388,-0.409925,-0.194481,0.234045,-0.413371,-0.130947,0.261495,-0.408127,-0.191684
2026-08-05 17:51:22.393,133.699872,0.000000,0.000000,0.000000,0.337225,-0.383249,-0.227182,0.137166,-0.371369,-0.229505,0.237195,-0.377309,-0.228343,0.209028,-0.414089,-0.195163,0.233975,-0.417488,-0.131610,0.262287,-0.411281,-0.192394
2026-08-05 17:51:22.493,133.799872,0.000000,0.000000,0.000000,0.336905,-0.381167,-0.226841,0.136846,-0.369287,-0.229165,0.236876,-0.375227,-0.228003,0.208708,-0.412007,-0.194822,0.233655,-0.415406,-0.131269,0.261967,-0.409199,-0.192053
2026-08-05 17:51:22.593,133.899872,0.000000,0.000000,0.000000,0.337225,-0.383249,-0.227182,0.137166,-0.371369,-0.229505,0.237195,-0.377309,-0.228343,0.208886,-0.416119,-0.195097,0.233975,-0.417488,-0.131610,0.262287,-0.411281,-0.192394
2026-08-05 17:51:22.693,133.999872,0.000000,0.000000,0.000000,0.337385,-0.384290,-0.227352,0.137287,-0.371390,-0.229757,0.237336,-0.377840,-0.228555,0.209117,-0.416145,-0.195300,0.234024,-0.419547,-0.131847,0.262469,-0.412285,-0.191840
2026-08-05 17:51:22.793,134.099872,0.000000,0.000000,0.000000,0.336650,-0.382168,-0.226763,0.136846,-0.369287,-0.229165,0.236748,-0.375728,-0.227964,0.208637,-0.413022,-0.194789,0.233454,-0.417406,-0.130694,0.261815,-0.410209,-0.192025
2026-08-05 17:51:22.893,134.199872,0.000000,0.000000,0.000000,0.337225,-0.383249,-0.227182,0.137166,-0.371369,-0.229505,0.237195,-0.377309,-0.228343,0.208243,-0.415056,-0.195111,0.233885,-0.418470,-0.130967,0.262309,-0.411244,-0.191670
2026-08-05 17:51:22.993,134.299872,0.000000,0.000000,0.000000,0.336585,-0.379085,-0.226500,0.136487,-0.366186,-0.228905,0.236536,-0.372635,-0.227703,0.207603,-0.410893,-0.194430,0.233356,-0.413288,-0.130217,0.261648,-0.407117,-0.191712
2026-08-05 17:51:23.093,134.399872,0.000000,0.000000,0.000000,0.336425,-0.378044,-0.226330,0.136327,-0.365145,-0.228735,0.236376,-0.371594,-0.227533,0.207443,-0.409852,-0.194259,0.233085,-0.413265,-0.130115,0.261488,-0.406076,-0.191542
2026-08-05 17:51:23.193,134.499872,0.000000,0.000000,0.000000,0.336810,-0.383209,-0.226933,0.137006,-0.370328,-0.229335,0.236908,-0.376768,-0.228134,0.208013,-0.415031,-0.194908,0.233614,-0.418447,-0.130864,0.262149,-0.410203,-0.191500
2026-08-05 17:51:23.293,134.599872,0.000000,0.000000,0.000000,0.336970,-0.384250,-0.227104,0.137166,-0.371369,-0.229505,0.237068,-0.377809,-0.228304,0.208313,-0.414041,-0.195144,0.233774,-0.419488,-0.131035,0.262309,-0.411244,-0.191670
2026-08-05 17:51:23.393,134.699872,0.000000,0.000000,0.000000,0.336745,-0.380126,-0.226671,0.136686,-0.368246,-0.228994,0.236716,-0.374186,-0.227832,0.207833,-0.410918,-0.194633,0.233405,-0.415347,-0.130456,0.261829,-0.408121,-0.191159
2026-08-05 17:51:23.493,134.799871,0.000000,0.000000,0.000000,0.337065,-0.382208,-0.227011,0.137006,-0.370328,-0.229335,0.237035,-0.376268,-0.228173,0.208083,-0.414015,-0.194941,0.233725,-0.417429,-0.130796,0.261974,-0.411250,-0.192195
2026-08-05 17:51:23.593,134.899871,0.000000,0.000000,0.000000,0.337385,-0.384290,-0.227352,0.137287,-0.371390,-0.229757,0.237336,-0.377840,-0.228555,0.208403,-0.416097,-0.195282,0.234045,-0.419511,-0.131137,0.262447,-0.412322,-0.192564
2026-08-05 17:51:23.693,134.999871,0.000000,0.000000,0.000000,0.336585,-0.379085,-0.226500,0.136487,-0.366186,-0.228905,0.236536,-0.372635,-0.227703,0.207603,-0.410893,-0.194430,0.233245,-0.414306,-0.130285,0.261669,-0.407080,-0.190989
2026-08-05 17:51:23.793,135.099871,0.000000,0.000000,0.000000,0.336106,-0.375962,-0.225989,0.136046,-0.364083,-0.228313,0.236076,-0.370022,-0.227151,0.207123,-0.407770,-0.193919,0.232765,-0.411183,-0.129774,0.261168,-0.403994,-0.191201
2026-08-05 17:51:23.893,135.199871,0.000000,0.000000,0.000000,0.336905,-0.381167,-0.226841,0.136846,-0.369287,-0.229165,0.236876,-0.375227,-0.228003,0.207853,-0.413990,-0.194738,0.233565,-0.416388,-0.130626,0.261967,-0.409199,-0.192053
2026-08-05 17:51:23.993,135.299871,0.000000,0.000000,0.000000,0.336650,-0.382168,-0.226763,0.136846,-0.369287,-0.229165,0.236748,-0.375728,-0.227964,0.207923,-0.412974,-0.194771,0.233565,-0.416388,-0.130626,0.261815,-0.410209,-0.192025
2026-08-05 17:51:24.093,135.399871,0.000000,0.000000,0.000000,0.336330,-0.380086,-0.226422,0.136487,-0.366186,-0.228905,0.236409,-0.373136,-0.227664,0.207603,-0.410893,-0.194430,0.233245,-0.414306,-0.130285,0.262237,-0.408138,-0.190980
2026-08-05 17:51:24.193,135.499871,0.000000,0.000000,0.000000,0.336585,-0.379085,-0.226500,0.136487,-0.366186,-0.228905,0.236536,-0.372635,-0.227703,0.207533,-0.411908,-0.194397,0.233245,-0.414306,-0.130285,0.262237,-0.408138,-0.190980
2026-08-05 17:51:24.293,135.599871,0.000000,0.000000,0.000000,0.337610,-0.388413,-0.227785,0.137805,-0.375533,-0.230187,0.237707,-0.381973,-0.228986,0.208883,-0.419220,-0.195793,0.234413,-0.423652,-0.131716,0.263495,-0.416502,-0.193065
2026-08-05 17:51:24.393,135.699871,0.000000,0.000000,0.000000,0.336490,-0.381127,-0.226593,0.136647,-0.367227,-0.229076,0.236568,-0.374177,-0.227834,0.207833,-0.410918,-0.194633,0.233315,-0.416329,-0.129815,0.262375,-0.409216,-0.191873
2026-08-05 17:51:24.493,135.799870,0.000000,0.000000,0.000000,0.336330,-0.380086,-0.226422,0.136487,-0.366186,-0.228905,0.236409,-0.373136,-0.227664,0.207603,-0.410893,-0.194430,0.232667,-0.413205,-0.129488,0.262237,-0.408138,-0.190980
2026-08-05 17:51:24.593,135.899870,0.000000,0.000000,0.000000,0.336425,-0.378044,-0.226330,0.136366,-0.366165,-0.228654,0.236396,-0.372104,-0.227492,0.207443,-0.409852,-0.194259,0.232287,-0.414200,-0.129456,0.262077,-0.407098,-0.190810
2026-08-05 17:51:24.693,135.999870,0.000000,0.000000,0.000000,0.336330,-0.380086,-0.226422,0.136526,-0.367206,-0.228824,0.236428,-0.373646,-0.227623,0.207533,-0.411908,-0.194397,0.232557,-0.414223,-0.129557,0.262237,-0.408138,-0.190980
2026-08-05 17:51:24.793,136.099870,0.000000,0.000000,0.000000,0.336330,-0.380086,-0.226422,0.136487,-0.366186,-0.228905,0.236409,-0.373136,-0.227664,0.206889,-0.410845,-0.194411,0.232557,-0.414223,-0.129557,0.262083,-0.409149,-0.190953
2026-08-05 17:51:24.893,136.199870,0.000000,0.000000,0.000000,0.337225,-0.383249,-0.227182,0.137127,-0.370349,-0.229587,0.237176,-0.376799,-0.228384,0.207460,-0.416024,-0.195060,0.233108,-0.419369,-0.129598,0.262877,-0.412302,-0.191662
2026-08-05 17:51:24.993,136.299870,0.000000,0.000000,0.000000,0.337865,-0.387412,-0.227863,0.137805,-0.375533,-0.230187,0.237835,-0.381473,-0.229025,0.208168,-0.419173,-0.195774,0.233968,-0.421497,-0.130139,0.263516,-0.416466,-0.192343
2026-08-05 17:51:25.093,136.399870,0.000000,0.000000,0.000000,0.336810,-0.383209,-0.226933,0.136967,-0.369308,-0.229416,0.236888,-0.376259,-0.228175,0.207369,-0.413968,-0.194922,0.232458,-0.416245,-0.129269,0.262717,-0.411261,-0.191491
2026-08-05 17:51:25.193,136.499870,0.000000,0.000000,0.000000,0.337225,-0.383249,-0.227182,0.137166,-0.371369,-0.229505,0.237195,-0.377309,-0.228343,0.207460,-0.416024,-0.195060,0.232530,-0.418268,-0.128800,0.262877,-0.412302,-0.191662
2026-08-05 17:51:25.293,136.599870,0.000000,0.000000,0.000000,0.337385,-0.384290,-0.227352,0.137326,-0.372410,-0.229676,0.237355,-0.378350,-0.228514,0.207620,-0.417065,-0.195230,0.232799,-0.418291,-0.128899,0.263036,-0.413343,-0.191832
2026-08-05 17:51:25.393,136.699870,0.000000,0.000000,0.000000,0.337769,-0.389454,-0.227955,0.137965,-0.376574,-0.230357,0.237867,-0.383014,-0.229156,0.208259,-0.421229,-0.195911,0.233330,-0.423473,-0.129651,0.263676,-0.417507,-0.192513
2026-08-05 17:51:25.493,136.799870,0.000000,0.000000,0.000000,0.337225,-0.383249,-0.227182,0.137166,-0.371369,-0.229505,0.237195,-0.377309,-0.228343,0.207460,-0.416024,-0.195060,0.232442,-0.419251,-0.128162,0.263597,-0.412350,-0.191681
2026-08-05 17:51:25.593,136.899869,0.000000,0.000000,0.000000,0.336425,-0.378044,-0.226330,0.136366,-0.366165,-0.228654,0.236396,-0.372104,-0.227492,0.206591,-0.411835,-0.194175,0.230935,-0.413999,-0.127292,0.262077,-0.407098,-0.190810
2026-08-05 17:51:25.693,136.999869,0.000000,0.000000,0.000000,0.336490,-0.381127,-0.226593,0.136686,-0.368246,-0.228994,0.236588,-0.374687,-0.227793,0.206980,-0.412901,-0.194549,0.231491,-0.414008,-0.126777,0.262962,-0.410237,-0.191142
2026-08-05 17:51:25.793,137.099869,0.000000,0.000000,0.000000,0.336905,-0.381167,-0.226841,0.136846,-0.369287,-0.229165,0.236876,-0.375227,-0.228003,0.207140,-0.413942,-0.194719,0.231436,-0.417086,-0.127094,0.263277,-0.410268,-0.191340
2026-08-05 17:51:25.893,137.199869,0.000000,0.000000,0.000000,0.337065,-0.382208,-0.227011,0.137006,-0.370328,-0.229335,0.237035,-0.376268,-0.228173,0.207300,-0.414983,-0.194889,0.231757,-0.416599,-0.127154,0.263437,-0.411309,-0.191510
2026-08-05 17:51:25.993,137.299869,0.000000,0.000000,0.000000,0.336905,-0.381167,-0.226841,0.136846,-0.369287,-0.229165,0.236876,-0.375227,-0.228003,0.207140,-0.413942,-0.194719,0.230856,-0.415985,-0.126292,0.263200,-0.410773,-0.191326
2026-08-05 17:51:26.093,137.399869,0.000000,0.000000,0.000000,0.336585,-0.379085,-0.226500,0.136526,-0.367206,-0.228824,0.236556,-0.373145,-0.227662,0.206820,-0.411860,-0.194378,0.230429,-0.414921,-0.126026,0.262958,-0.408186,-0.190999
2026-08-05 17:51:26.193,137.499869,0.000000,0.000000,0.000000,0.337385,-0.384290,-0.227352,0.137287,-0.371390,-0.229757,0.237336,-0.377840,-0.228555,0.206839,-0.418033,-0.195179,0.231442,-0.418089,-0.126728,0.263602,-0.414401,-0.191824
2026-08-05 17:51:26.293,137.599869,0.000000,0.000000,0.000000,0.336905,-0.381167,-0.226841,0.136807,-0.368268,-0.229246,0.236856,-0.374717,-0.228044,0.206359,-0.414910,-0.194668,0.230963,-0.414966,-0.126217,0.263277,-0.410268,-0.191340
2026-08-05 17:51:26.393,137.699869,0.000000,0.000000,0.000000,0.337065,-0.382208,-0.227011,0.137006,-0.370328,-0.229335,0.237035,-0.376268,-0.228173,0.206553,-0.415444,-0.194854,0.231123,-0.416007,-0.126388,0.263282,-0.412319,-0.191483
2026-08-05 17:51:26.493,137.799869,0.000000,0.000000,0.000000,0.336490,-0.381127,-0.226593,0.136686,-0.368246,-0.228994,0.236588,-0.374687,-0.227793,0.206267,-0.412854,-0.194530,0.230696,-0.414944,-0.126122,0.262962,-0.410237,-0.191142
2026-08-05 17:51:26.593,137.899868,0.000000,0.000000,0.000000,0.337225,-0.383249,-0.227182,0.137166,-0.371369,-0.229505,0.237195,-0.377309,-0.228343,0.206679,-0.416992,-0.195008,0.230805,-0.414927,-0.125676,0.263442,-0.413360,-0.191653
2026-08-05 17:51:26.693,137.999868,0.000000,0.000000,0.000000,0.336266,-0.377003,-0.226160,0.136206,-0.365124,-0.228483,0.236236,-0.371063,-0.227321,0.205787,-0.409731,-0.194019,0.229613,-0.410755,-0.125517,0.262482,-0.407115,-0.190631
2026-08-05 17:51:26.793,138.099868,0.000000,0.000000,0.000000,0.336970,-0.384250,-0.227104,0.137166,-0.371369,-0.229505,0.237068,-0.377809,-0.228304,0.206679,-0.416992,-0.195008,0.230594,-0.416965,-0.125828,0.263442,-0.413360,-0.191653
2026-08-05 17:51:26.893,138.199868,0.000000,0.000000,0.000000,0.336810,-0.383209,-0.226933,0.136967,-0.369308,-0.229416,0.236888,-0.376259,-0.228175,0.206451,-0.416967,-0.194805,0.230540,-0.414905,-0.125582,0.263282,-0.412319,-0.191483
2026-08-05 17:51:26.993,138.299868,0.000000,0.000000,0.000000,0.337065,-0.382208,-0.227011,0.136967,-0.369308,-0.229416,0.237016,-0.375758,-0.228214,0.206519,-0.415951,-0.194838,0.230434,-0.415924,-0.125658,0.263282,-0.412319,-0.191483
2026-08-05 17:51:27.093,138.399868,0.000000,0.000000,0.000000,0.336970,-0.384250,-0.227104,0.137166,-0.371369,-0.229505,0.237068,-0.377809,-0.228304,0.206679,-0.416992,-0.195008,0.230573,-0.417001,-0.126539,0.263442,-0.413360,-0.191653
2026-08-05 17:51:27.193,138.499868,0.000000,0.000000,0.000000,0.337225,-0.383249,-0.227182,0.137166,-0.371369,-0.229505,0.237195,-0.377309,-0.228343,0.206611,-0.418008,-0.194975,0.230679,-0.415982,-0.126465,0.263442,-0.413360,-0.191653
2026-08-05 17:51:27.293,138.599868,0.000000,0.000000,0.000000,0.337065,-0.382208,-0.227011,0.137006,-0.370328,-0.229335,0.237035,-0.376268,-0.228173,0.206519,-0.415951,-0.194838,0.230519,-0.414941,-0.126294,0.263282,-0.412319,-0.191483
2026-08-05 17:51:27.393,138.699868,0.000000,0.000000,0.000000,0.336905,-0.381167,-0.226841,0.136846,-0.369287,-0.229165,0.236876,-0.375227,-0.228003,0.206291,-0.415926,-0.194635,0.230338,-0.413936,-0.126836,0.263122,-0.411278,-0.191313
2026-08-05 17:51:27.493,138.799868,0.000000,0.000000,0.000000,0.336890,-0.383729,-0.227019,0.137086,-0.370849,-0.229420,0.236988,-0.377289,-0.228219,0.206531,-0.417487,-0.194890,0.230261,-0.418553,-0.127313,0.263207,-0.413850,-0.191541
2026-08-05 17:51:27.593,138.899868,0.000000,0.000000,0.000000,0.336905,-0.381167,-0.226841,0.136846,-0.369287,-0.229165,0.236876,-0.375227,-0.228003,0.206359,-0.414910,-0.194668,0.229313,-0.416945,-0.127039,0.263122,-0.411278,-0.191313
2026-08-05 17:51:27.693,138.999867,0.000000,0.000000,0.000000,0.337865,-0.387412,-0.227863,0.137767,-0.374513,-0.230268,0.237816,-0.380963,-0.229066,0.207319,-0.421156,-0.195690,0.230273,-0.423191,-0.128061,0.263927,-0.418534,-0.192307
2026-08-05 17:51:27.793,139.099867,0.000000,0.000000,0.000000,0.337130,-0.385290,-0.227274,0.137287,-0.371390,-0.229757,0.237208,-0.378340,-0.228516,0.206703,-0.420064,-0.195113,0.230585,-0.419132,-0.128205,0.263602,-0.414401,-0.191824
2026-08-05 17:51:27.893,139.199867,0.000000,0.000000,0.000000,0.337065,-0.382208,-0.227011,0.137006,-0.370328,-0.229335,0.237035,-0.376268,-0.228173,0.206451,-0.416967,-0.194805,0.230265,-0.417050,-0.127864,0.263127,-0.413329,-0.191456
2026-08-05 17:51:27.993,139.299867,0.000000,0.000000,0.000000,0.336905,-0.381167,-0.226841,0.136807,-0.368268,-0.229246,0.236856,-0.374717,-0.228044,0.206223,-0.416941,-0.194602,0.229979,-0.417064,-0.128475,0.262967,-0.412288,-0.191285
2026-08-05 17:51:28.093,139.399867,0.000000,0.000000,0.000000,0.335850,-0.376963,-0.225911,0.136007,-0.363063,-0.228394,0.235929,-0.370013,-0.227153,0.205423,-0.411737,-0.193750,0.229390,-0.409822,-0.127480,0.262167,-0.407084,-0.190434
2026-08-05 17:51:28.193,139.499867,0.000000,0.000000,0.000000,0.336745,-0.380126,-0.226671,0.136686,-0.368246,-0.228994,0.236716,-0.374186,-0.227832,0.206131,-0.414885,-0.194464,0.229798,-0.416058,-0.129014,0.262807,-0.411247,-0.191115
2026-08-05 17:51:28.293,139.599867,0.000000,0.000000,0.000000,0.337545,-0.385331,-0.227522,0.137486,-0.373451,-0.229846,0.237515,-0.379391,-0.228684,0.206931,-0.420090,-0.195316,0.231285,-0.421346,-0.130593,0.263607,-0.416452,-0.191967
2026-08-05 17:51:28.393,139.699867,0.000000,0.000000,0.000000,0.337065,-0.382208,-0.227011,0.136967,-0.369308,-0.229416,0.237016,-0.375758,-0.228214,0.206430,-0.417003,-0.195517,0.230805,-0.418223,-0.130082,0.263106,-0.413366,-0.192176
2026-08-05 17:51:28.493,139.799867,0.000000,0.000000,0.000000,0.337130,-0.385290,-0.227274,0.137287,-0.371390,-0.229757,0.237208,-0.378340,-0.228516,0.206750,-0.419085,-0.195858,0.231210,-0.419323,-0.131063,0.262861,-0.414390,-0.192526
2026-08-05 17:51:28.593,139.899867,0.000000,0.000000,0.000000,0.337225,-0.383249,-0.227182,0.137166,-0.371369,-0.229505,0.237195,-0.377309,-0.228343,0.206590,-0.418044,-0.195688,0.231630,-0.419383,-0.131688,0.262701,-0.413349,-0.192356
2026-08-05 17:51:28.693,139.999866,0.000000,0.000000,0.000000,0.336810,-0.383209,-0.226933,0.136967,-0.369308,-0.229416,0.236888,-0.376259,-0.228175,0.206498,-0.415987,-0.195551,0.231470,-0.418342,-0.131518,0.262387,-0.413318,-0.192157
2026-08-05 17:51:28.793,140.099866,0.000000,0.000000,0.000000,0.336330,-0.380086,-0.226422,0.136526,-0.367206,-0.228824,0.236428,-0.373646,-0.227623,0.205882,-0.414895,-0.194972,0.231698,-0.415266,-0.131025,0.261907,-0.410195,-0.191646
2026-08-05 17:51:28.893,140.199866,0.000000,0.000000,0.000000,0.336905,-0.381167,-0.226841,0.136846,-0.369287,-0.229165,0.236876,-0.375227,-0.228003,0.206270,-0.415962,-0.195347,0.231997,-0.417384,-0.132075,0.262227,-0.412277,-0.191987
2026-08-05 17:51:28.993,140.299866,0.000000,0.000000,0.000000,0.337065,-0.382208,-0.227011,0.137006,-0.370328,-0.229335,0.237035,-0.376268,-0.228173,0.206430,-0.417003,-0.195517,0.232734,-0.419525,-0.133037,0.262387,-0.413318,-0.192157
2026-08-05 17:51:29.093,140.399866,0.000000,0.000000,0.000000,0.336810,-0.383209,-0.226933,0.136967,-0.369308,-0.229416,0.236888,-0.376259,-0.228175,0.206430,-0.417003,-0.195517,0.232844,-0.418507,-0.132972,0.262387,-0.413318,-0.192157
2026-08-05 17:51:29.193,140.499866,0.000000,0.000000,0.000000,0.336330,-0.380086,-0.226422,0.136487,-0.366186,-0.228905,0.236409,-0.373136,-0.227664,0.205950,-0.413880,-0.195006,0.232453,-0.414403,-0.133107,0.261907,-0.410195,-0.191646
2026-08-05 17:51:29.293,140.599866,0.000000,0.000000,0.000000,0.336490,-0.381127,-0.226593,0.136686,-0.368246,-0.228994,0.236588,-0.374687,-0.227793,0.206178,-0.413906,-0.195211,0.233210,-0.416508,-0.133359,0.262067,-0.411236,-0.191816
2026-08-05 17:51:29.393,140.699866,0.000000,0.000000,0.000000,0.337225,-0.383249,-0.227182,0.137127,-0.370349,-0.229587,0.237176,-0.376799,-0.228384,0.206590,-0.418044,-0.195688,0.233801,-0.418614,-0.133807,0.262393,-0.415369,-0.192299
2026-08-05 17:51:29.493,140.799866,0.000000,0.000000,0.000000,0.336425,-0.378044,-0.226330,0.136366,-0.366165,-0.228654,0.236396,-0.372104,-0.227492,0.205858,-0.411824,-0.194870,0.233689,-0.413492,-0.133683,0.261029,-0.409106,-0.191457
2026-08-05 17:51:29.593,140.899866,0.000000,0.000000,0.000000,0.337290,-0.386331,-0.227444,0.137486,-0.373451,-0.229846,0.237388,-0.379891,-0.228645,0.206978,-0.419110,-0.196062,0.234697,-0.421796,-0.134938,0.261995,-0.417403,-0.192621
2026-08-05 17:51:29.693,140.999866,0.000000,0.000000,0.000000,0.337290,-0.386331,-0.227444,0.137486,-0.373451,-0.229846,0.237388,-0.379891,-0.228645,0.207690,-0.419158,-0.196081,0.234788,-0.420814,-0.135586,0.261995,-0.417403,-0.192621
2026-08-05 17:51:29.793,141.099865,0.000000,0.000000,0.000000,0.336810,-0.383209,-0.226933,0.137006,-0.370328,-0.229335,0.236908,-0.376768,-0.228134,0.207210,-0.416035,-0.195570,0.235243,-0.415704,-0.134971,0.261516,-0.414280,-0.192110
2026-08-05 17:51:29.893,141.199865,0.000000,0.000000,0.000000,0.337130,-0.385290,-0.227274,0.137326,-0.372410,-0.229676,0.237228,-0.378850,-0.228475,0.207530,-0.418117,-0.195911,0.235563,-0.417785,-0.135311,0.261988,-0.415352,-0.192479
2026-08-05 17:51:29.993,141.299865,0.000000,0.000000,0.000000,0.336810,-0.383209,-0.226933,0.137006,-0.370328,-0.229335,0.236908,-0.376768,-0.228134,0.207300,-0.414983,-0.194889,0.236047,-0.414769,-0.135641,0.261516,-0.414280,-0.192110
2026-08-05 17:51:30.093,141.399865,0.000000,0.000000,0.000000,0.337065,-0.382208,-0.227011,0.137006,-0.370328,-0.229335,0.237035,-0.376268,-0.228173,0.207210,-0.416035,-0.195570,0.235933,-0.415787,-0.135701,0.261669,-0.413270,-0.192138
2026-08-05 17:51:30.193,141.499865,0.000000,0.000000,0.000000,0.336585,-0.379085,-0.226500,0.136487,-0.366186,-0.228905,0.236536,-0.372635,-0.227703,0.206799,-0.411897,-0.195093,0.235432,-0.412700,-0.135903,0.261189,-0.410147,-0.191627
2026-08-05 17:51:30.293,141.599865,0.000000,0.000000,0.000000,0.336106,-0.375962,-0.225989,0.136046,-0.364083,-0.228313,0.236076,-0.370022,-0.227151,0.206340,-0.408738,-0.193867,0.235547,-0.410642,-0.135469,0.260709,-0.407025,-0.191116
2026-08-05 17:51:30.393,141.699865,0.000000,0.000000,0.000000,0.337065,-0.382208,-0.227011,0.137006,-0.370328,-0.229335,0.237035,-0.376268,-0.228173,0.207279,-0.415019,-0.195604,0.236486,-0.416923,-0.137202,0.261592,-0.413775,-0.192124
2026-08-05 17:51:30.493,141.799865,0.000000,0.000000,0.000000,0.336585,-0.379085,-0.226500,0.136526,-0.367206,-0.228824,0.236556,-0.373145,-0.227662,0.207512,-0.411944,-0.195111,0.236716,-0.413847,-0.136710,0.260546,-0.409594,-0.191623
2026-08-05 17:51:30.593,141.899865,0.000000,0.000000,0.000000,0.337225,-0.383249,-0.227182,0.137127,-0.370349,-0.229587,0.237176,-0.376799,-0.228384,0.208173,-0.416072,-0.195078,0.237451,-0.417030,-0.138045,0.261110,-0.414263,-0.192290
2026-08-05 17:51:30.693,141.999865,0.000000,0.000000,0.000000,0.337225,-0.383249,-0.227182,0.137166,-0.371369,-0.229505,0.237195,-0.377309,-0.228343,0.208222,-0.415092,-0.195827,0.237547,-0.416049,-0.138702,0.261262,-0.413253,-0.192318
2026-08-05 17:51:30.793,142.099864,0.000000,0.000000,0.000000,0.336490,-0.381127,-0.226593,0.136647,-0.367227,-0.229076,0.236568,-0.374177,-0.227834,0.207672,-0.412985,-0.195282,0.237661,-0.413991,-0.138265,0.260782,-0.410130,-0.191807
2026-08-05 17:51:30.893,142.199864,0.000000,0.000000,0.000000,0.336810,-0.383209,-0.226933,0.137006,-0.370328,-0.229335,0.236908,-0.376768,-0.228134,0.208027,-0.414559,-0.195639,0.238078,-0.415092,-0.139264,0.261102,-0.412212,-0.192148
2026-08-05 17:51:30.993,142.299864,0.000000,0.000000,0.000000,0.337225,-0.383249,-0.227182,0.137166,-0.371369,-0.229505,0.237195,-0.377309,-0.228343,0.208152,-0.416108,-0.195793,0.238831,-0.417197,-0.139507,0.261262,-0.413253,-0.192318
2026-08-05 17:51:31.093,142.399864,0.000000,0.000000,0.000000,0.336330,-0.380086,-0.226422,0.136526,-0.367206,-0.228824,0.236428,-0.373646,-0.227623,0.207512,-0.411944,-0.195111,0.238289,-0.412052,-0.139484,0.260622,-0.409089,-0.191637
2026-08-05 17:51:31.193,142.499864,0.000000,0.000000,0.000000,0.336650,-0.382168,-0.226763,0.136846,-0.369287,-0.229165,0.236748,-0.375728,-0.227964,0.207902,-0.413011,-0.195486,0.238706,-0.413153,-0.140486,0.260921,-0.411208,-0.192699
2026-08-05 17:51:31.293,142.599864,0.000000,0.000000,0.000000,0.336745,-0.380126,-0.226671,0.136686,-0.368246,-0.228994,0.236716,-0.374186,-0.227832,0.207742,-0.411970,-0.195316,0.239140,-0.413176,-0.140387,0.260609,-0.411177,-0.192499
2026-08-05 17:51:31.393,142.699864,0.000000,0.000000,0.000000,0.336745,-0.380126,-0.226671,0.136686,-0.368246,-0.228994,0.236716,-0.374186,-0.227832,0.207602,-0.414000,-0.195248,0.239238,-0.412196,-0.141049,0.260912,-0.409157,-0.192558
2026-08-05 17:51:31.493,142.799864,0.000000,0.000000,0.000000,0.336490,-0.381127,-0.226593,0.136686,-0.368246,-0.228994,0.236588,-0.374687,-0.227793,0.207672,-0.412985,-0.195282,0.240051,-0.411263,-0.141732,0.260912,-0.409157,-0.192558
2026-08-05 17:51:31.593,142.899864,0.000000,0.000000,0.000000,0.337065,-0.382208,-0.227011,0.136967,-0.369308,-0.229416,0.237016,-0.375758,-0.228214,0.207992,-0.415067,-0.195622,0.240250,-0.414361,-0.142123,0.261081,-0.412249,-0.192869
2026-08-05 17:51:31.693,142.999864,0.000000,0.000000,0.000000,0.336905,-0.381167,-0.226841,0.136846,-0.369287,-0.229165,0.236876,-0.375227,-0.228003,0.208545,-0.414073,-0.195471,0.240925,-0.412352,-0.141921,0.260921,-0.411208,-0.192699
2026-08-05 17:51:31.793,143.099864,0.000000,0.000000,0.000000,0.336585,-0.379085,-0.226500,0.136526,-0.367206,-0.228824,0.236556,-0.373145,-0.227662,0.208204,-0.412027,-0.195844,0.240462,-0.411322,-0.142345,0.260601,-0.409126,-0.192358
2026-08-05 17:51:31.893,143.199863,0.000000,0.000000,0.000000,0.336490,-0.381127,-0.226593,0.136686,-0.368246,-0.228994,0.236588,-0.374687,-0.227793,0.208364,-0.413068,-0.196015,0.241314,-0.412446,-0.143248,0.260912,-0.409157,-0.192558
2026-08-05 17:51:31.993,143.299863,0.000000,0.000000,0.000000,0.336266,-0.377003,-0.226160,0.136206,-0.365124,-0.228483,0.236236,-0.371063,-0.227321,0.207884,-0.409946,-0.195504,0.240834,-0.409324,-0.142737,0.260281,-0.407044,-0.192017
2026-08-05 17:51:32.093,143.399863,0.000000,0.000000,0.000000,0.337065,-0.382208,-0.227011,0.137006,-0.370328,-0.229335,0.237035,-0.376268,-0.228173,0.208684,-0.415150,-0.196355,0.241613,-0.414564,-0.144303,0.261081,-0.412249,-0.192869
2026-08-05 17:51:32.193,143.499863,0.000000,0.000000,0.000000,0.336970,-0.384250,-0.227104,0.137166,-0.371369,-0.229505,0.237068,-0.377809,-0.228304,0.208844,-0.416191,-0.196526,0.241896,-0.414589,-0.144427,0.261392,-0.412279,-0.193069
2026-08-05 17:51:32.293,143.599863,0.000000,0.000000,0.000000,0.336490,-0.381127,-0.226593,0.136647,-0.367227,-0.229076,0.236568,-0.374177,-0.227834,0.208364,-0.413068,-0.196015,0.241293,-0.412483,-0.143963,0.260761,-0.410167,-0.192528
2026-08-05 17:51:32.393,143.699863,0.000000,0.000000,0.000000,0.336810,-0.383209,-0.226933,0.136967,-0.369308,-0.229416,0.236888,-0.376259,-0.228175,0.208613,-0.416165,-0.196320,0.242305,-0.414648,-0.145036,0.261081,-0.412249,-0.192869
2026-08-05 17:51:32.493,143.799863,0.000000,0.000000,0.000000,0.336170,-0.379045,-0.226252,0.136288,-0.364125,-0.228817,0.236229,-0.371585,-0.227534,0.208044,-0.410986,-0.195674,0.240952,-0.410437,-0.144336,0.260593,-0.407075,-0.192217
2026-08-05 17:51:32.593,143.899863,0.000000,0.000000,0.000000,0.336810,-0.383209,-0.226933,0.136967,-0.369308,-0.229416,0.236888,-0.376259,-0.228175,0.208541,-0.417180,-0.196285,0.242429,-0.413632,-0.144991,0.261081,-0.412249,-0.192869
2026-08-05 17:51:32.693,143.999863,0.000000,0.000000,0.000000,0.337065,-0.382208,-0.227011,0.137006,-0.370328,-0.229335,0.237035,-0.376268,-0.228173,0.208613,-0.416165,-0.196320,0.241592,-0.414601,-0.145018,0.261081,-0.412249,-0.192869
2026-08-05 17:51:32.793,144.099863,0.000000,0.000000,0.000000,0.337065,-0.382208,-0.227011,0.137006,-0.370328,-0.229335,0.237035,-0.376268,-0.228173,0.208684,-0.415150,-0.196355,0.241592,-0.414601,-0.145018,0.261081,-0.412249,-0.192869
2026-08-05 17:51:32.893,144.199862,0.000000,0.000000,0.000000,0.336810,-0.383209,-0.226933,0.137006,-0.370328,-0.229335,0.236908,-0.376768,-0.228134,0.208613,-0.416165,-0.196320,0.241571,-0.414637,-0.145732,0.261232,-0.411238,-0.192898
2026-08-05 17:51:32.993,144.299862,0.000000,0.000000,0.000000,0.336810,-0.383209,-0.226933,0.136967,-0.369308,-0.229416,0.236888,-0.376259,-0.228175,0.209397,-0.415198,-0.196374,0.241571,-0.414637,-0.145732,0.261081,-0.412249,-0.192869
2026-08-05 17:51:33.093,144.399862,0.000000,0.000000,0.000000,0.337130,-0.385290,-0.227274,0.137326,-0.372410,-0.229676,0.237228,-0.378850,-0.228475,0.209644,-0.418295,-0.196680,0.242014,-0.415703,-0.146029,0.261400,-0.414330,-0.193210
2026-08-05 17:51:33.193,144.499862,0.000000,0.000000,0.000000,0.337065,-0.382208,-0.227011,0.136967,-0.369308,-0.229416,0.237016,-0.375758,-0.228214,0.209325,-0.416213,-0.196339,0.241571,-0.414637,-0.145732,0.260361,-0.412201,-0.192850
2026-08-05 17:51:33.293,144.599862,0.000000,0.000000,0.000000,0.337130,-0.385290,-0.227274,0.137326,-0.372410,-0.229676,0.237228,-0.378850,-0.228475,0.209738,-0.417243,-0.196000,0.242035,-0.415666,-0.145313,0.260831,-0.413272,-0.193220
2026-08-05 17:51:33.393,144.699862,0.000000,0.000000,0.000000,0.337225,-0.383249,-0.227182,0.137088,-0.369330,-0.229668,0.237157,-0.376289,-0.228425,0.209578,-0.416202,-0.195830,0.241854,-0.414662,-0.145858,0.260671,-0.412231,-0.193050
2026-08-05 17:51:33.493,144.799862,0.000000,0.000000,0.000000,0.336266,-0.377003,-0.226160,0.136206,-0.365124,-0.228483,0.236236,-0.371063,-0.227321,0.209404,-0.408989,-0.194861,0.240915,-0.408380,-0.144121,0.259862,-0.404976,-0.192057
2026-08-05 17:51:33.593,144.899862,0.000000,0.000000,0.000000,0.336970,-0.384250,-0.227104,0.137166,-0.371369,-0.229505,0.237068,-0.377809,-0.228304,0.210364,-0.415235,-0.195883,0.241875,-0.414625,-0.145143,0.260671,-0.412231,-0.193050
2026-08-05 17:51:33.693,144.999862,0.000000,0.000000,0.000000,0.336810,-0.383209,-0.226933,0.137006,-0.370328,-0.229335,0.236908,-0.376768,-0.228134,0.210204,-0.414194,-0.195712,0.241715,-0.413585,-0.144972,0.260511,-0.411191,-0.192880
2026-08-05 17:51:33.793,145.099862,0.000000,0.000000,0.000000,0.336745,-0.380126,-0.226671,0.136647,-0.367227,-0.229076,0.236696,-0.373676,-0.227873,0.209848,-0.412620,-0.195355,0.240681,-0.411455,-0.144613,0.260192,-0.409109,-0.192539
2026-08-05 17:51:33.893,145.199862,0.000000,0.000000,0.000000,0.336490,-0.381127,-0.226593,0.136608,-0.366207,-0.229157,0.236549,-0.373667,-0.227875,0.209884,-0.412112,-0.195372,0.240802,-0.410439,-0.144568,0.260192,-0.409109,-0.192539
2026-08-05 17:51:33.993,145.299861,0.000000,0.000000,0.000000,0.337065,-0.382208,-0.227011,0.136967,-0.369308,-0.229416,0.237016,-0.375758,-0.228214,0.210278,-0.413179,-0.195746,0.240979,-0.413573,-0.145669,0.260511,-0.411191,-0.192880
2026-08-05 17:51:34.093,145.399861,0.000000,0.000000,0.000000,0.336490,-0.381127,-0.226593,0.136686,-0.368246,-0.228994,0.236588,-0.374687,-0.227793,0.209958,-0.411097,-0.195406,0.240660,-0.411491,-0.145329,0.260192,-0.409109,-0.192539
2026-08-05 17:51:34.193,145.499861,0.000000,0.000000,0.000000,0.336970,-0.384250,-0.227104,0.137166,-0.371369,-0.229505,0.237068,-0.377809,-0.228304,0.210438,-0.414220,-0.195917,0.241139,-0.414614,-0.145840,0.260822,-0.411221,-0.193079
2026-08-05 17:51:34.293,145.599861,0.000000,0.000000,0.000000,0.336970,-0.384250,-0.227104,0.137127,-0.370349,-0.229587,0.237048,-0.377299,-0.228345,0.210364,-0.415235,-0.195883,0.241139,-0.414614,-0.145840,0.260671,-0.412231,-0.193050
2026-08-05 17:51:34.393,145.699861,0.000000,0.000000,0.000000,0.336490,-0.381127,-0.226593,0.136686,-0.368246,-0.228994,0.236588,-0.374687,-0.227793,0.209958,-0.411097,-0.195406,0.240660,-0.411491,-0.145329,0.260192,-0.409109,-0.192539
2026-08-05 17:51:34.493,145.799861,0.000000,0.000000,0.000000,0.337065,-0.382208,-0.227011,0.137006,-0.370328,-0.229335,0.237035,-0.376268,-0.228173,0.210204,-0.414194,-0.195712,0.240979,-0.413573,-0.145669,0.260511,-0.411191,-0.192880
2026-08-05 17:51:34.593,145.899861,0.000000,0.000000,0.000000,0.336970,-0.384250,-0.227104,0.137166,-0.371369,-0.229505,0.237068,-0.377809,-0.228304,0.210438,-0.414220,-0.195917,0.241139,-0.414614,-0.145840,0.260671,-0.412231,-0.193050
2026-08-05 17:51:34.693,145.999861,0.000000,0.000000,0.000000,0.336905,-0.381167,-0.226841,0.136846,-0.369287,-0.229165,0.236876,-0.375227,-0.228003,0.210044,-0.413153,-0.195542,0.240820,-0.412532,-0.145499,0.260502,-0.409139,-0.192739
2026-08-05 17:51:34.793,146.099861,0.000000,0.000000,0.000000,0.337225,-0.383249,-0.227182,0.137166,-0.371369,-0.229505,0.237195,-0.377309,-0.228343,0.210364,-0.415235,-0.195883,0.241261,-0.413598,-0.145796,0.260747,-0.411726,-0.193065
2026-08-05 17:51:34.893,146.199861,0.000000,0.000000,0.000000,0.336905,-0.381167,-0.226841,0.136846,-0.369287,-0.229165,0.236876,-0.375227,-0.228003,0.210044,-0.413153,-0.195542,0.240820,-0.412532,-0.145499,0.260352,-0.410150,-0.192709
2026-08-05 17:51:34.993,146.299860,0.000000,0.000000,0.000000,0.336585,-0.379085,-0.226500,0.136526,-0.367206,-0.228824,0.236556,-0.373145,-0.227662,0.209724,-0.411071,-0.195201,0.240500,-0.410450,-0.145158,0.260032,-0.408068,-0.192369
2026-08-05 17:51:35.093,146.399860,0.000000,0.000000,0.000000,0.337065,-0.382208,-0.227011,0.137006,-0.370328,-0.229335,0.237035,-0.376268,-0.228173,0.210183,-0.414230,-0.196428,0.240858,-0.414589,-0.145714,0.260511,-0.411191,-0.192880
2026-08-05 17:51:35.193,146.499860,0.000000,0.000000,0.000000,0.336810,-0.383209,-0.226933,0.137006,-0.370328,-0.229335,0.236908,-0.376768,-0.228134,0.210220,-0.413723,-0.196445,0.240265,-0.413526,-0.145651,0.260511,-0.411191,-0.192880
2026-08-05 17:51:35.293,146.599860,0.000000,0.000000,0.000000,0.337065,-0.382208,-0.227011,0.136967,-0.369308,-0.229416,0.237016,-0.375758,-0.228214,0.210183,-0.414230,-0.196428,0.240145,-0.414542,-0.145695,0.260511,-0.411191,-0.192880
2026-08-05 17:51:35.393,146.699860,0.000000,0.000000,0.000000,0.336650,-0.382168,-0.226763,0.136807,-0.368268,-0.229246,0.236728,-0.375218,-0.228005,0.210023,-0.413189,-0.196258,0.239985,-0.413501,-0.145525,0.260502,-0.409139,-0.192739
2026-08-05 17:51:35.493,146.799860,0.000000,0.000000,0.000000,0.337065,-0.382208,-0.227011,0.136967,-0.369308,-0.229416,0.237016,-0.375758,-0.228214,0.210183,-0.414230,-0.196428,0.239453,-0.414458,-0.144962,0.260662,-0.410180,-0.192909
2026-08-05 17:51:35.593,146.899860,0.000000,0.000000,0.000000,0.337065,-0.382208,-0.227011,0.136967,-0.369308,-0.229416,0.237016,-0.375758,-0.228214,0.210183,-0.414230,-0.196428,0.239453,-0.414458,-0.144962,0.260662,-0.410180,-0.192909
2026-08-05 17:51:35.693,146.999860,0.000000,0.000000,0.000000,0.336745,-0.380126,-0.226671,0.136647,-0.367227,-0.229076,0.236696,-0.373676,-0.227873,0.209958,-0.411097,-0.195406,0.239035,-0.413357,-0.143953,0.260342,-0.408098,-0.192568
2026-08-05 17:51:35.793,147.099860,0.000000,0.000000,0.000000,0.335530,-0.374881,-0.225571,0.135687,-0.360981,-0.228054,0.235609,-0.367931,-0.226812,0.208977,-0.404888,-0.195100,0.237422,-0.406556,-0.142889,0.259307,-0.402358,-0.191532
2026-08-05 17:51:35.893,147.199860,0.000000,0.000000,0.000000,0.337385,-0.384290,-0.227352,0.137287,-0.371390,-0.229757,0.237336,-0.377840,-0.228555,0.210597,-0.415261,-0.196087,0.238962,-0.417473,-0.144616,0.260982,-0.412262,-0.193250
2026-08-05 17:51:35.993,147.299860,0.000000,0.000000,0.000000,0.336330,-0.380086,-0.226422,0.136526,-0.367206,-0.228824,0.236428,-0.373646,-0.227623,0.209703,-0.411107,-0.195917,0.238184,-0.412232,-0.143051,0.260182,-0.407057,-0.192398
2026-08-05 17:51:36.093,147.399859,0.000000,0.000000,0.000000,0.337065,-0.382208,-0.227011,0.137006,-0.370328,-0.229335,0.237035,-0.376268,-0.228173,0.210183,-0.414230,-0.196428,0.238545,-0.416372,-0.143610,0.260662,-0.410180,-0.192909
2026-08-05 17:51:36.193,147.499859,0.000000,0.000000,0.000000,0.336970,-0.384250,-0.227104,0.137166,-0.371369,-0.229505,0.237068,-0.377809,-0.228304,0.210416,-0.414256,-0.196633,0.238845,-0.416360,-0.143019,0.260822,-0.411221,-0.193079
2026-08-05 17:51:36.293,147.599859,0.000000,0.000000,0.000000,0.336010,-0.378004,-0.226082,0.136167,-0.364104,-0.228565,0.236089,-0.371054,-0.227323,0.209383,-0.409025,-0.195576,0.237885,-0.410114,-0.141997,0.259862,-0.404976,-0.192057
2026-08-05 17:51:36.393,147.699859,0.000000,0.000000,0.000000,0.336330,-0.380086,-0.226422,0.136487,-0.366186,-0.228905,0.236409,-0.373136,-0.227664,0.209703,-0.411107,-0.195917,0.238226,-0.412160,-0.141624,0.260333,-0.406047,-0.192427
2026-08-05 17:51:36.493,147.799859,0.000000,0.000000,0.000000,0.336585,-0.379085,-0.226500,0.136526,-0.367206,-0.228824,0.236556,-0.373145,-0.227662,0.209703,-0.411107,-0.195917,0.238344,-0.411144,-0.141575,0.260333,-0.406047,-0.192427
2026-08-05 17:51:36.593,147.899859,0.000000,0.000000,0.000000,0.336970,-0.384250,-0.227104,0.137166,-0.371369,-0.229505,0.237068,-0.377809,-0.228304,0.210343,-0.415271,-0.196598,0.238866,-0.416324,-0.142306,0.260822,-0.411221,-0.193079
2026-08-05 17:51:36.693,147.999859,0.000000,0.000000,0.000000,0.336170,-0.379045,-0.226252,0.136327,-0.365145,-0.228735,0.236249,-0.372095,-0.227494,0.209617,-0.409051,-0.195782,0.238205,-0.410067,-0.140690,0.260022,-0.406017,-0.192228
2026-08-05 17:51:36.793,148.099859,0.000000,0.000000,0.000000,0.337865,-0.387412,-0.227863,0.137767,-0.374513,-0.230268,0.237816,-0.380963,-0.229066,0.210983,-0.419435,-0.197280,0.239645,-0.419435,-0.142223,0.261462,-0.415385,-0.193761
2026-08-05 17:51:36.893,148.199859,0.000000,0.000000,0.000000,0.336490,-0.381127,-0.226593,0.136686,-0.368246,-0.228994,0.236588,-0.374687,-0.227793,0.209937,-0.411133,-0.196122,0.238546,-0.412113,-0.140316,0.260342,-0.408098,-0.192568
2026-08-05 17:51:36.993,148.299859,0.000000,0.000000,0.000000,0.336490,-0.381127,-0.226593,0.136647,-0.367227,-0.229076,0.236568,-0.374177,-0.227834,0.209863,-0.412148,-0.196087,0.238428,-0.413129,-0.140368,0.260493,-0.407088,-0.192598
2026-08-05 17:51:37.093,148.399858,0.000000,0.000000,0.000000,0.336745,-0.380126,-0.226671,0.136686,-0.368246,-0.228994,0.236716,-0.374186,-0.227832,0.209937,-0.411133,-0.196122,0.238546,-0.412113,-0.140316,0.260493,-0.407088,-0.192598
2026-08-05 17:51:37.193,148.499858,0.000000,0.000000,0.000000,0.336170,-0.379045,-0.226252,0.136327,-0.365145,-0.228735,0.236249,-0.372095,-0.227494,0.209617,-0.409051,-0.195782,0.238247,-0.409995,-0.139261,0.260173,-0.405006,-0.192257
2026-08-05 17:51:37.293,148.599858,0.000000,0.000000,0.000000,0.337385,-0.384290,-0.227352,0.137326,-0.372410,-0.229676,0.237355,-0.378350,-0.228514,0.210576,-0.415297,-0.196804,0.239207,-0.416240,-0.140283,0.261856,-0.411300,-0.193298
2026-08-05 17:51:37.393,148.699858,0.000000,0.000000,0.000000,0.336010,-0.378004,-0.226082,0.136167,-0.364104,-0.228565,0.236089,-0.371054,-0.227323,0.209478,-0.407974,-0.194895,0.238108,-0.408918,-0.138376,0.260013,-0.403965,-0.192087
2026-08-05 17:51:37.493,148.799858,0.000000,0.000000,0.000000,0.336810,-0.383209,-0.226933,0.136967,-0.369308,-0.229416,0.236888,-0.376259,-0.228175,0.210278,-0.413179,-0.195746,0.238908,-0.414122,-0.139228,0.261536,-0.409218,-0.192957
2026-08-05 17:51:37.593,148.899858,0.000000,0.000000,0.000000,0.336585,-0.379085,-0.226500,0.136526,-0.367206,-0.228824,0.236556,-0.373145,-0.227662,0.209724,-0.411071,-0.195201,0.238428,-0.410999,-0.138717,0.261056,-0.406095,-0.192446
2026-08-05 17:51:37.693,148.999858,0.000000,0.000000,0.000000,0.336810,-0.383209,-0.226933,0.136967,-0.369308,-0.229416,0.236888,-0.376259,-0.228175,0.210278,-0.413179,-0.195746,0.238216,-0.414039,-0.138495,0.261536,-0.409218,-0.192957
2026-08-05 17:51:37.793,149.099858,0.000000,0.000000,0.000000,0.336810,-0.383209,-0.226933,0.137006,-0.370328,-0.229335,0.236908,-0.376768,-0.228134,0.210278,-0.413179,-0.195746,0.238333,-0.413022,-0.138439,0.261536,-0.409218,-0.192957
2026-08-05 17:51:37.893,149.199858,0.000000,0.000000,0.000000,0.337290,-0.386331,-0.227444,0.137447,-0.372431,-0.229928,0.237368,-0.379381,-0.228686,0.210757,-0.416302,-0.196257,0.238717,-0.417125,-0.138291,0.262016,-0.412341,-0.193468
2026-08-05 17:51:37.993,149.299858,0.000000,0.000000,0.000000,0.336490,-0.381127,-0.226593,0.136647,-0.367227,-0.229076,0.236568,-0.374177,-0.227834,0.209958,-0.411097,-0.195406,0.237565,-0.414972,-0.137610,0.261237,-0.407100,-0.191892
2026-08-05 17:51:38.093,149.399858,0.000000,0.000000,0.000000,0.336810,-0.383209,-0.226933,0.136967,-0.369308,-0.229416,0.236888,-0.376259,-0.228175,0.210278,-0.413179,-0.195746,0.237885,-0.417053,-0.137950,0.261557,-0.409182,-0.192233
2026-08-05 17:51:38.193,149.499857,0.000000,0.000000,0.000000,0.337610,-0.388413,-0.227785,0.137767,-0.374513,-0.230268,0.237688,-0.381463,-0.229027,0.211077,-0.418384,-0.196598,0.238823,-0.421205,-0.138033,0.262357,-0.414386,-0.193084
2026-08-05 17:51:38.293,149.599857,0.000000,0.000000,0.000000,0.336810,-0.383209,-0.226933,0.136967,-0.369308,-0.229416,0.236888,-0.376259,-0.228175,0.210278,-0.413179,-0.195746,0.238023,-0.416000,-0.137181,0.261557,-0.409182,-0.192233
2026-08-05 17:51:38.393,149.699857,0.000000,0.000000,0.000000,0.337290,-0.386331,-0.227444,0.137447,-0.372431,-0.229928,0.237368,-0.379381,-0.228686,0.210684,-0.417317,-0.196223,0.238406,-0.420104,-0.137039,0.262037,-0.412304,-0.192744
2026-08-05 17:51:38.493,149.799857,0.000000,0.000000,0.000000,0.336970,-0.384250,-0.227104,0.137127,-0.370349,-0.229587,0.237048,-0.377299,-0.228345,0.210438,-0.414220,-0.195917,0.238086,-0.418022,-0.136698,0.261641,-0.410728,-0.192389
2026-08-05 17:51:38.593,149.899857,0.000000,0.000000,0.000000,0.336745,-0.380126,-0.226671,0.136647,-0.367227,-0.229076,0.236696,-0.373676,-0.227873,0.209170,-0.412065,-0.195353,0.236781,-0.415870,-0.136228,0.261237,-0.407100,-0.191892
2026-08-05 17:51:38.693,149.999857,0.000000,0.000000,0.000000,0.336745,-0.380126,-0.226671,0.136686,-0.368246,-0.228994,0.236716,-0.374186,-0.227832,0.209242,-0.411049,-0.195387,0.237130,-0.412818,-0.136051,0.261086,-0.408110,-0.191864
2026-08-05 17:51:38.793,150.099857,0.000000,0.000000,0.000000,0.336970,-0.384250,-0.227104,0.137127,-0.370349,-0.229587,0.237048,-0.377299,-0.228345,0.209650,-0.415187,-0.195864,0.237398,-0.417939,-0.135969,0.261717,-0.410222,-0.192403
2026-08-05 17:51:38.893,150.199857,0.000000,0.000000,0.000000,0.336585,-0.379085,-0.226500,0.136487,-0.366186,-0.228905,0.236536,-0.372635,-0.227703,0.209082,-0.410009,-0.195217,0.236758,-0.413776,-0.135287,0.261077,-0.406059,-0.191722
2026-08-05 17:51:38.993,150.299857,0.000000,0.000000,0.000000,0.336490,-0.381127,-0.226593,0.136686,-0.368246,-0.228994,0.236588,-0.374687,-0.227793,0.209170,-0.412065,-0.195353,0.236918,-0.414817,-0.135458,0.261237,-0.407100,-0.191892
2026-08-05 17:51:39.093,150.399857,0.000000,0.000000,0.000000,0.337130,-0.385290,-0.227274,0.137326,-0.372410,-0.229676,0.237228,-0.378850,-0.228475,0.209810,-0.416228,-0.196034,0.237079,-0.416899,-0.136000,0.262447,-0.412322,-0.192564
2026-08-05 17:51:39.193,150.499856,0.000000,0.000000,0.000000,0.336490,-0.381127,-0.226593,0.136686,-0.368246,-0.228994,0.236588,-0.374687,-0.227793,0.209170,-0.412065,-0.195353,0.236575,-0.411682,-0.134545,0.261808,-0.408158,-0.191883
2026-08-05 17:51:39.293,150.599856,0.000000,0.000000,0.000000,0.337225,-0.383249,-0.227182,0.137166,-0.371369,-0.229505,0.237195,-0.377309,-0.228343,0.209722,-0.414172,-0.195898,0.237286,-0.412770,-0.134933,0.262287,-0.411281,-0.192394
2026-08-05 17:51:39.393,150.699856,0.000000,0.000000,0.000000,0.336330,-0.380086,-0.226422,0.136487,-0.366186,-0.228905,0.236409,-0.373136,-0.227664,0.209031,-0.410987,-0.194467,0.236436,-0.410605,-0.133660,0.261724,-0.406612,-0.191726
2026-08-05 17:51:39.493,150.799856,0.000000,0.000000,0.000000,0.336490,-0.381127,-0.226593,0.136647,-0.367227,-0.229076,0.236568,-0.374177,-0.227834,0.209191,-0.412028,-0.194637,0.236596,-0.411645,-0.133830,0.261808,-0.408158,-0.191883
2026-08-05 17:51:39.593,150.899856,0.000000,0.000000,0.000000,0.336810,-0.383209,-0.226933,0.137006,-0.370328,-0.229335,0.236908,-0.376768,-0.228134,0.209511,-0.414110,-0.194978,0.236916,-0.413727,-0.134171,0.262127,-0.410240,-0.192223
2026-08-05 17:51:39.693,150.999856,0.000000,0.000000,0.000000,0.336970,-0.384250,-0.227104,0.137127,-0.370349,-0.229587,0.237048,-0.377299,-0.228345,0.209671,-0.415151,-0.195148,0.236477,-0.413704,-0.134260,0.262440,-0.410271,-0.192422
2026-08-05 17:51:39.793,151.099856,0.000000,0.000000,0.000000,0.336810,-0.383209,-0.226933,0.137006,-0.370328,-0.229335,0.236908,-0.376768,-0.228134,0.209583,-0.413095,-0.195011,0.236338,-0.412626,-0.133374,0.262127,-0.410240,-0.192223
2026-08-05 17:51:39.893,151.199856,0.000000,0.000000,0.000000,0.336970,-0.384250,-0.227104,0.137127,-0.370349,-0.229587,0.237048,-0.377299,-0.228345,0.209599,-0.416166,-0.195115,0.236441,-0.414176,-0.133576,0.262440,-0.410271,-0.192422
2026-08-05 17:51:39.993,151.299856,0.000000,0.000000,0.000000,0.336970,-0.384250,-0.227104,0.137127,-0.370349,-0.229587,0.237048,-0.377299,-0.228345,0.209671,-0.415151,-0.195148,0.236498,-0.413667,-0.133545,0.262287,-0.411281,-0.192394
2026-08-05 17:51:40.093,151.399856,0.000000,0.000000,0.000000,0.336170,-0.379045,-0.226252,0.136327,-0.365145,-0.228735,0.236249,-0.372095,-0.227494,0.208944,-0.408931,-0.194330,0.235720,-0.408426,-0.131977,0.261641,-0.405066,-0.191570
2026-08-05 17:51:40.193,151.499856,0.000000,0.000000,0.000000,0.337385,-0.384290,-0.227352,0.137287,-0.371390,-0.229757,0.237336,-0.377840,-0.228555,0.209759,-0.417207,-0.195286,0.236451,-0.416707,-0.133129,0.262447,-0.412322,-0.192564
2026-08-05 17:51:40.293,151.599855,0.000000,0.000000,0.000000,0.337065,-0.382208,-0.227011,0.137006,-0.370328,-0.229335,0.237035,-0.376268,-0.228173,0.209511,-0.414110,-0.194978,0.235475,-0.414069,-0.132737,0.262280,-0.409230,-0.192252
2026-08-05 17:51:40.393,151.699855,0.000000,0.000000,0.000000,0.336490,-0.381127,-0.226593,0.136686,-0.368246,-0.228994,0.236588,-0.374687,-0.227793,0.208548,-0.410966,-0.194652,0.235212,-0.411479,-0.132364,0.261960,-0.407148,-0.191911
2026-08-05 17:51:40.493,151.799855,0.000000,0.000000,0.000000,0.336074,-0.381087,-0.226344,0.136526,-0.367206,-0.228824,0.236300,-0.374146,-0.227584,0.208388,-0.409925,-0.194481,0.235052,-0.410438,-0.132194,0.261648,-0.407117,-0.191712
2026-08-05 17:51:40.593,151.899855,0.000000,0.000000,0.000000,0.336650,-0.382168,-0.226763,0.136846,-0.369287,-0.229165,0.236748,-0.375728,-0.227964,0.208637,-0.413022,-0.194789,0.235393,-0.412483,-0.131820,0.261967,-0.409199,-0.192053
2026-08-05 17:51:40.693,151.999855,0.000000,0.000000,0.000000,0.335850,-0.376963,-0.225911,0.136046,-0.364083,-0.228313,0.235948,-0.370523,-0.227112,0.207837,-0.407817,-0.193937,0.234254,-0.410332,-0.131165,0.261321,-0.402984,-0.191229
2026-08-05 17:51:40.793,152.099855,0.000000,0.000000,0.000000,0.336490,-0.381127,-0.226593,0.136686,-0.368246,-0.228994,0.236588,-0.374687,-0.227793,0.208406,-0.412996,-0.194586,0.235007,-0.413478,-0.131781,0.261808,-0.408158,-0.191883
2026-08-05 17:51:40.893,152.199855,0.000000,0.000000,0.000000,0.336490,-0.381127,-0.226593,0.136647,-0.367227,-0.229076,0.236568,-0.374177,-0.227834,0.208477,-0.411981,-0.194619,0.235120,-0.412460,-0.131715,0.261960,-0.407148,-0.191911
2026-08-05 17:51:40.993,152.299855,0.000000,0.000000,0.000000,0.336810,-0.383209,-0.226933,0.136967,-0.369308,-0.229416,0.236888,-0.376259,-0.228175,0.208868,-0.413048,-0.194992,0.234987,-0.418613,-0.132319,0.262127,-0.410240,-0.192223
2026-08-05 17:51:41.093,152.399855,0.000000,0.000000,0.000000,0.336490,-0.381127,-0.226593,0.136686,-0.368246,-0.228994,0.236588,-0.374687,-0.227793,0.208477,-0.411981,-0.194619,0.234296,-0.413431,-0.131762,0.261808,-0.408158,-0.191883
2026-08-05 17:51:41.193,152.499855,0.000000,0.000000,0.000000,0.336490,-0.381127,-0.226593,0.136686,-0.368246,-0.228994,0.236588,-0.374687,-0.227793,0.208477,-0.411981,-0.194619,0.234296,-0.413431,-0.131762,0.261808,-0.408158,-0.191883
2026-08-05 17:51:41.293,152.599854,0.000000,0.000000,0.000000,0.336490,-0.381127,-0.226593,0.136686,-0.368246,-0.228994,0.236588,-0.374687,-0.227793,0.208406,-0.412996,-0.194586,0.234184,-0.414448,-0.131828,0.261808,-0.408158,-0.191883
2026-08-05 17:51:41.393,152.699854,0.000000,0.000000,0.000000,0.337225,-0.383249,-0.227182,0.137166,-0.371369,-0.229505,0.237195,-0.377309,-0.228343,0.208886,-0.416119,-0.195097,0.234664,-0.417571,-0.132339,0.262287,-0.411281,-0.192394
2026-08-05 17:51:41.493,152.799854,0.000000,0.000000,0.000000,0.336585,-0.379085,-0.226500,0.136487,-0.366186,-0.228905,0.236536,-0.372635,-0.227703,0.208388,-0.409925,-0.194481,0.233933,-0.414389,-0.131014,0.261495,-0.408127,-0.191684
2026-08-05 17:51:41.593,152.899854,0.000000,0.000000,0.000000,0.336490,-0.381127,-0.226593,0.136647,-0.367227,-0.229076,0.236568,-0.374177,-0.227834,0.208548,-0.410966,-0.194652,0.234205,-0.414412,-0.131117,0.261808,-0.408158,-0.191883
2026-08-05 17:51:41.693,152.999854,0.000000,0.000000,0.000000,0.336810,-0.383209,-0.226933,0.136967,-0.369308,-0.229416,0.236888,-0.376259,-0.228175,0.208797,-0.414063,-0.194959,0.234468,-0.417003,-0.131491,0.262280,-0.409230,-0.192252
2026-08-05 17:51:41.793,153.099854,0.000000,0.000000,0.000000,0.336810,-0.383209,-0.226933,0.137006,-0.370328,-0.229335,0.236908,-0.376768,-0.228134,0.208797,-0.414063,-0.194959,0.234525,-0.416494,-0.131458,0.262127,-0.410240,-0.192223
2026-08-05 17:51:41.893,153.199854,0.000000,0.000000,0.000000,0.336970,-0.384250,-0.227104,0.137127,-0.370349,-0.229587,0.237048,-0.377299,-0.228345,0.208957,-0.415104,-0.195130,0.234460,-0.419571,-0.131762,0.262440,-0.410271,-0.192422
2026-08-05 17:51:41.993,153.299854,0.000000,0.000000,0.000000,0.336330,-0.380086,-0.226422,0.136526,-0.367206,-0.228824,0.236428,-0.373646,-0.227623,0.208317,-0.410940,-0.194448,0.234045,-0.413371,-0.130947,0.261648,-0.407117,-0.191712
2026-08-05 17:51:42.093,153.399854,0.000000,0.000000,0.000000,0.336490,-0.381127,-0.226593,0.136686,-0.368246,-0.228994,0.236588,-0.374687,-0.227793,0.208548,-0.410966,-0.194652,0.234093,-0.415430,-0.131184,0.261808,-0.408158,-0.191883
2026-08-05 17:51:42.193,153.499854,0.000000,0.000000,0.000000,0.336650,-0.382168,-0.226763,0.136846,-0.369287,-0.229165,0.236748,-0.375728,-0.227964,0.208673,-0.412514,-0.194806,0.234252,-0.416471,-0.131354,0.261967,-0.409199,-0.192053
2026-08-05 17:51:42.293,153.599854,0.000000,0.000000,0.000000,0.337385,-0.384290,-0.227352,0.137326,-0.372410,-0.229676,0.237355,-0.378350,-0.228514,0.209117,-0.416145,-0.195300,0.234024,-0.419547,-0.131847,0.262447,-0.412322,-0.192564
2026-08-05 17:51:42.393,153.699853,0.000000,0.000000,0.000000,0.337545,-0.385331,-0.227522,0.137447,-0.372431,-0.229928,0.237496,-0.378881,-0.228725,0.209277,-0.417186,-0.195471,0.234295,-0.419570,-0.131950,0.262607,-0.413363,-0.192734
2026-08-05 17:51:42.493,153.799853,0.000000,0.000000,0.000000,0.336745,-0.380126,-0.226671,0.136686,-0.368246,-0.228994,0.236716,-0.374186,-0.227832,0.208548,-0.410966,-0.194652,0.233606,-0.413347,-0.131032,0.261808,-0.408158,-0.191883
2026-08-05 17:51:42.593,153.899853,0.000000,0.000000,0.000000,0.336970,-0.384250,-0.227104,0.137127,-0.370349,-0.229587,0.237048,-0.377299,-0.228345,0.208957,-0.415104,-0.195130,0.233975,-0.417488,-0.131610,0.262309,-0.411244,-0.191670
2026-08-05 17:51:42.693,153.999853,0.000000,0.000000,0.000000,0.337130,-0.385290,-0.227274,0.137326,-0.372410,-0.229676,0.237228,-0.378850,-0.228475,0.209117,-0.416145,-0.195300,0.233913,-0.420565,-0.131914,0.262447,-0.412322,-0.192564
2026-08-05 17:51:42.793,154.099853,0.000000,0.000000,0.000000,0.336266,-0.377003,-0.226160,0.136167,-0.364104,-0.228565,0.236216,-0.370553,-0.227362,0.207926,-0.409873,-0.194075,0.232904,-0.412260,-0.130655,0.261328,-0.405035,-0.191371
2026-08-05 17:51:42.893,154.199853,0.000000,0.000000,0.000000,0.336810,-0.383209,-0.226933,0.137006,-0.370328,-0.229335,0.236908,-0.376768,-0.228134,0.208797,-0.414063,-0.194959,0.233704,-0.417465,-0.131506,0.261974,-0.411250,-0.192195
2026-08-05 17:51:42.993,154.299853,0.000000,0.000000,0.000000,0.336745,-0.380126,-0.226671,0.136686,-0.368246,-0.228994,0.236716,-0.374186,-0.227832,0.207693,-0.412949,-0.194567,0.233384,-0.415383,-0.131166,0.261808,-0.408158,-0.191883
2026-08-05 17:51:43.093,154.399853,0.000000,0.000000,0.000000,0.336490,-0.381127,-0.226593,0.136686,-0.368246,-0.228994,0.236588,-0.374687,-0.227793,0.207763,-0.411933,-0.194600,0.233294,-0.416365,-0.130524,0.261808,-0.408158,-0.191883
2026-08-05 17:51:43.193,154.499853,0.000000,0.000000,0.000000,0.336745,-0.380126,-0.226671,0.136647,-0.367227,-0.229076,0.236696,-0.373676,-0.227873,0.207833,-0.410918,-0.194633,0.233516,-0.414329,-0.130388,0.261655,-0.409168,-0.191854
2026-08-05 17:51:43.293,154.599853,0.000000,0.000000,0.000000,0.336010,-0.378004,-0.226082,0.136206,-0.365124,-0.228483,0.236108,-0.371564,-0.227282,0.207283,-0.408811,-0.194089,0.232925,-0.412224,-0.129945,0.261328,-0.405035,-0.191371
2026-08-05 17:51:43.393,154.699852,0.000000,0.000000,0.000000,0.336554,-0.384209,-0.226855,0.137006,-0.370328,-0.229335,0.236780,-0.377269,-0.228095,0.208083,-0.414015,-0.194941,0.233947,-0.415393,-0.130660,0.262127,-0.410240,-0.192223
2026-08-05 17:51:43.493,154.799852,0.000000,0.000000,0.000000,0.336170,-0.379045,-0.226252,0.136366,-0.366165,-0.228654,0.236268,-0.372605,-0.227453,0.207513,-0.408836,-0.194292,0.233196,-0.412247,-0.130047,0.261335,-0.407086,-0.191514
2026-08-05 17:51:43.593,154.899852,0.000000,0.000000,0.000000,0.336650,-0.382168,-0.226763,0.136846,-0.369287,-0.229165,0.236748,-0.375728,-0.227964,0.207923,-0.412974,-0.194771,0.233454,-0.417406,-0.130694,0.261967,-0.409199,-0.192053
2026-08-05 17:51:43.693,154.999852,0.000000,0.000000,0.000000,0.336106,-0.375962,-0.225989,0.136046,-0.364083,-0.228313,0.236076,-0.370022,-0.227151,0.207123,-0.407770,-0.193919,0.232876,-0.410166,-0.129706,0.261015,-0.405004,-0.191173
2026-08-05 17:51:43.793,155.099852,0.000000,0.000000,0.000000,0.336330,-0.380086,-0.226422,0.136526,-0.367206,-0.228824,0.236428,-0.373646,-0.227623,0.207603,-0.410893,-0.194430,0.233245,-0.414306,-0.130285,0.261648,-0.407117,-0.191712
2026-08-05 17:51:43.893,155.199852,0.000000,0.000000,0.000000,0.336585,-0.379085,-0.226500,0.136526,-0.367206,-0.228824,0.236556,-0.373145,-0.227662,0.207533,-0.411908,-0.194397,0.233356,-0.413288,-0.130217,0.261648,-0.407117,-0.191712
2026-08-05 17:51:43.993,155.299852,0.000000,0.000000,0.000000,0.337065,-0.382208,-0.227011,0.136967,-0.369308,-0.229416,0.237016,-0.375758,-0.228214,0.208083,-0.414015,-0.194941,0.233836,-0.416411,-0.130728,0.262695,-0.411298,-0.192214
2026-08-05 17:51:44.093,155.399852,0.000000,0.000000,0.000000,0.336745,-0.380126,-0.226671,0.136647,-0.367227,-0.229076,0.236696,-0.373676,-0.227873,0.207763,-0.411933,-0.194600,0.233405,-0.415347,-0.130456,0.262375,-0.409216,-0.191873
2026-08-05 17:51:44.193,155.499852,0.000000,0.000000,0.000000,0.336810,-0.383209,-0.226933,0.137006,-0.370328,-0.229335,0.236908,-0.376768,-0.228134,0.208083,-0.414015,-0.194941,0.233725,-0.417429,-0.130796,0.262717,-0.411261,-0.191491
2026-08-05 17:51:44.293,155.599852,0.000000,0.000000,0.000000,0.336490,-0.381127,-0.226593,0.136686,-0.368246,-0.228994,0.236588,-0.374687,-0.227793,0.207693,-0.412949,-0.194567,0.233405,-0.415347,-0.130456,0.262375,-0.409216,-0.191873
2026-08-05 17:51:44.393,155.699852,0.000000,0.000000,0.000000,0.336394,-0.383169,-0.226685,0.136846,-0.369287,-0.229165,0.236620,-0.376228,-0.227925,0.207923,-0.412974,-0.194771,0.233641,-0.415843,-0.129881,0.262557,-0.410220,-0.191321
2026-08-05 17:51:44.493,155.799851,0.000000,0.000000,0.000000,0.336650,-0.382168,-0.226763,0.136846,-0.369287,-0.229165,0.236748,-0.375728,-0.227964,0.207853,-0.413990,-0.194738,0.233697,-0.415334,-0.129847,0.262381,-0.411267,-0.192015
2026-08-05 17:51:44.593,155.899851,0.000000,0.000000,0.000000,0.337225,-0.383249,-0.227182,0.137166,-0.371369,-0.229505,0.237195,-0.377309,-0.228343,0.208243,-0.415056,-0.195111,0.233087,-0.419405,-0.130307,0.262855,-0.412339,-0.192384
2026-08-05 17:51:44.693,155.999851,0.000000,0.000000,0.000000,0.336810,-0.383209,-0.226933,0.137006,-0.370328,-0.229335,0.236908,-0.376768,-0.228134,0.208083,-0.414015,-0.194941,0.232927,-0.418364,-0.130137,0.262695,-0.411298,-0.192214
2026-08-05 17:51:44.793,156.099851,0.000000,0.000000,0.000000,0.336330,-0.380086,-0.226422,0.136526,-0.367206,-0.228824,0.236428,-0.373646,-0.227623,0.207603,-0.410893,-0.194430,0.232557,-0.414223,-0.129557,0.262061,-0.409185,-0.191674
2026-08-05 17:51:44.893,156.199851,0.000000,0.000000,0.000000,0.337385,-0.384290,-0.227352,0.137326,-0.372410,-0.229676,0.237355,-0.378350,-0.228514,0.207620,-0.417065,-0.195230,0.233268,-0.420410,-0.129769,0.263015,-0.413380,-0.192554
2026-08-05 17:51:44.993,156.299851,0.000000,0.000000,0.000000,0.337450,-0.387372,-0.227615,0.137646,-0.374492,-0.230016,0.237548,-0.380932,-0.228815,0.208008,-0.418132,-0.195604,0.233808,-0.420456,-0.129969,0.263356,-0.415425,-0.192173
2026-08-05 17:51:45.093,156.399851,0.000000,0.000000,0.000000,0.337290,-0.386331,-0.227444,0.137486,-0.373451,-0.229846,0.237388,-0.379891,-0.228645,0.207780,-0.418106,-0.195400,0.232829,-0.420386,-0.129850,0.263196,-0.414384,-0.192002
2026-08-05 17:51:45.193,156.499851,0.000000,0.000000,0.000000,0.336905,-0.381167,-0.226841,0.136846,-0.369287,-0.229165,0.236876,-0.375227,-0.228003,0.207140,-0.413942,-0.194719,0.232101,-0.417205,-0.128530,0.262557,-0.410220,-0.191321
2026-08-05 17:51:45.293,156.599851,0.000000,0.000000,0.000000,0.336490,-0.381127,-0.226593,0.136608,-0.366207,-0.229157,0.236549,-0.373667,-0.227875,0.206980,-0.412901,-0.194549,0.232159,-0.414127,-0.128217,0.262243,-0.410190,-0.191123
2026-08-05 17:51:45.393,156.699851,0.000000,0.000000,0.000000,0.337385,-0.384290,-0.227352,0.137326,-0.372410,-0.229676,0.237355,-0.378350,-0.228514,0.207689,-0.416050,-0.195263,0.232820,-0.418255,-0.128188,0.263036,-0.413343,-0.191832
2026-08-05 17:51:45.493,156.799850,0.000000,0.000000,0.000000,0.336745,-0.380126,-0.226671,0.136686,-0.368246,-0.228994,0.236716,-0.374186,-0.227832,0.206980,-0.412901,-0.194549,0.231471,-0.414044,-0.127488,0.262474,-0.408674,-0.191164
2026-08-05 17:51:45.593,156.899850,0.000000,0.000000,0.000000,0.336490,-0.381127,-0.226593,0.136647,-0.367227,-0.229076,0.236568,-0.374177,-0.227834,0.206911,-0.413917,-0.194516,0.231363,-0.415062,-0.127560,0.262397,-0.409179,-0.191151
2026-08-05 17:51:45.693,156.999850,0.000000,0.000000,0.000000,0.336970,-0.384250,-0.227104,0.137127,-0.370349,-0.229587,0.237048,-0.377299,-0.228345,0.207460,-0.416024,-0.195060,0.231863,-0.418149,-0.127361,0.262877,-0.412302,-0.191662
2026-08-05 17:51:45.793,157.099850,0.000000,0.000000,0.000000,0.336905,-0.381167,-0.226841,0.136807,-0.368268,-0.229246,0.236856,-0.374717,-0.228044,0.207209,-0.412927,-0.194752,0.231544,-0.416068,-0.127021,0.263122,-0.411278,-0.191313
2026-08-05 17:51:45.893,157.199850,0.000000,0.000000,0.000000,0.336330,-0.380086,-0.226422,0.136526,-0.367206,-0.228824,0.236428,-0.373646,-0.227623,0.206820,-0.411860,-0.194378,0.231224,-0.413986,-0.126680,0.262958,-0.408186,-0.190999
2026-08-05 17:51:45.993,157.299850,0.000000,0.000000,0.000000,0.336170,-0.379045,-0.226252,0.136366,-0.366165,-0.228654,0.236268,-0.372605,-0.227453,0.206591,-0.411835,-0.194175,0.230248,-0.413916,-0.126565,0.262798,-0.407145,-0.190829
2026-08-05 17:51:46.093,157.399850,0.000000,0.000000,0.000000,0.336170,-0.379045,-0.226252,0.136366,-0.366165,-0.228654,0.236268,-0.372605,-0.227453,0.206591,-0.411835,-0.194175,0.230376,-0.412862,-0.125781,0.262798,-0.407145,-0.190829
2026-08-05 17:51:46.193,157.499850,0.000000,0.000000,0.000000,0.336490,-0.381127,-0.226593,0.136686,-0.368246,-0.228994,0.236588,-0.374687,-0.227793,0.206980,-0.412901,-0.194549,0.230803,-0.413925,-0.126047,0.263118,-0.409227,-0.191169
2026-08-05 17:51:46.293,157.599850,0.000000,0.000000,0.000000,0.337225,-0.383249,-0.227182,0.137166,-0.371369,-0.229505,0.237195,-0.377309,-0.228343,0.207391,-0.417040,-0.195027,0.231283,-0.417048,-0.126558,0.263597,-0.412350,-0.191681
2026-08-05 17:51:46.393,157.699850,0.000000,0.000000,0.000000,0.336970,-0.384250,-0.227104,0.137127,-0.370349,-0.229587,0.237048,-0.377299,-0.228345,0.206679,-0.416992,-0.195008,0.231069,-0.419085,-0.126708,0.263442,-0.413360,-0.191653
2026-08-05 17:51:46.493,157.799850,0.000000,0.000000,0.000000,0.336585,-0.379085,-0.226500,0.136526,-0.367206,-0.228824,0.236556,-0.373145,-0.227662,0.206039,-0.412829,-0.194327,0.229933,-0.412837,-0.125858,0.262802,-0.409196,-0.190972
2026-08-05 17:51:46.593,157.899849,0.000000,0.000000,0.000000,0.336585,-0.379085,-0.226500,0.136487,-0.366186,-0.228905,0.236536,-0.372635,-0.227703,0.206175,-0.410798,-0.194393,0.229933,-0.412837,-0.125858,0.262958,-0.408186,-0.190999
2026-08-05 17:51:46.693,157.999849,0.000000,0.000000,0.000000,0.336970,-0.384250,-0.227104,0.137166,-0.371369,-0.229505,0.237068,-0.377809,-0.228304,0.206747,-0.415977,-0.195041,0.230573,-0.417001,-0.126539,0.263442,-0.413360,-0.191653
2026-08-05 17:51:46.793,158.099849,0.000000,0.000000,0.000000,0.336490,-0.381127,-0.226593,0.136686,-0.368246,-0.228994,0.236588,-0.374687,-0.227793,0.206131,-0.414885,-0.194464,0.230199,-0.412859,-0.125954,0.262962,-0.410237,-0.191142
2026-08-05 17:51:46.893,158.199849,0.000000,0.000000,0.000000,0.336970,-0.384250,-0.227104,0.137127,-0.370349,-0.229587,0.237048,-0.377299,-0.228345,0.206747,-0.415977,-0.195041,0.230699,-0.415946,-0.125752,0.263442,-0.413360,-0.191653
2026-08-05 17:51:46.993,158.299849,0.000000,0.000000,0.000000,0.337225,-0.383249,-0.227182,0.137127,-0.370349,-0.229587,0.237176,-0.376799,-0.228384,0.206679,-0.416992,-0.195008,0.230488,-0.417983,-0.125904,0.263442,-0.413360,-0.191653
2026-08-05 17:51:47.093,158.399849,0.000000,0.000000,0.000000,0.336330,-0.380086,-0.226422,0.136526,-0.367206,-0.228824,0.236428,-0.373646,-0.227623,0.206107,-0.411813,-0.194360,0.229827,-0.413856,-0.125933,0.262802,-0.409196,-0.190972
2026-08-05 17:51:47.193,158.499849,0.000000,0.000000,0.000000,0.337225,-0.383249,-0.227182,0.137166,-0.371369,-0.229505,0.237195,-0.377309,-0.228343,0.206611,-0.418008,-0.194975,0.230679,-0.415982,-0.126465,0.263597,-0.412350,-0.191681
2026-08-05 17:51:47.293,158.599849,0.000000,0.000000,0.000000,0.336810,-0.383209,-0.226933,0.137006,-0.370328,-0.229335,0.236908,-0.376768,-0.228134,0.206451,-0.416967,-0.194805,0.230307,-0.416978,-0.126444,0.263282,-0.412319,-0.191483
2026-08-05 17:51:47.393,158.699849,0.000000,0.000000,0.000000,0.336810,-0.383209,-0.226933,0.137006,-0.370328,-0.229335,0.236908,-0.376768,-0.228134,0.206519,-0.415951,-0.194838,0.230286,-0.417014,-0.127154,0.263282,-0.412319,-0.191483
2026-08-05 17:51:47.493,158.799849,0.000000,0.000000,0.000000,0.336810,-0.383209,-0.226933,0.137006,-0.370328,-0.229335,0.236908,-0.376768,-0.228134,0.206519,-0.415951,-0.194838,0.229578,-0.416967,-0.127136,0.263282,-0.412319,-0.191483
2026-08-05 17:51:47.593,158.899848,0.000000,0.000000,0.000000,0.337290,-0.386331,-0.227444,0.137486,-0.373451,-0.229846,0.237388,-0.379891,-0.228645,0.206863,-0.421105,-0.195283,0.229901,-0.421618,-0.127757,0.263762,-0.415442,-0.191994
2026-08-05 17:51:47.693,158.999848,0.000000,0.000000,0.000000,0.336074,-0.381087,-0.226344,0.136526,-0.367206,-0.228824,0.236300,-0.374146,-0.227584,0.205903,-0.414859,-0.194261,0.228973,-0.414899,-0.127407,0.262802,-0.409196,-0.190972
2026-08-05 17:51:47.793,159.099848,0.000000,0.000000,0.000000,0.336970,-0.384250,-0.227104,0.137166,-0.371369,-0.229505,0.237068,-0.377809,-0.228304,0.206611,-0.418008,-0.194975,0.229612,-0.419063,-0.128089,0.263442,-0.413360,-0.191653
2026-08-05 17:51:47.893,159.199848,0.000000,0.000000,0.000000,0.336650,-0.382168,-0.226763,0.136846,-0.369287,-0.229165,0.236748,-0.375728,-0.227964,0.206291,-0.415926,-0.194635,0.230211,-0.414991,-0.127621,0.263122,-0.411278,-0.191313
2026-08-05 17:51:47.993,159.299848,0.000000,0.000000,0.000000,0.336394,-0.383169,-0.226685,0.136807,-0.368268,-0.229246,0.236601,-0.375718,-0.227966,0.206291,-0.415926,-0.194635,0.229873,-0.418082,-0.128547,0.262967,-0.412288,-0.191285
2026-08-05 17:51:48.093,159.399848,0.000000,0.000000,0.000000,0.336810,-0.383209,-0.226933,0.136967,-0.369308,-0.229416,0.236888,-0.376259,-0.228175,0.206383,-0.417982,-0.194772,0.230350,-0.416068,-0.128502,0.263127,-0.413329,-0.191456
2026-08-05 17:51:48.193,159.499848,0.000000,0.000000,0.000000,0.336970,-0.384250,-0.227104,0.137166,-0.371369,-0.229505,0.237068,-0.377809,-0.228304,0.206611,-0.418008,-0.194975,0.230278,-0.419181,-0.129525,0.263442,-0.413360,-0.191653
2026-08-05 17:51:48.293,159.599848,0.000000,0.000000,0.000000,0.336650,-0.382168,-0.226763,0.136846,-0.369287,-0.229165,0.236748,-0.375728,-0.227964,0.206291,-0.415926,-0.194635,0.230043,-0.416117,-0.129824,0.262946,-0.412325,-0.192005
2026-08-05 17:51:48.393,159.699848,0.000000,0.000000,0.000000,0.337225,-0.383249,-0.227182,0.137127,-0.370349,-0.229587,0.237176,-0.376799,-0.228384,0.206590,-0.418044,-0.195688,0.231071,-0.418246,-0.130183,0.262701,-0.413349,-0.192356
2026-08-05 17:51:48.493,159.799848,0.000000,0.000000,0.000000,0.336810,-0.383209,-0.226933,0.137006,-0.370328,-0.229335,0.236908,-0.376768,-0.228134,0.206498,-0.415987,-0.195551,0.230890,-0.417241,-0.130722,0.262387,-0.413318,-0.192157
2026-08-05 17:51:48.593,159.899848,0.000000,0.000000,0.000000,0.336490,-0.381127,-0.226593,0.136647,-0.367227,-0.229076,0.236568,-0.374177,-0.227834,0.206110,-0.414921,-0.195177,0.231366,-0.414224,-0.131043,0.262067,-0.411236,-0.191816
2026-08-05 17:51:48.693,159.999847,0.000000,0.000000,0.000000,0.337385,-0.384290,-0.227352,0.137326,-0.372410,-0.229676,0.237355,-0.378350,-0.228514,0.206750,-0.419085,-0.195858,0.231790,-0.420424,-0.131859,0.262707,-0.415400,-0.192498
2026-08-05 17:51:48.793,160.099847,0.000000,0.000000,0.000000,0.336490,-0.381127,-0.226593,0.136686,-0.368246,-0.228994,0.236588,-0.374687,-0.227793,0.206110,-0.414921,-0.195177,0.231728,-0.417361,-0.131970,0.262067,-0.411236,-0.191816
2026-08-05 17:51:48.893,160.199847,0.000000,0.000000,0.000000,0.336650,-0.382168,-0.226763,0.136846,-0.369287,-0.229165,0.236748,-0.375728,-0.227964,0.206270,-0.415962,-0.195347,0.231997,-0.417384,-0.132075,0.262073,-0.413287,-0.191958
2026-08-05 17:51:48.993,160.299847,0.000000,0.000000,0.000000,0.337385,-0.384290,-0.227352,0.137326,-0.372410,-0.229676,0.237355,-0.378350,-0.228514,0.206750,-0.419085,-0.195858,0.233164,-0.420589,-0.133313,0.262707,-0.415400,-0.192498
2026-08-05 17:51:49.093,160.399847,0.000000,0.000000,0.000000,0.337065,-0.382208,-0.227011,0.137006,-0.370328,-0.229335,0.237035,-0.376268,-0.228173,0.206430,-0.417003,-0.195517,0.232953,-0.417490,-0.132908,0.262233,-0.414328,-0.192129
2026-08-05 17:51:49.193,160.499847,0.000000,0.000000,0.000000,0.336650,-0.382168,-0.226763,0.136807,-0.368268,-0.229246,0.236728,-0.375218,-0.228005,0.206338,-0.414946,-0.195381,0.232608,-0.418011,-0.133543,0.262073,-0.413287,-0.191958
2026-08-05 17:51:49.293,160.599847,0.000000,0.000000,0.000000,0.336010,-0.378004,-0.226082,0.136206,-0.365124,-0.228483,0.236108,-0.371564,-0.227282,0.205698,-0.410783,-0.194700,0.232952,-0.411350,-0.132721,0.260716,-0.409076,-0.191258
2026-08-05 17:51:49.393,160.699847,0.000000,0.000000,0.000000,0.337065,-0.382208,-0.227011,0.137006,-0.370328,-0.229335,0.237035,-0.376268,-0.228173,0.206498,-0.415987,-0.195551,0.233509,-0.418626,-0.134409,0.261669,-0.413270,-0.192138
2026-08-05 17:51:49.493,160.799847,0.000000,0.000000,0.000000,0.336170,-0.379045,-0.226252,0.136366,-0.366165,-0.228654,0.236268,-0.372605,-0.227453,0.205790,-0.412839,-0.194836,0.233633,-0.414001,-0.133714,0.261029,-0.409106,-0.191457
2026-08-05 17:51:49.593,160.899847,0.000000,0.000000,0.000000,0.335850,-0.376963,-0.225911,0.136046,-0.364083,-0.228313,0.235948,-0.370523,-0.227112,0.205470,-0.410757,-0.194495,0.233481,-0.410392,-0.133280,0.260709,-0.407025,-0.191116
2026-08-05 17:51:49.693,160.999846,0.000000,0.000000,0.000000,0.336490,-0.381127,-0.226593,0.136686,-0.368246,-0.228994,0.236588,-0.374687,-0.227793,0.206890,-0.413953,-0.195229,0.234212,-0.413574,-0.134611,0.261349,-0.411188,-0.191798
2026-08-05 17:51:49.793,161.099846,0.000000,0.000000,0.000000,0.337225,-0.383249,-0.227182,0.137127,-0.370349,-0.229587,0.237176,-0.376799,-0.228384,0.207370,-0.417076,-0.195740,0.235290,-0.417762,-0.135202,0.261676,-0.415321,-0.192280
2026-08-05 17:51:49.893,161.199846,0.000000,0.000000,0.000000,0.336810,-0.383209,-0.226933,0.137006,-0.370328,-0.229335,0.236908,-0.376768,-0.228134,0.207210,-0.416035,-0.195570,0.235109,-0.416757,-0.135743,0.261669,-0.413270,-0.192138
2026-08-05 17:51:49.993,161.299846,0.000000,0.000000,0.000000,0.336650,-0.382168,-0.226763,0.136846,-0.369287,-0.229165,0.236748,-0.375728,-0.227964,0.207119,-0.413978,-0.195433,0.235658,-0.415763,-0.135591,0.261356,-0.413239,-0.191940
2026-08-05 17:51:50.093,161.399846,0.000000,0.000000,0.000000,0.336266,-0.377003,-0.226160,0.136167,-0.364104,-0.228565,0.236216,-0.370553,-0.227362,0.206410,-0.410830,-0.194718,0.235019,-0.411599,-0.134910,0.260716,-0.409076,-0.191258
2026-08-05 17:51:50.193,161.499846,0.000000,0.000000,0.000000,0.336330,-0.380086,-0.226422,0.136526,-0.367206,-0.228824,0.236428,-0.373646,-0.227623,0.206799,-0.411897,-0.195093,0.236200,-0.412239,-0.135892,0.261189,-0.410147,-0.191627
2026-08-05 17:51:50.293,161.599846,0.000000,0.000000,0.000000,0.336330,-0.380086,-0.226422,0.136526,-0.367206,-0.228824,0.236428,-0.373646,-0.227623,0.206799,-0.411897,-0.195093,0.236143,-0.412747,-0.135921,0.261189,-0.410147,-0.191627
2026-08-05 17:51:50.393,161.699846,0.000000,0.000000,0.000000,0.336970,-0.384250,-0.227104,0.137127,-0.370349,-0.229587,0.237048,-0.377299,-0.228345,0.208173,-0.416072,-0.195078,0.236646,-0.417964,-0.137372,0.261110,-0.414263,-0.192290
2026-08-05 17:51:50.493,161.799846,0.000000,0.000000,0.000000,0.336970,-0.384250,-0.227104,0.137166,-0.371369,-0.229505,0.237068,-0.377809,-0.228304,0.208152,-0.416108,-0.195793,0.237298,-0.418520,-0.137420,0.261110,-0.414263,-0.192290
2026-08-05 17:51:50.593,161.899846,0.000000,0.000000,0.000000,0.337065,-0.382208,-0.227011,0.137006,-0.370328,-0.229335,0.237035,-0.376268,-0.228173,0.208062,-0.414052,-0.195656,0.237059,-0.418023,-0.137988,0.261102,-0.412212,-0.192148
2026-08-05 17:51:50.693,161.999846,0.000000,0.000000,0.000000,0.337065,-0.382208,-0.227011,0.137006,-0.370328,-0.229335,0.237035,-0.376268,-0.228173,0.207992,-0.415067,-0.195622,0.237154,-0.417042,-0.138643,0.260950,-0.413222,-0.192119
2026-08-05 17:51:50.793,162.099845,0.000000,0.000000,0.000000,0.335530,-0.374881,-0.225571,0.135726,-0.362001,-0.227972,0.235628,-0.368441,-0.226771,0.206712,-0.406739,-0.194260,0.236702,-0.407745,-0.137243,0.259822,-0.403885,-0.190785
2026-08-05 17:51:50.893,162.199845,0.000000,0.000000,0.000000,0.336330,-0.380086,-0.226422,0.136526,-0.367206,-0.228824,0.236428,-0.373646,-0.227623,0.207512,-0.411944,-0.195111,0.237598,-0.411969,-0.138753,0.260470,-0.410100,-0.191608
2026-08-05 17:51:50.993,162.299845,0.000000,0.000000,0.000000,0.336490,-0.381127,-0.226593,0.136686,-0.368246,-0.228994,0.236588,-0.374687,-0.227793,0.207672,-0.412985,-0.195282,0.238470,-0.413057,-0.138941,0.260609,-0.411177,-0.192499
2026-08-05 17:51:51.093,162.399845,0.000000,0.000000,0.000000,0.336810,-0.383209,-0.226933,0.136967,-0.369308,-0.229416,0.236888,-0.376259,-0.228175,0.207992,-0.415067,-0.195622,0.238769,-0.415175,-0.139995,0.261102,-0.412212,-0.192148
2026-08-05 17:51:51.193,162.499845,0.000000,0.000000,0.000000,0.336585,-0.379085,-0.226500,0.136526,-0.367206,-0.228824,0.236556,-0.373145,-0.227662,0.207512,-0.411944,-0.195111,0.238268,-0.412088,-0.140198,0.260449,-0.410136,-0.192329
2026-08-05 17:51:51.293,162.599845,0.000000,0.000000,0.000000,0.336810,-0.383209,-0.226933,0.137006,-0.370328,-0.229335,0.236908,-0.376768,-0.228134,0.207922,-0.416082,-0.195588,0.239579,-0.414242,-0.140675,0.261081,-0.412249,-0.192869
2026-08-05 17:51:51.393,162.699845,0.000000,0.000000,0.000000,0.336490,-0.381127,-0.226593,0.136647,-0.367227,-0.229076,0.236568,-0.374177,-0.227834,0.207602,-0.414000,-0.195248,0.239238,-0.412196,-0.141049,0.260761,-0.410167,-0.192528
2026-08-05 17:51:51.493,162.799845,0.000000,0.000000,0.000000,0.336425,-0.378044,-0.226330,0.136327,-0.365145,-0.228735,0.236376,-0.371594,-0.227533,0.207282,-0.411918,-0.194907,0.239731,-0.409181,-0.141392,0.260289,-0.409095,-0.192158
2026-08-05 17:51:51.593,162.899845,0.000000,0.000000,0.000000,0.336650,-0.382168,-0.226763,0.136768,-0.367248,-0.229328,0.236709,-0.374708,-0.228045,0.208524,-0.414109,-0.196185,0.240211,-0.412304,-0.141903,0.260921,-0.411208,-0.192699
2026-08-05 17:51:51.693,162.999845,0.000000,0.000000,0.000000,0.336905,-0.381167,-0.226841,0.136846,-0.369287,-0.229165,0.236876,-0.375227,-0.228003,0.207832,-0.414026,-0.195452,0.240190,-0.412340,-0.142618,0.260921,-0.411208,-0.192699
2026-08-05 17:51:51.793,163.099844,0.000000,0.000000,0.000000,0.336490,-0.381127,-0.226593,0.136686,-0.368246,-0.228994,0.236588,-0.374687,-0.227793,0.208385,-0.413032,-0.195300,0.240622,-0.412363,-0.142515,0.260761,-0.410167,-0.192528
2026-08-05 17:51:51.893,163.199844,0.000000,0.000000,0.000000,0.336970,-0.384250,-0.227104,0.137166,-0.371369,-0.229505,0.237068,-0.377809,-0.228304,0.208844,-0.416191,-0.196526,0.241203,-0.414506,-0.143693,0.261240,-0.413290,-0.193039
2026-08-05 17:51:51.993,163.299844,0.000000,0.000000,0.000000,0.336810,-0.383209,-0.226933,0.137006,-0.370328,-0.229335,0.236908,-0.376768,-0.228134,0.208684,-0.415150,-0.196355,0.241634,-0.414528,-0.143589,0.261081,-0.412249,-0.192869
2026-08-05 17:51:52.093,163.399844,0.000000,0.000000,0.000000,0.336810,-0.383209,-0.226933,0.137006,-0.370328,-0.229335,0.236908,-0.376768,-0.228134,0.208684,-0.415150,-0.196355,0.241613,-0.414564,-0.144303,0.261081,-0.412249,-0.192869
2026-08-05 17:51:52.193,163.499844,0.000000,0.000000,0.000000,0.336810,-0.383209,-0.226933,0.137006,-0.370328,-0.229335,0.236908,-0.376768,-0.228134,0.208613,-0.416165,-0.196320,0.241613,-0.414564,-0.144303,0.261232,-0.411238,-0.192898
2026-08-05 17:51:52.293,163.599844,0.000000,0.000000,0.000000,0.336650,-0.382168,-0.226763,0.136846,-0.369287,-0.229165,0.236748,-0.375728,-0.227964,0.208524,-0.414109,-0.196185,0.241432,-0.413560,-0.144847,0.260921,-0.411208,-0.192699
2026-08-05 17:51:52.393,163.699844,0.000000,0.000000,0.000000,0.336810,-0.383209,-0.226933,0.137006,-0.370328,-0.229335,0.236908,-0.376768,-0.228134,0.208613,-0.416165,-0.196320,0.241592,-0.414601,-0.145018,0.260929,-0.413259,-0.192840
2026-08-05 17:51:52.493,163.799844,0.000000,0.000000,0.000000,0.336490,-0.381127,-0.226593,0.136686,-0.368246,-0.228994,0.236588,-0.374687,-0.227793,0.208328,-0.413576,-0.195997,0.241272,-0.412519,-0.144677,0.260609,-0.411177,-0.192499
2026-08-05 17:51:52.593,163.899844,0.000000,0.000000,0.000000,0.337290,-0.386331,-0.227444,0.137486,-0.373451,-0.229846,0.237388,-0.379891,-0.228645,0.209164,-0.418273,-0.196866,0.242072,-0.417723,-0.145529,0.261712,-0.414361,-0.193409
2026-08-05 17:51:52.693,163.999844,0.000000,0.000000,0.000000,0.336650,-0.382168,-0.226763,0.136807,-0.368268,-0.229246,0.236728,-0.375218,-0.228005,0.208524,-0.414109,-0.196185,0.241432,-0.413560,-0.144847,0.260921,-0.411208,-0.192699
2026-08-05 17:51:52.793,164.099844,0.000000,0.000000,0.000000,0.336650,-0.382168,-0.226763,0.136846,-0.369287,-0.229165,0.236748,-0.375728,-0.227964,0.208453,-0.415124,-0.196150,0.241411,-0.413596,-0.145562,0.260921,-0.411208,-0.192699
2026-08-05 17:51:52.893,164.199843,0.000000,0.000000,0.000000,0.336970,-0.384250,-0.227104,0.137166,-0.371369,-0.229505,0.237068,-0.377809,-0.228304,0.209557,-0.416239,-0.196544,0.241731,-0.415678,-0.145903,0.261240,-0.413290,-0.193039
2026-08-05 17:51:52.993,164.299843,0.000000,0.000000,0.000000,0.337225,-0.383249,-0.227182,0.137127,-0.370349,-0.229587,0.237176,-0.376799,-0.228384,0.209484,-0.417254,-0.196509,0.241854,-0.414662,-0.145858,0.261240,-0.413290,-0.193039
2026-08-05 17:51:53.093,164.399843,0.000000,0.000000,0.000000,0.336490,-0.381127,-0.226593,0.136647,-0.367227,-0.229076,0.236568,-0.374177,-0.227834,0.209005,-0.414131,-0.195998,0.241374,-0.411539,-0.145347,0.260041,-0.410119,-0.192510
2026-08-05 17:51:53.193,164.499843,0.000000,0.000000,0.000000,0.336905,-0.381167,-0.226841,0.136807,-0.368268,-0.229246,0.236856,-0.374717,-0.228044,0.209186,-0.415136,-0.195455,0.241534,-0.412580,-0.145518,0.260352,-0.410150,-0.192709
2026-08-05 17:51:53.293,164.599843,0.000000,0.000000,0.000000,0.336970,-0.384250,-0.227104,0.137166,-0.371369,-0.229505,0.237068,-0.377809,-0.228304,0.209578,-0.416202,-0.195830,0.241875,-0.414625,-0.145143,0.260521,-0.413242,-0.193021
2026-08-05 17:51:53.393,164.699843,0.000000,0.000000,0.000000,0.337130,-0.385290,-0.227274,0.137326,-0.372410,-0.229676,0.237228,-0.378850,-0.228475,0.209738,-0.417243,-0.196000,0.242035,-0.415666,-0.145313,0.260831,-0.413272,-0.193220
2026-08-05 17:51:53.493,164.799843,0.000000,0.000000,0.000000,0.337225,-0.383249,-0.227182,0.137166,-0.371369,-0.229505,0.237195,-0.377309,-0.228343,0.210327,-0.415742,-0.195866,0.241752,-0.415641,-0.145188,0.260521,-0.413242,-0.193021
2026-08-05 17:51:53.593,164.899843,0.000000,0.000000,0.000000,0.336970,-0.384250,-0.227104,0.137166,-0.371369,-0.229505,0.237068,-0.377809,-0.228304,0.210364,-0.415235,-0.195883,0.241139,-0.414614,-0.145840,0.260671,-0.412231,-0.193050
2026-08-05 17:51:53.693,164.999843,0.000000,0.000000,0.000000,0.336490,-0.381127,-0.226593,0.136686,-0.368246,-0.228994,0.236588,-0.374687,-0.227793,0.209884,-0.412112,-0.195372,0.240660,-0.411491,-0.145329,0.260041,-0.410119,-0.192510
2026-08-05 17:51:53.793,165.099843,0.000000,0.000000,0.000000,0.336330,-0.380086,-0.226422,0.136487,-0.366186,-0.228905,0.236409,-0.373136,-0.227664,0.209724,-0.411071,-0.195201,0.240500,-0.410450,-0.145158,0.260032,-0.408068,-0.192369
2026-08-05 17:51:53.893,165.199842,0.000000,0.000000,0.000000,0.336810,-0.383209,-0.226933,0.137006,-0.370328,-0.229335,0.236908,-0.376768,-0.228134,0.210278,-0.413179,-0.195746,0.240979,-0.413573,-0.145669,0.260361,-0.412201,-0.192850
2026-08-05 17:51:53.993,165.299842,0.000000,0.000000,0.000000,0.336490,-0.381127,-0.226593,0.136686,-0.368246,-0.228994,0.236588,-0.374687,-0.227793,0.209884,-0.412112,-0.195372,0.240660,-0.411491,-0.145329,0.260342,-0.408098,-0.192568
2026-08-05 17:51:54.093,165.399842,0.000000,0.000000,0.000000,0.336810,-0.383209,-0.226933,0.136967,-0.369308,-0.229416,0.236888,-0.376259,-0.228175,0.210204,-0.414194,-0.195712,0.240979,-0.413573,-0.145669,0.260511,-0.411191,-0.192880
2026-08-05 17:51:54.193,165.499842,0.000000,0.000000,0.000000,0.336490,-0.381127,-0.226593,0.136686,-0.368246,-0.228994,0.236588,-0.374687,-0.227793,0.210598,-0.412159,-0.195390,0.240660,-0.411491,-0.145329,0.260342,-0.408098,-0.192568
2026-08-05 17:51:54.293,165.599842,0.000000,0.000000,0.000000,0.337225,-0.383249,-0.227182,0.137127,-0.370349,-0.229587,0.237176,-0.376799,-0.228384,0.210364,-0.415235,-0.195883,0.241139,-0.414614,-0.145840,0.260822,-0.411221,-0.193079
2026-08-05 17:51:54.393,165.699842,0.000000,0.000000,0.000000,0.336330,-0.380086,-0.226422,0.136487,-0.366186,-0.228905,0.236409,-0.373136,-0.227664,0.209651,-0.412086,-0.195167,0.240500,-0.410450,-0.145158,0.260032,-0.408068,-0.192369
2026-08-05 17:51:54.493,165.799842,0.000000,0.000000,0.000000,0.336810,-0.383209,-0.226933,0.137006,-0.370328,-0.229335,0.236908,-0.376768,-0.228134,0.210204,-0.414194,-0.195712,0.240979,-0.413573,-0.145669,0.260511,-0.411191,-0.192880
2026-08-05 17:51:54.593,165.899842,0.000000,0.000000,0.000000,0.336490,-0.381127,-0.226593,0.136647,-0.367227,-0.229076,0.236568,-0.374177,-0.227834,0.209884,-0.412112,-0.195372,0.240660,-0.411491,-0.145329,0.260192,-0.409109,-0.192539
2026-08-05 17:51:54.693,165.999842,0.000000,0.000000,0.000000,0.336170,-0.379045,-0.226252,0.136327,-0.365145,-0.228735,0.236249,-0.372095,-0.227494,0.209491,-0.411045,-0.194997,0.240340,-0.409409,-0.144988,0.260022,-0.406017,-0.192228
2026-08-05 17:51:54.793,166.099842,0.000000,0.000000,0.000000,0.336010,-0.378004,-0.226082,0.136206,-0.365124,-0.228483,0.236108,-0.371564,-0.227282,0.209331,-0.410004,-0.194826,0.240180,-0.408369,-0.144818,0.259712,-0.405986,-0.192028
2026-08-05 17:51:54.893,166.199841,0.000000,0.000000,0.000000,0.336330,-0.380086,-0.226422,0.136487,-0.366186,-0.228905,0.236409,-0.373136,-0.227664,0.209703,-0.411107,-0.195917,0.240479,-0.410487,-0.145874,0.259881,-0.409078,-0.192339
2026-08-05 17:51:54.993,166.299841,0.000000,0.000000,0.000000,0.337290,-0.386331,-0.227444,0.137486,-0.373451,-0.229846,0.237388,-0.379891,-0.228645,0.210590,-0.418368,-0.196904,0.241317,-0.417748,-0.146939,0.260991,-0.414313,-0.193391
2026-08-05 17:51:55.093,166.399841,0.000000,0.000000,0.000000,0.336234,-0.382128,-0.226515,0.136647,-0.367227,-0.229076,0.236441,-0.374677,-0.227795,0.209863,-0.412148,-0.196087,0.240660,-0.411491,-0.145329,0.260192,-0.409109,-0.192539
2026-08-05 17:51:55.193,166.499841,0.000000,0.000000,0.000000,0.336810,-0.383209,-0.226933,0.137006,-0.370328,-0.229335,0.236908,-0.376768,-0.228134,0.210183,-0.414230,-0.196428,0.240979,-0.413573,-0.145669,0.260511,-0.411191,-0.192880
2026-08-05 17:51:55.293,166.599841,0.000000,0.000000,0.000000,0.336170,-0.379045,-0.226252,0.136366,-0.366165,-0.228654,0.236268,-0.372605,-0.227453,0.209564,-0.410030,-0.195031,0.239625,-0.409362,-0.144969,0.259872,-0.407027,-0.192198
2026-08-05 17:51:55.393,166.699841,0.000000,0.000000,0.000000,0.336745,-0.380126,-0.226671,0.136647,-0.367227,-0.229076,0.236696,-0.373676,-0.227873,0.209863,-0.412148,-0.196087,0.239825,-0.412460,-0.145354,0.260342,-0.408098,-0.192568
2026-08-05 17:51:55.493,166.799841,0.000000,0.000000,0.000000,0.336810,-0.383209,-0.226933,0.136967,-0.369308,-0.229416,0.236888,-0.376259,-0.228175,0.210110,-0.415245,-0.196393,0.239313,-0.415511,-0.145721,0.260511,-0.411191,-0.192880
2026-08-05 17:51:55.593,166.899841,0.000000,0.000000,0.000000,0.337290,-0.386331,-0.227444,0.137486,-0.373451,-0.229846,0.237388,-0.379891,-0.228645,0.210663,-0.417353,-0.196939,0.239933,-0.417581,-0.145473,0.260991,-0.414313,-0.193391
2026-08-05 17:51:55.693,166.999841,0.000000,0.000000,0.000000,0.337065,-0.382208,-0.227011,0.137006,-0.370328,-0.229335,0.237035,-0.376268,-0.228173,0.210183,-0.414230,-0.196428,0.238740,-0.414411,-0.144943,0.260662,-0.410180,-0.192909
2026-08-05 17:51:55.793,167.099841,0.000000,0.000000,0.000000,0.336810,-0.383209,-0.226933,0.136967,-0.369308,-0.229416,0.236888,-0.376259,-0.228175,0.210256,-0.413215,-0.196463,0.238761,-0.414375,-0.144229,0.260662,-0.410180,-0.192909
2026-08-05 17:51:55.893,167.199841,0.000000,0.000000,0.000000,0.335690,-0.375922,-0.225741,0.135847,-0.362022,-0.228224,0.235769,-0.368972,-0.226983,0.209085,-0.406907,-0.194520,0.237641,-0.407088,-0.143037,0.259543,-0.402894,-0.191717
2026-08-05 17:51:55.993,167.299840,0.000000,0.000000,0.000000,0.336490,-0.381127,-0.226593,0.136647,-0.367227,-0.229076,0.236568,-0.374177,-0.227834,0.209937,-0.411133,-0.196122,0.238344,-0.413273,-0.143221,0.260493,-0.407088,-0.192598
2026-08-05 17:51:56.093,167.399840,0.000000,0.000000,0.000000,0.336330,-0.380086,-0.226422,0.136487,-0.366186,-0.228905,0.236409,-0.373136,-0.227664,0.209724,-0.411071,-0.195201,0.238184,-0.412232,-0.143051,0.260182,-0.407057,-0.192398
2026-08-05 17:51:56.193,167.499840,0.000000,0.000000,0.000000,0.336970,-0.384250,-0.227104,0.137166,-0.371369,-0.229505,0.237068,-0.377809,-0.228304,0.210416,-0.414256,-0.196633,0.238963,-0.415344,-0.142970,0.260822,-0.411221,-0.193079
2026-08-05 17:51:56.293,167.599840,0.000000,0.000000,0.000000,0.336970,-0.384250,-0.227104,0.137127,-0.370349,-0.229587,0.237048,-0.377299,-0.228345,0.210416,-0.414256,-0.196633,0.238963,-0.415344,-0.142970,0.260822,-0.411221,-0.193079
2026-08-05 17:51:56.393,167.699840,0.000000,0.000000,0.000000,0.336330,-0.380086,-0.226422,0.136487,-0.366186,-0.228905,0.236409,-0.373136,-0.227664,0.209777,-0.410092,-0.195952,0.238226,-0.412160,-0.141624,0.260182,-0.407057,-0.192398
2026-08-05 17:51:56.493,167.799840,0.000000,0.000000,0.000000,0.336330,-0.380086,-0.226422,0.136526,-0.367206,-0.228824,0.236428,-0.373646,-0.227623,0.209703,-0.411107,-0.195917,0.238226,-0.412160,-0.141624,0.260182,-0.407057,-0.192398
2026-08-05 17:51:56.593,167.899840,0.000000,0.000000,0.000000,0.336810,-0.383209,-0.226933,0.137006,-0.370328,-0.229335,0.236908,-0.376768,-0.228134,0.210183,-0.414230,-0.196428,0.238706,-0.415283,-0.142136,0.260662,-0.410180,-0.192909
2026-08-05 17:51:56.693,167.999840,0.000000,0.000000,0.000000,0.336970,-0.384250,-0.227104,0.137127,-0.370349,-0.229587,0.237048,-0.377299,-0.228345,0.210416,-0.414256,-0.196633,0.238768,-0.417305,-0.141644,0.260822,-0.411221,-0.193079
2026-08-05 17:51:56.793,168.099840,0.000000,0.000000,0.000000,0.336010,-0.378004,-0.226082,0.136206,-0.365124,-0.228483,0.236108,-0.371564,-0.227282,0.209457,-0.408010,-0.195611,0.238045,-0.409026,-0.140519,0.259862,-0.404976,-0.192057
2026-08-05 17:51:56.893,168.199840,0.000000,0.000000,0.000000,0.337130,-0.385290,-0.227274,0.137287,-0.371390,-0.229757,0.237208,-0.378340,-0.228516,0.210576,-0.415297,-0.196804,0.239046,-0.417329,-0.141763,0.260982,-0.412262,-0.193250
2026-08-05 17:51:56.993,168.299839,0.000000,0.000000,0.000000,0.336330,-0.380086,-0.226422,0.136526,-0.367206,-0.228824,0.236428,-0.373646,-0.227623,0.209703,-0.411107,-0.195917,0.238268,-0.412088,-0.140198,0.260182,-0.407057,-0.192398
2026-08-05 17:51:57.093,168.399839,0.000000,0.000000,0.000000,0.336490,-0.381127,-0.226593,0.136686,-0.368246,-0.228994,0.236588,-0.374687,-0.227793,0.209937,-0.411133,-0.196122,0.238428,-0.413129,-0.140368,0.260493,-0.407088,-0.192598
2026-08-05 17:51:57.193,168.499839,0.000000,0.000000,0.000000,0.337545,-0.385331,-0.227522,0.137486,-0.373451,-0.229846,0.237515,-0.379391,-0.228684,0.210757,-0.416302,-0.196257,0.239367,-0.417281,-0.140453,0.261293,-0.412293,-0.193449
2026-08-05 17:51:57.293,168.599839,0.000000,0.000000,0.000000,0.336330,-0.380086,-0.226422,0.136526,-0.367206,-0.228824,0.236428,-0.373646,-0.227623,0.209798,-0.410056,-0.195235,0.238407,-0.411035,-0.139431,0.261056,-0.406095,-0.192446
2026-08-05 17:51:57.393,168.699839,0.000000,0.000000,0.000000,0.337065,-0.382208,-0.227011,0.136967,-0.369308,-0.229416,0.237016,-0.375758,-0.228214,0.210256,-0.413215,-0.196463,0.238790,-0.415139,-0.139282,0.261536,-0.409218,-0.192957
2026-08-05 17:51:57.493,168.799839,0.000000,0.000000,0.000000,0.336585,-0.379085,-0.226500,0.136526,-0.367206,-0.228824,0.236556,-0.373145,-0.227662,0.209798,-0.410056,-0.195235,0.238428,-0.410999,-0.138717,0.261056,-0.406095,-0.192446
2026-08-05 17:51:57.593,168.899839,0.000000,0.000000,0.000000,0.336810,-0.383209,-0.226933,0.137006,-0.370328,-0.229335,0.236908,-0.376768,-0.228134,0.210204,-0.414194,-0.195712,0.238078,-0.415092,-0.139264,0.261536,-0.409218,-0.192957
2026-08-05 17:51:57.693,168.999839,0.000000,0.000000,0.000000,0.336425,-0.378044,-0.226330,0.136327,-0.365145,-0.228735,0.236376,-0.371594,-0.227533,0.209638,-0.409015,-0.195065,0.237341,-0.411909,-0.137924,0.260744,-0.406064,-0.192246
2026-08-05 17:51:57.793,169.099839,0.000000,0.000000,0.000000,0.336490,-0.381127,-0.226593,0.136647,-0.367227,-0.229076,0.236568,-0.374177,-0.227834,0.209958,-0.411097,-0.195406,0.237661,-0.413991,-0.138265,0.261216,-0.407136,-0.192617
2026-08-05 17:51:57.893,169.199839,0.000000,0.000000,0.000000,0.336970,-0.384250,-0.227104,0.137166,-0.371369,-0.229505,0.237068,-0.377809,-0.228304,0.210438,-0.414220,-0.195917,0.238259,-0.416097,-0.138721,0.261696,-0.410259,-0.193128
2026-08-05 17:51:57.993,169.299839,0.000000,0.000000,0.000000,0.336970,-0.384250,-0.227104,0.137166,-0.371369,-0.229505,0.237068,-0.377809,-0.228304,0.210438,-0.414220,-0.195917,0.238162,-0.417077,-0.138064,0.261717,-0.410222,-0.192403
2026-08-05 17:51:58.093,169.399838,0.000000,0.000000,0.000000,0.336810,-0.383209,-0.226933,0.136967,-0.369308,-0.229416,0.236888,-0.376259,-0.228175,0.210278,-0.413179,-0.195746,0.238002,-0.416036,-0.137894,0.261557,-0.409182,-0.192233
2026-08-05 17:51:58.193,169.499838,0.000000,0.000000,0.000000,0.336650,-0.382168,-0.226763,0.136846,-0.369287,-0.229165,0.236748,-0.375728,-0.227964,0.210118,-0.412138,-0.195576,0.237863,-0.414960,-0.137011,0.261246,-0.409151,-0.192034
2026-08-05 17:51:58.293,169.599838,0.000000,0.000000,0.000000,0.336970,-0.384250,-0.227104,0.137127,-0.370349,-0.229587,0.237048,-0.377299,-0.228345,0.210438,-0.414220,-0.195917,0.238301,-0.416024,-0.137294,0.261717,-0.410222,-0.192403
2026-08-05 17:51:58.393,169.699838,0.000000,0.000000,0.000000,0.336330,-0.380086,-0.226422,0.136526,-0.367206,-0.228824,0.236428,-0.373646,-0.227623,0.209798,-0.410056,-0.195235,0.236832,-0.412830,-0.136652,0.261077,-0.406059,-0.191722
2026-08-05 17:51:58.493,169.799838,0.000000,0.000000,0.000000,0.336650,-0.382168,-0.226763,0.136846,-0.369287,-0.229165,0.236748,-0.375728,-0.227964,0.210044,-0.413153,-0.195542,0.237173,-0.414876,-0.136280,0.261397,-0.408141,-0.192062
2026-08-05 17:51:58.593,169.899838,0.000000,0.000000,0.000000,0.337290,-0.386331,-0.227444,0.137486,-0.373451,-0.229846,0.237388,-0.379891,-0.228645,0.210684,-0.417317,-0.196223,0.237813,-0.419040,-0.136962,0.262037,-0.412304,-0.192744
2026-08-05 17:51:58.693,169.999838,0.000000,0.000000,0.000000,0.337225,-0.383249,-0.227182,0.137127,-0.370349,-0.229587,0.237176,-0.376799,-0.228384,0.210364,-0.415235,-0.195883,0.237377,-0.417975,-0.136680,0.261717,-0.410222,-0.192403
2026-08-05 17:51:58.793,170.099838,0.000000,0.000000,0.000000,0.336810,-0.383209,-0.226933,0.136967,-0.369308,-0.229416,0.236888,-0.376259,-0.228175,0.209490,-0.414146,-0.195694,0.237333,-0.415917,-0.136451,0.261405,-0.410192,-0.192204
2026-08-05 17:51:58.893,170.199838,0.000000,0.000000,0.000000,0.336810,-0.383209,-0.226933,0.137006,-0.370328,-0.229335,0.236908,-0.376768,-0.228134,0.209562,-0.413131,-0.195728,0.237005,-0.418933,-0.135918,0.261557,-0.409182,-0.192233
2026-08-05 17:51:58.993,170.299838,0.000000,0.000000,0.000000,0.337290,-0.386331,-0.227444,0.137408,-0.371411,-0.230009,0.237349,-0.378871,-0.228727,0.210042,-0.416254,-0.196239,0.237834,-0.419004,-0.136249,0.262607,-0.413363,-0.192734
2026-08-05 17:51:59.093,170.399837,0.000000,0.000000,0.000000,0.336490,-0.381127,-0.226593,0.136686,-0.368246,-0.228994,0.236588,-0.374687,-0.227793,0.209170,-0.412065,-0.195353,0.236208,-0.414769,-0.135439,0.261086,-0.408110,-0.191864
2026-08-05 17:51:59.193,170.499837,0.000000,0.000000,0.000000,0.336490,-0.381127,-0.226593,0.136647,-0.367227,-0.229076,0.236568,-0.374177,-0.227834,0.209191,-0.412028,-0.194637,0.236208,-0.414769,-0.135439,0.261960,-0.407148,-0.191911
2026-08-05 17:51:59.293,170.599837,0.000000,0.000000,0.000000,0.335530,-0.374881,-0.225571,0.135726,-0.362001,-0.227972,0.235628,-0.368441,-0.226771,0.208283,-0.404804,-0.194365,0.235500,-0.406453,-0.133584,0.261001,-0.400902,-0.190889
2026-08-05 17:51:59.393,170.699837,0.000000,0.000000,0.000000,0.336490,-0.381127,-0.226593,0.136686,-0.368246,-0.228994,0.236588,-0.374687,-0.227793,0.209170,-0.412065,-0.195353,0.236460,-0.412699,-0.134606,0.261808,-0.408158,-0.191883
2026-08-05 17:51:59.493,170.799837,0.000000,0.000000,0.000000,0.336330,-0.380086,-0.226422,0.136526,-0.367206,-0.228824,0.236428,-0.373646,-0.227623,0.209082,-0.410009,-0.195217,0.236436,-0.410605,-0.133660,0.261648,-0.407117,-0.191712
2026-08-05 17:51:59.593,170.899837,0.000000,0.000000,0.000000,0.336330,-0.380086,-0.226422,0.136526,-0.367206,-0.228824,0.236428,-0.373646,-0.227623,0.209104,-0.409972,-0.194500,0.236436,-0.410605,-0.133660,0.261648,-0.407117,-0.191712
2026-08-05 17:51:59.693,170.999837,0.000000,0.000000,0.000000,0.335850,-0.376963,-0.225911,0.136007,-0.363063,-0.228394,0.235929,-0.370013,-0.227153,0.208551,-0.407865,-0.193956,0.235358,-0.406417,-0.133068,0.261168,-0.403994,-0.191201
2026-08-05 17:51:59.793,171.099837,0.000000,0.000000,0.000000,0.336490,-0.381127,-0.226593,0.136686,-0.368246,-0.228994,0.236588,-0.374687,-0.227793,0.209191,-0.412028,-0.194637,0.235997,-0.410581,-0.133749,0.261808,-0.408158,-0.191883
2026-08-05 17:51:59.893,171.199837,0.000000,0.000000,0.000000,0.336330,-0.380086,-0.226422,0.136526,-0.367206,-0.228824,0.236428,-0.373646,-0.227623,0.208959,-0.412003,-0.194434,0.235744,-0.410521,-0.132927,0.261648,-0.407117,-0.191712
2026-08-05 17:51:59.993,171.299837,0.000000,0.000000,0.000000,0.336010,-0.378004,-0.226082,0.136206,-0.365124,-0.228483,0.236108,-0.371564,-0.227282,0.208711,-0.408906,-0.194126,0.235424,-0.408439,-0.132586,0.261328,-0.405035,-0.191371
2026-08-05 17:52:00.093,171.399837,0.000000,0.000000,0.000000,0.337130,-0.385290,-0.227274,0.137326,-0.372410,-0.229676,0.237228,-0.378850,-0.228475,0.209831,-0.416192,-0.195319,0.236658,-0.414708,-0.133715,0.262447,-0.412322,-0.192564
2026-08-05 17:52:00.193,171.499836,0.000000,0.000000,0.000000,0.336490,-0.381127,-0.226593,0.136686,-0.368246,-0.228994,0.236588,-0.374687,-0.227793,0.209191,-0.412028,-0.194637,0.235811,-0.412543,-0.132447,0.261960,-0.407148,-0.191911
2026-08-05 17:52:00.293,171.599836,0.000000,0.000000,0.000000,0.336970,-0.384250,-0.227104,0.137127,-0.370349,-0.229587,0.237048,-0.377299,-0.228345,0.209599,-0.416166,-0.195115,0.236519,-0.413631,-0.132829,0.262440,-0.410271,-0.192422
2026-08-05 17:52:00.393,171.699836,0.000000,0.000000,0.000000,0.336010,-0.378004,-0.226082,0.136206,-0.365124,-0.228483,0.236108,-0.371564,-0.227282,0.208711,-0.408906,-0.194126,0.234845,-0.407338,-0.131788,0.261481,-0.404025,-0.191400
2026-08-05 17:52:00.493,171.799836,0.000000,0.000000,0.000000,0.336745,-0.380126,-0.226671,0.136686,-0.368246,-0.228994,0.236716,-0.374186,-0.227832,0.208406,-0.412996,-0.194586,0.235212,-0.411479,-0.132364,0.261960,-0.407148,-0.191911
2026-08-05 17:52:00.593,171.899836,0.000000,0.000000,0.000000,0.337545,-0.385331,-0.227522,0.137447,-0.372431,-0.229928,0.237496,-0.378881,-0.228725,0.209277,-0.417186,-0.195471,0.235899,-0.417701,-0.133280,0.262760,-0.412352,-0.192763
2026-08-05 17:52:00.693,171.999836,0.000000,0.000000,0.000000,0.336650,-0.382168,-0.226763,0.136846,-0.369287,-0.229165,0.236748,-0.375728,-0.227964,0.208637,-0.413022,-0.194789,0.235259,-0.413537,-0.132599,0.261967,-0.409199,-0.192053
2026-08-05 17:52:00.793,172.099836,0.000000,0.000000,0.000000,0.336490,-0.381127,-0.226593,0.136686,-0.368246,-0.228994,0.236588,-0.374687,-0.227793,0.208477,-0.411981,-0.194619,0.234893,-0.414495,-0.131847,0.261808,-0.408158,-0.191883
2026-08-05 17:52:00.893,172.199836,0.000000,0.000000,0.000000,0.335690,-0.375922,-0.225741,0.135847,-0.362022,-0.228224,0.235769,-0.368972,-0.226983,0.207677,-0.406776,-0.193767,0.233980,-0.410308,-0.131061,0.261008,-0.402953,-0.191031
2026-08-05 17:52:00.993,172.299836,0.000000,0.000000,0.000000,0.336490,-0.381127,-0.226593,0.136686,-0.368246,-0.228994,0.236588,-0.374687,-0.227793,0.208406,-0.412996,-0.194586,0.235007,-0.413478,-0.131781,0.261808,-0.408158,-0.191883
2026-08-05 17:52:01.093,172.399836,0.000000,0.000000,0.000000,0.336585,-0.379085,-0.226500,0.136526,-0.367206,-0.228824,0.236556,-0.373145,-0.227662,0.208317,-0.410940,-0.194448,0.234136,-0.412390,-0.131592,0.261648,-0.407117,-0.191712
2026-08-05 17:52:01.193,172.499835,0.000000,0.000000,0.000000,0.336810,-0.383209,-0.226933,0.137006,-0.370328,-0.229335,0.236908,-0.376768,-0.228134,0.208726,-0.415078,-0.194927,0.234504,-0.416530,-0.132169,0.262127,-0.410240,-0.192223
2026-08-05 17:52:01.293,172.599835,0.000000,0.000000,0.000000,0.336490,-0.381127,-0.226593,0.136686,-0.368246,-0.228994,0.236588,-0.374687,-0.227793,0.208477,-0.411981,-0.194619,0.234296,-0.413431,-0.131762,0.261808,-0.408158,-0.191883
2026-08-05 17:52:01.393,172.699835,0.000000,0.000000,0.000000,0.336905,-0.381167,-0.226841,0.136846,-0.369287,-0.229165,0.236876,-0.375227,-0.228003,0.208637,-0.413022,-0.194789,0.234344,-0.415489,-0.131999,0.261967,-0.409199,-0.192053
2026-08-05 17:52:01.493,172.799835,0.000000,0.000000,0.000000,0.336970,-0.384250,-0.227104,0.137166,-0.371369,-0.229505,0.237068,-0.377809,-0.228304,0.208886,-0.416119,-0.195097,0.234664,-0.417571,-0.132339,0.262287,-0.411281,-0.192394
2026-08-05 17:52:01.593,172.899835,0.000000,0.000000,0.000000,0.336650,-0.382168,-0.226763,0.136846,-0.369287,-0.229165,0.236748,-0.375728,-0.227964,0.208637,-0.413022,-0.194789,0.234344,-0.415489,-0.131999,0.261967,-0.409199,-0.192053
2026-08-05 17:52:01.693,172.999835,0.000000,0.000000,0.000000,0.336650,-0.382168,-0.226763,0.136846,-0.369287,-0.229165,0.236748,-0.375728,-0.227964,0.208566,-0.414037,-0.194756,0.234344,-0.415489,-0.131999,0.261815,-0.410209,-0.192025
2026-08-05 17:52:01.793,173.099835,0.000000,0.000000,0.000000,0.337065,-0.382208,-0.227011,0.137006,-0.370328,-0.229335,0.237035,-0.376268,-0.228173,0.208868,-0.413048,-0.194992,0.234504,-0.416530,-0.132169,0.261974,-0.411250,-0.192195
2026-08-05 17:52:01.893,173.199835,0.000000,0.000000,0.000000,0.337130,-0.385290,-0.227274,0.137326,-0.372410,-0.229676,0.237228,-0.378850,-0.228475,0.209117,-0.416145,-0.195300,0.234620,-0.420612,-0.131932,0.262447,-0.412322,-0.192564
2026-08-05 17:52:01.993,173.299835,0.000000,0.000000,0.000000,0.336970,-0.384250,-0.227104,0.137127,-0.370349,-0.229587,0.237048,-0.377299,-0.228345,0.208957,-0.415104,-0.195130,0.234572,-0.418553,-0.131695,0.262134,-0.412291,-0.192365
2026-08-05 17:52:02.093,173.399835,0.000000,0.000000,0.000000,0.336970,-0.384250,-0.227104,0.137166,-0.371369,-0.229505,0.237068,-0.377809,-0.228304,0.208957,-0.415104,-0.195130,0.234572,-0.418553,-0.131695,0.262134,-0.412291,-0.192365
2026-08-05 17:52:02.193,173.499835,0.000000,0.000000,0.000000,0.337385,-0.384290,-0.227352,0.137326,-0.372410,-0.229676,0.237355,-0.378350,-0.228514,0.209117,-0.416145,-0.195300,0.234844,-0.418576,-0.131799,0.262447,-0.412322,-0.192564
2026-08-05 17:52:02.293,173.599834,0.000000,0.000000,0.000000,0.336970,-0.384250,-0.227104,0.137166,-0.371369,-0.229505,0.237068,-0.377809,-0.228304,0.208957,-0.415104,-0.195130,0.234030,-0.416979,-0.131576,0.262287,-0.411281,-0.192394
2026-08-05 17:52:02.393,173.699834,0.000000,0.000000,0.000000,0.336010,-0.378004,-0.226082,0.136167,-0.364104,-0.228565,0.236089,-0.371054,-0.227323,0.208068,-0.407843,-0.194141,0.233015,-0.411242,-0.130588,0.261328,-0.405035,-0.191371
2026-08-05 17:52:02.493,173.799834,0.000000,0.000000,0.000000,0.337290,-0.386331,-0.227444,0.137447,-0.372431,-0.229928,0.237368,-0.379381,-0.228686,0.209277,-0.417186,-0.195471,0.234295,-0.419570,-0.131950,0.262607,-0.413363,-0.192734
2026-08-05 17:52:02.593,173.899834,0.000000,0.000000,0.000000,0.337290,-0.386331,-0.227444,0.137486,-0.373451,-0.229846,0.237388,-0.379891,-0.228645,0.209277,-0.417186,-0.195471,0.234184,-0.420588,-0.132017,0.262454,-0.414373,-0.192706
2026-08-05 17:52:02.693,173.999834,0.000000,0.000000,0.000000,0.336650,-0.382168,-0.226763,0.136846,-0.369287,-0.229165,0.236748,-0.375728,-0.227964,0.208708,-0.412007,-0.194822,0.233433,-0.417442,-0.131403,0.261967,-0.409199,-0.192053
2026-08-05 17:52:02.793,174.099834,0.000000,0.000000,0.000000,0.336810,-0.383209,-0.226933,0.137044,-0.371348,-0.229253,0.236927,-0.377278,-0.228093,0.208797,-0.414063,-0.194959,0.233593,-0.418483,-0.131573,0.262127,-0.410240,-0.192223
2026-08-05 17:52:02.893,174.199834,0.000000,0.000000,0.000000,0.336490,-0.381127,-0.226593,0.136647,-0.367227,-0.229076,0.236568,-0.374177,-0.227834,0.208406,-0.412996,-0.194586,0.233273,-0.416401,-0.131232,0.261808,-0.408158,-0.191883
2026-08-05 17:52:02.993,174.299834,0.000000,0.000000,0.000000,0.336010,-0.378004,-0.226082,0.136206,-0.365124,-0.228483,0.236108,-0.371564,-0.227282,0.207213,-0.409826,-0.194056,0.232904,-0.412260,-0.130655,0.261328,-0.405035,-0.191371
2026-08-05 17:52:03.093,174.399834,0.000000,0.000000,0.000000,0.336490,-0.381127,-0.226593,0.136686,-0.368246,-0.228994,0.236588,-0.374687,-0.227793,0.208441,-0.412489,-0.194602,0.233495,-0.414365,-0.131099,0.261808,-0.408158,-0.191883
2026-08-05 17:52:03.193,174.499834,0.000000,0.000000,0.000000,0.336330,-0.380086,-0.226422,0.136526,-0.367206,-0.228824,0.236428,-0.373646,-0.227623,0.207533,-0.411908,-0.194397,0.233335,-0.413324,-0.130928,0.261495,-0.408127,-0.191684
2026-08-05 17:52:03.293,174.599833,0.000000,0.000000,0.000000,0.336330,-0.380086,-0.226422,0.136487,-0.366186,-0.228905,0.236409,-0.373136,-0.227664,0.207673,-0.409877,-0.194463,0.233335,-0.413324,-0.130928,0.261648,-0.407117,-0.191712
2026-08-05 17:52:03.393,174.699833,0.000000,0.000000,0.000000,0.336330,-0.380086,-0.226422,0.136526,-0.367206,-0.228824,0.236428,-0.373646,-0.227623,0.207673,-0.409877,-0.194463,0.233224,-0.414342,-0.130995,0.261571,-0.407622,-0.191698
2026-08-05 17:52:03.493,174.799833,0.000000,0.000000,0.000000,0.336330,-0.380086,-0.226422,0.136526,-0.367206,-0.228824,0.236428,-0.373646,-0.227623,0.207533,-0.411908,-0.194397,0.233245,-0.414306,-0.130285,0.261495,-0.408127,-0.191684
2026-08-05 17:52:03.593,174.899833,0.000000,0.000000,0.000000,0.336490,-0.381127,-0.226593,0.136686,-0.368246,-0.228994,0.236588,-0.374687,-0.227793,0.207763,-0.411933,-0.194600,0.233516,-0.414329,-0.130388,0.261655,-0.409168,-0.191854
2026-08-05 17:52:03.693,174.999833,0.000000,0.000000,0.000000,0.337130,-0.385290,-0.227274,0.137287,-0.371390,-0.229757,0.237208,-0.378340,-0.228516,0.208473,-0.415082,-0.195314,0.234100,-0.419002,-0.131103,0.262447,-0.412322,-0.192564
2026-08-05 17:52:03.793,175.099833,0.000000,0.000000,0.000000,0.336170,-0.379045,-0.226252,0.136366,-0.366165,-0.228654,0.236268,-0.372605,-0.227453,0.207443,-0.409852,-0.194259,0.233085,-0.413265,-0.130115,0.261335,-0.407086,-0.191514
2026-08-05 17:52:03.893,175.199833,0.000000,0.000000,0.000000,0.336650,-0.382168,-0.226763,0.136807,-0.368268,-0.229246,0.236728,-0.375218,-0.228005,0.207923,-0.412974,-0.194771,0.233565,-0.416388,-0.130626,0.261989,-0.409162,-0.191329
2026-08-05 17:52:03.993,175.299833,0.000000,0.000000,0.000000,0.336810,-0.383209,-0.226933,0.137006,-0.370328,-0.229335,0.236908,-0.376768,-0.228134,0.208013,-0.415031,-0.194908,0.233725,-0.417429,-0.130796,0.262127,-0.410240,-0.192223
2026-08-05 17:52:04.093,175.399833,0.000000,0.000000,0.000000,0.336490,-0.381127,-0.226593,0.136686,-0.368246,-0.228994,0.236588,-0.374687,-0.227793,0.207763,-0.411933,-0.194600,0.233294,-0.416365,-0.130524,0.261655,-0.409168,-0.191854
2026-08-05 17:52:04.193,175.499833,0.000000,0.000000,0.000000,0.336810,-0.383209,-0.226933,0.137006,-0.370328,-0.229335,0.236908,-0.376768,-0.228134,0.208153,-0.413000,-0.194974,0.233614,-0.418447,-0.130864,0.262695,-0.411298,-0.192214
2026-08-05 17:52:04.293,175.599833,0.000000,0.000000,0.000000,0.336810,-0.383209,-0.226933,0.136967,-0.369308,-0.229416,0.236888,-0.376259,-0.228175,0.208013,-0.415031,-0.194908,0.233669,-0.417938,-0.130830,0.262717,-0.411261,-0.191491
2026-08-05 17:52:04.393,175.699832,0.000000,0.000000,0.000000,0.336330,-0.380086,-0.226422,0.136526,-0.367206,-0.228824,0.236428,-0.373646,-0.227623,0.207533,-0.411908,-0.194397,0.233134,-0.415324,-0.130353,0.262083,-0.409149,-0.190953
2026-08-05 17:52:04.493,175.799832,0.000000,0.000000,0.000000,0.337065,-0.382208,-0.227011,0.137006,-0.370328,-0.229335,0.237035,-0.376268,-0.228173,0.208013,-0.415031,-0.194908,0.233614,-0.418447,-0.130864,0.262541,-0.412308,-0.192185
2026-08-05 17:52:04.593,175.899832,0.000000,0.000000,0.000000,0.336330,-0.380086,-0.226422,0.136526,-0.367206,-0.228824,0.236428,-0.373646,-0.227623,0.207533,-0.411908,-0.194397,0.232557,-0.414223,-0.129557,0.262083,-0.409149,-0.190953
2026-08-05 17:52:04.693,175.999832,0.000000,0.000000,0.000000,0.336490,-0.381127,-0.226593,0.136647,-0.367227,-0.229076,0.236568,-0.374177,-0.227834,0.207693,-0.412949,-0.194567,0.232607,-0.416282,-0.129796,0.262375,-0.409216,-0.191873
2026-08-05 17:52:04.793,176.099832,0.000000,0.000000,0.000000,0.336490,-0.381127,-0.226593,0.136686,-0.368246,-0.228994,0.236588,-0.374687,-0.227793,0.207693,-0.412949,-0.194567,0.232607,-0.416282,-0.129796,0.262397,-0.409179,-0.191151
2026-08-05 17:52:04.893,176.199832,0.000000,0.000000,0.000000,0.336490,-0.381127,-0.226593,0.136647,-0.367227,-0.229076,0.236568,-0.374177,-0.227834,0.207049,-0.411886,-0.194582,0.232607,-0.416282,-0.129796,0.262375,-0.409216,-0.191873
2026-08-05 17:52:04.993,176.299832,0.000000,0.000000,0.000000,0.336490,-0.381127,-0.226593,0.136686,-0.368246,-0.228994,0.236588,-0.374687,-0.227793,0.206980,-0.412901,-0.194549,0.231975,-0.415690,-0.129034,0.262243,-0.410190,-0.191123
2026-08-05 17:52:05.093,176.399832,0.000000,0.000000,0.000000,0.336330,-0.380086,-0.226422,0.136526,-0.367206,-0.228824,0.236428,-0.373646,-0.227623,0.206820,-0.411860,-0.194378,0.231870,-0.414140,-0.128828,0.262237,-0.408138,-0.190980
2026-08-05 17:52:05.193,176.499832,0.000000,0.000000,0.000000,0.336010,-0.378004,-0.226082,0.136245,-0.366143,-0.228402,0.236127,-0.372074,-0.227242,0.206500,-0.409779,-0.194038,0.231604,-0.411549,-0.128452,0.261917,-0.406057,-0.190640
2026-08-05 17:52:05.293,176.599832,0.000000,0.000000,0.000000,0.337290,-0.386331,-0.227444,0.137486,-0.373451,-0.229846,0.237388,-0.379891,-0.228645,0.207780,-0.418106,-0.195400,0.232741,-0.421368,-0.129212,0.263196,-0.414384,-0.192002
2026-08-05 17:52:05.393,176.699831,0.000000,0.000000,0.000000,0.336490,-0.381127,-0.226593,0.136686,-0.368246,-0.228994,0.236588,-0.374687,-0.227793,0.206980,-0.412901,-0.194549,0.232159,-0.414127,-0.128217,0.262397,-0.409179,-0.191151
2026-08-05 17:52:05.493,176.799831,0.000000,0.000000,0.000000,0.336170,-0.379045,-0.226252,0.136366,-0.366165,-0.228654,0.236268,-0.372605,-0.227453,0.206729,-0.409804,-0.194241,0.231151,-0.411962,-0.127147,0.262077,-0.407098,-0.190810
2026-08-05 17:52:05.593,176.899831,0.000000,0.000000,0.000000,0.336970,-0.384250,-0.227104,0.137166,-0.371369,-0.229505,0.237068,-0.377809,-0.228304,0.207460,-0.416024,-0.195060,0.231735,-0.419204,-0.128144,0.262877,-0.412302,-0.191662
2026-08-05 17:52:05.693,176.999831,0.000000,0.000000,0.000000,0.336010,-0.378004,-0.226082,0.136206,-0.365124,-0.228483,0.236108,-0.371564,-0.227282,0.206431,-0.410794,-0.194005,0.230775,-0.412958,-0.127122,0.261917,-0.406057,-0.190640
2026-08-05 17:52:05.793,177.099831,0.000000,0.000000,0.000000,0.337065,-0.382208,-0.227011,0.137006,-0.370328,-0.229335,0.237035,-0.376268,-0.228173,0.207231,-0.415999,-0.194857,0.231596,-0.418127,-0.127265,0.262717,-0.411261,-0.191491
2026-08-05 17:52:05.893,177.199831,0.000000,0.000000,0.000000,0.336650,-0.382168,-0.226763,0.136884,-0.370307,-0.229083,0.236767,-0.376237,-0.227923,0.207140,-0.413942,-0.194719,0.231651,-0.415049,-0.126947,0.263277,-0.410268,-0.191340
2026-08-05 17:52:05.993,177.299831,0.000000,0.000000,0.000000,0.336745,-0.380126,-0.226671,0.136686,-0.368246,-0.228994,0.236716,-0.374186,-0.227832,0.206980,-0.412901,-0.194549,0.230675,-0.414979,-0.126832,0.263118,-0.409227,-0.191169
2026-08-05 17:52:06.093,177.399831,0.000000,0.000000,0.000000,0.336810,-0.383209,-0.226933,0.137044,-0.371348,-0.229253,0.236927,-0.377278,-0.228093,0.207300,-0.414983,-0.194889,0.230909,-0.418044,-0.126537,0.263437,-0.411309,-0.191510
2026-08-05 17:52:06.193,177.499831,0.000000,0.000000,0.000000,0.336810,-0.383209,-0.226933,0.137006,-0.370328,-0.229335,0.236908,-0.376768,-0.228134,0.206587,-0.414936,-0.194871,0.231016,-0.417026,-0.126463,0.263282,-0.412319,-0.191483
2026-08-05 17:52:06.293,177.599831,0.000000,0.000000,0.000000,0.336970,-0.384250,-0.227104,0.137166,-0.371369,-0.229505,0.237068,-0.377809,-0.228304,0.207391,-0.417040,-0.195027,0.231069,-0.419085,-0.126708,0.263442,-0.413360,-0.191653
2026-08-05 17:52:06.393,177.699831,0.000000,0.000000,0.000000,0.336650,-0.382168,-0.226763,0.136846,-0.369287,-0.229165,0.236748,-0.375728,-0.227964,0.207105,-0.414450,-0.194703,0.230963,-0.414966,-0.126217,0.263122,-0.411278,-0.191313
2026-08-05 17:52:06.493,177.799830,0.000000,0.000000,0.000000,0.336010,-0.378004,-0.226082,0.136206,-0.365124,-0.228483,0.236108,-0.371564,-0.227282,0.205719,-0.410747,-0.193986,0.230216,-0.411821,-0.125611,0.262482,-0.407115,-0.190631
2026-08-05 17:52:06.593,177.899830,0.000000,0.000000,0.000000,0.336745,-0.380126,-0.226671,0.136686,-0.368246,-0.228994,0.236716,-0.374186,-0.227832,0.206199,-0.413869,-0.194497,0.230093,-0.413878,-0.126028,0.263118,-0.409227,-0.191169
2026-08-05 17:52:06.693,177.999830,0.000000,0.000000,0.000000,0.336170,-0.379045,-0.226252,0.136366,-0.366165,-0.228654,0.236268,-0.372605,-0.227453,0.205947,-0.410772,-0.194189,0.229826,-0.411287,-0.125650,0.262798,-0.407145,-0.190829
2026-08-05 17:52:06.793,178.099830,0.000000,0.000000,0.000000,0.337225,-0.383249,-0.227182,0.137166,-0.371369,-0.229505,0.237195,-0.377309,-0.228343,0.206679,-0.416992,-0.195008,0.230573,-0.417001,-0.126539,0.263442,-0.413360,-0.191653
2026-08-05 17:52:06.893,178.199830,0.000000,0.000000,0.000000,0.336745,-0.380126,-0.226671,0.136686,-0.368246,-0.228994,0.236716,-0.374186,-0.227832,0.206199,-0.413869,-0.194497,0.230093,-0.413878,-0.126028,0.262962,-0.410237,-0.191142
2026-08-05 17:52:06.993,178.299830,0.000000,0.000000,0.000000,0.336810,-0.383209,-0.226933,0.136967,-0.369308,-0.229416,0.236888,-0.376259,-0.228175,0.206451,-0.416967,-0.194805,0.230307,-0.416978,-0.126444,0.263282,-0.412319,-0.191483
2026-08-05 17:52:07.093,178.399830,0.000000,0.000000,0.000000,0.336585,-0.379085,-0.226500,0.136487,-0.366186,-0.228905,0.236536,-0.372635,-0.227703,0.206039,-0.412829,-0.194327,0.230039,-0.411818,-0.125783,0.262958,-0.408186,-0.190999
2026-08-05 17:52:07.193,178.499830,0.000000,0.000000,0.000000,0.337225,-0.383249,-0.227182,0.137166,-0.371369,-0.229505,0.237195,-0.377309,-0.228343,0.206679,-0.416992,-0.195008,0.230467,-0.418019,-0.126614,0.263287,-0.414370,-0.191626
2026-08-05 17:52:07.293,178.599830,0.000000,0.000000,0.000000,0.336970,-0.384250,-0.227104,0.137166,-0.371369,-0.229505,0.237068,-0.377809,-0.228304,0.206679,-0.416992,-0.195008,0.230573,-0.417001,-0.126539,0.263597,-0.412350,-0.191681
2026-08-05 17:52:07.393,178.699830,0.000000,0.000000,0.000000,0.336490,-0.381127,-0.226593,0.136686,-0.368246,-0.228994,0.236588,-0.374687,-0.227793,0.206199,-0.413869,-0.194497,0.229966,-0.414932,-0.126813,0.262962,-0.410237,-0.191142
2026-08-05 17:52:07.493,178.799829,0.000000,0.000000,0.000000,0.337065,-0.382208,-0.227011,0.137006,-0.370328,-0.229335,0.237035,-0.376268,-0.228173,0.206451,-0.416967,-0.194805,0.230181,-0.418033,-0.127228,0.263282,-0.412319,-0.191483
2026-08-05 17:52:07.593,178.899829,0.000000,0.000000,0.000000,0.336585,-0.379085,-0.226500,0.136526,-0.367206,-0.228824,0.236556,-0.373145,-0.227662,0.205971,-0.413844,-0.194294,0.229098,-0.413844,-0.126625,0.262802,-0.409196,-0.190972
2026-08-05 17:52:07.693,178.999829,0.000000,0.000000,0.000000,0.336010,-0.378004,-0.226082,0.136206,-0.365124,-0.228483,0.236108,-0.371564,-0.227282,0.205651,-0.411762,-0.193953,0.228653,-0.412817,-0.127066,0.262482,-0.407115,-0.190631
2026-08-05 17:52:07.793,179.099829,0.000000,0.000000,0.000000,0.336490,-0.381127,-0.226593,0.136686,-0.368246,-0.228994,0.236588,-0.374687,-0.227793,0.206131,-0.414885,-0.194464,0.229840,-0.415987,-0.127596,0.262962,-0.410237,-0.191142
2026-08-05 17:52:07.893,179.199829,0.000000,0.000000,0.000000,0.336490,-0.381127,-0.226593,0.136686,-0.368246,-0.228994,0.236588,-0.374687,-0.227793,0.206063,-0.415900,-0.194432,0.229840,-0.415987,-0.127596,0.262807,-0.411247,-0.191115
2026-08-05 17:52:07.993,179.299829,0.000000,0.000000,0.000000,0.336810,-0.383209,-0.226933,0.137006,-0.370328,-0.229335,0.236908,-0.376768,-0.228134,0.206451,-0.416967,-0.194805,0.230139,-0.418105,-0.128646,0.263127,-0.413329,-0.191456
2026-08-05 17:52:08.093,179.399829,0.000000,0.000000,0.000000,0.336970,-0.384250,-0.227104,0.137166,-0.371369,-0.229505,0.237068,-0.377809,-0.228304,0.206611,-0.418008,-0.194975,0.230299,-0.419145,-0.128816,0.263442,-0.413360,-0.191653
2026-08-05 17:52:08.193,179.499829,0.000000,0.000000,0.000000,0.336810,-0.383209,-0.226933,0.137006,-0.370328,-0.229335,0.236908,-0.376768,-0.228134,0.206519,-0.415951,-0.194838,0.230118,-0.418140,-0.129354,0.263127,-0.413329,-0.191456
2026-08-05 17:52:08.293,179.599829,0.000000,0.000000,0.000000,0.336330,-0.380086,-0.226422,0.136565,-0.368225,-0.228742,0.236447,-0.374156,-0.227582,0.206107,-0.411813,-0.194360,0.229617,-0.415053,-0.129552,0.262626,-0.410243,-0.191665
2026-08-05 17:52:08.393,179.699829,0.000000,0.000000,0.000000,0.337290,-0.386331,-0.227444,0.137486,-0.373451,-0.229846,0.237388,-0.379891,-0.228645,0.206999,-0.419074,-0.195349,0.231285,-0.421346,-0.130593,0.262965,-0.415899,-0.191962
2026-08-05 17:52:08.493,179.799829,0.000000,0.000000,0.000000,0.336970,-0.384250,-0.227104,0.137127,-0.370349,-0.229587,0.237048,-0.377299,-0.228345,0.206658,-0.417028,-0.195722,0.230944,-0.419300,-0.130961,0.262547,-0.414359,-0.192327
2026-08-05 17:52:08.593,179.899828,0.000000,0.000000,0.000000,0.336425,-0.378044,-0.226330,0.136327,-0.365145,-0.228735,0.236376,-0.371594,-0.227533,0.205790,-0.412839,-0.194836,0.230831,-0.414178,-0.130836,0.261747,-0.409154,-0.191476
2026-08-05 17:52:08.693,179.999828,0.000000,0.000000,0.000000,0.337450,-0.387372,-0.227615,0.137607,-0.373472,-0.230098,0.237528,-0.380422,-0.228856,0.207138,-0.420151,-0.196233,0.232218,-0.421487,-0.132132,0.262873,-0.418492,-0.192810
2026-08-05 17:52:08.793,180.099828,0.000000,0.000000,0.000000,0.336650,-0.382168,-0.226763,0.136846,-0.369287,-0.229165,0.236748,-0.375728,-0.227964,0.206270,-0.415962,-0.195347,0.231888,-0.418402,-0.132141,0.262227,-0.412277,-0.191987
2026-08-05 17:52:08.893,180.199828,0.000000,0.000000,0.000000,0.336650,-0.382168,-0.226763,0.136884,-0.370307,-0.229083,0.236767,-0.376237,-0.227923,0.206338,-0.414946,-0.195381,0.231888,-0.418402,-0.132141,0.262227,-0.412277,-0.191987
2026-08-05 17:52:08.993,180.299828,0.000000,0.000000,0.000000,0.335754,-0.379005,-0.226004,0.136206,-0.365124,-0.228483,0.235980,-0.372064,-0.227243,0.205630,-0.411798,-0.194666,0.232044,-0.413303,-0.132121,0.261433,-0.409123,-0.191277
2026-08-05 17:52:09.093,180.399828,0.000000,0.000000,0.000000,0.336810,-0.383209,-0.226933,0.136967,-0.369308,-0.229416,0.236888,-0.376259,-0.228175,0.206362,-0.418018,-0.195483,0.232823,-0.418543,-0.133681,0.262233,-0.414328,-0.192129
2026-08-05 17:52:09.193,180.499828,0.000000,0.000000,0.000000,0.337290,-0.386331,-0.227444,0.137486,-0.373451,-0.229846,0.237388,-0.379891,-0.228645,0.206910,-0.420126,-0.196028,0.233303,-0.421666,-0.134192,0.262790,-0.416946,-0.192654
2026-08-05 17:52:09.293,180.599828,0.000000,0.000000,0.000000,0.336490,-0.381127,-0.226593,0.136686,-0.368246,-0.228994,0.236588,-0.374687,-0.227793,0.206178,-0.413906,-0.195211,0.233321,-0.415491,-0.133295,0.262067,-0.411236,-0.191816
2026-08-05 17:52:09.393,180.699828,0.000000,0.000000,0.000000,0.336490,-0.381127,-0.226593,0.136686,-0.368246,-0.228994,0.236588,-0.374687,-0.227793,0.206178,-0.413906,-0.195211,0.233189,-0.416544,-0.134068,0.261349,-0.411188,-0.191798
2026-08-05 17:52:09.493,180.799828,0.000000,0.000000,0.000000,0.337450,-0.387372,-0.227615,0.137607,-0.373472,-0.230098,0.237528,-0.380422,-0.228856,0.207070,-0.421167,-0.196199,0.234857,-0.422837,-0.135108,0.262308,-0.417434,-0.192820
2026-08-05 17:52:09.593,180.899827,0.000000,0.000000,0.000000,0.335690,-0.375922,-0.225741,0.135886,-0.363042,-0.228142,0.235788,-0.369482,-0.226942,0.206090,-0.408748,-0.194377,0.233097,-0.411387,-0.133235,0.260396,-0.406994,-0.190917
2026-08-05 17:52:09.693,180.999827,0.000000,0.000000,0.000000,0.336490,-0.381127,-0.226593,0.136647,-0.367227,-0.229076,0.236568,-0.374177,-0.227834,0.206890,-0.413953,-0.195229,0.233988,-0.415610,-0.134734,0.261196,-0.412198,-0.191769
2026-08-05 17:52:09.793,181.099827,0.000000,0.000000,0.000000,0.336810,-0.383209,-0.226933,0.137006,-0.370328,-0.229335,0.236908,-0.376768,-0.228134,0.207210,-0.416035,-0.195570,0.235130,-0.416721,-0.135032,0.261516,-0.414280,-0.192110
2026-08-05 17:52:09.893,181.199827,0.000000,0.000000,0.000000,0.336970,-0.384250,-0.227104,0.137127,-0.370349,-0.229587,0.237048,-0.377299,-0.228345,0.207370,-0.417076,-0.195740,0.235269,-0.417798,-0.135913,0.261676,-0.415321,-0.192280
2026-08-05 17:52:09.993,181.299827,0.000000,0.000000,0.000000,0.336810,-0.383209,-0.226933,0.136967,-0.369308,-0.229416,0.236888,-0.376259,-0.228175,0.207210,-0.416035,-0.195570,0.235818,-0.416804,-0.135761,0.261669,-0.413270,-0.192138
2026-08-05 17:52:10.093,181.399827,0.000000,0.000000,0.000000,0.336425,-0.378044,-0.226330,0.136327,-0.365145,-0.228735,0.236376,-0.371594,-0.227533,0.206570,-0.411871,-0.194888,0.235158,-0.412676,-0.135791,0.261029,-0.409106,-0.191457
2026-08-05 17:52:10.193,181.499827,0.000000,0.000000,0.000000,0.336970,-0.384250,-0.227104,0.137166,-0.371369,-0.229505,0.237068,-0.377809,-0.228304,0.207439,-0.416060,-0.195774,0.236782,-0.416911,-0.136602,0.261676,-0.415321,-0.192280
2026-08-05 17:52:10.293,181.599827,0.000000,0.000000,0.000000,0.336330,-0.380086,-0.226422,0.136526,-0.367206,-0.228824,0.236428,-0.373646,-0.227623,0.206820,-0.411860,-0.194378,0.236006,-0.413800,-0.136691,0.261036,-0.411157,-0.191599
2026-08-05 17:52:10.393,181.699827,0.000000,0.000000,0.000000,0.336810,-0.383209,-0.226933,0.136967,-0.369308,-0.229416,0.236888,-0.376259,-0.228175,0.207992,-0.415067,-0.195622,0.236486,-0.416923,-0.137202,0.260950,-0.413222,-0.192119
2026-08-05 17:52:10.493,181.799827,0.000000,0.000000,0.000000,0.336490,-0.381127,-0.226593,0.136686,-0.368246,-0.228994,0.236588,-0.374687,-0.227793,0.207672,-0.412985,-0.195282,0.236855,-0.414924,-0.137591,0.260630,-0.411141,-0.191779
2026-08-05 17:52:10.593,181.899827,0.000000,0.000000,0.000000,0.337065,-0.382208,-0.227011,0.136967,-0.369308,-0.229416,0.237016,-0.375758,-0.228214,0.207992,-0.415067,-0.195622,0.237175,-0.417006,-0.137932,0.260950,-0.413222,-0.192119
2026-08-05 17:52:10.693,181.999826,0.000000,0.000000,0.000000,0.336490,-0.381127,-0.226593,0.136686,-0.368246,-0.228994,0.236588,-0.374687,-0.227793,0.207742,-0.411970,-0.195316,0.237661,-0.413991,-0.138265,0.260630,-0.411141,-0.191779
2026-08-05 17:52:10.793,182.099826,0.000000,0.000000,0.000000,0.336585,-0.379085,-0.226500,0.136526,-0.367206,-0.228824,0.236556,-0.373145,-0.227662,0.207512,-0.411944,-0.195111,0.237619,-0.411933,-0.138039,0.260622,-0.409089,-0.191637
2026-08-05 17:52:10.893,182.199826,0.000000,0.000000,0.000000,0.336490,-0.381127,-0.226593,0.136686,-0.368246,-0.228994,0.236588,-0.374687,-0.227793,0.207672,-0.412985,-0.195282,0.237758,-0.413010,-0.138923,0.260630,-0.411141,-0.191779
2026-08-05 17:52:10.993,182.299826,0.000000,0.000000,0.000000,0.336810,-0.383209,-0.226933,0.137006,-0.370328,-0.229335,0.236908,-0.376768,-0.228134,0.207992,-0.415067,-0.195622,0.238769,-0.415175,-0.139995,0.261026,-0.412717,-0.192134
2026-08-05 17:52:11.093,182.399826,0.000000,0.000000,0.000000,0.336490,-0.381127,-0.226593,0.136647,-0.367227,-0.229076,0.236568,-0.374177,-0.227834,0.207672,-0.412985,-0.195282,0.238449,-0.413093,-0.139655,0.260782,-0.410130,-0.191807
2026-08-05 17:52:11.193,182.499826,0.000000,0.000000,0.000000,0.336490,-0.381127,-0.226593,0.136686,-0.368246,-0.228994,0.236588,-0.374687,-0.227793,0.207672,-0.412985,-0.195282,0.238428,-0.413129,-0.140368,0.260761,-0.410167,-0.192528
2026-08-05 17:52:11.293,182.599826,0.000000,0.000000,0.000000,0.336490,-0.381127,-0.226593,0.136686,-0.368246,-0.228994,0.236588,-0.374687,-0.227793,0.207672,-0.412985,-0.195282,0.239140,-0.413176,-0.140387,0.260912,-0.409157,-0.192558
2026-08-05 17:52:11.393,182.699826,0.000000,0.000000,0.000000,0.336330,-0.380086,-0.226422,0.136526,-0.367206,-0.228824,0.236428,-0.373646,-0.227623,0.207512,-0.411944,-0.195111,0.239078,-0.411155,-0.140879,0.260601,-0.409126,-0.192358
2026-08-05 17:52:11.493,182.799826,0.000000,0.000000,0.000000,0.336810,-0.383209,-0.226933,0.136967,-0.369308,-0.229416,0.236888,-0.376259,-0.228175,0.207922,-0.416082,-0.195588,0.240150,-0.415342,-0.141459,0.260929,-0.413259,-0.192840
2026-08-05 17:52:11.593,182.899826,0.000000,0.000000,0.000000,0.336905,-0.381167,-0.226841,0.136846,-0.369287,-0.229165,0.236876,-0.375227,-0.228003,0.207832,-0.414026,-0.195452,0.240090,-0.413320,-0.141952,0.261072,-0.410197,-0.192728
2026-08-05 17:52:11.693,182.999825,0.000000,0.000000,0.000000,0.336650,-0.382168,-0.226763,0.136846,-0.369287,-0.229165,0.236748,-0.375728,-0.227964,0.208453,-0.415124,-0.196150,0.240069,-0.413357,-0.142667,0.260769,-0.412218,-0.192669
2026-08-05 17:52:11.793,183.099825,0.000000,0.000000,0.000000,0.337225,-0.383249,-0.227182,0.137166,-0.371369,-0.229505,0.237195,-0.377309,-0.228343,0.208844,-0.416191,-0.196526,0.241224,-0.414470,-0.142977,0.261240,-0.413290,-0.193039
2026-08-05 17:52:11.893,183.199825,0.000000,0.000000,0.000000,0.335754,-0.379005,-0.226004,0.136206,-0.365124,-0.228483,0.235980,-0.372064,-0.227243,0.207813,-0.410961,-0.195469,0.240243,-0.408260,-0.142671,0.260281,-0.407044,-0.192017
2026-08-05 17:52:11.993,183.299825,0.000000,0.000000,0.000000,0.336745,-0.380126,-0.226671,0.136686,-0.368246,-0.228994,0.236716,-0.374186,-0.227832,0.208364,-0.413068,-0.196015,0.241314,-0.412446,-0.143248,0.260761,-0.410167,-0.192528
2026-08-05 17:52:12.093,183.399825,0.000000,0.000000,0.000000,0.336970,-0.384250,-0.227104,0.137166,-0.371369,-0.229505,0.237068,-0.377809,-0.228304,0.208844,-0.416191,-0.196526,0.241773,-0.415605,-0.144474,0.261240,-0.413290,-0.193039
2026-08-05 17:52:12.193,183.499825,0.000000,0.000000,0.000000,0.337610,-0.388413,-0.227785,0.137767,-0.374513,-0.230268,0.237688,-0.381463,-0.229027,0.209412,-0.421370,-0.197172,0.242413,-0.419769,-0.145155,0.261880,-0.417453,-0.193721
2026-08-05 17:52:12.293,183.599825,0.000000,0.000000,0.000000,0.336970,-0.384250,-0.227104,0.137166,-0.371369,-0.229505,0.237068,-0.377809,-0.228304,0.208844,-0.416191,-0.196526,0.241752,-0.415641,-0.145188,0.261240,-0.413290,-0.193039
2026-08-05 17:52:12.393,183.699825,0.000000,0.000000,0.000000,0.335850,-0.376963,-0.225911,0.136046,-0.364083,-0.228313,0.235948,-0.370523,-0.227112,0.207653,-0.409920,-0.195298,0.240632,-0.408355,-0.143996,0.260121,-0.406003,-0.191847
2026-08-05 17:52:12.493,183.799825,0.000000,0.000000,0.000000,0.337130,-0.385290,-0.227274,0.137326,-0.372410,-0.229676,0.237228,-0.378850,-0.228475,0.208861,-0.419262,-0.196626,0.241912,-0.416682,-0.145358,0.261400,-0.414330,-0.193210
2026-08-05 17:52:12.593,183.899825,0.000000,0.000000,0.000000,0.336330,-0.380086,-0.226422,0.136526,-0.367206,-0.228824,0.236428,-0.373646,-0.227623,0.208133,-0.413043,-0.195809,0.241112,-0.411478,-0.144507,0.260601,-0.409126,-0.192358
2026-08-05 17:52:12.693,183.999825,0.000000,0.000000,0.000000,0.337450,-0.387372,-0.227615,0.137646,-0.374492,-0.230016,0.237548,-0.380932,-0.228815,0.209252,-0.420329,-0.197002,0.242211,-0.418800,-0.146414,0.261720,-0.416412,-0.193550
2026-08-05 17:52:12.793,184.099824,0.000000,0.000000,0.000000,0.336490,-0.381127,-0.226593,0.136686,-0.368246,-0.228994,0.236588,-0.374687,-0.227793,0.208293,-0.414083,-0.195980,0.241251,-0.412555,-0.145392,0.260761,-0.410167,-0.192528
2026-08-05 17:52:12.893,184.199824,0.000000,0.000000,0.000000,0.336330,-0.380086,-0.226422,0.136487,-0.366186,-0.228905,0.236409,-0.373136,-0.227664,0.208845,-0.413090,-0.195828,0.241091,-0.411514,-0.145221,0.260449,-0.410136,-0.192329
2026-08-05 17:52:12.993,184.299824,0.000000,0.000000,0.000000,0.337065,-0.382208,-0.227011,0.137006,-0.370328,-0.229335,0.237035,-0.376268,-0.228173,0.209361,-0.415705,-0.196356,0.241571,-0.414637,-0.145732,0.261081,-0.412249,-0.192869
2026-08-05 17:52:13.093,184.399824,0.000000,0.000000,0.000000,0.336234,-0.382128,-0.226515,0.136686,-0.368246,-0.228994,0.236460,-0.375187,-0.227754,0.209026,-0.414095,-0.195285,0.241374,-0.411539,-0.145347,0.260041,-0.410119,-0.192510
2026-08-05 17:52:13.193,184.499824,0.000000,0.000000,0.000000,0.336490,-0.381127,-0.226593,0.136647,-0.367227,-0.229076,0.236568,-0.374177,-0.227834,0.209077,-0.413116,-0.196033,0.241251,-0.412555,-0.145392,0.260041,-0.410119,-0.192510
2026-08-05 17:52:13.293,184.599824,0.000000,0.000000,0.000000,0.336490,-0.381127,-0.226593,0.136686,-0.368246,-0.228994,0.236588,-0.374687,-0.227793,0.209170,-0.412065,-0.195353,0.241374,-0.411539,-0.145347,0.260041,-0.410119,-0.192510
2026-08-05 17:52:13.393,184.699824,0.000000,0.000000,0.000000,0.336650,-0.382168,-0.226763,0.136846,-0.369287,-0.229165,0.236748,-0.375728,-0.227964,0.209294,-0.413613,-0.195506,0.241555,-0.412544,-0.144802,0.260352,-0.410150,-0.192709
2026-08-05 17:52:13.493,184.799824,0.000000,0.000000,0.000000,0.337225,-0.383249,-0.227182,0.137166,-0.371369,-0.229505,0.237195,-0.377309,-0.228343,0.210364,-0.415235,-0.195883,0.241731,-0.415678,-0.145903,0.260671,-0.412231,-0.193050
2026-08-05 17:52:13.593,184.899824,0.000000,0.000000,0.000000,0.336490,-0.381127,-0.226593,0.136647,-0.367227,-0.229076,0.236568,-0.374177,-0.227834,0.209811,-0.413127,-0.195337,0.240660,-0.411491,-0.145329,0.260041,-0.410119,-0.192510
2026-08-05 17:52:13.693,184.999824,0.000000,0.000000,0.000000,0.336330,-0.380086,-0.226422,0.136487,-0.366186,-0.228905,0.236409,-0.373136,-0.227664,0.209724,-0.411071,-0.195201,0.240500,-0.410450,-0.145158,0.260032,-0.408068,-0.192369
2026-08-05 17:52:13.793,185.099823,0.000000,0.000000,0.000000,0.336970,-0.384250,-0.227104,0.137166,-0.371369,-0.229505,0.237068,-0.377809,-0.228304,0.210291,-0.416250,-0.195849,0.241139,-0.414614,-0.145840,0.260671,-0.412231,-0.193050
2026-08-05 17:52:13.893,185.199823,0.000000,0.000000,0.000000,0.336810,-0.383209,-0.226933,0.137006,-0.370328,-0.229335,0.236908,-0.376768,-0.228134,0.210204,-0.414194,-0.195712,0.240979,-0.413573,-0.145669,0.260511,-0.411191,-0.192880
2026-08-05 17:52:13.993,185.299823,0.000000,0.000000,0.000000,0.336810,-0.383209,-0.226933,0.136967,-0.369308,-0.229416,0.236888,-0.376259,-0.228175,0.210204,-0.414194,-0.195712,0.240979,-0.413573,-0.145669,0.260511,-0.411191,-0.192880
2026-08-05 17:52:14.093,185.399823,0.000000,0.000000,0.000000,0.336810,-0.383209,-0.226933,0.136967,-0.369308,-0.229416,0.236888,-0.376259,-0.228175,0.210204,-0.414194,-0.195712,0.240979,-0.413573,-0.145669,0.260662,-0.410180,-0.192909
2026-08-05 17:52:14.193,185.499823,0.000000,0.000000,0.000000,0.336330,-0.380086,-0.226422,0.136526,-0.367206,-0.228824,0.236428,-0.373646,-0.227623,0.209724,-0.411071,-0.195201,0.240500,-0.410450,-0.145158,0.260032,-0.408068,-0.192369
2026-08-05 17:52:14.293,185.599823,0.000000,0.000000,0.000000,0.336810,-0.383209,-0.226933,0.137006,-0.370328,-0.229335,0.236908,-0.376768,-0.228134,0.210204,-0.414194,-0.195712,0.240979,-0.413573,-0.145669,0.260511,-0.411191,-0.192880
2026-08-05 17:52:14.393,185.699823,0.000000,0.000000,0.000000,0.337130,-0.385290,-0.227274,0.137326,-0.372410,-0.229676,0.237228,-0.378850,-0.228475,0.210597,-0.415261,-0.196087,0.241178,-0.416671,-0.146054,0.260831,-0.413272,-0.193220
2026-08-05 17:52:14.493,185.799823,0.000000,0.000000,0.000000,0.336810,-0.383209,-0.226933,0.137006,-0.370328,-0.229335,0.236908,-0.376768,-0.228134,0.210278,-0.413179,-0.195746,0.240858,-0.414589,-0.145714,0.260511,-0.411191,-0.192880
2026-08-05 17:52:14.593,185.899823,0.000000,0.000000,0.000000,0.336810,-0.383209,-0.226933,0.137006,-0.370328,-0.229335,0.236908,-0.376768,-0.228134,0.210204,-0.414194,-0.195712,0.240979,-0.413573,-0.145669,0.260511,-0.411191,-0.192880
2026-08-05 17:52:14.693,185.999823,0.000000,0.000000,0.000000,0.336970,-0.384250,-0.227104,0.137166,-0.371369,-0.229505,0.237068,-0.377809,-0.228304,0.210438,-0.414220,-0.195917,0.241139,-0.414614,-0.145840,0.260671,-0.412231,-0.193050
2026-08-05 17:52:14.793,186.099823,0.000000,0.000000,0.000000,0.336490,-0.381127,-0.226593,0.136647,-0.367227,-0.229076,0.236568,-0.374177,-0.227834,0.209884,-0.412112,-0.195372,0.240639,-0.411527,-0.146044,0.260342,-0.408098,-0.192568
2026-08-05 17:52:14.893,186.199822,0.000000,0.000000,0.000000,0.336650,-0.382168,-0.226763,0.136846,-0.369287,-0.229165,0.236748,-0.375728,-0.227964,0.210044,-0.413153,-0.195542,0.240677,-0.413584,-0.146258,0.260352,-0.410150,-0.192709
2026-08-05 17:52:14.993,186.299822,0.000000,0.000000,0.000000,0.336490,-0.381127,-0.226593,0.136608,-0.366207,-0.229157,0.236549,-0.373667,-0.227875,0.209863,-0.412148,-0.196087,0.240639,-0.411527,-0.146044,0.260192,-0.409109,-0.192539
2026-08-05 17:52:15.093,186.399822,0.000000,0.000000,0.000000,0.336650,-0.382168,-0.226763,0.136846,-0.369287,-0.229165,0.236748,-0.375728,-0.227964,0.210023,-0.413189,-0.196258,0.240698,-0.413548,-0.145543,0.260201,-0.411160,-0.192680
2026-08-05 17:52:15.193,186.499822,0.000000,0.000000,0.000000,0.336650,-0.382168,-0.226763,0.136807,-0.368268,-0.229246,0.236728,-0.375218,-0.228005,0.210023,-0.413189,-0.196258,0.240084,-0.412521,-0.146196,0.260502,-0.409139,-0.192739
2026-08-05 17:52:15.293,186.599822,0.000000,0.000000,0.000000,0.336490,-0.381127,-0.226593,0.136647,-0.367227,-0.229076,0.236568,-0.374177,-0.227834,0.209863,-0.412148,-0.196087,0.239945,-0.411444,-0.145310,0.260342,-0.408098,-0.192568
2026-08-05 17:52:15.393,186.699822,0.000000,0.000000,0.000000,0.336650,-0.382168,-0.226763,0.136807,-0.368268,-0.229246,0.236728,-0.375218,-0.228005,0.210023,-0.413189,-0.196258,0.239985,-0.413501,-0.145525,0.260352,-0.410150,-0.192709
2026-08-05 17:52:15.493,186.799822,0.000000,0.000000,0.000000,0.336650,-0.382168,-0.226763,0.136846,-0.369287,-0.229165,0.236748,-0.375728,-0.227964,0.210023,-0.413189,-0.196258,0.239272,-0.413454,-0.145506,0.260502,-0.409139,-0.192739
2026-08-05 17:52:15.593,186.899822,0.000000,0.000000,0.000000,0.336810,-0.383209,-0.226933,0.137006,-0.370328,-0.229335,0.236908,-0.376768,-0.228134,0.210204,-0.414194,-0.195712,0.239453,-0.414458,-0.144962,0.260511,-0.411191,-0.192880
2026-08-05 17:52:15.693,186.999822,0.000000,0.000000,0.000000,0.336810,-0.383209,-0.226933,0.137006,-0.370328,-0.229335,0.236908,-0.376768,-0.228134,0.210183,-0.414230,-0.196428,0.238740,-0.414411,-0.144943,0.260662,-0.410180,-0.192909
2026-08-05 17:52:15.793,187.099822,0.000000,0.000000,0.000000,0.336330,-0.380086,-0.226422,0.136526,-0.367206,-0.228824,0.236428,-0.373646,-0.227623,0.209703,-0.411107,-0.195917,0.238163,-0.412268,-0.143764,0.260032,-0.408068,-0.192369
2026-08-05 17:52:15.893,187.199821,0.000000,0.000000,0.000000,0.336490,-0.381127,-0.226593,0.136608,-0.366207,-0.229157,0.236549,-0.373667,-0.227875,0.209863,-0.412148,-0.196087,0.238323,-0.413309,-0.143935,0.260192,-0.409109,-0.192539
2026-08-05 17:52:15.993,187.299821,0.000000,0.000000,0.000000,0.337450,-0.387372,-0.227615,0.137646,-0.374492,-0.230016,0.237548,-0.380932,-0.228815,0.210823,-0.418394,-0.197109,0.239422,-0.418503,-0.144196,0.261302,-0.414344,-0.193590
2026-08-05 17:52:16.093,187.399821,0.000000,0.000000,0.000000,0.336810,-0.383209,-0.226933,0.137006,-0.370328,-0.229335,0.236908,-0.376768,-0.228134,0.210183,-0.414230,-0.196428,0.238664,-0.415355,-0.143562,0.260662,-0.410180,-0.192909
2026-08-05 17:52:16.193,187.499821,0.000000,0.000000,0.000000,0.336330,-0.380086,-0.226422,0.136487,-0.366186,-0.228905,0.236409,-0.373136,-0.227664,0.209777,-0.410092,-0.195952,0.238184,-0.412232,-0.143051,0.260182,-0.407057,-0.192398
2026-08-05 17:52:16.293,187.599821,0.000000,0.000000,0.000000,0.336490,-0.381127,-0.226593,0.136647,-0.367227,-0.229076,0.236568,-0.374177,-0.227834,0.209863,-0.412148,-0.196087,0.238365,-0.413237,-0.142508,0.260493,-0.407088,-0.192598
2026-08-05 17:52:16.393,187.699821,0.000000,0.000000,0.000000,0.336585,-0.379085,-0.226500,0.136526,-0.367206,-0.228824,0.236556,-0.373145,-0.227662,0.209703,-0.411107,-0.195917,0.238323,-0.411180,-0.142289,0.260333,-0.406047,-0.192427
2026-08-05 17:52:16.493,187.799821,0.000000,0.000000,0.000000,0.336330,-0.380086,-0.226422,0.136526,-0.367206,-0.228824,0.236428,-0.373646,-0.227623,0.209703,-0.411107,-0.195917,0.238167,-0.412669,-0.141649,0.260182,-0.407057,-0.192398
2026-08-05 17:52:16.593,187.899821,0.000000,0.000000,0.000000,0.336074,-0.381087,-0.226344,0.136526,-0.367206,-0.228824,0.236300,-0.374146,-0.227584,0.209703,-0.411107,-0.195917,0.238226,-0.412160,-0.141624,0.260182,-0.407057,-0.192398
2026-08-05 17:52:16.693,187.999821,0.000000,0.000000,0.000000,0.336650,-0.382168,-0.226763,0.136846,-0.369287,-0.229165,0.236748,-0.375728,-0.227964,0.210023,-0.413189,-0.196258,0.238546,-0.414242,-0.141965,0.260653,-0.408129,-0.192768
2026-08-05 17:52:16.793,188.099821,0.000000,0.000000,0.000000,0.336905,-0.381167,-0.226841,0.136846,-0.369287,-0.229165,0.236876,-0.375227,-0.228003,0.210023,-0.413189,-0.196258,0.238567,-0.414206,-0.141252,0.260653,-0.408129,-0.192768
2026-08-05 17:52:16.893,188.199821,0.000000,0.000000,0.000000,0.336970,-0.384250,-0.227104,0.137127,-0.370349,-0.229587,0.237048,-0.377299,-0.228345,0.210416,-0.414256,-0.196633,0.238768,-0.417305,-0.141644,0.260973,-0.410211,-0.193109
2026-08-05 17:52:16.993,188.299820,0.000000,0.000000,0.000000,0.336490,-0.381127,-0.226593,0.136686,-0.368246,-0.228994,0.236588,-0.374687,-0.227793,0.209863,-0.412148,-0.196087,0.238428,-0.413129,-0.140368,0.260342,-0.408098,-0.192568
2026-08-05 17:52:17.093,188.399820,0.000000,0.000000,0.000000,0.336490,-0.381127,-0.226593,0.136647,-0.367227,-0.229076,0.236568,-0.374177,-0.227834,0.209937,-0.411133,-0.196122,0.238428,-0.413129,-0.140368,0.260342,-0.408098,-0.192568
2026-08-05 17:52:17.193,188.499820,0.000000,0.000000,0.000000,0.336490,-0.381127,-0.226593,0.136686,-0.368246,-0.228994,0.236588,-0.374687,-0.227793,0.209937,-0.411133,-0.196122,0.238428,-0.413129,-0.140368,0.260493,-0.407088,-0.192598
2026-08-05 17:52:17.293,188.599820,0.000000,0.000000,0.000000,0.336490,-0.381127,-0.226593,0.136686,-0.368246,-0.228994,0.236588,-0.374687,-0.227793,0.209958,-0.411097,-0.195406,0.238567,-0.412076,-0.139602,0.260493,-0.407088,-0.192598
2026-08-05 17:52:17.393,188.699820,0.000000,0.000000,0.000000,0.337290,-0.386331,-0.227444,0.137486,-0.373451,-0.229846,0.237388,-0.379891,-0.228645,0.210757,-0.416302,-0.196257,0.239248,-0.418298,-0.140507,0.262016,-0.412341,-0.193468
2026-08-05 17:52:17.493,188.799820,0.000000,0.000000,0.000000,0.336714,-0.385250,-0.227026,0.137166,-0.371369,-0.229505,0.236940,-0.378310,-0.228265,0.210438,-0.414220,-0.195917,0.239068,-0.415163,-0.139398,0.261696,-0.410259,-0.193128
2026-08-05 17:52:17.593,188.899820,0.000000,0.000000,0.000000,0.336490,-0.381127,-0.226593,0.136686,-0.368246,-0.228994,0.236588,-0.374687,-0.227793,0.209958,-0.411097,-0.195406,0.237758,-0.413010,-0.138923,0.261216,-0.407136,-0.192617
2026-08-05 17:52:17.693,188.999820,0.000000,0.000000,0.000000,0.336490,-0.381127,-0.226593,0.136686,-0.368246,-0.228994,0.236588,-0.374687,-0.227793,0.209958,-0.411097,-0.195406,0.237758,-0.413010,-0.138923,0.261216,-0.407136,-0.192617
2026-08-05 17:52:17.793,189.099820,0.000000,0.000000,0.000000,0.336650,-0.382168,-0.226763,0.136846,-0.369287,-0.229165,0.236748,-0.375728,-0.227964,0.210044,-0.413153,-0.195542,0.237821,-0.415032,-0.138435,0.261376,-0.408177,-0.192787
2026-08-05 17:52:17.893,189.199820,0.000000,0.000000,0.000000,0.336970,-0.384250,-0.227104,0.137166,-0.371369,-0.229505,0.237068,-0.377809,-0.228304,0.210438,-0.414220,-0.195917,0.238024,-0.418130,-0.138832,0.261696,-0.410259,-0.193128
2026-08-05 17:52:17.993,189.299819,0.000000,0.000000,0.000000,0.336810,-0.383209,-0.226933,0.136967,-0.369308,-0.229416,0.236888,-0.376259,-0.228175,0.210204,-0.414194,-0.195712,0.237885,-0.417053,-0.137950,0.261557,-0.409182,-0.192233
2026-08-05 17:52:18.093,189.399819,0.000000,0.000000,0.000000,0.336490,-0.381127,-0.226593,0.136647,-0.367227,-0.229076,0.236568,-0.374177,-0.227834,0.209884,-0.412112,-0.195372,0.237800,-0.412938,-0.137496,0.261237,-0.407100,-0.191892
2026-08-05 17:52:18.193,189.499819,0.000000,0.000000,0.000000,0.336714,-0.385250,-0.227026,0.137127,-0.370349,-0.229587,0.236921,-0.377800,-0.228306,0.210438,-0.414220,-0.195917,0.238066,-0.418058,-0.137409,0.261717,-0.410222,-0.192403
2026-08-05 17:52:18.293,189.599819,0.000000,0.000000,0.000000,0.336970,-0.384250,-0.227104,0.137127,-0.370349,-0.229587,0.237048,-0.377299,-0.228345,0.210364,-0.415235,-0.195883,0.238301,-0.416024,-0.137294,0.261717,-0.410222,-0.192403
2026-08-05 17:52:18.393,189.699819,0.000000,0.000000,0.000000,0.336490,-0.381127,-0.226593,0.136686,-0.368246,-0.228994,0.236588,-0.374687,-0.227793,0.209811,-0.413127,-0.195337,0.237109,-0.412854,-0.136764,0.261086,-0.408110,-0.191864
2026-08-05 17:52:18.493,189.799819,0.000000,0.000000,0.000000,0.336330,-0.380086,-0.226422,0.136526,-0.367206,-0.228824,0.236428,-0.373646,-0.227623,0.209724,-0.411071,-0.195201,0.236832,-0.412830,-0.136652,0.260926,-0.407069,-0.191693
2026-08-05 17:52:18.593,189.899819,0.000000,0.000000,0.000000,0.336490,-0.381127,-0.226593,0.136686,-0.368246,-0.228994,0.236588,-0.374687,-0.227793,0.209884,-0.412112,-0.195372,0.236897,-0.414853,-0.136169,0.261086,-0.408110,-0.191864
2026-08-05 17:52:18.693,189.999819,0.000000,0.000000,0.000000,0.337065,-0.382208,-0.227011,0.137006,-0.370328,-0.229335,0.237035,-0.376268,-0.228173,0.209562,-0.413131,-0.195728,0.237100,-0.417951,-0.136568,0.261557,-0.409182,-0.192233
2026-08-05 17:52:18.793,190.099819,0.000000,0.000000,0.000000,0.336970,-0.384250,-0.227104,0.137127,-0.370349,-0.229587,0.237048,-0.377299,-0.228345,0.209722,-0.414172,-0.195898,0.237260,-0.418992,-0.136739,0.261717,-0.410222,-0.192403
2026-08-05 17:52:18.893,190.199819,0.000000,0.000000,0.000000,0.336810,-0.383209,-0.226933,0.136967,-0.369308,-0.229416,0.236888,-0.376259,-0.228175,0.209562,-0.413131,-0.195728,0.237121,-0.417916,-0.135858,0.262127,-0.410240,-0.192223
2026-08-05 17:52:18.993,190.299819,0.000000,0.000000,0.000000,0.336330,-0.380086,-0.226422,0.136526,-0.367206,-0.228824,0.236428,-0.373646,-0.227623,0.209082,-0.410009,-0.195217,0.236641,-0.414793,-0.135347,0.260926,-0.407069,-0.191693
2026-08-05 17:52:19.093,190.399818,0.000000,0.000000,0.000000,0.337130,-0.385290,-0.227274,0.137326,-0.372410,-0.229676,0.237228,-0.378850,-0.228475,0.209882,-0.415213,-0.196068,0.237194,-0.415881,-0.135940,0.261877,-0.411263,-0.192573
2026-08-05 17:52:19.193,190.499818,0.000000,0.000000,0.000000,0.337065,-0.382208,-0.227011,0.137006,-0.370328,-0.229335,0.237035,-0.376268,-0.228173,0.209562,-0.413131,-0.195728,0.236528,-0.416851,-0.135780,0.262127,-0.410240,-0.192223
2026-08-05 17:52:19.293,190.599818,0.000000,0.000000,0.000000,0.336650,-0.382168,-0.226763,0.136807,-0.368268,-0.229246,0.236728,-0.375218,-0.228005,0.209402,-0.412090,-0.195557,0.236620,-0.413740,-0.134776,0.262044,-0.408694,-0.192067
2026-08-05 17:52:19.393,190.699818,0.000000,0.000000,0.000000,0.336810,-0.383209,-0.226933,0.137044,-0.371348,-0.229253,0.236927,-0.377278,-0.228093,0.209490,-0.414146,-0.195694,0.236895,-0.413763,-0.134885,0.262127,-0.410240,-0.192223
2026-08-05 17:52:19.493,190.799818,0.000000,0.000000,0.000000,0.336234,-0.382128,-0.226515,0.136686,-0.368246,-0.228994,0.236460,-0.375187,-0.227754,0.209170,-0.412065,-0.195353,0.236596,-0.411645,-0.133830,0.261960,-0.407148,-0.191911
2026-08-05 17:52:19.593,190.899818,0.000000,0.000000,0.000000,0.336490,-0.381127,-0.226593,0.136686,-0.368246,-0.228994,0.236588,-0.374687,-0.227793,0.209191,-0.412028,-0.194637,0.236365,-0.413680,-0.133955,0.261808,-0.408158,-0.191883
2026-08-05 17:52:19.693,190.999818,0.000000,0.000000,0.000000,0.335850,-0.376963,-0.225911,0.136046,-0.364083,-0.228313,0.235948,-0.370523,-0.227112,0.208551,-0.407865,-0.193956,0.235243,-0.407434,-0.133130,0.261321,-0.402984,-0.191229
2026-08-05 17:52:19.793,191.099818,0.000000,0.000000,0.000000,0.336010,-0.378004,-0.226082,0.136206,-0.365124,-0.228483,0.236108,-0.371564,-0.227282,0.208784,-0.407890,-0.194159,0.235517,-0.407458,-0.133238,0.261328,-0.405035,-0.191371
2026-08-05 17:52:19.893,191.199818,0.000000,0.000000,0.000000,0.336474,-0.383689,-0.226770,0.136926,-0.369808,-0.229250,0.236700,-0.376748,-0.228010,0.209431,-0.413590,-0.194893,0.236030,-0.414141,-0.133416,0.262047,-0.409719,-0.192138
2026-08-05 17:52:19.993,191.299818,0.000000,0.000000,0.000000,0.337929,-0.390495,-0.228126,0.138125,-0.377615,-0.230527,0.238027,-0.384055,-0.229327,0.210631,-0.421397,-0.196170,0.237229,-0.421948,-0.134694,0.263247,-0.417526,-0.193416
2026-08-05 17:52:20.093,191.399817,0.000000,0.000000,0.000000,0.336490,-0.381127,-0.226593,0.136647,-0.367227,-0.229076,0.236568,-0.374177,-0.227834,0.209119,-0.413044,-0.194604,0.235790,-0.412580,-0.133161,0.261808,-0.408158,-0.191883
2026-08-05 17:52:20.193,191.499817,0.000000,0.000000,0.000000,0.336330,-0.380086,-0.226422,0.136526,-0.367206,-0.228824,0.236428,-0.373646,-0.227623,0.209031,-0.410987,-0.194467,0.235630,-0.411539,-0.132990,0.261648,-0.407117,-0.191712
2026-08-05 17:52:20.293,191.599817,0.000000,0.000000,0.000000,0.336650,-0.382168,-0.226763,0.136846,-0.369287,-0.229165,0.236748,-0.375728,-0.227964,0.208637,-0.413022,-0.194789,0.235856,-0.414602,-0.132682,0.261967,-0.409199,-0.192053
2026-08-05 17:52:20.393,191.699817,0.000000,0.000000,0.000000,0.336330,-0.380086,-0.226422,0.136526,-0.367206,-0.228824,0.236428,-0.373646,-0.227623,0.208317,-0.410940,-0.194448,0.235052,-0.410438,-0.132194,0.261495,-0.408127,-0.191684
2026-08-05 17:52:20.493,191.799817,0.000000,0.000000,0.000000,0.336490,-0.381127,-0.226593,0.136686,-0.368246,-0.228994,0.236588,-0.374687,-0.227793,0.208406,-0.412996,-0.194586,0.235099,-0.412496,-0.132429,0.261808,-0.408158,-0.191883
2026-08-05 17:52:20.593,191.899817,0.000000,0.000000,0.000000,0.336010,-0.378004,-0.226082,0.136206,-0.365124,-0.228483,0.236108,-0.371564,-0.227282,0.207997,-0.408858,-0.194108,0.234506,-0.410391,-0.131982,0.261328,-0.405035,-0.191371
2026-08-05 17:52:20.693,191.999817,0.000000,0.000000,0.000000,0.336970,-0.384250,-0.227104,0.137166,-0.371369,-0.229505,0.237068,-0.377809,-0.228304,0.208957,-0.415104,-0.195130,0.235692,-0.414601,-0.132875,0.262287,-0.411281,-0.192394
2026-08-05 17:52:20.793,192.099817,0.000000,0.000000,0.000000,0.337065,-0.382208,-0.227011,0.137006,-0.370328,-0.229335,0.237035,-0.376268,-0.228173,0.208797,-0.414063,-0.194959,0.235192,-0.416613,-0.132899,0.262280,-0.409230,-0.192252
2026-08-05 17:52:20.893,192.199817,0.000000,0.000000,0.000000,0.336490,-0.381127,-0.226593,0.136647,-0.367227,-0.229076,0.236568,-0.374177,-0.227834,0.208477,-0.411981,-0.194619,0.234893,-0.414495,-0.131847,0.261808,-0.408158,-0.191883
2026-08-05 17:52:20.993,192.299817,0.000000,0.000000,0.000000,0.336170,-0.379045,-0.226252,0.136366,-0.366165,-0.228654,0.236268,-0.372605,-0.227453,0.208228,-0.408884,-0.194311,0.234800,-0.410378,-0.131375,0.261488,-0.406076,-0.191542
2026-08-05 17:52:21.093,192.399817,0.000000,0.000000,0.000000,0.336330,-0.380086,-0.226422,0.136526,-0.367206,-0.228824,0.236428,-0.373646,-0.227623,0.208317,-0.410940,-0.194448,0.234136,-0.412390,-0.131592,0.261648,-0.407117,-0.191712
2026-08-05 17:52:21.193,192.499816,0.000000,0.000000,0.000000,0.336810,-0.383209,-0.226933,0.137006,-0.370328,-0.229335,0.236908,-0.376768,-0.228134,0.208726,-0.415078,-0.194927,0.234504,-0.416530,-0.132169,0.262127,-0.410240,-0.192223
2026-08-05 17:52:21.293,192.599816,0.000000,0.000000,0.000000,0.336810,-0.383209,-0.226933,0.137006,-0.370328,-0.229335,0.236908,-0.376768,-0.228134,0.208761,-0.414570,-0.194943,0.234504,-0.416530,-0.132169,0.262127,-0.410240,-0.192223
2026-08-05 17:52:21.393,192.699816,0.000000,0.000000,0.000000,0.336810,-0.383209,-0.226933,0.137006,-0.370328,-0.229335,0.236908,-0.376768,-0.228134,0.208797,-0.414063,-0.194959,0.234504,-0.416530,-0.132169,0.262127,-0.410240,-0.192223
2026-08-05 17:52:21.493,192.799816,0.000000,0.000000,0.000000,0.336745,-0.380126,-0.226671,0.136686,-0.368246,-0.228994,0.236716,-0.374186,-0.227832,0.208477,-0.411981,-0.194619,0.234184,-0.414448,-0.131828,0.261655,-0.409168,-0.191854
2026-08-05 17:52:21.593,192.899816,0.000000,0.000000,0.000000,0.336810,-0.383209,-0.226933,0.137006,-0.370328,-0.229335,0.236908,-0.376768,-0.228134,0.208726,-0.415078,-0.194927,0.234279,-0.418566,-0.132300,0.262127,-0.410240,-0.192223
2026-08-05 17:52:21.693,192.999816,0.000000,0.000000,0.000000,0.336810,-0.383209,-0.226933,0.136967,-0.369308,-0.229416,0.236888,-0.376259,-0.228175,0.208797,-0.414063,-0.194959,0.234392,-0.417548,-0.132235,0.262127,-0.410240,-0.192223
2026-08-05 17:52:21.793,193.099816,0.000000,0.000000,0.000000,0.335914,-0.380046,-0.226174,0.136366,-0.366165,-0.228654,0.236140,-0.373105,-0.227414,0.208157,-0.409899,-0.194278,0.233864,-0.412366,-0.131488,0.261488,-0.406076,-0.191542
2026-08-05 17:52:21.893,193.199816,0.000000,0.000000,0.000000,0.336970,-0.384250,-0.227104,0.137127,-0.370349,-0.229587,0.237048,-0.377299,-0.228345,0.208957,-0.415104,-0.195130,0.234664,-0.417571,-0.132339,0.262287,-0.411281,-0.192394
2026-08-05 17:52:21.993,193.299816,0.000000,0.000000,0.000000,0.336490,-0.381127,-0.226593,0.136647,-0.367227,-0.229076,0.236568,-0.374177,-0.227834,0.208477,-0.411981,-0.194619,0.234205,-0.414412,-0.131117,0.261808,-0.408158,-0.191883
2026-08-05 17:52:22.093,193.399816,0.000000,0.000000,0.000000,0.336170,-0.379045,-0.226252,0.136327,-0.365145,-0.228735,0.236249,-0.372095,-0.227494,0.208086,-0.410914,-0.194245,0.233773,-0.413348,-0.130843,0.261335,-0.407086,-0.191514
2026-08-05 17:52:22.193,193.499815,0.000000,0.000000,0.000000,0.337290,-0.386331,-0.227444,0.137447,-0.372431,-0.229928,0.237368,-0.379381,-0.228686,0.209277,-0.417186,-0.195471,0.234780,-0.421653,-0.132103,0.262607,-0.413363,-0.192734
2026-08-05 17:52:22.293,193.599815,0.000000,0.000000,0.000000,0.336970,-0.384250,-0.227104,0.137166,-0.371369,-0.229505,0.237068,-0.377809,-0.228304,0.209028,-0.414089,-0.195163,0.234460,-0.419571,-0.131762,0.262287,-0.411281,-0.192394
2026-08-05 17:52:22.393,193.699815,0.000000,0.000000,0.000000,0.337130,-0.385290,-0.227274,0.137326,-0.372410,-0.229676,0.237228,-0.378850,-0.228475,0.209117,-0.416145,-0.195300,0.234620,-0.420612,-0.131932,0.262447,-0.412322,-0.192564
2026-08-05 17:52:22.493,193.799815,0.000000,0.000000,0.000000,0.336330,-0.380086,-0.226422,0.136487,-0.366186,-0.228905,0.236409,-0.373136,-0.227664,0.208317,-0.410940,-0.194448,0.233335,-0.413324,-0.130928,0.261648,-0.407117,-0.191712
2026-08-05 17:52:22.593,193.899815,0.000000,0.000000,0.000000,0.336490,-0.381127,-0.226593,0.136686,-0.368246,-0.228994,0.236588,-0.374687,-0.227793,0.208548,-0.410966,-0.194652,0.233384,-0.415383,-0.131166,0.261808,-0.408158,-0.191883
2026-08-05 17:52:22.693,193.999815,0.000000,0.000000,0.000000,0.336970,-0.384250,-0.227104,0.137166,-0.371369,-0.229505,0.237068,-0.377809,-0.228304,0.209028,-0.414089,-0.195163,0.233975,-0.417488,-0.131610,0.262287,-0.411281,-0.192394
2026-08-05 17:52:22.793,194.099815,0.000000,0.000000,0.000000,0.336490,-0.381127,-0.226593,0.136686,-0.368246,-0.228994,0.236588,-0.374687,-0.227793,0.208477,-0.411981,-0.194619,0.233495,-0.414365,-0.131099,0.261655,-0.409168,-0.191854
2026-08-05 17:52:22.893,194.199815,0.000000,0.000000,0.000000,0.336810,-0.383209,-0.226933,0.137006,-0.370328,-0.229335,0.236908,-0.376768,-0.228134,0.208797,-0.414063,-0.194959,0.233593,-0.418483,-0.131573,0.262127,-0.410240,-0.192223
2026-08-05 17:52:22.993,194.299815,0.000000,0.000000,0.000000,0.336810,-0.383209,-0.226933,0.137006,-0.370328,-0.229335,0.236908,-0.376768,-0.228134,0.208726,-0.415078,-0.194927,0.233815,-0.416447,-0.131439,0.261996,-0.411213,-0.191473
2026-08-05 17:52:23.093,194.399815,0.000000,0.000000,0.000000,0.336490,-0.381127,-0.226593,0.136647,-0.367227,-0.229076,0.236568,-0.374177,-0.227834,0.208477,-0.411981,-0.194619,0.233495,-0.414365,-0.131099,0.261676,-0.409131,-0.191132
2026-08-05 17:52:23.193,194.499815,0.000000,0.000000,0.000000,0.336330,-0.380086,-0.226422,0.136526,-0.367206,-0.228824,0.236428,-0.373646,-0.227623,0.208317,-0.410940,-0.194448,0.233224,-0.414342,-0.130995,0.261495,-0.408127,-0.191684
2026-08-05 17:52:23.293,194.599814,0.000000,0.000000,0.000000,0.336266,-0.377003,-0.226160,0.136206,-0.365124,-0.228483,0.236236,-0.371063,-0.227321,0.207283,-0.408811,-0.194089,0.233015,-0.411242,-0.130588,0.261328,-0.405035,-0.191371
2026-08-05 17:52:23.393,194.699814,0.000000,0.000000,0.000000,0.336490,-0.381127,-0.226593,0.136686,-0.368246,-0.228994,0.236588,-0.374687,-0.227793,0.207798,-0.411426,-0.194617,0.233384,-0.415383,-0.131166,0.261829,-0.408121,-0.191159
2026-08-05 17:52:23.493,194.799814,0.000000,0.000000,0.000000,0.336585,-0.379085,-0.226500,0.136526,-0.367206,-0.228824,0.236556,-0.373145,-0.227662,0.208246,-0.411955,-0.194416,0.233224,-0.414342,-0.130995,0.261495,-0.408127,-0.191684
2026-08-05 17:52:23.593,194.899814,0.000000,0.000000,0.000000,0.337290,-0.386331,-0.227444,0.137486,-0.373451,-0.229846,0.237388,-0.379891,-0.228645,0.208633,-0.416123,-0.195485,0.234205,-0.420552,-0.131307,0.262607,-0.413363,-0.192734
2026-08-05 17:52:23.693,194.999814,0.000000,0.000000,0.000000,0.336010,-0.378004,-0.226082,0.136167,-0.364104,-0.228565,0.236089,-0.371054,-0.227323,0.207353,-0.407795,-0.194122,0.232925,-0.412224,-0.129945,0.261196,-0.406009,-0.190621
2026-08-05 17:52:23.793,195.099814,0.000000,0.000000,0.000000,0.336810,-0.383209,-0.226933,0.137006,-0.370328,-0.229335,0.236908,-0.376768,-0.228134,0.208083,-0.414015,-0.194941,0.233780,-0.416920,-0.130762,0.261996,-0.411213,-0.191473
2026-08-05 17:52:23.893,195.199814,0.000000,0.000000,0.000000,0.336810,-0.383209,-0.226933,0.136967,-0.369308,-0.229416,0.236888,-0.376259,-0.228175,0.208083,-0.414015,-0.194941,0.233836,-0.416411,-0.130728,0.262127,-0.410240,-0.192223
2026-08-05 17:52:23.993,195.299814,0.000000,0.000000,0.000000,0.336490,-0.381127,-0.226593,0.136686,-0.368246,-0.228994,0.236588,-0.374687,-0.227793,0.207693,-0.412949,-0.194567,0.233294,-0.416365,-0.130524,0.261502,-0.410178,-0.191826
2026-08-05 17:52:24.093,195.399814,0.000000,0.000000,0.000000,0.336810,-0.383209,-0.226933,0.136967,-0.369308,-0.229416,0.236888,-0.376259,-0.228175,0.208083,-0.414015,-0.194941,0.233669,-0.417938,-0.130830,0.261974,-0.411250,-0.192195
2026-08-05 17:52:24.193,195.499814,0.000000,0.000000,0.000000,0.336330,-0.380086,-0.226422,0.136526,-0.367206,-0.228824,0.236428,-0.373646,-0.227623,0.207533,-0.411908,-0.194397,0.233356,-0.413288,-0.130217,0.261363,-0.409101,-0.190934
2026-08-05 17:52:24.293,195.599813,0.000000,0.000000,0.000000,0.336810,-0.383209,-0.226933,0.137006,-0.370328,-0.229335,0.236908,-0.376768,-0.228134,0.208013,-0.415031,-0.194908,0.233614,-0.418447,-0.130864,0.262562,-0.412271,-0.191464
2026-08-05 17:52:24.393,195.699813,0.000000,0.000000,0.000000,0.336585,-0.379085,-0.226500,0.136526,-0.367206,-0.228824,0.236556,-0.373145,-0.227662,0.207463,-0.412923,-0.194364,0.233134,-0.415324,-0.130353,0.262215,-0.408175,-0.191703
2026-08-05 17:52:24.493,195.799813,0.000000,0.000000,0.000000,0.336554,-0.384209,-0.226855,0.137006,-0.370328,-0.229335,0.236780,-0.377269,-0.228095,0.208013,-0.415031,-0.194908,0.232906,-0.418400,-0.130846,0.262541,-0.412308,-0.192185
2026-08-05 17:52:24.593,195.899813,0.000000,0.000000,0.000000,0.336905,-0.381167,-0.226841,0.136846,-0.369287,-0.229165,0.236876,-0.375227,-0.228003,0.207923,-0.412974,-0.194771,0.232767,-0.417323,-0.129967,0.262535,-0.410257,-0.192043
2026-08-05 17:52:24.693,195.999813,0.000000,0.000000,0.000000,0.336330,-0.380086,-0.226422,0.136526,-0.367206,-0.228824,0.236428,-0.373646,-0.227623,0.207533,-0.411908,-0.194397,0.232447,-0.415241,-0.129626,0.262237,-0.408138,-0.190980
2026-08-05 17:52:24.793,196.099813,0.000000,0.000000,0.000000,0.336810,-0.383209,-0.226933,0.136967,-0.369308,-0.229416,0.236888,-0.376259,-0.228175,0.208013,-0.415031,-0.194908,0.232927,-0.418364,-0.130137,0.262541,-0.412308,-0.192185
2026-08-05 17:52:24.893,196.199813,0.000000,0.000000,0.000000,0.336810,-0.383209,-0.226933,0.137006,-0.370328,-0.229335,0.236908,-0.376768,-0.228134,0.208083,-0.414015,-0.194941,0.233037,-0.417346,-0.130068,0.262562,-0.412271,-0.191464
2026-08-05 17:52:24.993,196.299813,0.000000,0.000000,0.000000,0.337130,-0.385290,-0.227274,0.137326,-0.372410,-0.229676,0.237228,-0.378850,-0.228475,0.207620,-0.417065,-0.195230,0.232669,-0.419345,-0.129680,0.263036,-0.413343,-0.191832
2026-08-05 17:52:25.093,196.399813,0.000000,0.000000,0.000000,0.336330,-0.380086,-0.226422,0.136526,-0.367206,-0.228824,0.236428,-0.373646,-0.227623,0.206751,-0.412876,-0.194345,0.231870,-0.414140,-0.128828,0.262215,-0.408175,-0.191703
2026-08-05 17:52:25.193,196.499813,0.000000,0.000000,0.000000,0.336010,-0.378004,-0.226082,0.136167,-0.364104,-0.228565,0.236089,-0.371054,-0.227323,0.206500,-0.409779,-0.194038,0.231659,-0.411040,-0.128417,0.261917,-0.406057,-0.190640
2026-08-05 17:52:25.293,196.599813,0.000000,0.000000,0.000000,0.336810,-0.383209,-0.226933,0.136967,-0.369308,-0.229416,0.236888,-0.376259,-0.228175,0.207265,-0.415491,-0.194873,0.232479,-0.416209,-0.128558,0.262562,-0.412271,-0.191464
2026-08-05 17:52:25.393,196.699812,0.000000,0.000000,0.000000,0.337290,-0.386331,-0.227444,0.137486,-0.373451,-0.229846,0.237388,-0.379891,-0.228645,0.207780,-0.418106,-0.195400,0.232850,-0.420350,-0.129140,0.263042,-0.415394,-0.191975
2026-08-05 17:52:25.493,196.799812,0.000000,0.000000,0.000000,0.336810,-0.383209,-0.226933,0.136967,-0.369308,-0.229416,0.236888,-0.376259,-0.228175,0.207300,-0.414983,-0.194889,0.231662,-0.417180,-0.128611,0.262717,-0.411261,-0.191491
2026-08-05 17:52:25.593,196.899812,0.000000,0.000000,0.000000,0.336170,-0.379045,-0.226252,0.136366,-0.366165,-0.228654,0.236268,-0.372605,-0.227453,0.206591,-0.411835,-0.194175,0.231043,-0.412981,-0.127220,0.262077,-0.407098,-0.190810
2026-08-05 17:52:25.693,196.999812,0.000000,0.000000,0.000000,0.337130,-0.385290,-0.227274,0.137326,-0.372410,-0.229676,0.237228,-0.378850,-0.228475,0.207551,-0.418081,-0.195197,0.231787,-0.421263,-0.128387,0.263036,-0.413343,-0.191832
2026-08-05 17:52:25.793,197.099812,0.000000,0.000000,0.000000,0.336650,-0.382168,-0.226763,0.136846,-0.369287,-0.229165,0.236748,-0.375728,-0.227964,0.207140,-0.413942,-0.194719,0.231328,-0.418104,-0.127168,0.263122,-0.411278,-0.191313
2026-08-05 17:52:25.893,197.199812,0.000000,0.000000,0.000000,0.336585,-0.379085,-0.226500,0.136526,-0.367206,-0.228824,0.236556,-0.373145,-0.227662,0.206751,-0.412876,-0.194345,0.231116,-0.415004,-0.126754,0.262802,-0.409196,-0.190972
2026-08-05 17:52:25.993,197.299812,0.000000,0.000000,0.000000,0.336905,-0.381167,-0.226841,0.136846,-0.369287,-0.229165,0.236876,-0.375227,-0.228003,0.207071,-0.414958,-0.194686,0.230835,-0.416020,-0.127002,0.263122,-0.411278,-0.191313
2026-08-05 17:52:26.093,197.399812,0.000000,0.000000,0.000000,0.336810,-0.383209,-0.226933,0.137006,-0.370328,-0.229335,0.236908,-0.376768,-0.228134,0.207300,-0.414983,-0.194889,0.230888,-0.418080,-0.127246,0.263282,-0.412319,-0.191483
2026-08-05 17:52:26.193,197.499812,0.000000,0.000000,0.000000,0.336394,-0.383169,-0.226685,0.136846,-0.369287,-0.229165,0.236620,-0.376228,-0.227925,0.207140,-0.413942,-0.194719,0.230963,-0.414966,-0.126217,0.263122,-0.411278,-0.191313
2026-08-05 17:52:26.293,197.599812,0.000000,0.000000,0.000000,0.336810,-0.383209,-0.226933,0.137006,-0.370328,-0.229335,0.236908,-0.376768,-0.228134,0.207300,-0.414983,-0.194889,0.230909,-0.418044,-0.126537,0.263437,-0.411309,-0.191510
2026-08-05 17:52:26.393,197.699811,0.000000,0.000000,0.000000,0.336650,-0.382168,-0.226763,0.136884,-0.370307,-0.229083,0.236767,-0.376237,-0.227923,0.207071,-0.414958,-0.194686,0.230963,-0.414966,-0.126217,0.263122,-0.411278,-0.191313
2026-08-05 17:52:26.493,197.799811,0.000000,0.000000,0.000000,0.336010,-0.378004,-0.226082,0.136206,-0.365124,-0.228483,0.236108,-0.371564,-0.227282,0.206431,-0.410794,-0.194005,0.230216,-0.411821,-0.125611,0.262482,-0.407115,-0.190631
2026-08-05 17:52:26.593,197.899811,0.000000,0.000000,0.000000,0.336330,-0.380086,-0.226422,0.136526,-0.367206,-0.228824,0.236428,-0.373646,-0.227623,0.206107,-0.411813,-0.194360,0.229722,-0.414874,-0.126008,0.262802,-0.409196,-0.190972
2026-08-05 17:52:26.693,197.999811,0.000000,0.000000,0.000000,0.336745,-0.380126,-0.226671,0.136686,-0.368246,-0.228994,0.236716,-0.374186,-0.227832,0.206267,-0.412854,-0.194530,0.230093,-0.413878,-0.126028,0.262962,-0.410237,-0.191142
2026-08-05 17:52:26.793,198.099811,0.000000,0.000000,0.000000,0.336330,-0.380086,-0.226422,0.136526,-0.367206,-0.228824,0.236428,-0.373646,-0.227623,0.206107,-0.411813,-0.194360,0.229827,-0.413856,-0.125933,0.262647,-0.410206,-0.190945
2026-08-05 17:52:26.893,198.199811,0.000000,0.000000,0.000000,0.336650,-0.382168,-0.226763,0.136846,-0.369287,-0.229165,0.236748,-0.375728,-0.227964,0.206393,-0.414403,-0.194684,0.230147,-0.415937,-0.126274,0.263122,-0.411278,-0.191313
2026-08-05 17:52:26.993,198.299811,0.000000,0.000000,0.000000,0.336970,-0.384250,-0.227104,0.137166,-0.371369,-0.229505,0.237068,-0.377809,-0.228304,0.206747,-0.415977,-0.195041,0.230573,-0.417001,-0.126539,0.263442,-0.413360,-0.191653
2026-08-05 17:52:27.093,198.399811,0.000000,0.000000,0.000000,0.336810,-0.383209,-0.226933,0.137006,-0.370328,-0.229335,0.236908,-0.376768,-0.228134,0.206519,-0.415951,-0.194838,0.230413,-0.415960,-0.126369,0.263127,-0.413329,-0.191456
2026-08-05 17:52:27.193,198.499811,0.000000,0.000000,0.000000,0.336330,-0.380086,-0.226422,0.136526,-0.367206,-0.228824,0.236428,-0.373646,-0.227623,0.206039,-0.412829,-0.194327,0.230039,-0.411818,-0.125783,0.262802,-0.409196,-0.190972
2026-08-05 17:52:27.293,198.599811,0.000000,0.000000,0.000000,0.336234,-0.382128,-0.226515,0.136647,-0.367227,-0.229076,0.236441,-0.374677,-0.227795,0.206199,-0.413869,-0.194497,0.230072,-0.413914,-0.126740,0.262962,-0.410237,-0.191142
2026-08-05 17:52:27.393,198.699811,0.000000,0.000000,0.000000,0.336650,-0.382168,-0.226763,0.136846,-0.369287,-0.229165,0.236748,-0.375728,-0.227964,0.206359,-0.414910,-0.194668,0.230232,-0.414955,-0.126910,0.263122,-0.411278,-0.191313
2026-08-05 17:52:27.493,198.799810,0.000000,0.000000,0.000000,0.336330,-0.380086,-0.226422,0.136526,-0.367206,-0.228824,0.236428,-0.373646,-0.227623,0.206039,-0.412829,-0.194327,0.229098,-0.413844,-0.126625,0.262802,-0.409196,-0.190972
2026-08-05 17:52:27.593,198.899810,0.000000,0.000000,0.000000,0.336490,-0.381127,-0.226593,0.136686,-0.368246,-0.228994,0.236588,-0.374687,-0.227793,0.206165,-0.414377,-0.194481,0.229049,-0.416923,-0.126942,0.262807,-0.411247,-0.191115
2026-08-05 17:52:27.693,198.999810,0.000000,0.000000,0.000000,0.336810,-0.383209,-0.226933,0.137006,-0.370328,-0.229335,0.236908,-0.376768,-0.228134,0.206519,-0.415951,-0.194838,0.229661,-0.415984,-0.127773,0.263282,-0.412319,-0.191483
2026-08-05 17:52:27.793,199.099810,0.000000,0.000000,0.000000,0.336745,-0.380126,-0.226671,0.136686,-0.368246,-0.228994,0.236716,-0.374186,-0.227832,0.206199,-0.413869,-0.194497,0.229840,-0.415987,-0.127596,0.262962,-0.410237,-0.191142
2026-08-05 17:52:27.893,199.199810,0.000000,0.000000,0.000000,0.336650,-0.382168,-0.226763,0.136846,-0.369287,-0.229165,0.236748,-0.375728,-0.227964,0.206223,-0.416941,-0.194602,0.229873,-0.418082,-0.128547,0.262967,-0.412288,-0.191285
2026-08-05 17:52:27.993,199.299810,0.000000,0.000000,0.000000,0.337130,-0.385290,-0.227274,0.137364,-0.373430,-0.229594,0.237247,-0.379360,-0.228434,0.206737,-0.419556,-0.195129,0.230564,-0.419168,-0.128915,0.263447,-0.415411,-0.191796
2026-08-05 17:52:28.093,199.399810,0.000000,0.000000,0.000000,0.337065,-0.382208,-0.227011,0.137006,-0.370328,-0.229335,0.237035,-0.376268,-0.228173,0.206451,-0.416967,-0.194805,0.230276,-0.416613,-0.129249,0.263127,-0.413329,-0.191456
2026-08-05 17:52:28.193,199.499810,0.000000,0.000000,0.000000,0.336810,-0.383209,-0.226933,0.136967,-0.369308,-0.229416,0.236888,-0.376259,-0.228175,0.206519,-0.415951,-0.194838,0.230118,-0.418140,-0.129354,0.263127,-0.413329,-0.191456
2026-08-05 17:52:28.293,199.599810,0.000000,0.000000,0.000000,0.336970,-0.384250,-0.227104,0.137166,-0.371369,-0.229505,0.237068,-0.377809,-0.228304,0.206611,-0.418008,-0.194975,0.230257,-0.419217,-0.130234,0.263287,-0.414370,-0.191626
2026-08-05 17:52:28.393,199.699810,0.000000,0.000000,0.000000,0.336490,-0.381127,-0.226593,0.136686,-0.368246,-0.228994,0.236588,-0.374687,-0.227793,0.206131,-0.414885,-0.194464,0.230464,-0.416177,-0.130450,0.262067,-0.411236,-0.191816
2026-08-05 17:52:28.493,199.799809,0.000000,0.000000,0.000000,0.336970,-0.384250,-0.227104,0.137127,-0.370349,-0.229587,0.237048,-0.377299,-0.228345,0.206590,-0.418044,-0.195688,0.231050,-0.418282,-0.130893,0.262547,-0.414359,-0.192327
2026-08-05 17:52:28.593,199.899809,0.000000,0.000000,0.000000,0.336970,-0.384250,-0.227104,0.137127,-0.370349,-0.229587,0.237048,-0.377299,-0.228345,0.206658,-0.417028,-0.195722,0.231630,-0.419383,-0.131688,0.262547,-0.414359,-0.192327
2026-08-05 17:52:28.693,199.999809,0.000000,0.000000,0.000000,0.336490,-0.381127,-0.226593,0.136686,-0.368246,-0.228994,0.236588,-0.374687,-0.227793,0.206178,-0.413906,-0.195211,0.231258,-0.415242,-0.131110,0.262067,-0.411236,-0.191816
2026-08-05 17:52:28.793,200.099809,0.000000,0.000000,0.000000,0.336650,-0.382168,-0.226763,0.136846,-0.369287,-0.229165,0.236748,-0.375728,-0.227964,0.206270,-0.415962,-0.195347,0.231997,-0.417384,-0.132075,0.262073,-0.413287,-0.191958
2026-08-05 17:52:28.893,200.199809,0.000000,0.000000,0.000000,0.336490,-0.381127,-0.226593,0.136686,-0.368246,-0.228994,0.236588,-0.374687,-0.227793,0.206110,-0.414921,-0.195177,0.231837,-0.416343,-0.131904,0.261913,-0.412246,-0.191788
2026-08-05 17:52:28.993,200.299809,0.000000,0.000000,0.000000,0.335595,-0.377964,-0.225833,0.136007,-0.363063,-0.228394,0.235801,-0.370513,-0.227114,0.205470,-0.410757,-0.194495,0.231884,-0.412262,-0.131950,0.261273,-0.408082,-0.191107
2026-08-05 17:52:29.093,200.399809,0.000000,0.000000,0.000000,0.336490,-0.381127,-0.226593,0.136686,-0.368246,-0.228994,0.236588,-0.374687,-0.227793,0.206178,-0.413906,-0.195211,0.232524,-0.416426,-0.132632,0.262067,-0.411236,-0.191816
2026-08-05 17:52:29.193,200.499809,0.000000,0.000000,0.000000,0.336810,-0.383209,-0.226933,0.137006,-0.370328,-0.229335,0.236908,-0.376768,-0.228134,0.206430,-0.417003,-0.195517,0.232878,-0.418034,-0.133649,0.261669,-0.413270,-0.192138
2026-08-05 17:52:29.293,200.599809,0.000000,0.000000,0.000000,0.337065,-0.382208,-0.227011,0.137006,-0.370328,-0.229335,0.237035,-0.376268,-0.228173,0.206430,-0.417003,-0.195517,0.233530,-0.418590,-0.133700,0.261516,-0.414280,-0.192110
2026-08-05 17:52:29.393,200.699809,0.000000,0.000000,0.000000,0.336970,-0.384250,-0.227104,0.137204,-0.372389,-0.229424,0.237087,-0.378319,-0.228264,0.206590,-0.418044,-0.195688,0.233669,-0.419667,-0.134579,0.261828,-0.414311,-0.192309
2026-08-05 17:52:29.493,200.799809,0.000000,0.000000,0.000000,0.336330,-0.380086,-0.226422,0.136526,-0.367206,-0.228824,0.236428,-0.373646,-0.227623,0.206730,-0.412912,-0.195059,0.233737,-0.415550,-0.133916,0.261036,-0.411157,-0.191599
2026-08-05 17:52:29.593,200.899808,0.000000,0.000000,0.000000,0.336810,-0.383209,-0.226933,0.137006,-0.370328,-0.229335,0.236908,-0.376768,-0.228134,0.206498,-0.415987,-0.195551,0.234217,-0.418673,-0.134427,0.261516,-0.414280,-0.192110
2026-08-05 17:52:29.693,200.999808,0.000000,0.000000,0.000000,0.336970,-0.384250,-0.227104,0.137166,-0.371369,-0.229505,0.237068,-0.377809,-0.228304,0.207301,-0.418091,-0.195706,0.234580,-0.417715,-0.135184,0.261828,-0.414311,-0.192309
2026-08-05 17:52:29.793,201.099808,0.000000,0.000000,0.000000,0.337130,-0.385290,-0.227274,0.137326,-0.372410,-0.229676,0.237228,-0.378850,-0.228475,0.207551,-0.418081,-0.195197,0.235450,-0.418803,-0.135373,0.261835,-0.416362,-0.192451
2026-08-05 17:52:29.893,201.199808,0.000000,0.000000,0.000000,0.337225,-0.383249,-0.227182,0.137166,-0.371369,-0.229505,0.237195,-0.377309,-0.228343,0.207391,-0.417040,-0.195027,0.235269,-0.417798,-0.135913,0.261676,-0.415321,-0.192280
2026-08-05 17:52:29.993,201.299808,0.000000,0.000000,0.000000,0.336490,-0.381127,-0.226593,0.136647,-0.367227,-0.229076,0.236568,-0.374177,-0.227834,0.206890,-0.413953,-0.195229,0.235384,-0.415740,-0.135481,0.261349,-0.411188,-0.191798
2026-08-05 17:52:30.093,201.399808,0.000000,0.000000,0.000000,0.336234,-0.382128,-0.226515,0.136686,-0.368246,-0.228994,0.236460,-0.375187,-0.227754,0.206959,-0.412937,-0.195263,0.235478,-0.414758,-0.136132,0.261349,-0.411188,-0.191798
2026-08-05 17:52:30.193,201.499808,0.000000,0.000000,0.000000,0.337290,-0.386331,-0.227444,0.137447,-0.372431,-0.229928,0.237368,-0.379381,-0.228686,0.207780,-0.418106,-0.195400,0.236391,-0.418946,-0.136925,0.261995,-0.417403,-0.192621
2026-08-05 17:52:30.293,201.599808,0.000000,0.000000,0.000000,0.337290,-0.386331,-0.227444,0.137486,-0.373451,-0.229846,0.237388,-0.379891,-0.228645,0.207780,-0.418106,-0.195400,0.236966,-0.420046,-0.137713,0.261995,-0.417403,-0.192621
2026-08-05 17:52:30.393,201.699808,0.000000,0.000000,0.000000,0.336970,-0.384250,-0.227104,0.137127,-0.370349,-0.229587,0.237048,-0.377299,-0.228345,0.208173,-0.416072,-0.195078,0.236646,-0.417964,-0.137372,0.260958,-0.415274,-0.192262
2026-08-05 17:52:30.493,201.799808,0.000000,0.000000,0.000000,0.336490,-0.381127,-0.226593,0.136686,-0.368246,-0.228994,0.236588,-0.374687,-0.227793,0.207693,-0.412949,-0.194567,0.236971,-0.413907,-0.137534,0.260782,-0.410130,-0.191807
2026-08-05 17:52:30.593,201.899807,0.000000,0.000000,0.000000,0.336490,-0.381127,-0.226593,0.136647,-0.367227,-0.229076,0.236568,-0.374177,-0.227834,0.207672,-0.412985,-0.195282,0.236855,-0.414924,-0.137591,0.260782,-0.410130,-0.191807
2026-08-05 17:52:30.693,201.999807,0.000000,0.000000,0.000000,0.336970,-0.384250,-0.227104,0.137166,-0.371369,-0.229505,0.237068,-0.377809,-0.228304,0.208152,-0.416108,-0.195793,0.237430,-0.417066,-0.138758,0.261262,-0.413253,-0.192318
2026-08-05 17:52:30.793,202.099807,0.000000,0.000000,0.000000,0.336970,-0.384250,-0.227104,0.137166,-0.371369,-0.229505,0.237068,-0.377809,-0.228304,0.208082,-0.417123,-0.195759,0.238024,-0.418130,-0.138832,0.261262,-0.413253,-0.192318
2026-08-05 17:52:30.893,202.199807,0.000000,0.000000,0.000000,0.336330,-0.380086,-0.226422,0.136565,-0.368225,-0.228742,0.236447,-0.374156,-0.227582,0.207512,-0.411944,-0.195111,0.237598,-0.411969,-0.138753,0.260622,-0.409089,-0.191637
2026-08-05 17:52:30.993,202.299807,0.000000,0.000000,0.000000,0.336970,-0.384250,-0.227104,0.137166,-0.371369,-0.229505,0.237068,-0.377809,-0.228304,0.208152,-0.416108,-0.195793,0.238099,-0.417185,-0.140201,0.261110,-0.414263,-0.192290
2026-08-05 17:52:31.093,202.399807,0.000000,0.000000,0.000000,0.336010,-0.378004,-0.226082,0.136167,-0.364104,-0.228565,0.236089,-0.371054,-0.227323,0.207192,-0.409862,-0.194771,0.237969,-0.409970,-0.139144,0.260150,-0.408018,-0.191268
2026-08-05 17:52:31.193,202.499807,0.000000,0.000000,0.000000,0.336266,-0.377003,-0.226160,0.136245,-0.366143,-0.228402,0.236255,-0.371573,-0.227281,0.207157,-0.410370,-0.194754,0.237948,-0.410006,-0.139857,0.260129,-0.408054,-0.191988
2026-08-05 17:52:31.293,202.599807,0.000000,0.000000,0.000000,0.336970,-0.384250,-0.227104,0.137166,-0.371369,-0.229505,0.237068,-0.377809,-0.228304,0.208082,-0.417123,-0.195759,0.239619,-0.416299,-0.140898,0.261240,-0.413290,-0.193039
2026-08-05 17:52:31.393,202.699807,0.000000,0.000000,0.000000,0.336970,-0.384250,-0.227104,0.137166,-0.371369,-0.229505,0.237068,-0.377809,-0.228304,0.208152,-0.416108,-0.195793,0.239718,-0.415319,-0.141560,0.261089,-0.414300,-0.193010
2026-08-05 17:52:31.493,202.799807,0.000000,0.000000,0.000000,0.336554,-0.384209,-0.226855,0.137006,-0.370328,-0.229335,0.236780,-0.377269,-0.228095,0.207992,-0.415067,-0.195622,0.240250,-0.414361,-0.142123,0.261081,-0.412249,-0.192869
2026-08-05 17:52:31.593,202.899806,0.000000,0.000000,0.000000,0.336745,-0.380126,-0.226671,0.136686,-0.368246,-0.228994,0.236716,-0.374186,-0.227832,0.207602,-0.414000,-0.195248,0.239930,-0.412279,-0.141782,0.260761,-0.410167,-0.192528
2026-08-05 17:52:31.693,202.999806,0.000000,0.000000,0.000000,0.336010,-0.378004,-0.226082,0.136245,-0.366143,-0.228402,0.236127,-0.372074,-0.227242,0.207122,-0.410877,-0.194737,0.239429,-0.409193,-0.141986,0.260129,-0.408054,-0.191988
2026-08-05 17:52:31.793,203.099806,0.000000,0.000000,0.000000,0.336490,-0.381127,-0.226593,0.136686,-0.368246,-0.228994,0.236588,-0.374687,-0.227793,0.208293,-0.414083,-0.195980,0.240723,-0.411383,-0.143182,0.260609,-0.411177,-0.192499
2026-08-05 17:52:31.893,203.199806,0.000000,0.000000,0.000000,0.336490,-0.381127,-0.226593,0.136686,-0.368246,-0.228994,0.236588,-0.374687,-0.227793,0.208364,-0.413068,-0.196015,0.240601,-0.412399,-0.143230,0.260609,-0.411177,-0.192499
2026-08-05 17:52:31.993,203.299806,0.000000,0.000000,0.000000,0.336745,-0.380126,-0.226671,0.136686,-0.368246,-0.228994,0.236716,-0.374186,-0.227832,0.208364,-0.413068,-0.196015,0.241293,-0.412483,-0.143963,0.260761,-0.410167,-0.192528
2026-08-05 17:52:32.093,203.399806,0.000000,0.000000,0.000000,0.336810,-0.383209,-0.226933,0.137006,-0.370328,-0.229335,0.236908,-0.376768,-0.228134,0.208613,-0.416165,-0.196320,0.241613,-0.414564,-0.144303,0.261081,-0.412249,-0.192869
2026-08-05 17:52:32.193,203.499806,0.000000,0.000000,0.000000,0.336330,-0.380086,-0.226422,0.136487,-0.366186,-0.228905,0.236409,-0.373136,-0.227664,0.208133,-0.413043,-0.195809,0.241112,-0.411478,-0.144507,0.260601,-0.409126,-0.192358
2026-08-05 17:52:32.293,203.599806,0.000000,0.000000,0.000000,0.337130,-0.385290,-0.227274,0.137326,-0.372410,-0.229676,0.237228,-0.378850,-0.228475,0.208932,-0.418247,-0.196661,0.241912,-0.416682,-0.145358,0.261400,-0.414330,-0.193210
2026-08-05 17:52:32.393,203.699806,0.000000,0.000000,0.000000,0.336810,-0.383209,-0.226933,0.137006,-0.370328,-0.229335,0.236908,-0.376768,-0.228134,0.208684,-0.415150,-0.196355,0.241715,-0.413585,-0.144972,0.260929,-0.413259,-0.192840
2026-08-05 17:52:32.493,203.799806,0.000000,0.000000,0.000000,0.336745,-0.380126,-0.226671,0.136686,-0.368246,-0.228994,0.236716,-0.374186,-0.227832,0.208222,-0.415099,-0.195944,0.241272,-0.412519,-0.144677,0.260761,-0.410167,-0.192528
2026-08-05 17:52:32.593,203.899806,0.000000,0.000000,0.000000,0.336745,-0.380126,-0.226671,0.136647,-0.367227,-0.229076,0.236696,-0.373676,-0.227873,0.208293,-0.414083,-0.195980,0.241272,-0.412519,-0.144677,0.260761,-0.410167,-0.192528
2026-08-05 17:52:32.693,203.999805,0.000000,0.000000,0.000000,0.336970,-0.384250,-0.227104,0.137166,-0.371369,-0.229505,0.237068,-0.377809,-0.228304,0.208844,-0.416191,-0.196526,0.241731,-0.415678,-0.145903,0.261392,-0.412279,-0.193069
2026-08-05 17:52:32.793,204.099805,0.000000,0.000000,0.000000,0.336810,-0.383209,-0.226933,0.137006,-0.370328,-0.229335,0.236908,-0.376768,-0.228134,0.208613,-0.416165,-0.196320,0.241448,-0.415653,-0.145776,0.261081,-0.412249,-0.192869
2026-08-05 17:52:32.893,204.199805,0.000000,0.000000,0.000000,0.336810,-0.383209,-0.226933,0.137006,-0.370328,-0.229335,0.236908,-0.376768,-0.228134,0.209397,-0.415198,-0.196374,0.241571,-0.414637,-0.145732,0.261081,-0.412249,-0.192869
2026-08-05 17:52:32.993,204.299805,0.000000,0.000000,0.000000,0.336970,-0.384250,-0.227104,0.137166,-0.371369,-0.229505,0.237068,-0.377809,-0.228304,0.209484,-0.417254,-0.196509,0.241854,-0.414662,-0.145858,0.261240,-0.413290,-0.193039
2026-08-05 17:52:33.093,204.399805,0.000000,0.000000,0.000000,0.336650,-0.382168,-0.226763,0.136846,-0.369287,-0.229165,0.236748,-0.375728,-0.227964,0.209165,-0.415172,-0.196169,0.241411,-0.413596,-0.145562,0.260352,-0.410150,-0.192709
2026-08-05 17:52:33.193,204.499805,0.000000,0.000000,0.000000,0.336490,-0.381127,-0.226593,0.136647,-0.367227,-0.229076,0.236568,-0.374177,-0.227834,0.209077,-0.413116,-0.196033,0.241251,-0.412555,-0.145392,0.260041,-0.410119,-0.192510
2026-08-05 17:52:33.293,204.599805,0.000000,0.000000,0.000000,0.336490,-0.381127,-0.226593,0.136686,-0.368246,-0.228994,0.236588,-0.374687,-0.227793,0.209170,-0.412065,-0.195353,0.241374,-0.411539,-0.145347,0.260192,-0.409109,-0.192539
2026-08-05 17:52:33.393,204.699805,0.000000,0.000000,0.000000,0.336330,-0.380086,-0.226422,0.136526,-0.367206,-0.228824,0.236428,-0.373646,-0.227623,0.209010,-0.411024,-0.195183,0.241214,-0.410498,-0.145177,0.260032,-0.408068,-0.192369
2026-08-05 17:52:33.493,204.799805,0.000000,0.000000,0.000000,0.337610,-0.388413,-0.227785,0.137805,-0.375533,-0.230187,0.237707,-0.381973,-0.228986,0.210931,-0.420414,-0.196530,0.241779,-0.418778,-0.146521,0.261311,-0.416395,-0.193731
2026-08-05 17:52:33.593,204.899805,0.000000,0.000000,0.000000,0.336490,-0.381127,-0.226593,0.136686,-0.368246,-0.228994,0.236588,-0.374687,-0.227793,0.209811,-0.413127,-0.195337,0.240660,-0.411491,-0.145329,0.260192,-0.409109,-0.192539
2026-08-05 17:52:33.693,204.999804,0.000000,0.000000,0.000000,0.336970,-0.384250,-0.227104,0.137127,-0.370349,-0.229587,0.237048,-0.377299,-0.228345,0.210364,-0.415235,-0.195883,0.241139,-0.414614,-0.145840,0.260671,-0.412231,-0.193050
2026-08-05 17:52:33.793,205.099804,0.000000,0.000000,0.000000,0.336394,-0.383169,-0.226685,0.136846,-0.369287,-0.229165,0.236620,-0.376228,-0.227925,0.210044,-0.413153,-0.195542,0.240820,-0.412532,-0.145499,0.260352,-0.410150,-0.192709
2026-08-05 17:52:33.893,205.199804,0.000000,0.000000,0.000000,0.336330,-0.380086,-0.226422,0.136526,-0.367206,-0.228824,0.236428,-0.373646,-0.227623,0.209798,-0.410056,-0.195235,0.240500,-0.410450,-0.145158,0.260032,-0.408068,-0.192369
2026-08-05 17:52:33.993,205.299804,0.000000,0.000000,0.000000,0.336650,-0.382168,-0.226763,0.136846,-0.369287,-0.229165,0.236748,-0.375728,-0.227964,0.210044,-0.413153,-0.195542,0.240820,-0.412532,-0.145499,0.260352,-0.410150,-0.192709
2026-08-05 17:52:34.093,205.399804,0.000000,0.000000,0.000000,0.336810,-0.383209,-0.226933,0.137006,-0.370328,-0.229335,0.236908,-0.376768,-0.228134,0.210204,-0.414194,-0.195712,0.240979,-0.413573,-0.145669,0.260511,-0.411191,-0.192880
2026-08-05 17:52:34.193,205.499804,0.000000,0.000000,0.000000,0.336970,-0.384250,-0.227104,0.137127,-0.370349,-0.229587,0.237048,-0.377299,-0.228345,0.210364,-0.415235,-0.195883,0.241139,-0.414614,-0.145840,0.260671,-0.412231,-0.193050
2026-08-05 17:52:34.293,205.599804,0.000000,0.000000,0.000000,0.336810,-0.383209,-0.226933,0.137006,-0.370328,-0.229335,0.236908,-0.376768,-0.228134,0.210204,-0.414194,-0.195712,0.240979,-0.413573,-0.145669,0.260511,-0.411191,-0.192880
2026-08-05 17:52:34.393,205.699804,0.000000,0.000000,0.000000,0.336810,-0.383209,-0.226933,0.137006,-0.370328,-0.229335,0.236908,-0.376768,-0.228134,0.210278,-0.413179,-0.195746,0.240979,-0.413573,-0.145669,0.260511,-0.411191,-0.192880
2026-08-05 17:52:34.493,205.799804,0.000000,0.000000,0.000000,0.336970,-0.384250,-0.227104,0.137166,-0.371369,-0.229505,0.237068,-0.377809,-0.228304,0.210438,-0.414220,-0.195917,0.241139,-0.414614,-0.145840,0.260671,-0.412231,-0.193050
2026-08-05 17:52:34.593,205.899804,0.000000,0.000000,0.000000,0.336490,-0.381127,-0.226593,0.136686,-0.368246,-0.228994,0.236588,-0.374687,-0.227793,0.209884,-0.412112,-0.195372,0.240660,-0.411491,-0.145329,0.260192,-0.409109,-0.192539
2026-08-05 17:52:34.693,205.999804,0.000000,0.000000,0.000000,0.336650,-0.382168,-0.226763,0.136807,-0.368268,-0.229246,0.236728,-0.375218,-0.228005,0.210044,-0.413153,-0.195542,0.240820,-0.412532,-0.145499,0.260352,-0.410150,-0.192709
2026-08-05 17:52:34.793,206.099803,0.000000,0.000000,0.000000,0.336490,-0.381127,-0.226593,0.136686,-0.368246,-0.228994,0.236588,-0.374687,-0.227793,0.209884,-0.412112,-0.195372,0.240660,-0.411491,-0.145329,0.260192,-0.409109,-0.192539
2026-08-05 17:52:34.893,206.199803,0.000000,0.000000,0.000000,0.336810,-0.383209,-0.226933,0.136967,-0.369308,-0.229416,0.236888,-0.376259,-0.228175,0.210204,-0.414194,-0.195712,0.240958,-0.413609,-0.146385,0.260511,-0.411191,-0.192880
2026-08-05 17:52:34.993,206.299803,0.000000,0.000000,0.000000,0.337130,-0.385290,-0.227274,0.137326,-0.372410,-0.229676,0.237228,-0.378850,-0.228475,0.210524,-0.416276,-0.196053,0.241157,-0.416707,-0.146769,0.260681,-0.414283,-0.193191
2026-08-05 17:52:35.093,206.399803,0.000000,0.000000,0.000000,0.337290,-0.386331,-0.227444,0.137486,-0.373451,-0.229846,0.237388,-0.379891,-0.228645,0.210684,-0.417317,-0.196223,0.241438,-0.416732,-0.146896,0.260991,-0.414313,-0.193391
2026-08-05 17:52:35.193,206.499803,0.000000,0.000000,0.000000,0.336170,-0.379045,-0.226252,0.136327,-0.365145,-0.228735,0.236249,-0.372095,-0.227494,0.209543,-0.410066,-0.195746,0.239604,-0.409398,-0.145685,0.259872,-0.407027,-0.192198
2026-08-05 17:52:35.293,206.599803,0.000000,0.000000,0.000000,0.336650,-0.382168,-0.226763,0.136846,-0.369287,-0.229165,0.236748,-0.375728,-0.227964,0.209971,-0.414168,-0.195508,0.239985,-0.413501,-0.145525,0.260502,-0.409139,-0.192739
2026-08-05 17:52:35.393,206.699803,0.000000,0.000000,0.000000,0.336330,-0.380086,-0.226422,0.136526,-0.367206,-0.228824,0.236428,-0.373646,-0.227623,0.209703,-0.411107,-0.195917,0.239665,-0.411419,-0.145184,0.260032,-0.408068,-0.192369
2026-08-05 17:52:35.493,206.799803,0.000000,0.000000,0.000000,0.336490,-0.381127,-0.226593,0.136686,-0.368246,-0.228994,0.236588,-0.374687,-0.227793,0.209863,-0.412148,-0.196087,0.239112,-0.412413,-0.145336,0.260192,-0.409109,-0.192539
2026-08-05 17:52:35.593,206.899803,0.000000,0.000000,0.000000,0.336425,-0.378044,-0.226330,0.136327,-0.365145,-0.228735,0.236376,-0.371594,-0.227533,0.209543,-0.410066,-0.195746,0.238813,-0.410295,-0.144281,0.259872,-0.407027,-0.192198
2026-08-05 17:52:35.693,206.999803,0.000000,0.000000,0.000000,0.337065,-0.382208,-0.227011,0.136967,-0.369308,-0.229416,0.237016,-0.375758,-0.228214,0.210278,-0.413179,-0.195746,0.238622,-0.415427,-0.144989,0.260511,-0.411191,-0.192880
2026-08-05 17:52:35.793,207.099802,0.000000,0.000000,0.000000,0.336330,-0.380086,-0.226422,0.136487,-0.366186,-0.228905,0.236409,-0.373136,-0.227664,0.209703,-0.411107,-0.195917,0.238163,-0.412268,-0.143764,0.260032,-0.408068,-0.192369
2026-08-05 17:52:35.893,207.199802,0.000000,0.000000,0.000000,0.336330,-0.380086,-0.226422,0.136487,-0.366186,-0.228905,0.236409,-0.373136,-0.227664,0.209777,-0.410092,-0.195952,0.238163,-0.412268,-0.143764,0.260182,-0.407057,-0.192398
2026-08-05 17:52:35.993,207.299802,0.000000,0.000000,0.000000,0.336266,-0.377003,-0.226160,0.136206,-0.365124,-0.228483,0.236236,-0.371063,-0.227321,0.209383,-0.409025,-0.195576,0.237864,-0.410150,-0.142710,0.259862,-0.404976,-0.192057
2026-08-05 17:52:36.093,207.399802,0.000000,0.000000,0.000000,0.336490,-0.381127,-0.226593,0.136686,-0.368246,-0.228994,0.236588,-0.374687,-0.227793,0.209863,-0.412148,-0.196087,0.238344,-0.413273,-0.143221,0.260342,-0.408098,-0.192568
2026-08-05 17:52:36.193,207.499802,0.000000,0.000000,0.000000,0.336490,-0.381127,-0.226593,0.136686,-0.368246,-0.228994,0.236588,-0.374687,-0.227793,0.209863,-0.412148,-0.196087,0.238483,-0.412221,-0.142459,0.260418,-0.407593,-0.192583
2026-08-05 17:52:36.293,207.599802,0.000000,0.000000,0.000000,0.336330,-0.380086,-0.226422,0.136526,-0.367206,-0.228824,0.236428,-0.373646,-0.227623,0.209703,-0.411107,-0.195917,0.238205,-0.412196,-0.142338,0.260182,-0.407057,-0.192398
2026-08-05 17:52:36.393,207.699802,0.000000,0.000000,0.000000,0.337130,-0.385290,-0.227274,0.137326,-0.372410,-0.229676,0.237228,-0.378850,-0.228475,0.210503,-0.416312,-0.196769,0.239123,-0.416385,-0.143141,0.260831,-0.413272,-0.193220
2026-08-05 17:52:36.493,207.799802,0.000000,0.000000,0.000000,0.336234,-0.382128,-0.226515,0.136647,-0.367227,-0.229076,0.236441,-0.374677,-0.227795,0.209863,-0.412148,-0.196087,0.238267,-0.414218,-0.141845,0.260342,-0.408098,-0.192568
2026-08-05 17:52:36.593,207.899802,0.000000,0.000000,0.000000,0.338089,-0.391536,-0.228296,0.138285,-0.378656,-0.230698,0.238187,-0.385096,-0.229497,0.211536,-0.421543,-0.197826,0.239985,-0.423611,-0.143498,0.261942,-0.418508,-0.194272
2026-08-05 17:52:36.693,207.999802,0.000000,0.000000,0.000000,0.336810,-0.383209,-0.226933,0.137006,-0.370328,-0.229335,0.236908,-0.376768,-0.228134,0.210183,-0.414230,-0.196428,0.238469,-0.417316,-0.142235,0.260813,-0.409170,-0.192938
2026-08-05 17:52:36.793,208.099802,0.000000,0.000000,0.000000,0.336810,-0.383209,-0.226933,0.137006,-0.370328,-0.229335,0.236908,-0.376768,-0.228134,0.210256,-0.413215,-0.196463,0.238608,-0.416264,-0.141473,0.260813,-0.409170,-0.192938
2026-08-05 17:52:36.893,208.199801,0.000000,0.000000,0.000000,0.336330,-0.380086,-0.226422,0.136526,-0.367206,-0.228824,0.236428,-0.373646,-0.227623,0.209703,-0.411107,-0.195917,0.238247,-0.412124,-0.140911,0.260333,-0.406047,-0.192427
2026-08-05 17:52:36.993,208.299801,0.000000,0.000000,0.000000,0.337130,-0.385290,-0.227274,0.137326,-0.372410,-0.229676,0.237228,-0.378850,-0.228475,0.210576,-0.415297,-0.196804,0.239067,-0.417293,-0.141050,0.260982,-0.412262,-0.193250
2026-08-05 17:52:37.093,208.399801,0.000000,0.000000,0.000000,0.336010,-0.378004,-0.226082,0.136206,-0.365124,-0.228483,0.236108,-0.371564,-0.227282,0.209383,-0.409025,-0.195576,0.237948,-0.410006,-0.139857,0.260013,-0.403965,-0.192087
2026-08-05 17:52:37.193,208.499801,0.000000,0.000000,0.000000,0.336970,-0.384250,-0.227104,0.137166,-0.371369,-0.229505,0.237068,-0.377809,-0.228304,0.210416,-0.414256,-0.196633,0.239026,-0.415235,-0.140827,0.260973,-0.410211,-0.193109
2026-08-05 17:52:37.293,208.599801,0.000000,0.000000,0.000000,0.335914,-0.380046,-0.226174,0.136366,-0.366165,-0.228654,0.236140,-0.373105,-0.227414,0.209580,-0.409559,-0.195764,0.238129,-0.411011,-0.139314,0.260173,-0.405006,-0.192257
2026-08-05 17:52:37.393,208.699801,0.000000,0.000000,0.000000,0.336170,-0.379045,-0.226252,0.136366,-0.366165,-0.228654,0.236268,-0.372605,-0.227453,0.209638,-0.409015,-0.195065,0.238129,-0.411011,-0.139314,0.260173,-0.405006,-0.192257
2026-08-05 17:52:37.493,208.799801,0.000000,0.000000,0.000000,0.336970,-0.384250,-0.227104,0.137127,-0.370349,-0.229587,0.237048,-0.377299,-0.228345,0.210364,-0.415235,-0.195883,0.238949,-0.416180,-0.139452,0.261544,-0.411269,-0.193098
2026-08-05 17:52:37.593,208.899801,0.000000,0.000000,0.000000,0.336170,-0.379045,-0.226252,0.136327,-0.365145,-0.228735,0.236249,-0.372095,-0.227494,0.209638,-0.409015,-0.195065,0.238031,-0.411992,-0.138655,0.260896,-0.405054,-0.192276
2026-08-05 17:52:37.693,208.999801,0.000000,0.000000,0.000000,0.337065,-0.382208,-0.227011,0.136967,-0.369308,-0.229416,0.237016,-0.375758,-0.228214,0.210278,-0.413179,-0.195746,0.237960,-0.416108,-0.139318,0.261536,-0.409218,-0.192957
2026-08-05 17:52:37.793,209.099801,0.000000,0.000000,0.000000,0.336234,-0.382128,-0.226515,0.136686,-0.368246,-0.228994,0.236460,-0.375187,-0.227754,0.209958,-0.411097,-0.195406,0.237896,-0.411957,-0.138154,0.261237,-0.407100,-0.191892
2026-08-05 17:52:37.893,209.199800,0.000000,0.000000,0.000000,0.336490,-0.381127,-0.226593,0.136647,-0.367227,-0.229076,0.236568,-0.374177,-0.227834,0.209958,-0.411097,-0.195406,0.237779,-0.412974,-0.138210,0.261216,-0.407136,-0.192617
2026-08-05 17:52:37.993,209.299800,0.000000,0.000000,0.000000,0.336810,-0.383209,-0.226933,0.136967,-0.369308,-0.229416,0.236888,-0.376259,-0.228175,0.210204,-0.414194,-0.195712,0.237885,-0.417053,-0.137950,0.261557,-0.409182,-0.192233
2026-08-05 17:52:38.093,209.399800,0.000000,0.000000,0.000000,0.336490,-0.381127,-0.226593,0.136686,-0.368246,-0.228994,0.236588,-0.374687,-0.227793,0.209884,-0.412112,-0.195372,0.237682,-0.413955,-0.137553,0.261237,-0.407100,-0.191892
2026-08-05 17:52:38.193,209.499800,0.000000,0.000000,0.000000,0.336650,-0.382168,-0.226763,0.136846,-0.369287,-0.229165,0.236748,-0.375728,-0.227964,0.210044,-0.413153,-0.195542,0.237725,-0.416012,-0.137780,0.261397,-0.408141,-0.192062
2026-08-05 17:52:38.293,209.599800,0.000000,0.000000,0.000000,0.336650,-0.382168,-0.226763,0.136807,-0.368268,-0.229246,0.236728,-0.375218,-0.228005,0.210118,-0.412138,-0.195576,0.237863,-0.414960,-0.137011,0.261397,-0.408141,-0.192062
2026-08-05 17:52:38.393,209.699800,0.000000,0.000000,0.000000,0.336330,-0.380086,-0.226422,0.136526,-0.367206,-0.228824,0.236428,-0.373646,-0.227623,0.209724,-0.411071,-0.195201,0.237719,-0.411352,-0.136584,0.261077,-0.406059,-0.191722
2026-08-05 17:52:38.493,209.799800,0.000000,0.000000,0.000000,0.336330,-0.380086,-0.226422,0.136487,-0.366186,-0.228905,0.236409,-0.373136,-0.227664,0.209010,-0.411024,-0.195183,0.236716,-0.413847,-0.136710,0.261077,-0.406059,-0.191722
2026-08-05 17:52:38.593,209.899800,0.000000,0.000000,0.000000,0.336490,-0.381127,-0.226593,0.136686,-0.368246,-0.228994,0.236588,-0.374687,-0.227793,0.209884,-0.412112,-0.195372,0.236897,-0.414853,-0.136169,0.261237,-0.407100,-0.191892
2026-08-05 17:52:38.693,209.999800,0.000000,0.000000,0.000000,0.336810,-0.383209,-0.226933,0.136967,-0.369308,-0.229416,0.236888,-0.376259,-0.228175,0.209490,-0.414146,-0.195694,0.237333,-0.415917,-0.136451,0.261557,-0.409182,-0.192233
2026-08-05 17:52:38.793,210.099800,0.000000,0.000000,0.000000,0.336330,-0.380086,-0.226422,0.136526,-0.367206,-0.228824,0.236428,-0.373646,-0.227623,0.209082,-0.410009,-0.195217,0.236679,-0.414320,-0.136028,0.261801,-0.406107,-0.191741
2026-08-05 17:52:38.893,210.199800,0.000000,0.000000,0.000000,0.337290,-0.386331,-0.227444,0.137486,-0.373451,-0.229846,0.237388,-0.379891,-0.228645,0.209970,-0.417269,-0.196205,0.237834,-0.419004,-0.136249,0.262607,-0.413363,-0.192734
2026-08-05 17:52:38.993,210.299799,0.000000,0.000000,0.000000,0.336970,-0.384250,-0.227104,0.137127,-0.370349,-0.229587,0.237048,-0.377299,-0.228345,0.209650,-0.415187,-0.195864,0.237398,-0.417939,-0.135969,0.262287,-0.411281,-0.192394
2026-08-05 17:52:39.093,210.399799,0.000000,0.000000,0.000000,0.336394,-0.383169,-0.226685,0.136807,-0.368268,-0.229246,0.236601,-0.375718,-0.227966,0.209402,-0.412090,-0.195557,0.236483,-0.414793,-0.135550,0.261967,-0.409199,-0.192053
2026-08-05 17:52:39.193,210.499799,0.000000,0.000000,0.000000,0.336490,-0.381127,-0.226593,0.136686,-0.368246,-0.228994,0.236588,-0.374687,-0.227793,0.209242,-0.411049,-0.195387,0.236323,-0.413752,-0.135379,0.261808,-0.408158,-0.191883
2026-08-05 17:52:39.293,210.599799,0.000000,0.000000,0.000000,0.335850,-0.376963,-0.225911,0.136007,-0.363063,-0.228394,0.235929,-0.370013,-0.227153,0.208624,-0.406849,-0.193989,0.235820,-0.408535,-0.133924,0.261168,-0.403994,-0.191201
2026-08-05 17:52:39.393,210.699799,0.000000,0.000000,0.000000,0.337769,-0.389454,-0.227955,0.137965,-0.376574,-0.230357,0.237867,-0.383014,-0.229156,0.210450,-0.420392,-0.196716,0.237739,-0.421026,-0.135969,0.263087,-0.416485,-0.193245
2026-08-05 17:52:39.493,210.799799,0.000000,0.000000,0.000000,0.336650,-0.382168,-0.226763,0.136846,-0.369287,-0.229165,0.236748,-0.375728,-0.227964,0.209258,-0.414121,-0.195489,0.236735,-0.412723,-0.134715,0.261967,-0.409199,-0.192053
2026-08-05 17:52:39.593,210.899799,0.000000,0.000000,0.000000,0.336330,-0.380086,-0.226422,0.136487,-0.366186,-0.228905,0.236409,-0.373136,-0.227664,0.208959,-0.412003,-0.194434,0.236379,-0.411113,-0.133691,0.261648,-0.407117,-0.191712
2026-08-05 17:52:39.693,210.999799,0.000000,0.000000,0.000000,0.337450,-0.387372,-0.227615,0.137646,-0.374492,-0.230016,0.237548,-0.380932,-0.228815,0.210130,-0.418310,-0.196375,0.236500,-0.420896,-0.135021,0.262920,-0.413393,-0.192933
2026-08-05 17:52:39.793,211.099799,0.000000,0.000000,0.000000,0.336745,-0.380126,-0.226671,0.136686,-0.368246,-0.228994,0.236716,-0.374186,-0.227832,0.209264,-0.411013,-0.194670,0.235883,-0.411598,-0.133812,0.261808,-0.408158,-0.191883
2026-08-05 17:52:39.893,211.199799,0.000000,0.000000,0.000000,0.336330,-0.380086,-0.226422,0.136526,-0.367206,-0.228824,0.236428,-0.373646,-0.227623,0.209031,-0.410987,-0.194467,0.235609,-0.411575,-0.133704,0.261648,-0.407117,-0.191712
2026-08-05 17:52:39.993,211.299798,0.000000,0.000000,0.000000,0.336490,-0.381127,-0.226593,0.136686,-0.368246,-0.228994,0.236588,-0.374687,-0.227793,0.209119,-0.413044,-0.194604,0.235790,-0.412580,-0.133161,0.261960,-0.407148,-0.191911
2026-08-05 17:52:40.093,211.399798,0.000000,0.000000,0.000000,0.336810,-0.383209,-0.226933,0.137006,-0.370328,-0.229335,0.236908,-0.376768,-0.228134,0.209511,-0.414110,-0.194978,0.236224,-0.413644,-0.133438,0.262127,-0.410240,-0.192223
2026-08-05 17:52:40.193,211.499798,0.000000,0.000000,0.000000,0.336330,-0.380086,-0.226422,0.136526,-0.367206,-0.228824,0.236428,-0.373646,-0.227623,0.209031,-0.410987,-0.194467,0.235744,-0.410521,-0.132927,0.261648,-0.407117,-0.191712
2026-08-05 17:52:40.293,211.599798,0.000000,0.000000,0.000000,0.336650,-0.382168,-0.226763,0.136846,-0.369287,-0.229165,0.236748,-0.375728,-0.227964,0.209351,-0.413069,-0.194808,0.236064,-0.412603,-0.133267,0.261967,-0.409199,-0.192053
2026-08-05 17:52:40.393,211.699798,0.000000,0.000000,0.000000,0.337290,-0.386331,-0.227444,0.137486,-0.373451,-0.229846,0.237388,-0.379891,-0.228645,0.209277,-0.417186,-0.195471,0.235672,-0.419736,-0.133410,0.262607,-0.413363,-0.192734
2026-08-05 17:52:40.493,211.799798,0.000000,0.000000,0.000000,0.336490,-0.381127,-0.226593,0.136686,-0.368246,-0.228994,0.236588,-0.374687,-0.227793,0.209191,-0.412028,-0.194637,0.235099,-0.412496,-0.132429,0.261808,-0.408158,-0.191883
2026-08-05 17:52:40.593,211.899798,0.000000,0.000000,0.000000,0.336650,-0.382168,-0.226763,0.136846,-0.369287,-0.229165,0.236748,-0.375728,-0.227964,0.208708,-0.412007,-0.194822,0.235032,-0.415572,-0.132728,0.261967,-0.409199,-0.192053
2026-08-05 17:52:40.693,211.999798,0.000000,0.000000,0.000000,0.336010,-0.378004,-0.226082,0.136206,-0.365124,-0.228483,0.236108,-0.371564,-0.227282,0.207997,-0.408858,-0.194108,0.234393,-0.411409,-0.132047,0.261328,-0.405035,-0.191371
2026-08-05 17:52:40.793,212.099798,0.000000,0.000000,0.000000,0.336394,-0.383169,-0.226685,0.136846,-0.369287,-0.229165,0.236620,-0.376228,-0.227925,0.208708,-0.412007,-0.194822,0.235032,-0.415572,-0.132728,0.261967,-0.409199,-0.192053
2026-08-05 17:52:40.893,212.199798,0.000000,0.000000,0.000000,0.336234,-0.382128,-0.226515,0.136686,-0.368246,-0.228994,0.236460,-0.375187,-0.227754,0.208477,-0.411981,-0.194619,0.234872,-0.414531,-0.132558,0.261808,-0.408158,-0.191883
2026-08-05 17:52:40.993,212.299798,0.000000,0.000000,0.000000,0.336490,-0.381127,-0.226593,0.136608,-0.366207,-0.229157,0.236549,-0.373667,-0.227875,0.208477,-0.411981,-0.194619,0.234780,-0.415513,-0.131912,0.261808,-0.408158,-0.191883
2026-08-05 17:52:41.093,212.399797,0.000000,0.000000,0.000000,0.336490,-0.381127,-0.226593,0.136686,-0.368246,-0.228994,0.236588,-0.374687,-0.227793,0.208548,-0.410966,-0.194652,0.235007,-0.413478,-0.131781,0.261808,-0.408158,-0.191883
2026-08-05 17:52:41.193,212.499797,0.000000,0.000000,0.000000,0.336745,-0.380126,-0.226671,0.136647,-0.367227,-0.229076,0.236696,-0.373676,-0.227873,0.208406,-0.412996,-0.194586,0.234296,-0.413431,-0.131762,0.261808,-0.408158,-0.191883
2026-08-05 17:52:41.293,212.599797,0.000000,0.000000,0.000000,0.337290,-0.386331,-0.227444,0.137486,-0.373451,-0.229846,0.237388,-0.379891,-0.228645,0.209206,-0.418201,-0.195438,0.234759,-0.421688,-0.132811,0.262607,-0.413363,-0.192734
2026-08-05 17:52:41.393,212.699797,0.000000,0.000000,0.000000,0.336810,-0.383209,-0.226933,0.137006,-0.370328,-0.229335,0.236908,-0.376768,-0.228134,0.208868,-0.413048,-0.194992,0.234504,-0.416530,-0.132169,0.262127,-0.410240,-0.192223
2026-08-05 17:52:41.493,212.799797,0.000000,0.000000,0.000000,0.336554,-0.384209,-0.226855,0.136967,-0.369308,-0.229416,0.236761,-0.376759,-0.228136,0.208797,-0.414063,-0.194959,0.234504,-0.416530,-0.132169,0.262127,-0.410240,-0.192223
2026-08-05 17:52:41.593,212.899797,0.000000,0.000000,0.000000,0.336074,-0.381087,-0.226344,0.136526,-0.367206,-0.228824,0.236300,-0.374146,-0.227584,0.208317,-0.410940,-0.194448,0.234024,-0.413407,-0.131658,0.261648,-0.407117,-0.191712
2026-08-05 17:52:41.693,212.999797,0.000000,0.000000,0.000000,0.336330,-0.380086,-0.226422,0.136526,-0.367206,-0.228824,0.236428,-0.373646,-0.227623,0.208388,-0.409925,-0.194481,0.234024,-0.413407,-0.131658,0.261648,-0.407117,-0.191712
2026-08-05 17:52:41.793,213.099797,0.000000,0.000000,0.000000,0.336650,-0.382168,-0.226763,0.136846,-0.369287,-0.229165,0.236748,-0.375728,-0.227964,0.208708,-0.412007,-0.194822,0.234344,-0.415489,-0.131999,0.261891,-0.409704,-0.192039
2026-08-05 17:52:41.893,213.199797,0.000000,0.000000,0.000000,0.337290,-0.386331,-0.227444,0.137486,-0.373451,-0.229846,0.237388,-0.379891,-0.228645,0.209277,-0.417186,-0.195471,0.234871,-0.420671,-0.132746,0.262531,-0.413868,-0.192720
2026-08-05 17:52:41.993,213.299797,0.000000,0.000000,0.000000,0.337290,-0.386331,-0.227444,0.137486,-0.373451,-0.229846,0.237388,-0.379891,-0.228645,0.209277,-0.417186,-0.195471,0.235004,-0.419617,-0.131969,0.262607,-0.413363,-0.192734
2026-08-05 17:52:42.093,213.399796,0.000000,0.000000,0.000000,0.336490,-0.381127,-0.226593,0.136686,-0.368246,-0.228994,0.236588,-0.374687,-0.227793,0.208477,-0.411981,-0.194619,0.234093,-0.415430,-0.131184,0.261731,-0.408663,-0.191868
2026-08-05 17:52:42.193,213.499796,0.000000,0.000000,0.000000,0.337130,-0.385290,-0.227274,0.137326,-0.372410,-0.229676,0.237228,-0.378850,-0.228475,0.209046,-0.417160,-0.195267,0.234732,-0.419594,-0.131865,0.262447,-0.412322,-0.192564
2026-08-05 17:52:42.293,213.599796,0.000000,0.000000,0.000000,0.336490,-0.381127,-0.226593,0.136686,-0.368246,-0.228994,0.236588,-0.374687,-0.227793,0.208548,-0.410966,-0.194652,0.234093,-0.415430,-0.131184,0.261655,-0.409168,-0.191854
2026-08-05 17:52:42.393,213.699796,0.000000,0.000000,0.000000,0.337130,-0.385290,-0.227274,0.137326,-0.372410,-0.229676,0.237228,-0.378850,-0.228475,0.209117,-0.416145,-0.195300,0.234732,-0.419594,-0.131865,0.262447,-0.412322,-0.192564
2026-08-05 17:52:42.493,213.799796,0.000000,0.000000,0.000000,0.336970,-0.384250,-0.227104,0.137127,-0.370349,-0.229587,0.237048,-0.377299,-0.228345,0.208957,-0.415104,-0.195130,0.233975,-0.417488,-0.131610,0.262287,-0.411281,-0.192394
2026-08-05 17:52:42.593,213.899796,0.000000,0.000000,0.000000,0.336490,-0.381127,-0.226593,0.136686,-0.368246,-0.228994,0.236588,-0.374687,-0.227793,0.208477,-0.411981,-0.194619,0.233384,-0.415383,-0.131166,0.261808,-0.408158,-0.191883
2026-08-05 17:52:42.693,213.999796,0.000000,0.000000,0.000000,0.337290,-0.386331,-0.227444,0.137486,-0.373451,-0.229846,0.237388,-0.379891,-0.228645,0.209277,-0.417186,-0.195471,0.234073,-0.421606,-0.132084,0.262629,-0.413326,-0.192011
2026-08-05 17:52:42.793,214.099796,0.000000,0.000000,0.000000,0.336810,-0.383209,-0.226933,0.137006,-0.370328,-0.229335,0.236908,-0.376768,-0.228134,0.208797,-0.414063,-0.194959,0.233926,-0.415429,-0.131372,0.262127,-0.410240,-0.192223
2026-08-05 17:52:42.893,214.199796,0.000000,0.000000,0.000000,0.335850,-0.376963,-0.225911,0.136046,-0.364083,-0.228313,0.235948,-0.370523,-0.227112,0.207123,-0.407770,-0.193919,0.232744,-0.411219,-0.130484,0.261015,-0.405004,-0.191173
2026-08-05 17:52:42.993,214.299796,0.000000,0.000000,0.000000,0.335850,-0.376963,-0.225911,0.136046,-0.364083,-0.228313,0.235948,-0.370523,-0.227112,0.207837,-0.407817,-0.193937,0.232855,-0.410201,-0.130417,0.261015,-0.405004,-0.191173
2026-08-05 17:52:43.093,214.399796,0.000000,0.000000,0.000000,0.335914,-0.380046,-0.226174,0.136366,-0.366165,-0.228654,0.236140,-0.373105,-0.227414,0.208157,-0.409899,-0.194278,0.233009,-0.413810,-0.130858,0.261335,-0.407086,-0.191514
2026-08-05 17:52:43.193,214.499795,0.000000,0.000000,0.000000,0.336970,-0.384250,-0.227104,0.137166,-0.371369,-0.229505,0.237068,-0.377809,-0.228304,0.208243,-0.415056,-0.195111,0.233975,-0.417488,-0.131610,0.262134,-0.412291,-0.192365
2026-08-05 17:52:43.293,214.599795,0.000000,0.000000,0.000000,0.336970,-0.384250,-0.227104,0.137166,-0.371369,-0.229505,0.237068,-0.377809,-0.228304,0.208243,-0.415056,-0.195111,0.233864,-0.418506,-0.131677,0.262287,-0.411281,-0.192394
2026-08-05 17:52:43.393,214.699795,0.000000,0.000000,0.000000,0.336810,-0.383209,-0.226933,0.137006,-0.370328,-0.229335,0.236908,-0.376768,-0.228134,0.208083,-0.414015,-0.194941,0.233704,-0.417465,-0.131506,0.261974,-0.411250,-0.192195
2026-08-05 17:52:43.493,214.799795,0.000000,0.000000,0.000000,0.336970,-0.384250,-0.227104,0.137166,-0.371369,-0.229505,0.237068,-0.377809,-0.228304,0.208173,-0.416072,-0.195078,0.233864,-0.418506,-0.131677,0.262134,-0.412291,-0.192365
2026-08-05 17:52:43.593,214.899795,0.000000,0.000000,0.000000,0.336810,-0.383209,-0.226933,0.137006,-0.370328,-0.229335,0.236908,-0.376768,-0.228134,0.208083,-0.414015,-0.194941,0.233704,-0.417465,-0.131506,0.262541,-0.412308,-0.192185
2026-08-05 17:52:43.693,214.999795,0.000000,0.000000,0.000000,0.336425,-0.378044,-0.226330,0.136366,-0.366165,-0.228654,0.236396,-0.372104,-0.227492,0.207443,-0.409852,-0.194259,0.233064,-0.413301,-0.130825,0.261335,-0.407086,-0.191514
2026-08-05 17:52:43.793,215.099795,0.000000,0.000000,0.000000,0.336490,-0.381127,-0.226593,0.136686,-0.368246,-0.228994,0.236588,-0.374687,-0.227793,0.207763,-0.411933,-0.194600,0.233384,-0.415383,-0.131166,0.261655,-0.409168,-0.191854
2026-08-05 17:52:43.893,215.199795,0.000000,0.000000,0.000000,0.336650,-0.382168,-0.226763,0.136846,-0.369287,-0.229165,0.236748,-0.375728,-0.227964,0.207923,-0.412974,-0.194771,0.233454,-0.417406,-0.130694,0.261815,-0.410209,-0.192025
2026-08-05 17:52:43.993,215.299795,0.000000,0.000000,0.000000,0.337290,-0.386331,-0.227444,0.137486,-0.373451,-0.229846,0.237388,-0.379891,-0.228645,0.208563,-0.417138,-0.195452,0.234205,-0.420552,-0.131307,0.262454,-0.414373,-0.192706
2026-08-05 17:52:44.093,215.399795,0.000000,0.000000,0.000000,0.336810,-0.383209,-0.226933,0.136967,-0.369308,-0.229416,0.236888,-0.376259,-0.228175,0.208013,-0.415031,-0.194908,0.233725,-0.417429,-0.130796,0.262618,-0.411803,-0.192199
2026-08-05 17:52:44.193,215.499794,0.000000,0.000000,0.000000,0.336490,-0.381127,-0.226593,0.136686,-0.368246,-0.228994,0.236588,-0.374687,-0.227793,0.207693,-0.412949,-0.194567,0.233405,-0.415347,-0.130456,0.262375,-0.409216,-0.191873
2026-08-05 17:52:44.293,215.599794,0.000000,0.000000,0.000000,0.336490,-0.381127,-0.226593,0.136686,-0.368246,-0.228994,0.236588,-0.374687,-0.227793,0.207763,-0.411933,-0.194600,0.233405,-0.415347,-0.130456,0.262375,-0.409216,-0.191873
2026-08-05 17:52:44.393,215.699794,0.000000,0.000000,0.000000,0.336554,-0.384209,-0.226855,0.136967,-0.369308,-0.229416,0.236761,-0.376759,-0.228136,0.208083,-0.414015,-0.194941,0.232906,-0.418400,-0.130846,0.262695,-0.411298,-0.192214
2026-08-05 17:52:44.493,215.799794,0.000000,0.000000,0.000000,0.336650,-0.382168,-0.226763,0.136884,-0.370307,-0.229083,0.236767,-0.376237,-0.227923,0.207853,-0.413990,-0.194738,0.232856,-0.416341,-0.130607,0.262381,-0.411267,-0.192015
2026-08-05 17:52:44.593,215.899794,0.000000,0.000000,0.000000,0.336490,-0.381127,-0.226593,0.136686,-0.368246,-0.228994,0.236588,-0.374687,-0.227793,0.207693,-0.412949,-0.194567,0.232717,-0.415264,-0.129727,0.262221,-0.410226,-0.191845
2026-08-05 17:52:44.693,215.999794,0.000000,0.000000,0.000000,0.336490,-0.381127,-0.226593,0.136686,-0.368246,-0.228994,0.236588,-0.374687,-0.227793,0.207693,-0.412949,-0.194567,0.232607,-0.416282,-0.129796,0.262298,-0.409721,-0.191859
2026-08-05 17:52:44.793,216.099794,0.000000,0.000000,0.000000,0.336010,-0.378004,-0.226082,0.136206,-0.365124,-0.228483,0.236108,-0.371564,-0.227282,0.207213,-0.409826,-0.194056,0.232127,-0.413159,-0.129285,0.261896,-0.406093,-0.191362
2026-08-05 17:52:44.893,216.199794,0.000000,0.000000,0.000000,0.336330,-0.380086,-0.226422,0.136487,-0.366186,-0.228905,0.236409,-0.373136,-0.227664,0.206820,-0.411860,-0.194378,0.232447,-0.415241,-0.129626,0.262237,-0.408138,-0.190980
2026-08-05 17:52:44.993,216.299794,0.000000,0.000000,0.000000,0.337065,-0.382208,-0.227011,0.137006,-0.370328,-0.229335,0.237035,-0.376268,-0.228173,0.207300,-0.414983,-0.194889,0.232458,-0.416245,-0.129269,0.262717,-0.411261,-0.191491
2026-08-05 17:52:45.093,216.399794,0.000000,0.000000,0.000000,0.336490,-0.381127,-0.226593,0.136647,-0.367227,-0.229076,0.236568,-0.374177,-0.227834,0.206911,-0.413917,-0.194516,0.231921,-0.416199,-0.129069,0.262397,-0.409179,-0.191151
2026-08-05 17:52:45.193,216.499794,0.000000,0.000000,0.000000,0.336425,-0.378044,-0.226330,0.136327,-0.365145,-0.228735,0.236376,-0.371594,-0.227533,0.206660,-0.410820,-0.194208,0.231601,-0.414118,-0.128728,0.262077,-0.407098,-0.190810
2026-08-05 17:52:45.293,216.599793,0.000000,0.000000,0.000000,0.336490,-0.381127,-0.226593,0.136686,-0.368246,-0.228994,0.236588,-0.374687,-0.227793,0.206980,-0.412901,-0.194549,0.232138,-0.414163,-0.128928,0.262397,-0.409179,-0.191151
2026-08-05 17:52:45.393,216.699793,0.000000,0.000000,0.000000,0.336330,-0.380086,-0.226422,0.136526,-0.367206,-0.228824,0.236428,-0.373646,-0.227623,0.206820,-0.411860,-0.194378,0.231074,-0.415076,-0.128171,0.262237,-0.408138,-0.190980
2026-08-05 17:52:45.493,216.799793,0.000000,0.000000,0.000000,0.336490,-0.381127,-0.226593,0.136725,-0.369266,-0.228913,0.236607,-0.375197,-0.227753,0.206911,-0.413917,-0.194516,0.231342,-0.415098,-0.128270,0.262397,-0.409179,-0.191151
2026-08-05 17:52:45.593,216.899793,0.000000,0.000000,0.000000,0.336490,-0.381127,-0.226593,0.136686,-0.368246,-0.228994,0.236588,-0.374687,-0.227793,0.206980,-0.412901,-0.194549,0.231471,-0.414044,-0.127488,0.262962,-0.410237,-0.191142
2026-08-05 17:52:45.693,216.999793,0.000000,0.000000,0.000000,0.336970,-0.384250,-0.227104,0.137166,-0.371369,-0.229505,0.237068,-0.377809,-0.228304,0.207391,-0.417040,-0.195027,0.231950,-0.417167,-0.127999,0.262877,-0.412302,-0.191662
2026-08-05 17:52:45.793,217.099793,0.000000,0.000000,0.000000,0.336634,-0.384730,-0.226940,0.137124,-0.371869,-0.229338,0.236879,-0.378299,-0.228139,0.207380,-0.415504,-0.194975,0.231763,-0.417665,-0.127986,0.262797,-0.411782,-0.191577
2026-08-05 17:52:45.893,217.199793,0.000000,0.000000,0.000000,0.336810,-0.383209,-0.226933,0.137006,-0.370328,-0.229335,0.236908,-0.376768,-0.228134,0.207231,-0.415999,-0.194857,0.230888,-0.418080,-0.127246,0.263282,-0.412319,-0.191483
2026-08-05 17:52:45.993,217.299793,0.000000,0.000000,0.000000,0.336714,-0.385250,-0.227026,0.137127,-0.370349,-0.229587,0.236921,-0.377800,-0.228306,0.207391,-0.417040,-0.195027,0.231048,-0.419121,-0.127417,0.263442,-0.413360,-0.191653
2026-08-05 17:52:46.093,217.399793,0.000000,0.000000,0.000000,0.337034,-0.387332,-0.227366,0.137486,-0.373451,-0.229846,0.237260,-0.380392,-0.228606,0.207711,-0.419121,-0.195368,0.231368,-0.421203,-0.127757,0.263917,-0.414432,-0.192021
2026-08-05 17:52:46.193,217.499793,0.000000,0.000000,0.000000,0.336490,-0.381127,-0.226593,0.136686,-0.368246,-0.228994,0.236588,-0.374687,-0.227793,0.206980,-0.412901,-0.194549,0.230589,-0.415962,-0.126197,0.262962,-0.410237,-0.191142
2026-08-05 17:52:46.293,217.599792,0.000000,0.000000,0.000000,0.337610,-0.388413,-0.227785,0.137805,-0.375533,-0.230187,0.237707,-0.381973,-0.228986,0.207386,-0.420141,-0.195723,0.231709,-0.423249,-0.127389,0.264082,-0.417524,-0.192335
2026-08-05 17:52:46.393,217.699792,0.000000,0.000000,0.000000,0.336650,-0.382168,-0.226763,0.136846,-0.369287,-0.229165,0.236748,-0.375728,-0.227964,0.207071,-0.414958,-0.194686,0.230749,-0.417003,-0.126367,0.263122,-0.411278,-0.191313
2026-08-05 17:52:46.493,217.799792,0.000000,0.000000,0.000000,0.336810,-0.383209,-0.226933,0.137006,-0.370328,-0.229335,0.236908,-0.376768,-0.228134,0.206519,-0.415951,-0.194838,0.231123,-0.416007,-0.126388,0.263437,-0.411309,-0.191510
2026-08-05 17:52:46.593,217.899792,0.000000,0.000000,0.000000,0.336650,-0.382168,-0.226763,0.136884,-0.370307,-0.229083,0.236767,-0.376237,-0.227923,0.206427,-0.413895,-0.194700,0.230147,-0.415937,-0.126274,0.263122,-0.411278,-0.191313
2026-08-05 17:52:46.693,217.999792,0.000000,0.000000,0.000000,0.335690,-0.375922,-0.225741,0.135886,-0.363042,-0.228142,0.235788,-0.369482,-0.226942,0.205399,-0.408665,-0.193646,0.229188,-0.409692,-0.125252,0.262163,-0.405033,-0.190290
2026-08-05 17:52:46.793,218.099792,0.000000,0.000000,0.000000,0.336330,-0.380086,-0.226422,0.136526,-0.367206,-0.228824,0.236428,-0.373646,-0.227623,0.205971,-0.413844,-0.194294,0.230039,-0.411818,-0.125783,0.262802,-0.409196,-0.190972
2026-08-05 17:52:46.893,218.199792,0.000000,0.000000,0.000000,0.336650,-0.382168,-0.226763,0.136846,-0.369287,-0.229165,0.236748,-0.375728,-0.227964,0.206359,-0.414910,-0.194668,0.230359,-0.413900,-0.126124,0.263122,-0.411278,-0.191313
2026-08-05 17:52:46.993,218.299792,0.000000,0.000000,0.000000,0.336745,-0.380126,-0.226671,0.136686,-0.368246,-0.228994,0.236716,-0.374186,-0.227832,0.206267,-0.412854,-0.194530,0.230093,-0.413878,-0.126028,0.262807,-0.411247,-0.191115
2026-08-05 17:52:47.093,218.399792,0.000000,0.000000,0.000000,0.336970,-0.384250,-0.227104,0.137166,-0.371369,-0.229505,0.237068,-0.377809,-0.228304,0.206611,-0.418008,-0.194975,0.230467,-0.418019,-0.126614,0.263442,-0.413360,-0.191653
2026-08-05 17:52:47.193,218.499792,0.000000,0.000000,0.000000,0.337450,-0.387372,-0.227615,0.137646,-0.374492,-0.230016,0.237548,-0.380932,-0.228815,0.207159,-0.420115,-0.195519,0.230947,-0.421142,-0.127125,0.263922,-0.416483,-0.192164
2026-08-05 17:52:47.293,218.599792,0.000000,0.000000,0.000000,0.336970,-0.384250,-0.227104,0.137166,-0.371369,-0.229505,0.237068,-0.377809,-0.228304,0.206679,-0.416992,-0.195008,0.230552,-0.417037,-0.127251,0.263442,-0.413360,-0.191653
2026-08-05 17:52:47.393,218.699791,0.000000,0.000000,0.000000,0.336810,-0.383209,-0.226933,0.137006,-0.370328,-0.229335,0.236908,-0.376768,-0.228134,0.206451,-0.416967,-0.194805,0.230392,-0.415996,-0.127080,0.263282,-0.412319,-0.191483
2026-08-05 17:52:47.493,218.799791,0.000000,0.000000,0.000000,0.336650,-0.382168,-0.226763,0.136846,-0.369287,-0.229165,0.236748,-0.375728,-0.227964,0.206291,-0.415926,-0.194635,0.229522,-0.414908,-0.126891,0.263122,-0.411278,-0.191313
2026-08-05 17:52:47.593,218.899791,0.000000,0.000000,0.000000,0.336810,-0.383209,-0.226933,0.137006,-0.370328,-0.229335,0.236908,-0.376768,-0.228134,0.206519,-0.415951,-0.194838,0.229473,-0.417986,-0.127209,0.263127,-0.413329,-0.191456
2026-08-05 17:52:47.693,218.999791,0.000000,0.000000,0.000000,0.336330,-0.380086,-0.226422,0.136526,-0.367206,-0.228824,0.236428,-0.373646,-0.227623,0.205971,-0.413844,-0.194294,0.228973,-0.414899,-0.127407,0.262802,-0.409196,-0.190972
2026-08-05 17:52:47.793,219.099791,0.000000,0.000000,0.000000,0.337290,-0.386331,-0.227444,0.137486,-0.373451,-0.229846,0.237388,-0.379891,-0.228645,0.206999,-0.419074,-0.195349,0.230745,-0.420173,-0.128375,0.263607,-0.416452,-0.191967
2026-08-05 17:52:47.893,219.199791,0.000000,0.000000,0.000000,0.336970,-0.384250,-0.227104,0.137166,-0.371369,-0.229505,0.237068,-0.377809,-0.228304,0.206611,-0.418008,-0.194975,0.230299,-0.419145,-0.128816,0.263287,-0.414370,-0.191626
2026-08-05 17:52:47.993,219.299791,0.000000,0.000000,0.000000,0.336010,-0.378004,-0.226082,0.136245,-0.366143,-0.228402,0.236127,-0.372074,-0.227242,0.205651,-0.411762,-0.193953,0.229392,-0.412391,-0.127758,0.262482,-0.407115,-0.190631
2026-08-05 17:52:48.093,219.399791,0.000000,0.000000,0.000000,0.336010,-0.378004,-0.226082,0.136167,-0.364104,-0.228565,0.236089,-0.371054,-0.227323,0.205651,-0.411762,-0.193953,0.229318,-0.412936,-0.128503,0.262327,-0.408125,-0.190604
2026-08-05 17:52:48.193,219.499791,0.000000,0.000000,0.000000,0.336490,-0.381127,-0.226593,0.136647,-0.367227,-0.229076,0.236568,-0.374177,-0.227834,0.206131,-0.414885,-0.194464,0.229798,-0.416058,-0.129014,0.262962,-0.410237,-0.191142
2026-08-05 17:52:48.293,219.599791,0.000000,0.000000,0.000000,0.337385,-0.384290,-0.227352,0.137326,-0.372410,-0.229676,0.237355,-0.378350,-0.228514,0.206771,-0.419049,-0.195146,0.230417,-0.420258,-0.130404,0.263426,-0.415448,-0.192516
2026-08-05 17:52:48.393,219.699790,0.000000,0.000000,0.000000,0.336650,-0.382168,-0.226763,0.136846,-0.369287,-0.229165,0.236748,-0.375728,-0.227964,0.206223,-0.416941,-0.194602,0.230731,-0.416200,-0.130552,0.262791,-0.413335,-0.191977
2026-08-05 17:52:48.493,219.799790,0.000000,0.000000,0.000000,0.336330,-0.380086,-0.226422,0.136526,-0.367206,-0.228824,0.236428,-0.373646,-0.227623,0.206039,-0.412829,-0.194327,0.230304,-0.415136,-0.130279,0.261907,-0.410195,-0.191646
2026-08-05 17:52:48.593,219.899790,0.000000,0.000000,0.000000,0.336330,-0.380086,-0.226422,0.136526,-0.367206,-0.228824,0.236428,-0.373646,-0.227623,0.205950,-0.413880,-0.195006,0.230991,-0.415219,-0.131007,0.261907,-0.410195,-0.191646
2026-08-05 17:52:48.693,219.999790,0.000000,0.000000,0.000000,0.336745,-0.380126,-0.226671,0.136725,-0.369266,-0.228913,0.236735,-0.374696,-0.227792,0.206110,-0.414921,-0.195177,0.231837,-0.416343,-0.131904,0.262067,-0.411236,-0.191816
2026-08-05 17:52:48.793,220.099790,0.000000,0.000000,0.000000,0.336490,-0.381127,-0.226593,0.136686,-0.368246,-0.228994,0.236588,-0.374687,-0.227793,0.206110,-0.414921,-0.195177,0.231946,-0.415325,-0.131839,0.262067,-0.411236,-0.191816
2026-08-05 17:52:48.893,220.199790,0.000000,0.000000,0.000000,0.336170,-0.379045,-0.226252,0.136366,-0.366165,-0.228654,0.236268,-0.372605,-0.227453,0.205790,-0.412839,-0.194836,0.231496,-0.414297,-0.132273,0.261593,-0.410164,-0.191447
2026-08-05 17:52:48.993,220.299790,0.000000,0.000000,0.000000,0.336650,-0.382168,-0.226763,0.136846,-0.369287,-0.229165,0.236748,-0.375728,-0.227964,0.206270,-0.415962,-0.195347,0.232684,-0.417466,-0.132802,0.262073,-0.413287,-0.191958
2026-08-05 17:52:49.093,220.399790,0.000000,0.000000,0.000000,0.337290,-0.386331,-0.227444,0.137486,-0.373451,-0.229846,0.237388,-0.379891,-0.228645,0.206910,-0.420126,-0.196028,0.233193,-0.422684,-0.134256,0.262713,-0.417451,-0.192640
2026-08-05 17:52:49.193,220.499790,0.000000,0.000000,0.000000,0.336810,-0.383209,-0.226933,0.137006,-0.370328,-0.229335,0.236908,-0.376768,-0.228134,0.206430,-0.417003,-0.195517,0.232933,-0.417525,-0.133618,0.262233,-0.414328,-0.192129
2026-08-05 17:52:49.293,220.599790,0.000000,0.000000,0.000000,0.336970,-0.384250,-0.227104,0.137166,-0.371369,-0.229505,0.237068,-0.377809,-0.228304,0.206590,-0.418044,-0.195688,0.233690,-0.419631,-0.133870,0.261676,-0.415321,-0.192280
2026-08-05 17:52:49.393,220.699790,0.000000,0.000000,0.000000,0.336970,-0.384250,-0.227104,0.137166,-0.371369,-0.229505,0.237068,-0.377809,-0.228304,0.206590,-0.418044,-0.195688,0.233669,-0.419667,-0.134579,0.261828,-0.414311,-0.192309
2026-08-05 17:52:49.493,220.799789,0.000000,0.000000,0.000000,0.336714,-0.385250,-0.227026,0.137127,-0.370349,-0.229587,0.236921,-0.377800,-0.228306,0.206590,-0.418044,-0.195688,0.234377,-0.419714,-0.134597,0.261523,-0.416331,-0.192252
2026-08-05 17:52:49.593,220.899789,0.000000,0.000000,0.000000,0.336490,-0.381127,-0.226593,0.136686,-0.368246,-0.228994,0.236588,-0.374687,-0.227793,0.206855,-0.414460,-0.195212,0.233876,-0.416627,-0.134795,0.261196,-0.412198,-0.191769
2026-08-05 17:52:49.693,220.999789,0.000000,0.000000,0.000000,0.336490,-0.381127,-0.226593,0.136725,-0.369266,-0.228913,0.236607,-0.375197,-0.227753,0.206110,-0.414921,-0.195177,0.233876,-0.416627,-0.134795,0.261196,-0.412198,-0.191769
2026-08-05 17:52:49.793,221.099789,0.000000,0.000000,0.000000,0.336810,-0.383209,-0.226933,0.137006,-0.370328,-0.229335,0.236908,-0.376768,-0.228134,0.207279,-0.415019,-0.195604,0.235130,-0.416721,-0.135032,0.261516,-0.414280,-0.192110
2026-08-05 17:52:49.893,221.199789,0.000000,0.000000,0.000000,0.336490,-0.381127,-0.226593,0.136686,-0.368246,-0.228994,0.236588,-0.374687,-0.227793,0.206890,-0.413953,-0.195229,0.234789,-0.414675,-0.135402,0.261196,-0.412198,-0.191769
2026-08-05 17:52:49.993,221.299789,0.000000,0.000000,0.000000,0.337130,-0.385290,-0.227274,0.137326,-0.372410,-0.229676,0.237228,-0.378850,-0.228475,0.207551,-0.418081,-0.195197,0.236138,-0.418886,-0.136102,0.261835,-0.416362,-0.192451
2026-08-05 17:52:50.093,221.399789,0.000000,0.000000,0.000000,0.336970,-0.384250,-0.227104,0.137127,-0.370349,-0.229587,0.237048,-0.377299,-0.228345,0.207370,-0.417076,-0.195740,0.235957,-0.417881,-0.136643,0.261828,-0.414311,-0.192309
2026-08-05 17:52:50.193,221.499789,0.000000,0.000000,0.000000,0.336810,-0.383209,-0.226933,0.137006,-0.370328,-0.229335,0.236908,-0.376768,-0.228134,0.207210,-0.416035,-0.195570,0.235912,-0.415823,-0.136414,0.261669,-0.413270,-0.192138
2026-08-05 17:52:50.293,221.599789,0.000000,0.000000,0.000000,0.336490,-0.381127,-0.226593,0.136686,-0.368246,-0.228994,0.236588,-0.374687,-0.227793,0.206959,-0.412937,-0.195263,0.236166,-0.414841,-0.136861,0.261196,-0.412198,-0.191769
2026-08-05 17:52:50.393,221.699789,0.000000,0.000000,0.000000,0.336490,-0.381127,-0.226593,0.136647,-0.367227,-0.229076,0.236568,-0.374177,-0.227834,0.207672,-0.412985,-0.195282,0.236166,-0.414841,-0.136861,0.261196,-0.412198,-0.191769
2026-08-05 17:52:50.493,221.799788,0.000000,0.000000,0.000000,0.336810,-0.383209,-0.226933,0.137006,-0.370328,-0.229335,0.236908,-0.376768,-0.228134,0.207992,-0.415067,-0.195622,0.236465,-0.416959,-0.137913,0.260950,-0.413222,-0.192119
2026-08-05 17:52:50.593,221.899788,0.000000,0.000000,0.000000,0.336585,-0.379085,-0.226500,0.136526,-0.367206,-0.228824,0.236556,-0.373145,-0.227662,0.207512,-0.411944,-0.195111,0.236558,-0.414936,-0.138187,0.260622,-0.409089,-0.191637
2026-08-05 17:52:50.693,221.999788,0.000000,0.000000,0.000000,0.336650,-0.382168,-0.226763,0.136884,-0.370307,-0.229083,0.236767,-0.376237,-0.227923,0.207832,-0.414026,-0.195452,0.237110,-0.414984,-0.138417,0.260942,-0.411171,-0.191977
2026-08-05 17:52:50.793,222.099788,0.000000,0.000000,0.000000,0.336970,-0.384250,-0.227104,0.137166,-0.371369,-0.229505,0.237068,-0.377809,-0.228304,0.208082,-0.417123,-0.195759,0.238003,-0.418166,-0.139543,0.261262,-0.413253,-0.192318
2026-08-05 17:52:50.893,222.199788,0.000000,0.000000,0.000000,0.336650,-0.382168,-0.226763,0.136846,-0.369287,-0.229165,0.236748,-0.375728,-0.227964,0.207832,-0.414026,-0.195452,0.237800,-0.415067,-0.139148,0.260790,-0.412181,-0.191949
2026-08-05 17:52:50.993,222.299788,0.000000,0.000000,0.000000,0.336650,-0.382168,-0.226763,0.136846,-0.369287,-0.229165,0.236748,-0.375728,-0.227964,0.207832,-0.414026,-0.195452,0.238609,-0.414134,-0.139825,0.260942,-0.411171,-0.191977
2026-08-05 17:52:51.093,222.399788,0.000000,0.000000,0.000000,0.336585,-0.379085,-0.226500,0.136526,-0.367206,-0.228824,0.236556,-0.373145,-0.227662,0.207477,-0.412452,-0.195094,0.238289,-0.412052,-0.139484,0.260622,-0.409089,-0.191637
2026-08-05 17:52:51.193,222.499788,0.000000,0.000000,0.000000,0.336010,-0.378004,-0.226082,0.136206,-0.365124,-0.228483,0.236108,-0.371564,-0.227282,0.207192,-0.409862,-0.194771,0.237948,-0.410006,-0.139857,0.260281,-0.407044,-0.192017
2026-08-05 17:52:51.293,222.599788,0.000000,0.000000,0.000000,0.336490,-0.381127,-0.226593,0.136686,-0.368246,-0.228994,0.236588,-0.374687,-0.227793,0.207602,-0.414000,-0.195248,0.239259,-0.412160,-0.140335,0.260609,-0.411177,-0.192499
2026-08-05 17:52:51.393,222.699788,0.000000,0.000000,0.000000,0.337290,-0.386331,-0.227444,0.137486,-0.373451,-0.229846,0.237388,-0.379891,-0.228645,0.208472,-0.418190,-0.196133,0.239918,-0.418417,-0.141952,0.261409,-0.416382,-0.193351
2026-08-05 17:52:51.493,222.799788,0.000000,0.000000,0.000000,0.336010,-0.378004,-0.226082,0.136206,-0.365124,-0.228483,0.236108,-0.371564,-0.227282,0.207192,-0.409862,-0.194771,0.239450,-0.409157,-0.141271,0.260129,-0.408054,-0.191988
2026-08-05 17:52:51.593,222.899787,0.000000,0.000000,0.000000,0.336970,-0.384250,-0.227104,0.137166,-0.371369,-0.229505,0.237068,-0.377809,-0.228304,0.208082,-0.417123,-0.195759,0.240350,-0.415910,-0.142318,0.261240,-0.413290,-0.193039
2026-08-05 17:52:51.693,222.999787,0.000000,0.000000,0.000000,0.336330,-0.380086,-0.226422,0.136526,-0.367206,-0.228824,0.236428,-0.373646,-0.227623,0.208154,-0.413007,-0.195096,0.239749,-0.411275,-0.142326,0.260449,-0.410136,-0.192329
2026-08-05 17:52:51.793,223.099787,0.000000,0.000000,0.000000,0.336970,-0.384250,-0.227104,0.137166,-0.371369,-0.229505,0.237068,-0.377809,-0.228304,0.208844,-0.416191,-0.196526,0.240959,-0.416538,-0.143788,0.261240,-0.413290,-0.193039
2026-08-05 17:52:51.893,223.199787,0.000000,0.000000,0.000000,0.336970,-0.384250,-0.227104,0.137166,-0.371369,-0.229505,0.237068,-0.377809,-0.228304,0.208773,-0.417206,-0.196491,0.241081,-0.415522,-0.143741,0.261240,-0.413290,-0.193039
2026-08-05 17:52:51.993,223.299787,0.000000,0.000000,0.000000,0.336490,-0.381127,-0.226593,0.136686,-0.368246,-0.228994,0.236588,-0.374687,-0.227793,0.208293,-0.414083,-0.195980,0.240580,-0.412435,-0.143944,0.260761,-0.410167,-0.192528
2026-08-05 17:52:52.093,223.399787,0.000000,0.000000,0.000000,0.336490,-0.381127,-0.226593,0.136686,-0.368246,-0.228994,0.236588,-0.374687,-0.227793,0.208364,-0.413068,-0.196015,0.240580,-0.412435,-0.143944,0.260609,-0.411177,-0.192499
2026-08-05 17:52:52.193,223.499787,0.000000,0.000000,0.000000,0.337290,-0.386331,-0.227444,0.137486,-0.373451,-0.229846,0.237388,-0.379891,-0.228645,0.209092,-0.419288,-0.196831,0.241949,-0.418739,-0.145574,0.261484,-0.415877,-0.193365
2026-08-05 17:52:52.293,223.599787,0.000000,0.000000,0.000000,0.336650,-0.382168,-0.226763,0.136884,-0.370307,-0.229083,0.236767,-0.376237,-0.227923,0.208382,-0.416140,-0.196115,0.241432,-0.413560,-0.144847,0.260921,-0.411208,-0.192699
2026-08-05 17:52:52.393,223.699787,0.000000,0.000000,0.000000,0.336490,-0.381127,-0.226593,0.136686,-0.368246,-0.228994,0.236588,-0.374687,-0.227793,0.208293,-0.414083,-0.195980,0.241272,-0.412519,-0.144677,0.260761,-0.410167,-0.192528
2026-08-05 17:52:52.493,223.799787,0.000000,0.000000,0.000000,0.336490,-0.381127,-0.226593,0.136647,-0.367227,-0.229076,0.236568,-0.374177,-0.227834,0.208222,-0.415099,-0.195944,0.241272,-0.412519,-0.144677,0.260761,-0.410167,-0.192528
2026-08-05 17:52:52.593,223.899786,0.000000,0.000000,0.000000,0.336650,-0.382168,-0.226763,0.136846,-0.369287,-0.229165,0.236748,-0.375728,-0.227964,0.208524,-0.414109,-0.196185,0.241411,-0.413596,-0.145562,0.260921,-0.411208,-0.192699
2026-08-05 17:52:52.693,223.999786,0.000000,0.000000,0.000000,0.336170,-0.379045,-0.226252,0.136366,-0.366165,-0.228654,0.236268,-0.372605,-0.227453,0.207973,-0.412002,-0.195639,0.240931,-0.410473,-0.145051,0.260441,-0.408085,-0.192188
2026-08-05 17:52:52.793,224.099786,0.000000,0.000000,0.000000,0.335530,-0.374881,-0.225571,0.135726,-0.362001,-0.227972,0.235628,-0.368441,-0.226771,0.208117,-0.406870,-0.195011,0.240291,-0.406309,-0.144369,0.259801,-0.403921,-0.191506
2026-08-05 17:52:52.893,224.199786,0.000000,0.000000,0.000000,0.336330,-0.380086,-0.226422,0.136526,-0.367206,-0.228824,0.236428,-0.373646,-0.227623,0.208845,-0.413090,-0.195828,0.241214,-0.410498,-0.145177,0.260601,-0.409126,-0.192358
2026-08-05 17:52:52.993,224.299786,0.000000,0.000000,0.000000,0.336490,-0.381127,-0.226593,0.136647,-0.367227,-0.229076,0.236568,-0.374177,-0.227834,0.209005,-0.414131,-0.195998,0.241251,-0.412555,-0.145392,0.260761,-0.410167,-0.192528
2026-08-05 17:52:53.093,224.399786,0.000000,0.000000,0.000000,0.337545,-0.385331,-0.227522,0.137486,-0.373451,-0.229846,0.237515,-0.379391,-0.228684,0.209825,-0.419299,-0.196137,0.242051,-0.417759,-0.146243,0.260841,-0.415324,-0.193361
2026-08-05 17:52:53.193,224.499786,0.000000,0.000000,0.000000,0.336714,-0.385250,-0.227026,0.137127,-0.370349,-0.229587,0.236921,-0.377800,-0.228306,0.209505,-0.417218,-0.195796,0.241731,-0.415678,-0.145903,0.260521,-0.413242,-0.193021
2026-08-05 17:52:53.293,224.599786,0.000000,0.000000,0.000000,0.336490,-0.381127,-0.226593,0.136686,-0.368246,-0.228994,0.236588,-0.374687,-0.227793,0.209098,-0.413080,-0.195319,0.240660,-0.411491,-0.145329,0.260041,-0.410119,-0.192510
2026-08-05 17:52:53.393,224.699786,0.000000,0.000000,0.000000,0.336714,-0.385250,-0.227026,0.137166,-0.371369,-0.229505,0.236940,-0.378310,-0.228265,0.210364,-0.415235,-0.195883,0.241139,-0.414614,-0.145840,0.260671,-0.412231,-0.193050
2026-08-05 17:52:53.493,224.799786,0.000000,0.000000,0.000000,0.336874,-0.386291,-0.227196,0.137326,-0.372410,-0.229676,0.237100,-0.379351,-0.228436,0.210451,-0.417291,-0.196019,0.241178,-0.416671,-0.146054,0.260831,-0.413272,-0.193220
2026-08-05 17:52:53.593,224.899786,0.000000,0.000000,0.000000,0.336650,-0.382168,-0.226763,0.136807,-0.368268,-0.229246,0.236728,-0.375218,-0.228005,0.209971,-0.414168,-0.195508,0.240820,-0.412532,-0.145499,0.260201,-0.411160,-0.192680
2026-08-05 17:52:53.693,224.999785,0.000000,0.000000,0.000000,0.336970,-0.384250,-0.227104,0.137204,-0.372389,-0.229424,0.237087,-0.378319,-0.228264,0.210291,-0.416250,-0.195849,0.241018,-0.415630,-0.145884,0.260671,-0.412231,-0.193050
2026-08-05 17:52:53.793,225.099785,0.000000,0.000000,0.000000,0.337130,-0.385290,-0.227274,0.137326,-0.372410,-0.229676,0.237228,-0.378850,-0.228475,0.210524,-0.416276,-0.196053,0.241299,-0.415655,-0.146010,0.260831,-0.413272,-0.193220
2026-08-05 17:52:53.893,225.199785,0.000000,0.000000,0.000000,0.336330,-0.380086,-0.226422,0.136526,-0.367206,-0.228824,0.236428,-0.373646,-0.227623,0.209724,-0.411071,-0.195201,0.240500,-0.410450,-0.145158,0.260032,-0.408068,-0.192369
2026-08-05 17:52:53.993,225.299785,0.000000,0.000000,0.000000,0.336650,-0.382168,-0.226763,0.136846,-0.369287,-0.229165,0.236748,-0.375728,-0.227964,0.210044,-0.413153,-0.195542,0.240820,-0.412532,-0.145499,0.260352,-0.410150,-0.192709
2026-08-05 17:52:54.093,225.399785,0.000000,0.000000,0.000000,0.336810,-0.383209,-0.226933,0.137006,-0.370328,-0.229335,0.236908,-0.376768,-0.228134,0.210204,-0.414194,-0.195712,0.240979,-0.413573,-0.145669,0.260511,-0.411191,-0.192880
2026-08-05 17:52:54.193,225.499785,0.000000,0.000000,0.000000,0.336010,-0.378004,-0.226082,0.136245,-0.366143,-0.228402,0.236127,-0.372074,-0.227242,0.209478,-0.407974,-0.194895,0.240180,-0.408369,-0.144818,0.259712,-0.405986,-0.192028
2026-08-05 17:52:54.293,225.599785,0.000000,0.000000,0.000000,0.337865,-0.387412,-0.227863,0.137805,-0.375533,-0.230187,0.237835,-0.381473,-0.229025,0.210931,-0.420414,-0.196530,0.241779,-0.418778,-0.146521,0.261311,-0.416395,-0.193731
2026-08-05 17:52:54.393,225.699785,0.000000,0.000000,0.000000,0.336234,-0.382128,-0.226515,0.136686,-0.368246,-0.228994,0.236460,-0.375187,-0.227754,0.209884,-0.412112,-0.195372,0.240538,-0.412507,-0.145373,0.260192,-0.409109,-0.192539
2026-08-05 17:52:54.493,225.799785,0.000000,0.000000,0.000000,0.336234,-0.382128,-0.226515,0.136686,-0.368246,-0.228994,0.236460,-0.375187,-0.227754,0.209811,-0.413127,-0.195337,0.240660,-0.411491,-0.145329,0.260192,-0.409109,-0.192539
2026-08-05 17:52:54.593,225.899785,0.000000,0.000000,0.000000,0.336490,-0.381127,-0.226593,0.136686,-0.368246,-0.228994,0.236588,-0.374687,-0.227793,0.209884,-0.412112,-0.195372,0.240660,-0.411491,-0.145329,0.260192,-0.409109,-0.192539
2026-08-05 17:52:54.693,225.999784,0.000000,0.000000,0.000000,0.336490,-0.381127,-0.226593,0.136686,-0.368246,-0.228994,0.236588,-0.374687,-0.227793,0.209884,-0.412112,-0.195372,0.240660,-0.411491,-0.145329,0.260342,-0.408098,-0.192568
2026-08-05 17:52:54.793,226.099784,0.000000,0.000000,0.000000,0.336234,-0.382128,-0.226515,0.136647,-0.367227,-0.229076,0.236441,-0.374677,-0.227795,0.209884,-0.412112,-0.195372,0.240517,-0.412543,-0.146087,0.260192,-0.409109,-0.192539
2026-08-05 17:52:54.893,226.199784,0.000000,0.000000,0.000000,0.336970,-0.384250,-0.227104,0.137166,-0.371369,-0.229505,0.237068,-0.377809,-0.228304,0.210343,-0.415271,-0.196598,0.241118,-0.414650,-0.146555,0.260671,-0.412231,-0.193050
2026-08-05 17:52:54.993,226.299784,0.000000,0.000000,0.000000,0.336970,-0.384250,-0.227104,0.137127,-0.370349,-0.229587,0.237048,-0.377299,-0.228345,0.210291,-0.416250,-0.195849,0.240997,-0.415666,-0.146598,0.260671,-0.412231,-0.193050
2026-08-05 17:52:55.093,226.399784,0.000000,0.000000,0.000000,0.336554,-0.384209,-0.226855,0.137006,-0.370328,-0.229335,0.236780,-0.377269,-0.228095,0.210146,-0.414738,-0.196410,0.240244,-0.413562,-0.146366,0.260511,-0.411191,-0.192880
2026-08-05 17:52:55.193,226.499784,0.000000,0.000000,0.000000,0.336905,-0.381167,-0.226841,0.136846,-0.369287,-0.229165,0.236876,-0.375227,-0.228003,0.209950,-0.414204,-0.196222,0.240084,-0.412521,-0.146196,0.260352,-0.410150,-0.192709
2026-08-05 17:52:55.293,226.599784,0.000000,0.000000,0.000000,0.336714,-0.385250,-0.227026,0.137127,-0.370349,-0.229587,0.236921,-0.377800,-0.228306,0.210343,-0.415271,-0.196598,0.240425,-0.414567,-0.145821,0.260822,-0.411221,-0.193079
2026-08-05 17:52:55.393,226.699784,0.000000,0.000000,0.000000,0.336810,-0.383209,-0.226933,0.136967,-0.369308,-0.229416,0.236888,-0.376259,-0.228175,0.210110,-0.415245,-0.196393,0.240145,-0.414542,-0.145695,0.260511,-0.411191,-0.192880
2026-08-05 17:52:55.493,226.799784,0.000000,0.000000,0.000000,0.337450,-0.387372,-0.227615,0.137646,-0.374492,-0.230016,0.237548,-0.380932,-0.228815,0.210823,-0.418394,-0.197109,0.240072,-0.418658,-0.146358,0.261302,-0.414344,-0.193590
2026-08-05 17:52:55.593,226.899784,0.000000,0.000000,0.000000,0.336650,-0.382168,-0.226763,0.136846,-0.369287,-0.229165,0.236748,-0.375728,-0.227964,0.209950,-0.414204,-0.196222,0.239293,-0.413417,-0.144792,0.260352,-0.410150,-0.192709
2026-08-05 17:52:55.693,226.999784,0.000000,0.000000,0.000000,0.336650,-0.382168,-0.226763,0.136846,-0.369287,-0.229165,0.236748,-0.375728,-0.227964,0.210023,-0.413189,-0.196258,0.238580,-0.413370,-0.144773,0.260502,-0.409139,-0.192739
2026-08-05 17:52:55.793,227.099783,0.000000,0.000000,0.000000,0.335530,-0.374881,-0.225571,0.135726,-0.362001,-0.227972,0.235628,-0.368441,-0.226771,0.208904,-0.405903,-0.195065,0.237363,-0.407064,-0.142913,0.259232,-0.402863,-0.191517
2026-08-05 17:52:55.893,227.199783,0.000000,0.000000,0.000000,0.336810,-0.383209,-0.226933,0.137006,-0.370328,-0.229335,0.236908,-0.376768,-0.228134,0.210183,-0.414230,-0.196428,0.238524,-0.416408,-0.144322,0.260511,-0.411191,-0.192880
2026-08-05 17:52:55.993,227.299783,0.000000,0.000000,0.000000,0.336490,-0.381127,-0.226593,0.136647,-0.367227,-0.229076,0.236568,-0.374177,-0.227834,0.209863,-0.412148,-0.196087,0.238344,-0.413273,-0.143221,0.260342,-0.408098,-0.192568
2026-08-05 17:52:56.093,227.399783,0.000000,0.000000,0.000000,0.336490,-0.381127,-0.226593,0.136686,-0.368246,-0.228994,0.236588,-0.374687,-0.227793,0.209863,-0.412148,-0.196087,0.238344,-0.413273,-0.143221,0.260192,-0.409109,-0.192539
2026-08-05 17:52:56.193,227.499783,0.000000,0.000000,0.000000,0.336330,-0.380086,-0.226422,0.136487,-0.366186,-0.228905,0.236409,-0.373136,-0.227664,0.209703,-0.411107,-0.195917,0.238065,-0.413249,-0.143099,0.260182,-0.407057,-0.192398
2026-08-05 17:52:56.293,227.599783,0.000000,0.000000,0.000000,0.336810,-0.383209,-0.226933,0.136967,-0.369308,-0.229416,0.236888,-0.376259,-0.228175,0.210183,-0.414230,-0.196428,0.238685,-0.415319,-0.142849,0.260662,-0.410180,-0.192909
2026-08-05 17:52:56.393,227.699783,0.000000,0.000000,0.000000,0.336490,-0.381127,-0.226593,0.136686,-0.368246,-0.228994,0.236588,-0.374687,-0.227793,0.209863,-0.412148,-0.196087,0.238365,-0.413237,-0.142508,0.260342,-0.408098,-0.192568
2026-08-05 17:52:56.493,227.799783,0.000000,0.000000,0.000000,0.336714,-0.385250,-0.227026,0.137166,-0.371369,-0.229505,0.236940,-0.378310,-0.228265,0.210343,-0.415271,-0.196598,0.238866,-0.416324,-0.142306,0.260822,-0.411221,-0.193079
2026-08-05 17:52:56.593,227.899783,0.000000,0.000000,0.000000,0.336810,-0.383209,-0.226933,0.136967,-0.369308,-0.229416,0.236888,-0.376259,-0.228175,0.210256,-0.413215,-0.196463,0.238706,-0.415283,-0.142136,0.260662,-0.410180,-0.192909
2026-08-05 17:52:56.693,227.999783,0.000000,0.000000,0.000000,0.336554,-0.384209,-0.226855,0.137006,-0.370328,-0.229335,0.236780,-0.377269,-0.228095,0.210183,-0.414230,-0.196428,0.238587,-0.416300,-0.142185,0.260813,-0.409170,-0.192938
2026-08-05 17:52:56.793,228.099782,0.000000,0.000000,0.000000,0.336330,-0.380086,-0.226422,0.136487,-0.366186,-0.228905,0.236409,-0.373136,-0.227664,0.209703,-0.411107,-0.195917,0.238247,-0.412124,-0.140911,0.260333,-0.406047,-0.192427
2026-08-05 17:52:56.893,228.199782,0.000000,0.000000,0.000000,0.336874,-0.386291,-0.227196,0.137326,-0.372410,-0.229676,0.237100,-0.379351,-0.228436,0.210503,-0.416312,-0.196769,0.239046,-0.417329,-0.141763,0.260982,-0.412262,-0.193250
2026-08-05 17:52:56.993,228.299782,0.000000,0.000000,0.000000,0.336714,-0.385250,-0.227026,0.137166,-0.371369,-0.229505,0.236940,-0.378310,-0.228265,0.210343,-0.415271,-0.196598,0.238907,-0.416252,-0.140879,0.260973,-0.410211,-0.193109
2026-08-05 17:52:57.093,228.399782,0.000000,0.000000,0.000000,0.336234,-0.382128,-0.226515,0.136647,-0.367227,-0.229076,0.236441,-0.374677,-0.227795,0.209863,-0.412148,-0.196087,0.238428,-0.413129,-0.140368,0.260493,-0.407088,-0.192598
2026-08-05 17:52:57.193,228.499782,0.000000,0.000000,0.000000,0.336330,-0.380086,-0.226422,0.136487,-0.366186,-0.228905,0.236409,-0.373136,-0.227664,0.209703,-0.411107,-0.195917,0.238268,-0.412088,-0.140198,0.260333,-0.406047,-0.192427
2026-08-05 17:52:57.293,228.599782,0.000000,0.000000,0.000000,0.336810,-0.383209,-0.226933,0.137006,-0.370328,-0.229335,0.236908,-0.376768,-0.228134,0.210183,-0.414230,-0.196428,0.238769,-0.415175,-0.139995,0.260662,-0.410180,-0.192909
2026-08-05 17:52:57.393,228.699782,0.000000,0.000000,0.000000,0.337130,-0.385290,-0.227274,0.137326,-0.372410,-0.229676,0.237228,-0.378850,-0.228475,0.210524,-0.416276,-0.196053,0.239088,-0.417257,-0.140336,0.261856,-0.411300,-0.193298
2026-08-05 17:52:57.493,228.799782,0.000000,0.000000,0.000000,0.336554,-0.384209,-0.226855,0.136967,-0.369308,-0.229416,0.236761,-0.376759,-0.228136,0.210204,-0.414194,-0.195712,0.238790,-0.415139,-0.139282,0.261384,-0.410228,-0.192928
2026-08-05 17:52:57.593,228.899782,0.000000,0.000000,0.000000,0.336490,-0.381127,-0.226593,0.136686,-0.368246,-0.228994,0.236588,-0.374687,-0.227793,0.209958,-0.411097,-0.195406,0.238470,-0.413057,-0.138941,0.261216,-0.407136,-0.192617
2026-08-05 17:52:57.693,228.999782,0.000000,0.000000,0.000000,0.336810,-0.383209,-0.226933,0.137006,-0.370328,-0.229335,0.236908,-0.376768,-0.228134,0.210204,-0.414194,-0.195712,0.237960,-0.416108,-0.139318,0.261536,-0.409218,-0.192957
2026-08-05 17:52:57.793,229.099782,0.000000,0.000000,0.000000,0.337290,-0.386331,-0.227444,0.137486,-0.373451,-0.229846,0.237388,-0.379891,-0.228645,0.210757,-0.416302,-0.196257,0.238696,-0.417162,-0.139006,0.261864,-0.413351,-0.193439
2026-08-05 17:52:57.893,229.199781,0.000000,0.000000,0.000000,0.336010,-0.378004,-0.226082,0.136206,-0.365124,-0.228483,0.236108,-0.371564,-0.227282,0.209404,-0.408989,-0.194861,0.237299,-0.409851,-0.137699,0.260736,-0.404013,-0.192106
2026-08-05 17:52:57.993,229.299781,0.000000,0.000000,0.000000,0.336074,-0.381087,-0.226344,0.136526,-0.367206,-0.228824,0.236300,-0.374146,-0.227584,0.209798,-0.410056,-0.195235,0.237405,-0.413931,-0.137439,0.261077,-0.406059,-0.191722
2026-08-05 17:52:58.093,229.399781,0.000000,0.000000,0.000000,0.336810,-0.383209,-0.226933,0.136967,-0.369308,-0.229416,0.236888,-0.376259,-0.228175,0.210278,-0.413179,-0.195746,0.238002,-0.416036,-0.137894,0.261405,-0.410192,-0.192204
2026-08-05 17:52:58.193,229.499781,0.000000,0.000000,0.000000,0.336490,-0.381127,-0.226593,0.136686,-0.368246,-0.228994,0.236588,-0.374687,-0.227793,0.209884,-0.412112,-0.195372,0.237565,-0.414972,-0.137610,0.261237,-0.407100,-0.191892
2026-08-05 17:52:58.293,229.599781,0.000000,0.000000,0.000000,0.337610,-0.388413,-0.227785,0.137767,-0.374513,-0.230268,0.237688,-0.381463,-0.229027,0.211004,-0.419399,-0.196564,0.238705,-0.422222,-0.138091,0.262357,-0.414386,-0.193084
2026-08-05 17:52:58.393,229.699781,0.000000,0.000000,0.000000,0.336394,-0.383169,-0.226685,0.136846,-0.369287,-0.229165,0.236620,-0.376228,-0.227925,0.209330,-0.413105,-0.195523,0.237981,-0.413943,-0.136953,0.261397,-0.408141,-0.192062
2026-08-05 17:52:58.493,229.799781,0.000000,0.000000,0.000000,0.336170,-0.379045,-0.226252,0.136366,-0.366165,-0.228654,0.236268,-0.372605,-0.227453,0.209564,-0.410030,-0.195031,0.236789,-0.410772,-0.136424,0.260766,-0.406028,-0.191523
2026-08-05 17:52:58.593,229.899781,0.000000,0.000000,0.000000,0.336554,-0.384209,-0.226855,0.137006,-0.370328,-0.229335,0.236780,-0.377269,-0.228095,0.209490,-0.414146,-0.195694,0.237217,-0.416934,-0.136510,0.261557,-0.409182,-0.192233
2026-08-05 17:52:58.693,229.999781,0.000000,0.000000,0.000000,0.336394,-0.383169,-0.226685,0.136846,-0.369287,-0.229165,0.236620,-0.376228,-0.227925,0.209402,-0.412090,-0.195557,0.236941,-0.416911,-0.136398,0.261246,-0.409151,-0.192034
2026-08-05 17:52:58.793,230.099781,0.000000,0.000000,0.000000,0.336554,-0.384209,-0.226855,0.137006,-0.370328,-0.229335,0.236780,-0.377269,-0.228095,0.209490,-0.414146,-0.195694,0.237217,-0.416934,-0.136510,0.261557,-0.409182,-0.192233
2026-08-05 17:52:58.893,230.199780,0.000000,0.000000,0.000000,0.335754,-0.379005,-0.226004,0.136206,-0.365124,-0.228483,0.235980,-0.372064,-0.227243,0.208690,-0.408942,-0.194842,0.236301,-0.412747,-0.135717,0.260606,-0.404987,-0.191353
2026-08-05 17:52:58.993,230.299780,0.000000,0.000000,0.000000,0.336650,-0.382168,-0.226763,0.136846,-0.369287,-0.229165,0.236748,-0.375728,-0.227964,0.209330,-0.413105,-0.195523,0.237194,-0.414840,-0.135568,0.261397,-0.408141,-0.192062
2026-08-05 17:52:59.093,230.399780,0.000000,0.000000,0.000000,0.336874,-0.386291,-0.227196,0.137326,-0.372410,-0.229676,0.237100,-0.379351,-0.228436,0.209882,-0.415213,-0.196068,0.236963,-0.417916,-0.136061,0.262600,-0.411311,-0.192592
2026-08-05 17:52:59.193,230.499780,0.000000,0.000000,0.000000,0.336010,-0.378004,-0.226082,0.136167,-0.364104,-0.228565,0.236089,-0.371054,-0.227323,0.208763,-0.407927,-0.194876,0.235844,-0.410629,-0.134868,0.261251,-0.405540,-0.191357
2026-08-05 17:52:59.293,230.599780,0.000000,0.000000,0.000000,0.336010,-0.378004,-0.226082,0.136245,-0.366143,-0.228402,0.236127,-0.372074,-0.227242,0.208747,-0.408398,-0.194143,0.235865,-0.410593,-0.134156,0.261328,-0.405035,-0.191371
2026-08-05 17:52:59.393,230.699780,0.000000,0.000000,0.000000,0.336490,-0.381127,-0.226593,0.136686,-0.368246,-0.228994,0.236588,-0.374687,-0.227793,0.209119,-0.413044,-0.194604,0.236344,-0.413716,-0.134667,0.261808,-0.408158,-0.191883
2026-08-05 17:52:59.493,230.799780,0.000000,0.000000,0.000000,0.336490,-0.381127,-0.226593,0.136686,-0.368246,-0.228994,0.236588,-0.374687,-0.227793,0.209170,-0.412065,-0.195353,0.236460,-0.412699,-0.134606,0.261960,-0.407148,-0.191911
2026-08-05 17:52:59.593,230.899780,0.000000,0.000000,0.000000,0.336810,-0.383209,-0.226933,0.137006,-0.370328,-0.229335,0.236908,-0.376768,-0.228134,0.209511,-0.414110,-0.194978,0.237031,-0.412710,-0.134109,0.262127,-0.410240,-0.192223
2026-08-05 17:52:59.693,230.999780,0.000000,0.000000,0.000000,0.336650,-0.382168,-0.226763,0.136807,-0.368268,-0.229246,0.236728,-0.375218,-0.228005,0.209351,-0.413069,-0.194808,0.236641,-0.413704,-0.134063,0.261967,-0.409199,-0.192053
2026-08-05 17:52:59.793,231.099780,0.000000,0.000000,0.000000,0.336810,-0.383209,-0.226933,0.137006,-0.370328,-0.229335,0.236908,-0.376768,-0.228134,0.209511,-0.414110,-0.194978,0.236089,-0.414697,-0.134215,0.261974,-0.411250,-0.192195
2026-08-05 17:52:59.893,231.199780,0.000000,0.000000,0.000000,0.336330,-0.380086,-0.226422,0.136526,-0.367206,-0.228824,0.236428,-0.373646,-0.227623,0.208959,-0.412003,-0.194434,0.235723,-0.410557,-0.133641,0.261648,-0.407117,-0.191712
2026-08-05 17:52:59.993,231.299779,0.000000,0.000000,0.000000,0.336970,-0.384250,-0.227104,0.137166,-0.371369,-0.229505,0.237068,-0.377809,-0.228304,0.209671,-0.415151,-0.195148,0.236384,-0.414685,-0.133608,0.262287,-0.411281,-0.192394
2026-08-05 17:53:00.093,231.399779,0.000000,0.000000,0.000000,0.336585,-0.379085,-0.226500,0.136526,-0.367206,-0.228824,0.236556,-0.373145,-0.227662,0.209031,-0.410987,-0.194467,0.235573,-0.412047,-0.133022,0.261648,-0.407117,-0.191712
2026-08-05 17:53:00.193,231.499779,0.000000,0.000000,0.000000,0.336810,-0.383209,-0.226933,0.137044,-0.371348,-0.229253,0.236927,-0.377278,-0.228093,0.208797,-0.414063,-0.194959,0.236110,-0.414661,-0.133501,0.262127,-0.410240,-0.192223
2026-08-05 17:53:00.293,231.599779,0.000000,0.000000,0.000000,0.336490,-0.381127,-0.226593,0.136686,-0.368246,-0.228994,0.236588,-0.374687,-0.227793,0.209119,-0.413044,-0.194604,0.235248,-0.411006,-0.133047,0.261808,-0.408158,-0.191883
2026-08-05 17:53:00.393,231.699779,0.000000,0.000000,0.000000,0.337130,-0.385290,-0.227274,0.137364,-0.373430,-0.229594,0.237247,-0.379360,-0.228434,0.209759,-0.417207,-0.195286,0.235852,-0.415642,-0.133045,0.262447,-0.412322,-0.192564
2026-08-05 17:53:00.493,231.799779,0.000000,0.000000,0.000000,0.336330,-0.380086,-0.226422,0.136526,-0.367206,-0.228824,0.236428,-0.373646,-0.227623,0.208317,-0.410940,-0.194448,0.234826,-0.412473,-0.132323,0.261495,-0.408127,-0.191684
2026-08-05 17:53:00.593,231.899779,0.000000,0.000000,0.000000,0.337290,-0.386331,-0.227444,0.137486,-0.373451,-0.229846,0.237388,-0.379891,-0.228645,0.209277,-0.417186,-0.195471,0.235785,-0.418718,-0.133345,0.262607,-0.413363,-0.192734
2026-08-05 17:53:00.693,231.999779,0.000000,0.000000,0.000000,0.336490,-0.381127,-0.226593,0.136686,-0.368246,-0.228994,0.236588,-0.374687,-0.227793,0.208477,-0.411981,-0.194619,0.234872,-0.414531,-0.132558,0.261808,-0.408158,-0.191883
2026-08-05 17:53:00.793,232.099779,0.000000,0.000000,0.000000,0.336330,-0.380086,-0.226422,0.136526,-0.367206,-0.228824,0.236428,-0.373646,-0.227623,0.208388,-0.409925,-0.194481,0.234713,-0.413490,-0.132387,0.261648,-0.407117,-0.191712
2026-08-05 17:53:00.893,232.199779,0.000000,0.000000,0.000000,0.336490,-0.381127,-0.226593,0.136686,-0.368246,-0.228994,0.236588,-0.374687,-0.227793,0.208548,-0.410966,-0.194652,0.234986,-0.413514,-0.132493,0.261808,-0.408158,-0.191883
2026-08-05 17:53:00.993,232.299778,0.000000,0.000000,0.000000,0.336650,-0.382168,-0.226763,0.136807,-0.368268,-0.229246,0.236728,-0.375218,-0.228005,0.208637,-0.413022,-0.194789,0.234940,-0.416554,-0.132083,0.261967,-0.409199,-0.192053
2026-08-05 17:53:01.093,232.399778,0.000000,0.000000,0.000000,0.336394,-0.383169,-0.226685,0.136807,-0.368268,-0.229246,0.236601,-0.375718,-0.227966,0.208637,-0.413022,-0.194789,0.235053,-0.415536,-0.132017,0.261967,-0.409199,-0.192053
2026-08-05 17:53:01.193,232.499778,0.000000,0.000000,0.000000,0.336330,-0.380086,-0.226422,0.136526,-0.367206,-0.228824,0.236428,-0.373646,-0.227623,0.208317,-0.410940,-0.194448,0.233968,-0.413916,-0.131691,0.261495,-0.408127,-0.191684
2026-08-05 17:53:01.293,232.599778,0.000000,0.000000,0.000000,0.337290,-0.386331,-0.227444,0.137486,-0.373451,-0.229846,0.237388,-0.379891,-0.228645,0.209277,-0.417186,-0.195471,0.234759,-0.421688,-0.132811,0.262454,-0.414373,-0.192706
2026-08-05 17:53:01.393,232.699778,0.000000,0.000000,0.000000,0.336714,-0.385250,-0.227026,0.137204,-0.372389,-0.229424,0.236959,-0.378820,-0.228225,0.208886,-0.416119,-0.195097,0.234608,-0.418080,-0.132372,0.262287,-0.411281,-0.192394
2026-08-05 17:53:01.493,232.799778,0.000000,0.000000,0.000000,0.336810,-0.383209,-0.226933,0.137006,-0.370328,-0.229335,0.236908,-0.376768,-0.228134,0.208797,-0.414063,-0.194959,0.234504,-0.416530,-0.132169,0.261974,-0.411250,-0.192195
2026-08-05 17:53:01.593,232.899778,0.000000,0.000000,0.000000,0.336554,-0.384209,-0.226855,0.137006,-0.370328,-0.229335,0.236780,-0.377269,-0.228095,0.208797,-0.414063,-0.194959,0.234504,-0.416530,-0.132169,0.261974,-0.411250,-0.192195
2026-08-05 17:53:01.693,232.999778,0.000000,0.000000,0.000000,0.336650,-0.382168,-0.226763,0.136846,-0.369287,-0.229165,0.236748,-0.375728,-0.227964,0.208637,-0.413022,-0.194789,0.234344,-0.415489,-0.131999,0.261815,-0.410209,-0.192025
2026-08-05 17:53:01.793,233.099778,0.000000,0.000000,0.000000,0.336490,-0.381127,-0.226593,0.136686,-0.368246,-0.228994,0.236588,-0.374687,-0.227793,0.208548,-0.410966,-0.194652,0.234128,-0.414957,-0.131861,0.261655,-0.409168,-0.191854
2026-08-05 17:53:01.893,233.199778,0.000000,0.000000,0.000000,0.336970,-0.384250,-0.227104,0.137166,-0.371369,-0.229505,0.237068,-0.377809,-0.228304,0.209028,-0.414089,-0.195163,0.234664,-0.417571,-0.132339,0.262134,-0.412291,-0.192365
2026-08-05 17:53:01.993,233.299778,0.000000,0.000000,0.000000,0.336650,-0.382168,-0.226763,0.136884,-0.370307,-0.229083,0.236767,-0.376237,-0.227923,0.208637,-0.413022,-0.194789,0.234232,-0.416507,-0.132064,0.261815,-0.410209,-0.192025
2026-08-05 17:53:02.093,233.399777,0.000000,0.000000,0.000000,0.336810,-0.383209,-0.226933,0.136967,-0.369308,-0.229416,0.236888,-0.376259,-0.228175,0.208868,-0.413048,-0.194992,0.234392,-0.417548,-0.132235,0.261974,-0.411250,-0.192195
2026-08-05 17:53:02.193,233.499777,0.000000,0.000000,0.000000,0.336810,-0.383209,-0.226933,0.137006,-0.370328,-0.229335,0.236908,-0.376768,-0.228134,0.208797,-0.414063,-0.194959,0.234392,-0.417548,-0.132235,0.261974,-0.411250,-0.192195
2026-08-05 17:53:02.293,233.599777,0.000000,0.000000,0.000000,0.336650,-0.382168,-0.226763,0.136846,-0.369287,-0.229165,0.236748,-0.375728,-0.227964,0.208566,-0.414037,-0.194756,0.234252,-0.416471,-0.131354,0.261967,-0.409199,-0.192053
2026-08-05 17:53:02.393,233.699777,0.000000,0.000000,0.000000,0.336330,-0.380086,-0.226422,0.136526,-0.367206,-0.228824,0.236428,-0.373646,-0.227623,0.208317,-0.410940,-0.194448,0.233820,-0.415407,-0.131081,0.261495,-0.408127,-0.191684
2026-08-05 17:53:02.493,233.799777,0.000000,0.000000,0.000000,0.336810,-0.383209,-0.226933,0.136967,-0.369308,-0.229416,0.236888,-0.376259,-0.228175,0.208797,-0.414063,-0.194959,0.234300,-0.418530,-0.131592,0.262127,-0.410240,-0.192223
2026-08-05 17:53:02.593,233.899777,0.000000,0.000000,0.000000,0.336714,-0.385250,-0.227026,0.137166,-0.371369,-0.229505,0.236940,-0.378310,-0.228265,0.208957,-0.415104,-0.195130,0.233864,-0.418506,-0.131677,0.262309,-0.411244,-0.191670
2026-08-05 17:53:02.693,233.999777,0.000000,0.000000,0.000000,0.336650,-0.382168,-0.226763,0.136884,-0.370307,-0.229083,0.236767,-0.376237,-0.227923,0.208708,-0.412007,-0.194822,0.233655,-0.415406,-0.131269,0.261815,-0.410209,-0.192025
2026-08-05 17:53:02.793,234.099777,0.000000,0.000000,0.000000,0.336234,-0.382128,-0.226515,0.136686,-0.368246,-0.228994,0.236460,-0.375187,-0.227754,0.208477,-0.411981,-0.194619,0.233384,-0.415383,-0.131166,0.261829,-0.408121,-0.191159
2026-08-05 17:53:02.893,234.199777,0.000000,0.000000,0.000000,0.336810,-0.383209,-0.226933,0.137006,-0.370328,-0.229335,0.236908,-0.376768,-0.228134,0.208797,-0.414063,-0.194959,0.233815,-0.416447,-0.131439,0.262127,-0.410240,-0.192223
2026-08-05 17:53:02.993,234.299777,0.000000,0.000000,0.000000,0.336554,-0.384209,-0.226855,0.137006,-0.370328,-0.229335,0.236780,-0.377269,-0.228095,0.208797,-0.414063,-0.194959,0.233593,-0.418483,-0.131573,0.261974,-0.411250,-0.192195
2026-08-05 17:53:03.093,234.399776,0.000000,0.000000,0.000000,0.336810,-0.383209,-0.226933,0.137006,-0.370328,-0.229335,0.236908,-0.376768,-0.228134,0.208761,-0.414570,-0.194943,0.233704,-0.417465,-0.131506,0.262127,-0.410240,-0.192223
2026-08-05 17:53:03.193,234.499776,0.000000,0.000000,0.000000,0.336970,-0.384250,-0.227104,0.137127,-0.370349,-0.229587,0.237048,-0.377299,-0.228345,0.208243,-0.415056,-0.195111,0.233864,-0.418506,-0.131677,0.262287,-0.411281,-0.192394
2026-08-05 17:53:03.293,234.599776,0.000000,0.000000,0.000000,0.335850,-0.376963,-0.225911,0.136046,-0.364083,-0.228313,0.235948,-0.370523,-0.227112,0.207123,-0.407770,-0.193919,0.232855,-0.410201,-0.130417,0.261168,-0.403994,-0.191201
2026-08-05 17:53:03.393,234.699776,0.000000,0.000000,0.000000,0.336010,-0.378004,-0.226082,0.136245,-0.366143,-0.228402,0.236127,-0.372074,-0.227242,0.207213,-0.409826,-0.194056,0.232793,-0.413278,-0.130721,0.261328,-0.405035,-0.191371
2026-08-05 17:53:03.493,234.799776,0.000000,0.000000,0.000000,0.337130,-0.385290,-0.227274,0.137326,-0.372410,-0.229676,0.237228,-0.378850,-0.228475,0.208333,-0.417113,-0.195249,0.233913,-0.420565,-0.131914,0.262294,-0.413332,-0.192536
2026-08-05 17:53:03.593,234.899776,0.000000,0.000000,0.000000,0.336490,-0.381127,-0.226593,0.136686,-0.368246,-0.228994,0.236588,-0.374687,-0.227793,0.207693,-0.412949,-0.194567,0.233495,-0.414365,-0.131099,0.261655,-0.409168,-0.191854
2026-08-05 17:53:03.693,234.999776,0.000000,0.000000,0.000000,0.337290,-0.386331,-0.227444,0.137486,-0.373451,-0.229846,0.237388,-0.379891,-0.228645,0.208563,-0.417138,-0.195452,0.234073,-0.421606,-0.132084,0.262454,-0.414373,-0.192706
2026-08-05 17:53:03.793,235.099776,0.000000,0.000000,0.000000,0.337290,-0.386331,-0.227444,0.137486,-0.373451,-0.229846,0.237388,-0.379891,-0.228645,0.208563,-0.417138,-0.195452,0.234184,-0.420588,-0.132017,0.262454,-0.414373,-0.192706
2026-08-05 17:53:03.893,235.199776,0.000000,0.000000,0.000000,0.336970,-0.384250,-0.227104,0.137166,-0.371369,-0.229505,0.237068,-0.377809,-0.228304,0.208313,-0.414041,-0.195144,0.233975,-0.417488,-0.131610,0.262156,-0.412254,-0.191643
2026-08-05 17:53:03.993,235.299776,0.000000,0.000000,0.000000,0.336810,-0.383209,-0.226933,0.137006,-0.370328,-0.229335,0.236908,-0.376768,-0.228134,0.208083,-0.414015,-0.194941,0.233725,-0.417429,-0.130796,0.262149,-0.410203,-0.191500
2026-08-05 17:53:04.093,235.399776,0.000000,0.000000,0.000000,0.336970,-0.384250,-0.227104,0.137166,-0.371369,-0.229505,0.237068,-0.377809,-0.228304,0.208313,-0.414041,-0.195144,0.233774,-0.419488,-0.131035,0.262287,-0.411281,-0.192394
2026-08-05 17:53:04.193,235.499775,0.000000,0.000000,0.000000,0.336490,-0.381127,-0.226593,0.136686,-0.368246,-0.228994,0.236588,-0.374687,-0.227793,0.207693,-0.412949,-0.194567,0.233405,-0.415347,-0.130456,0.262551,-0.408169,-0.191178
2026-08-05 17:53:04.293,235.599775,0.000000,0.000000,0.000000,0.336234,-0.382128,-0.226515,0.136686,-0.368246,-0.228994,0.236460,-0.375187,-0.227754,0.207693,-0.412949,-0.194567,0.233405,-0.415347,-0.130456,0.262221,-0.410226,-0.191845
2026-08-05 17:53:04.393,235.699775,0.000000,0.000000,0.000000,0.336810,-0.383209,-0.226933,0.137006,-0.370328,-0.229335,0.236908,-0.376768,-0.228134,0.208013,-0.415031,-0.194908,0.233725,-0.417429,-0.130796,0.262562,-0.412271,-0.191464
2026-08-05 17:53:04.493,235.799775,0.000000,0.000000,0.000000,0.336714,-0.385250,-0.227026,0.137204,-0.372389,-0.229424,0.236959,-0.378820,-0.228225,0.208173,-0.416072,-0.195078,0.233121,-0.418932,-0.130982,0.262722,-0.413312,-0.191634
2026-08-05 17:53:04.593,235.899775,0.000000,0.000000,0.000000,0.336970,-0.384250,-0.227104,0.137166,-0.371369,-0.229505,0.237068,-0.377809,-0.228304,0.208173,-0.416072,-0.195078,0.233087,-0.419405,-0.130307,0.262722,-0.413312,-0.191634
2026-08-05 17:53:04.693,235.999775,0.000000,0.000000,0.000000,0.336010,-0.378004,-0.226082,0.136206,-0.365124,-0.228483,0.236108,-0.371564,-0.227282,0.207213,-0.409826,-0.194056,0.232127,-0.413159,-0.129285,0.261741,-0.407103,-0.191334
2026-08-05 17:53:04.793,236.099775,0.000000,0.000000,0.000000,0.336234,-0.382128,-0.226515,0.136686,-0.368246,-0.228994,0.236460,-0.375187,-0.227754,0.207763,-0.411933,-0.194600,0.232607,-0.416282,-0.129796,0.262243,-0.410190,-0.191123
2026-08-05 17:53:04.893,236.199775,0.000000,0.000000,0.000000,0.337034,-0.387332,-0.227366,0.137447,-0.372431,-0.229928,0.237240,-0.379882,-0.228647,0.207711,-0.419121,-0.195368,0.233407,-0.421487,-0.130648,0.263021,-0.415431,-0.192696
2026-08-05 17:53:04.993,236.299775,0.000000,0.000000,0.000000,0.336970,-0.384250,-0.227104,0.137204,-0.372389,-0.229424,0.237087,-0.378319,-0.228264,0.208173,-0.416072,-0.195078,0.232509,-0.418304,-0.129510,0.262722,-0.413312,-0.191634
2026-08-05 17:53:05.093,236.399775,0.000000,0.000000,0.000000,0.336490,-0.381127,-0.226593,0.136686,-0.368246,-0.228994,0.236588,-0.374687,-0.227793,0.207049,-0.411886,-0.194582,0.231921,-0.416199,-0.129069,0.262243,-0.410190,-0.191123
2026-08-05 17:53:05.193,236.499774,0.000000,0.000000,0.000000,0.336170,-0.379045,-0.226252,0.136366,-0.366165,-0.228654,0.236268,-0.372605,-0.227453,0.206660,-0.410820,-0.194208,0.231710,-0.413099,-0.128658,0.262077,-0.407098,-0.190810
2026-08-05 17:53:05.293,236.599774,0.000000,0.000000,0.000000,0.337290,-0.386331,-0.227444,0.137524,-0.374471,-0.229764,0.237407,-0.380401,-0.228604,0.207780,-0.418106,-0.195400,0.232938,-0.419368,-0.129780,0.263196,-0.414384,-0.192002
2026-08-05 17:53:05.393,236.699774,0.000000,0.000000,0.000000,0.336074,-0.381087,-0.226344,0.136526,-0.367206,-0.228824,0.236300,-0.374146,-0.227584,0.206751,-0.412876,-0.194345,0.231781,-0.415123,-0.128190,0.262237,-0.408138,-0.190980
2026-08-05 17:53:05.493,236.799774,0.000000,0.000000,0.000000,0.336330,-0.380086,-0.226422,0.136526,-0.367206,-0.228824,0.236428,-0.373646,-0.227623,0.206820,-0.411860,-0.194378,0.231182,-0.414057,-0.128100,0.262237,-0.408138,-0.190980
2026-08-05 17:53:05.593,236.899774,0.000000,0.000000,0.000000,0.336330,-0.380086,-0.226422,0.136526,-0.367206,-0.228824,0.236428,-0.373646,-0.227623,0.206820,-0.411860,-0.194378,0.231311,-0.413003,-0.127317,0.262237,-0.408138,-0.190980
2026-08-05 17:53:05.693,236.999774,0.000000,0.000000,0.000000,0.336394,-0.383169,-0.226685,0.136846,-0.369287,-0.229165,0.236620,-0.376228,-0.227925,0.207140,-0.413942,-0.194719,0.231415,-0.417122,-0.127803,0.263122,-0.411278,-0.191313
2026-08-05 17:53:05.793,237.099774,0.000000,0.000000,0.000000,0.337290,-0.386331,-0.227444,0.137486,-0.373451,-0.229846,0.237388,-0.379891,-0.228645,0.207711,-0.419121,-0.195368,0.232055,-0.421286,-0.128485,0.263196,-0.414384,-0.192002
2026-08-05 17:53:05.893,237.199774,0.000000,0.000000,0.000000,0.336394,-0.383169,-0.226685,0.136807,-0.368268,-0.229246,0.236601,-0.375718,-0.227966,0.207071,-0.414958,-0.194686,0.230728,-0.417039,-0.127076,0.262403,-0.411230,-0.191294
2026-08-05 17:53:05.993,237.299774,0.000000,0.000000,0.000000,0.336490,-0.381127,-0.226593,0.136686,-0.368246,-0.228994,0.236588,-0.374687,-0.227793,0.206980,-0.412901,-0.194549,0.230568,-0.415998,-0.126906,0.262397,-0.409179,-0.191151
2026-08-05 17:53:06.093,237.399774,0.000000,0.000000,0.000000,0.336970,-0.384250,-0.227104,0.137166,-0.371369,-0.229505,0.237068,-0.377809,-0.228304,0.207391,-0.417040,-0.195027,0.231262,-0.417084,-0.127269,0.263442,-0.413360,-0.191653
2026-08-05 17:53:06.193,237.499774,0.000000,0.000000,0.000000,0.337290,-0.386331,-0.227444,0.137447,-0.372431,-0.229928,0.237368,-0.379381,-0.228686,0.207711,-0.419121,-0.195368,0.231475,-0.420184,-0.127684,0.263917,-0.414432,-0.192021
2026-08-05 17:53:06.293,237.599773,0.000000,0.000000,0.000000,0.336490,-0.381127,-0.226593,0.136686,-0.368246,-0.228994,0.236588,-0.374687,-0.227793,0.206980,-0.412901,-0.194549,0.230696,-0.414944,-0.126122,0.262962,-0.410237,-0.191142
2026-08-05 17:53:06.393,237.699773,0.000000,0.000000,0.000000,0.336810,-0.383209,-0.226933,0.137044,-0.371348,-0.229253,0.236927,-0.377278,-0.228093,0.206587,-0.414936,-0.194871,0.231016,-0.417026,-0.126463,0.263282,-0.412319,-0.191483
2026-08-05 17:53:06.493,237.799773,0.000000,0.000000,0.000000,0.336970,-0.384250,-0.227104,0.137166,-0.371369,-0.229505,0.237068,-0.377809,-0.228304,0.206747,-0.415977,-0.195041,0.231176,-0.418066,-0.126633,0.263442,-0.413360,-0.191653
2026-08-05 17:53:06.593,237.899773,0.000000,0.000000,0.000000,0.336170,-0.379045,-0.226252,0.136366,-0.366165,-0.228654,0.236268,-0.372605,-0.227453,0.205879,-0.411788,-0.194157,0.229667,-0.412815,-0.125763,0.262642,-0.408155,-0.190802
2026-08-05 17:53:06.693,237.999773,0.000000,0.000000,0.000000,0.336394,-0.383169,-0.226685,0.136846,-0.369287,-0.229165,0.236620,-0.376228,-0.227925,0.206359,-0.414910,-0.194668,0.230253,-0.414919,-0.126199,0.263122,-0.411278,-0.191313
2026-08-05 17:53:06.793,238.099773,0.000000,0.000000,0.000000,0.336394,-0.383169,-0.226685,0.136846,-0.369287,-0.229165,0.236620,-0.376228,-0.227925,0.206427,-0.413895,-0.194700,0.230359,-0.413900,-0.126124,0.263122,-0.411278,-0.191313
2026-08-05 17:53:06.893,238.199773,0.000000,0.000000,0.000000,0.335754,-0.379005,-0.226004,0.136206,-0.365124,-0.228483,0.235980,-0.372064,-0.227243,0.205651,-0.411762,-0.193953,0.229507,-0.411774,-0.125592,0.262482,-0.407115,-0.190631
2026-08-05 17:53:06.993,238.299773,0.000000,0.000000,0.000000,0.336010,-0.378004,-0.226082,0.136206,-0.365124,-0.228483,0.236108,-0.371564,-0.227282,0.205787,-0.409731,-0.194019,0.229402,-0.412792,-0.125667,0.262482,-0.407115,-0.190631
2026-08-05 17:53:07.093,238.399773,0.000000,0.000000,0.000000,0.336010,-0.378004,-0.226082,0.136206,-0.365124,-0.228483,0.236108,-0.371564,-0.227282,0.205719,-0.410747,-0.193986,0.229613,-0.410755,-0.125517,0.262482,-0.407115,-0.190631
2026-08-05 17:53:07.193,238.499773,0.000000,0.000000,0.000000,0.336554,-0.384209,-0.226855,0.137006,-0.370328,-0.229335,0.236780,-0.377269,-0.228095,0.206519,-0.415951,-0.194838,0.230181,-0.418033,-0.127228,0.263282,-0.412319,-0.191483
2026-08-05 17:53:07.293,238.599772,0.000000,0.000000,0.000000,0.336490,-0.381127,-0.226593,0.136686,-0.368246,-0.228994,0.236588,-0.374687,-0.227793,0.206199,-0.413869,-0.194497,0.230072,-0.413914,-0.126740,0.262962,-0.410237,-0.191142
2026-08-05 17:53:07.393,238.699772,0.000000,0.000000,0.000000,0.336714,-0.385250,-0.227026,0.137166,-0.371369,-0.229505,0.236940,-0.378310,-0.228265,0.206679,-0.416992,-0.195008,0.230341,-0.419074,-0.127398,0.263442,-0.413360,-0.191653
2026-08-05 17:53:07.493,238.799772,0.000000,0.000000,0.000000,0.335850,-0.376963,-0.225911,0.136046,-0.364083,-0.228313,0.235948,-0.370523,-0.227112,0.205491,-0.410721,-0.193783,0.228723,-0.409703,-0.126040,0.262322,-0.406074,-0.190461
2026-08-05 17:53:07.593,238.899772,0.000000,0.000000,0.000000,0.336490,-0.381127,-0.226593,0.136686,-0.368246,-0.228994,0.236588,-0.374687,-0.227793,0.206199,-0.413869,-0.194497,0.229132,-0.415940,-0.127578,0.262962,-0.410237,-0.191142
2026-08-05 17:53:07.693,238.999772,0.000000,0.000000,0.000000,0.336810,-0.383209,-0.226933,0.137006,-0.370328,-0.229335,0.236908,-0.376768,-0.228134,0.206451,-0.416967,-0.194805,0.229452,-0.418022,-0.127918,0.263282,-0.412319,-0.191483
2026-08-05 17:53:07.793,239.099772,0.000000,0.000000,0.000000,0.337194,-0.388373,-0.227537,0.137646,-0.374492,-0.230016,0.237420,-0.381433,-0.228776,0.207091,-0.421131,-0.195486,0.230197,-0.421167,-0.128527,0.263922,-0.416483,-0.192164
2026-08-05 17:53:07.893,239.199772,0.000000,0.000000,0.000000,0.336490,-0.381127,-0.226593,0.136686,-0.368246,-0.228994,0.236588,-0.374687,-0.227793,0.206199,-0.413869,-0.194497,0.229819,-0.416023,-0.128305,0.262807,-0.411247,-0.191115
2026-08-05 17:53:07.993,239.299772,0.000000,0.000000,0.000000,0.335850,-0.376963,-0.225911,0.136085,-0.365103,-0.228231,0.235967,-0.371033,-0.227071,0.205559,-0.409706,-0.193816,0.229285,-0.410840,-0.127552,0.262167,-0.407084,-0.190434
2026-08-05 17:53:08.093,239.399772,0.000000,0.000000,0.000000,0.336970,-0.384250,-0.227104,0.137127,-0.370349,-0.229587,0.237048,-0.377299,-0.228345,0.206679,-0.416992,-0.195008,0.230278,-0.419181,-0.129525,0.263442,-0.413360,-0.191653
2026-08-05 17:53:08.193,239.499772,0.000000,0.000000,0.000000,0.336330,-0.380086,-0.226422,0.136526,-0.367206,-0.228824,0.236428,-0.373646,-0.227623,0.205971,-0.413844,-0.194294,0.229617,-0.415053,-0.129552,0.262647,-0.410206,-0.190945
2026-08-05 17:53:08.293,239.599771,0.000000,0.000000,0.000000,0.336874,-0.386291,-0.227196,0.137326,-0.372410,-0.229676,0.237100,-0.379351,-0.228436,0.206771,-0.419049,-0.195146,0.231125,-0.420305,-0.130422,0.263447,-0.415411,-0.191796
2026-08-05 17:53:08.393,239.699771,0.000000,0.000000,0.000000,0.336810,-0.383209,-0.226933,0.137006,-0.370328,-0.229335,0.236908,-0.376768,-0.228134,0.206451,-0.416967,-0.194805,0.230890,-0.417241,-0.130722,0.262951,-0.414376,-0.192147
2026-08-05 17:53:08.493,239.799771,0.000000,0.000000,0.000000,0.336490,-0.381127,-0.226593,0.136686,-0.368246,-0.228994,0.236588,-0.374687,-0.227793,0.206110,-0.414921,-0.195177,0.230571,-0.415159,-0.130382,0.262786,-0.411284,-0.191835
2026-08-05 17:53:08.593,239.899771,0.000000,0.000000,0.000000,0.336970,-0.384250,-0.227104,0.137166,-0.371369,-0.229505,0.237068,-0.377809,-0.228304,0.206590,-0.418044,-0.195688,0.231630,-0.419383,-0.131688,0.262547,-0.414359,-0.192327
2026-08-05 17:53:08.693,239.999771,0.000000,0.000000,0.000000,0.336010,-0.378004,-0.226082,0.136206,-0.365124,-0.228483,0.236108,-0.371564,-0.227282,0.205630,-0.411798,-0.194666,0.230757,-0.412155,-0.131309,0.261587,-0.408113,-0.191305
2026-08-05 17:53:08.793,240.099771,0.000000,0.000000,0.000000,0.336490,-0.381127,-0.226593,0.136686,-0.368246,-0.228994,0.236588,-0.374687,-0.227793,0.206110,-0.414921,-0.195177,0.231728,-0.417361,-0.131970,0.261913,-0.412246,-0.191788
2026-08-05 17:53:08.893,240.199771,0.000000,0.000000,0.000000,0.337769,-0.389454,-0.227955,0.138004,-0.377594,-0.230275,0.237887,-0.383524,-0.229115,0.207322,-0.424264,-0.196505,0.232899,-0.426706,-0.133399,0.263347,-0.419564,-0.193179
2026-08-05 17:53:08.993,240.299771,0.000000,0.000000,0.000000,0.336810,-0.383209,-0.226933,0.137006,-0.370328,-0.229335,0.236908,-0.376768,-0.228134,0.206430,-0.417003,-0.195517,0.232789,-0.419016,-0.133005,0.262387,-0.413318,-0.192157
2026-08-05 17:53:09.093,240.399771,0.000000,0.000000,0.000000,0.336490,-0.381127,-0.226593,0.136686,-0.368246,-0.228994,0.236588,-0.374687,-0.227793,0.206042,-0.415936,-0.195143,0.232393,-0.417479,-0.133404,0.261913,-0.412246,-0.191788
2026-08-05 17:53:09.193,240.499771,0.000000,0.000000,0.000000,0.336810,-0.383209,-0.226933,0.137044,-0.371348,-0.229253,0.236927,-0.377278,-0.228093,0.206430,-0.417003,-0.195517,0.232933,-0.417525,-0.133618,0.261516,-0.414280,-0.192110
2026-08-05 17:53:09.293,240.599771,0.000000,0.000000,0.000000,0.335754,-0.379005,-0.226004,0.136245,-0.366143,-0.228402,0.236000,-0.372574,-0.227203,0.205630,-0.411798,-0.194666,0.232821,-0.412404,-0.133494,0.260869,-0.408065,-0.191287
2026-08-05 17:53:09.393,240.699770,0.000000,0.000000,0.000000,0.336810,-0.383209,-0.226933,0.137006,-0.370328,-0.229335,0.236908,-0.376768,-0.228134,0.206464,-0.416495,-0.195534,0.233565,-0.418117,-0.134377,0.261669,-0.413270,-0.192138
2026-08-05 17:53:09.493,240.799770,0.000000,0.000000,0.000000,0.336810,-0.383209,-0.226933,0.137044,-0.371348,-0.229253,0.236927,-0.377278,-0.228093,0.206498,-0.415987,-0.195551,0.234217,-0.418673,-0.134427,0.261516,-0.414280,-0.192110
2026-08-05 17:53:09.593,240.899770,0.000000,0.000000,0.000000,0.336490,-0.381127,-0.226593,0.136686,-0.368246,-0.228994,0.236588,-0.374687,-0.227793,0.206821,-0.414968,-0.195195,0.233988,-0.415610,-0.134734,0.261196,-0.412198,-0.191769
2026-08-05 17:53:09.693,240.999770,0.000000,0.000000,0.000000,0.336234,-0.382128,-0.226515,0.136686,-0.368246,-0.228994,0.236460,-0.375187,-0.227754,0.206890,-0.413953,-0.195229,0.233988,-0.415610,-0.134734,0.261349,-0.411188,-0.191798
2026-08-05 17:53:09.793,241.099770,0.000000,0.000000,0.000000,0.336714,-0.385250,-0.227026,0.137166,-0.371369,-0.229505,0.236940,-0.378310,-0.228265,0.207301,-0.418091,-0.195706,0.235269,-0.417798,-0.135913,0.261676,-0.415321,-0.192280
2026-08-05 17:53:09.893,241.199770,0.000000,0.000000,0.000000,0.336010,-0.378004,-0.226082,0.136167,-0.364104,-0.228565,0.236089,-0.371054,-0.227323,0.206410,-0.410830,-0.194718,0.234309,-0.411552,-0.134891,0.260716,-0.409076,-0.191258
2026-08-05 17:53:09.993,241.299770,0.000000,0.000000,0.000000,0.336810,-0.383209,-0.226933,0.137044,-0.371348,-0.229253,0.236927,-0.377278,-0.228093,0.207210,-0.416035,-0.195570,0.235912,-0.415823,-0.136414,0.261516,-0.414280,-0.192110
2026-08-05 17:53:10.093,241.399770,0.000000,0.000000,0.000000,0.336810,-0.383209,-0.226933,0.137006,-0.370328,-0.229335,0.236908,-0.376768,-0.228134,0.207210,-0.416035,-0.195570,0.235912,-0.415823,-0.136414,0.261516,-0.414280,-0.192110
2026-08-05 17:53:10.193,241.499770,0.000000,0.000000,0.000000,0.336394,-0.383169,-0.226685,0.136884,-0.370307,-0.229083,0.236639,-0.376738,-0.227884,0.207050,-0.414994,-0.195399,0.235617,-0.415835,-0.137013,0.261356,-0.413239,-0.191940
2026-08-05 17:53:10.293,241.599770,0.000000,0.000000,0.000000,0.336010,-0.378004,-0.226082,0.136206,-0.365124,-0.228483,0.236108,-0.371564,-0.227282,0.207192,-0.409862,-0.194771,0.235686,-0.411718,-0.136350,0.260869,-0.408065,-0.191287
2026-08-05 17:53:10.393,241.699769,0.000000,0.000000,0.000000,0.336330,-0.380086,-0.226422,0.136526,-0.367206,-0.228824,0.236428,-0.373646,-0.227623,0.207442,-0.412959,-0.195077,0.236101,-0.412819,-0.137345,0.261189,-0.410147,-0.191627
2026-08-05 17:53:10.493,241.799769,0.000000,0.000000,0.000000,0.336490,-0.381127,-0.226593,0.136686,-0.368246,-0.228994,0.236588,-0.374687,-0.227793,0.207672,-0.412985,-0.195282,0.236855,-0.414924,-0.137591,0.260630,-0.411141,-0.191779
2026-08-05 17:53:10.593,241.899769,0.000000,0.000000,0.000000,0.335754,-0.379005,-0.226004,0.136167,-0.364104,-0.228565,0.235961,-0.371554,-0.227284,0.207192,-0.409862,-0.194771,0.236354,-0.411837,-0.137791,0.260150,-0.408018,-0.191268
2026-08-05 17:53:10.693,241.999769,0.000000,0.000000,0.000000,0.336330,-0.380086,-0.226422,0.136526,-0.367206,-0.228824,0.236428,-0.373646,-0.227623,0.207512,-0.411944,-0.195111,0.236674,-0.413919,-0.138132,0.260470,-0.410100,-0.191608
2026-08-05 17:53:10.793,242.099769,0.000000,0.000000,0.000000,0.336554,-0.384209,-0.226855,0.137006,-0.370328,-0.229335,0.236780,-0.377269,-0.228095,0.207992,-0.415067,-0.195622,0.237981,-0.416072,-0.138606,0.260950,-0.413222,-0.192119
2026-08-05 17:53:10.893,242.199769,0.000000,0.000000,0.000000,0.336330,-0.380086,-0.226422,0.136565,-0.368225,-0.228742,0.236447,-0.374156,-0.227582,0.207442,-0.412959,-0.195077,0.237480,-0.412986,-0.138807,0.260622,-0.409089,-0.191637
2026-08-05 17:53:10.993,242.299769,0.000000,0.000000,0.000000,0.336490,-0.381127,-0.226593,0.136686,-0.368246,-0.228994,0.236588,-0.374687,-0.227793,0.207672,-0.412985,-0.195282,0.237737,-0.413046,-0.139636,0.260782,-0.410130,-0.191807
2026-08-05 17:53:11.093,242.399769,0.000000,0.000000,0.000000,0.336650,-0.382168,-0.226763,0.136846,-0.369287,-0.229165,0.236748,-0.375728,-0.227964,0.207832,-0.414026,-0.195452,0.238490,-0.415151,-0.139878,0.260921,-0.411208,-0.192699
2026-08-05 17:53:11.193,242.499769,0.000000,0.000000,0.000000,0.336490,-0.381127,-0.226593,0.136686,-0.368246,-0.228994,0.236588,-0.374687,-0.227793,0.207672,-0.412985,-0.195282,0.238428,-0.413129,-0.140368,0.260609,-0.411177,-0.192499
2026-08-05 17:53:11.293,242.599769,0.000000,0.000000,0.000000,0.336490,-0.381127,-0.226593,0.136686,-0.368246,-0.228994,0.236588,-0.374687,-0.227793,0.207672,-0.412985,-0.195282,0.239140,-0.413176,-0.140387,0.260761,-0.410167,-0.192528
2026-08-05 17:53:11.393,242.699769,0.000000,0.000000,0.000000,0.337290,-0.386331,-0.227444,0.137447,-0.372431,-0.229928,0.237368,-0.379381,-0.228686,0.208472,-0.418190,-0.196133,0.240038,-0.417401,-0.141901,0.261484,-0.415877,-0.193365
2026-08-05 17:53:11.493,242.799768,0.000000,0.000000,0.000000,0.336970,-0.384250,-0.227104,0.137166,-0.371369,-0.229505,0.237068,-0.377809,-0.228304,0.208152,-0.416108,-0.195793,0.239697,-0.415355,-0.142275,0.261089,-0.414300,-0.193010
2026-08-05 17:53:11.593,242.899768,0.000000,0.000000,0.000000,0.336650,-0.382168,-0.226763,0.136846,-0.369287,-0.229165,0.236748,-0.375728,-0.227964,0.208545,-0.414073,-0.195471,0.239969,-0.414337,-0.142002,0.260769,-0.412218,-0.192669
2026-08-05 17:53:11.693,242.999768,0.000000,0.000000,0.000000,0.336010,-0.378004,-0.226082,0.136167,-0.364104,-0.228565,0.236089,-0.371054,-0.227323,0.207834,-0.410925,-0.194755,0.239429,-0.409193,-0.141986,0.260129,-0.408054,-0.191988
2026-08-05 17:53:11.793,243.099768,0.000000,0.000000,0.000000,0.336010,-0.378004,-0.226082,0.136206,-0.365124,-0.228483,0.236108,-0.371564,-0.227282,0.207101,-0.410913,-0.195450,0.240121,-0.409276,-0.142719,0.260281,-0.407044,-0.192017
2026-08-05 17:53:11.893,243.199768,0.000000,0.000000,0.000000,0.336490,-0.381127,-0.226593,0.136647,-0.367227,-0.229076,0.236568,-0.374177,-0.227834,0.208364,-0.413068,-0.196015,0.240601,-0.412399,-0.143230,0.260761,-0.410167,-0.192528
2026-08-05 17:53:11.993,243.299768,0.000000,0.000000,0.000000,0.336970,-0.384250,-0.227104,0.137166,-0.371369,-0.229505,0.237068,-0.377809,-0.228304,0.208844,-0.416191,-0.196526,0.241060,-0.415558,-0.144455,0.261240,-0.413290,-0.193039
2026-08-05 17:53:12.093,243.399768,0.000000,0.000000,0.000000,0.335595,-0.377964,-0.225833,0.136007,-0.363063,-0.228394,0.235801,-0.370513,-0.227114,0.207653,-0.409920,-0.195298,0.240531,-0.409335,-0.143328,0.260121,-0.406003,-0.191847
2026-08-05 17:53:12.193,243.499768,0.000000,0.000000,0.000000,0.336650,-0.382168,-0.226763,0.136846,-0.369287,-0.229165,0.236748,-0.375728,-0.227964,0.208453,-0.415124,-0.196150,0.241432,-0.413560,-0.144847,0.260921,-0.411208,-0.192699
2026-08-05 17:53:12.293,243.599768,0.000000,0.000000,0.000000,0.336970,-0.384250,-0.227104,0.137127,-0.370349,-0.229587,0.237048,-0.377299,-0.228345,0.208844,-0.416191,-0.196526,0.241752,-0.415641,-0.145188,0.261240,-0.413290,-0.193039
2026-08-05 17:53:12.393,243.699768,0.000000,0.000000,0.000000,0.336490,-0.381127,-0.226593,0.136686,-0.368246,-0.228994,0.236588,-0.374687,-0.227793,0.208293,-0.414083,-0.195980,0.241272,-0.412519,-0.144677,0.260761,-0.410167,-0.192528
2026-08-05 17:53:12.493,243.799767,0.000000,0.000000,0.000000,0.337130,-0.385290,-0.227274,0.137326,-0.372410,-0.229676,0.237228,-0.378850,-0.228475,0.208932,-0.418247,-0.196661,0.241891,-0.416718,-0.146073,0.261400,-0.414330,-0.193210
2026-08-05 17:53:12.593,243.899767,0.000000,0.000000,0.000000,0.336714,-0.385250,-0.227026,0.137127,-0.370349,-0.229587,0.236921,-0.377800,-0.228306,0.208808,-0.416699,-0.196508,0.241731,-0.415678,-0.145903,0.261240,-0.413290,-0.193039
2026-08-05 17:53:12.693,243.999767,0.000000,0.000000,0.000000,0.336394,-0.383169,-0.226685,0.136846,-0.369287,-0.229165,0.236620,-0.376228,-0.227925,0.208524,-0.414109,-0.196185,0.241411,-0.413596,-0.145562,0.260921,-0.411208,-0.192699
2026-08-05 17:53:12.793,244.099767,0.000000,0.000000,0.000000,0.336810,-0.383209,-0.226933,0.136967,-0.369308,-0.229416,0.236888,-0.376259,-0.228175,0.208613,-0.416165,-0.196320,0.241571,-0.414637,-0.145732,0.261081,-0.412249,-0.192869
2026-08-05 17:53:12.893,244.199767,0.000000,0.000000,0.000000,0.336810,-0.383209,-0.226933,0.137006,-0.370328,-0.229335,0.236908,-0.376768,-0.228134,0.209397,-0.415198,-0.196374,0.241571,-0.414637,-0.145732,0.261081,-0.412249,-0.192869
2026-08-05 17:53:12.993,244.299767,0.000000,0.000000,0.000000,0.336330,-0.380086,-0.226422,0.136526,-0.367206,-0.228824,0.236428,-0.373646,-0.227623,0.208772,-0.414105,-0.195793,0.241091,-0.411514,-0.145221,0.260601,-0.409126,-0.192358
2026-08-05 17:53:13.093,244.399767,0.000000,0.000000,0.000000,0.336810,-0.383209,-0.226933,0.137006,-0.370328,-0.229335,0.236908,-0.376768,-0.228134,0.209325,-0.416213,-0.196339,0.241571,-0.414637,-0.145732,0.260361,-0.412201,-0.192850
2026-08-05 17:53:13.193,244.499767,0.000000,0.000000,0.000000,0.337130,-0.385290,-0.227274,0.137326,-0.372410,-0.229676,0.237228,-0.378850,-0.228475,0.209644,-0.418295,-0.196680,0.242014,-0.415703,-0.146029,0.260831,-0.413272,-0.193220
2026-08-05 17:53:13.293,244.599767,0.000000,0.000000,0.000000,0.337130,-0.385290,-0.227274,0.137326,-0.372410,-0.229676,0.237228,-0.378850,-0.228475,0.209738,-0.417243,-0.196000,0.241178,-0.416671,-0.146054,0.260831,-0.413272,-0.193220
2026-08-05 17:53:13.393,244.699767,0.000000,0.000000,0.000000,0.336330,-0.380086,-0.226422,0.136526,-0.367206,-0.228824,0.236428,-0.373646,-0.227623,0.209651,-0.412086,-0.195167,0.240500,-0.410450,-0.145158,0.259881,-0.409078,-0.192339
2026-08-05 17:53:13.493,244.799767,0.000000,0.000000,0.000000,0.336554,-0.384209,-0.226855,0.137006,-0.370328,-0.229335,0.236780,-0.377269,-0.228095,0.210204,-0.414194,-0.195712,0.240858,-0.414589,-0.145714,0.260511,-0.411191,-0.192880
2026-08-05 17:53:13.593,244.899766,0.000000,0.000000,0.000000,0.336234,-0.382128,-0.226515,0.136686,-0.368246,-0.228994,0.236460,-0.375187,-0.227754,0.209884,-0.412112,-0.195372,0.240599,-0.411999,-0.145351,0.260192,-0.409109,-0.192539
2026-08-05 17:53:13.693,244.999766,0.000000,0.000000,0.000000,0.336490,-0.381127,-0.226593,0.136686,-0.368246,-0.228994,0.236588,-0.374687,-0.227793,0.209884,-0.412112,-0.195372,0.240660,-0.411491,-0.145329,0.260192,-0.409109,-0.192539
2026-08-05 17:53:13.793,245.099766,0.000000,0.000000,0.000000,0.337290,-0.386331,-0.227444,0.137524,-0.374471,-0.229764,0.237407,-0.380401,-0.228604,0.210611,-0.418332,-0.196189,0.241459,-0.416696,-0.146180,0.260991,-0.414313,-0.193391
2026-08-05 17:53:13.893,245.199766,0.000000,0.000000,0.000000,0.336714,-0.385250,-0.227026,0.137166,-0.371369,-0.229505,0.236940,-0.378310,-0.228265,0.210438,-0.414220,-0.195917,0.241018,-0.415630,-0.145884,0.260671,-0.412231,-0.193050
2026-08-05 17:53:13.993,245.299766,0.000000,0.000000,0.000000,0.336330,-0.380086,-0.226422,0.136565,-0.368225,-0.228742,0.236447,-0.374156,-0.227582,0.209724,-0.411071,-0.195201,0.240500,-0.410450,-0.145158,0.260032,-0.408068,-0.192369
2026-08-05 17:53:14.093,245.399766,0.000000,0.000000,0.000000,0.336170,-0.379045,-0.226252,0.136405,-0.367184,-0.228572,0.236287,-0.373115,-0.227412,0.209564,-0.410030,-0.195031,0.240340,-0.409409,-0.144988,0.259872,-0.407027,-0.192198
2026-08-05 17:53:14.193,245.499766,0.000000,0.000000,0.000000,0.337290,-0.386331,-0.227444,0.137486,-0.373451,-0.229846,0.237388,-0.379891,-0.228645,0.210684,-0.417317,-0.196223,0.241459,-0.416696,-0.146180,0.260991,-0.414313,-0.193391
2026-08-05 17:53:14.293,245.599766,0.000000,0.000000,0.000000,0.336810,-0.383209,-0.226933,0.137006,-0.370328,-0.229335,0.236908,-0.376768,-0.228134,0.210918,-0.414241,-0.195731,0.240979,-0.413573,-0.145669,0.260361,-0.412201,-0.192850
2026-08-05 17:53:14.393,245.699766,0.000000,0.000000,0.000000,0.336490,-0.381127,-0.226593,0.136686,-0.368246,-0.228994,0.236588,-0.374687,-0.227793,0.209811,-0.413127,-0.195337,0.240660,-0.411491,-0.145329,0.260192,-0.409109,-0.192539
2026-08-05 17:53:14.493,245.799766,0.000000,0.000000,0.000000,0.337130,-0.385290,-0.227274,0.137364,-0.373430,-0.229594,0.237247,-0.379360,-0.228434,0.210524,-0.416276,-0.196053,0.241178,-0.416671,-0.146054,0.260831,-0.413272,-0.193220
2026-08-05 17:53:14.593,245.899765,0.000000,0.000000,0.000000,0.336330,-0.380086,-0.226422,0.136526,-0.367206,-0.228824,0.236428,-0.373646,-0.227623,0.209798,-0.410056,-0.195235,0.240500,-0.410450,-0.145158,0.259881,-0.409078,-0.192339
2026-08-05 17:53:14.693,245.999765,0.000000,0.000000,0.000000,0.336330,-0.380086,-0.226422,0.136526,-0.367206,-0.228824,0.236428,-0.373646,-0.227623,0.209724,-0.411071,-0.195201,0.240479,-0.410487,-0.145874,0.260032,-0.408068,-0.192369
2026-08-05 17:53:14.793,246.099765,0.000000,0.000000,0.000000,0.336490,-0.381127,-0.226593,0.136725,-0.369266,-0.228913,0.236607,-0.375197,-0.227753,0.209884,-0.412112,-0.195372,0.240639,-0.411527,-0.146044,0.260192,-0.409109,-0.192539
2026-08-05 17:53:14.893,246.199765,0.000000,0.000000,0.000000,0.336650,-0.382168,-0.226763,0.136846,-0.369287,-0.229165,0.236748,-0.375728,-0.227964,0.209971,-0.414168,-0.195508,0.240677,-0.413584,-0.146258,0.260352,-0.410150,-0.192709
2026-08-05 17:53:14.993,246.299765,0.000000,0.000000,0.000000,0.336650,-0.382168,-0.226763,0.136846,-0.369287,-0.229165,0.236748,-0.375728,-0.227964,0.210023,-0.413189,-0.196258,0.240798,-0.412568,-0.146215,0.260352,-0.410150,-0.192709
2026-08-05 17:53:15.093,246.399765,0.000000,0.000000,0.000000,0.336874,-0.386291,-0.227196,0.137326,-0.372410,-0.229676,0.237100,-0.379351,-0.228436,0.210524,-0.416276,-0.196053,0.240564,-0.415644,-0.146707,0.260831,-0.413272,-0.193220
2026-08-05 17:53:15.193,246.499765,0.000000,0.000000,0.000000,0.336650,-0.382168,-0.226763,0.136846,-0.369287,-0.229165,0.236748,-0.375728,-0.227964,0.209950,-0.414204,-0.196222,0.239964,-0.413537,-0.146239,0.260352,-0.410150,-0.192709
2026-08-05 17:53:15.293,246.599765,0.000000,0.000000,0.000000,0.336234,-0.382128,-0.226515,0.136686,-0.368246,-0.228994,0.236460,-0.375187,-0.227754,0.209790,-0.413163,-0.196052,0.239945,-0.411444,-0.145310,0.260192,-0.409109,-0.192539
2026-08-05 17:53:15.393,246.699765,0.000000,0.000000,0.000000,0.336330,-0.380086,-0.226422,0.136526,-0.367206,-0.228824,0.236428,-0.373646,-0.227623,0.209630,-0.412122,-0.195882,0.239665,-0.411419,-0.145184,0.260032,-0.408068,-0.192369
2026-08-05 17:53:15.493,246.799765,0.000000,0.000000,0.000000,0.337290,-0.386331,-0.227444,0.137486,-0.373451,-0.229846,0.237388,-0.379891,-0.228645,0.210590,-0.418368,-0.196904,0.239912,-0.417617,-0.146188,0.261142,-0.413303,-0.193420
2026-08-05 17:53:15.593,246.899765,0.000000,0.000000,0.000000,0.337130,-0.385290,-0.227274,0.137326,-0.372410,-0.229676,0.237228,-0.378850,-0.228475,0.210503,-0.416312,-0.196769,0.239773,-0.416540,-0.145303,0.260982,-0.412262,-0.193250
2026-08-05 17:53:15.693,246.999764,0.000000,0.000000,0.000000,0.337034,-0.387332,-0.227366,0.137486,-0.373451,-0.229846,0.237260,-0.380392,-0.228606,0.210590,-0.418368,-0.196904,0.239101,-0.418550,-0.145500,0.260991,-0.414313,-0.193391
2026-08-05 17:53:15.793,247.099764,0.000000,0.000000,0.000000,0.336714,-0.385250,-0.227026,0.137166,-0.371369,-0.229505,0.236940,-0.378310,-0.228265,0.210343,-0.415271,-0.196598,0.238782,-0.416468,-0.145159,0.260671,-0.412231,-0.193050
2026-08-05 17:53:15.893,247.199764,0.000000,0.000000,0.000000,0.337290,-0.386331,-0.227444,0.137447,-0.372431,-0.229928,0.237368,-0.379381,-0.228686,0.210663,-0.417353,-0.196939,0.239122,-0.418514,-0.144787,0.261142,-0.413303,-0.193420
2026-08-05 17:53:15.993,247.299764,0.000000,0.000000,0.000000,0.336554,-0.384209,-0.226855,0.136967,-0.369308,-0.229416,0.236761,-0.376759,-0.228136,0.210256,-0.413215,-0.196463,0.238643,-0.415391,-0.144276,0.260511,-0.411191,-0.192880
2026-08-05 17:53:16.093,247.399764,0.000000,0.000000,0.000000,0.336074,-0.381087,-0.226344,0.136526,-0.367206,-0.228824,0.236300,-0.374146,-0.227584,0.209703,-0.411107,-0.195917,0.238184,-0.412232,-0.143051,0.260032,-0.408068,-0.192369
2026-08-05 17:53:16.193,247.499764,0.000000,0.000000,0.000000,0.336490,-0.381127,-0.226593,0.136686,-0.368246,-0.228994,0.236588,-0.374687,-0.227793,0.209863,-0.412148,-0.196087,0.238344,-0.413273,-0.143221,0.260342,-0.408098,-0.192568
2026-08-05 17:53:16.293,247.599764,0.000000,0.000000,0.000000,0.336394,-0.383169,-0.226685,0.136846,-0.369287,-0.229165,0.236620,-0.376228,-0.227925,0.210097,-0.412174,-0.196293,0.238525,-0.414278,-0.142678,0.260502,-0.409139,-0.192739
2026-08-05 17:53:16.393,247.699764,0.000000,0.000000,0.000000,0.336330,-0.380086,-0.226422,0.136526,-0.367206,-0.228824,0.236428,-0.373646,-0.227623,0.209703,-0.411107,-0.195917,0.238205,-0.412196,-0.142338,0.260032,-0.408068,-0.192369
2026-08-05 17:53:16.493,247.799764,0.000000,0.000000,0.000000,0.336810,-0.383209,-0.226933,0.137006,-0.370328,-0.229335,0.236908,-0.376768,-0.228134,0.210183,-0.414230,-0.196428,0.238685,-0.415319,-0.142849,0.260662,-0.410180,-0.192909
2026-08-05 17:53:16.593,247.899764,0.000000,0.000000,0.000000,0.335595,-0.377964,-0.225833,0.136007,-0.363063,-0.228394,0.235801,-0.370513,-0.227114,0.209223,-0.407984,-0.195406,0.237746,-0.409037,-0.141113,0.259702,-0.403935,-0.191887
2026-08-05 17:53:16.693,247.999763,0.000000,0.000000,0.000000,0.336330,-0.380086,-0.226422,0.136487,-0.366186,-0.228905,0.236409,-0.373136,-0.227664,0.209703,-0.411107,-0.195917,0.238226,-0.412160,-0.141624,0.260182,-0.407057,-0.192398
2026-08-05 17:53:16.793,248.099763,0.000000,0.000000,0.000000,0.337130,-0.385290,-0.227274,0.137326,-0.372410,-0.229676,0.237228,-0.378850,-0.228475,0.210430,-0.417327,-0.196733,0.238928,-0.418346,-0.141814,0.260982,-0.412262,-0.193250
2026-08-05 17:53:16.893,248.199763,0.000000,0.000000,0.000000,0.336490,-0.381127,-0.226593,0.136686,-0.368246,-0.228994,0.236588,-0.374687,-0.227793,0.209863,-0.412148,-0.196087,0.238407,-0.413165,-0.141081,0.260493,-0.407088,-0.192598
2026-08-05 17:53:16.993,248.299763,0.000000,0.000000,0.000000,0.336810,-0.383209,-0.226933,0.137006,-0.370328,-0.229335,0.236908,-0.376768,-0.228134,0.210183,-0.414230,-0.196428,0.238845,-0.414230,-0.141371,0.260662,-0.410180,-0.192909
2026-08-05 17:53:17.093,248.399763,0.000000,0.000000,0.000000,0.336490,-0.381127,-0.226593,0.136686,-0.368246,-0.228994,0.236588,-0.374687,-0.227793,0.209863,-0.412148,-0.196087,0.238428,-0.413129,-0.140368,0.260493,-0.407088,-0.192598
2026-08-05 17:53:17.193,248.499763,0.000000,0.000000,0.000000,0.336810,-0.383209,-0.226933,0.136967,-0.369308,-0.229416,0.236888,-0.376259,-0.228175,0.210183,-0.414230,-0.196428,0.238629,-0.416228,-0.140761,0.260662,-0.410180,-0.192909
2026-08-05 17:53:17.293,248.599763,0.000000,0.000000,0.000000,0.336394,-0.383169,-0.226685,0.136846,-0.369287,-0.229165,0.236620,-0.376228,-0.227925,0.210023,-0.413189,-0.196258,0.238549,-0.414642,-0.139852,0.260502,-0.409139,-0.192739
2026-08-05 17:53:17.393,248.699763,0.000000,0.000000,0.000000,0.336170,-0.379045,-0.226252,0.136327,-0.365145,-0.228735,0.236249,-0.372095,-0.227494,0.209580,-0.409559,-0.195764,0.238129,-0.411011,-0.139314,0.260744,-0.406064,-0.192246
2026-08-05 17:53:17.493,248.799763,0.000000,0.000000,0.000000,0.336970,-0.384250,-0.227104,0.137166,-0.371369,-0.229505,0.237068,-0.377809,-0.228304,0.210364,-0.415235,-0.195883,0.238831,-0.417197,-0.139507,0.261544,-0.411269,-0.193098
2026-08-05 17:53:17.593,248.899763,0.000000,0.000000,0.000000,0.336330,-0.380086,-0.226422,0.136565,-0.368225,-0.228742,0.236447,-0.374156,-0.227582,0.209798,-0.410056,-0.195235,0.238191,-0.413033,-0.138825,0.261056,-0.406095,-0.192446
2026-08-05 17:53:17.693,248.999763,0.000000,0.000000,0.000000,0.335914,-0.380046,-0.226174,0.136366,-0.366165,-0.228654,0.236140,-0.373105,-0.227414,0.209564,-0.410030,-0.195031,0.237438,-0.410928,-0.138582,0.260744,-0.406064,-0.192246
2026-08-05 17:53:17.793,249.099762,0.000000,0.000000,0.000000,0.336650,-0.382168,-0.226763,0.136846,-0.369287,-0.229165,0.236748,-0.375728,-0.227964,0.210044,-0.413153,-0.195542,0.237939,-0.414015,-0.138380,0.261376,-0.408177,-0.192787
2026-08-05 17:53:17.893,249.199762,0.000000,0.000000,0.000000,0.336554,-0.384209,-0.226855,0.137006,-0.370328,-0.229335,0.236780,-0.377269,-0.228095,0.210204,-0.414194,-0.195712,0.237864,-0.417089,-0.138661,0.261557,-0.409182,-0.192233
2026-08-05 17:53:17.993,249.299762,0.000000,0.000000,0.000000,0.336010,-0.378004,-0.226082,0.136206,-0.365124,-0.228483,0.236108,-0.371564,-0.227282,0.209478,-0.407974,-0.194895,0.237181,-0.410868,-0.137754,0.260736,-0.404013,-0.192106
2026-08-05 17:53:18.093,249.399762,0.000000,0.000000,0.000000,0.336490,-0.381127,-0.226593,0.136686,-0.368246,-0.228994,0.236588,-0.374687,-0.227793,0.209884,-0.412112,-0.195372,0.237565,-0.414972,-0.137610,0.261237,-0.407100,-0.191892
2026-08-05 17:53:18.193,249.499762,0.000000,0.000000,0.000000,0.336970,-0.384250,-0.227104,0.137166,-0.371369,-0.229505,0.237068,-0.377809,-0.228304,0.210364,-0.415235,-0.195883,0.238162,-0.417077,-0.138064,0.261565,-0.411233,-0.192375
2026-08-05 17:53:18.293,249.599762,0.000000,0.000000,0.000000,0.336074,-0.381087,-0.226344,0.136487,-0.366186,-0.228905,0.236281,-0.373636,-0.227625,0.209724,-0.411071,-0.195201,0.237426,-0.413895,-0.136728,0.260926,-0.407069,-0.191693
2026-08-05 17:53:18.393,249.699762,0.000000,0.000000,0.000000,0.336970,-0.384250,-0.227104,0.137166,-0.371369,-0.229505,0.237068,-0.377809,-0.228304,0.210364,-0.415235,-0.195883,0.237472,-0.416994,-0.137333,0.261565,-0.411233,-0.192375
2026-08-05 17:53:18.493,249.799762,0.000000,0.000000,0.000000,0.336490,-0.381127,-0.226593,0.136686,-0.368246,-0.228994,0.236588,-0.374687,-0.227793,0.209242,-0.411049,-0.195387,0.236876,-0.414888,-0.136880,0.261237,-0.407100,-0.191892
2026-08-05 17:53:18.593,249.899762,0.000000,0.000000,0.000000,0.336650,-0.382168,-0.226763,0.136807,-0.368268,-0.229246,0.236728,-0.375218,-0.228005,0.209402,-0.412090,-0.195557,0.237057,-0.415893,-0.136339,0.261246,-0.409151,-0.192034
2026-08-05 17:53:18.693,249.999762,0.000000,0.000000,0.000000,0.336234,-0.382128,-0.226515,0.136647,-0.367227,-0.229076,0.236441,-0.374677,-0.227795,0.209170,-0.412065,-0.195353,0.236781,-0.415870,-0.136228,0.261237,-0.407100,-0.191892
2026-08-05 17:53:18.793,250.099761,0.000000,0.000000,0.000000,0.336490,-0.381127,-0.226593,0.136647,-0.367227,-0.229076,0.236568,-0.374177,-0.227834,0.209242,-0.411049,-0.195387,0.236781,-0.415870,-0.136228,0.261237,-0.407100,-0.191892
2026-08-05 17:53:18.893,250.199761,0.000000,0.000000,0.000000,0.336490,-0.381127,-0.226593,0.136686,-0.368246,-0.228994,0.236588,-0.374687,-0.227793,0.209170,-0.412065,-0.195353,0.236897,-0.414853,-0.136169,0.261237,-0.407100,-0.191892
2026-08-05 17:53:18.993,250.299761,0.000000,0.000000,0.000000,0.336234,-0.382128,-0.226515,0.136686,-0.368246,-0.228994,0.236460,-0.375187,-0.227754,0.209170,-0.412065,-0.195353,0.236918,-0.414817,-0.135458,0.261808,-0.408158,-0.191883
2026-08-05 17:53:19.093,250.399761,0.000000,0.000000,0.000000,0.336490,-0.381127,-0.226593,0.136686,-0.368246,-0.228994,0.236588,-0.374687,-0.227793,0.209242,-0.411049,-0.195387,0.236801,-0.415834,-0.135518,0.261237,-0.407100,-0.191892
2026-08-05 17:53:19.193,250.499761,0.000000,0.000000,0.000000,0.336330,-0.380086,-0.226422,0.136526,-0.367206,-0.228824,0.236428,-0.373646,-0.227623,0.209010,-0.411024,-0.195183,0.236336,-0.411185,-0.135119,0.260926,-0.407069,-0.191693
2026-08-05 17:53:19.293,250.599761,0.000000,0.000000,0.000000,0.336810,-0.383209,-0.226933,0.136967,-0.369308,-0.229416,0.236888,-0.376259,-0.228175,0.209490,-0.414146,-0.195694,0.236989,-0.412782,-0.135540,0.261974,-0.411250,-0.192195
2026-08-05 17:53:19.393,250.699761,0.000000,0.000000,0.000000,0.336714,-0.385250,-0.227026,0.137166,-0.371369,-0.229505,0.236940,-0.378310,-0.228265,0.209671,-0.415151,-0.195148,0.236824,-0.416839,-0.135178,0.262440,-0.410271,-0.192422
2026-08-05 17:53:19.493,250.799761,0.000000,0.000000,0.000000,0.336234,-0.382128,-0.226515,0.136686,-0.368246,-0.228994,0.236460,-0.375187,-0.227754,0.209264,-0.411013,-0.194670,0.236287,-0.414225,-0.134698,0.261808,-0.408158,-0.191883
2026-08-05 17:53:19.593,250.899761,0.000000,0.000000,0.000000,0.335595,-0.377964,-0.225833,0.136046,-0.364083,-0.228313,0.235820,-0.371023,-0.227073,0.208551,-0.407865,-0.193956,0.235589,-0.410570,-0.134047,0.261168,-0.403994,-0.191201
2026-08-05 17:53:19.693,250.999761,0.000000,0.000000,0.000000,0.336554,-0.384209,-0.226855,0.137006,-0.370328,-0.229335,0.236780,-0.377269,-0.228095,0.209511,-0.414110,-0.194978,0.236203,-0.413680,-0.134152,0.261974,-0.411250,-0.192195
2026-08-05 17:53:19.793,251.099761,0.000000,0.000000,0.000000,0.336810,-0.383209,-0.226933,0.137006,-0.370328,-0.229335,0.236908,-0.376768,-0.228134,0.209511,-0.414110,-0.194978,0.236089,-0.414697,-0.134215,0.262127,-0.410240,-0.192223
2026-08-05 17:53:19.893,251.199760,0.000000,0.000000,0.000000,0.336234,-0.382128,-0.226515,0.136686,-0.368246,-0.228994,0.236460,-0.375187,-0.227754,0.209191,-0.412028,-0.194637,0.235769,-0.412616,-0.133874,0.261808,-0.408158,-0.191883
2026-08-05 17:53:19.993,251.299760,0.000000,0.000000,0.000000,0.336874,-0.386291,-0.227196,0.137326,-0.372410,-0.229676,0.237100,-0.379351,-0.228436,0.209831,-0.416192,-0.195319,0.236409,-0.416779,-0.134555,0.262447,-0.412322,-0.192564
2026-08-05 17:53:20.093,251.399760,0.000000,0.000000,0.000000,0.336970,-0.384250,-0.227104,0.137166,-0.371369,-0.229505,0.237068,-0.377809,-0.228304,0.209599,-0.416166,-0.195115,0.236384,-0.414685,-0.133608,0.262287,-0.411281,-0.192394
2026-08-05 17:53:20.193,251.499760,0.000000,0.000000,0.000000,0.337034,-0.387332,-0.227366,0.137486,-0.373451,-0.229846,0.237260,-0.380392,-0.228606,0.209991,-0.417233,-0.195489,0.236590,-0.417784,-0.134012,0.262760,-0.412352,-0.192763
2026-08-05 17:53:20.293,251.599760,0.000000,0.000000,0.000000,0.336970,-0.384250,-0.227104,0.137166,-0.371369,-0.229505,0.237068,-0.377809,-0.228304,0.209707,-0.414644,-0.195165,0.235671,-0.414637,-0.133590,0.262134,-0.412291,-0.192365
2026-08-05 17:53:20.393,251.699760,0.000000,0.000000,0.000000,0.337450,-0.387372,-0.227615,0.137646,-0.374492,-0.230016,0.237548,-0.380932,-0.228815,0.209437,-0.418227,-0.195641,0.235924,-0.419795,-0.134228,0.262767,-0.414403,-0.192905
2026-08-05 17:53:20.493,251.799760,0.000000,0.000000,0.000000,0.337130,-0.385290,-0.227274,0.137287,-0.371390,-0.229757,0.237208,-0.378340,-0.228516,0.209117,-0.416145,-0.195300,0.235626,-0.417678,-0.133175,0.262447,-0.412322,-0.192564
2026-08-05 17:53:20.593,251.899760,0.000000,0.000000,0.000000,0.336234,-0.382128,-0.226515,0.135927,-0.368196,-0.228974,0.236081,-0.375162,-0.227744,0.208477,-0.411981,-0.194619,0.234872,-0.414531,-0.132558,0.261808,-0.408158,-0.191883
2026-08-05 17:53:20.693,251.999760,0.000000,0.000000,0.000000,0.336554,-0.384209,-0.226855,0.137006,-0.370328,-0.229335,0.236780,-0.377269,-0.228095,0.208797,-0.414063,-0.194959,0.235306,-0.415596,-0.132834,0.262127,-0.410240,-0.192223
2026-08-05 17:53:20.793,252.099760,0.000000,0.000000,0.000000,0.337130,-0.385290,-0.227274,0.137326,-0.372410,-0.229676,0.237228,-0.378850,-0.228475,0.209117,-0.416145,-0.195300,0.235512,-0.418695,-0.133239,0.262447,-0.412322,-0.192564
2026-08-05 17:53:20.893,252.199759,0.000000,0.000000,0.000000,0.336234,-0.382128,-0.226515,0.136686,-0.368246,-0.228994,0.236460,-0.375187,-0.227754,0.208477,-0.411981,-0.194619,0.234872,-0.414531,-0.132558,0.261808,-0.408158,-0.191883
2026-08-05 17:53:20.993,252.299759,0.000000,0.000000,0.000000,0.336330,-0.380086,-0.226422,0.136526,-0.367206,-0.228824,0.236428,-0.373646,-0.227623,0.208317,-0.410940,-0.194448,0.234620,-0.414472,-0.131742,0.261648,-0.407117,-0.191712
2026-08-05 17:53:21.093,252.399759,0.000000,0.000000,0.000000,0.336650,-0.382168,-0.226763,0.136846,-0.369287,-0.229165,0.236748,-0.375728,-0.227964,0.208637,-0.413022,-0.194789,0.235053,-0.415536,-0.132017,0.261815,-0.410209,-0.192025
2026-08-05 17:53:21.193,252.499759,0.000000,0.000000,0.000000,0.336714,-0.385250,-0.227026,0.137166,-0.371369,-0.229505,0.236940,-0.378310,-0.228265,0.209028,-0.414089,-0.195163,0.235373,-0.417618,-0.132358,0.262134,-0.412291,-0.192365
2026-08-05 17:53:21.293,252.599759,0.000000,0.000000,0.000000,0.336810,-0.383209,-0.226933,0.136967,-0.369308,-0.229416,0.236888,-0.376259,-0.228175,0.208797,-0.414063,-0.194959,0.234392,-0.417548,-0.132235,0.262127,-0.410240,-0.192223
2026-08-05 17:53:21.393,252.699759,0.000000,0.000000,0.000000,0.337034,-0.387332,-0.227366,0.137486,-0.373451,-0.229846,0.237260,-0.380392,-0.228606,0.209277,-0.417186,-0.195471,0.234984,-0.419653,-0.132680,0.262607,-0.413363,-0.192734
2026-08-05 17:53:21.493,252.799759,0.000000,0.000000,0.000000,0.336970,-0.384250,-0.227104,0.137127,-0.370349,-0.229587,0.237048,-0.377299,-0.228345,0.208992,-0.414596,-0.195146,0.234551,-0.418589,-0.132405,0.262287,-0.411281,-0.192394
2026-08-05 17:53:21.593,252.899759,0.000000,0.000000,0.000000,0.336490,-0.381127,-0.226593,0.136686,-0.368246,-0.228994,0.236588,-0.374687,-0.227793,0.208477,-0.411981,-0.194619,0.234184,-0.414448,-0.131828,0.261808,-0.408158,-0.191883
2026-08-05 17:53:21.693,252.999759,0.000000,0.000000,0.000000,0.336970,-0.384250,-0.227104,0.137204,-0.372389,-0.229424,0.237087,-0.378319,-0.228264,0.208957,-0.415104,-0.195130,0.234551,-0.418589,-0.132405,0.262287,-0.411281,-0.192394
2026-08-05 17:53:21.793,253.099759,0.000000,0.000000,0.000000,0.336490,-0.381127,-0.226593,0.136686,-0.368246,-0.228994,0.236588,-0.374687,-0.227793,0.208477,-0.411981,-0.194619,0.234184,-0.414448,-0.131828,0.261655,-0.409168,-0.191854
2026-08-05 17:53:21.893,253.199759,0.000000,0.000000,0.000000,0.336970,-0.384250,-0.227104,0.137166,-0.371369,-0.229505,0.237068,-0.377809,-0.228304,0.208957,-0.415104,-0.195130,0.234551,-0.418589,-0.132405,0.262134,-0.412291,-0.192365
2026-08-05 17:53:21.993,253.299758,0.000000,0.000000,0.000000,0.336010,-0.378004,-0.226082,0.136245,-0.366143,-0.228402,0.236127,-0.372074,-0.227242,0.207997,-0.408858,-0.194108,0.233592,-0.412343,-0.131383,0.261328,-0.405035,-0.191371
2026-08-05 17:53:22.093,253.399758,0.000000,0.000000,0.000000,0.336010,-0.378004,-0.226082,0.136206,-0.365124,-0.228483,0.236108,-0.371564,-0.227282,0.207997,-0.408858,-0.194108,0.233592,-0.412343,-0.131383,0.261175,-0.406045,-0.191343
2026-08-05 17:53:22.193,253.499758,0.000000,0.000000,0.000000,0.336490,-0.381127,-0.226593,0.136686,-0.368246,-0.228994,0.236588,-0.374687,-0.227793,0.208477,-0.411981,-0.194619,0.233960,-0.416484,-0.131960,0.261808,-0.408158,-0.191883
2026-08-05 17:53:22.293,253.599758,0.000000,0.000000,0.000000,0.336490,-0.381127,-0.226593,0.136686,-0.368246,-0.228994,0.236588,-0.374687,-0.227793,0.208477,-0.411981,-0.194619,0.234149,-0.414921,-0.131151,0.261655,-0.409168,-0.191854
2026-08-05 17:53:22.393,253.699758,0.000000,0.000000,0.000000,0.336010,-0.378004,-0.226082,0.136245,-0.366143,-0.228402,0.236127,-0.372074,-0.227242,0.207997,-0.408858,-0.194108,0.233613,-0.412307,-0.130673,0.261175,-0.406045,-0.191343
2026-08-05 17:53:22.493,253.799758,0.000000,0.000000,0.000000,0.336745,-0.380126,-0.226671,0.136686,-0.368246,-0.228994,0.236716,-0.374186,-0.227832,0.208406,-0.412996,-0.194586,0.233980,-0.416448,-0.131251,0.261655,-0.409168,-0.191854
2026-08-05 17:53:22.593,253.899758,0.000000,0.000000,0.000000,0.336650,-0.382168,-0.226763,0.136846,-0.369287,-0.229165,0.236748,-0.375728,-0.227964,0.208566,-0.414037,-0.194756,0.234252,-0.416471,-0.131354,0.261815,-0.410209,-0.192025
2026-08-05 17:53:22.693,253.999758,0.000000,0.000000,0.000000,0.336650,-0.382168,-0.226763,0.136846,-0.369287,-0.229165,0.236748,-0.375728,-0.227964,0.208637,-0.413022,-0.194789,0.233544,-0.416424,-0.131336,0.261815,-0.410209,-0.192025
2026-08-05 17:53:22.793,254.099758,0.000000,0.000000,0.000000,0.337130,-0.385290,-0.227274,0.137326,-0.372410,-0.229676,0.237228,-0.378850,-0.228475,0.209117,-0.416145,-0.195300,0.233913,-0.420565,-0.131914,0.262447,-0.412322,-0.192564
2026-08-05 17:53:22.893,254.199758,0.000000,0.000000,0.000000,0.336970,-0.384250,-0.227104,0.137166,-0.371369,-0.229505,0.237068,-0.377809,-0.228304,0.208957,-0.415104,-0.195130,0.233864,-0.418506,-0.131677,0.262134,-0.412291,-0.192365
2026-08-05 17:53:22.993,254.299757,0.000000,0.000000,0.000000,0.336234,-0.382128,-0.226515,0.136686,-0.368246,-0.228994,0.236460,-0.375187,-0.227754,0.208477,-0.411981,-0.194619,0.233384,-0.415383,-0.131166,0.261655,-0.409168,-0.191854
2026-08-05 17:53:23.093,254.399757,0.000000,0.000000,0.000000,0.336650,-0.382168,-0.226763,0.136846,-0.369287,-0.229165,0.236748,-0.375728,-0.227964,0.207993,-0.411959,-0.194803,0.233655,-0.415406,-0.131269,0.261815,-0.410209,-0.192025
2026-08-05 17:53:23.193,254.499757,0.000000,0.000000,0.000000,0.335914,-0.380046,-0.226174,0.136366,-0.366165,-0.228654,0.236140,-0.373105,-0.227414,0.207443,-0.409852,-0.194259,0.233175,-0.412283,-0.130758,0.261335,-0.407086,-0.191514
2026-08-05 17:53:23.293,254.599757,0.000000,0.000000,0.000000,0.336490,-0.381127,-0.226593,0.136647,-0.367227,-0.229076,0.236568,-0.374177,-0.227834,0.207763,-0.411933,-0.194600,0.233273,-0.416401,-0.131232,0.261655,-0.409168,-0.191854
2026-08-05 17:53:23.393,254.699757,0.000000,0.000000,0.000000,0.336810,-0.383209,-0.226933,0.137006,-0.370328,-0.229335,0.236908,-0.376768,-0.228134,0.208153,-0.413000,-0.194974,0.233704,-0.417465,-0.131506,0.262541,-0.412308,-0.192185
2026-08-05 17:53:23.493,254.799757,0.000000,0.000000,0.000000,0.336394,-0.383169,-0.226685,0.136846,-0.369287,-0.229165,0.236620,-0.376228,-0.227925,0.207993,-0.411959,-0.194803,0.233655,-0.415406,-0.131269,0.261815,-0.410209,-0.192025
2026-08-05 17:53:23.593,254.899757,0.000000,0.000000,0.000000,0.337130,-0.385290,-0.227274,0.137287,-0.371390,-0.229757,0.237208,-0.378340,-0.228516,0.208403,-0.416097,-0.195282,0.233913,-0.420565,-0.131914,0.262294,-0.413332,-0.192536
2026-08-05 17:53:23.693,254.999757,0.000000,0.000000,0.000000,0.336330,-0.380086,-0.226422,0.136526,-0.367206,-0.228824,0.236428,-0.373646,-0.227623,0.207533,-0.411908,-0.194397,0.233224,-0.414342,-0.130995,0.261495,-0.408127,-0.191684
2026-08-05 17:53:23.793,255.099757,0.000000,0.000000,0.000000,0.336170,-0.379045,-0.226252,0.136366,-0.366165,-0.228654,0.236268,-0.372605,-0.227453,0.207373,-0.410867,-0.194227,0.233064,-0.413301,-0.130825,0.261335,-0.407086,-0.191514
2026-08-05 17:53:23.893,255.199757,0.000000,0.000000,0.000000,0.336554,-0.384209,-0.226855,0.137006,-0.370328,-0.229335,0.236780,-0.377269,-0.228095,0.208083,-0.414015,-0.194941,0.233593,-0.418483,-0.131573,0.261974,-0.411250,-0.192195
2026-08-05 17:53:23.993,255.299757,0.000000,0.000000,0.000000,0.335914,-0.380046,-0.226174,0.136405,-0.367184,-0.228572,0.236160,-0.373615,-0.227373,0.207513,-0.408836,-0.194292,0.233064,-0.413301,-0.130825,0.261335,-0.407086,-0.191514
2026-08-05 17:53:24.093,255.399756,0.000000,0.000000,0.000000,0.336970,-0.384250,-0.227104,0.137166,-0.371369,-0.229505,0.237068,-0.377809,-0.228304,0.208243,-0.415056,-0.195111,0.233996,-0.417452,-0.130899,0.262134,-0.412291,-0.192365
2026-08-05 17:53:24.193,255.499756,0.000000,0.000000,0.000000,0.336490,-0.381127,-0.226593,0.136686,-0.368246,-0.228994,0.236588,-0.374687,-0.227793,0.207693,-0.412949,-0.194567,0.233405,-0.415347,-0.130456,0.262221,-0.410226,-0.191845
2026-08-05 17:53:24.293,255.599756,0.000000,0.000000,0.000000,0.336970,-0.384250,-0.227104,0.137166,-0.371369,-0.229505,0.237068,-0.377809,-0.228304,0.208243,-0.415056,-0.195111,0.233885,-0.418470,-0.130967,0.262701,-0.413349,-0.192356
2026-08-05 17:53:24.393,255.699756,0.000000,0.000000,0.000000,0.336970,-0.384250,-0.227104,0.137127,-0.370349,-0.229587,0.237048,-0.377299,-0.228345,0.208243,-0.415056,-0.195111,0.233829,-0.418979,-0.131001,0.262722,-0.413312,-0.191634
2026-08-05 17:53:24.493,255.799756,0.000000,0.000000,0.000000,0.336330,-0.380086,-0.226422,0.136526,-0.367206,-0.228824,0.236428,-0.373646,-0.227623,0.207533,-0.411908,-0.194397,0.232426,-0.415277,-0.130335,0.262215,-0.408175,-0.191703
2026-08-05 17:53:24.593,255.899756,0.000000,0.000000,0.000000,0.336170,-0.379045,-0.226252,0.136366,-0.366165,-0.228654,0.236268,-0.372605,-0.227453,0.207373,-0.410867,-0.194227,0.232266,-0.414236,-0.130164,0.261923,-0.408108,-0.190783
2026-08-05 17:53:24.693,255.999756,0.000000,0.000000,0.000000,0.336010,-0.378004,-0.226082,0.136206,-0.365124,-0.228483,0.236108,-0.371564,-0.227282,0.207283,-0.408811,-0.194089,0.232127,-0.413159,-0.129285,0.261896,-0.406093,-0.191362
2026-08-05 17:53:24.793,256.099756,0.000000,0.000000,0.000000,0.335914,-0.380046,-0.226174,0.136327,-0.365145,-0.228735,0.236121,-0.372595,-0.227455,0.207373,-0.410867,-0.194227,0.232397,-0.413182,-0.129386,0.261923,-0.408108,-0.190783
2026-08-05 17:53:24.893,256.199756,0.000000,0.000000,0.000000,0.336074,-0.381087,-0.226344,0.136526,-0.367206,-0.228824,0.236300,-0.374146,-0.227584,0.206751,-0.412876,-0.194345,0.232557,-0.414223,-0.129557,0.262237,-0.408138,-0.190980
2026-08-05 17:53:24.993,256.299756,0.000000,0.000000,0.000000,0.336970,-0.384250,-0.227104,0.137204,-0.372389,-0.229424,0.237087,-0.378319,-0.228264,0.207460,-0.416024,-0.195060,0.233087,-0.419405,-0.130307,0.262877,-0.412302,-0.191662
2026-08-05 17:53:25.093,256.399755,0.000000,0.000000,0.000000,0.336810,-0.383209,-0.226933,0.137006,-0.370328,-0.229335,0.236908,-0.376768,-0.228134,0.207369,-0.413968,-0.194922,0.232349,-0.417263,-0.129339,0.262640,-0.411766,-0.191478
2026-08-05 17:53:25.193,256.499755,0.000000,0.000000,0.000000,0.336170,-0.379045,-0.226252,0.136366,-0.366165,-0.228654,0.236268,-0.372605,-0.227453,0.206660,-0.410820,-0.194208,0.231601,-0.414118,-0.128728,0.261923,-0.408108,-0.190783
2026-08-05 17:53:25.293,256.599755,0.000000,0.000000,0.000000,0.336074,-0.381087,-0.226344,0.136526,-0.367206,-0.228824,0.236300,-0.374146,-0.227584,0.206820,-0.411860,-0.194378,0.231761,-0.415159,-0.128899,0.262237,-0.408138,-0.190980
2026-08-05 17:53:25.393,256.699755,0.000000,0.000000,0.000000,0.336970,-0.384250,-0.227104,0.137127,-0.370349,-0.229587,0.237048,-0.377299,-0.228345,0.207460,-0.416024,-0.195060,0.232421,-0.419286,-0.128871,0.262877,-0.412302,-0.191662
2026-08-05 17:53:25.493,256.799755,0.000000,0.000000,0.000000,0.336810,-0.383209,-0.226933,0.137044,-0.371348,-0.229253,0.236927,-0.377278,-0.228093,0.207300,-0.414983,-0.194889,0.231554,-0.418199,-0.128682,0.262562,-0.412271,-0.191464
2026-08-05 17:53:25.593,256.899755,0.000000,0.000000,0.000000,0.336970,-0.384250,-0.227104,0.137127,-0.370349,-0.229587,0.237048,-0.377299,-0.228345,0.207391,-0.417040,-0.195027,0.231929,-0.417203,-0.128710,0.262722,-0.413312,-0.191634
2026-08-05 17:53:25.693,256.999755,0.000000,0.000000,0.000000,0.336010,-0.378004,-0.226082,0.136206,-0.365124,-0.228483,0.236108,-0.371564,-0.227282,0.206500,-0.409779,-0.194038,0.230991,-0.410921,-0.126977,0.261763,-0.407067,-0.190612
2026-08-05 17:53:25.793,257.099755,0.000000,0.000000,0.000000,0.337034,-0.387332,-0.227366,0.137486,-0.373451,-0.229846,0.237260,-0.380392,-0.228606,0.207780,-0.418106,-0.195400,0.232055,-0.421286,-0.128485,0.263762,-0.415442,-0.191994
2026-08-05 17:53:25.893,257.199755,0.000000,0.000000,0.000000,0.336714,-0.385250,-0.227026,0.137166,-0.371369,-0.229505,0.236940,-0.378310,-0.228265,0.207391,-0.417040,-0.195027,0.231155,-0.418102,-0.127343,0.262722,-0.413312,-0.191634
2026-08-05 17:53:25.993,257.299755,0.000000,0.000000,0.000000,0.336585,-0.379085,-0.226500,0.136487,-0.366186,-0.228905,0.236536,-0.372635,-0.227703,0.206751,-0.412876,-0.194345,0.230302,-0.415976,-0.126809,0.262802,-0.409196,-0.190972
2026-08-05 17:53:26.093,257.399755,0.000000,0.000000,0.000000,0.336554,-0.384209,-0.226855,0.137006,-0.370328,-0.229335,0.236780,-0.377269,-0.228095,0.207231,-0.415999,-0.194857,0.230888,-0.418080,-0.127246,0.263282,-0.412319,-0.191483
2026-08-05 17:53:26.193,257.499754,0.000000,0.000000,0.000000,0.336970,-0.384250,-0.227104,0.137127,-0.370349,-0.229587,0.237048,-0.377299,-0.228345,0.207391,-0.417040,-0.195027,0.231262,-0.417084,-0.127269,0.263597,-0.412350,-0.191681
2026-08-05 17:53:26.293,257.599754,0.000000,0.000000,0.000000,0.336714,-0.385250,-0.227026,0.137166,-0.371369,-0.229505,0.236940,-0.378310,-0.228265,0.207460,-0.416024,-0.195060,0.231069,-0.419085,-0.126708,0.263442,-0.413360,-0.191653
2026-08-05 17:53:26.393,257.699754,0.000000,0.000000,0.000000,0.337450,-0.387372,-0.227615,0.137646,-0.374492,-0.230016,0.237548,-0.380932,-0.228815,0.207871,-0.420162,-0.195538,0.231656,-0.421189,-0.127144,0.263922,-0.416483,-0.192164
2026-08-05 17:53:26.493,257.799754,0.000000,0.000000,0.000000,0.336810,-0.383209,-0.226933,0.137006,-0.370328,-0.229335,0.236908,-0.376768,-0.228134,0.207300,-0.414983,-0.194889,0.230413,-0.415960,-0.126369,0.263282,-0.412319,-0.191483
2026-08-05 17:53:26.593,257.899754,0.000000,0.000000,0.000000,0.336650,-0.382168,-0.226763,0.136846,-0.369287,-0.229165,0.236748,-0.375728,-0.227964,0.206359,-0.414910,-0.194668,0.230253,-0.414919,-0.126199,0.263122,-0.411278,-0.191313
2026-08-05 17:53:26.693,257.999754,0.000000,0.000000,0.000000,0.336170,-0.379045,-0.226252,0.136405,-0.367184,-0.228572,0.236287,-0.373115,-0.227412,0.205811,-0.412803,-0.194124,0.229773,-0.411796,-0.125688,0.262642,-0.408155,-0.190802
2026-08-05 17:53:26.793,258.099754,0.000000,0.000000,0.000000,0.336970,-0.384250,-0.227104,0.137166,-0.371369,-0.229505,0.237068,-0.377809,-0.228304,0.206679,-0.416992,-0.195008,0.230467,-0.418019,-0.126614,0.263442,-0.413360,-0.191653
2026-08-05 17:53:26.893,258.199754,0.000000,0.000000,0.000000,0.336490,-0.381127,-0.226593,0.136686,-0.368246,-0.228994,0.236588,-0.374687,-0.227793,0.206199,-0.413869,-0.194497,0.229882,-0.415915,-0.126178,0.262807,-0.411247,-0.191115
2026-08-05 17:53:26.993,258.299754,0.000000,0.000000,0.000000,0.336714,-0.385250,-0.227026,0.137166,-0.371369,-0.229505,0.236940,-0.378310,-0.228265,0.206679,-0.416992,-0.195008,0.230362,-0.419038,-0.126689,0.263287,-0.414370,-0.191626
2026-08-05 17:53:27.093,258.399754,0.000000,0.000000,0.000000,0.336490,-0.381127,-0.226593,0.136686,-0.368246,-0.228994,0.236588,-0.374687,-0.227793,0.206199,-0.413869,-0.194497,0.230199,-0.412859,-0.125954,0.262962,-0.410237,-0.191142
2026-08-05 17:53:27.193,258.499753,0.000000,0.000000,0.000000,0.336970,-0.384250,-0.227104,0.137166,-0.371369,-0.229505,0.237068,-0.377809,-0.228304,0.206679,-0.416992,-0.195008,0.230446,-0.418055,-0.127324,0.263442,-0.413360,-0.191653
2026-08-05 17:53:27.293,258.599753,0.000000,0.000000,0.000000,0.336490,-0.381127,-0.226593,0.136686,-0.368246,-0.228994,0.236588,-0.374687,-0.227793,0.206131,-0.414885,-0.194464,0.229861,-0.415951,-0.126887,0.262962,-0.410237,-0.191142
2026-08-05 17:53:27.393,258.699753,0.000000,0.000000,0.000000,0.336970,-0.384250,-0.227104,0.137127,-0.370349,-0.229587,0.237048,-0.377299,-0.228345,0.206611,-0.418008,-0.194975,0.230658,-0.416018,-0.127177,0.263442,-0.413360,-0.191653
2026-08-05 17:53:27.493,258.799753,0.000000,0.000000,0.000000,0.336810,-0.383209,-0.226933,0.137006,-0.370328,-0.229335,0.236908,-0.376768,-0.228134,0.206451,-0.416967,-0.194805,0.229473,-0.417986,-0.127209,0.263282,-0.412319,-0.191483
2026-08-05 17:53:27.593,258.899753,0.000000,0.000000,0.000000,0.336490,-0.381127,-0.226593,0.136647,-0.367227,-0.229076,0.236568,-0.374177,-0.227834,0.206199,-0.413869,-0.194497,0.229028,-0.416958,-0.127650,0.262962,-0.410237,-0.191142
2026-08-05 17:53:27.693,258.999753,0.000000,0.000000,0.000000,0.337130,-0.385290,-0.227274,0.137326,-0.372410,-0.229676,0.237228,-0.378850,-0.228475,0.206771,-0.419049,-0.195146,0.229877,-0.419085,-0.128186,0.263447,-0.415411,-0.191796
2026-08-05 17:53:27.793,259.099753,0.000000,0.000000,0.000000,0.336330,-0.380086,-0.226422,0.136526,-0.367206,-0.228824,0.236428,-0.373646,-0.227623,0.205903,-0.414859,-0.194261,0.229680,-0.414946,-0.127426,0.262647,-0.410206,-0.190945
2026-08-05 17:53:27.893,259.199753,0.000000,0.000000,0.000000,0.336650,-0.382168,-0.226763,0.136846,-0.369287,-0.229165,0.236748,-0.375728,-0.227964,0.206359,-0.414910,-0.194668,0.229979,-0.417064,-0.128475,0.262967,-0.412288,-0.191285
2026-08-05 17:53:27.993,259.299753,0.000000,0.000000,0.000000,0.336554,-0.384209,-0.226855,0.136967,-0.369308,-0.229416,0.236761,-0.376759,-0.228136,0.206451,-0.416967,-0.194805,0.230245,-0.417086,-0.128574,0.263127,-0.413329,-0.191456
2026-08-05 17:53:28.093,259.399753,0.000000,0.000000,0.000000,0.336490,-0.381127,-0.226593,0.136686,-0.368246,-0.228994,0.236588,-0.374687,-0.227793,0.206063,-0.415900,-0.194432,0.229798,-0.416058,-0.129014,0.262807,-0.411247,-0.191115
2026-08-05 17:53:28.193,259.499753,0.000000,0.000000,0.000000,0.336490,-0.381127,-0.226593,0.136725,-0.369266,-0.228913,0.236607,-0.375197,-0.227753,0.206131,-0.414885,-0.194464,0.229798,-0.416058,-0.129014,0.262807,-0.411247,-0.191115
2026-08-05 17:53:28.293,259.599752,0.000000,0.000000,0.000000,0.336490,-0.381127,-0.226593,0.136725,-0.369266,-0.228913,0.236607,-0.375197,-0.227753,0.206131,-0.414885,-0.194464,0.229672,-0.417113,-0.129792,0.262243,-0.410190,-0.191123
2026-08-05 17:53:28.393,259.699752,0.000000,0.000000,0.000000,0.336650,-0.382168,-0.226763,0.136846,-0.369287,-0.229165,0.236748,-0.375728,-0.227964,0.206338,-0.414946,-0.195381,0.230624,-0.417218,-0.130620,0.262248,-0.412241,-0.191267
2026-08-05 17:53:28.493,259.799752,0.000000,0.000000,0.000000,0.337194,-0.388373,-0.227537,0.137646,-0.374492,-0.230016,0.237420,-0.381433,-0.228776,0.207138,-0.420151,-0.196233,0.231424,-0.422423,-0.131472,0.262873,-0.418492,-0.192810
2026-08-05 17:53:28.593,259.899752,0.000000,0.000000,0.000000,0.336234,-0.382128,-0.226515,0.136686,-0.368246,-0.228994,0.236460,-0.375187,-0.227754,0.206131,-0.414885,-0.194464,0.231366,-0.414224,-0.131043,0.262067,-0.411236,-0.191816
2026-08-05 17:53:28.693,259.999752,0.000000,0.000000,0.000000,0.336330,-0.380086,-0.226422,0.136526,-0.367206,-0.228824,0.236428,-0.373646,-0.227623,0.205950,-0.413880,-0.195006,0.230970,-0.415255,-0.131716,0.261753,-0.411205,-0.191618
2026-08-05 17:53:28.793,260.099752,0.000000,0.000000,0.000000,0.336330,-0.380086,-0.226422,0.136526,-0.367206,-0.228824,0.236428,-0.373646,-0.227623,0.205950,-0.413880,-0.195006,0.231786,-0.414284,-0.131668,0.261907,-0.410195,-0.191646
2026-08-05 17:53:28.893,260.199752,0.000000,0.000000,0.000000,0.336810,-0.383209,-0.226933,0.137006,-0.370328,-0.229335,0.236908,-0.376768,-0.228134,0.206430,-0.417003,-0.195517,0.231973,-0.419987,-0.133051,0.262387,-0.413318,-0.192157
2026-08-05 17:53:28.993,260.299752,0.000000,0.000000,0.000000,0.336810,-0.383209,-0.226933,0.137006,-0.370328,-0.229335,0.236908,-0.376768,-0.228134,0.206430,-0.417003,-0.195517,0.232734,-0.419525,-0.133037,0.262387,-0.413318,-0.192157
2026-08-05 17:53:29.093,260.399752,0.000000,0.000000,0.000000,0.337130,-0.385290,-0.227274,0.137326,-0.372410,-0.229676,0.237228,-0.378850,-0.228475,0.206682,-0.420100,-0.195824,0.233033,-0.421643,-0.134086,0.262707,-0.415400,-0.192498
2026-08-05 17:53:29.193,260.499752,0.000000,0.000000,0.000000,0.336490,-0.381127,-0.226593,0.136686,-0.368246,-0.228994,0.236588,-0.374687,-0.227793,0.206042,-0.415936,-0.195143,0.232503,-0.416461,-0.133341,0.261196,-0.412198,-0.191769
2026-08-05 17:53:29.293,260.599751,0.000000,0.000000,0.000000,0.336650,-0.382168,-0.226763,0.136846,-0.369287,-0.229165,0.236748,-0.375728,-0.227964,0.206270,-0.415962,-0.195347,0.233349,-0.417585,-0.134238,0.261509,-0.412229,-0.191968
2026-08-05 17:53:29.393,260.699751,0.000000,0.000000,0.000000,0.336650,-0.382168,-0.226763,0.136846,-0.369287,-0.229165,0.236748,-0.375728,-0.227964,0.206270,-0.415962,-0.195347,0.233349,-0.417585,-0.134238,0.261509,-0.412229,-0.191968
2026-08-05 17:53:29.493,260.799751,0.000000,0.000000,0.000000,0.336234,-0.382128,-0.226515,0.136686,-0.368246,-0.228994,0.236460,-0.375187,-0.227754,0.206890,-0.413953,-0.195229,0.233897,-0.416591,-0.134086,0.261196,-0.412198,-0.191769
2026-08-05 17:53:29.593,260.899751,0.000000,0.000000,0.000000,0.336650,-0.382168,-0.226763,0.136807,-0.368268,-0.229246,0.236728,-0.375218,-0.228005,0.207050,-0.414994,-0.195399,0.234036,-0.417668,-0.134966,0.261356,-0.413239,-0.191940
2026-08-05 17:53:29.693,260.999751,0.000000,0.000000,0.000000,0.336554,-0.384209,-0.226855,0.137006,-0.370328,-0.229335,0.236780,-0.377269,-0.228095,0.207210,-0.416035,-0.195570,0.234420,-0.416674,-0.135013,0.261516,-0.414280,-0.192110
2026-08-05 17:53:29.793,261.099751,0.000000,0.000000,0.000000,0.336330,-0.380086,-0.226422,0.136526,-0.367206,-0.228824,0.236428,-0.373646,-0.227623,0.206799,-0.411897,-0.195093,0.234516,-0.414652,-0.135292,0.261189,-0.410147,-0.191627
2026-08-05 17:53:29.893,261.199751,0.000000,0.000000,0.000000,0.336490,-0.381127,-0.226593,0.136686,-0.368246,-0.228994,0.236588,-0.374687,-0.227793,0.206890,-0.413953,-0.195229,0.234789,-0.414675,-0.135402,0.261349,-0.411188,-0.191798
2026-08-05 17:53:29.993,261.299751,0.000000,0.000000,0.000000,0.336394,-0.383169,-0.226685,0.136846,-0.369287,-0.229165,0.236620,-0.376228,-0.227925,0.207050,-0.414994,-0.195399,0.235544,-0.416781,-0.135651,0.261356,-0.413239,-0.191940
2026-08-05 17:53:30.093,261.399751,0.000000,0.000000,0.000000,0.336330,-0.380086,-0.226422,0.136526,-0.367206,-0.228824,0.236428,-0.373646,-0.227623,0.206730,-0.412912,-0.195059,0.235432,-0.412700,-0.135903,0.261189,-0.410147,-0.191627
2026-08-05 17:53:30.193,261.499751,0.000000,0.000000,0.000000,0.335595,-0.377964,-0.225833,0.136085,-0.365103,-0.228231,0.235840,-0.371533,-0.227032,0.206340,-0.408738,-0.193867,0.234838,-0.410594,-0.135450,0.260709,-0.407025,-0.191116
2026-08-05 17:53:30.293,261.599751,0.000000,0.000000,0.000000,0.336810,-0.383209,-0.226933,0.137006,-0.370328,-0.229335,0.236908,-0.376768,-0.228134,0.207210,-0.416035,-0.195570,0.236486,-0.416923,-0.137202,0.261516,-0.414280,-0.192110
2026-08-05 17:53:30.393,261.699750,0.000000,0.000000,0.000000,0.336810,-0.383209,-0.226933,0.137044,-0.371348,-0.229253,0.236927,-0.377278,-0.228093,0.207992,-0.415067,-0.195622,0.236465,-0.416959,-0.137913,0.260950,-0.413222,-0.192119
2026-08-05 17:53:30.493,261.799750,0.000000,0.000000,0.000000,0.336330,-0.380086,-0.226422,0.136526,-0.367206,-0.228824,0.236428,-0.373646,-0.227623,0.207512,-0.411944,-0.195111,0.236579,-0.414900,-0.137477,0.260470,-0.410100,-0.191608
2026-08-05 17:53:30.593,261.899750,0.000000,0.000000,0.000000,0.336074,-0.381087,-0.226344,0.136526,-0.367206,-0.228824,0.236300,-0.374146,-0.227584,0.207512,-0.411944,-0.195111,0.236674,-0.413919,-0.138132,0.260622,-0.409089,-0.191637
2026-08-05 17:53:30.693,261.999750,0.000000,0.000000,0.000000,0.336810,-0.383209,-0.226933,0.137006,-0.370328,-0.229335,0.236908,-0.376768,-0.228134,0.208062,-0.414052,-0.195656,0.237154,-0.417042,-0.138643,0.260950,-0.413222,-0.192119
2026-08-05 17:53:30.793,262.099750,0.000000,0.000000,0.000000,0.336970,-0.384250,-0.227104,0.137166,-0.371369,-0.229505,0.237068,-0.377809,-0.228304,0.208152,-0.416108,-0.195793,0.238120,-0.417149,-0.139488,0.261110,-0.414263,-0.192290
2026-08-05 17:53:30.893,262.199750,0.000000,0.000000,0.000000,0.336650,-0.382168,-0.226763,0.136884,-0.370307,-0.229083,0.236767,-0.376237,-0.227923,0.207832,-0.414026,-0.195452,0.237800,-0.415067,-0.139148,0.260942,-0.411171,-0.191977
2026-08-05 17:53:30.993,262.299750,0.000000,0.000000,0.000000,0.336490,-0.381127,-0.226593,0.136686,-0.368246,-0.228994,0.236588,-0.374687,-0.227793,0.207672,-0.412985,-0.195282,0.237619,-0.414063,-0.139690,0.260782,-0.410130,-0.191807
2026-08-05 17:53:31.093,262.399750,0.000000,0.000000,0.000000,0.336490,-0.381127,-0.226593,0.136686,-0.368246,-0.228994,0.236588,-0.374687,-0.227793,0.207672,-0.412985,-0.195282,0.238309,-0.414146,-0.140420,0.260761,-0.410167,-0.192528
2026-08-05 17:53:31.193,262.499750,0.000000,0.000000,0.000000,0.336010,-0.378004,-0.226082,0.136245,-0.366143,-0.228402,0.236127,-0.372074,-0.227242,0.207122,-0.410877,-0.194737,0.237829,-0.411023,-0.139909,0.260129,-0.408054,-0.191988
2026-08-05 17:53:31.293,262.599750,0.000000,0.000000,0.000000,0.336330,-0.380086,-0.226422,0.136565,-0.368225,-0.228742,0.236447,-0.374156,-0.227582,0.207512,-0.411944,-0.195111,0.238959,-0.412172,-0.140930,0.260449,-0.410136,-0.192329
2026-08-05 17:53:31.393,262.699749,0.000000,0.000000,0.000000,0.336490,-0.381127,-0.226593,0.136686,-0.368246,-0.228994,0.236588,-0.374687,-0.227793,0.207602,-0.414000,-0.195248,0.239238,-0.412196,-0.141049,0.260609,-0.411177,-0.192499
2026-08-05 17:53:31.493,262.799749,0.000000,0.000000,0.000000,0.336554,-0.384209,-0.226855,0.136967,-0.369308,-0.229416,0.236761,-0.376759,-0.228136,0.207922,-0.416082,-0.195588,0.240250,-0.414361,-0.142123,0.260929,-0.413259,-0.192840
2026-08-05 17:53:31.593,262.899749,0.000000,0.000000,0.000000,0.336650,-0.382168,-0.226763,0.136846,-0.369287,-0.229165,0.236748,-0.375728,-0.227964,0.207762,-0.415041,-0.195418,0.240069,-0.413357,-0.142667,0.260921,-0.411208,-0.192699
2026-08-05 17:53:31.693,262.999749,0.000000,0.000000,0.000000,0.336330,-0.380086,-0.226422,0.136526,-0.367206,-0.228824,0.236428,-0.373646,-0.227623,0.208154,-0.413007,-0.195096,0.239749,-0.411275,-0.142326,0.260601,-0.409126,-0.192358
2026-08-05 17:53:31.793,263.099749,0.000000,0.000000,0.000000,0.335754,-0.379005,-0.226004,0.136206,-0.365124,-0.228483,0.235980,-0.372064,-0.227243,0.207813,-0.410961,-0.195469,0.240142,-0.409240,-0.142004,0.260129,-0.408054,-0.191988
2026-08-05 17:53:31.893,263.199749,0.000000,0.000000,0.000000,0.336074,-0.381087,-0.226344,0.136526,-0.367206,-0.228824,0.236300,-0.374146,-0.227584,0.208133,-0.413043,-0.195809,0.240441,-0.411358,-0.143059,0.260601,-0.409126,-0.192358
2026-08-05 17:53:31.993,263.299749,0.000000,0.000000,0.000000,0.336970,-0.384250,-0.227104,0.137166,-0.371369,-0.229505,0.237068,-0.377809,-0.228304,0.208844,-0.416191,-0.196526,0.241060,-0.415558,-0.144455,0.261240,-0.413290,-0.193039
2026-08-05 17:53:32.093,263.399749,0.000000,0.000000,0.000000,0.336554,-0.384209,-0.226855,0.137006,-0.370328,-0.229335,0.236780,-0.377269,-0.228095,0.208684,-0.415150,-0.196355,0.240900,-0.414517,-0.144285,0.261081,-0.412249,-0.192869
2026-08-05 17:53:32.193,263.499749,0.000000,0.000000,0.000000,0.336874,-0.386291,-0.227196,0.137326,-0.372410,-0.229676,0.237100,-0.379351,-0.228436,0.208932,-0.418247,-0.196661,0.241912,-0.416682,-0.145358,0.261400,-0.414330,-0.193210
2026-08-05 17:53:32.293,263.599749,0.000000,0.000000,0.000000,0.336234,-0.382128,-0.226515,0.136725,-0.369266,-0.228913,0.236479,-0.375697,-0.227714,0.208222,-0.415099,-0.195944,0.241149,-0.413535,-0.144722,0.260609,-0.411177,-0.192499
2026-08-05 17:53:32.393,263.699749,0.000000,0.000000,0.000000,0.336650,-0.382168,-0.226763,0.136807,-0.368268,-0.229246,0.236728,-0.375218,-0.228005,0.208453,-0.415124,-0.196150,0.241309,-0.414576,-0.144893,0.260769,-0.412218,-0.192669
2026-08-05 17:53:32.493,263.799748,0.000000,0.000000,0.000000,0.336970,-0.384250,-0.227104,0.137166,-0.371369,-0.229505,0.237068,-0.377809,-0.228304,0.208701,-0.418221,-0.196455,0.241731,-0.415678,-0.145903,0.261240,-0.413290,-0.193039
2026-08-05 17:53:32.593,263.899748,0.000000,0.000000,0.000000,0.336810,-0.383209,-0.226933,0.136967,-0.369308,-0.229416,0.236888,-0.376259,-0.228175,0.208613,-0.416165,-0.196320,0.241448,-0.415653,-0.145776,0.261081,-0.412249,-0.192869
2026-08-05 17:53:32.693,263.999748,0.000000,0.000000,0.000000,0.335754,-0.379005,-0.226004,0.136206,-0.365124,-0.228483,0.235980,-0.372064,-0.227243,0.207884,-0.409946,-0.195504,0.240771,-0.409432,-0.144881,0.260129,-0.408054,-0.191988
2026-08-05 17:53:32.793,264.099748,0.000000,0.000000,0.000000,0.336234,-0.382128,-0.226515,0.136686,-0.368246,-0.228994,0.236460,-0.375187,-0.227754,0.208293,-0.414083,-0.195980,0.241251,-0.412555,-0.145392,0.260761,-0.410167,-0.192528
2026-08-05 17:53:32.893,264.199748,0.000000,0.000000,0.000000,0.336074,-0.381087,-0.226344,0.136526,-0.367206,-0.228824,0.236300,-0.374146,-0.227584,0.208062,-0.414058,-0.195774,0.241091,-0.411514,-0.145221,0.260601,-0.409126,-0.192358
2026-08-05 17:53:32.993,264.299748,0.000000,0.000000,0.000000,0.336330,-0.380086,-0.226422,0.136526,-0.367206,-0.228824,0.236428,-0.373646,-0.227623,0.208917,-0.412075,-0.195863,0.241091,-0.411514,-0.145221,0.259881,-0.409078,-0.192339
2026-08-05 17:53:33.093,264.399748,0.000000,0.000000,0.000000,0.336905,-0.381167,-0.226841,0.136846,-0.369287,-0.229165,0.236876,-0.375227,-0.228003,0.209165,-0.415172,-0.196169,0.241411,-0.413596,-0.145562,0.260201,-0.411160,-0.192680
2026-08-05 17:53:33.193,264.499748,0.000000,0.000000,0.000000,0.336330,-0.380086,-0.226422,0.136526,-0.367206,-0.228824,0.236428,-0.373646,-0.227623,0.208845,-0.413090,-0.195828,0.241091,-0.411514,-0.145221,0.259881,-0.409078,-0.192339
2026-08-05 17:53:33.293,264.599748,0.000000,0.000000,0.000000,0.336810,-0.383209,-0.226933,0.137006,-0.370328,-0.229335,0.236908,-0.376768,-0.228134,0.209418,-0.415162,-0.195660,0.240858,-0.414589,-0.145714,0.260361,-0.412201,-0.192850
2026-08-05 17:53:33.393,264.699748,0.000000,0.000000,0.000000,0.336970,-0.384250,-0.227104,0.136407,-0.371319,-0.229485,0.236688,-0.377784,-0.228295,0.209578,-0.416202,-0.195830,0.241139,-0.414614,-0.145840,0.260521,-0.413242,-0.193021
2026-08-05 17:53:33.493,264.799747,0.000000,0.000000,0.000000,0.336810,-0.383209,-0.226933,0.137006,-0.370328,-0.229335,0.236908,-0.376768,-0.228134,0.210131,-0.415209,-0.195678,0.240979,-0.413573,-0.145669,0.260511,-0.411191,-0.192880
2026-08-05 17:53:33.593,264.899747,0.000000,0.000000,0.000000,0.336970,-0.384250,-0.227104,0.137166,-0.371369,-0.229505,0.237068,-0.377809,-0.228304,0.210364,-0.415235,-0.195883,0.241018,-0.415630,-0.145884,0.260671,-0.412231,-0.193050
2026-08-05 17:53:33.693,264.999747,0.000000,0.000000,0.000000,0.336650,-0.382168,-0.226763,0.136807,-0.368268,-0.229246,0.236728,-0.375218,-0.228005,0.210044,-0.413153,-0.195542,0.240820,-0.412532,-0.145499,0.260352,-0.410150,-0.192709
2026-08-05 17:53:33.793,265.099747,0.000000,0.000000,0.000000,0.336874,-0.386291,-0.227196,0.137326,-0.372410,-0.229676,0.237100,-0.379351,-0.228436,0.210597,-0.415261,-0.196087,0.241299,-0.415655,-0.146010,0.260831,-0.413272,-0.193220
2026-08-05 17:53:33.893,265.199747,0.000000,0.000000,0.000000,0.337290,-0.386331,-0.227444,0.137524,-0.374471,-0.229764,0.237407,-0.380401,-0.228604,0.210611,-0.418332,-0.196189,0.241459,-0.416696,-0.146180,0.260991,-0.414313,-0.193391
2026-08-05 17:53:33.993,265.299747,0.000000,0.000000,0.000000,0.337130,-0.385290,-0.227274,0.137364,-0.373430,-0.229594,0.237247,-0.379360,-0.228434,0.211238,-0.416323,-0.196072,0.241299,-0.415655,-0.146010,0.260831,-0.413272,-0.193220
2026-08-05 17:53:34.093,265.399747,0.000000,0.000000,0.000000,0.337290,-0.386331,-0.227444,0.137486,-0.373451,-0.229846,0.237388,-0.379891,-0.228645,0.210684,-0.417317,-0.196223,0.241459,-0.416696,-0.146180,0.260991,-0.414313,-0.193391
2026-08-05 17:53:34.193,265.499747,0.000000,0.000000,0.000000,0.336970,-0.384250,-0.227104,0.137166,-0.371369,-0.229505,0.237068,-0.377809,-0.228304,0.211078,-0.415282,-0.195901,0.241139,-0.414614,-0.145840,0.260671,-0.412231,-0.193050
2026-08-05 17:53:34.293,265.599747,0.000000,0.000000,0.000000,0.336650,-0.382168,-0.226763,0.136846,-0.369287,-0.229165,0.236748,-0.375728,-0.227964,0.210118,-0.412138,-0.195576,0.240820,-0.412532,-0.145499,0.260352,-0.410150,-0.192709
2026-08-05 17:53:34.393,265.699747,0.000000,0.000000,0.000000,0.336330,-0.380086,-0.226422,0.136526,-0.367206,-0.228824,0.236428,-0.373646,-0.227623,0.209651,-0.412086,-0.195167,0.240500,-0.410450,-0.145158,0.260032,-0.408068,-0.192369
2026-08-05 17:53:34.493,265.799747,0.000000,0.000000,0.000000,0.336490,-0.381127,-0.226593,0.136686,-0.368246,-0.228994,0.236588,-0.374687,-0.227793,0.209958,-0.411097,-0.195406,0.240660,-0.411491,-0.145329,0.260192,-0.409109,-0.192539
2026-08-05 17:53:34.593,265.899746,0.000000,0.000000,0.000000,0.336554,-0.384209,-0.226855,0.137006,-0.370328,-0.229335,0.236780,-0.377269,-0.228095,0.210204,-0.414194,-0.195712,0.240979,-0.413573,-0.145669,0.260511,-0.411191,-0.192880
2026-08-05 17:53:34.693,265.999746,0.000000,0.000000,0.000000,0.336970,-0.384250,-0.227104,0.137166,-0.371369,-0.229505,0.237068,-0.377809,-0.228304,0.210438,-0.414220,-0.195917,0.241118,-0.414650,-0.146555,0.260671,-0.412231,-0.193050
2026-08-05 17:53:34.793,266.099746,0.000000,0.000000,0.000000,0.337034,-0.387332,-0.227366,0.137524,-0.374471,-0.229764,0.237279,-0.380902,-0.228565,0.210684,-0.417317,-0.196223,0.241438,-0.416732,-0.146896,0.260991,-0.414313,-0.193391
2026-08-05 17:53:34.893,266.199746,0.000000,0.000000,0.000000,0.335914,-0.380046,-0.226174,0.136366,-0.366165,-0.228654,0.236140,-0.373105,-0.227414,0.209491,-0.411045,-0.194997,0.240319,-0.409446,-0.145704,0.259721,-0.408037,-0.192169
2026-08-05 17:53:34.993,266.299746,0.000000,0.000000,0.000000,0.336554,-0.384209,-0.226855,0.137006,-0.370328,-0.229335,0.236780,-0.377269,-0.228095,0.210110,-0.415245,-0.196393,0.240244,-0.413562,-0.146366,0.260511,-0.411191,-0.192880
2026-08-05 17:53:35.093,266.399746,0.000000,0.000000,0.000000,0.336810,-0.383209,-0.226933,0.137006,-0.370328,-0.229335,0.236908,-0.376768,-0.228134,0.210183,-0.414230,-0.196428,0.240124,-0.414578,-0.146410,0.260511,-0.411191,-0.192880
2026-08-05 17:53:35.193,266.499746,0.000000,0.000000,0.000000,0.337290,-0.386331,-0.227444,0.137447,-0.372431,-0.229928,0.237368,-0.379381,-0.228686,0.210590,-0.418368,-0.196904,0.240604,-0.417701,-0.146921,0.260991,-0.414313,-0.193391
2026-08-05 17:53:35.293,266.599746,0.000000,0.000000,0.000000,0.336810,-0.383209,-0.226933,0.137006,-0.370328,-0.229335,0.236908,-0.376768,-0.228134,0.210110,-0.415245,-0.196393,0.240145,-0.414542,-0.145695,0.260662,-0.410180,-0.192909
2026-08-05 17:53:35.393,266.699746,0.000000,0.000000,0.000000,0.336330,-0.380086,-0.226422,0.136526,-0.367206,-0.228824,0.236428,-0.373646,-0.227623,0.209703,-0.411107,-0.195917,0.239665,-0.411419,-0.145184,0.260032,-0.408068,-0.192369
2026-08-05 17:53:35.493,266.799746,0.000000,0.000000,0.000000,0.337290,-0.386331,-0.227444,0.137486,-0.373451,-0.229846,0.237388,-0.379891,-0.228645,0.210663,-0.417353,-0.196939,0.239912,-0.417617,-0.146188,0.261067,-0.413808,-0.193405
2026-08-05 17:53:35.593,266.899745,0.000000,0.000000,0.000000,0.336650,-0.382168,-0.226763,0.136846,-0.369287,-0.229165,0.236748,-0.375728,-0.227964,0.209950,-0.414204,-0.196222,0.239174,-0.414434,-0.144837,0.260352,-0.410150,-0.192709
2026-08-05 17:53:35.693,266.999745,0.000000,0.000000,0.000000,0.336970,-0.384250,-0.227104,0.137166,-0.371369,-0.229505,0.237068,-0.377809,-0.228304,0.210343,-0.415271,-0.196598,0.238900,-0.415452,-0.145114,0.260671,-0.412231,-0.193050
2026-08-05 17:53:35.793,267.099745,0.000000,0.000000,0.000000,0.336234,-0.382128,-0.226515,0.136686,-0.368246,-0.228994,0.236460,-0.375187,-0.227754,0.209863,-0.412148,-0.196087,0.238302,-0.413345,-0.144648,0.260342,-0.408098,-0.192568
2026-08-05 17:53:35.893,267.199745,0.000000,0.000000,0.000000,0.336650,-0.382168,-0.226763,0.136807,-0.368268,-0.229246,0.236728,-0.375218,-0.228005,0.210023,-0.413189,-0.196258,0.238364,-0.415367,-0.144152,0.260502,-0.409139,-0.192739
2026-08-05 17:53:35.993,267.299745,0.000000,0.000000,0.000000,0.336810,-0.383209,-0.226933,0.137006,-0.370328,-0.229335,0.236908,-0.376768,-0.228134,0.210256,-0.413215,-0.196463,0.238643,-0.415391,-0.144276,0.260662,-0.410180,-0.192909
2026-08-05 17:53:36.093,267.399745,0.000000,0.000000,0.000000,0.336970,-0.384250,-0.227104,0.137166,-0.371369,-0.229505,0.237068,-0.377809,-0.228304,0.210343,-0.415271,-0.196598,0.238824,-0.416396,-0.143733,0.260822,-0.411221,-0.193079
2026-08-05 17:53:36.193,267.499745,0.000000,0.000000,0.000000,0.336490,-0.381127,-0.226593,0.136686,-0.368246,-0.228994,0.236588,-0.374687,-0.227793,0.209863,-0.412148,-0.196087,0.238344,-0.413273,-0.143221,0.260342,-0.408098,-0.192568
2026-08-05 17:53:36.293,267.599745,0.000000,0.000000,0.000000,0.336810,-0.383209,-0.226933,0.137006,-0.370328,-0.229335,0.236908,-0.376768,-0.228134,0.210256,-0.413215,-0.196463,0.238566,-0.416336,-0.142898,0.260662,-0.410180,-0.192909
2026-08-05 17:53:36.393,267.699745,0.000000,0.000000,0.000000,0.336074,-0.381087,-0.226344,0.136526,-0.367206,-0.228824,0.236300,-0.374146,-0.227584,0.209703,-0.411107,-0.195917,0.238205,-0.412196,-0.142338,0.260182,-0.407057,-0.192398
2026-08-05 17:53:36.493,267.799745,0.000000,0.000000,0.000000,0.336554,-0.384209,-0.226855,0.137006,-0.370328,-0.229335,0.236780,-0.377269,-0.228095,0.210183,-0.414230,-0.196428,0.238685,-0.415319,-0.142849,0.260511,-0.411191,-0.192880
2026-08-05 17:53:36.593,267.899745,0.000000,0.000000,0.000000,0.336714,-0.385250,-0.227026,0.137166,-0.371369,-0.229505,0.236940,-0.378310,-0.228265,0.210343,-0.415271,-0.196598,0.238866,-0.416324,-0.142306,0.260822,-0.411221,-0.193079
2026-08-05 17:53:36.693,267.999744,0.000000,0.000000,0.000000,0.336714,-0.385250,-0.227026,0.137166,-0.371369,-0.229505,0.236940,-0.378310,-0.228265,0.210343,-0.415271,-0.196598,0.238984,-0.415308,-0.142256,0.260822,-0.411221,-0.193079
2026-08-05 17:53:36.793,268.099744,0.000000,0.000000,0.000000,0.336010,-0.378004,-0.226082,0.136245,-0.366143,-0.228402,0.236127,-0.372074,-0.227242,0.209383,-0.409025,-0.195576,0.237787,-0.411095,-0.141334,0.259862,-0.404976,-0.192057
2026-08-05 17:53:36.893,268.199744,0.000000,0.000000,0.000000,0.336234,-0.382128,-0.226515,0.136725,-0.369266,-0.228913,0.236479,-0.375697,-0.227714,0.209863,-0.412148,-0.196087,0.238407,-0.413165,-0.141081,0.260342,-0.408098,-0.192568
2026-08-05 17:53:36.993,268.299744,0.000000,0.000000,0.000000,0.336714,-0.385250,-0.227026,0.137166,-0.371369,-0.229505,0.236940,-0.378310,-0.228265,0.210343,-0.415271,-0.196598,0.238886,-0.416288,-0.141593,0.260973,-0.410211,-0.193109
2026-08-05 17:53:37.093,268.399744,0.000000,0.000000,0.000000,0.336234,-0.382128,-0.226515,0.136686,-0.368246,-0.228994,0.236460,-0.375187,-0.227754,0.209937,-0.411133,-0.196122,0.238309,-0.414146,-0.140420,0.260342,-0.408098,-0.192568
2026-08-05 17:53:37.193,268.499744,0.000000,0.000000,0.000000,0.336074,-0.381087,-0.226344,0.136526,-0.367206,-0.228824,0.236300,-0.374146,-0.227584,0.209630,-0.412122,-0.195882,0.238268,-0.412088,-0.140198,0.260333,-0.406047,-0.192427
2026-08-05 17:53:37.293,268.599744,0.000000,0.000000,0.000000,0.335850,-0.376963,-0.225911,0.136046,-0.364083,-0.228313,0.235948,-0.370523,-0.227112,0.209150,-0.408999,-0.195371,0.237809,-0.408929,-0.138973,0.259853,-0.402924,-0.191916
2026-08-05 17:53:37.393,268.699744,0.000000,0.000000,0.000000,0.336810,-0.383209,-0.226933,0.137006,-0.370328,-0.229335,0.236908,-0.376768,-0.228134,0.210256,-0.413215,-0.196463,0.238650,-0.416192,-0.140049,0.261384,-0.410228,-0.192928
2026-08-05 17:53:37.493,268.799744,0.000000,0.000000,0.000000,0.336554,-0.384209,-0.226855,0.137006,-0.370328,-0.229335,0.236780,-0.377269,-0.228095,0.210204,-0.414194,-0.195712,0.238057,-0.415128,-0.139977,0.261384,-0.410228,-0.192928
2026-08-05 17:53:37.593,268.899744,0.000000,0.000000,0.000000,0.336970,-0.384250,-0.227104,0.137166,-0.371369,-0.229505,0.237068,-0.377809,-0.228304,0.210364,-0.415235,-0.195883,0.238355,-0.415116,-0.139380,0.261696,-0.410259,-0.193128
2026-08-05 17:53:37.693,268.999743,0.000000,0.000000,0.000000,0.336970,-0.384250,-0.227104,0.137166,-0.371369,-0.229505,0.237068,-0.377809,-0.228304,0.210364,-0.415235,-0.195883,0.238238,-0.416133,-0.139434,0.261544,-0.411269,-0.193098
2026-08-05 17:53:37.793,269.099743,0.000000,0.000000,0.000000,0.336234,-0.382128,-0.226515,0.136686,-0.368246,-0.228994,0.236460,-0.375187,-0.227754,0.209884,-0.412112,-0.195372,0.237779,-0.412974,-0.138210,0.261216,-0.407136,-0.192617
2026-08-05 17:53:37.893,269.199743,0.000000,0.000000,0.000000,0.336554,-0.384209,-0.226855,0.137006,-0.370328,-0.229335,0.236780,-0.377269,-0.228095,0.210204,-0.414194,-0.195712,0.238099,-0.415056,-0.138550,0.261536,-0.409218,-0.192957
2026-08-05 17:53:37.993,269.299743,0.000000,0.000000,0.000000,0.336330,-0.380086,-0.226422,0.136526,-0.367206,-0.228824,0.236428,-0.373646,-0.227623,0.209724,-0.411071,-0.195201,0.237619,-0.411933,-0.138039,0.260926,-0.407069,-0.191693
2026-08-05 17:53:38.093,269.399743,0.000000,0.000000,0.000000,0.337130,-0.385290,-0.227274,0.137364,-0.373430,-0.229594,0.237247,-0.379360,-0.228434,0.210524,-0.416276,-0.196053,0.238205,-0.419135,-0.138291,0.261877,-0.411263,-0.192573
2026-08-05 17:53:38.193,269.499743,0.000000,0.000000,0.000000,0.336554,-0.384209,-0.226855,0.137006,-0.370328,-0.229335,0.236780,-0.377269,-0.228095,0.210204,-0.414194,-0.195712,0.237885,-0.417053,-0.137950,0.261557,-0.409182,-0.192233
2026-08-05 17:53:38.293,269.599743,0.000000,0.000000,0.000000,0.336330,-0.380086,-0.226422,0.136526,-0.367206,-0.228824,0.236428,-0.373646,-0.227623,0.209724,-0.411071,-0.195201,0.237522,-0.412914,-0.137383,0.261077,-0.406059,-0.191722
2026-08-05 17:53:38.393,269.699743,0.000000,0.000000,0.000000,0.336714,-0.385250,-0.227026,0.137166,-0.371369,-0.229505,0.236940,-0.378310,-0.228265,0.209578,-0.416202,-0.195830,0.237356,-0.418011,-0.137391,0.261717,-0.410222,-0.192403
2026-08-05 17:53:38.493,269.799743,0.000000,0.000000,0.000000,0.336170,-0.379045,-0.226252,0.136327,-0.365145,-0.228735,0.236249,-0.372095,-0.227494,0.209564,-0.410030,-0.195031,0.236672,-0.411789,-0.136481,0.260766,-0.406028,-0.191523
2026-08-05 17:53:38.593,269.899743,0.000000,0.000000,0.000000,0.336810,-0.383209,-0.226933,0.137006,-0.370328,-0.229335,0.236908,-0.376768,-0.228134,0.209490,-0.414146,-0.195694,0.237312,-0.415953,-0.137163,0.261405,-0.410192,-0.192204
2026-08-05 17:53:38.693,269.999743,0.000000,0.000000,0.000000,0.336810,-0.383209,-0.226933,0.137006,-0.370328,-0.229335,0.236908,-0.376768,-0.228134,0.209490,-0.414146,-0.195694,0.237100,-0.417951,-0.136568,0.261557,-0.409182,-0.192233
2026-08-05 17:53:38.793,270.099742,0.000000,0.000000,0.000000,0.336074,-0.381087,-0.226344,0.136565,-0.368225,-0.228742,0.236319,-0.374656,-0.227543,0.209082,-0.410009,-0.195217,0.236737,-0.413812,-0.135998,0.261077,-0.406059,-0.191722
2026-08-05 17:53:38.893,270.199742,0.000000,0.000000,0.000000,0.336394,-0.383169,-0.226685,0.136846,-0.369287,-0.229165,0.236620,-0.376228,-0.227925,0.209402,-0.412090,-0.195557,0.237057,-0.415893,-0.136339,0.261246,-0.409151,-0.192034
2026-08-05 17:53:38.993,270.299742,0.000000,0.000000,0.000000,0.336714,-0.385250,-0.227026,0.137166,-0.371369,-0.229505,0.236940,-0.378310,-0.228265,0.209650,-0.415187,-0.195864,0.237165,-0.419974,-0.136089,0.261565,-0.411233,-0.192375
2026-08-05 17:53:39.093,270.399742,0.000000,0.000000,0.000000,0.336074,-0.381087,-0.226344,0.136526,-0.367206,-0.228824,0.236300,-0.374146,-0.227584,0.209010,-0.411024,-0.195183,0.236164,-0.412711,-0.135209,0.260926,-0.407069,-0.191693
2026-08-05 17:53:39.193,270.499742,0.000000,0.000000,0.000000,0.336234,-0.382128,-0.226515,0.136686,-0.368246,-0.228994,0.236460,-0.375187,-0.227754,0.209264,-0.411013,-0.194670,0.236093,-0.415787,-0.135499,0.261237,-0.407100,-0.191892
2026-08-05 17:53:39.293,270.599742,0.000000,0.000000,0.000000,0.336810,-0.383209,-0.226933,0.137006,-0.370328,-0.229335,0.236908,-0.376768,-0.228134,0.209490,-0.414146,-0.195694,0.236643,-0.415834,-0.135720,0.262127,-0.410240,-0.192223
2026-08-05 17:53:39.393,270.699742,0.000000,0.000000,0.000000,0.336810,-0.383209,-0.226933,0.136967,-0.369308,-0.229416,0.236888,-0.376259,-0.228175,0.209511,-0.414110,-0.194978,0.236664,-0.415798,-0.135008,0.262280,-0.409230,-0.192252
2026-08-05 17:53:39.493,270.799742,0.000000,0.000000,0.000000,0.336234,-0.382128,-0.226515,0.136686,-0.368246,-0.228994,0.236460,-0.375187,-0.227754,0.209191,-0.412028,-0.194637,0.236460,-0.412699,-0.134606,0.261808,-0.408158,-0.191883
2026-08-05 17:53:39.593,270.899742,0.000000,0.000000,0.000000,0.336970,-0.384250,-0.227104,0.137127,-0.370349,-0.229587,0.237048,-0.377299,-0.228345,0.209671,-0.415151,-0.195148,0.236709,-0.417856,-0.135239,0.262287,-0.411281,-0.192394
2026-08-05 17:53:39.693,270.999742,0.000000,0.000000,0.000000,0.336234,-0.382128,-0.226515,0.136686,-0.368246,-0.228994,0.236460,-0.375187,-0.227754,0.209191,-0.412028,-0.194637,0.235540,-0.414650,-0.133999,0.261808,-0.408158,-0.191883
2026-08-05 17:53:39.793,271.099741,0.000000,0.000000,0.000000,0.336010,-0.378004,-0.226082,0.136206,-0.365124,-0.228483,0.236108,-0.371564,-0.227282,0.208690,-0.408942,-0.194842,0.235403,-0.408475,-0.133301,0.261328,-0.405035,-0.191371
2026-08-05 17:53:39.893,271.199741,0.000000,0.000000,0.000000,0.336490,-0.381127,-0.226593,0.136647,-0.367227,-0.229076,0.236568,-0.374177,-0.227834,0.209119,-0.413044,-0.194604,0.235883,-0.411598,-0.133812,0.261808,-0.408158,-0.191883
2026-08-05 17:53:39.993,271.299741,0.000000,0.000000,0.000000,0.337290,-0.386331,-0.227444,0.137486,-0.373451,-0.229846,0.237388,-0.379891,-0.228645,0.210063,-0.416218,-0.195522,0.236590,-0.417784,-0.134012,0.262607,-0.413363,-0.192734
2026-08-05 17:53:40.093,271.399741,0.000000,0.000000,0.000000,0.335850,-0.376963,-0.225911,0.136046,-0.364083,-0.228313,0.235948,-0.370523,-0.227112,0.208479,-0.408880,-0.193923,0.235036,-0.409433,-0.132543,0.261168,-0.403994,-0.191201
2026-08-05 17:53:40.193,271.499741,0.000000,0.000000,0.000000,0.337290,-0.386331,-0.227444,0.137486,-0.373451,-0.229846,0.237388,-0.379891,-0.228645,0.209919,-0.418248,-0.195456,0.236932,-0.414732,-0.133822,0.262607,-0.413363,-0.192734
2026-08-05 17:53:40.293,271.599741,0.000000,0.000000,0.000000,0.336074,-0.381087,-0.226344,0.136526,-0.367206,-0.228824,0.236300,-0.374146,-0.227584,0.208959,-0.412003,-0.194434,0.234918,-0.411491,-0.132972,0.261648,-0.407117,-0.191712
2026-08-05 17:53:40.393,271.699741,0.000000,0.000000,0.000000,0.336650,-0.382168,-0.226763,0.136846,-0.369287,-0.229165,0.236748,-0.375728,-0.227964,0.208566,-0.414037,-0.194756,0.235238,-0.413573,-0.133312,0.261967,-0.409199,-0.192053
2026-08-05 17:53:40.493,271.799741,0.000000,0.000000,0.000000,0.336554,-0.384209,-0.226855,0.137006,-0.370328,-0.229335,0.236780,-0.377269,-0.228095,0.208726,-0.415078,-0.194927,0.235419,-0.414578,-0.132769,0.262127,-0.410240,-0.192223
2026-08-05 17:53:40.593,271.899741,0.000000,0.000000,0.000000,0.336810,-0.383209,-0.226933,0.137006,-0.370328,-0.229335,0.236908,-0.376768,-0.228134,0.208797,-0.414063,-0.194959,0.235419,-0.414578,-0.132769,0.262127,-0.410240,-0.192223
2026-08-05 17:53:40.693,271.999741,0.000000,0.000000,0.000000,0.336490,-0.381127,-0.226593,0.136647,-0.367227,-0.229076,0.236568,-0.374177,-0.227834,0.208548,-0.410966,-0.194652,0.234986,-0.413514,-0.132493,0.261808,-0.408158,-0.191883
2026-08-05 17:53:40.793,272.099741,0.000000,0.000000,0.000000,0.336970,-0.384250,-0.227104,0.137166,-0.371369,-0.229505,0.237068,-0.377809,-0.228304,0.208957,-0.415104,-0.195130,0.235352,-0.417654,-0.133069,0.262287,-0.411281,-0.192394
2026-08-05 17:53:40.893,272.199740,0.000000,0.000000,0.000000,0.336330,-0.380086,-0.226422,0.136526,-0.367206,-0.228824,0.236428,-0.373646,-0.227623,0.208317,-0.410940,-0.194448,0.234599,-0.414508,-0.132452,0.261495,-0.408127,-0.191684
2026-08-05 17:53:40.993,272.299740,0.000000,0.000000,0.000000,0.336330,-0.380086,-0.226422,0.136526,-0.367206,-0.228824,0.236428,-0.373646,-0.227623,0.208388,-0.409925,-0.194481,0.234115,-0.412426,-0.132304,0.261648,-0.407117,-0.191712
2026-08-05 17:53:41.093,272.399740,0.000000,0.000000,0.000000,0.336970,-0.384250,-0.227104,0.137166,-0.371369,-0.229505,0.237068,-0.377809,-0.228304,0.208957,-0.415104,-0.195130,0.234776,-0.416553,-0.132274,0.262134,-0.412291,-0.192365
2026-08-05 17:53:41.193,272.499740,0.000000,0.000000,0.000000,0.336554,-0.384209,-0.226855,0.137044,-0.371348,-0.229253,0.236799,-0.377779,-0.228054,0.208797,-0.414063,-0.194959,0.234392,-0.417548,-0.132235,0.262127,-0.410240,-0.192223
2026-08-05 17:53:41.293,272.599740,0.000000,0.000000,0.000000,0.336170,-0.379045,-0.226252,0.136366,-0.366165,-0.228654,0.236268,-0.372605,-0.227453,0.208157,-0.409899,-0.194278,0.233752,-0.413384,-0.131553,0.261335,-0.407086,-0.191514
2026-08-05 17:53:41.393,272.699740,0.000000,0.000000,0.000000,0.336970,-0.384250,-0.227104,0.137166,-0.371369,-0.229505,0.237068,-0.377809,-0.228304,0.209028,-0.414089,-0.195163,0.234439,-0.419607,-0.132471,0.262134,-0.412291,-0.192365
2026-08-05 17:53:41.493,272.799740,0.000000,0.000000,0.000000,0.336714,-0.385250,-0.227026,0.137166,-0.371369,-0.229505,0.236940,-0.378310,-0.228265,0.208957,-0.415104,-0.195130,0.234551,-0.418589,-0.132405,0.262287,-0.411281,-0.192394
2026-08-05 17:53:41.593,272.899740,0.000000,0.000000,0.000000,0.336330,-0.380086,-0.226422,0.136487,-0.366186,-0.228905,0.236409,-0.373136,-0.227664,0.208317,-0.410940,-0.194448,0.234024,-0.413407,-0.131658,0.261669,-0.407080,-0.190989
2026-08-05 17:53:41.693,272.999740,0.000000,0.000000,0.000000,0.336650,-0.382168,-0.226763,0.136884,-0.370307,-0.229083,0.236767,-0.376237,-0.227923,0.208637,-0.413022,-0.194789,0.234119,-0.417525,-0.132130,0.261967,-0.409199,-0.192053
2026-08-05 17:53:41.793,273.099740,0.000000,0.000000,0.000000,0.336330,-0.380086,-0.226422,0.136526,-0.367206,-0.228824,0.236428,-0.373646,-0.227623,0.208317,-0.410940,-0.194448,0.233912,-0.414425,-0.131724,0.261495,-0.408127,-0.191684
2026-08-05 17:53:41.893,273.199739,0.000000,0.000000,0.000000,0.336810,-0.383209,-0.226933,0.137006,-0.370328,-0.229335,0.236908,-0.376768,-0.228134,0.208797,-0.414063,-0.194959,0.234392,-0.417548,-0.132235,0.262149,-0.410203,-0.191500
2026-08-05 17:53:41.993,273.299739,0.000000,0.000000,0.000000,0.336394,-0.383169,-0.226685,0.136884,-0.370307,-0.229083,0.236639,-0.376738,-0.227884,0.208637,-0.413022,-0.194789,0.234232,-0.416507,-0.132064,0.261815,-0.410209,-0.192025
2026-08-05 17:53:42.093,273.399739,0.000000,0.000000,0.000000,0.336074,-0.381087,-0.226344,0.136526,-0.367206,-0.228824,0.236300,-0.374146,-0.227584,0.208317,-0.410940,-0.194448,0.233912,-0.414425,-0.131724,0.261669,-0.407080,-0.190989
2026-08-05 17:53:42.193,273.499739,0.000000,0.000000,0.000000,0.336810,-0.383209,-0.226933,0.137006,-0.370328,-0.229335,0.236908,-0.376768,-0.228134,0.208797,-0.414063,-0.194959,0.234392,-0.417548,-0.132235,0.261974,-0.411250,-0.192195
2026-08-05 17:53:42.293,273.599739,0.000000,0.000000,0.000000,0.336234,-0.382128,-0.226515,0.136686,-0.368246,-0.228994,0.236460,-0.375187,-0.227754,0.208406,-0.412996,-0.194586,0.233960,-0.416484,-0.131960,0.261808,-0.408158,-0.191883
2026-08-05 17:53:42.393,273.699739,0.000000,0.000000,0.000000,0.336330,-0.380086,-0.226422,0.136526,-0.367206,-0.228824,0.236428,-0.373646,-0.227623,0.208317,-0.410940,-0.194448,0.233800,-0.415443,-0.131789,0.261571,-0.407622,-0.191698
2026-08-05 17:53:42.493,273.799739,0.000000,0.000000,0.000000,0.336714,-0.385250,-0.227026,0.137166,-0.371369,-0.229505,0.236940,-0.378310,-0.228265,0.209028,-0.414089,-0.195163,0.234551,-0.418589,-0.132405,0.262134,-0.412291,-0.192365
2026-08-05 17:53:42.593,273.899739,0.000000,0.000000,0.000000,0.336554,-0.384209,-0.226855,0.137006,-0.370328,-0.229335,0.236780,-0.377269,-0.228095,0.208797,-0.414063,-0.194959,0.233815,-0.416447,-0.131439,0.261974,-0.411250,-0.192195
2026-08-05 17:53:42.693,273.999739,0.000000,0.000000,0.000000,0.336234,-0.382128,-0.226515,0.136686,-0.368246,-0.228994,0.236460,-0.375187,-0.227754,0.208477,-0.411981,-0.194619,0.233495,-0.414365,-0.131099,0.261655,-0.409168,-0.191854
2026-08-05 17:53:42.793,274.099739,0.000000,0.000000,0.000000,0.336714,-0.385250,-0.227026,0.137166,-0.371369,-0.229505,0.236940,-0.378310,-0.228265,0.208886,-0.416119,-0.195097,0.233975,-0.417488,-0.131610,0.262156,-0.412254,-0.191643
2026-08-05 17:53:42.893,274.199739,0.000000,0.000000,0.000000,0.336650,-0.382168,-0.226763,0.136846,-0.369287,-0.229165,0.236748,-0.375728,-0.227964,0.208637,-0.413022,-0.194789,0.233655,-0.415406,-0.131269,0.261815,-0.410209,-0.192025
2026-08-05 17:53:42.993,274.299738,0.000000,0.000000,0.000000,0.336554,-0.384209,-0.226855,0.137006,-0.370328,-0.229335,0.236780,-0.377269,-0.228095,0.208726,-0.415078,-0.194927,0.233704,-0.417465,-0.131506,0.261974,-0.411250,-0.192195
2026-08-05 17:53:43.093,274.399738,0.000000,0.000000,0.000000,0.336970,-0.384250,-0.227104,0.137166,-0.371369,-0.229505,0.237068,-0.377809,-0.228304,0.208957,-0.415104,-0.195130,0.233864,-0.418506,-0.131677,0.262134,-0.412291,-0.192365
2026-08-05 17:53:43.193,274.499738,0.000000,0.000000,0.000000,0.336554,-0.384209,-0.226855,0.137006,-0.370328,-0.229335,0.236780,-0.377269,-0.228095,0.208797,-0.414063,-0.194959,0.233704,-0.417465,-0.131506,0.261974,-0.411250,-0.192195
2026-08-05 17:53:43.293,274.599738,0.000000,0.000000,0.000000,0.336234,-0.382128,-0.226515,0.136686,-0.368246,-0.228994,0.236460,-0.375187,-0.227754,0.207763,-0.411933,-0.194600,0.233384,-0.415383,-0.131166,0.261655,-0.409168,-0.191854
2026-08-05 17:53:43.393,274.699738,0.000000,0.000000,0.000000,0.336490,-0.381127,-0.226593,0.136686,-0.368246,-0.228994,0.236588,-0.374687,-0.227793,0.207763,-0.411933,-0.194600,0.233384,-0.415383,-0.131166,0.261655,-0.409168,-0.191854
2026-08-05 17:53:43.493,274.799738,0.000000,0.000000,0.000000,0.337290,-0.386331,-0.227444,0.137486,-0.373451,-0.229846,0.237388,-0.379891,-0.228645,0.208563,-0.417138,-0.195452,0.234295,-0.419570,-0.131950,0.262454,-0.414373,-0.192706
2026-08-05 17:53:43.593,274.899738,0.000000,0.000000,0.000000,0.336554,-0.384209,-0.226855,0.137006,-0.370328,-0.229335,0.236780,-0.377269,-0.228095,0.208083,-0.414015,-0.194941,0.233593,-0.418483,-0.131573,0.261974,-0.411250,-0.192195
2026-08-05 17:53:43.693,274.999738,0.000000,0.000000,0.000000,0.337290,-0.386331,-0.227444,0.137486,-0.373451,-0.229846,0.237388,-0.379891,-0.228645,0.208563,-0.417138,-0.195452,0.234184,-0.420588,-0.132017,0.262454,-0.414373,-0.192706
2026-08-05 17:53:43.793,275.099738,0.000000,0.000000,0.000000,0.337450,-0.387372,-0.227615,0.137646,-0.374492,-0.230016,0.237548,-0.380932,-0.228815,0.208723,-0.418179,-0.195622,0.234233,-0.422647,-0.132255,0.262614,-0.415414,-0.192876
2026-08-05 17:53:43.893,275.199738,0.000000,0.000000,0.000000,0.335850,-0.376963,-0.225911,0.136007,-0.363063,-0.228394,0.235929,-0.370013,-0.227153,0.207123,-0.407770,-0.193919,0.232744,-0.411219,-0.130484,0.261015,-0.405004,-0.191173
2026-08-05 17:53:43.993,275.299737,0.000000,0.000000,0.000000,0.336970,-0.384250,-0.227104,0.137166,-0.371369,-0.229505,0.237068,-0.377809,-0.228304,0.208173,-0.416072,-0.195078,0.233996,-0.417452,-0.130899,0.262134,-0.412291,-0.192365
2026-08-05 17:53:44.093,275.399737,0.000000,0.000000,0.000000,0.336650,-0.382168,-0.226763,0.136846,-0.369287,-0.229165,0.236748,-0.375728,-0.227964,0.207923,-0.412974,-0.194771,0.233565,-0.416388,-0.130626,0.261815,-0.410209,-0.192025
2026-08-05 17:53:44.193,275.499737,0.000000,0.000000,0.000000,0.336170,-0.379045,-0.226252,0.136405,-0.367184,-0.228572,0.236287,-0.373115,-0.227412,0.207513,-0.408836,-0.194292,0.233085,-0.413265,-0.130115,0.262056,-0.407134,-0.191532
2026-08-05 17:53:44.293,275.599737,0.000000,0.000000,0.000000,0.336490,-0.381127,-0.226593,0.136686,-0.368246,-0.228994,0.236588,-0.374687,-0.227793,0.207763,-0.411933,-0.194600,0.233405,-0.415347,-0.130456,0.261655,-0.409168,-0.191854
2026-08-05 17:53:44.393,275.699737,0.000000,0.000000,0.000000,0.336490,-0.381127,-0.226593,0.136725,-0.369266,-0.228913,0.236607,-0.375197,-0.227753,0.207763,-0.411933,-0.194600,0.232586,-0.416318,-0.130505,0.262221,-0.410226,-0.191845
2026-08-05 17:53:44.493,275.799737,0.000000,0.000000,0.000000,0.336234,-0.382128,-0.226515,0.136686,-0.368246,-0.228994,0.236460,-0.375187,-0.227754,0.207693,-0.412949,-0.194567,0.232586,-0.416318,-0.130505,0.262221,-0.410226,-0.191845
2026-08-05 17:53:44.593,275.899737,0.000000,0.000000,0.000000,0.336170,-0.379045,-0.226252,0.136366,-0.366165,-0.228654,0.236268,-0.372605,-0.227453,0.207443,-0.409852,-0.194259,0.232266,-0.414236,-0.130164,0.261901,-0.408144,-0.191504
2026-08-05 17:53:44.693,275.999737,0.000000,0.000000,0.000000,0.336874,-0.386291,-0.227196,0.137287,-0.371390,-0.229757,0.237081,-0.378841,-0.228477,0.208333,-0.417113,-0.195249,0.233226,-0.420482,-0.131187,0.262861,-0.414390,-0.192526
2026-08-05 17:53:44.793,276.099737,0.000000,0.000000,0.000000,0.336970,-0.384250,-0.227104,0.137166,-0.371369,-0.229505,0.237068,-0.377809,-0.228304,0.208173,-0.416072,-0.195078,0.233087,-0.419405,-0.130307,0.262701,-0.413349,-0.192356
2026-08-05 17:53:44.893,276.199737,0.000000,0.000000,0.000000,0.336394,-0.383169,-0.226685,0.136884,-0.370307,-0.229083,0.236639,-0.376738,-0.227884,0.207853,-0.413990,-0.194738,0.232767,-0.417323,-0.129967,0.262381,-0.411267,-0.192015
2026-08-05 17:53:44.993,276.299736,0.000000,0.000000,0.000000,0.336074,-0.381087,-0.226344,0.136526,-0.367206,-0.228824,0.236300,-0.374146,-0.227584,0.207533,-0.411908,-0.194397,0.232557,-0.414223,-0.129557,0.262061,-0.409185,-0.191674
2026-08-05 17:53:45.093,276.399736,0.000000,0.000000,0.000000,0.336234,-0.382128,-0.226515,0.136686,-0.368246,-0.228994,0.236460,-0.375187,-0.227754,0.206980,-0.412901,-0.194549,0.231921,-0.416199,-0.129069,0.262397,-0.409179,-0.191151
2026-08-05 17:53:45.193,276.499736,0.000000,0.000000,0.000000,0.336554,-0.384209,-0.226855,0.137006,-0.370328,-0.229335,0.236780,-0.377269,-0.228095,0.207369,-0.413968,-0.194922,0.232240,-0.418281,-0.129410,0.262562,-0.412271,-0.191464
2026-08-05 17:53:45.293,276.599736,0.000000,0.000000,0.000000,0.336490,-0.381127,-0.226593,0.136686,-0.368246,-0.228994,0.236588,-0.374687,-0.227793,0.206980,-0.412901,-0.194549,0.232029,-0.415181,-0.128999,0.262397,-0.409179,-0.191151
2026-08-05 17:53:45.393,276.699736,0.000000,0.000000,0.000000,0.336010,-0.378004,-0.226082,0.136245,-0.366143,-0.228402,0.236127,-0.372074,-0.227242,0.206500,-0.409779,-0.194038,0.230754,-0.412994,-0.127831,0.261763,-0.407067,-0.190612
2026-08-05 17:53:45.493,276.799736,0.000000,0.000000,0.000000,0.336810,-0.383209,-0.226933,0.137006,-0.370328,-0.229335,0.236908,-0.376768,-0.228134,0.207231,-0.415999,-0.194857,0.231554,-0.418199,-0.128682,0.262562,-0.412271,-0.191464
2026-08-05 17:53:45.593,276.899736,0.000000,0.000000,0.000000,0.336330,-0.380086,-0.226422,0.136487,-0.366186,-0.228905,0.236409,-0.373136,-0.227664,0.206751,-0.412876,-0.194345,0.231074,-0.415076,-0.128171,0.262237,-0.408138,-0.190980
2026-08-05 17:53:45.693,276.999736,0.000000,0.000000,0.000000,0.336970,-0.384250,-0.227104,0.137204,-0.372389,-0.229424,0.237087,-0.378319,-0.228264,0.207391,-0.417040,-0.195027,0.231735,-0.419204,-0.128144,0.262722,-0.413312,-0.191634
2026-08-05 17:53:45.793,277.099736,0.000000,0.000000,0.000000,0.336714,-0.385250,-0.227026,0.137204,-0.372389,-0.229424,0.236959,-0.378820,-0.228225,0.207460,-0.416024,-0.195060,0.231735,-0.419204,-0.128144,0.262877,-0.412302,-0.191662
2026-08-05 17:53:45.893,277.199736,0.000000,0.000000,0.000000,0.337194,-0.388373,-0.227537,0.137646,-0.374492,-0.230016,0.237420,-0.381433,-0.228776,0.207871,-0.420162,-0.195538,0.231400,-0.423298,-0.128709,0.263922,-0.416483,-0.192164
2026-08-05 17:53:45.993,277.299736,0.000000,0.000000,0.000000,0.337290,-0.386331,-0.227444,0.137486,-0.373451,-0.229846,0.237388,-0.379891,-0.228645,0.207711,-0.419121,-0.195368,0.231421,-0.420693,-0.127720,0.263762,-0.415442,-0.191994
2026-08-05 17:53:46.093,277.399735,0.000000,0.000000,0.000000,0.337130,-0.385290,-0.227274,0.137326,-0.372410,-0.229676,0.237228,-0.378850,-0.228475,0.207551,-0.418081,-0.195197,0.231261,-0.419653,-0.127550,0.262882,-0.414353,-0.191805
2026-08-05 17:53:46.193,277.499735,0.000000,0.000000,0.000000,0.337290,-0.386331,-0.227444,0.137486,-0.373451,-0.229846,0.237388,-0.379891,-0.228645,0.207711,-0.419121,-0.195368,0.231368,-0.421203,-0.127757,0.263762,-0.415442,-0.191994
2026-08-05 17:53:46.293,277.599735,0.000000,0.000000,0.000000,0.336810,-0.383209,-0.226933,0.137006,-0.370328,-0.229335,0.236908,-0.376768,-0.228134,0.207300,-0.414983,-0.194889,0.230995,-0.417061,-0.127172,0.263282,-0.412319,-0.191483
2026-08-05 17:53:46.393,277.699735,0.000000,0.000000,0.000000,0.336970,-0.384250,-0.227104,0.137166,-0.371369,-0.229505,0.237068,-0.377809,-0.228304,0.207391,-0.417040,-0.195027,0.231283,-0.417048,-0.126558,0.263442,-0.413360,-0.191653
2026-08-05 17:53:46.493,277.799735,0.000000,0.000000,0.000000,0.336330,-0.380086,-0.226422,0.136487,-0.366186,-0.228905,0.236409,-0.373136,-0.227664,0.205971,-0.413844,-0.194294,0.230536,-0.413903,-0.125951,0.262802,-0.409196,-0.190972
2026-08-05 17:53:46.593,277.899735,0.000000,0.000000,0.000000,0.336490,-0.381127,-0.226593,0.136647,-0.367227,-0.229076,0.236568,-0.374177,-0.227834,0.206199,-0.413869,-0.194497,0.230093,-0.413878,-0.126028,0.262807,-0.411247,-0.191115
2026-08-05 17:53:46.693,277.999735,0.000000,0.000000,0.000000,0.336714,-0.385250,-0.227026,0.137204,-0.372389,-0.229424,0.236959,-0.378820,-0.228225,0.206679,-0.416992,-0.195008,0.230626,-0.416491,-0.126502,0.263442,-0.413360,-0.191653
2026-08-05 17:53:46.793,278.099735,0.000000,0.000000,0.000000,0.336074,-0.381087,-0.226344,0.136526,-0.367206,-0.228824,0.236300,-0.374146,-0.227584,0.205971,-0.413844,-0.194294,0.229722,-0.414874,-0.126008,0.262802,-0.409196,-0.190972
2026-08-05 17:53:46.893,278.199735,0.000000,0.000000,0.000000,0.337130,-0.385290,-0.227274,0.137326,-0.372410,-0.229676,0.237228,-0.378850,-0.228475,0.206771,-0.419049,-0.195146,0.230733,-0.418042,-0.126710,0.263602,-0.414401,-0.191824
2026-08-05 17:53:46.993,278.299735,0.000000,0.000000,0.000000,0.337130,-0.385290,-0.227274,0.137326,-0.372410,-0.229676,0.237228,-0.378850,-0.228475,0.206839,-0.418033,-0.195179,0.230574,-0.419570,-0.126822,0.263602,-0.414401,-0.191824
2026-08-05 17:53:47.093,278.399734,0.000000,0.000000,0.000000,0.336810,-0.383209,-0.226933,0.137006,-0.370328,-0.229335,0.236908,-0.376768,-0.228134,0.206451,-0.416967,-0.194805,0.230413,-0.415960,-0.126369,0.263282,-0.412319,-0.191483
2026-08-05 17:53:47.193,278.499734,0.000000,0.000000,0.000000,0.337130,-0.385290,-0.227274,0.137364,-0.373430,-0.229594,0.237247,-0.379360,-0.228434,0.206839,-0.418033,-0.195179,0.230501,-0.420115,-0.127568,0.263447,-0.415411,-0.191796
2026-08-05 17:53:47.293,278.599734,0.000000,0.000000,0.000000,0.335850,-0.376963,-0.225911,0.136046,-0.364083,-0.228313,0.235948,-0.370523,-0.227112,0.205559,-0.409706,-0.193816,0.229221,-0.411787,-0.126206,0.262322,-0.406074,-0.190461
2026-08-05 17:53:47.393,278.699734,0.000000,0.000000,0.000000,0.336234,-0.382128,-0.226515,0.136725,-0.369266,-0.228913,0.236479,-0.375697,-0.227714,0.206131,-0.414885,-0.194464,0.230072,-0.413914,-0.126740,0.262807,-0.411247,-0.191115
2026-08-05 17:53:47.493,278.799734,0.000000,0.000000,0.000000,0.336234,-0.382128,-0.226515,0.136686,-0.368246,-0.228994,0.236460,-0.375187,-0.227754,0.206131,-0.414885,-0.194464,0.229237,-0.414921,-0.127505,0.262962,-0.410237,-0.191142
2026-08-05 17:53:47.593,278.899734,0.000000,0.000000,0.000000,0.336810,-0.383209,-0.226933,0.137006,-0.370328,-0.229335,0.236908,-0.376768,-0.228134,0.206451,-0.416967,-0.194805,0.229557,-0.417003,-0.127846,0.263127,-0.413329,-0.191456
2026-08-05 17:53:47.693,278.999734,0.000000,0.000000,0.000000,0.336330,-0.380086,-0.226422,0.136526,-0.367206,-0.228824,0.236428,-0.373646,-0.227623,0.205903,-0.414859,-0.194261,0.228868,-0.415917,-0.127480,0.262647,-0.410206,-0.190945
2026-08-05 17:53:47.793,279.099734,0.000000,0.000000,0.000000,0.336970,-0.384250,-0.227104,0.137166,-0.371369,-0.229505,0.237068,-0.377809,-0.228304,0.206679,-0.416992,-0.195008,0.229612,-0.419063,-0.128089,0.263287,-0.414370,-0.191626
2026-08-05 17:53:47.893,279.199734,0.000000,0.000000,0.000000,0.336810,-0.383209,-0.226933,0.137006,-0.370328,-0.229335,0.236908,-0.376768,-0.228134,0.206451,-0.416967,-0.194805,0.230245,-0.417086,-0.128574,0.263282,-0.412319,-0.191483
2026-08-05 17:53:47.993,279.299734,0.000000,0.000000,0.000000,0.336810,-0.383209,-0.226933,0.137006,-0.370328,-0.229335,0.236908,-0.376768,-0.228134,0.206451,-0.416967,-0.194805,0.230065,-0.418650,-0.129390,0.263282,-0.412319,-0.191483
2026-08-05 17:53:48.093,279.399734,0.000000,0.000000,0.000000,0.337290,-0.386331,-0.227444,0.137486,-0.373451,-0.229846,0.237388,-0.379891,-0.228645,0.206931,-0.420090,-0.195316,0.230545,-0.421772,-0.129901,0.263607,-0.416452,-0.191967
2026-08-05 17:53:48.193,279.499733,0.000000,0.000000,0.000000,0.336970,-0.384250,-0.227104,0.137166,-0.371369,-0.229505,0.237068,-0.377809,-0.228304,0.206611,-0.418008,-0.194975,0.230257,-0.419217,-0.130234,0.263442,-0.413360,-0.191653
2026-08-05 17:53:48.293,279.599733,0.000000,0.000000,0.000000,0.336810,-0.383209,-0.226933,0.137006,-0.370328,-0.229335,0.236908,-0.376768,-0.228134,0.206451,-0.416967,-0.194805,0.230097,-0.418176,-0.130063,0.262387,-0.413318,-0.192157
2026-08-05 17:53:48.393,279.699733,0.000000,0.000000,0.000000,0.337130,-0.385290,-0.227274,0.137364,-0.373430,-0.229594,0.237247,-0.379360,-0.228434,0.206839,-0.418033,-0.195179,0.231210,-0.419323,-0.131063,0.263270,-0.416458,-0.192488
2026-08-05 17:53:48.493,279.799733,0.000000,0.000000,0.000000,0.336234,-0.382128,-0.226515,0.136686,-0.368246,-0.228994,0.236460,-0.375187,-0.227754,0.206131,-0.414885,-0.194464,0.230443,-0.416213,-0.131159,0.262067,-0.411236,-0.191816
2026-08-05 17:53:48.593,279.899733,0.000000,0.000000,0.000000,0.336650,-0.382168,-0.226763,0.136884,-0.370307,-0.229083,0.236767,-0.376237,-0.227923,0.206202,-0.416977,-0.195313,0.231311,-0.417301,-0.131347,0.262227,-0.412277,-0.191987
2026-08-05 17:53:48.693,279.999733,0.000000,0.000000,0.000000,0.336170,-0.379045,-0.226252,0.136366,-0.366165,-0.228654,0.236268,-0.372605,-0.227453,0.205790,-0.412839,-0.194836,0.231025,-0.412178,-0.131414,0.261593,-0.410164,-0.191447
2026-08-05 17:53:48.793,280.099733,0.000000,0.000000,0.000000,0.336490,-0.381127,-0.226593,0.136725,-0.369266,-0.228913,0.236607,-0.375197,-0.227753,0.206110,-0.414921,-0.195177,0.231837,-0.416343,-0.131904,0.262067,-0.411236,-0.191816
2026-08-05 17:53:48.893,280.199733,0.000000,0.000000,0.000000,0.337130,-0.385290,-0.227274,0.137364,-0.373430,-0.229594,0.237247,-0.379360,-0.228434,0.206750,-0.419085,-0.195858,0.232239,-0.422578,-0.133424,0.262630,-0.415905,-0.192483
2026-08-05 17:53:48.993,280.299733,0.000000,0.000000,0.000000,0.337034,-0.387332,-0.227366,0.137486,-0.373451,-0.229846,0.237260,-0.380392,-0.228606,0.206842,-0.421141,-0.195994,0.233214,-0.422648,-0.133548,0.262713,-0.417451,-0.192640
2026-08-05 17:53:49.093,280.399733,0.000000,0.000000,0.000000,0.336970,-0.384250,-0.227104,0.137204,-0.372389,-0.229424,0.237087,-0.378319,-0.228264,0.206590,-0.418044,-0.195688,0.232873,-0.420602,-0.133915,0.262547,-0.414359,-0.192327
2026-08-05 17:53:49.193,280.499732,0.000000,0.000000,0.000000,0.336234,-0.382128,-0.226515,0.136725,-0.369266,-0.228913,0.236479,-0.375697,-0.227714,0.206042,-0.415936,-0.195143,0.232503,-0.416461,-0.133341,0.261759,-0.413256,-0.191760
2026-08-05 17:53:49.293,280.599732,0.000000,0.000000,0.000000,0.336394,-0.383169,-0.226685,0.136846,-0.369287,-0.229165,0.236620,-0.376228,-0.227925,0.206338,-0.414946,-0.195381,0.233349,-0.417585,-0.134238,0.261509,-0.412229,-0.191968
2026-08-05 17:53:49.393,280.699732,0.000000,0.000000,0.000000,0.336970,-0.384250,-0.227104,0.137166,-0.371369,-0.229505,0.237068,-0.377809,-0.228304,0.206590,-0.418044,-0.195688,0.233669,-0.419667,-0.134579,0.261828,-0.414311,-0.192309
2026-08-05 17:53:49.493,280.799732,0.000000,0.000000,0.000000,0.336810,-0.383209,-0.226933,0.137044,-0.371348,-0.229253,0.236927,-0.377278,-0.228093,0.207210,-0.416035,-0.195570,0.234217,-0.418673,-0.134427,0.261363,-0.415290,-0.192082
2026-08-05 17:53:49.593,280.899732,0.000000,0.000000,0.000000,0.336970,-0.384250,-0.227104,0.137166,-0.371369,-0.229505,0.237068,-0.377809,-0.228304,0.206590,-0.418044,-0.195688,0.234356,-0.419750,-0.135306,0.261676,-0.415321,-0.192280
2026-08-05 17:53:49.693,280.999732,0.000000,0.000000,0.000000,0.336970,-0.384250,-0.227104,0.137127,-0.370349,-0.229587,0.237048,-0.377299,-0.228345,0.207370,-0.417076,-0.195740,0.234580,-0.417715,-0.135184,0.261676,-0.415321,-0.192280
2026-08-05 17:53:49.793,281.099732,0.000000,0.000000,0.000000,0.336074,-0.381087,-0.226344,0.136526,-0.367206,-0.228824,0.236300,-0.374146,-0.227584,0.206730,-0.412912,-0.195059,0.234516,-0.414652,-0.135292,0.261189,-0.410147,-0.191627
2026-08-05 17:53:49.893,281.199732,0.000000,0.000000,0.000000,0.337290,-0.386331,-0.227444,0.137486,-0.373451,-0.229846,0.237388,-0.379891,-0.228645,0.207690,-0.419158,-0.196081,0.235589,-0.419880,-0.136254,0.262148,-0.416393,-0.192649
2026-08-05 17:53:49.993,281.299732,0.000000,0.000000,0.000000,0.336394,-0.383169,-0.226685,0.136846,-0.369287,-0.229165,0.236620,-0.376228,-0.227925,0.206981,-0.416009,-0.195366,0.234949,-0.415716,-0.135573,0.261509,-0.412229,-0.191968
2026-08-05 17:53:50.093,281.399732,0.000000,0.000000,0.000000,0.336074,-0.381087,-0.226344,0.136526,-0.367206,-0.228824,0.236300,-0.374146,-0.227584,0.206682,-0.413891,-0.194313,0.235318,-0.413717,-0.135961,0.261036,-0.411157,-0.191599
2026-08-05 17:53:50.193,281.499732,0.000000,0.000000,0.000000,0.336074,-0.381087,-0.226344,0.136526,-0.367206,-0.228824,0.236300,-0.374146,-0.227584,0.206751,-0.412876,-0.194345,0.235297,-0.413753,-0.136673,0.261189,-0.410147,-0.191627
2026-08-05 17:53:50.293,281.599731,0.000000,0.000000,0.000000,0.336554,-0.384209,-0.226855,0.137006,-0.370328,-0.229335,0.236780,-0.377269,-0.228095,0.207279,-0.415019,-0.195604,0.236486,-0.416923,-0.137202,0.261669,-0.413270,-0.192138
2026-08-05 17:53:50.393,281.699731,0.000000,0.000000,0.000000,0.336970,-0.384250,-0.227104,0.137166,-0.371369,-0.229505,0.237068,-0.377809,-0.228304,0.208152,-0.416108,-0.195793,0.236510,-0.419017,-0.138140,0.261110,-0.414263,-0.192290
2026-08-05 17:53:50.493,281.799731,0.000000,0.000000,0.000000,0.336490,-0.381127,-0.226593,0.136686,-0.368246,-0.228994,0.236588,-0.374687,-0.227793,0.207672,-0.412985,-0.195282,0.236855,-0.414924,-0.137591,0.260630,-0.411141,-0.191779
2026-08-05 17:53:50.593,281.899731,0.000000,0.000000,0.000000,0.336490,-0.381127,-0.226593,0.136725,-0.369266,-0.228913,0.236607,-0.375197,-0.227753,0.207672,-0.412985,-0.195282,0.236834,-0.414960,-0.138302,0.260630,-0.411141,-0.191779
2026-08-05 17:53:50.693,281.999731,0.000000,0.000000,0.000000,0.336234,-0.382128,-0.226515,0.136725,-0.369266,-0.228913,0.236479,-0.375697,-0.227714,0.207672,-0.412985,-0.195282,0.236834,-0.414960,-0.138302,0.260630,-0.411141,-0.191779
2026-08-05 17:53:50.793,282.099731,0.000000,0.000000,0.000000,0.336714,-0.385250,-0.227026,0.137166,-0.371369,-0.229505,0.236940,-0.378310,-0.228265,0.208152,-0.416108,-0.195793,0.238120,-0.417149,-0.139488,0.261034,-0.414768,-0.192276
2026-08-05 17:53:50.893,282.199731,0.000000,0.000000,0.000000,0.336810,-0.383209,-0.226933,0.137006,-0.370328,-0.229335,0.236908,-0.376768,-0.228134,0.207992,-0.415067,-0.195622,0.237960,-0.416108,-0.139318,0.260950,-0.413222,-0.192119
2026-08-05 17:53:50.993,282.299731,0.000000,0.000000,0.000000,0.336554,-0.384209,-0.226855,0.137006,-0.370328,-0.229335,0.236780,-0.377269,-0.228095,0.207922,-0.416082,-0.195588,0.238057,-0.415128,-0.139977,0.260950,-0.413222,-0.192119
2026-08-05 17:53:51.093,282.399731,0.000000,0.000000,0.000000,0.336074,-0.381087,-0.226344,0.136526,-0.367206,-0.228824,0.236300,-0.374146,-0.227584,0.207442,-0.412959,-0.195077,0.238170,-0.413069,-0.139538,0.260449,-0.410136,-0.192329
2026-08-05 17:53:51.193,282.499731,0.000000,0.000000,0.000000,0.337290,-0.386331,-0.227444,0.137486,-0.373451,-0.229846,0.237388,-0.379891,-0.228645,0.208402,-0.419205,-0.196099,0.239109,-0.419350,-0.141272,0.261409,-0.416382,-0.193351
2026-08-05 17:53:51.293,282.599730,0.000000,0.000000,0.000000,0.336714,-0.385250,-0.227026,0.137166,-0.371369,-0.229505,0.236940,-0.378310,-0.228265,0.208222,-0.415092,-0.195827,0.239479,-0.417352,-0.141662,0.261240,-0.413290,-0.193039
2026-08-05 17:53:51.393,282.699730,0.000000,0.000000,0.000000,0.336394,-0.383169,-0.226685,0.136846,-0.369287,-0.229165,0.236620,-0.376228,-0.227925,0.207832,-0.414026,-0.195452,0.239398,-0.413237,-0.141219,0.260921,-0.411208,-0.192699
2026-08-05 17:53:51.493,282.799730,0.000000,0.000000,0.000000,0.336810,-0.383209,-0.226933,0.137006,-0.370328,-0.229335,0.236908,-0.376768,-0.228134,0.208705,-0.415114,-0.195641,0.240190,-0.414870,-0.142148,0.260929,-0.413259,-0.192840
2026-08-05 17:53:51.593,282.899730,0.000000,0.000000,0.000000,0.336170,-0.379045,-0.226252,0.136366,-0.366165,-0.228654,0.236268,-0.372605,-0.227453,0.207994,-0.411966,-0.194926,0.239589,-0.410234,-0.142156,0.260441,-0.408085,-0.192188
2026-08-05 17:53:51.693,282.999730,0.000000,0.000000,0.000000,0.336490,-0.381127,-0.226593,0.136647,-0.367227,-0.229076,0.236568,-0.374177,-0.227834,0.208222,-0.415099,-0.195944,0.239909,-0.412316,-0.142497,0.260761,-0.410167,-0.192528
2026-08-05 17:53:51.793,283.099730,0.000000,0.000000,0.000000,0.336714,-0.385250,-0.227026,0.137166,-0.371369,-0.229505,0.236940,-0.378310,-0.228265,0.208773,-0.417206,-0.196491,0.241081,-0.415522,-0.143741,0.261240,-0.413290,-0.193039
2026-08-05 17:53:51.893,283.199730,0.000000,0.000000,0.000000,0.336810,-0.383209,-0.226933,0.136967,-0.369308,-0.229416,0.236888,-0.376259,-0.228175,0.208613,-0.416165,-0.196320,0.240921,-0.414481,-0.143570,0.261081,-0.412249,-0.192869
2026-08-05 17:53:51.993,283.299730,0.000000,0.000000,0.000000,0.335914,-0.380046,-0.226174,0.136366,-0.366165,-0.228654,0.236140,-0.373105,-0.227414,0.208044,-0.410986,-0.195674,0.240260,-0.410353,-0.143603,0.260441,-0.408085,-0.192188
2026-08-05 17:53:52.093,283.399730,0.000000,0.000000,0.000000,0.336170,-0.379045,-0.226252,0.136366,-0.366165,-0.228654,0.236268,-0.372605,-0.227453,0.207973,-0.412002,-0.195639,0.240139,-0.411369,-0.143650,0.260441,-0.408085,-0.192188
2026-08-05 17:53:52.193,283.499730,0.000000,0.000000,0.000000,0.336810,-0.383209,-0.226933,0.137006,-0.370328,-0.229335,0.236908,-0.376768,-0.228134,0.208684,-0.415150,-0.196355,0.241469,-0.415617,-0.145063,0.261081,-0.412249,-0.192869
2026-08-05 17:53:52.293,283.599730,0.000000,0.000000,0.000000,0.336554,-0.384209,-0.226855,0.137006,-0.370328,-0.229335,0.236780,-0.377269,-0.228095,0.208613,-0.416165,-0.196320,0.241469,-0.415617,-0.145063,0.261081,-0.412249,-0.192869
2026-08-05 17:53:52.393,283.699729,0.000000,0.000000,0.000000,0.335754,-0.379005,-0.226004,0.136206,-0.365124,-0.228483,0.235980,-0.372064,-0.227243,0.207742,-0.411976,-0.195433,0.240792,-0.409396,-0.144166,0.260281,-0.407044,-0.192017
2026-08-05 17:53:52.493,283.799729,0.000000,0.000000,0.000000,0.335754,-0.379005,-0.226004,0.136206,-0.365124,-0.228483,0.235980,-0.372064,-0.227243,0.207813,-0.410961,-0.195469,0.240649,-0.410448,-0.144925,0.260281,-0.407044,-0.192017
2026-08-05 17:53:52.593,283.899729,0.000000,0.000000,0.000000,0.336650,-0.382168,-0.226763,0.136846,-0.369287,-0.229165,0.236748,-0.375728,-0.227964,0.208453,-0.415124,-0.196150,0.241411,-0.413596,-0.145562,0.260921,-0.411208,-0.192699
2026-08-05 17:53:52.693,283.999729,0.000000,0.000000,0.000000,0.336490,-0.381127,-0.226593,0.136686,-0.368246,-0.228994,0.236588,-0.374687,-0.227793,0.208293,-0.414083,-0.195980,0.241128,-0.413571,-0.145436,0.260609,-0.411177,-0.192499
2026-08-05 17:53:52.793,284.099729,0.000000,0.000000,0.000000,0.336490,-0.381127,-0.226593,0.136686,-0.368246,-0.228994,0.236588,-0.374687,-0.227793,0.208293,-0.414083,-0.195980,0.241251,-0.412555,-0.145392,0.260761,-0.410167,-0.192528
2026-08-05 17:53:52.893,284.199729,0.000000,0.000000,0.000000,0.336810,-0.383209,-0.226933,0.137006,-0.370328,-0.229335,0.236908,-0.376768,-0.228134,0.209397,-0.415198,-0.196374,0.241571,-0.414637,-0.145732,0.260929,-0.413259,-0.192840
2026-08-05 17:53:52.993,284.299729,0.000000,0.000000,0.000000,0.336874,-0.386291,-0.227196,0.137326,-0.372410,-0.229676,0.237100,-0.379351,-0.228436,0.209717,-0.417280,-0.196715,0.241891,-0.416718,-0.146073,0.261249,-0.415341,-0.193180
2026-08-05 17:53:53.093,284.399729,0.000000,0.000000,0.000000,0.336490,-0.381127,-0.226593,0.136647,-0.367227,-0.229076,0.236568,-0.374177,-0.227834,0.209005,-0.414131,-0.195998,0.241251,-0.412555,-0.145392,0.260041,-0.410119,-0.192510
2026-08-05 17:53:53.193,284.499729,0.000000,0.000000,0.000000,0.335754,-0.379005,-0.226004,0.136206,-0.365124,-0.228483,0.235980,-0.372064,-0.227243,0.208525,-0.411008,-0.195487,0.240058,-0.409385,-0.144862,0.259561,-0.406996,-0.191998
2026-08-05 17:53:53.293,284.599729,0.000000,0.000000,0.000000,0.336330,-0.380086,-0.226422,0.136487,-0.366186,-0.228905,0.236409,-0.373136,-0.227664,0.208989,-0.411060,-0.195898,0.240500,-0.410450,-0.145158,0.260032,-0.408068,-0.192369
2026-08-05 17:53:53.393,284.699728,0.000000,0.000000,0.000000,0.336170,-0.379045,-0.226252,0.136366,-0.366165,-0.228654,0.236268,-0.372605,-0.227453,0.209491,-0.411045,-0.194997,0.240218,-0.410425,-0.145032,0.259872,-0.407027,-0.192198
2026-08-05 17:53:53.493,284.799728,0.000000,0.000000,0.000000,0.336490,-0.381127,-0.226593,0.136686,-0.368246,-0.228994,0.236588,-0.374687,-0.227793,0.209811,-0.413127,-0.195337,0.240660,-0.411491,-0.145329,0.260192,-0.409109,-0.192539
2026-08-05 17:53:53.593,284.899728,0.000000,0.000000,0.000000,0.336810,-0.383209,-0.226933,0.137044,-0.371348,-0.229253,0.236927,-0.377278,-0.228093,0.210204,-0.414194,-0.195712,0.240979,-0.413573,-0.145669,0.260511,-0.411191,-0.192880
2026-08-05 17:53:53.693,284.999728,0.000000,0.000000,0.000000,0.336650,-0.382168,-0.226763,0.136807,-0.368268,-0.229246,0.236728,-0.375218,-0.228005,0.209934,-0.414676,-0.195491,0.240941,-0.411516,-0.145455,0.260352,-0.410150,-0.192709
2026-08-05 17:53:53.793,285.099728,0.000000,0.000000,0.000000,0.337290,-0.386331,-0.227444,0.137486,-0.373451,-0.229846,0.237388,-0.379891,-0.228645,0.210684,-0.417317,-0.196223,0.241459,-0.416696,-0.146180,0.260991,-0.414313,-0.193391
2026-08-05 17:53:53.893,285.199728,0.000000,0.000000,0.000000,0.337130,-0.385290,-0.227274,0.137326,-0.372410,-0.229676,0.237228,-0.378850,-0.228475,0.210451,-0.417291,-0.196019,0.241178,-0.416671,-0.146054,0.260681,-0.414283,-0.193191
2026-08-05 17:53:53.993,285.299728,0.000000,0.000000,0.000000,0.336234,-0.382128,-0.226515,0.136686,-0.368246,-0.228994,0.236460,-0.375187,-0.227754,0.209884,-0.412112,-0.195372,0.240660,-0.411491,-0.145329,0.260041,-0.410119,-0.192510
2026-08-05 17:53:54.093,285.399728,0.000000,0.000000,0.000000,0.336970,-0.384250,-0.227104,0.136447,-0.372339,-0.229404,0.236708,-0.378294,-0.228254,0.210364,-0.415235,-0.195883,0.241139,-0.414614,-0.145840,0.260521,-0.413242,-0.193021
2026-08-05 17:53:54.193,285.499728,0.000000,0.000000,0.000000,0.336074,-0.381087,-0.226344,0.136565,-0.368225,-0.228742,0.236319,-0.374656,-0.227543,0.209724,-0.411071,-0.195201,0.240500,-0.410450,-0.145158,0.260032,-0.408068,-0.192369
2026-08-05 17:53:54.293,285.599728,0.000000,0.000000,0.000000,0.336330,-0.380086,-0.226422,0.136526,-0.367206,-0.228824,0.236428,-0.373646,-0.227623,0.209724,-0.411071,-0.195201,0.240500,-0.410450,-0.145158,0.259881,-0.409078,-0.192339
2026-08-05 17:53:54.393,285.699728,0.000000,0.000000,0.000000,0.336650,-0.382168,-0.226763,0.136846,-0.369287,-0.229165,0.236748,-0.375728,-0.227964,0.209971,-0.414168,-0.195508,0.240759,-0.413040,-0.145521,0.260352,-0.410150,-0.192709
2026-08-05 17:53:54.493,285.799727,0.000000,0.000000,0.000000,0.336554,-0.384209,-0.226855,0.137006,-0.370328,-0.229335,0.236780,-0.377269,-0.228095,0.210204,-0.414194,-0.195712,0.240979,-0.413573,-0.145669,0.260361,-0.412201,-0.192850
2026-08-05 17:53:54.593,285.899727,0.000000,0.000000,0.000000,0.336490,-0.381127,-0.226593,0.136686,-0.368246,-0.228994,0.236588,-0.374687,-0.227793,0.209958,-0.411097,-0.195406,0.240660,-0.411491,-0.145329,0.260192,-0.409109,-0.192539
2026-08-05 17:53:54.693,285.999727,0.000000,0.000000,0.000000,0.336810,-0.383209,-0.226933,0.137006,-0.370328,-0.229335,0.236908,-0.376768,-0.228134,0.210204,-0.414194,-0.195712,0.240958,-0.413609,-0.146385,0.260511,-0.411191,-0.192880
2026-08-05 17:53:54.793,286.099727,0.000000,0.000000,0.000000,0.336490,-0.381127,-0.226593,0.136647,-0.367227,-0.229076,0.236568,-0.374177,-0.227834,0.209884,-0.412112,-0.195372,0.240639,-0.411527,-0.146044,0.260041,-0.410119,-0.192510
2026-08-05 17:53:54.893,286.199727,0.000000,0.000000,0.000000,0.336714,-0.385250,-0.227026,0.137166,-0.371369,-0.229505,0.236940,-0.378310,-0.228265,0.210291,-0.416250,-0.195849,0.241118,-0.414650,-0.146555,0.260521,-0.413242,-0.193021
2026-08-05 17:53:54.993,286.299727,0.000000,0.000000,0.000000,0.335754,-0.379005,-0.226004,0.136167,-0.364104,-0.228565,0.235961,-0.371554,-0.227284,0.209383,-0.409025,-0.195576,0.240159,-0.408405,-0.145533,0.259712,-0.405986,-0.192028
2026-08-05 17:53:55.093,286.399727,0.000000,0.000000,0.000000,0.336490,-0.381127,-0.226593,0.136686,-0.368246,-0.228994,0.236588,-0.374687,-0.227793,0.209863,-0.412148,-0.196087,0.239924,-0.411480,-0.146026,0.260192,-0.409109,-0.192539
2026-08-05 17:53:55.193,286.499727,0.000000,0.000000,0.000000,0.336010,-0.378004,-0.226082,0.136167,-0.364104,-0.228565,0.236089,-0.371054,-0.227323,0.209310,-0.410040,-0.195541,0.239324,-0.409373,-0.145558,0.259561,-0.406996,-0.191998
2026-08-05 17:53:55.293,286.599727,0.000000,0.000000,0.000000,0.336490,-0.381127,-0.226593,0.136686,-0.368246,-0.228994,0.236588,-0.374687,-0.227793,0.209863,-0.412148,-0.196087,0.239804,-0.412496,-0.146069,0.260192,-0.409109,-0.192539
2026-08-05 17:53:55.393,286.699727,0.000000,0.000000,0.000000,0.335754,-0.379005,-0.226004,0.136206,-0.365124,-0.228483,0.235980,-0.372064,-0.227243,0.209383,-0.409025,-0.195576,0.239225,-0.410353,-0.144888,0.259712,-0.405986,-0.192028
2026-08-05 17:53:55.493,286.799726,0.000000,0.000000,0.000000,0.336330,-0.380086,-0.226422,0.136526,-0.367206,-0.228824,0.236428,-0.373646,-0.227623,0.209703,-0.411107,-0.195917,0.238952,-0.411372,-0.145165,0.259881,-0.409078,-0.192339
2026-08-05 17:53:55.593,286.899726,0.000000,0.000000,0.000000,0.335530,-0.374881,-0.225571,0.135726,-0.362001,-0.227972,0.235628,-0.368441,-0.226771,0.208904,-0.405903,-0.195065,0.238033,-0.407183,-0.144358,0.259383,-0.401853,-0.191546
2026-08-05 17:53:55.693,286.999726,0.000000,0.000000,0.000000,0.335850,-0.376963,-0.225911,0.136007,-0.363063,-0.228394,0.235929,-0.370013,-0.227153,0.209223,-0.407984,-0.195406,0.237662,-0.409182,-0.143967,0.259702,-0.403935,-0.191887
2026-08-05 17:53:55.793,287.099726,0.000000,0.000000,0.000000,0.336394,-0.383169,-0.226685,0.136846,-0.369287,-0.229165,0.236620,-0.376228,-0.227925,0.210023,-0.413189,-0.196258,0.238462,-0.414386,-0.144819,0.260502,-0.409139,-0.192739
2026-08-05 17:53:55.893,287.199726,0.000000,0.000000,0.000000,0.335914,-0.380046,-0.226174,0.136366,-0.366165,-0.228654,0.236140,-0.373105,-0.227414,0.209543,-0.410066,-0.195746,0.238003,-0.411227,-0.143594,0.259872,-0.407027,-0.192198
2026-08-05 17:53:55.993,287.299726,0.000000,0.000000,0.000000,0.336810,-0.383209,-0.226933,0.137006,-0.370328,-0.229335,0.236908,-0.376768,-0.228134,0.210183,-0.414230,-0.196428,0.238643,-0.415391,-0.144276,0.260662,-0.410180,-0.192909
2026-08-05 17:53:56.093,287.399726,0.000000,0.000000,0.000000,0.336234,-0.382128,-0.226515,0.136686,-0.368246,-0.228994,0.236460,-0.375187,-0.227754,0.209863,-0.412148,-0.196087,0.238225,-0.414290,-0.143269,0.260342,-0.408098,-0.192568
2026-08-05 17:53:56.193,287.499726,0.000000,0.000000,0.000000,0.337194,-0.388373,-0.227537,0.136887,-0.374442,-0.229996,0.237040,-0.381407,-0.228767,0.210750,-0.419409,-0.197074,0.239303,-0.419519,-0.144244,0.261302,-0.414344,-0.193590
2026-08-05 17:53:56.293,287.599726,0.000000,0.000000,0.000000,0.336554,-0.384209,-0.226855,0.137006,-0.370328,-0.229335,0.236780,-0.377269,-0.228095,0.210183,-0.414230,-0.196428,0.238566,-0.416336,-0.142898,0.260662,-0.410180,-0.192909
2026-08-05 17:53:56.393,287.699726,0.000000,0.000000,0.000000,0.336330,-0.380086,-0.226422,0.136487,-0.366186,-0.228905,0.236409,-0.373136,-0.227664,0.209703,-0.411107,-0.195917,0.238205,-0.412196,-0.142338,0.260182,-0.407057,-0.192398
2026-08-05 17:53:56.493,287.799726,0.000000,0.000000,0.000000,0.336234,-0.382128,-0.226515,0.136686,-0.368246,-0.228994,0.236460,-0.375187,-0.227754,0.209863,-0.412148,-0.196087,0.238246,-0.414254,-0.142557,0.260493,-0.407088,-0.192598
2026-08-05 17:53:56.593,287.899725,0.000000,0.000000,0.000000,0.336490,-0.381127,-0.226593,0.136647,-0.367227,-0.229076,0.236568,-0.374177,-0.227834,0.209863,-0.412148,-0.196087,0.238386,-0.413201,-0.141795,0.260342,-0.408098,-0.192568
2026-08-05 17:53:56.693,287.999725,0.000000,0.000000,0.000000,0.336490,-0.381127,-0.226593,0.136686,-0.368246,-0.228994,0.236588,-0.374687,-0.227793,0.209863,-0.412148,-0.196087,0.238386,-0.413201,-0.141795,0.260342,-0.408098,-0.192568
2026-08-05 17:53:56.793,288.099725,0.000000,0.000000,0.000000,0.336170,-0.379045,-0.226252,0.136366,-0.366165,-0.228654,0.236268,-0.372605,-0.227453,0.209470,-0.411081,-0.195711,0.237947,-0.412136,-0.141504,0.260173,-0.405006,-0.192257
2026-08-05 17:53:56.893,288.199725,0.000000,0.000000,0.000000,0.336330,-0.380086,-0.226422,0.136526,-0.367206,-0.228824,0.236428,-0.373646,-0.227623,0.209703,-0.411107,-0.195917,0.238128,-0.413141,-0.140962,0.260182,-0.407057,-0.192398
2026-08-05 17:53:56.993,288.299725,0.000000,0.000000,0.000000,0.336554,-0.384209,-0.226855,0.136967,-0.369308,-0.229416,0.236761,-0.376759,-0.228136,0.210183,-0.414230,-0.196428,0.238727,-0.415247,-0.141422,0.260662,-0.410180,-0.192909
2026-08-05 17:53:57.093,288.399725,0.000000,0.000000,0.000000,0.336490,-0.381127,-0.226593,0.136686,-0.368246,-0.228994,0.236588,-0.374687,-0.227793,0.209863,-0.412148,-0.196087,0.238250,-0.414654,-0.140446,0.260493,-0.407088,-0.192598
2026-08-05 17:53:57.193,288.499725,0.000000,0.000000,0.000000,0.336810,-0.383209,-0.226933,0.137006,-0.370328,-0.229335,0.236908,-0.376768,-0.228134,0.210183,-0.414230,-0.196428,0.238748,-0.415211,-0.140709,0.260662,-0.410180,-0.192909
2026-08-05 17:53:57.293,288.599725,0.000000,0.000000,0.000000,0.336074,-0.381087,-0.226344,0.136526,-0.367206,-0.228824,0.236300,-0.374146,-0.227584,0.209703,-0.411107,-0.195917,0.238149,-0.413105,-0.140250,0.260333,-0.406047,-0.192427
2026-08-05 17:53:57.393,288.699725,0.000000,0.000000,0.000000,0.336010,-0.378004,-0.226082,0.136167,-0.364104,-0.228565,0.236089,-0.371054,-0.227323,0.209383,-0.409025,-0.195576,0.237969,-0.409970,-0.139144,0.259862,-0.404976,-0.192057
2026-08-05 17:53:57.493,288.799725,0.000000,0.000000,0.000000,0.336874,-0.386291,-0.227196,0.137326,-0.372410,-0.229676,0.237100,-0.379351,-0.228436,0.210597,-0.415261,-0.196087,0.238494,-0.416193,-0.140264,0.261704,-0.412310,-0.193269
2026-08-05 17:53:57.593,288.899724,0.000000,0.000000,0.000000,0.336714,-0.385250,-0.227026,0.137127,-0.370349,-0.229587,0.236921,-0.377800,-0.228306,0.210364,-0.415235,-0.195883,0.238949,-0.416180,-0.139452,0.261696,-0.410259,-0.193128
2026-08-05 17:53:57.693,288.999724,0.000000,0.000000,0.000000,0.336234,-0.382128,-0.226515,0.136647,-0.367227,-0.229076,0.236441,-0.374677,-0.227795,0.209958,-0.411097,-0.195406,0.237758,-0.413010,-0.138923,0.261216,-0.407136,-0.192617
2026-08-05 17:53:57.793,289.099724,0.000000,0.000000,0.000000,0.336810,-0.383209,-0.226933,0.137006,-0.370328,-0.229335,0.236908,-0.376768,-0.228134,0.210204,-0.414194,-0.195712,0.237960,-0.416108,-0.139318,0.261384,-0.410228,-0.192928
2026-08-05 17:53:57.893,289.199724,0.000000,0.000000,0.000000,0.336234,-0.382128,-0.226515,0.136725,-0.369266,-0.228913,0.236479,-0.375697,-0.227714,0.209884,-0.412112,-0.195372,0.237779,-0.412974,-0.138210,0.261064,-0.408146,-0.192587
2026-08-05 17:53:57.993,289.299724,0.000000,0.000000,0.000000,0.336650,-0.382168,-0.226763,0.136846,-0.369287,-0.229165,0.236748,-0.375728,-0.227964,0.210118,-0.412138,-0.195576,0.237821,-0.415032,-0.138435,0.261397,-0.408141,-0.192062
2026-08-05 17:53:58.093,289.399724,0.000000,0.000000,0.000000,0.336170,-0.379045,-0.226252,0.136366,-0.366165,-0.228654,0.236268,-0.372605,-0.227453,0.209564,-0.410030,-0.195031,0.237245,-0.412890,-0.137269,0.260917,-0.405018,-0.191551
2026-08-05 17:53:58.193,289.499724,0.000000,0.000000,0.000000,0.336650,-0.382168,-0.226763,0.136846,-0.369287,-0.229165,0.236748,-0.375728,-0.227964,0.210044,-0.413153,-0.195542,0.237842,-0.414996,-0.137723,0.261246,-0.409151,-0.192034
2026-08-05 17:53:58.293,289.599724,0.000000,0.000000,0.000000,0.336970,-0.384250,-0.227104,0.137127,-0.370349,-0.229587,0.237048,-0.377299,-0.228345,0.210364,-0.415235,-0.195883,0.237568,-0.416013,-0.137989,0.261717,-0.410222,-0.192403
2026-08-05 17:53:58.393,289.699724,0.000000,0.000000,0.000000,0.336554,-0.384209,-0.226855,0.136967,-0.369308,-0.229416,0.236761,-0.376759,-0.228136,0.210204,-0.414194,-0.195712,0.237312,-0.415953,-0.137163,0.261557,-0.409182,-0.192233
2026-08-05 17:53:58.493,289.799724,0.000000,0.000000,0.000000,0.336330,-0.380086,-0.226422,0.136526,-0.367206,-0.228824,0.236428,-0.373646,-0.227623,0.208938,-0.412039,-0.195149,0.236832,-0.412830,-0.136652,0.261077,-0.406059,-0.191722
2026-08-05 17:53:58.593,289.899724,0.000000,0.000000,0.000000,0.336330,-0.380086,-0.226422,0.136487,-0.366186,-0.228905,0.236409,-0.373136,-0.227664,0.209724,-0.411071,-0.195201,0.236483,-0.415882,-0.136825,0.260926,-0.407069,-0.191693
2026-08-05 17:53:58.693,289.999723,0.000000,0.000000,0.000000,0.336490,-0.381127,-0.226593,0.135927,-0.368196,-0.228974,0.236208,-0.374661,-0.227784,0.209170,-0.412065,-0.195353,0.236781,-0.415870,-0.136228,0.261237,-0.407100,-0.191892
2026-08-05 17:53:58.793,290.099723,0.000000,0.000000,0.000000,0.336074,-0.381087,-0.226344,0.136526,-0.367206,-0.228824,0.236300,-0.374146,-0.227584,0.209046,-0.410516,-0.195200,0.236737,-0.413812,-0.135998,0.260926,-0.407069,-0.191693
2026-08-05 17:53:58.893,290.199723,0.000000,0.000000,0.000000,0.335754,-0.379005,-0.226004,0.136206,-0.365124,-0.228483,0.235980,-0.372064,-0.227243,0.208690,-0.408942,-0.194842,0.236533,-0.410713,-0.135599,0.260606,-0.404987,-0.191353
2026-08-05 17:53:58.993,290.299723,0.000000,0.000000,0.000000,0.336394,-0.383169,-0.226685,0.136846,-0.369287,-0.229165,0.236620,-0.376228,-0.227925,0.209330,-0.413105,-0.195523,0.236845,-0.417892,-0.135748,0.261246,-0.409151,-0.192034
2026-08-05 17:53:59.093,290.399723,0.000000,0.000000,0.000000,0.336714,-0.385250,-0.227026,0.137127,-0.370349,-0.229587,0.236921,-0.377800,-0.228306,0.209650,-0.415187,-0.195864,0.237281,-0.418957,-0.136029,0.261717,-0.410222,-0.192403
2026-08-05 17:53:59.193,290.499723,0.000000,0.000000,0.000000,0.336810,-0.383209,-0.226933,0.137006,-0.370328,-0.229335,0.236908,-0.376768,-0.228134,0.209490,-0.414146,-0.195694,0.236528,-0.416851,-0.135780,0.261557,-0.409182,-0.192233
2026-08-05 17:53:59.293,290.599723,0.000000,0.000000,0.000000,0.336970,-0.384250,-0.227104,0.137166,-0.371369,-0.229505,0.237068,-0.377809,-0.228304,0.209578,-0.416202,-0.195830,0.236919,-0.415858,-0.135830,0.262134,-0.412291,-0.192365
2026-08-05 17:53:59.393,290.699723,0.000000,0.000000,0.000000,0.336170,-0.379045,-0.226252,0.136366,-0.366165,-0.228654,0.236268,-0.372605,-0.227453,0.208835,-0.410454,-0.194280,0.235909,-0.412652,-0.134387,0.260766,-0.406028,-0.191523
2026-08-05 17:53:59.493,290.799723,0.000000,0.000000,0.000000,0.336234,-0.382128,-0.226515,0.136647,-0.367227,-0.229076,0.236441,-0.374677,-0.227795,0.209170,-0.412065,-0.195353,0.236460,-0.412699,-0.134606,0.261808,-0.408158,-0.191883
2026-08-05 17:53:59.593,290.899723,0.000000,0.000000,0.000000,0.336650,-0.382168,-0.226763,0.136846,-0.369287,-0.229165,0.236748,-0.375728,-0.227964,0.209279,-0.414085,-0.194775,0.235794,-0.414710,-0.134819,0.261967,-0.409199,-0.192053
2026-08-05 17:53:59.693,290.999722,0.000000,0.000000,0.000000,0.336170,-0.379045,-0.226252,0.136405,-0.367184,-0.228572,0.236287,-0.373115,-0.227412,0.208871,-0.409947,-0.194297,0.235314,-0.411587,-0.134308,0.261488,-0.406076,-0.191542
2026-08-05 17:53:59.793,291.099722,0.000000,0.000000,0.000000,0.336714,-0.385250,-0.227026,0.137166,-0.371369,-0.229505,0.236940,-0.378310,-0.228265,0.209671,-0.415151,-0.195148,0.236249,-0.415738,-0.134385,0.262287,-0.411281,-0.192394
2026-08-05 17:53:59.893,291.199722,0.000000,0.000000,0.000000,0.336330,-0.380086,-0.226422,0.136526,-0.367206,-0.228824,0.236428,-0.373646,-0.227623,0.209031,-0.410987,-0.194467,0.235609,-0.411575,-0.133704,0.261648,-0.407117,-0.191712
2026-08-05 17:53:59.993,291.299722,0.000000,0.000000,0.000000,0.336234,-0.382128,-0.226515,0.136686,-0.368246,-0.228994,0.236460,-0.375187,-0.227754,0.209191,-0.412028,-0.194637,0.235883,-0.411598,-0.133812,0.261808,-0.408158,-0.191883
2026-08-05 17:54:00.093,291.399722,0.000000,0.000000,0.000000,0.336970,-0.384250,-0.227104,0.137204,-0.372389,-0.229424,0.237087,-0.378319,-0.228264,0.209599,-0.416166,-0.195115,0.236041,-0.417737,-0.133798,0.262287,-0.411281,-0.192394
2026-08-05 17:54:00.193,291.499722,0.000000,0.000000,0.000000,0.336234,-0.382128,-0.226515,0.136686,-0.368246,-0.228994,0.236460,-0.375187,-0.227754,0.209191,-0.412028,-0.194637,0.235904,-0.411562,-0.133097,0.261655,-0.409168,-0.191854
2026-08-05 17:54:00.293,291.599722,0.000000,0.000000,0.000000,0.335530,-0.374881,-0.225571,0.135726,-0.362001,-0.227972,0.235628,-0.368441,-0.226771,0.208231,-0.405783,-0.193615,0.234773,-0.406843,-0.132170,0.260848,-0.401912,-0.190860
2026-08-05 17:54:00.393,291.699722,0.000000,0.000000,0.000000,0.336714,-0.385250,-0.227026,0.137204,-0.372389,-0.229424,0.236959,-0.378820,-0.228225,0.209671,-0.415151,-0.195148,0.235445,-0.416673,-0.133716,0.262287,-0.411281,-0.192394
2026-08-05 17:54:00.493,291.799722,0.000000,0.000000,0.000000,0.336714,-0.385250,-0.227026,0.137166,-0.371369,-0.229505,0.236940,-0.378310,-0.228265,0.209671,-0.415151,-0.195148,0.235352,-0.417654,-0.133069,0.262134,-0.412291,-0.192365
2026-08-05 17:54:00.593,291.899722,0.000000,0.000000,0.000000,0.336554,-0.384209,-0.226855,0.137006,-0.370328,-0.229335,0.236780,-0.377269,-0.228095,0.208868,-0.413048,-0.194992,0.235419,-0.414578,-0.132769,0.262127,-0.410240,-0.192223
2026-08-05 17:54:00.693,291.999722,0.000000,0.000000,0.000000,0.336394,-0.383169,-0.226685,0.136846,-0.369287,-0.229165,0.236620,-0.376228,-0.227925,0.208637,-0.413022,-0.194789,0.235032,-0.415572,-0.132728,0.261967,-0.409199,-0.192053
2026-08-05 17:54:00.793,292.099721,0.000000,0.000000,0.000000,0.336810,-0.383209,-0.226933,0.137006,-0.370328,-0.229335,0.236908,-0.376768,-0.228134,0.208726,-0.415078,-0.194927,0.235192,-0.416613,-0.132899,0.262127,-0.410240,-0.192223
2026-08-05 17:54:00.893,292.199721,0.000000,0.000000,0.000000,0.336554,-0.384209,-0.226855,0.137006,-0.370328,-0.229335,0.236780,-0.377269,-0.228095,0.208797,-0.414063,-0.194959,0.235192,-0.416613,-0.132899,0.262127,-0.410240,-0.192223
2026-08-05 17:54:00.993,292.299721,0.000000,0.000000,0.000000,0.336074,-0.381087,-0.226344,0.136526,-0.367206,-0.228824,0.236300,-0.374146,-0.227584,0.208246,-0.411955,-0.194416,0.234713,-0.413490,-0.132387,0.261495,-0.408127,-0.191684
2026-08-05 17:54:01.093,292.399721,0.000000,0.000000,0.000000,0.337610,-0.388413,-0.227785,0.137805,-0.375533,-0.230187,0.237707,-0.381973,-0.228986,0.209597,-0.419268,-0.195811,0.235170,-0.422788,-0.133796,0.262927,-0.415444,-0.193075
2026-08-05 17:54:01.193,292.499721,0.000000,0.000000,0.000000,0.336490,-0.381127,-0.226593,0.136686,-0.368246,-0.228994,0.236588,-0.374687,-0.227793,0.208477,-0.411981,-0.194619,0.234184,-0.414448,-0.131828,0.261655,-0.409168,-0.191854
2026-08-05 17:54:01.293,292.599721,0.000000,0.000000,0.000000,0.335754,-0.379005,-0.226004,0.136245,-0.366143,-0.228402,0.236000,-0.372574,-0.227203,0.207997,-0.408858,-0.194108,0.233704,-0.411325,-0.131317,0.261175,-0.406045,-0.191343
2026-08-05 17:54:01.393,292.699721,0.000000,0.000000,0.000000,0.336650,-0.382168,-0.226763,0.136846,-0.369287,-0.229165,0.236748,-0.375728,-0.227964,0.208637,-0.413022,-0.194789,0.234232,-0.416507,-0.132064,0.261967,-0.409199,-0.192053
2026-08-05 17:54:01.493,292.799721,0.000000,0.000000,0.000000,0.336650,-0.382168,-0.226763,0.136846,-0.369287,-0.229165,0.236748,-0.375728,-0.227964,0.208637,-0.413022,-0.194789,0.234232,-0.416507,-0.132064,0.261967,-0.409199,-0.192053
2026-08-05 17:54:01.593,292.899721,0.000000,0.000000,0.000000,0.336970,-0.384250,-0.227104,0.137166,-0.371369,-0.229505,0.237068,-0.377809,-0.228304,0.208957,-0.415104,-0.195130,0.234551,-0.418589,-0.132405,0.262287,-0.411281,-0.192394
2026-08-05 17:54:01.693,292.999721,0.000000,0.000000,0.000000,0.336554,-0.384209,-0.226855,0.137006,-0.370328,-0.229335,0.236780,-0.377269,-0.228095,0.208726,-0.415078,-0.194927,0.234279,-0.418566,-0.132300,0.262127,-0.410240,-0.192223
2026-08-05 17:54:01.793,293.099720,0.000000,0.000000,0.000000,0.337130,-0.385290,-0.227274,0.137326,-0.372410,-0.229676,0.237228,-0.378850,-0.228475,0.209188,-0.415129,-0.195333,0.234599,-0.420648,-0.132641,0.262294,-0.413332,-0.192536
2026-08-05 17:54:01.893,293.199720,0.000000,0.000000,0.000000,0.336490,-0.381127,-0.226593,0.136686,-0.368246,-0.228994,0.236588,-0.374687,-0.227793,0.208477,-0.411981,-0.194619,0.234072,-0.415466,-0.131894,0.261655,-0.409168,-0.191854
2026-08-05 17:54:01.993,293.299720,0.000000,0.000000,0.000000,0.336970,-0.384250,-0.227104,0.137166,-0.371369,-0.229505,0.237068,-0.377809,-0.228304,0.208957,-0.415104,-0.195130,0.234551,-0.418589,-0.132405,0.262134,-0.412291,-0.192365
2026-08-05 17:54:02.093,293.399720,0.000000,0.000000,0.000000,0.336394,-0.383169,-0.226685,0.136846,-0.369287,-0.229165,0.236620,-0.376228,-0.227925,0.208637,-0.413022,-0.194789,0.234232,-0.416507,-0.132064,0.261967,-0.409199,-0.192053
2026-08-05 17:54:02.193,293.499720,0.000000,0.000000,0.000000,0.336810,-0.383209,-0.226933,0.137006,-0.370328,-0.229335,0.236908,-0.376768,-0.228134,0.208797,-0.414063,-0.194959,0.234392,-0.417548,-0.132235,0.262127,-0.410240,-0.192223
2026-08-05 17:54:02.293,293.599720,0.000000,0.000000,0.000000,0.335754,-0.379005,-0.226004,0.136206,-0.365124,-0.228483,0.235980,-0.372064,-0.227243,0.207997,-0.408858,-0.194108,0.233592,-0.412343,-0.131383,0.261328,-0.405035,-0.191371
2026-08-05 17:54:02.393,293.699720,0.000000,0.000000,0.000000,0.336394,-0.383169,-0.226685,0.136846,-0.369287,-0.229165,0.236620,-0.376228,-0.227925,0.208495,-0.415052,-0.194723,0.233523,-0.416460,-0.132046,0.261815,-0.410209,-0.192025
2026-08-05 17:54:02.493,293.799720,0.000000,0.000000,0.000000,0.336970,-0.384250,-0.227104,0.137166,-0.371369,-0.229505,0.237068,-0.377809,-0.228304,0.208886,-0.416119,-0.195097,0.234664,-0.417571,-0.132339,0.262134,-0.412291,-0.192365
2026-08-05 17:54:02.593,293.899720,0.000000,0.000000,0.000000,0.336554,-0.384209,-0.226855,0.137006,-0.370328,-0.229335,0.236780,-0.377269,-0.228095,0.208726,-0.415078,-0.194927,0.233683,-0.417501,-0.132216,0.261974,-0.411250,-0.192195
2026-08-05 17:54:02.693,293.999720,0.000000,0.000000,0.000000,0.336234,-0.382128,-0.226515,0.136686,-0.368246,-0.228994,0.236460,-0.375187,-0.227754,0.208477,-0.411981,-0.194619,0.233252,-0.416437,-0.131941,0.261808,-0.408158,-0.191883
2026-08-05 17:54:02.793,294.099720,0.000000,0.000000,0.000000,0.336490,-0.381127,-0.226593,0.136686,-0.368246,-0.228994,0.236588,-0.374687,-0.227793,0.208477,-0.411981,-0.194619,0.233273,-0.416401,-0.131232,0.261655,-0.409168,-0.191854
2026-08-05 17:54:02.893,294.199719,0.000000,0.000000,0.000000,0.336554,-0.384209,-0.226855,0.137006,-0.370328,-0.229335,0.236780,-0.377269,-0.228095,0.208797,-0.414063,-0.194959,0.233704,-0.417465,-0.131506,0.261974,-0.411250,-0.192195
2026-08-05 17:54:02.993,294.299719,0.000000,0.000000,0.000000,0.336874,-0.386291,-0.227196,0.137326,-0.372410,-0.229676,0.237100,-0.379351,-0.228436,0.209117,-0.416145,-0.195300,0.234135,-0.418529,-0.131780,0.262294,-0.413332,-0.192536
2026-08-05 17:54:03.093,294.399719,0.000000,0.000000,0.000000,0.337290,-0.386331,-0.227444,0.137447,-0.372431,-0.229928,0.237368,-0.379381,-0.228686,0.209277,-0.417186,-0.195471,0.234295,-0.419570,-0.131950,0.262454,-0.414373,-0.192706
2026-08-05 17:54:03.193,294.499719,0.000000,0.000000,0.000000,0.336490,-0.381127,-0.226593,0.136725,-0.369266,-0.228913,0.236607,-0.375197,-0.227753,0.207693,-0.412949,-0.194567,0.233384,-0.415383,-0.131166,0.261655,-0.409168,-0.191854
2026-08-05 17:54:03.293,294.599719,0.000000,0.000000,0.000000,0.336234,-0.382128,-0.226515,0.136647,-0.367227,-0.229076,0.236441,-0.374677,-0.227795,0.208406,-0.412996,-0.194586,0.233273,-0.416401,-0.131232,0.261655,-0.409168,-0.191854
2026-08-05 17:54:03.393,294.699719,0.000000,0.000000,0.000000,0.336714,-0.385250,-0.227026,0.137166,-0.371369,-0.229505,0.236940,-0.378310,-0.228265,0.208957,-0.415104,-0.195130,0.233975,-0.417488,-0.131610,0.262134,-0.412291,-0.192365
2026-08-05 17:54:03.493,294.799719,0.000000,0.000000,0.000000,0.336074,-0.381087,-0.226344,0.136526,-0.367206,-0.228824,0.236300,-0.374146,-0.227584,0.207533,-0.411908,-0.194397,0.233224,-0.414342,-0.130995,0.261495,-0.408127,-0.191684
2026-08-05 17:54:03.593,294.899719,0.000000,0.000000,0.000000,0.336330,-0.380086,-0.226422,0.136526,-0.367206,-0.228824,0.236428,-0.373646,-0.227623,0.207603,-0.410893,-0.194430,0.233224,-0.414342,-0.130995,0.261495,-0.408127,-0.191684
2026-08-05 17:54:03.693,294.999719,0.000000,0.000000,0.000000,0.336010,-0.378004,-0.226082,0.136206,-0.365124,-0.228483,0.236108,-0.371564,-0.227282,0.207213,-0.409826,-0.194056,0.232904,-0.412260,-0.130655,0.261175,-0.406045,-0.191343
2026-08-05 17:54:03.793,295.099719,0.000000,0.000000,0.000000,0.336490,-0.381127,-0.226593,0.136725,-0.369266,-0.228913,0.236607,-0.375197,-0.227753,0.207763,-0.411933,-0.194600,0.233273,-0.416401,-0.131232,0.261655,-0.409168,-0.191854
2026-08-05 17:54:03.893,295.199718,0.000000,0.000000,0.000000,0.335914,-0.380046,-0.226174,0.136366,-0.366165,-0.228654,0.236140,-0.373105,-0.227414,0.207443,-0.409852,-0.194259,0.232897,-0.414828,-0.130925,0.261203,-0.408060,-0.190764
2026-08-05 17:54:03.993,295.299718,0.000000,0.000000,0.000000,0.337130,-0.385290,-0.227274,0.137326,-0.372410,-0.229676,0.237228,-0.378850,-0.228475,0.208403,-0.416097,-0.195282,0.234024,-0.419547,-0.131847,0.262316,-0.413295,-0.191813
2026-08-05 17:54:04.093,295.399718,0.000000,0.000000,0.000000,0.336970,-0.384250,-0.227104,0.137166,-0.371369,-0.229505,0.237068,-0.377809,-0.228304,0.208173,-0.416072,-0.195078,0.233864,-0.418506,-0.131677,0.262701,-0.413349,-0.192356
2026-08-05 17:54:04.193,295.499718,0.000000,0.000000,0.000000,0.336490,-0.381127,-0.226593,0.136686,-0.368246,-0.228994,0.236588,-0.374687,-0.227793,0.207693,-0.412949,-0.194567,0.233294,-0.416365,-0.130524,0.262375,-0.409216,-0.191873
2026-08-05 17:54:04.293,295.599718,0.000000,0.000000,0.000000,0.336810,-0.383209,-0.226933,0.137006,-0.370328,-0.229335,0.236908,-0.376768,-0.228134,0.208083,-0.414015,-0.194941,0.233725,-0.417429,-0.130796,0.262562,-0.412271,-0.191464
2026-08-05 17:54:04.393,295.699718,0.000000,0.000000,0.000000,0.336330,-0.380086,-0.226422,0.136526,-0.367206,-0.228824,0.236428,-0.373646,-0.227623,0.207603,-0.410893,-0.194430,0.232426,-0.415277,-0.130335,0.262083,-0.409149,-0.190953
2026-08-05 17:54:04.493,295.799718,0.000000,0.000000,0.000000,0.336970,-0.384250,-0.227104,0.137204,-0.372389,-0.229424,0.237087,-0.378319,-0.228264,0.208103,-0.417087,-0.195045,0.233066,-0.419441,-0.131016,0.262855,-0.412339,-0.192384
2026-08-05 17:54:04.593,295.899718,0.000000,0.000000,0.000000,0.336394,-0.383169,-0.226685,0.136846,-0.369287,-0.229165,0.236620,-0.376228,-0.227925,0.207923,-0.412974,-0.194771,0.232746,-0.417359,-0.130675,0.262381,-0.411267,-0.192015
2026-08-05 17:54:04.693,295.999718,0.000000,0.000000,0.000000,0.336330,-0.380086,-0.226422,0.136526,-0.367206,-0.228824,0.236428,-0.373646,-0.227623,0.207533,-0.411908,-0.194397,0.232426,-0.415277,-0.130335,0.262061,-0.409185,-0.191674
2026-08-05 17:54:04.793,296.099718,0.000000,0.000000,0.000000,0.336554,-0.384209,-0.226855,0.136967,-0.369308,-0.229416,0.236761,-0.376759,-0.228136,0.208013,-0.415031,-0.194908,0.232927,-0.418364,-0.130137,0.262562,-0.412271,-0.191464
2026-08-05 17:54:04.893,296.199718,0.000000,0.000000,0.000000,0.336490,-0.381127,-0.226593,0.136686,-0.368246,-0.228994,0.236588,-0.374687,-0.227793,0.207693,-0.412949,-0.194567,0.232607,-0.416282,-0.129796,0.262221,-0.410226,-0.191845
2026-08-05 17:54:04.993,296.299717,0.000000,0.000000,0.000000,0.336650,-0.382168,-0.226763,0.136846,-0.369287,-0.229165,0.236748,-0.375728,-0.227964,0.207140,-0.413942,-0.194719,0.232822,-0.416814,-0.129932,0.262403,-0.411230,-0.191294
2026-08-05 17:54:05.093,296.399717,0.000000,0.000000,0.000000,0.336650,-0.382168,-0.226763,0.136884,-0.370307,-0.229083,0.236767,-0.376237,-0.227923,0.207140,-0.413942,-0.194719,0.232081,-0.417240,-0.129239,0.262248,-0.412241,-0.191267
2026-08-05 17:54:05.193,296.499717,0.000000,0.000000,0.000000,0.336554,-0.384209,-0.226855,0.137006,-0.370328,-0.229335,0.236780,-0.377269,-0.228095,0.207300,-0.414983,-0.194889,0.232240,-0.418281,-0.129410,0.262717,-0.411261,-0.191491
2026-08-05 17:54:05.293,296.599717,0.000000,0.000000,0.000000,0.336874,-0.386291,-0.227196,0.137326,-0.372410,-0.229676,0.237100,-0.379351,-0.228436,0.207551,-0.418081,-0.195197,0.232669,-0.419345,-0.129680,0.262882,-0.414353,-0.191805
2026-08-05 17:54:05.393,296.699717,0.000000,0.000000,0.000000,0.335850,-0.376963,-0.225911,0.136046,-0.364083,-0.228313,0.235948,-0.370523,-0.227112,0.206271,-0.409753,-0.193834,0.230702,-0.410935,-0.127589,0.261757,-0.405016,-0.190469
2026-08-05 17:54:05.493,296.799717,0.000000,0.000000,0.000000,0.336810,-0.383209,-0.226933,0.137044,-0.371348,-0.229253,0.236927,-0.377278,-0.228093,0.207231,-0.415999,-0.194857,0.231662,-0.417180,-0.128611,0.262562,-0.412271,-0.191464
2026-08-05 17:54:05.593,296.899717,0.000000,0.000000,0.000000,0.336554,-0.384209,-0.226855,0.137006,-0.370328,-0.229335,0.236780,-0.377269,-0.228095,0.207231,-0.415999,-0.194857,0.231770,-0.416162,-0.128539,0.262562,-0.412271,-0.191464
2026-08-05 17:54:05.693,296.999717,0.000000,0.000000,0.000000,0.336810,-0.383209,-0.226933,0.137006,-0.370328,-0.229335,0.236908,-0.376768,-0.228134,0.207231,-0.415999,-0.194857,0.231683,-0.417144,-0.127901,0.262717,-0.411261,-0.191491
2026-08-05 17:54:05.793,297.099717,0.000000,0.000000,0.000000,0.336970,-0.384250,-0.227104,0.137204,-0.372389,-0.229424,0.237087,-0.378319,-0.228264,0.207391,-0.417040,-0.195027,0.231735,-0.419204,-0.128144,0.263442,-0.413360,-0.191653
2026-08-05 17:54:05.893,297.199717,0.000000,0.000000,0.000000,0.337194,-0.388373,-0.227537,0.137684,-0.375512,-0.229935,0.237439,-0.381943,-0.228736,0.207871,-0.420162,-0.195538,0.232107,-0.423345,-0.128727,0.263922,-0.416483,-0.192164
2026-08-05 17:54:05.993,297.299716,0.000000,0.000000,0.000000,0.336490,-0.381127,-0.226593,0.136725,-0.369266,-0.228913,0.236607,-0.375197,-0.227753,0.206911,-0.413917,-0.194516,0.230675,-0.414979,-0.126832,0.262962,-0.410237,-0.191142
2026-08-05 17:54:06.093,297.399716,0.000000,0.000000,0.000000,0.336490,-0.381127,-0.226593,0.136725,-0.369266,-0.228913,0.236607,-0.375197,-0.227753,0.206911,-0.413917,-0.194516,0.230461,-0.417016,-0.126979,0.262243,-0.410190,-0.191123
2026-08-05 17:54:06.193,297.499716,0.000000,0.000000,0.000000,0.336810,-0.383209,-0.226933,0.137006,-0.370328,-0.229335,0.236908,-0.376768,-0.228134,0.207231,-0.415999,-0.194857,0.230888,-0.418080,-0.127246,0.263282,-0.412319,-0.191483
2026-08-05 17:54:06.293,297.599716,0.000000,0.000000,0.000000,0.335595,-0.377964,-0.225833,0.136046,-0.364083,-0.228313,0.235820,-0.371023,-0.227073,0.206271,-0.409753,-0.193834,0.229928,-0.411834,-0.126224,0.262322,-0.406074,-0.190461
2026-08-05 17:54:06.393,297.699716,0.000000,0.000000,0.000000,0.336810,-0.383209,-0.226933,0.137006,-0.370328,-0.229335,0.236908,-0.376768,-0.228134,0.207252,-0.415963,-0.194143,0.231016,-0.417026,-0.126463,0.263282,-0.412319,-0.191483
2026-08-05 17:54:06.493,297.799716,0.000000,0.000000,0.000000,0.337130,-0.385290,-0.227274,0.137326,-0.372410,-0.229676,0.237228,-0.378850,-0.228475,0.207620,-0.417065,-0.195230,0.230627,-0.419060,-0.126785,0.263602,-0.414401,-0.191824
2026-08-05 17:54:06.593,297.899716,0.000000,0.000000,0.000000,0.336074,-0.381087,-0.226344,0.136565,-0.368225,-0.228742,0.236319,-0.374656,-0.227543,0.206039,-0.412829,-0.194327,0.229933,-0.412837,-0.125858,0.262802,-0.409196,-0.190972
2026-08-05 17:54:06.693,297.999716,0.000000,0.000000,0.000000,0.336010,-0.378004,-0.226082,0.136206,-0.365124,-0.228483,0.236108,-0.371564,-0.227282,0.205719,-0.410747,-0.193986,0.229507,-0.411774,-0.125592,0.262482,-0.407115,-0.190631
2026-08-05 17:54:06.793,298.099716,0.000000,0.000000,0.000000,0.336490,-0.381127,-0.226593,0.136686,-0.368246,-0.228994,0.236588,-0.374687,-0.227793,0.206131,-0.414885,-0.194464,0.229987,-0.414897,-0.126103,0.262962,-0.410237,-0.191142
2026-08-05 17:54:06.893,298.199716,0.000000,0.000000,0.000000,0.336650,-0.382168,-0.226763,0.136884,-0.370307,-0.229083,0.236767,-0.376237,-0.227923,0.206359,-0.414910,-0.194668,0.230042,-0.416956,-0.126349,0.263122,-0.411278,-0.191313
2026-08-05 17:54:06.993,298.299716,0.000000,0.000000,0.000000,0.336970,-0.384250,-0.227104,0.137166,-0.371369,-0.229505,0.237068,-0.377809,-0.228304,0.206747,-0.415977,-0.195041,0.230362,-0.419038,-0.126689,0.263442,-0.413360,-0.191653
2026-08-05 17:54:07.093,298.399715,0.000000,0.000000,0.000000,0.336394,-0.383169,-0.226685,0.136884,-0.370307,-0.229083,0.236639,-0.376738,-0.227884,0.206359,-0.414910,-0.194668,0.230338,-0.413936,-0.126836,0.263122,-0.411278,-0.191313
2026-08-05 17:54:07.193,298.499715,0.000000,0.000000,0.000000,0.336330,-0.380086,-0.226422,0.136526,-0.367206,-0.228824,0.236428,-0.373646,-0.227623,0.206039,-0.412829,-0.194327,0.230018,-0.411854,-0.126495,0.262802,-0.409196,-0.190972
2026-08-05 17:54:07.293,298.599715,0.000000,0.000000,0.000000,0.336714,-0.385250,-0.227026,0.137166,-0.371369,-0.229505,0.236940,-0.378310,-0.228265,0.206679,-0.416992,-0.195008,0.230341,-0.419074,-0.127398,0.263442,-0.413360,-0.191653
2026-08-05 17:54:07.393,298.699715,0.000000,0.000000,0.000000,0.336810,-0.383209,-0.226933,0.137044,-0.371348,-0.229253,0.236927,-0.377278,-0.228093,0.206587,-0.414936,-0.194871,0.229578,-0.416967,-0.127136,0.263282,-0.412319,-0.191483
2026-08-05 17:54:07.493,298.799715,0.000000,0.000000,0.000000,0.336810,-0.383209,-0.226933,0.137044,-0.371348,-0.229253,0.236927,-0.377278,-0.228093,0.206451,-0.416967,-0.194805,0.230054,-0.419087,-0.128009,0.263282,-0.412319,-0.191483
2026-08-05 17:54:07.593,298.899715,0.000000,0.000000,0.000000,0.336650,-0.382168,-0.226763,0.136846,-0.369287,-0.229165,0.236748,-0.375728,-0.227964,0.206291,-0.415926,-0.194635,0.229292,-0.416981,-0.127748,0.263045,-0.411783,-0.191299
2026-08-05 17:54:07.693,298.999715,0.000000,0.000000,0.000000,0.335754,-0.379005,-0.226004,0.136206,-0.365124,-0.228483,0.235980,-0.372064,-0.227243,0.205651,-0.411762,-0.193953,0.228653,-0.412817,-0.127066,0.262482,-0.407115,-0.190631
2026-08-05 17:54:07.793,299.099715,0.000000,0.000000,0.000000,0.336650,-0.382168,-0.226763,0.136884,-0.370307,-0.229083,0.236767,-0.376237,-0.227923,0.206291,-0.415926,-0.194635,0.229894,-0.418046,-0.127839,0.262967,-0.412288,-0.191285
2026-08-05 17:54:07.893,299.199715,0.000000,0.000000,0.000000,0.336810,-0.383209,-0.226933,0.137006,-0.370328,-0.229335,0.236908,-0.376768,-0.228134,0.206451,-0.416967,-0.194805,0.230139,-0.418105,-0.128646,0.263127,-0.413329,-0.191456
2026-08-05 17:54:07.993,299.299715,0.000000,0.000000,0.000000,0.336714,-0.385250,-0.227026,0.137166,-0.371369,-0.229505,0.236940,-0.378310,-0.228265,0.206611,-0.418008,-0.194975,0.230278,-0.419181,-0.129525,0.263287,-0.414370,-0.191626
2026-08-05 17:54:08.093,299.399714,0.000000,0.000000,0.000000,0.336650,-0.382168,-0.226763,0.136846,-0.369287,-0.229165,0.236748,-0.375728,-0.227964,0.206291,-0.415926,-0.194635,0.229853,-0.418118,-0.129254,0.262967,-0.412288,-0.191285
2026-08-05 17:54:08.193,299.499714,0.000000,0.000000,0.000000,0.336234,-0.382128,-0.226515,0.136725,-0.369266,-0.228913,0.236479,-0.375697,-0.227714,0.206131,-0.414885,-0.194464,0.229672,-0.417113,-0.129792,0.262807,-0.411247,-0.191115
2026-08-05 17:54:08.293,299.599714,0.000000,0.000000,0.000000,0.336170,-0.379045,-0.226252,0.136366,-0.366165,-0.228654,0.236268,-0.372605,-0.227453,0.205811,-0.412803,-0.194124,0.229457,-0.414012,-0.129382,0.261769,-0.409118,-0.190756
2026-08-05 17:54:08.393,299.699714,0.000000,0.000000,0.000000,0.336714,-0.385250,-0.227026,0.137166,-0.371369,-0.229505,0.236940,-0.378310,-0.228265,0.206611,-0.418008,-0.194975,0.230944,-0.419300,-0.130961,0.262568,-0.414322,-0.191607
2026-08-05 17:54:08.493,299.799714,0.000000,0.000000,0.000000,0.336554,-0.384209,-0.226855,0.137044,-0.371348,-0.229253,0.236799,-0.377779,-0.228054,0.206430,-0.417003,-0.195517,0.230923,-0.416768,-0.131399,0.262387,-0.413318,-0.192157
2026-08-05 17:54:08.593,299.899714,0.000000,0.000000,0.000000,0.336234,-0.382128,-0.226515,0.136686,-0.368246,-0.228994,0.236460,-0.375187,-0.227754,0.206110,-0.414921,-0.195177,0.231043,-0.417278,-0.131244,0.261913,-0.412246,-0.191788
2026-08-05 17:54:08.693,299.999714,0.000000,0.000000,0.000000,0.336170,-0.379045,-0.226252,0.136366,-0.366165,-0.228654,0.236268,-0.372605,-0.227453,0.205858,-0.411824,-0.194870,0.230917,-0.413196,-0.131479,0.261593,-0.410164,-0.191447
2026-08-05 17:54:08.793,300.099714,0.000000,0.000000,0.000000,0.336810,-0.383209,-0.226933,0.137044,-0.371348,-0.229253,0.236927,-0.377278,-0.228093,0.206362,-0.418018,-0.195483,0.232048,-0.419443,-0.132311,0.262233,-0.414328,-0.192129
2026-08-05 17:54:08.893,300.199714,0.000000,0.000000,0.000000,0.336394,-0.383169,-0.226685,0.136846,-0.369287,-0.229165,0.236620,-0.376228,-0.227925,0.206202,-0.416977,-0.195313,0.231976,-0.417419,-0.132784,0.262073,-0.413287,-0.191958
2026-08-05 17:54:08.993,300.299714,0.000000,0.000000,0.000000,0.336330,-0.380086,-0.226422,0.136565,-0.368225,-0.228742,0.236447,-0.374156,-0.227582,0.205950,-0.413880,-0.195006,0.232364,-0.415385,-0.132461,0.261907,-0.410195,-0.191646
2026-08-05 17:54:09.093,300.399714,0.000000,0.000000,0.000000,0.336714,-0.385250,-0.227026,0.137127,-0.370349,-0.229587,0.236921,-0.377800,-0.228306,0.206590,-0.418044,-0.195688,0.232873,-0.420602,-0.133915,0.262393,-0.415369,-0.192299
2026-08-05 17:54:09.193,300.499713,0.000000,0.000000,0.000000,0.336810,-0.383209,-0.226933,0.137044,-0.371348,-0.229253,0.236927,-0.377278,-0.228093,0.206430,-0.417003,-0.195517,0.232823,-0.418543,-0.133681,0.262233,-0.414328,-0.192129
2026-08-05 17:54:09.293,300.599713,0.000000,0.000000,0.000000,0.336074,-0.381087,-0.226344,0.136526,-0.367206,-0.228824,0.236300,-0.374146,-0.227584,0.206018,-0.412865,-0.195040,0.232919,-0.416521,-0.133960,0.261036,-0.411157,-0.191599
2026-08-05 17:54:09.393,300.699713,0.000000,0.000000,0.000000,0.336010,-0.378004,-0.226082,0.136245,-0.366143,-0.228402,0.236127,-0.372074,-0.227242,0.206341,-0.411845,-0.194684,0.232710,-0.413421,-0.133557,0.260869,-0.408065,-0.191287
2026-08-05 17:54:09.493,300.799713,0.000000,0.000000,0.000000,0.337130,-0.385290,-0.227274,0.137326,-0.372410,-0.229676,0.237228,-0.378850,-0.228475,0.206750,-0.419085,-0.195858,0.234516,-0.420791,-0.135477,0.261835,-0.416362,-0.192451
2026-08-05 17:54:09.593,300.899713,0.000000,0.000000,0.000000,0.336554,-0.384209,-0.226855,0.137044,-0.371348,-0.229253,0.236799,-0.377779,-0.228054,0.206430,-0.417003,-0.195517,0.234308,-0.417691,-0.135075,0.261516,-0.414280,-0.192110
2026-08-05 17:54:09.693,300.999713,0.000000,0.000000,0.000000,0.336490,-0.381127,-0.226593,0.136686,-0.368246,-0.228994,0.236588,-0.374687,-0.227793,0.206890,-0.413953,-0.195229,0.233988,-0.415610,-0.134734,0.261196,-0.412198,-0.191769
2026-08-05 17:54:09.793,301.099713,0.000000,0.000000,0.000000,0.336874,-0.386291,-0.227196,0.137364,-0.373430,-0.229594,0.237119,-0.379861,-0.228395,0.207530,-0.418117,-0.195911,0.235429,-0.418839,-0.136084,0.261988,-0.415352,-0.192479
2026-08-05 17:54:09.893,301.199713,0.000000,0.000000,0.000000,0.336074,-0.381087,-0.226344,0.136526,-0.367206,-0.228824,0.236300,-0.374146,-0.227584,0.206730,-0.412912,-0.195059,0.234572,-0.414143,-0.135262,0.261189,-0.410147,-0.191627
2026-08-05 17:54:09.993,301.299713,0.000000,0.000000,0.000000,0.336074,-0.381087,-0.226344,0.136526,-0.367206,-0.228824,0.236300,-0.374146,-0.227584,0.206730,-0.412912,-0.195059,0.234516,-0.414652,-0.135292,0.261036,-0.411157,-0.191599
2026-08-05 17:54:10.093,301.399713,0.000000,0.000000,0.000000,0.336170,-0.379045,-0.226252,0.136366,-0.366165,-0.228654,0.236268,-0.372605,-0.227453,0.206570,-0.411871,-0.194888,0.235044,-0.413694,-0.135850,0.261029,-0.409106,-0.191457
2026-08-05 17:54:10.193,301.499712,0.000000,0.000000,0.000000,0.336234,-0.382128,-0.226515,0.136686,-0.368246,-0.228994,0.236460,-0.375187,-0.227754,0.206959,-0.412937,-0.195263,0.235571,-0.413777,-0.136785,0.261349,-0.411188,-0.191798
2026-08-05 17:54:10.293,301.599712,0.000000,0.000000,0.000000,0.336650,-0.382168,-0.226763,0.136884,-0.370307,-0.229083,0.236767,-0.376237,-0.227923,0.207762,-0.415041,-0.195418,0.236442,-0.414865,-0.136974,0.261509,-0.412229,-0.191968
2026-08-05 17:54:10.393,301.699712,0.000000,0.000000,0.000000,0.336074,-0.381087,-0.226344,0.136526,-0.367206,-0.228824,0.236300,-0.374146,-0.227584,0.207533,-0.411908,-0.194397,0.235985,-0.413836,-0.137402,0.260470,-0.410100,-0.191608
2026-08-05 17:54:10.493,301.799712,0.000000,0.000000,0.000000,0.336554,-0.384209,-0.226855,0.137006,-0.370328,-0.229335,0.236780,-0.377269,-0.228095,0.207992,-0.415067,-0.195622,0.236350,-0.417976,-0.137970,0.260950,-0.413222,-0.192119
2026-08-05 17:54:10.593,301.899712,0.000000,0.000000,0.000000,0.336810,-0.383209,-0.226933,0.137006,-0.370328,-0.229335,0.236908,-0.376768,-0.228134,0.207992,-0.415067,-0.195622,0.237154,-0.417042,-0.138643,0.260950,-0.413222,-0.192119
2026-08-05 17:54:10.693,301.999712,0.000000,0.000000,0.000000,0.336810,-0.383209,-0.226933,0.137006,-0.370328,-0.229335,0.236908,-0.376768,-0.228134,0.207992,-0.415067,-0.195622,0.237038,-0.418059,-0.138698,0.260950,-0.413222,-0.192119
2026-08-05 17:54:10.793,302.099712,0.000000,0.000000,0.000000,0.336650,-0.382168,-0.226763,0.136846,-0.369287,-0.229165,0.236748,-0.375728,-0.227964,0.207832,-0.414026,-0.195452,0.237800,-0.415067,-0.139148,0.260790,-0.412181,-0.191949
2026-08-05 17:54:10.893,302.199712,0.000000,0.000000,0.000000,0.336394,-0.383169,-0.226685,0.136846,-0.369287,-0.229165,0.236620,-0.376228,-0.227925,0.207832,-0.414026,-0.195452,0.237683,-0.416084,-0.139202,0.260790,-0.412181,-0.191949
2026-08-05 17:54:10.993,302.299712,0.000000,0.000000,0.000000,0.336490,-0.381127,-0.226593,0.136686,-0.368246,-0.228994,0.236588,-0.374687,-0.227793,0.207707,-0.412477,-0.195299,0.237737,-0.413046,-0.139636,0.260782,-0.410130,-0.191807
2026-08-05 17:54:11.093,302.399712,0.000000,0.000000,0.000000,0.336490,-0.381127,-0.226593,0.136647,-0.367227,-0.229076,0.236568,-0.374177,-0.227834,0.207602,-0.414000,-0.195248,0.238449,-0.413093,-0.139655,0.260609,-0.411177,-0.192499
2026-08-05 17:54:11.193,302.499712,0.000000,0.000000,0.000000,0.336810,-0.383209,-0.226933,0.137006,-0.370328,-0.229335,0.236908,-0.376768,-0.228134,0.207922,-0.416082,-0.195588,0.238511,-0.417244,-0.140813,0.260929,-0.413259,-0.192840
2026-08-05 17:54:11.293,302.599711,0.000000,0.000000,0.000000,0.336010,-0.378004,-0.226082,0.136206,-0.365124,-0.228483,0.236108,-0.371564,-0.227282,0.207192,-0.409862,-0.194771,0.238639,-0.410090,-0.140589,0.260281,-0.407044,-0.192017
2026-08-05 17:54:11.393,302.699711,0.000000,0.000000,0.000000,0.336970,-0.384250,-0.227104,0.137166,-0.371369,-0.229505,0.237068,-0.377809,-0.228304,0.208152,-0.416108,-0.195793,0.239718,-0.415319,-0.141560,0.261240,-0.413290,-0.193039
2026-08-05 17:54:11.493,302.799711,0.000000,0.000000,0.000000,0.336650,-0.382168,-0.226763,0.136846,-0.369287,-0.229165,0.236748,-0.375728,-0.227964,0.207762,-0.415041,-0.195418,0.239258,-0.414289,-0.141984,0.260769,-0.412218,-0.192669
2026-08-05 17:54:11.593,302.899711,0.000000,0.000000,0.000000,0.335754,-0.379005,-0.226004,0.136206,-0.365124,-0.228483,0.235980,-0.372064,-0.227243,0.207122,-0.410877,-0.194737,0.239429,-0.409193,-0.141986,0.260129,-0.408054,-0.191988
2026-08-05 17:54:11.693,302.999711,0.000000,0.000000,0.000000,0.336394,-0.383169,-0.226685,0.136807,-0.368268,-0.229246,0.236601,-0.375718,-0.227966,0.208453,-0.415124,-0.196150,0.240069,-0.413357,-0.142667,0.260769,-0.412218,-0.192669
2026-08-05 17:54:11.793,303.099711,0.000000,0.000000,0.000000,0.336234,-0.382128,-0.226515,0.136686,-0.368246,-0.228994,0.236460,-0.375187,-0.227754,0.208314,-0.414047,-0.195266,0.240601,-0.412399,-0.143230,0.260609,-0.411177,-0.192499
2026-08-05 17:54:11.893,303.199711,0.000000,0.000000,0.000000,0.336970,-0.384250,-0.227104,0.137166,-0.371369,-0.229505,0.237068,-0.377809,-0.228304,0.208773,-0.417206,-0.196491,0.240959,-0.416538,-0.143788,0.261240,-0.413290,-0.193039
2026-08-05 17:54:11.993,303.299711,0.000000,0.000000,0.000000,0.336490,-0.381127,-0.226593,0.136725,-0.369266,-0.228913,0.236607,-0.375197,-0.227753,0.208293,-0.414083,-0.195980,0.240580,-0.412435,-0.143944,0.260609,-0.411177,-0.192499
2026-08-05 17:54:12.093,303.399711,0.000000,0.000000,0.000000,0.336554,-0.384209,-0.226855,0.137006,-0.370328,-0.229335,0.236780,-0.377269,-0.228095,0.208684,-0.415150,-0.196355,0.240900,-0.414517,-0.144285,0.260929,-0.413259,-0.192840
2026-08-05 17:54:12.193,303.499711,0.000000,0.000000,0.000000,0.336330,-0.380086,-0.226422,0.136565,-0.368225,-0.228742,0.236447,-0.374156,-0.227582,0.208062,-0.414058,-0.195774,0.240989,-0.412494,-0.144552,0.260449,-0.410136,-0.192329
2026-08-05 17:54:12.293,303.599710,0.000000,0.000000,0.000000,0.336330,-0.380086,-0.226422,0.136526,-0.367206,-0.228824,0.236428,-0.373646,-0.227623,0.208204,-0.412027,-0.195844,0.240989,-0.412494,-0.144552,0.260601,-0.409126,-0.192358
2026-08-05 17:54:12.393,303.699710,0.000000,0.000000,0.000000,0.336970,-0.384250,-0.227104,0.137127,-0.370349,-0.229587,0.237048,-0.377299,-0.228345,0.208773,-0.417206,-0.196491,0.241752,-0.415641,-0.145188,0.261240,-0.413290,-0.193039
2026-08-05 17:54:12.493,303.799710,0.000000,0.000000,0.000000,0.336490,-0.381127,-0.226593,0.136686,-0.368246,-0.228994,0.236588,-0.374687,-0.227793,0.208293,-0.414083,-0.195980,0.241128,-0.413571,-0.145436,0.260609,-0.411177,-0.192499
2026-08-05 17:54:12.593,303.899710,0.000000,0.000000,0.000000,0.336330,-0.380086,-0.226422,0.136526,-0.367206,-0.228824,0.236428,-0.373646,-0.227623,0.208133,-0.413043,-0.195809,0.241091,-0.411514,-0.145221,0.260601,-0.409126,-0.192358
2026-08-05 17:54:12.693,303.999710,0.000000,0.000000,0.000000,0.336490,-0.381127,-0.226593,0.136725,-0.369266,-0.228913,0.236607,-0.375197,-0.227753,0.208293,-0.414083,-0.195980,0.241251,-0.412555,-0.145392,0.260609,-0.411177,-0.192499
2026-08-05 17:54:12.793,304.099710,0.000000,0.000000,0.000000,0.337034,-0.387332,-0.227366,0.137486,-0.373451,-0.229846,0.237260,-0.380392,-0.228606,0.209092,-0.419288,-0.196831,0.241928,-0.418775,-0.146287,0.261560,-0.415371,-0.193380
2026-08-05 17:54:12.893,304.199710,0.000000,0.000000,0.000000,0.336234,-0.382128,-0.226515,0.136686,-0.368246,-0.228994,0.236460,-0.375187,-0.227754,0.209005,-0.414131,-0.195998,0.241251,-0.412555,-0.145392,0.260609,-0.411177,-0.192499
2026-08-05 17:54:12.993,304.299710,0.000000,0.000000,0.000000,0.336330,-0.380086,-0.226422,0.136526,-0.367206,-0.228824,0.236428,-0.373646,-0.227623,0.208845,-0.413090,-0.195828,0.241091,-0.411514,-0.145221,0.259881,-0.409078,-0.192339
2026-08-05 17:54:13.093,304.399710,0.000000,0.000000,0.000000,0.336650,-0.382168,-0.226763,0.136846,-0.369287,-0.229165,0.236748,-0.375728,-0.227964,0.209237,-0.414157,-0.196204,0.241411,-0.413596,-0.145562,0.260352,-0.410150,-0.192709
2026-08-05 17:54:13.193,304.499710,0.000000,0.000000,0.000000,0.336810,-0.383209,-0.226933,0.137044,-0.371348,-0.229253,0.236927,-0.377278,-0.228093,0.209325,-0.416213,-0.196339,0.240858,-0.414589,-0.145714,0.260361,-0.412201,-0.192850
2026-08-05 17:54:13.293,304.599710,0.000000,0.000000,0.000000,0.336554,-0.384209,-0.226855,0.137006,-0.370328,-0.229335,0.236780,-0.377269,-0.228095,0.209397,-0.415198,-0.196374,0.240858,-0.414589,-0.145714,0.260361,-0.412201,-0.192850
2026-08-05 17:54:13.393,304.699709,0.000000,0.000000,0.000000,0.336490,-0.381127,-0.226593,0.136686,-0.368246,-0.228994,0.236588,-0.374687,-0.227793,0.209884,-0.412112,-0.195372,0.240538,-0.412507,-0.145373,0.260041,-0.410119,-0.192510
2026-08-05 17:54:13.493,304.799709,0.000000,0.000000,0.000000,0.336234,-0.382128,-0.226515,0.136725,-0.369266,-0.228913,0.236479,-0.375697,-0.227714,0.209811,-0.413127,-0.195337,0.240660,-0.411491,-0.145329,0.260192,-0.409109,-0.192539
2026-08-05 17:54:13.593,304.899709,0.000000,0.000000,0.000000,0.336234,-0.382128,-0.226515,0.136686,-0.368246,-0.228994,0.236460,-0.375187,-0.227754,0.209811,-0.413127,-0.195337,0.240660,-0.411491,-0.145329,0.260041,-0.410119,-0.192510
2026-08-05 17:54:13.693,304.999709,0.000000,0.000000,0.000000,0.336554,-0.384209,-0.226855,0.137044,-0.371348,-0.229253,0.236799,-0.377779,-0.228054,0.210278,-0.413179,-0.195746,0.240979,-0.413573,-0.145669,0.260361,-0.412201,-0.192850
2026-08-05 17:54:13.793,305.099709,0.000000,0.000000,0.000000,0.336554,-0.384209,-0.226855,0.137006,-0.370328,-0.229335,0.236780,-0.377269,-0.228095,0.210204,-0.414194,-0.195712,0.240979,-0.413573,-0.145669,0.260511,-0.411191,-0.192880
2026-08-05 17:54:13.893,305.199709,0.000000,0.000000,0.000000,0.337290,-0.386331,-0.227444,0.137524,-0.374471,-0.229764,0.237407,-0.380401,-0.228604,0.210611,-0.418332,-0.196189,0.241338,-0.417712,-0.146225,0.260991,-0.414313,-0.193391
2026-08-05 17:54:13.993,305.299709,0.000000,0.000000,0.000000,0.336970,-0.384250,-0.227104,0.137166,-0.371369,-0.229505,0.237068,-0.377809,-0.228304,0.210291,-0.416250,-0.195849,0.241139,-0.414614,-0.145840,0.260671,-0.412231,-0.193050
2026-08-05 17:54:14.093,305.399709,0.000000,0.000000,0.000000,0.336490,-0.381127,-0.226593,0.136647,-0.367227,-0.229076,0.236568,-0.374177,-0.227834,0.209884,-0.412112,-0.195372,0.240660,-0.411491,-0.145329,0.260192,-0.409109,-0.192539
2026-08-05 17:54:14.193,305.499709,0.000000,0.000000,0.000000,0.335754,-0.379005,-0.226004,0.136206,-0.365124,-0.228483,0.235980,-0.372064,-0.227243,0.209404,-0.408989,-0.194861,0.240180,-0.408369,-0.144818,0.258991,-0.405938,-0.192009
2026-08-05 17:54:14.293,305.599709,0.000000,0.000000,0.000000,0.336490,-0.381127,-0.226593,0.136686,-0.368246,-0.228994,0.236588,-0.374687,-0.227793,0.209811,-0.413127,-0.195337,0.240660,-0.411491,-0.145329,0.260192,-0.409109,-0.192539
2026-08-05 17:54:14.393,305.699708,0.000000,0.000000,0.000000,0.335754,-0.379005,-0.226004,0.136206,-0.365124,-0.228483,0.235980,-0.372064,-0.227243,0.209404,-0.408989,-0.194861,0.239466,-0.408321,-0.144799,0.259712,-0.405986,-0.192028
2026-08-05 17:54:14.493,305.799708,0.000000,0.000000,0.000000,0.336650,-0.382168,-0.226763,0.136846,-0.369287,-0.229165,0.236748,-0.375728,-0.227964,0.210044,-0.413153,-0.195542,0.240226,-0.411469,-0.145436,0.260502,-0.409139,-0.192739
2026-08-05 17:54:14.593,305.899708,0.000000,0.000000,0.000000,0.336330,-0.380086,-0.226422,0.136526,-0.367206,-0.228824,0.236428,-0.373646,-0.227623,0.209724,-0.411071,-0.195201,0.240500,-0.410450,-0.145158,0.259881,-0.409078,-0.192339
2026-08-05 17:54:14.693,305.999708,0.000000,0.000000,0.000000,0.336490,-0.381127,-0.226593,0.136725,-0.369266,-0.228913,0.236607,-0.375197,-0.227753,0.209884,-0.412112,-0.195372,0.240639,-0.411527,-0.146044,0.260041,-0.410119,-0.192510
2026-08-05 17:54:14.793,306.099708,0.000000,0.000000,0.000000,0.336714,-0.385250,-0.227026,0.137127,-0.370349,-0.229587,0.236921,-0.377800,-0.228306,0.210291,-0.416250,-0.195849,0.240997,-0.415666,-0.146598,0.260521,-0.413242,-0.193021
2026-08-05 17:54:14.893,306.199708,0.000000,0.000000,0.000000,0.336074,-0.381087,-0.226344,0.136487,-0.366186,-0.228905,0.236281,-0.373636,-0.227625,0.209703,-0.411107,-0.195917,0.240357,-0.411502,-0.145917,0.260032,-0.408068,-0.192369
2026-08-05 17:54:14.993,306.299708,0.000000,0.000000,0.000000,0.336490,-0.381127,-0.226593,0.136686,-0.368246,-0.228994,0.236588,-0.374687,-0.227793,0.209863,-0.412148,-0.196087,0.239924,-0.411480,-0.146026,0.260192,-0.409109,-0.192539
2026-08-05 17:54:15.093,306.399708,0.000000,0.000000,0.000000,0.336874,-0.386291,-0.227196,0.137287,-0.371390,-0.229757,0.237081,-0.378841,-0.228477,0.210430,-0.417327,-0.196733,0.240564,-0.415644,-0.146707,0.260681,-0.414283,-0.193191
2026-08-05 17:54:15.193,306.499708,0.000000,0.000000,0.000000,0.336650,-0.382168,-0.226763,0.136846,-0.369287,-0.229165,0.236748,-0.375728,-0.227964,0.209950,-0.414204,-0.196222,0.239964,-0.413537,-0.146239,0.260352,-0.410150,-0.192709
2026-08-05 17:54:15.293,306.599708,0.000000,0.000000,0.000000,0.336810,-0.383209,-0.226933,0.137006,-0.370328,-0.229335,0.236908,-0.376768,-0.228134,0.210183,-0.414230,-0.196428,0.240244,-0.413562,-0.146366,0.260511,-0.411191,-0.192880
2026-08-05 17:54:15.393,306.699708,0.000000,0.000000,0.000000,0.336490,-0.381127,-0.226593,0.136686,-0.368246,-0.228994,0.236588,-0.374687,-0.227793,0.209790,-0.413163,-0.196052,0.239705,-0.413476,-0.145399,0.260192,-0.409109,-0.192539
2026-08-05 17:54:15.493,306.799707,0.000000,0.000000,0.000000,0.336490,-0.381127,-0.226593,0.136686,-0.368246,-0.228994,0.236588,-0.374687,-0.227793,0.209863,-0.412148,-0.196087,0.238993,-0.413429,-0.145380,0.260342,-0.408098,-0.192568
2026-08-05 17:54:15.593,306.899707,0.000000,0.000000,0.000000,0.335914,-0.380046,-0.226174,0.136366,-0.366165,-0.228654,0.236140,-0.373105,-0.227414,0.209543,-0.410066,-0.195746,0.238732,-0.410839,-0.145017,0.259872,-0.407027,-0.192198
2026-08-05 17:54:15.693,306.999707,0.000000,0.000000,0.000000,0.336234,-0.382128,-0.226515,0.136686,-0.368246,-0.228994,0.236460,-0.375187,-0.227754,0.209790,-0.413163,-0.196052,0.238420,-0.412329,-0.144603,0.260192,-0.409109,-0.192539
2026-08-05 17:54:15.793,307.099707,0.000000,0.000000,0.000000,0.335914,-0.380046,-0.226174,0.135607,-0.366114,-0.228634,0.235761,-0.373080,-0.227404,0.209543,-0.410066,-0.195746,0.238100,-0.410247,-0.144262,0.259872,-0.407027,-0.192198
2026-08-05 17:54:15.893,307.199707,0.000000,0.000000,0.000000,0.337034,-0.387332,-0.227366,0.137447,-0.372431,-0.229928,0.237240,-0.379882,-0.228647,0.210663,-0.417353,-0.196939,0.239122,-0.418514,-0.144787,0.261142,-0.413303,-0.193420
2026-08-05 17:54:15.993,307.299707,0.000000,0.000000,0.000000,0.336714,-0.385250,-0.227026,0.137166,-0.371369,-0.229505,0.236940,-0.378310,-0.228265,0.210416,-0.414256,-0.196633,0.238803,-0.416432,-0.144446,0.260822,-0.411221,-0.193079
2026-08-05 17:54:16.093,307.399707,0.000000,0.000000,0.000000,0.336554,-0.384209,-0.226855,0.137006,-0.370328,-0.229335,0.236780,-0.377269,-0.228095,0.210183,-0.414230,-0.196428,0.238664,-0.415355,-0.143562,0.260662,-0.410180,-0.192909
2026-08-05 17:54:16.193,307.499707,0.000000,0.000000,0.000000,0.336810,-0.383209,-0.226933,0.137006,-0.370328,-0.229335,0.236908,-0.376768,-0.228134,0.210183,-0.414230,-0.196428,0.238664,-0.415355,-0.143562,0.260511,-0.411191,-0.192880
2026-08-05 17:54:16.293,307.599707,0.000000,0.000000,0.000000,0.335754,-0.379005,-0.226004,0.136206,-0.365124,-0.228483,0.235980,-0.372064,-0.227243,0.209383,-0.409025,-0.195576,0.237766,-0.411131,-0.142046,0.259862,-0.404976,-0.192057
2026-08-05 17:54:16.393,307.699707,0.000000,0.000000,0.000000,0.336714,-0.385250,-0.227026,0.137127,-0.370349,-0.229587,0.236921,-0.377800,-0.228306,0.210343,-0.415271,-0.196598,0.238726,-0.417377,-0.143068,0.260671,-0.412231,-0.193050
2026-08-05 17:54:16.493,307.799706,0.000000,0.000000,0.000000,0.336554,-0.384209,-0.226855,0.137006,-0.370328,-0.229335,0.236780,-0.377269,-0.228095,0.210183,-0.414230,-0.196428,0.238566,-0.416336,-0.142898,0.260662,-0.410180,-0.192909
2026-08-05 17:54:16.593,307.899706,0.000000,0.000000,0.000000,0.336074,-0.381087,-0.226344,0.136487,-0.366186,-0.228905,0.236281,-0.373636,-0.227625,0.209703,-0.411107,-0.195917,0.238226,-0.412160,-0.141624,0.260182,-0.407057,-0.192398
2026-08-05 17:54:16.693,307.999706,0.000000,0.000000,0.000000,0.336394,-0.383169,-0.226685,0.136846,-0.369287,-0.229165,0.236620,-0.376228,-0.227925,0.210023,-0.413189,-0.196258,0.238427,-0.415259,-0.142015,0.260502,-0.409139,-0.192739
2026-08-05 17:54:16.793,308.099706,0.000000,0.000000,0.000000,0.335914,-0.380046,-0.226174,0.136405,-0.367184,-0.228572,0.236160,-0.373615,-0.227373,0.209543,-0.410066,-0.195746,0.237947,-0.412136,-0.141504,0.260022,-0.406017,-0.192228
2026-08-05 17:54:16.893,308.199706,0.000000,0.000000,0.000000,0.336074,-0.381087,-0.226344,0.136526,-0.367206,-0.228824,0.236300,-0.374146,-0.227584,0.209777,-0.410092,-0.195952,0.238128,-0.413141,-0.140962,0.260182,-0.407057,-0.192398
2026-08-05 17:54:16.993,308.299706,0.000000,0.000000,0.000000,0.336554,-0.384209,-0.226855,0.137006,-0.370328,-0.229335,0.236780,-0.377269,-0.228095,0.210183,-0.414230,-0.196428,0.238727,-0.415247,-0.141422,0.260662,-0.410180,-0.192909
2026-08-05 17:54:17.093,308.399706,0.000000,0.000000,0.000000,0.336714,-0.385250,-0.227026,0.137166,-0.371369,-0.229505,0.236940,-0.378310,-0.228265,0.210343,-0.415271,-0.196598,0.238907,-0.416252,-0.140879,0.260822,-0.411221,-0.193079
2026-08-05 17:54:17.193,308.499706,0.000000,0.000000,0.000000,0.337034,-0.387332,-0.227366,0.137486,-0.373451,-0.229846,0.237260,-0.380392,-0.228606,0.210663,-0.417353,-0.196939,0.239109,-0.419350,-0.141272,0.261142,-0.413303,-0.193420
2026-08-05 17:54:17.293,308.599706,0.000000,0.000000,0.000000,0.335754,-0.379005,-0.226004,0.136206,-0.365124,-0.228483,0.235980,-0.372064,-0.227243,0.209383,-0.409025,-0.195576,0.238087,-0.408954,-0.139091,0.260013,-0.403965,-0.192087
2026-08-05 17:54:17.393,308.699706,0.000000,0.000000,0.000000,0.337034,-0.387332,-0.227366,0.137486,-0.373451,-0.229846,0.237260,-0.380392,-0.228606,0.210663,-0.417353,-0.196939,0.239248,-0.418298,-0.140507,0.261142,-0.413303,-0.193420
2026-08-05 17:54:17.493,308.799706,0.000000,0.000000,0.000000,0.336650,-0.382168,-0.226763,0.136846,-0.369287,-0.229165,0.236748,-0.375728,-0.227964,0.210044,-0.413153,-0.195542,0.237897,-0.414087,-0.139807,0.261224,-0.409187,-0.192757
2026-08-05 17:54:17.593,308.899705,0.000000,0.000000,0.000000,0.336394,-0.383169,-0.226685,0.136846,-0.369287,-0.229165,0.236620,-0.376228,-0.227925,0.209971,-0.414168,-0.195508,0.238035,-0.413034,-0.139039,0.261224,-0.409187,-0.192757
2026-08-05 17:54:17.693,308.999705,0.000000,0.000000,0.000000,0.336394,-0.383169,-0.226685,0.136846,-0.369287,-0.229165,0.236620,-0.376228,-0.227925,0.210044,-0.413153,-0.195542,0.237800,-0.415067,-0.139148,0.261376,-0.408177,-0.192787
2026-08-05 17:54:17.793,309.099705,0.000000,0.000000,0.000000,0.336714,-0.385250,-0.227026,0.137127,-0.370349,-0.229587,0.236921,-0.377800,-0.228306,0.210327,-0.415742,-0.195866,0.238120,-0.417149,-0.139488,0.261696,-0.410259,-0.193128
2026-08-05 17:54:17.893,309.199705,0.000000,0.000000,0.000000,0.336074,-0.381087,-0.226344,0.136526,-0.367206,-0.228824,0.236300,-0.374146,-0.227584,0.209724,-0.411071,-0.195201,0.237501,-0.412950,-0.138095,0.260904,-0.407105,-0.192417
2026-08-05 17:54:17.993,309.299705,0.000000,0.000000,0.000000,0.336234,-0.382128,-0.226515,0.136686,-0.368246,-0.228994,0.236460,-0.375187,-0.227754,0.209884,-0.412112,-0.195372,0.237661,-0.413991,-0.138265,0.261086,-0.408110,-0.191864
2026-08-05 17:54:18.093,309.399705,0.000000,0.000000,0.000000,0.336810,-0.383209,-0.226933,0.137006,-0.370328,-0.229335,0.236908,-0.376768,-0.228134,0.210204,-0.414194,-0.195712,0.237767,-0.418070,-0.138007,0.261557,-0.409182,-0.192233
2026-08-05 17:54:18.193,309.499705,0.000000,0.000000,0.000000,0.336074,-0.381087,-0.226344,0.136487,-0.366186,-0.228905,0.236281,-0.373636,-0.227625,0.209724,-0.411071,-0.195201,0.237287,-0.414947,-0.137496,0.260926,-0.407069,-0.191693
2026-08-05 17:54:18.293,309.599705,0.000000,0.000000,0.000000,0.335914,-0.380046,-0.226174,0.136327,-0.365145,-0.228735,0.236121,-0.372595,-0.227455,0.209564,-0.410030,-0.195031,0.236768,-0.410808,-0.137137,0.260766,-0.406028,-0.191523
2026-08-05 17:54:18.393,309.699705,0.000000,0.000000,0.000000,0.336074,-0.381087,-0.226344,0.136526,-0.367206,-0.228824,0.236300,-0.374146,-0.227584,0.209724,-0.411071,-0.195201,0.236600,-0.414865,-0.136767,0.260926,-0.407069,-0.191693
2026-08-05 17:54:18.493,309.799705,0.000000,0.000000,0.000000,0.336074,-0.381087,-0.226344,0.136526,-0.367206,-0.228824,0.236300,-0.374146,-0.227584,0.209724,-0.411071,-0.195201,0.236832,-0.412830,-0.136652,0.261077,-0.406059,-0.191722
2026-08-05 17:54:18.593,309.899704,0.000000,0.000000,0.000000,0.335850,-0.376963,-0.225911,0.136046,-0.364083,-0.228313,0.235948,-0.370523,-0.227112,0.208458,-0.408916,-0.194638,0.236236,-0.410725,-0.136199,0.260446,-0.403946,-0.191182
2026-08-05 17:54:18.693,309.999704,0.000000,0.000000,0.000000,0.336074,-0.381087,-0.226344,0.136526,-0.367206,-0.228824,0.236300,-0.374146,-0.227584,0.209010,-0.411024,-0.195183,0.236891,-0.412322,-0.136623,0.261077,-0.406059,-0.191722
2026-08-05 17:54:18.793,310.099704,0.000000,0.000000,0.000000,0.336490,-0.381127,-0.226593,0.136686,-0.368246,-0.228994,0.236588,-0.374687,-0.227793,0.209242,-0.411049,-0.195387,0.236781,-0.415870,-0.136228,0.261237,-0.407100,-0.191892
2026-08-05 17:54:18.893,310.199704,0.000000,0.000000,0.000000,0.336074,-0.381087,-0.226344,0.136526,-0.367206,-0.228824,0.236300,-0.374146,-0.227584,0.209010,-0.411024,-0.195183,0.236621,-0.414829,-0.136057,0.261077,-0.406059,-0.191722
2026-08-05 17:54:18.993,310.299704,0.000000,0.000000,0.000000,0.336714,-0.385250,-0.227026,0.137166,-0.371369,-0.229505,0.236940,-0.378310,-0.228265,0.209650,-0.415187,-0.195864,0.237377,-0.417975,-0.136680,0.261717,-0.410222,-0.192403
2026-08-05 17:54:19.093,310.399704,0.000000,0.000000,0.000000,0.336490,-0.381127,-0.226593,0.136647,-0.367227,-0.229076,0.236568,-0.374177,-0.227834,0.209170,-0.412065,-0.195353,0.236685,-0.416851,-0.135578,0.261086,-0.408110,-0.191864
2026-08-05 17:54:19.193,310.499704,0.000000,0.000000,0.000000,0.336970,-0.384250,-0.227104,0.137166,-0.371369,-0.229505,0.237068,-0.377809,-0.228304,0.209650,-0.415187,-0.195864,0.236746,-0.417384,-0.135920,0.262287,-0.411281,-0.192394
2026-08-05 17:54:19.293,310.599704,0.000000,0.000000,0.000000,0.336810,-0.383209,-0.226933,0.136967,-0.369308,-0.229416,0.236888,-0.376259,-0.228175,0.209490,-0.414146,-0.195694,0.236528,-0.416851,-0.135780,0.262127,-0.410240,-0.192223
2026-08-05 17:54:19.393,310.699704,0.000000,0.000000,0.000000,0.336554,-0.384209,-0.226855,0.137006,-0.370328,-0.229335,0.236780,-0.377269,-0.228095,0.209490,-0.414146,-0.195694,0.236549,-0.416815,-0.135069,0.262127,-0.410240,-0.192223
2026-08-05 17:54:19.493,310.799704,0.000000,0.000000,0.000000,0.336554,-0.384209,-0.226855,0.137006,-0.370328,-0.229335,0.236780,-0.377269,-0.228095,0.209511,-0.414110,-0.194978,0.236434,-0.417833,-0.135130,0.262280,-0.409230,-0.192252
2026-08-05 17:54:19.593,310.899704,0.000000,0.000000,0.000000,0.336234,-0.382128,-0.226515,0.136686,-0.368246,-0.228994,0.236460,-0.375187,-0.227754,0.209119,-0.413044,-0.194604,0.236344,-0.413716,-0.134667,0.261731,-0.408663,-0.191868
2026-08-05 17:54:19.693,310.999703,0.000000,0.000000,0.000000,0.336074,-0.381087,-0.226344,0.136526,-0.367206,-0.228824,0.236300,-0.374146,-0.227584,0.208959,-0.412003,-0.194434,0.235359,-0.413645,-0.134539,0.261648,-0.407117,-0.191712
2026-08-05 17:54:19.793,311.099703,0.000000,0.000000,0.000000,0.336554,-0.384209,-0.226855,0.136967,-0.369308,-0.229416,0.236761,-0.376759,-0.228136,0.209439,-0.415125,-0.194945,0.235860,-0.416732,-0.134339,0.262127,-0.410240,-0.192223
2026-08-05 17:54:19.893,311.199703,0.000000,0.000000,0.000000,0.336810,-0.383209,-0.226933,0.137006,-0.370328,-0.229335,0.236908,-0.376768,-0.228134,0.209511,-0.414110,-0.194978,0.236203,-0.413680,-0.134152,0.261974,-0.411250,-0.192195
2026-08-05 17:54:19.993,311.299703,0.000000,0.000000,0.000000,0.336490,-0.381127,-0.226593,0.136686,-0.368246,-0.228994,0.236588,-0.374687,-0.227793,0.209264,-0.411013,-0.194670,0.235997,-0.410581,-0.133749,0.261808,-0.408158,-0.191883
2026-08-05 17:54:20.093,311.399703,0.000000,0.000000,0.000000,0.336394,-0.383169,-0.226685,0.136846,-0.369287,-0.229165,0.236620,-0.376228,-0.227925,0.209351,-0.413069,-0.194808,0.235950,-0.413620,-0.133331,0.261967,-0.409199,-0.192053
2026-08-05 17:54:20.193,311.499703,0.000000,0.000000,0.000000,0.336234,-0.382128,-0.226515,0.136686,-0.368246,-0.228994,0.236460,-0.375187,-0.227754,0.209191,-0.412028,-0.194637,0.235676,-0.413597,-0.133224,0.261808,-0.408158,-0.191883
2026-08-05 17:54:20.293,311.599703,0.000000,0.000000,0.000000,0.336554,-0.384209,-0.226855,0.137006,-0.370328,-0.229335,0.236780,-0.377269,-0.228095,0.208797,-0.414063,-0.194959,0.236224,-0.413644,-0.133438,0.262127,-0.410240,-0.192223
2026-08-05 17:54:20.393,311.699703,0.000000,0.000000,0.000000,0.336074,-0.381087,-0.226344,0.136526,-0.367206,-0.228824,0.236300,-0.374146,-0.227584,0.209031,-0.410987,-0.194467,0.234805,-0.412509,-0.133035,0.261648,-0.407117,-0.191712
2026-08-05 17:54:20.493,311.799703,0.000000,0.000000,0.000000,0.336074,-0.381087,-0.226344,0.136526,-0.367206,-0.228824,0.236300,-0.374146,-0.227584,0.208317,-0.410940,-0.194448,0.234805,-0.412509,-0.133035,0.261648,-0.407117,-0.191712
2026-08-05 17:54:20.593,311.899703,0.000000,0.000000,0.000000,0.336554,-0.384209,-0.226855,0.137006,-0.370328,-0.229335,0.236780,-0.377269,-0.228095,0.208797,-0.414063,-0.194959,0.235192,-0.416613,-0.132899,0.262127,-0.410240,-0.192223
2026-08-05 17:54:20.693,311.999702,0.000000,0.000000,0.000000,0.336810,-0.383209,-0.226933,0.137006,-0.370328,-0.229335,0.236908,-0.376768,-0.228134,0.208797,-0.414063,-0.194959,0.235306,-0.415596,-0.132834,0.262127,-0.410240,-0.192223
2026-08-05 17:54:20.793,312.099702,0.000000,0.000000,0.000000,0.335754,-0.379005,-0.226004,0.136245,-0.366143,-0.228402,0.236000,-0.372574,-0.227203,0.207997,-0.408858,-0.194108,0.234279,-0.412426,-0.132111,0.261328,-0.405035,-0.191371
2026-08-05 17:54:20.893,312.199702,0.000000,0.000000,0.000000,0.336714,-0.385250,-0.227026,0.137166,-0.371369,-0.229505,0.236940,-0.378310,-0.228265,0.208957,-0.415104,-0.195130,0.235522,-0.416128,-0.132972,0.262134,-0.412291,-0.192365
2026-08-05 17:54:20.993,312.299702,0.000000,0.000000,0.000000,0.336234,-0.382128,-0.226515,0.136686,-0.368246,-0.228994,0.236460,-0.375187,-0.227754,0.208477,-0.411981,-0.194619,0.234759,-0.415549,-0.132622,0.261808,-0.408158,-0.191883
2026-08-05 17:54:21.093,312.399702,0.000000,0.000000,0.000000,0.336074,-0.381087,-0.226344,0.136565,-0.368225,-0.228742,0.236319,-0.374656,-0.227543,0.208317,-0.410940,-0.194448,0.234003,-0.413443,-0.132369,0.261648,-0.407117,-0.191712
2026-08-05 17:54:21.193,312.499702,0.000000,0.000000,0.000000,0.336970,-0.384250,-0.227104,0.137166,-0.371369,-0.229505,0.237068,-0.377809,-0.228304,0.208957,-0.415104,-0.195130,0.234643,-0.417607,-0.133050,0.262134,-0.412291,-0.192365
2026-08-05 17:54:21.293,312.599702,0.000000,0.000000,0.000000,0.335754,-0.379005,-0.226004,0.136206,-0.365124,-0.228483,0.235980,-0.372064,-0.227243,0.207997,-0.408858,-0.194108,0.233592,-0.412343,-0.131383,0.261175,-0.406045,-0.191343
2026-08-05 17:54:21.393,312.699702,0.000000,0.000000,0.000000,0.336554,-0.384209,-0.226855,0.136967,-0.369308,-0.229416,0.236761,-0.376759,-0.228136,0.208797,-0.414063,-0.194959,0.234279,-0.418566,-0.132300,0.261974,-0.411250,-0.192195
2026-08-05 17:54:21.493,312.799702,0.000000,0.000000,0.000000,0.336970,-0.384250,-0.227104,0.137166,-0.371369,-0.229505,0.237068,-0.377809,-0.228304,0.208957,-0.415104,-0.195130,0.234551,-0.418589,-0.132405,0.262211,-0.411786,-0.192379
2026-08-05 17:54:21.593,312.899702,0.000000,0.000000,0.000000,0.336330,-0.380086,-0.226422,0.136526,-0.367206,-0.228824,0.236428,-0.373646,-0.227623,0.208246,-0.411955,-0.194416,0.234024,-0.413407,-0.131658,0.261648,-0.407117,-0.191712
2026-08-05 17:54:21.693,312.999701,0.000000,0.000000,0.000000,0.336970,-0.384250,-0.227104,0.137166,-0.371369,-0.229505,0.237068,-0.377809,-0.228304,0.208957,-0.415104,-0.195130,0.234551,-0.418589,-0.132405,0.262309,-0.411244,-0.191670
2026-08-05 17:54:21.793,313.099701,0.000000,0.000000,0.000000,0.336074,-0.381087,-0.226344,0.136487,-0.366186,-0.228905,0.236281,-0.373636,-0.227625,0.208317,-0.410940,-0.194448,0.233800,-0.415443,-0.131789,0.261648,-0.407117,-0.191712
2026-08-05 17:54:21.893,313.199701,0.000000,0.000000,0.000000,0.336714,-0.385250,-0.227026,0.137127,-0.370349,-0.229587,0.236921,-0.377800,-0.228306,0.208957,-0.415104,-0.195130,0.234551,-0.418589,-0.132405,0.262287,-0.411281,-0.192394
2026-08-05 17:54:21.993,313.299701,0.000000,0.000000,0.000000,0.336394,-0.383169,-0.226685,0.136846,-0.369287,-0.229165,0.236620,-0.376228,-0.227925,0.208637,-0.413022,-0.194789,0.234119,-0.417525,-0.132130,0.261967,-0.409199,-0.192053
2026-08-05 17:54:22.093,313.399701,0.000000,0.000000,0.000000,0.335914,-0.380046,-0.226174,0.136366,-0.366165,-0.228654,0.236140,-0.373105,-0.227414,0.208157,-0.409899,-0.194278,0.233864,-0.412366,-0.131488,0.261335,-0.407086,-0.191514
2026-08-05 17:54:22.193,313.499701,0.000000,0.000000,0.000000,0.336554,-0.384209,-0.226855,0.136967,-0.369308,-0.229416,0.236761,-0.376759,-0.228136,0.208797,-0.414063,-0.194959,0.234392,-0.417548,-0.132235,0.262051,-0.410745,-0.192209
2026-08-05 17:54:22.293,313.599701,0.000000,0.000000,0.000000,0.336650,-0.382168,-0.226763,0.136846,-0.369287,-0.229165,0.236748,-0.375728,-0.227964,0.208566,-0.414037,-0.194756,0.233523,-0.416460,-0.132046,0.261815,-0.410209,-0.192025
2026-08-05 17:54:22.393,313.699701,0.000000,0.000000,0.000000,0.336330,-0.380086,-0.226422,0.136526,-0.367206,-0.228824,0.236428,-0.373646,-0.227623,0.208246,-0.411955,-0.194416,0.234024,-0.413407,-0.131658,0.261495,-0.408127,-0.191684
2026-08-05 17:54:22.493,313.799701,0.000000,0.000000,0.000000,0.336330,-0.380086,-0.226422,0.136526,-0.367206,-0.228824,0.236428,-0.373646,-0.227623,0.208246,-0.411955,-0.194416,0.233259,-0.413869,-0.131672,0.261648,-0.407117,-0.191712
2026-08-05 17:54:22.593,313.899701,0.000000,0.000000,0.000000,0.337130,-0.385290,-0.227274,0.137287,-0.371390,-0.229757,0.237208,-0.378340,-0.228516,0.209117,-0.416145,-0.195300,0.234114,-0.418565,-0.132491,0.262294,-0.413332,-0.192536
2026-08-05 17:54:22.693,313.999701,0.000000,0.000000,0.000000,0.336874,-0.386291,-0.227196,0.137326,-0.372410,-0.229676,0.237100,-0.379351,-0.228436,0.209046,-0.417160,-0.195267,0.233892,-0.420601,-0.132623,0.262294,-0.413332,-0.192536
2026-08-05 17:54:22.793,314.099700,0.000000,0.000000,0.000000,0.336074,-0.381087,-0.226344,0.136565,-0.368225,-0.228742,0.236319,-0.374656,-0.227543,0.208317,-0.410940,-0.194448,0.233314,-0.413360,-0.131639,0.261495,-0.408127,-0.191684
2026-08-05 17:54:22.893,314.199700,0.000000,0.000000,0.000000,0.336234,-0.382128,-0.226515,0.136686,-0.368246,-0.228994,0.236460,-0.375187,-0.227754,0.208477,-0.411981,-0.194619,0.233585,-0.413383,-0.131744,0.261676,-0.409131,-0.191132
2026-08-05 17:54:22.993,314.299700,0.000000,0.000000,0.000000,0.336810,-0.383209,-0.226933,0.136247,-0.370278,-0.229315,0.236528,-0.376743,-0.228124,0.208797,-0.414063,-0.194959,0.233815,-0.416447,-0.131439,0.261974,-0.411250,-0.192195
2026-08-05 17:54:23.093,314.399700,0.000000,0.000000,0.000000,0.336810,-0.383209,-0.226933,0.137006,-0.370328,-0.229335,0.236908,-0.376768,-0.228134,0.208083,-0.414015,-0.194941,0.233815,-0.416447,-0.131439,0.261974,-0.411250,-0.192195
2026-08-05 17:54:23.193,314.499700,0.000000,0.000000,0.000000,0.336874,-0.386291,-0.227196,0.137326,-0.372410,-0.229676,0.237100,-0.379351,-0.228436,0.209046,-0.417160,-0.195267,0.233913,-0.420565,-0.131914,0.262294,-0.413332,-0.192536
2026-08-05 17:54:23.293,314.599700,0.000000,0.000000,0.000000,0.335914,-0.380046,-0.226174,0.136366,-0.366165,-0.228654,0.236140,-0.373105,-0.227414,0.208157,-0.409899,-0.194278,0.233175,-0.412283,-0.130758,0.261335,-0.407086,-0.191514
2026-08-05 17:54:23.393,314.699700,0.000000,0.000000,0.000000,0.336490,-0.381127,-0.226593,0.136686,-0.368246,-0.228994,0.236588,-0.374687,-0.227793,0.208477,-0.411981,-0.194619,0.233384,-0.415383,-0.131166,0.261655,-0.409168,-0.191854
2026-08-05 17:54:23.493,314.799700,0.000000,0.000000,0.000000,0.336074,-0.381087,-0.226344,0.136487,-0.366186,-0.228905,0.236281,-0.373636,-0.227625,0.207638,-0.410385,-0.194446,0.233224,-0.414342,-0.130995,0.261495,-0.408127,-0.191684
2026-08-05 17:54:23.593,314.899700,0.000000,0.000000,0.000000,0.336074,-0.381087,-0.226344,0.136526,-0.367206,-0.228824,0.236300,-0.374146,-0.227584,0.207603,-0.410893,-0.194430,0.233224,-0.414342,-0.130995,0.261495,-0.408127,-0.191684
2026-08-05 17:54:23.693,314.999700,0.000000,0.000000,0.000000,0.336074,-0.381087,-0.226344,0.136526,-0.367206,-0.228824,0.236300,-0.374146,-0.227584,0.207673,-0.409877,-0.194463,0.233168,-0.414851,-0.131029,0.261495,-0.408127,-0.191684
2026-08-05 17:54:23.793,315.099699,0.000000,0.000000,0.000000,0.336394,-0.383169,-0.226685,0.136846,-0.369287,-0.229165,0.236620,-0.376228,-0.227925,0.207853,-0.413990,-0.194738,0.233433,-0.417442,-0.131403,0.261815,-0.410209,-0.192025
2026-08-05 17:54:23.893,315.199699,0.000000,0.000000,0.000000,0.336490,-0.381127,-0.226593,0.136686,-0.368246,-0.228994,0.236588,-0.374687,-0.227793,0.207763,-0.411933,-0.194600,0.233384,-0.415383,-0.131166,0.261655,-0.409168,-0.191854
2026-08-05 17:54:23.993,315.299699,0.000000,0.000000,0.000000,0.336490,-0.381127,-0.226593,0.136725,-0.369266,-0.228913,0.236607,-0.375197,-0.227753,0.207763,-0.411933,-0.194600,0.233273,-0.416401,-0.131232,0.261655,-0.409168,-0.191854
2026-08-05 17:54:24.093,315.399699,0.000000,0.000000,0.000000,0.336810,-0.383209,-0.226933,0.137006,-0.370328,-0.229335,0.236908,-0.376768,-0.228134,0.208083,-0.414015,-0.194941,0.233704,-0.417465,-0.131506,0.261974,-0.411250,-0.192195
2026-08-05 17:54:24.193,315.499699,0.000000,0.000000,0.000000,0.336234,-0.382128,-0.226515,0.136686,-0.368246,-0.228994,0.236460,-0.375187,-0.227754,0.207693,-0.412949,-0.194567,0.233273,-0.416401,-0.131232,0.261655,-0.409168,-0.191854
2026-08-05 17:54:24.293,315.599699,0.000000,0.000000,0.000000,0.335754,-0.379005,-0.226004,0.136206,-0.365124,-0.228483,0.235980,-0.372064,-0.227243,0.207283,-0.408811,-0.194089,0.232925,-0.412224,-0.129945,0.261741,-0.407103,-0.191334
2026-08-05 17:54:24.393,315.699699,0.000000,0.000000,0.000000,0.336490,-0.381127,-0.226593,0.136725,-0.369266,-0.228913,0.236607,-0.375197,-0.227753,0.207693,-0.412949,-0.194567,0.233349,-0.415856,-0.130490,0.262221,-0.410226,-0.191845
2026-08-05 17:54:24.493,315.799699,0.000000,0.000000,0.000000,0.336234,-0.382128,-0.226515,0.136725,-0.369266,-0.228913,0.236479,-0.375697,-0.227714,0.207693,-0.412949,-0.194567,0.232696,-0.415300,-0.130437,0.262243,-0.410190,-0.191123
2026-08-05 17:54:24.593,315.899699,0.000000,0.000000,0.000000,0.337130,-0.385290,-0.227274,0.137287,-0.371390,-0.229757,0.237208,-0.378340,-0.228516,0.208333,-0.417113,-0.195249,0.233171,-0.420991,-0.131221,0.262882,-0.414353,-0.191805
2026-08-05 17:54:24.693,315.999699,0.000000,0.000000,0.000000,0.336234,-0.382128,-0.226515,0.136686,-0.368246,-0.228994,0.236460,-0.375187,-0.227754,0.207693,-0.412949,-0.194567,0.232586,-0.416318,-0.130505,0.262243,-0.410190,-0.191123
2026-08-05 17:54:24.793,316.099699,0.000000,0.000000,0.000000,0.335754,-0.379005,-0.226004,0.136206,-0.365124,-0.228483,0.235980,-0.372064,-0.227243,0.207213,-0.409826,-0.194056,0.232127,-0.413159,-0.129285,0.261917,-0.406057,-0.190640
2026-08-05 17:54:24.893,316.199698,0.000000,0.000000,0.000000,0.337034,-0.387332,-0.227366,0.137486,-0.373451,-0.229846,0.237260,-0.380392,-0.228606,0.208493,-0.418153,-0.195419,0.233407,-0.421487,-0.130648,0.263042,-0.415394,-0.191975
2026-08-05 17:54:24.993,316.299698,0.000000,0.000000,0.000000,0.336714,-0.385250,-0.227026,0.137166,-0.371369,-0.229505,0.236940,-0.378310,-0.228265,0.207460,-0.416024,-0.195060,0.233087,-0.419405,-0.130307,0.262722,-0.413312,-0.191634
2026-08-05 17:54:25.093,316.399698,0.000000,0.000000,0.000000,0.335754,-0.379005,-0.226004,0.136206,-0.365124,-0.228483,0.235980,-0.372064,-0.227243,0.206569,-0.408763,-0.194071,0.231420,-0.413112,-0.129267,0.261763,-0.407067,-0.190612
2026-08-05 17:54:25.193,316.499698,0.000000,0.000000,0.000000,0.336874,-0.386291,-0.227196,0.137287,-0.371390,-0.229757,0.237081,-0.378841,-0.228477,0.207551,-0.418081,-0.195197,0.232669,-0.419345,-0.129680,0.262882,-0.414353,-0.191805
2026-08-05 17:54:25.293,316.599698,0.000000,0.000000,0.000000,0.336074,-0.381087,-0.226344,0.136526,-0.367206,-0.228824,0.236300,-0.374146,-0.227584,0.206820,-0.411860,-0.194378,0.231761,-0.415159,-0.128899,0.262083,-0.409149,-0.190953
2026-08-05 17:54:25.393,316.699698,0.000000,0.000000,0.000000,0.336490,-0.381127,-0.226593,0.136725,-0.369266,-0.228913,0.236607,-0.375197,-0.227753,0.206980,-0.412901,-0.194549,0.232050,-0.415145,-0.128289,0.262397,-0.409179,-0.191151
2026-08-05 17:54:25.493,316.799698,0.000000,0.000000,0.000000,0.335914,-0.380046,-0.226174,0.136366,-0.366165,-0.228654,0.236140,-0.373105,-0.227414,0.206591,-0.411835,-0.194175,0.230914,-0.414035,-0.128001,0.262000,-0.407603,-0.190796
2026-08-05 17:54:25.593,316.899698,0.000000,0.000000,0.000000,0.336794,-0.385771,-0.227111,0.137246,-0.371890,-0.229590,0.237020,-0.378830,-0.228351,0.207540,-0.416545,-0.195145,0.231794,-0.419760,-0.128938,0.262802,-0.413833,-0.191720
2026-08-05 17:54:25.693,316.999698,0.000000,0.000000,0.000000,0.336650,-0.382168,-0.226763,0.136846,-0.369287,-0.229165,0.236748,-0.375728,-0.227964,0.207002,-0.415973,-0.194653,0.231415,-0.417122,-0.127803,0.262557,-0.410220,-0.191321
2026-08-05 17:54:25.793,317.099698,0.000000,0.000000,0.000000,0.336554,-0.384209,-0.226855,0.137044,-0.371348,-0.229253,0.236799,-0.377779,-0.228054,0.207300,-0.414983,-0.194889,0.231683,-0.417144,-0.127901,0.262562,-0.412271,-0.191464
2026-08-05 17:54:25.893,317.199697,0.000000,0.000000,0.000000,0.336714,-0.385250,-0.227026,0.137204,-0.372389,-0.229424,0.236959,-0.378820,-0.228225,0.207391,-0.417040,-0.195027,0.231027,-0.419157,-0.128125,0.262722,-0.413312,-0.191634
2026-08-05 17:54:25.993,317.299697,0.000000,0.000000,0.000000,0.336554,-0.384209,-0.226855,0.137006,-0.370328,-0.229335,0.236780,-0.377269,-0.228095,0.207300,-0.414983,-0.194889,0.230995,-0.417061,-0.127172,0.263282,-0.412319,-0.191483
2026-08-05 17:54:26.093,317.399697,0.000000,0.000000,0.000000,0.336714,-0.385250,-0.227026,0.137204,-0.372389,-0.229424,0.236959,-0.378820,-0.228225,0.207391,-0.417040,-0.195027,0.230941,-0.420139,-0.127490,0.263442,-0.413360,-0.191653
2026-08-05 17:54:26.193,317.499697,0.000000,0.000000,0.000000,0.336074,-0.381087,-0.226344,0.136487,-0.366186,-0.228905,0.236281,-0.373636,-0.227625,0.206751,-0.412876,-0.194345,0.230408,-0.414957,-0.126735,0.262647,-0.410206,-0.190945
2026-08-05 17:54:26.293,317.599697,0.000000,0.000000,0.000000,0.336330,-0.380086,-0.226422,0.136526,-0.367206,-0.228824,0.236428,-0.373646,-0.227623,0.206751,-0.412876,-0.194345,0.230408,-0.414957,-0.126735,0.262802,-0.409196,-0.190972
2026-08-05 17:54:26.393,317.699697,0.000000,0.000000,0.000000,0.337034,-0.387332,-0.227366,0.137524,-0.374471,-0.229764,0.237279,-0.380902,-0.228565,0.207711,-0.419121,-0.195368,0.231389,-0.421167,-0.127048,0.263762,-0.415442,-0.191994
2026-08-05 17:54:26.493,317.799697,0.000000,0.000000,0.000000,0.336650,-0.382168,-0.226763,0.136846,-0.369287,-0.229165,0.236748,-0.375728,-0.227964,0.207071,-0.414958,-0.194686,0.230856,-0.415985,-0.126292,0.263122,-0.411278,-0.191313
2026-08-05 17:54:26.593,317.899697,0.000000,0.000000,0.000000,0.336490,-0.381127,-0.226593,0.136725,-0.369266,-0.228913,0.236607,-0.375197,-0.227753,0.206911,-0.413917,-0.194516,0.229776,-0.416934,-0.126253,0.262962,-0.410237,-0.191142
2026-08-05 17:54:26.693,317.999697,0.000000,0.000000,0.000000,0.336714,-0.385250,-0.227026,0.137166,-0.371369,-0.229505,0.236940,-0.378310,-0.228265,0.206747,-0.415977,-0.195041,0.230467,-0.418019,-0.126614,0.263442,-0.413360,-0.191653
2026-08-05 17:54:26.793,318.099697,0.000000,0.000000,0.000000,0.336810,-0.383209,-0.226933,0.137044,-0.371348,-0.229253,0.236927,-0.377278,-0.228093,0.207300,-0.414983,-0.194889,0.230202,-0.417997,-0.126519,0.263282,-0.412319,-0.191483
2026-08-05 17:54:26.893,318.199697,0.000000,0.000000,0.000000,0.336554,-0.384209,-0.226855,0.137006,-0.370328,-0.229335,0.236780,-0.377269,-0.228095,0.206587,-0.414936,-0.194871,0.230413,-0.415960,-0.126369,0.263127,-0.413329,-0.191456
2026-08-05 17:54:26.993,318.299696,0.000000,0.000000,0.000000,0.336394,-0.383169,-0.226685,0.136846,-0.369287,-0.229165,0.236620,-0.376228,-0.227925,0.206359,-0.414910,-0.194668,0.230359,-0.413900,-0.126124,0.263122,-0.411278,-0.191313
2026-08-05 17:54:27.093,318.399696,0.000000,0.000000,0.000000,0.337130,-0.385290,-0.227274,0.137364,-0.373430,-0.229594,0.237247,-0.379360,-0.228434,0.206771,-0.419049,-0.195146,0.230501,-0.420115,-0.127568,0.263602,-0.414401,-0.191824
2026-08-05 17:54:27.193,318.499696,0.000000,0.000000,0.000000,0.336554,-0.384209,-0.226855,0.137006,-0.370328,-0.229335,0.236780,-0.377269,-0.228095,0.206451,-0.416967,-0.194805,0.230392,-0.415996,-0.127080,0.263127,-0.413329,-0.191456
2026-08-05 17:54:27.293,318.599696,0.000000,0.000000,0.000000,0.336970,-0.384250,-0.227104,0.137127,-0.370349,-0.229587,0.237048,-0.377299,-0.228345,0.206747,-0.415977,-0.195041,0.230446,-0.418055,-0.127324,0.263287,-0.414370,-0.191626
2026-08-05 17:54:27.393,318.699696,0.000000,0.000000,0.000000,0.336970,-0.384250,-0.227104,0.137166,-0.371369,-0.229505,0.237068,-0.377809,-0.228304,0.206611,-0.418008,-0.194975,0.230341,-0.419074,-0.127398,0.263287,-0.414370,-0.191626
2026-08-05 17:54:27.493,318.799696,0.000000,0.000000,0.000000,0.336234,-0.382128,-0.226515,0.136686,-0.368246,-0.228994,0.236460,-0.375187,-0.227754,0.206199,-0.413869,-0.194497,0.229028,-0.416958,-0.127650,0.262962,-0.410237,-0.191142
2026-08-05 17:54:27.593,318.899696,0.000000,0.000000,0.000000,0.336810,-0.383209,-0.226933,0.137006,-0.370328,-0.229335,0.236908,-0.376768,-0.228134,0.206451,-0.416967,-0.194805,0.229557,-0.417003,-0.127846,0.263127,-0.413329,-0.191456
2026-08-05 17:54:27.693,318.999696,0.000000,0.000000,0.000000,0.336074,-0.381087,-0.226344,0.136526,-0.367206,-0.228824,0.236300,-0.374146,-0.227584,0.205903,-0.414859,-0.194261,0.229129,-0.413371,-0.127298,0.262647,-0.410206,-0.190945
2026-08-05 17:54:27.793,319.099696,0.000000,0.000000,0.000000,0.336714,-0.385250,-0.227026,0.137204,-0.372389,-0.229424,0.236959,-0.378820,-0.228225,0.206679,-0.416992,-0.195008,0.230299,-0.419145,-0.128816,0.263442,-0.413360,-0.191653
2026-08-05 17:54:27.893,319.199696,0.000000,0.000000,0.000000,0.336074,-0.381087,-0.226344,0.136526,-0.367206,-0.228824,0.236300,-0.374146,-0.227584,0.205971,-0.413844,-0.194294,0.229659,-0.414982,-0.128134,0.262647,-0.410206,-0.190945
2026-08-05 17:54:27.993,319.299695,0.000000,0.000000,0.000000,0.336074,-0.381087,-0.226344,0.136565,-0.368225,-0.228742,0.236319,-0.374656,-0.227543,0.206039,-0.412829,-0.194327,0.229638,-0.415017,-0.128843,0.262647,-0.410206,-0.190945
2026-08-05 17:54:28.093,319.399695,0.000000,0.000000,0.000000,0.336810,-0.383209,-0.226933,0.137006,-0.370328,-0.229335,0.236908,-0.376768,-0.228134,0.206451,-0.416967,-0.194805,0.230013,-0.419159,-0.129425,0.263127,-0.413329,-0.191456
2026-08-05 17:54:28.193,319.499695,0.000000,0.000000,0.000000,0.336714,-0.385250,-0.227026,0.137166,-0.371369,-0.229505,0.236940,-0.378310,-0.228265,0.206543,-0.419023,-0.194943,0.230257,-0.419217,-0.130234,0.263442,-0.413360,-0.191653
2026-08-05 17:54:28.293,319.599695,0.000000,0.000000,0.000000,0.336554,-0.384209,-0.226855,0.137006,-0.370328,-0.229335,0.236780,-0.377269,-0.228095,0.206519,-0.415951,-0.194838,0.230097,-0.418176,-0.130063,0.262562,-0.412271,-0.191464
2026-08-05 17:54:28.393,319.699695,0.000000,0.000000,0.000000,0.336810,-0.383209,-0.226933,0.137006,-0.370328,-0.229335,0.236908,-0.376768,-0.228134,0.206430,-0.417003,-0.195517,0.230677,-0.419277,-0.130859,0.262387,-0.413318,-0.192157
2026-08-05 17:54:28.493,319.799695,0.000000,0.000000,0.000000,0.336554,-0.384209,-0.226855,0.137006,-0.370328,-0.229335,0.236780,-0.377269,-0.228095,0.206498,-0.415987,-0.195551,0.230870,-0.417277,-0.131432,0.262233,-0.414328,-0.192129
2026-08-05 17:54:28.593,319.899695,0.000000,0.000000,0.000000,0.336234,-0.382128,-0.226515,0.136686,-0.368246,-0.228994,0.236460,-0.375187,-0.227754,0.206110,-0.414921,-0.195177,0.231151,-0.416260,-0.131177,0.262067,-0.411236,-0.191816
2026-08-05 17:54:28.693,319.999695,0.000000,0.000000,0.000000,0.336810,-0.383209,-0.226933,0.137006,-0.370328,-0.229335,0.236908,-0.376768,-0.228134,0.206362,-0.418018,-0.195483,0.231557,-0.417360,-0.132161,0.262233,-0.414328,-0.192129
2026-08-05 17:54:28.793,320.099695,0.000000,0.000000,0.000000,0.336330,-0.380086,-0.226422,0.136565,-0.368225,-0.228742,0.236447,-0.374156,-0.227582,0.206018,-0.412865,-0.195040,0.231568,-0.416320,-0.131800,0.261753,-0.411205,-0.191618
2026-08-05 17:54:28.893,320.199695,0.000000,0.000000,0.000000,0.336074,-0.381087,-0.226344,0.136526,-0.367206,-0.228824,0.236300,-0.374146,-0.227584,0.205950,-0.413880,-0.195006,0.231548,-0.416355,-0.132508,0.261753,-0.411205,-0.191618
2026-08-05 17:54:28.993,320.299695,0.000000,0.000000,0.000000,0.336554,-0.384209,-0.226855,0.137006,-0.370328,-0.229335,0.236780,-0.377269,-0.228095,0.206430,-0.417003,-0.195517,0.232844,-0.418507,-0.132972,0.262233,-0.414328,-0.192129
2026-08-05 17:54:29.093,320.399694,0.000000,0.000000,0.000000,0.336234,-0.382128,-0.226515,0.136686,-0.368246,-0.228994,0.236460,-0.375187,-0.227754,0.206042,-0.415936,-0.195143,0.232393,-0.417479,-0.133404,0.261836,-0.412751,-0.191774
2026-08-05 17:54:29.193,320.499694,0.000000,0.000000,0.000000,0.336554,-0.384209,-0.226855,0.137006,-0.370328,-0.229335,0.236780,-0.377269,-0.228095,0.206430,-0.417003,-0.195517,0.232823,-0.418543,-0.133681,0.261669,-0.413270,-0.192138
2026-08-05 17:54:29.293,320.599694,0.000000,0.000000,0.000000,0.336170,-0.379045,-0.226252,0.136366,-0.366165,-0.228654,0.236268,-0.372605,-0.227453,0.205790,-0.412839,-0.194836,0.232870,-0.414462,-0.133727,0.261029,-0.409106,-0.191457
2026-08-05 17:54:29.393,320.699694,0.000000,0.000000,0.000000,0.336330,-0.380086,-0.226422,0.136526,-0.367206,-0.228824,0.236428,-0.373646,-0.227623,0.205950,-0.413880,-0.195006,0.233140,-0.414486,-0.133835,0.260883,-0.412168,-0.191571
2026-08-05 17:54:29.493,320.799694,0.000000,0.000000,0.000000,0.335595,-0.377964,-0.225833,0.136046,-0.364083,-0.228313,0.235820,-0.371023,-0.227073,0.206181,-0.410804,-0.194514,0.233236,-0.412463,-0.134114,0.260556,-0.408035,-0.191088
2026-08-05 17:54:29.593,320.899694,0.000000,0.000000,0.000000,0.336490,-0.381127,-0.226593,0.136686,-0.368246,-0.228994,0.236588,-0.374687,-0.227793,0.206110,-0.414921,-0.195177,0.233876,-0.416627,-0.134795,0.261349,-0.411188,-0.191798
2026-08-05 17:54:29.693,320.999694,0.000000,0.000000,0.000000,0.336874,-0.386291,-0.227196,0.137364,-0.373430,-0.229594,0.237119,-0.379861,-0.228395,0.207530,-0.418117,-0.195911,0.234740,-0.418756,-0.135354,0.261682,-0.417372,-0.192422
2026-08-05 17:54:29.793,321.099694,0.000000,0.000000,0.000000,0.336970,-0.384250,-0.227104,0.137204,-0.372389,-0.229424,0.237087,-0.378319,-0.228264,0.207301,-0.418091,-0.195706,0.235156,-0.418815,-0.135973,0.261676,-0.415321,-0.192280
2026-08-05 17:54:29.893,321.199694,0.000000,0.000000,0.000000,0.336810,-0.383209,-0.226933,0.137006,-0.370328,-0.229335,0.236908,-0.376768,-0.228134,0.207141,-0.417050,-0.195536,0.235222,-0.415740,-0.135683,0.261669,-0.413270,-0.192138
2026-08-05 17:54:29.993,321.299694,0.000000,0.000000,0.000000,0.336650,-0.382168,-0.226763,0.136846,-0.369287,-0.229165,0.236748,-0.375728,-0.227964,0.207119,-0.413978,-0.195433,0.235638,-0.415799,-0.136302,0.261356,-0.413239,-0.191940
2026-08-05 17:54:30.093,321.399693,0.000000,0.000000,0.000000,0.336554,-0.384209,-0.226855,0.137006,-0.370328,-0.229335,0.236780,-0.377269,-0.228095,0.207279,-0.415019,-0.195604,0.235797,-0.416840,-0.136473,0.261669,-0.413270,-0.192138
2026-08-05 17:54:30.193,321.499693,0.000000,0.000000,0.000000,0.336714,-0.385250,-0.227026,0.137204,-0.372389,-0.229424,0.236959,-0.378820,-0.228225,0.207391,-0.417040,-0.195027,0.235822,-0.418934,-0.137412,0.261828,-0.414311,-0.192309
2026-08-05 17:54:30.293,321.599693,0.000000,0.000000,0.000000,0.336330,-0.380086,-0.226422,0.136526,-0.367206,-0.228824,0.236428,-0.373646,-0.227623,0.207463,-0.412923,-0.194364,0.235891,-0.414817,-0.136749,0.260318,-0.411110,-0.191580
2026-08-05 17:54:30.393,321.699693,0.000000,0.000000,0.000000,0.336074,-0.381087,-0.226344,0.136565,-0.368225,-0.228742,0.236319,-0.374656,-0.227543,0.207442,-0.412959,-0.195077,0.235985,-0.413836,-0.137402,0.260470,-0.410100,-0.191608
2026-08-05 17:54:30.493,321.799693,0.000000,0.000000,0.000000,0.336010,-0.378004,-0.226082,0.136206,-0.365124,-0.228483,0.236108,-0.371564,-0.227282,0.207192,-0.409862,-0.194771,0.236259,-0.412819,-0.137137,0.260150,-0.408018,-0.191268
2026-08-05 17:54:30.593,321.899693,0.000000,0.000000,0.000000,0.336490,-0.381127,-0.226593,0.136686,-0.368246,-0.228994,0.236588,-0.374687,-0.227793,0.207672,-0.412985,-0.195282,0.236834,-0.414960,-0.138302,0.260630,-0.411141,-0.191779
2026-08-05 17:54:30.693,321.999693,0.000000,0.000000,0.000000,0.336490,-0.381127,-0.226593,0.136725,-0.369266,-0.228913,0.236607,-0.375197,-0.227753,0.207672,-0.412985,-0.195282,0.237544,-0.415007,-0.138321,0.260782,-0.410130,-0.191807
2026-08-05 17:54:30.793,322.099693,0.000000,0.000000,0.000000,0.336170,-0.379045,-0.226252,0.136366,-0.366165,-0.228654,0.236268,-0.372605,-0.227453,0.207352,-0.410903,-0.194941,0.237203,-0.412961,-0.138691,0.260310,-0.409059,-0.191438
2026-08-05 17:54:30.893,322.199693,0.000000,0.000000,0.000000,0.336810,-0.383209,-0.226933,0.137006,-0.370328,-0.229335,0.236908,-0.376768,-0.228134,0.207922,-0.416082,-0.195588,0.237939,-0.416144,-0.140030,0.260950,-0.413222,-0.192119
2026-08-05 17:54:30.993,322.299693,0.000000,0.000000,0.000000,0.336330,-0.380086,-0.226422,0.136526,-0.367206,-0.228824,0.236428,-0.373646,-0.227623,0.207512,-0.411944,-0.195111,0.238170,-0.413069,-0.139538,0.260470,-0.410100,-0.191608
2026-08-05 17:54:31.093,322.399693,0.000000,0.000000,0.000000,0.336970,-0.384250,-0.227104,0.137166,-0.371369,-0.229505,0.237068,-0.377809,-0.228304,0.208082,-0.417123,-0.195759,0.238810,-0.417233,-0.140219,0.261262,-0.413253,-0.192318
2026-08-05 17:54:31.193,322.499692,0.000000,0.000000,0.000000,0.336554,-0.384209,-0.226855,0.137006,-0.370328,-0.229335,0.236780,-0.377269,-0.228095,0.207992,-0.415067,-0.195622,0.238629,-0.416228,-0.140761,0.261081,-0.412249,-0.192869
2026-08-05 17:54:31.293,322.599692,0.000000,0.000000,0.000000,0.336490,-0.381127,-0.226593,0.136725,-0.369266,-0.228913,0.236607,-0.375197,-0.227753,0.207602,-0.414000,-0.195248,0.239020,-0.414193,-0.140439,0.260609,-0.411177,-0.192499
2026-08-05 17:54:31.393,322.699692,0.000000,0.000000,0.000000,0.337130,-0.385290,-0.227274,0.137364,-0.373430,-0.229594,0.237247,-0.379360,-0.228434,0.208242,-0.418164,-0.195929,0.239758,-0.417376,-0.141781,0.261400,-0.414330,-0.193210
2026-08-05 17:54:31.493,322.799692,0.000000,0.000000,0.000000,0.336874,-0.386291,-0.227196,0.137326,-0.372410,-0.229676,0.237100,-0.379351,-0.228436,0.208312,-0.417149,-0.195963,0.239857,-0.416396,-0.142445,0.261400,-0.414330,-0.193210
2026-08-05 17:54:31.593,322.899692,0.000000,0.000000,0.000000,0.337034,-0.387332,-0.227366,0.137486,-0.373451,-0.229846,0.237260,-0.380392,-0.228606,0.209113,-0.419252,-0.196118,0.240709,-0.417520,-0.143348,0.261560,-0.415371,-0.193380
2026-08-05 17:54:31.693,322.999692,0.000000,0.000000,0.000000,0.337290,-0.386331,-0.227444,0.137447,-0.372431,-0.229928,0.237368,-0.379381,-0.228686,0.209113,-0.419252,-0.196118,0.240709,-0.417520,-0.143348,0.261409,-0.416382,-0.193351
2026-08-05 17:54:31.793,323.099692,0.000000,0.000000,0.000000,0.336714,-0.385250,-0.227026,0.137166,-0.371369,-0.229505,0.236940,-0.378310,-0.228265,0.208844,-0.416191,-0.196526,0.241081,-0.415522,-0.143741,0.261240,-0.413290,-0.193039
2026-08-05 17:54:31.893,323.199692,0.000000,0.000000,0.000000,0.336490,-0.381127,-0.226593,0.136647,-0.367227,-0.229076,0.236568,-0.374177,-0.227834,0.208364,-0.413068,-0.196015,0.240601,-0.412399,-0.143230,0.260609,-0.411177,-0.192499
2026-08-05 17:54:31.993,323.299692,0.000000,0.000000,0.000000,0.336810,-0.383209,-0.226933,0.136967,-0.369308,-0.229416,0.236888,-0.376259,-0.228175,0.208684,-0.415150,-0.196355,0.240900,-0.414517,-0.144285,0.260929,-0.413259,-0.192840
2026-08-05 17:54:32.093,323.399692,0.000000,0.000000,0.000000,0.336330,-0.380086,-0.226422,0.136487,-0.366186,-0.228905,0.236409,-0.373136,-0.227664,0.208062,-0.414058,-0.195774,0.240420,-0.411394,-0.143774,0.260449,-0.410136,-0.192329
2026-08-05 17:54:32.193,323.499691,0.000000,0.000000,0.000000,0.335914,-0.380046,-0.226174,0.136366,-0.366165,-0.228654,0.236140,-0.373105,-0.227414,0.207973,-0.412002,-0.195639,0.240891,-0.410945,-0.144359,0.260441,-0.408085,-0.192188
2026-08-05 17:54:32.293,323.599691,0.000000,0.000000,0.000000,0.336650,-0.382168,-0.226763,0.136846,-0.369287,-0.229165,0.236748,-0.375728,-0.227964,0.208453,-0.415124,-0.196150,0.241309,-0.414576,-0.144893,0.260769,-0.412218,-0.192669
2026-08-05 17:54:32.393,323.699691,0.000000,0.000000,0.000000,0.337354,-0.389414,-0.227707,0.137805,-0.375533,-0.230187,0.237580,-0.382474,-0.228947,0.209412,-0.421370,-0.197172,0.242392,-0.419805,-0.145870,0.261728,-0.418463,-0.193691
2026-08-05 17:54:32.493,323.799691,0.000000,0.000000,0.000000,0.336394,-0.383169,-0.226685,0.136846,-0.369287,-0.229165,0.236620,-0.376228,-0.227925,0.208453,-0.415124,-0.196150,0.241411,-0.413596,-0.145562,0.260921,-0.411208,-0.192699
2026-08-05 17:54:32.593,323.899691,0.000000,0.000000,0.000000,0.336170,-0.379045,-0.226252,0.136366,-0.366165,-0.228654,0.236268,-0.372605,-0.227453,0.207973,-0.412002,-0.195639,0.240808,-0.411489,-0.145095,0.260441,-0.408085,-0.192188
2026-08-05 17:54:32.693,323.999691,0.000000,0.000000,0.000000,0.336554,-0.384209,-0.226855,0.137006,-0.370328,-0.229335,0.236780,-0.377269,-0.228095,0.208613,-0.416165,-0.196320,0.241448,-0.415653,-0.145776,0.261081,-0.412249,-0.192869
2026-08-05 17:54:32.793,324.099691,0.000000,0.000000,0.000000,0.337130,-0.385290,-0.227274,0.137326,-0.372410,-0.229676,0.237228,-0.378850,-0.228475,0.208932,-0.418247,-0.196661,0.241891,-0.416718,-0.146073,0.261249,-0.415341,-0.193180
2026-08-05 17:54:32.893,324.199691,0.000000,0.000000,0.000000,0.336490,-0.381127,-0.226593,0.136686,-0.368246,-0.228994,0.236588,-0.374687,-0.227793,0.209005,-0.414131,-0.195998,0.241128,-0.413571,-0.145436,0.260609,-0.411177,-0.192499
2026-08-05 17:54:32.993,324.299691,0.000000,0.000000,0.000000,0.336234,-0.382128,-0.226515,0.136686,-0.368246,-0.228994,0.236460,-0.375187,-0.227754,0.209041,-0.413623,-0.196016,0.241251,-0.412555,-0.145392,0.260041,-0.410119,-0.192510
2026-08-05 17:54:33.093,324.399691,0.000000,0.000000,0.000000,0.335595,-0.377964,-0.225833,0.136046,-0.364083,-0.228313,0.235820,-0.371023,-0.227073,0.208365,-0.409967,-0.195317,0.240489,-0.409407,-0.144754,0.259401,-0.405955,-0.191828
2026-08-05 17:54:33.193,324.499691,0.000000,0.000000,0.000000,0.336490,-0.381127,-0.226593,0.136686,-0.368246,-0.228994,0.236588,-0.374687,-0.227793,0.209026,-0.414095,-0.195285,0.240538,-0.412507,-0.145373,0.260041,-0.410119,-0.192510
2026-08-05 17:54:33.293,324.599690,0.000000,0.000000,0.000000,0.337130,-0.385290,-0.227274,0.137326,-0.372410,-0.229676,0.237228,-0.378850,-0.228475,0.209738,-0.417243,-0.196000,0.241178,-0.416671,-0.146054,0.260681,-0.414283,-0.193191
2026-08-05 17:54:33.393,324.699690,0.000000,0.000000,0.000000,0.336490,-0.381127,-0.226593,0.136686,-0.368246,-0.228994,0.236588,-0.374687,-0.227793,0.209811,-0.413127,-0.195337,0.240538,-0.412507,-0.145373,0.260192,-0.409109,-0.192539
2026-08-05 17:54:33.493,324.799690,0.000000,0.000000,0.000000,0.336970,-0.384250,-0.227104,0.137166,-0.371369,-0.229505,0.237068,-0.377809,-0.228304,0.210291,-0.416250,-0.195849,0.241018,-0.415630,-0.145884,0.260671,-0.412231,-0.193050
2026-08-05 17:54:33.593,324.899690,0.000000,0.000000,0.000000,0.335850,-0.376963,-0.225911,0.136046,-0.364083,-0.228313,0.235948,-0.370523,-0.227112,0.209244,-0.407948,-0.194690,0.240020,-0.407328,-0.144647,0.259401,-0.405955,-0.191828
2026-08-05 17:54:33.693,324.999690,0.000000,0.000000,0.000000,0.336650,-0.382168,-0.226763,0.136807,-0.368268,-0.229246,0.236728,-0.375218,-0.228005,0.209971,-0.414168,-0.195508,0.240820,-0.412532,-0.145499,0.260352,-0.410150,-0.192709
2026-08-05 17:54:33.793,325.099690,0.000000,0.000000,0.000000,0.336490,-0.381127,-0.226593,0.136686,-0.368246,-0.228994,0.236588,-0.374687,-0.227793,0.209884,-0.412112,-0.195372,0.240660,-0.411491,-0.145329,0.260041,-0.410119,-0.192510
2026-08-05 17:54:33.893,325.199690,0.000000,0.000000,0.000000,0.335914,-0.380046,-0.226174,0.136366,-0.366165,-0.228654,0.236140,-0.373105,-0.227414,0.209564,-0.410030,-0.195031,0.240218,-0.410425,-0.145032,0.259872,-0.407027,-0.192198
2026-08-05 17:54:33.993,325.299690,0.000000,0.000000,0.000000,0.336714,-0.385250,-0.227026,0.137166,-0.371369,-0.229505,0.236940,-0.378310,-0.228265,0.210364,-0.415235,-0.195883,0.241139,-0.414614,-0.145840,0.260521,-0.413242,-0.193021
2026-08-05 17:54:34.093,325.399690,0.000000,0.000000,0.000000,0.336714,-0.385250,-0.227026,0.137166,-0.371369,-0.229505,0.236940,-0.378310,-0.228265,0.211078,-0.415282,-0.195901,0.241018,-0.415630,-0.145884,0.260521,-0.413242,-0.193021
2026-08-05 17:54:34.193,325.499690,0.000000,0.000000,0.000000,0.336234,-0.382128,-0.226515,0.136686,-0.368246,-0.228994,0.236460,-0.375187,-0.227754,0.209884,-0.412112,-0.195372,0.240660,-0.411491,-0.145329,0.260192,-0.409109,-0.192539
2026-08-05 17:54:34.293,325.599689,0.000000,0.000000,0.000000,0.335914,-0.380046,-0.226174,0.136327,-0.365145,-0.228735,0.236121,-0.372595,-0.227455,0.209491,-0.411045,-0.194997,0.239625,-0.409362,-0.144969,0.260022,-0.406017,-0.192228
2026-08-05 17:54:34.393,325.699689,0.000000,0.000000,0.000000,0.335754,-0.379005,-0.226004,0.136206,-0.365124,-0.228483,0.235980,-0.372064,-0.227243,0.209404,-0.408989,-0.194861,0.240180,-0.408369,-0.144818,0.259712,-0.405986,-0.192028
2026-08-05 17:54:34.493,325.799689,0.000000,0.000000,0.000000,0.336234,-0.382128,-0.226515,0.136686,-0.368246,-0.228994,0.236460,-0.375187,-0.227754,0.209884,-0.412112,-0.195372,0.239945,-0.411444,-0.145310,0.260041,-0.410119,-0.192510
2026-08-05 17:54:34.593,325.899689,0.000000,0.000000,0.000000,0.336394,-0.383169,-0.226685,0.136846,-0.369287,-0.229165,0.236620,-0.376228,-0.227925,0.210118,-0.412138,-0.195576,0.240084,-0.412521,-0.146196,0.260201,-0.411160,-0.192680
2026-08-05 17:54:34.693,325.999689,0.000000,0.000000,0.000000,0.336650,-0.382168,-0.226763,0.136846,-0.369287,-0.229165,0.236748,-0.375728,-0.227964,0.209971,-0.414168,-0.195508,0.239964,-0.413537,-0.146239,0.260201,-0.411160,-0.192680
2026-08-05 17:54:34.793,326.099689,0.000000,0.000000,0.000000,0.336554,-0.384209,-0.226855,0.136967,-0.369308,-0.229416,0.236761,-0.376759,-0.228136,0.210131,-0.415209,-0.195678,0.240837,-0.414625,-0.146428,0.260511,-0.411191,-0.192880
2026-08-05 17:54:34.893,326.199689,0.000000,0.000000,0.000000,0.337034,-0.387332,-0.227366,0.137486,-0.373451,-0.229846,0.237260,-0.380392,-0.228606,0.210684,-0.417317,-0.196223,0.240604,-0.417701,-0.146921,0.260841,-0.415324,-0.193361
2026-08-05 17:54:34.993,326.299689,0.000000,0.000000,0.000000,0.337290,-0.386331,-0.227444,0.137524,-0.374471,-0.229764,0.237407,-0.380401,-0.228604,0.210663,-0.417353,-0.196939,0.240724,-0.416685,-0.146877,0.260841,-0.415324,-0.193361
2026-08-05 17:54:35.093,326.399689,0.000000,0.000000,0.000000,0.336234,-0.382128,-0.226515,0.136686,-0.368246,-0.228994,0.236460,-0.375187,-0.227754,0.209863,-0.412148,-0.196087,0.239804,-0.412496,-0.146069,0.260192,-0.409109,-0.192539
2026-08-05 17:54:35.193,326.499689,0.000000,0.000000,0.000000,0.336650,-0.382168,-0.226763,0.136807,-0.368268,-0.229246,0.236728,-0.375218,-0.228005,0.209950,-0.414204,-0.196222,0.239964,-0.413537,-0.146239,0.260201,-0.411160,-0.192680
2026-08-05 17:54:35.293,326.599689,0.000000,0.000000,0.000000,0.336074,-0.381087,-0.226344,0.136526,-0.367206,-0.228824,0.236300,-0.374146,-0.227584,0.209703,-0.411107,-0.195917,0.239665,-0.411419,-0.145184,0.260032,-0.408068,-0.192369
2026-08-05 17:54:35.393,326.699688,0.000000,0.000000,0.000000,0.336234,-0.382128,-0.226515,0.136647,-0.367227,-0.229076,0.236441,-0.374677,-0.227795,0.209790,-0.413163,-0.196052,0.239945,-0.411444,-0.145310,0.260192,-0.409109,-0.192539
2026-08-05 17:54:35.493,326.799688,0.000000,0.000000,0.000000,0.336874,-0.386291,-0.227196,0.137326,-0.372410,-0.229676,0.237100,-0.379351,-0.228436,0.210430,-0.417327,-0.196733,0.239752,-0.416576,-0.146017,0.260831,-0.413272,-0.193220
2026-08-05 17:54:35.593,326.899688,0.000000,0.000000,0.000000,0.336554,-0.384209,-0.226855,0.137006,-0.370328,-0.229335,0.236780,-0.377269,-0.228095,0.210110,-0.415245,-0.196393,0.239432,-0.414494,-0.145676,0.260511,-0.411191,-0.192880
2026-08-05 17:54:35.693,326.999688,0.000000,0.000000,0.000000,0.336714,-0.385250,-0.227026,0.137166,-0.371369,-0.229505,0.236940,-0.378310,-0.228265,0.210343,-0.415271,-0.196598,0.239493,-0.416516,-0.145178,0.260671,-0.412231,-0.193050
2026-08-05 17:54:35.793,327.099688,0.000000,0.000000,0.000000,0.336074,-0.381087,-0.226344,0.136526,-0.367206,-0.228824,0.236300,-0.374146,-0.227584,0.209703,-0.411107,-0.195917,0.238024,-0.413321,-0.144523,0.260032,-0.408068,-0.192369
2026-08-05 17:54:35.893,327.199688,0.000000,0.000000,0.000000,0.335754,-0.379005,-0.226004,0.136167,-0.364104,-0.228565,0.235961,-0.371554,-0.227284,0.209383,-0.409025,-0.195576,0.237843,-0.410186,-0.143424,0.259712,-0.405986,-0.192028
2026-08-05 17:54:35.993,327.299688,0.000000,0.000000,0.000000,0.337034,-0.387332,-0.227366,0.137486,-0.373451,-0.229846,0.237260,-0.380392,-0.228606,0.210663,-0.417353,-0.196939,0.239004,-0.419530,-0.144833,0.261142,-0.413303,-0.193420
2026-08-05 17:54:36.093,327.399688,0.000000,0.000000,0.000000,0.336394,-0.383169,-0.226685,0.136846,-0.369287,-0.229165,0.236620,-0.376228,-0.227925,0.210023,-0.413189,-0.196258,0.238385,-0.415331,-0.143439,0.260352,-0.410150,-0.192709
2026-08-05 17:54:36.193,327.499688,0.000000,0.000000,0.000000,0.336234,-0.382128,-0.226515,0.136686,-0.368246,-0.228994,0.236460,-0.375187,-0.227754,0.209863,-0.412148,-0.196087,0.238225,-0.414290,-0.143269,0.260342,-0.408098,-0.192568
2026-08-05 17:54:36.293,327.599688,0.000000,0.000000,0.000000,0.336874,-0.386291,-0.227196,0.137326,-0.372410,-0.229676,0.237100,-0.379351,-0.228436,0.210503,-0.416312,-0.196769,0.238865,-0.418453,-0.143951,0.260982,-0.412262,-0.193250
2026-08-05 17:54:36.393,327.699687,0.000000,0.000000,0.000000,0.336714,-0.385250,-0.227026,0.137166,-0.371369,-0.229505,0.236940,-0.378310,-0.228265,0.210270,-0.416286,-0.196563,0.238845,-0.416360,-0.143019,0.260822,-0.411221,-0.193079
2026-08-05 17:54:36.493,327.799687,0.000000,0.000000,0.000000,0.336714,-0.385250,-0.227026,0.137166,-0.371369,-0.229505,0.236940,-0.378310,-0.228265,0.210343,-0.415271,-0.196598,0.238845,-0.416360,-0.143019,0.260822,-0.411221,-0.193079
2026-08-05 17:54:36.593,327.899687,0.000000,0.000000,0.000000,0.336490,-0.381127,-0.226593,0.136686,-0.368246,-0.228994,0.236588,-0.374687,-0.227793,0.209863,-0.412148,-0.196087,0.238267,-0.414218,-0.141845,0.260342,-0.408098,-0.192568
2026-08-05 17:54:36.693,327.999687,0.000000,0.000000,0.000000,0.336554,-0.384209,-0.226855,0.137006,-0.370328,-0.229335,0.236780,-0.377269,-0.228095,0.210183,-0.414230,-0.196428,0.238587,-0.416300,-0.142185,0.260511,-0.411191,-0.192880
2026-08-05 17:54:36.793,328.099687,0.000000,0.000000,0.000000,0.336330,-0.380086,-0.226422,0.136565,-0.368225,-0.228742,0.236447,-0.374156,-0.227582,0.209703,-0.411107,-0.195917,0.238107,-0.413177,-0.141674,0.260182,-0.407057,-0.192398
2026-08-05 17:54:36.893,328.199687,0.000000,0.000000,0.000000,0.336650,-0.382168,-0.226763,0.136846,-0.369287,-0.229165,0.236748,-0.375728,-0.227964,0.210023,-0.413189,-0.196258,0.238567,-0.414206,-0.141252,0.260352,-0.410150,-0.192709
2026-08-05 17:54:36.993,328.299687,0.000000,0.000000,0.000000,0.337194,-0.388373,-0.227537,0.137646,-0.374492,-0.230016,0.237420,-0.381433,-0.228776,0.210823,-0.418394,-0.197109,0.239366,-0.419411,-0.142104,0.261302,-0.414344,-0.193590
2026-08-05 17:54:37.093,328.399687,0.000000,0.000000,0.000000,0.336554,-0.384209,-0.226855,0.137044,-0.371348,-0.229253,0.236799,-0.377779,-0.228054,0.210183,-0.414230,-0.196428,0.238727,-0.415247,-0.141422,0.260662,-0.410180,-0.192909
2026-08-05 17:54:37.193,328.499687,0.000000,0.000000,0.000000,0.336554,-0.384209,-0.226855,0.137006,-0.370328,-0.229335,0.236780,-0.377269,-0.228095,0.210183,-0.414230,-0.196428,0.238629,-0.416228,-0.140761,0.260813,-0.409170,-0.192938
2026-08-05 17:54:37.293,328.599687,0.000000,0.000000,0.000000,0.336074,-0.381087,-0.226344,0.136526,-0.367206,-0.228824,0.236300,-0.374146,-0.227584,0.209703,-0.411107,-0.195917,0.238268,-0.412088,-0.140198,0.260182,-0.407057,-0.192398
2026-08-05 17:54:37.393,328.699687,0.000000,0.000000,0.000000,0.336810,-0.383209,-0.226933,0.137006,-0.370328,-0.229335,0.236908,-0.376768,-0.228134,0.210110,-0.415245,-0.196393,0.238650,-0.416192,-0.140049,0.260813,-0.409170,-0.192938
2026-08-05 17:54:37.493,328.799686,0.000000,0.000000,0.000000,0.337034,-0.387332,-0.227366,0.137524,-0.374471,-0.229764,0.237279,-0.380902,-0.228565,0.210736,-0.416338,-0.196974,0.239130,-0.419314,-0.140560,0.261864,-0.413351,-0.193439
2026-08-05 17:54:37.593,328.899686,0.000000,0.000000,0.000000,0.336810,-0.383209,-0.226933,0.137006,-0.370328,-0.229335,0.236908,-0.376768,-0.228134,0.210204,-0.414194,-0.195712,0.238195,-0.414075,-0.139209,0.261384,-0.410228,-0.192928
2026-08-05 17:54:37.693,328.999686,0.000000,0.000000,0.000000,0.336970,-0.384250,-0.227104,0.137166,-0.371369,-0.229505,0.237068,-0.377809,-0.228304,0.210438,-0.414220,-0.195917,0.238120,-0.417149,-0.139488,0.261544,-0.411269,-0.193098
2026-08-05 17:54:37.793,329.099686,0.000000,0.000000,0.000000,0.336394,-0.383169,-0.226685,0.136884,-0.370307,-0.229083,0.236639,-0.376738,-0.227884,0.210044,-0.413153,-0.195542,0.237918,-0.414051,-0.139093,0.261224,-0.409187,-0.192757
2026-08-05 17:54:37.893,329.199686,0.000000,0.000000,0.000000,0.336394,-0.383169,-0.226685,0.136807,-0.368268,-0.229246,0.236601,-0.375718,-0.227966,0.210044,-0.413153,-0.195542,0.237880,-0.414523,-0.138408,0.261376,-0.408177,-0.192787
2026-08-05 17:54:37.993,329.299686,0.000000,0.000000,0.000000,0.336554,-0.384209,-0.226855,0.137006,-0.370328,-0.229335,0.236780,-0.377269,-0.228095,0.210204,-0.414194,-0.195712,0.237864,-0.417089,-0.138661,0.261557,-0.409182,-0.192233
2026-08-05 17:54:38.093,329.399686,0.000000,0.000000,0.000000,0.336554,-0.384209,-0.226855,0.137006,-0.370328,-0.229335,0.236780,-0.377269,-0.228095,0.210204,-0.414194,-0.195712,0.238002,-0.416036,-0.137894,0.261557,-0.409182,-0.192233
2026-08-05 17:54:38.193,329.499686,0.000000,0.000000,0.000000,0.336554,-0.384209,-0.226855,0.137006,-0.370328,-0.229335,0.236780,-0.377269,-0.228095,0.210204,-0.414194,-0.195712,0.237767,-0.418070,-0.138007,0.261405,-0.410192,-0.192204
2026-08-05 17:54:38.293,329.599686,0.000000,0.000000,0.000000,0.336234,-0.382128,-0.226515,0.136686,-0.368246,-0.228994,0.236460,-0.375187,-0.227754,0.209884,-0.412112,-0.195372,0.236855,-0.414924,-0.137591,0.261237,-0.407100,-0.191892
2026-08-05 17:54:38.393,329.699686,0.000000,0.000000,0.000000,0.336234,-0.382128,-0.226515,0.136686,-0.368246,-0.228994,0.236460,-0.375187,-0.227754,0.209811,-0.413127,-0.195337,0.236876,-0.414888,-0.136880,0.261237,-0.407100,-0.191892
2026-08-05 17:54:38.493,329.799685,0.000000,0.000000,0.000000,0.336074,-0.381087,-0.226344,0.136526,-0.367206,-0.228824,0.236300,-0.374146,-0.227584,0.209724,-0.411071,-0.195201,0.236832,-0.412830,-0.136652,0.261077,-0.406059,-0.191722
2026-08-05 17:54:38.593,329.899685,0.000000,0.000000,0.000000,0.336874,-0.386291,-0.227196,0.137326,-0.372410,-0.229676,0.237100,-0.379351,-0.228436,0.209738,-0.417243,-0.196000,0.237632,-0.418035,-0.137504,0.261725,-0.412274,-0.192545
2026-08-05 17:54:38.693,329.999685,0.000000,0.000000,0.000000,0.336074,-0.381087,-0.226344,0.136565,-0.368225,-0.228742,0.236319,-0.374656,-0.227543,0.209010,-0.411024,-0.195183,0.236737,-0.413812,-0.135998,0.260926,-0.407069,-0.191693
2026-08-05 17:54:38.793,330.099685,0.000000,0.000000,0.000000,0.336714,-0.385250,-0.227026,0.137166,-0.371369,-0.229505,0.236940,-0.378310,-0.228265,0.209650,-0.415187,-0.195864,0.237260,-0.418992,-0.136739,0.261565,-0.411233,-0.192375
2026-08-05 17:54:38.893,330.199685,0.000000,0.000000,0.000000,0.336074,-0.381087,-0.226344,0.136526,-0.367206,-0.228824,0.236300,-0.374146,-0.227584,0.209010,-0.411024,-0.195183,0.236621,-0.414829,-0.136057,0.261648,-0.407117,-0.191712
2026-08-05 17:54:38.993,330.299685,0.000000,0.000000,0.000000,0.336234,-0.382128,-0.226515,0.136686,-0.368246,-0.228994,0.236460,-0.375187,-0.227754,0.209170,-0.412065,-0.195353,0.236781,-0.415870,-0.136228,0.261161,-0.407605,-0.191878
2026-08-05 17:54:39.093,330.399685,0.000000,0.000000,0.000000,0.336650,-0.382168,-0.226763,0.136846,-0.369287,-0.229165,0.236748,-0.375728,-0.227964,0.209330,-0.413105,-0.195523,0.236961,-0.416875,-0.135688,0.261967,-0.409199,-0.192053
2026-08-05 17:54:39.193,330.499685,0.000000,0.000000,0.000000,0.337034,-0.387332,-0.227366,0.137447,-0.372431,-0.229928,0.237240,-0.379882,-0.228647,0.209970,-0.417269,-0.196205,0.237008,-0.419974,-0.136291,0.262607,-0.413363,-0.192734
2026-08-05 17:54:39.293,330.599685,0.000000,0.000000,0.000000,0.336714,-0.385250,-0.227026,0.137166,-0.371369,-0.229505,0.236940,-0.378310,-0.228265,0.209578,-0.416202,-0.195830,0.236803,-0.416875,-0.135890,0.262287,-0.411281,-0.192394
2026-08-05 17:54:39.393,330.699685,0.000000,0.000000,0.000000,0.336490,-0.381127,-0.226593,0.136686,-0.368246,-0.228994,0.236588,-0.374687,-0.227793,0.209170,-0.412065,-0.195353,0.236344,-0.413716,-0.134667,0.261884,-0.407653,-0.191897
2026-08-05 17:54:39.493,330.799685,0.000000,0.000000,0.000000,0.336714,-0.385250,-0.227026,0.137166,-0.371369,-0.229505,0.236940,-0.378310,-0.228265,0.209599,-0.416166,-0.195115,0.236824,-0.416839,-0.135178,0.262287,-0.411281,-0.192394
2026-08-05 17:54:39.593,330.899684,0.000000,0.000000,0.000000,0.336394,-0.383169,-0.226685,0.136807,-0.368268,-0.229246,0.236601,-0.375718,-0.227966,0.209258,-0.414121,-0.195489,0.236620,-0.413740,-0.134776,0.261967,-0.409199,-0.192053
2026-08-05 17:54:39.693,330.999684,0.000000,0.000000,0.000000,0.337450,-0.387372,-0.227615,0.137646,-0.374492,-0.230016,0.237548,-0.380932,-0.228815,0.210079,-0.419289,-0.195627,0.236593,-0.419915,-0.135670,0.262767,-0.414403,-0.192905
2026-08-05 17:54:39.793,331.099684,0.000000,0.000000,0.000000,0.336234,-0.382128,-0.226515,0.136647,-0.367227,-0.229076,0.236441,-0.374677,-0.227795,0.209227,-0.411521,-0.194654,0.235655,-0.413633,-0.133936,0.261655,-0.409168,-0.191854
2026-08-05 17:54:39.893,331.199684,0.000000,0.000000,0.000000,0.336394,-0.383169,-0.226685,0.136846,-0.369287,-0.229165,0.236620,-0.376228,-0.227925,0.209279,-0.414085,-0.194775,0.235815,-0.414674,-0.134107,0.261967,-0.409199,-0.192053
2026-08-05 17:54:39.993,331.299684,0.000000,0.000000,0.000000,0.336810,-0.383209,-0.226933,0.136967,-0.369308,-0.229416,0.236888,-0.376259,-0.228175,0.209511,-0.414110,-0.194978,0.236089,-0.414697,-0.134215,0.262127,-0.410240,-0.192223
2026-08-05 17:54:40.093,331.399684,0.000000,0.000000,0.000000,0.336810,-0.383209,-0.226933,0.137006,-0.370328,-0.229335,0.236908,-0.376768,-0.228134,0.209511,-0.414110,-0.194978,0.235974,-0.415715,-0.134277,0.262127,-0.410240,-0.192223
2026-08-05 17:54:40.193,331.499684,0.000000,0.000000,0.000000,0.336810,-0.383209,-0.226933,0.137006,-0.370328,-0.229335,0.236908,-0.376768,-0.228134,0.209439,-0.415125,-0.194945,0.236224,-0.413644,-0.133438,0.262127,-0.410240,-0.192223
2026-08-05 17:54:40.293,331.599684,0.000000,0.000000,0.000000,0.336970,-0.384250,-0.227104,0.137166,-0.371369,-0.229505,0.237068,-0.377809,-0.228304,0.209671,-0.415151,-0.195148,0.236155,-0.416720,-0.133735,0.262287,-0.411281,-0.192394
2026-08-05 17:54:40.393,331.699684,0.000000,0.000000,0.000000,0.336874,-0.386291,-0.227196,0.137326,-0.372410,-0.229676,0.237100,-0.379351,-0.228436,0.209759,-0.417207,-0.195286,0.235491,-0.418731,-0.133950,0.262447,-0.412322,-0.192564
2026-08-05 17:54:40.493,331.799684,0.000000,0.000000,0.000000,0.336554,-0.384209,-0.226855,0.137006,-0.370328,-0.229335,0.236780,-0.377269,-0.228095,0.209439,-0.415125,-0.194945,0.235398,-0.414614,-0.133483,0.261974,-0.411250,-0.192195
2026-08-05 17:54:40.593,331.899683,0.000000,0.000000,0.000000,0.336650,-0.382168,-0.226763,0.136846,-0.369287,-0.229165,0.236748,-0.375728,-0.227964,0.208566,-0.414037,-0.194756,0.235032,-0.415572,-0.132728,0.261815,-0.410209,-0.192025
2026-08-05 17:54:40.693,331.999683,0.000000,0.000000,0.000000,0.336394,-0.383169,-0.226685,0.136846,-0.369287,-0.229165,0.236620,-0.376228,-0.227925,0.208637,-0.413022,-0.194789,0.235032,-0.415572,-0.132728,0.261967,-0.409199,-0.192053
2026-08-05 17:54:40.793,332.099683,0.000000,0.000000,0.000000,0.336714,-0.385250,-0.227026,0.137166,-0.371369,-0.229505,0.236940,-0.378310,-0.228265,0.209671,-0.415151,-0.195148,0.235239,-0.418672,-0.133133,0.262287,-0.411281,-0.192394
2026-08-05 17:54:40.893,332.199683,0.000000,0.000000,0.000000,0.336650,-0.382168,-0.226763,0.136846,-0.369287,-0.229165,0.236748,-0.375728,-0.227964,0.208708,-0.412007,-0.194822,0.234919,-0.416590,-0.132793,0.261967,-0.409199,-0.192053
2026-08-05 17:54:40.993,332.299683,0.000000,0.000000,0.000000,0.336074,-0.381087,-0.226344,0.136526,-0.367206,-0.228824,0.236300,-0.374146,-0.227584,0.208246,-0.411955,-0.194416,0.234713,-0.413490,-0.132387,0.261495,-0.408127,-0.191684
2026-08-05 17:54:41.093,332.399683,0.000000,0.000000,0.000000,0.336810,-0.383209,-0.226933,0.137006,-0.370328,-0.229335,0.236908,-0.376768,-0.228134,0.208797,-0.414063,-0.194959,0.234371,-0.417584,-0.132945,0.262127,-0.410240,-0.192223
2026-08-05 17:54:41.193,332.499683,0.000000,0.000000,0.000000,0.336490,-0.381127,-0.226593,0.136686,-0.368246,-0.228994,0.236588,-0.374687,-0.227793,0.208477,-0.411981,-0.194619,0.234163,-0.414484,-0.132539,0.261655,-0.409168,-0.191854
2026-08-05 17:54:41.293,332.599683,0.000000,0.000000,0.000000,0.337194,-0.388373,-0.227537,0.137684,-0.375512,-0.229935,0.237439,-0.381943,-0.228736,0.209437,-0.418227,-0.195641,0.235123,-0.420730,-0.133561,0.262614,-0.415414,-0.192876
2026-08-05 17:54:41.393,332.699683,0.000000,0.000000,0.000000,0.336554,-0.384209,-0.226855,0.137006,-0.370328,-0.229335,0.236780,-0.377269,-0.228095,0.208761,-0.414570,-0.194943,0.234504,-0.416530,-0.132169,0.261974,-0.411250,-0.192195
2026-08-05 17:54:41.493,332.799683,0.000000,0.000000,0.000000,0.336714,-0.385250,-0.227026,0.136407,-0.371319,-0.229485,0.236560,-0.378285,-0.228256,0.208886,-0.416119,-0.195097,0.234439,-0.419607,-0.132471,0.262134,-0.412291,-0.192365
2026-08-05 17:54:41.593,332.899683,0.000000,0.000000,0.000000,0.336394,-0.383169,-0.226685,0.136846,-0.369287,-0.229165,0.236620,-0.376228,-0.227925,0.208637,-0.413022,-0.194789,0.234232,-0.416507,-0.132064,0.261815,-0.410209,-0.192025
2026-08-05 17:54:41.693,332.999682,0.000000,0.000000,0.000000,0.336074,-0.381087,-0.226344,0.136526,-0.367206,-0.228824,0.236300,-0.374146,-0.227584,0.208317,-0.410940,-0.194448,0.233968,-0.413916,-0.131691,0.261495,-0.408127,-0.191684
2026-08-05 17:54:41.793,333.099682,0.000000,0.000000,0.000000,0.336074,-0.381087,-0.226344,0.136565,-0.368225,-0.228742,0.236319,-0.374656,-0.227543,0.208317,-0.410940,-0.194448,0.233800,-0.415443,-0.131789,0.261495,-0.408127,-0.191684
2026-08-05 17:54:41.893,333.199682,0.000000,0.000000,0.000000,0.336714,-0.385250,-0.227026,0.137166,-0.371369,-0.229505,0.236940,-0.378310,-0.228265,0.208957,-0.415104,-0.195130,0.234551,-0.418589,-0.132405,0.262134,-0.412291,-0.192365
2026-08-05 17:54:41.993,333.299682,0.000000,0.000000,0.000000,0.336490,-0.381127,-0.226593,0.136686,-0.368246,-0.228994,0.236588,-0.374687,-0.227793,0.208477,-0.411981,-0.194619,0.234072,-0.415466,-0.131894,0.261655,-0.409168,-0.191854
2026-08-05 17:54:42.093,333.399682,0.000000,0.000000,0.000000,0.336394,-0.383169,-0.226685,0.136846,-0.369287,-0.229165,0.236620,-0.376228,-0.227925,0.208637,-0.413022,-0.194789,0.234232,-0.416507,-0.132064,0.261815,-0.410209,-0.192025
2026-08-05 17:54:42.193,333.499682,0.000000,0.000000,0.000000,0.336234,-0.382128,-0.226515,0.136686,-0.368246,-0.228994,0.236460,-0.375187,-0.227754,0.208335,-0.414011,-0.194553,0.233960,-0.416484,-0.131960,0.261655,-0.409168,-0.191854
2026-08-05 17:54:42.293,333.599682,0.000000,0.000000,0.000000,0.336874,-0.386291,-0.227196,0.137287,-0.371390,-0.229757,0.237081,-0.378841,-0.228477,0.209117,-0.416145,-0.195300,0.234824,-0.418612,-0.132510,0.262294,-0.413332,-0.192536
2026-08-05 17:54:42.393,333.699682,0.000000,0.000000,0.000000,0.336810,-0.383209,-0.226933,0.137044,-0.371348,-0.229253,0.236927,-0.377278,-0.228093,0.208797,-0.414063,-0.194959,0.233683,-0.417501,-0.132216,0.261974,-0.411250,-0.192195
2026-08-05 17:54:42.493,333.799682,0.000000,0.000000,0.000000,0.335914,-0.380046,-0.226174,0.136366,-0.366165,-0.228654,0.236140,-0.373105,-0.227414,0.208157,-0.409899,-0.194278,0.233043,-0.413337,-0.131535,0.261488,-0.406076,-0.191542
2026-08-05 17:54:42.593,333.899682,0.000000,0.000000,0.000000,0.336074,-0.381087,-0.226344,0.136487,-0.366186,-0.228905,0.236281,-0.373636,-0.227625,0.208246,-0.411955,-0.194416,0.233314,-0.413360,-0.131639,0.261418,-0.408632,-0.191670
2026-08-05 17:54:42.693,333.999681,0.000000,0.000000,0.000000,0.336554,-0.384209,-0.226855,0.136287,-0.371298,-0.229234,0.236420,-0.377754,-0.228044,0.208797,-0.414063,-0.194959,0.233683,-0.417501,-0.132216,0.262127,-0.410240,-0.192223
2026-08-05 17:54:42.793,334.099681,0.000000,0.000000,0.000000,0.336810,-0.383209,-0.226933,0.137006,-0.370328,-0.229335,0.236908,-0.376768,-0.228134,0.208797,-0.414063,-0.194959,0.233593,-0.418483,-0.131573,0.261996,-0.411213,-0.191473
2026-08-05 17:54:42.893,334.199681,0.000000,0.000000,0.000000,0.336074,-0.381087,-0.226344,0.136526,-0.367206,-0.228824,0.236300,-0.374146,-0.227584,0.208317,-0.410940,-0.194448,0.233335,-0.413324,-0.130928,0.261495,-0.408127,-0.191684
2026-08-05 17:54:42.993,334.299681,0.000000,0.000000,0.000000,0.336074,-0.381087,-0.226344,0.136526,-0.367206,-0.228824,0.236300,-0.374146,-0.227584,0.208317,-0.410940,-0.194448,0.233224,-0.414342,-0.130995,0.261495,-0.408127,-0.191684
2026-08-05 17:54:43.093,334.399681,0.000000,0.000000,0.000000,0.337130,-0.385290,-0.227274,0.137326,-0.372410,-0.229676,0.237228,-0.378850,-0.228475,0.209117,-0.416145,-0.195300,0.234024,-0.419547,-0.131847,0.262294,-0.413332,-0.192536
2026-08-05 17:54:43.193,334.499681,0.000000,0.000000,0.000000,0.336490,-0.381127,-0.226593,0.136686,-0.368246,-0.228994,0.236588,-0.374687,-0.227793,0.208406,-0.412996,-0.194586,0.233273,-0.416401,-0.131232,0.261655,-0.409168,-0.191854
2026-08-05 17:54:43.293,334.599681,0.000000,0.000000,0.000000,0.336074,-0.381087,-0.226344,0.136565,-0.368225,-0.228742,0.236319,-0.374656,-0.227543,0.208246,-0.411955,-0.194416,0.233224,-0.414342,-0.130995,0.261648,-0.407117,-0.191712
2026-08-05 17:54:43.393,334.699681,0.000000,0.000000,0.000000,0.336970,-0.384250,-0.227104,0.137166,-0.371369,-0.229505,0.237068,-0.377809,-0.228304,0.208957,-0.415104,-0.195130,0.233864,-0.418506,-0.131677,0.262134,-0.412291,-0.192365
2026-08-05 17:54:43.493,334.799681,0.000000,0.000000,0.000000,0.337194,-0.388373,-0.227537,0.137607,-0.373472,-0.230098,0.237400,-0.380923,-0.228817,0.208723,-0.418179,-0.195622,0.234344,-0.421629,-0.132188,0.262614,-0.415414,-0.192876
2026-08-05 17:54:43.593,334.899681,0.000000,0.000000,0.000000,0.336074,-0.381087,-0.226344,0.135767,-0.367155,-0.228804,0.235921,-0.374121,-0.227574,0.207533,-0.411908,-0.194397,0.233224,-0.414342,-0.130995,0.261648,-0.407117,-0.191712
2026-08-05 17:54:43.693,334.999681,0.000000,0.000000,0.000000,0.336714,-0.385250,-0.227026,0.137166,-0.371369,-0.229505,0.236940,-0.378310,-0.228265,0.208243,-0.415056,-0.195111,0.233753,-0.419524,-0.131743,0.262134,-0.412291,-0.192365
2026-08-05 17:54:43.793,335.099680,0.000000,0.000000,0.000000,0.337130,-0.385290,-0.227274,0.137326,-0.372410,-0.229676,0.237228,-0.378850,-0.228475,0.208333,-0.417113,-0.195249,0.234024,-0.419547,-0.131847,0.262141,-0.414342,-0.192507
2026-08-05 17:54:43.893,335.199680,0.000000,0.000000,0.000000,0.337194,-0.388373,-0.227537,0.137646,-0.374492,-0.230016,0.237420,-0.381433,-0.228776,0.208723,-0.418179,-0.195622,0.234233,-0.422647,-0.132255,0.262614,-0.415414,-0.192876
2026-08-05 17:54:43.993,335.299680,0.000000,0.000000,0.000000,0.336074,-0.381087,-0.226344,0.136526,-0.367206,-0.228824,0.236300,-0.374146,-0.227584,0.207603,-0.410893,-0.194430,0.233113,-0.415360,-0.131062,0.262061,-0.409185,-0.191674
2026-08-05 17:54:44.093,335.399680,0.000000,0.000000,0.000000,0.336810,-0.383209,-0.226933,0.137006,-0.370328,-0.229335,0.236908,-0.376768,-0.228134,0.208153,-0.413000,-0.194974,0.233704,-0.417465,-0.131506,0.262541,-0.412308,-0.192185
2026-08-05 17:54:44.193,335.499680,0.000000,0.000000,0.000000,0.336490,-0.381127,-0.226593,0.136686,-0.368246,-0.228994,0.236588,-0.374687,-0.227793,0.207763,-0.411933,-0.194600,0.233273,-0.416401,-0.131232,0.262221,-0.410226,-0.191845
2026-08-05 17:54:44.293,335.599680,0.000000,0.000000,0.000000,0.336234,-0.382128,-0.226515,0.136725,-0.369266,-0.228913,0.236479,-0.375697,-0.227714,0.207693,-0.412949,-0.194567,0.233294,-0.416365,-0.130524,0.262375,-0.409216,-0.191873
2026-08-05 17:54:44.393,335.699680,0.000000,0.000000,0.000000,0.336234,-0.382128,-0.226515,0.136686,-0.368246,-0.228994,0.236460,-0.375187,-0.227754,0.207693,-0.412949,-0.194567,0.233294,-0.416365,-0.130524,0.262221,-0.410226,-0.191845
2026-08-05 17:54:44.493,335.799680,0.000000,0.000000,0.000000,0.336714,-0.385250,-0.227026,0.137127,-0.370349,-0.229587,0.236921,-0.377800,-0.228306,0.208243,-0.415056,-0.195111,0.233066,-0.419441,-0.131016,0.262701,-0.413349,-0.192356
2026-08-05 17:54:44.593,335.899680,0.000000,0.000000,0.000000,0.336714,-0.385250,-0.227026,0.137166,-0.371369,-0.229505,0.236940,-0.378310,-0.228265,0.208243,-0.415056,-0.195111,0.232956,-0.420459,-0.131084,0.262722,-0.413312,-0.191634
2026-08-05 17:54:44.693,335.999680,0.000000,0.000000,0.000000,0.336234,-0.382128,-0.226515,0.136647,-0.367227,-0.229076,0.236441,-0.374677,-0.227795,0.207693,-0.412949,-0.194567,0.232476,-0.417336,-0.130573,0.262243,-0.410190,-0.191123
2026-08-05 17:54:44.793,336.099679,0.000000,0.000000,0.000000,0.336490,-0.381127,-0.226593,0.136686,-0.368246,-0.228994,0.236588,-0.374687,-0.227793,0.207693,-0.412949,-0.194567,0.232607,-0.416282,-0.129796,0.262397,-0.409179,-0.191151
2026-08-05 17:54:44.893,336.199679,0.000000,0.000000,0.000000,0.336714,-0.385250,-0.227026,0.137204,-0.372389,-0.229424,0.236959,-0.378820,-0.228225,0.208243,-0.415056,-0.195111,0.233087,-0.419405,-0.130307,0.262722,-0.413312,-0.191634
2026-08-05 17:54:44.993,336.299679,0.000000,0.000000,0.000000,0.335850,-0.376963,-0.225911,0.136046,-0.364083,-0.228313,0.235948,-0.370523,-0.227112,0.207053,-0.408785,-0.193886,0.231857,-0.413137,-0.129184,0.261582,-0.406062,-0.191163
2026-08-05 17:54:45.093,336.399679,0.000000,0.000000,0.000000,0.336234,-0.382128,-0.226515,0.136725,-0.369266,-0.228913,0.236479,-0.375697,-0.227714,0.206980,-0.412901,-0.194549,0.231900,-0.416235,-0.129778,0.262243,-0.410190,-0.191123
2026-08-05 17:54:45.193,336.499679,0.000000,0.000000,0.000000,0.336234,-0.382128,-0.226515,0.136686,-0.368246,-0.228994,0.236460,-0.375187,-0.227754,0.207049,-0.411886,-0.194582,0.231921,-0.416199,-0.129069,0.262397,-0.409179,-0.191151
2026-08-05 17:54:45.293,336.599679,0.000000,0.000000,0.000000,0.336234,-0.382128,-0.226515,0.136725,-0.369266,-0.228913,0.236479,-0.375697,-0.227714,0.206911,-0.413917,-0.194516,0.231921,-0.416199,-0.129069,0.262397,-0.409179,-0.191151
2026-08-05 17:54:45.393,336.699679,0.000000,0.000000,0.000000,0.336714,-0.385250,-0.227026,0.137166,-0.371369,-0.229505,0.236940,-0.378310,-0.228265,0.207391,-0.417040,-0.195027,0.232421,-0.419286,-0.128871,0.262722,-0.413312,-0.191634
2026-08-05 17:54:45.493,336.799679,0.000000,0.000000,0.000000,0.336330,-0.380086,-0.226422,0.136526,-0.367206,-0.228824,0.236428,-0.373646,-0.227623,0.206820,-0.411860,-0.194378,0.231074,-0.415076,-0.128171,0.262083,-0.409149,-0.190953
2026-08-05 17:54:45.593,336.899679,0.000000,0.000000,0.000000,0.336554,-0.384209,-0.226855,0.137006,-0.370328,-0.229335,0.236780,-0.377269,-0.228095,0.207300,-0.414983,-0.194889,0.231554,-0.418199,-0.128682,0.262562,-0.412271,-0.191464
2026-08-05 17:54:45.693,336.999679,0.000000,0.000000,0.000000,0.337130,-0.385290,-0.227274,0.137326,-0.372410,-0.229676,0.237228,-0.378850,-0.228475,0.207620,-0.417065,-0.195230,0.232002,-0.419226,-0.128242,0.262882,-0.414353,-0.191805
2026-08-05 17:54:45.793,337.099679,0.000000,0.000000,0.000000,0.336394,-0.383169,-0.226685,0.136846,-0.369287,-0.229165,0.236620,-0.376228,-0.227925,0.207071,-0.414958,-0.194686,0.231415,-0.417122,-0.127803,0.262557,-0.410220,-0.191321
2026-08-05 17:54:45.893,337.199678,0.000000,0.000000,0.000000,0.336074,-0.381087,-0.226344,0.136526,-0.367206,-0.228824,0.236300,-0.374146,-0.227584,0.206820,-0.411860,-0.194378,0.230387,-0.414993,-0.127444,0.262083,-0.409149,-0.190953
2026-08-05 17:54:45.993,337.299678,0.000000,0.000000,0.000000,0.336970,-0.384250,-0.227104,0.137204,-0.372389,-0.229424,0.237087,-0.378319,-0.228264,0.207391,-0.417040,-0.195027,0.231134,-0.418138,-0.128053,0.262722,-0.413312,-0.191634
2026-08-05 17:54:46.093,337.399678,0.000000,0.000000,0.000000,0.335914,-0.380046,-0.226174,0.136405,-0.367184,-0.228572,0.236160,-0.373615,-0.227373,0.206591,-0.411835,-0.194175,0.230248,-0.413916,-0.126565,0.262642,-0.408155,-0.190802
2026-08-05 17:54:46.193,337.499678,0.000000,0.000000,0.000000,0.336554,-0.384209,-0.226855,0.137044,-0.371348,-0.229253,0.236799,-0.377779,-0.228054,0.207231,-0.415999,-0.194857,0.230781,-0.419098,-0.127320,0.263127,-0.413329,-0.191456
2026-08-05 17:54:46.293,337.599678,0.000000,0.000000,0.000000,0.336234,-0.382128,-0.226515,0.136725,-0.369266,-0.228913,0.236479,-0.375697,-0.227714,0.206980,-0.412901,-0.194549,0.230782,-0.413961,-0.126758,0.262962,-0.410237,-0.191142
2026-08-05 17:54:46.393,337.699678,0.000000,0.000000,0.000000,0.336650,-0.382168,-0.226763,0.136846,-0.369287,-0.229165,0.236748,-0.375728,-0.227964,0.207002,-0.415973,-0.194653,0.230835,-0.416020,-0.127002,0.263122,-0.411278,-0.191313
2026-08-05 17:54:46.493,337.799678,0.000000,0.000000,0.000000,0.336074,-0.381087,-0.226344,0.136565,-0.368225,-0.228742,0.236319,-0.374656,-0.227543,0.206751,-0.412876,-0.194345,0.229912,-0.412873,-0.126569,0.262802,-0.409196,-0.190972
2026-08-05 17:54:46.593,337.899678,0.000000,0.000000,0.000000,0.336394,-0.383169,-0.226685,0.136846,-0.369287,-0.229165,0.236620,-0.376228,-0.227925,0.207071,-0.414958,-0.194686,0.230253,-0.414919,-0.126199,0.263122,-0.411278,-0.191313
2026-08-05 17:54:46.693,337.999678,0.000000,0.000000,0.000000,0.335754,-0.379005,-0.226004,0.136206,-0.365124,-0.228483,0.235980,-0.372064,-0.227243,0.206431,-0.410794,-0.194005,0.229719,-0.409736,-0.125443,0.262482,-0.407115,-0.190631
2026-08-05 17:54:46.793,338.099678,0.000000,0.000000,0.000000,0.336874,-0.386291,-0.227196,0.137326,-0.372410,-0.229676,0.237100,-0.379351,-0.228436,0.206907,-0.417018,-0.195211,0.230521,-0.420079,-0.126860,0.263602,-0.414401,-0.191824
2026-08-05 17:54:46.893,338.199677,0.000000,0.000000,0.000000,0.336714,-0.385250,-0.227026,0.137166,-0.371369,-0.229505,0.236940,-0.378310,-0.228265,0.206747,-0.415977,-0.195041,0.230362,-0.419038,-0.126689,0.263442,-0.413360,-0.191653
2026-08-05 17:54:46.993,338.299677,0.000000,0.000000,0.000000,0.336554,-0.384209,-0.226855,0.137044,-0.371348,-0.229253,0.236799,-0.377779,-0.228054,0.206587,-0.414936,-0.194871,0.230413,-0.415960,-0.126369,0.263282,-0.412319,-0.191483
2026-08-05 17:54:47.093,338.399677,0.000000,0.000000,0.000000,0.336970,-0.384250,-0.227104,0.137204,-0.372389,-0.229424,0.237087,-0.378319,-0.228264,0.206679,-0.416992,-0.195008,0.230573,-0.417001,-0.126539,0.263365,-0.413865,-0.191640
2026-08-05 17:54:47.193,338.499677,0.000000,0.000000,0.000000,0.335754,-0.379005,-0.226004,0.136206,-0.365124,-0.228483,0.235980,-0.372064,-0.227243,0.205651,-0.411762,-0.193953,0.229507,-0.411774,-0.125592,0.262482,-0.407115,-0.190631
2026-08-05 17:54:47.293,338.599677,0.000000,0.000000,0.000000,0.336074,-0.381087,-0.226344,0.136526,-0.367206,-0.228824,0.236300,-0.374146,-0.227584,0.206039,-0.412829,-0.194327,0.229775,-0.414365,-0.125970,0.262802,-0.409196,-0.190972
2026-08-05 17:54:47.393,338.699677,0.000000,0.000000,0.000000,0.336714,-0.385250,-0.227026,0.137204,-0.372389,-0.229424,0.236959,-0.378820,-0.228225,0.206679,-0.416992,-0.195008,0.230573,-0.417001,-0.126539,0.263287,-0.414370,-0.191626
2026-08-05 17:54:47.493,338.799677,0.000000,0.000000,0.000000,0.336714,-0.385250,-0.227026,0.137204,-0.372389,-0.229424,0.236959,-0.378820,-0.228225,0.206679,-0.416992,-0.195008,0.230467,-0.418019,-0.126614,0.263287,-0.414370,-0.191626
2026-08-05 17:54:47.593,338.899677,0.000000,0.000000,0.000000,0.336234,-0.382128,-0.226515,0.136686,-0.368246,-0.228994,0.236460,-0.375187,-0.227754,0.206131,-0.414885,-0.194464,0.230093,-0.413878,-0.126028,0.262962,-0.410237,-0.191142
2026-08-05 17:54:47.693,338.999677,0.000000,0.000000,0.000000,0.336490,-0.381127,-0.226593,0.136686,-0.368246,-0.228994,0.236588,-0.374687,-0.227793,0.206131,-0.414885,-0.194464,0.230146,-0.413369,-0.125991,0.262962,-0.410237,-0.191142
2026-08-05 17:54:47.793,339.099677,0.000000,0.000000,0.000000,0.337034,-0.387332,-0.227366,0.137486,-0.373451,-0.229846,0.237260,-0.380392,-0.228606,0.206999,-0.419074,-0.195349,0.230787,-0.420101,-0.126955,0.263607,-0.416452,-0.191967
2026-08-05 17:54:47.893,339.199677,0.000000,0.000000,0.000000,0.336330,-0.380086,-0.226422,0.136526,-0.367206,-0.228824,0.236428,-0.373646,-0.227623,0.206039,-0.412829,-0.194327,0.230536,-0.413903,-0.125951,0.262802,-0.409196,-0.190972
2026-08-05 17:54:47.993,339.299676,0.000000,0.000000,0.000000,0.336554,-0.384209,-0.226855,0.136967,-0.369308,-0.229416,0.236761,-0.376759,-0.228136,0.206519,-0.415951,-0.194838,0.230909,-0.418044,-0.126537,0.263282,-0.412319,-0.191483
2026-08-05 17:54:48.093,339.399676,0.000000,0.000000,0.000000,0.336074,-0.381087,-0.226344,0.136526,-0.367206,-0.228824,0.236300,-0.374146,-0.227584,0.206005,-0.413336,-0.194310,0.230515,-0.413939,-0.126661,0.262647,-0.410206,-0.190945
2026-08-05 17:54:48.193,339.499676,0.000000,0.000000,0.000000,0.336650,-0.382168,-0.226763,0.136846,-0.369287,-0.229165,0.236748,-0.375728,-0.227964,0.206427,-0.413895,-0.194700,0.230728,-0.417039,-0.127076,0.263122,-0.411278,-0.191313
2026-08-05 17:54:48.293,339.599676,0.000000,0.000000,0.000000,0.336970,-0.384250,-0.227104,0.137204,-0.372389,-0.229424,0.237087,-0.378319,-0.228264,0.206679,-0.416992,-0.195008,0.231048,-0.419121,-0.127417,0.263287,-0.414370,-0.191626
2026-08-05 17:54:48.393,339.699676,0.000000,0.000000,0.000000,0.336714,-0.385250,-0.227026,0.137166,-0.371369,-0.229505,0.236940,-0.378310,-0.228265,0.206679,-0.416992,-0.195008,0.231155,-0.418102,-0.127343,0.263442,-0.413360,-0.191653
2026-08-05 17:54:48.493,339.799676,0.000000,0.000000,0.000000,0.336010,-0.378004,-0.226082,0.136206,-0.365124,-0.228483,0.236108,-0.371564,-0.227282,0.205719,-0.410747,-0.193986,0.229982,-0.413894,-0.126468,0.262482,-0.407115,-0.190631
2026-08-05 17:54:48.593,339.899676,0.000000,0.000000,0.000000,0.336330,-0.380086,-0.226422,0.136526,-0.367206,-0.228824,0.236428,-0.373646,-0.227623,0.206039,-0.412829,-0.194327,0.230515,-0.413939,-0.126661,0.262958,-0.408186,-0.190999
2026-08-05 17:54:48.693,339.999676,0.000000,0.000000,0.000000,0.336074,-0.381087,-0.226344,0.136526,-0.367206,-0.228824,0.236300,-0.374146,-0.227584,0.205971,-0.413844,-0.194294,0.230408,-0.414957,-0.126735,0.262802,-0.409196,-0.190972
2026-08-05 17:54:48.793,340.099676,0.000000,0.000000,0.000000,0.336970,-0.384250,-0.227104,0.137204,-0.372389,-0.229424,0.237087,-0.378319,-0.228264,0.206679,-0.416992,-0.195008,0.231048,-0.419121,-0.127417,0.263442,-0.413360,-0.191653
2026-08-05 17:54:48.893,340.199676,0.000000,0.000000,0.000000,0.337450,-0.387372,-0.227615,0.137646,-0.374492,-0.230016,0.237548,-0.380932,-0.228815,0.207226,-0.419100,-0.195552,0.231635,-0.421225,-0.127854,0.263922,-0.416483,-0.192164
2026-08-05 17:54:48.993,340.299675,0.000000,0.000000,0.000000,0.336074,-0.381087,-0.226344,0.136565,-0.368225,-0.228742,0.236319,-0.374656,-0.227543,0.205971,-0.413844,-0.194294,0.230408,-0.414957,-0.126735,0.262802,-0.409196,-0.190972
2026-08-05 17:54:49.093,340.399675,0.000000,0.000000,0.000000,0.336330,-0.380086,-0.226422,0.136565,-0.368225,-0.228742,0.236447,-0.374156,-0.227582,0.206039,-0.412829,-0.194327,0.230622,-0.412920,-0.126588,0.262802,-0.409196,-0.190972
2026-08-05 17:54:49.193,340.499675,0.000000,0.000000,0.000000,0.335754,-0.379005,-0.226004,0.136206,-0.365124,-0.228483,0.235980,-0.372064,-0.227243,0.206500,-0.409779,-0.194038,0.230088,-0.412875,-0.126395,0.262327,-0.408125,-0.190604
2026-08-05 17:54:49.293,340.599675,0.000000,0.000000,0.000000,0.335914,-0.380046,-0.226174,0.136366,-0.366165,-0.228654,0.236140,-0.373105,-0.227414,0.205947,-0.410772,-0.194189,0.230227,-0.413952,-0.127274,0.262642,-0.408155,-0.190802
2026-08-05 17:54:49.393,340.699675,0.000000,0.000000,0.000000,0.336330,-0.380086,-0.226422,0.136526,-0.367206,-0.228824,0.236428,-0.373646,-0.227623,0.206751,-0.412876,-0.194345,0.230494,-0.413974,-0.127371,0.262083,-0.409149,-0.190953
2026-08-05 17:54:49.493,340.799675,0.000000,0.000000,0.000000,0.336234,-0.382128,-0.226515,0.136686,-0.368246,-0.228994,0.236460,-0.375187,-0.227754,0.206911,-0.413917,-0.194516,0.230547,-0.416034,-0.127614,0.262243,-0.410190,-0.191123
2026-08-05 17:54:49.593,340.899675,0.000000,0.000000,0.000000,0.337130,-0.385290,-0.227274,0.137326,-0.372410,-0.229676,0.237228,-0.378850,-0.228475,0.206839,-0.418033,-0.195179,0.231895,-0.420245,-0.128314,0.262882,-0.414353,-0.191805
2026-08-05 17:54:49.693,340.999675,0.000000,0.000000,0.000000,0.336394,-0.383169,-0.226685,0.136884,-0.370307,-0.229083,0.236639,-0.376738,-0.227884,0.207071,-0.414958,-0.194686,0.231577,-0.415594,-0.127694,0.262403,-0.411230,-0.191294
2026-08-05 17:54:49.793,341.099675,0.000000,0.000000,0.000000,0.336810,-0.383209,-0.226933,0.137044,-0.371348,-0.229253,0.236927,-0.377278,-0.228093,0.207300,-0.414983,-0.194889,0.231790,-0.416126,-0.127828,0.262562,-0.412271,-0.191464
2026-08-05 17:54:49.893,341.199675,0.000000,0.000000,0.000000,0.336490,-0.381127,-0.226593,0.136725,-0.369266,-0.228913,0.236607,-0.375197,-0.227753,0.206911,-0.413917,-0.194516,0.231471,-0.414044,-0.127488,0.262243,-0.410190,-0.191123
2026-08-05 17:54:49.993,341.299675,0.000000,0.000000,0.000000,0.336554,-0.384209,-0.226855,0.137006,-0.370328,-0.229335,0.236780,-0.377269,-0.228095,0.207300,-0.414983,-0.194889,0.231662,-0.417180,-0.128611,0.262562,-0.412271,-0.191464
2026-08-05 17:54:50.093,341.399674,0.000000,0.000000,0.000000,0.336490,-0.381127,-0.226593,0.136725,-0.369266,-0.228913,0.236607,-0.375197,-0.227753,0.206911,-0.413917,-0.194516,0.231342,-0.415098,-0.128270,0.262243,-0.410190,-0.191123
2026-08-05 17:54:50.193,341.499674,0.000000,0.000000,0.000000,0.336970,-0.384250,-0.227104,0.137166,-0.371369,-0.229505,0.237068,-0.377809,-0.228304,0.207460,-0.416024,-0.195060,0.231822,-0.418221,-0.128781,0.262568,-0.414322,-0.191607
2026-08-05 17:54:50.293,341.599674,0.000000,0.000000,0.000000,0.336650,-0.382168,-0.226763,0.136846,-0.369287,-0.229165,0.236748,-0.375728,-0.227964,0.207071,-0.414958,-0.194686,0.231610,-0.415121,-0.128369,0.262403,-0.411230,-0.191294
2026-08-05 17:54:50.393,341.699674,0.000000,0.000000,0.000000,0.336970,-0.384250,-0.227104,0.137166,-0.371369,-0.229505,0.237068,-0.377809,-0.228304,0.207460,-0.416024,-0.195060,0.231822,-0.418221,-0.128781,0.262722,-0.413312,-0.191634
2026-08-05 17:54:50.493,341.799674,0.000000,0.000000,0.000000,0.336554,-0.384209,-0.226855,0.137006,-0.370328,-0.229335,0.236780,-0.377269,-0.228095,0.207300,-0.414983,-0.194889,0.231770,-0.416162,-0.128539,0.262408,-0.413282,-0.191437
2026-08-05 17:54:50.593,341.899674,0.000000,0.000000,0.000000,0.336170,-0.379045,-0.226252,0.136405,-0.367184,-0.228572,0.236287,-0.373115,-0.227412,0.206591,-0.411835,-0.194175,0.231109,-0.412034,-0.128569,0.261923,-0.408108,-0.190783
2026-08-05 17:54:50.693,341.999674,0.000000,0.000000,0.000000,0.336810,-0.383209,-0.226933,0.137044,-0.371348,-0.229253,0.236927,-0.377278,-0.228093,0.207231,-0.415999,-0.194857,0.232240,-0.418281,-0.129410,0.262408,-0.413282,-0.191437
2026-08-05 17:54:50.793,342.099674,0.000000,0.000000,0.000000,0.336874,-0.386291,-0.227196,0.137326,-0.372410,-0.229676,0.237100,-0.379351,-0.228436,0.207620,-0.417065,-0.195230,0.232669,-0.419345,-0.129680,0.262728,-0.415363,-0.191778
2026-08-05 17:54:50.893,342.199674,0.000000,0.000000,0.000000,0.336650,-0.382168,-0.226763,0.136846,-0.369287,-0.229165,0.236748,-0.375728,-0.227964,0.207209,-0.412927,-0.194752,0.232244,-0.415713,-0.129134,0.262403,-0.411230,-0.191294
2026-08-05 17:54:50.993,342.299674,0.000000,0.000000,0.000000,0.336810,-0.383209,-0.226933,0.137006,-0.370328,-0.229335,0.236908,-0.376768,-0.228134,0.207300,-0.414983,-0.194889,0.232240,-0.418281,-0.129410,0.262562,-0.412271,-0.191464
2026-08-05 17:54:51.093,342.399673,0.000000,0.000000,0.000000,0.336810,-0.383209,-0.226933,0.136967,-0.369308,-0.229416,0.236888,-0.376259,-0.228175,0.207300,-0.414983,-0.194889,0.232349,-0.417263,-0.129339,0.262408,-0.413282,-0.191437
2026-08-05 17:54:51.193,342.499673,0.000000,0.000000,0.000000,0.336330,-0.380086,-0.226422,0.136526,-0.367206,-0.228824,0.236428,-0.373646,-0.227623,0.206820,-0.411860,-0.194378,0.231761,-0.415159,-0.128899,0.261928,-0.410159,-0.190926
2026-08-05 17:54:51.293,342.599673,0.000000,0.000000,0.000000,0.336970,-0.384250,-0.227104,0.137166,-0.371369,-0.229505,0.237068,-0.377809,-0.228304,0.207460,-0.416024,-0.195060,0.232597,-0.417322,-0.130150,0.262568,-0.414322,-0.191607
2026-08-05 17:54:51.393,342.699673,0.000000,0.000000,0.000000,0.336074,-0.381087,-0.226344,0.136526,-0.367206,-0.228824,0.236300,-0.374146,-0.227584,0.206751,-0.412876,-0.194345,0.231740,-0.415194,-0.129607,0.261928,-0.410159,-0.190926
2026-08-05 17:54:51.493,342.799673,0.000000,0.000000,0.000000,0.336234,-0.382128,-0.226515,0.136686,-0.368246,-0.228994,0.236460,-0.375187,-0.227754,0.207049,-0.411886,-0.194582,0.231682,-0.418272,-0.129916,0.262088,-0.411200,-0.191096
2026-08-05 17:54:51.593,342.899673,0.000000,0.000000,0.000000,0.336714,-0.385250,-0.227026,0.137204,-0.372389,-0.229424,0.236959,-0.378820,-0.228225,0.207460,-0.416024,-0.195060,0.232380,-0.419358,-0.130289,0.262568,-0.414322,-0.191607
2026-08-05 17:54:51.693,342.999673,0.000000,0.000000,0.000000,0.336970,-0.384250,-0.227104,0.137166,-0.371369,-0.229505,0.237068,-0.377809,-0.228304,0.207460,-0.416024,-0.195060,0.232271,-0.420376,-0.130358,0.262568,-0.414322,-0.191607
2026-08-05 17:54:51.793,343.099673,0.000000,0.000000,0.000000,0.336650,-0.382168,-0.226763,0.136846,-0.369287,-0.229165,0.236748,-0.375728,-0.227964,0.207140,-0.413942,-0.194719,0.231930,-0.418330,-0.130725,0.262094,-0.413251,-0.191239
2026-08-05 17:54:51.893,343.199673,0.000000,0.000000,0.000000,0.336234,-0.382128,-0.226515,0.136686,-0.368246,-0.228994,0.236460,-0.375187,-0.227754,0.206980,-0.412901,-0.194549,0.231716,-0.417798,-0.130589,0.262243,-0.410190,-0.191123
2026-08-05 17:54:51.993,343.299673,0.000000,0.000000,0.000000,0.337290,-0.386331,-0.227444,0.137486,-0.373451,-0.229846,0.237388,-0.379891,-0.228645,0.207848,-0.417091,-0.195433,0.232570,-0.422494,-0.131407,0.262888,-0.416404,-0.191948
2026-08-05 17:54:52.093,343.399673,0.000000,0.000000,0.000000,0.336234,-0.382128,-0.226515,0.136725,-0.369266,-0.228913,0.236479,-0.375697,-0.227714,0.206980,-0.412901,-0.194549,0.231879,-0.416271,-0.130487,0.262088,-0.411200,-0.191096
2026-08-05 17:54:52.193,343.499672,0.000000,0.000000,0.000000,0.336650,-0.382168,-0.226763,0.136846,-0.369287,-0.229165,0.236748,-0.375728,-0.227964,0.207140,-0.413942,-0.194719,0.232746,-0.417359,-0.130675,0.261683,-0.411183,-0.191275
2026-08-05 17:54:52.293,343.599672,0.000000,0.000000,0.000000,0.336554,-0.384209,-0.226855,0.137006,-0.370328,-0.229335,0.236780,-0.377269,-0.228095,0.207300,-0.414983,-0.194889,0.232775,-0.419454,-0.131622,0.261690,-0.413234,-0.191418
2026-08-05 17:54:52.393,343.699672,0.000000,0.000000,0.000000,0.336394,-0.383169,-0.226685,0.136846,-0.369287,-0.229165,0.236620,-0.376228,-0.227925,0.207140,-0.413942,-0.194719,0.232725,-0.417395,-0.131384,0.261530,-0.412193,-0.191248
2026-08-05 17:54:52.493,343.799672,0.000000,0.000000,0.000000,0.336074,-0.381087,-0.226344,0.136487,-0.366186,-0.228905,0.236281,-0.373636,-0.227625,0.206820,-0.411860,-0.194378,0.232406,-0.415313,-0.131044,0.261189,-0.410147,-0.191627
2026-08-05 17:54:52.593,343.899672,0.000000,0.000000,0.000000,0.336010,-0.378004,-0.226082,0.136206,-0.365124,-0.228483,0.236108,-0.371564,-0.227282,0.206431,-0.410794,-0.194005,0.232086,-0.413231,-0.130703,0.260869,-0.408065,-0.191287
2026-08-05 17:54:52.693,343.999672,0.000000,0.000000,0.000000,0.336554,-0.384209,-0.226855,0.137006,-0.370328,-0.229335,0.236780,-0.377269,-0.228095,0.207300,-0.414983,-0.194889,0.232885,-0.418436,-0.131555,0.261669,-0.413270,-0.192138
2026-08-05 17:54:52.793,344.099672,0.000000,0.000000,0.000000,0.336554,-0.384209,-0.226855,0.137006,-0.370328,-0.229335,0.236780,-0.377269,-0.228095,0.207231,-0.415999,-0.194857,0.232974,-0.417454,-0.132198,0.261669,-0.413270,-0.192138
2026-08-05 17:54:52.893,344.199672,0.000000,0.000000,0.000000,0.336874,-0.386291,-0.227196,0.137326,-0.372410,-0.229676,0.237100,-0.379351,-0.228436,0.207689,-0.416050,-0.195263,0.233184,-0.420554,-0.132604,0.261988,-0.415352,-0.192479
2026-08-05 17:54:52.993,344.299672,0.000000,0.000000,0.000000,0.336234,-0.382128,-0.226515,0.136725,-0.369266,-0.228913,0.236479,-0.375697,-0.227714,0.206980,-0.412901,-0.194549,0.232545,-0.416390,-0.131923,0.261349,-0.411188,-0.191798
2026-08-05 17:54:53.093,344.399672,0.000000,0.000000,0.000000,0.336234,-0.382128,-0.226515,0.136686,-0.368246,-0.228994,0.236460,-0.375187,-0.227754,0.206911,-0.413917,-0.194516,0.232545,-0.416390,-0.131923,0.261349,-0.411188,-0.191798
2026-08-05 17:54:53.193,344.499671,0.000000,0.000000,0.000000,0.336330,-0.380086,-0.226422,0.136526,-0.367206,-0.228824,0.236428,-0.373646,-0.227623,0.206889,-0.410845,-0.194411,0.232364,-0.415385,-0.132461,0.261189,-0.410147,-0.191627
2026-08-05 17:54:53.293,344.599671,0.000000,0.000000,0.000000,0.336234,-0.382128,-0.226515,0.136686,-0.368246,-0.228994,0.236460,-0.375187,-0.227754,0.206911,-0.413917,-0.194516,0.232524,-0.416426,-0.132632,0.261196,-0.412198,-0.191769
2026-08-05 17:54:53.393,344.699671,0.000000,0.000000,0.000000,0.336554,-0.384209,-0.226855,0.137006,-0.370328,-0.229335,0.236780,-0.377269,-0.228095,0.207300,-0.414983,-0.194889,0.232844,-0.418507,-0.132972,0.261592,-0.413775,-0.192124
2026-08-05 17:54:53.493,344.799671,0.000000,0.000000,0.000000,0.336234,-0.382128,-0.226515,0.136725,-0.369266,-0.228913,0.236479,-0.375697,-0.227714,0.206980,-0.412901,-0.194549,0.232503,-0.416461,-0.133341,0.261349,-0.411188,-0.191798
2026-08-05 17:54:53.593,344.899671,0.000000,0.000000,0.000000,0.336650,-0.382168,-0.226763,0.136846,-0.369287,-0.229165,0.236748,-0.375728,-0.227964,0.207140,-0.413942,-0.194719,0.233592,-0.415514,-0.133402,0.261509,-0.412229,-0.191968
2026-08-05 17:54:53.693,344.999671,0.000000,0.000000,0.000000,0.336330,-0.380086,-0.226422,0.136526,-0.367206,-0.228824,0.236428,-0.373646,-0.227623,0.206820,-0.411860,-0.194378,0.233161,-0.414450,-0.133125,0.261189,-0.410147,-0.191627
2026-08-05 17:54:53.793,345.099671,0.000000,0.000000,0.000000,0.336074,-0.381087,-0.226344,0.136526,-0.367206,-0.228824,0.236300,-0.374146,-0.227584,0.206820,-0.411860,-0.194378,0.233140,-0.414486,-0.133835,0.261189,-0.410147,-0.191627
2026-08-05 17:54:53.893,345.199671,0.000000,0.000000,0.000000,0.336554,-0.384209,-0.226855,0.137044,-0.371348,-0.229253,0.236799,-0.377779,-0.228054,0.208013,-0.415031,-0.194908,0.233620,-0.417608,-0.134346,0.261669,-0.413270,-0.192138
2026-08-05 17:54:53.993,345.299671,0.000000,0.000000,0.000000,0.336074,-0.381087,-0.226344,0.136526,-0.367206,-0.228824,0.236300,-0.374146,-0.227584,0.207603,-0.410893,-0.194430,0.233251,-0.413468,-0.133773,0.261036,-0.411157,-0.191599
2026-08-05 17:54:54.093,345.399671,0.000000,0.000000,0.000000,0.337610,-0.388413,-0.227785,0.137805,-0.375533,-0.230187,0.237707,-0.381973,-0.228986,0.208883,-0.419220,-0.195793,0.234399,-0.422849,-0.135908,0.262468,-0.418475,-0.192990
2026-08-05 17:54:54.193,345.499671,0.000000,0.000000,0.000000,0.336650,-0.382168,-0.226763,0.136846,-0.369287,-0.229165,0.236748,-0.375728,-0.227964,0.207923,-0.412974,-0.194771,0.233550,-0.415586,-0.134824,0.261662,-0.411219,-0.191996
2026-08-05 17:54:54.293,345.599670,0.000000,0.000000,0.000000,0.336234,-0.382128,-0.226515,0.136686,-0.368246,-0.228994,0.236460,-0.375187,-0.227754,0.207693,-0.412949,-0.194567,0.233279,-0.415562,-0.134715,0.260630,-0.411141,-0.191779
2026-08-05 17:54:54.393,345.699670,0.000000,0.000000,0.000000,0.336394,-0.383169,-0.226685,0.136884,-0.370307,-0.229083,0.236639,-0.376738,-0.227884,0.207923,-0.412974,-0.194771,0.233419,-0.416639,-0.135596,0.260942,-0.411171,-0.191977
2026-08-05 17:54:54.493,345.799670,0.000000,0.000000,0.000000,0.336490,-0.381127,-0.226593,0.136686,-0.368246,-0.228994,0.236588,-0.374687,-0.227793,0.207833,-0.410918,-0.194633,0.233259,-0.415598,-0.135425,0.260782,-0.410130,-0.191807
2026-08-05 17:54:54.593,345.899670,0.000000,0.000000,0.000000,0.336810,-0.383209,-0.226933,0.137044,-0.371348,-0.229253,0.236927,-0.377278,-0.228093,0.208083,-0.414015,-0.194941,0.233579,-0.417680,-0.135766,0.260950,-0.413222,-0.192119
2026-08-05 17:54:54.693,345.999670,0.000000,0.000000,0.000000,0.336490,-0.381127,-0.226593,0.136686,-0.368246,-0.228994,0.236588,-0.374687,-0.227793,0.207763,-0.411933,-0.194600,0.233349,-0.414617,-0.136076,0.260782,-0.410130,-0.191807
2026-08-05 17:54:54.793,346.099670,0.000000,0.000000,0.000000,0.336010,-0.378004,-0.226082,0.136245,-0.366143,-0.228402,0.236127,-0.372074,-0.227242,0.207213,-0.409826,-0.194056,0.232758,-0.412511,-0.135624,0.260302,-0.407007,-0.191296
2026-08-05 17:54:54.893,346.199670,0.000000,0.000000,0.000000,0.336970,-0.384250,-0.227104,0.137127,-0.370349,-0.229587,0.237048,-0.377299,-0.228345,0.208243,-0.415056,-0.195111,0.233828,-0.417739,-0.136587,0.261262,-0.413253,-0.192318
2026-08-05 17:54:54.993,346.299670,0.000000,0.000000,0.000000,0.336330,-0.380086,-0.226422,0.136526,-0.367206,-0.228824,0.236428,-0.373646,-0.227623,0.207603,-0.410893,-0.194430,0.233168,-0.413612,-0.136617,0.260622,-0.409089,-0.191637
2026-08-05 17:54:55.093,346.399670,0.000000,0.000000,0.000000,0.335595,-0.377964,-0.225833,0.136046,-0.364083,-0.228313,0.235820,-0.371023,-0.227073,0.207053,-0.408785,-0.193886,0.232688,-0.410489,-0.136106,0.260142,-0.405967,-0.191126
2026-08-05 17:54:55.193,346.499670,0.000000,0.000000,0.000000,0.336554,-0.384209,-0.226855,0.137006,-0.370328,-0.229335,0.236780,-0.377269,-0.228095,0.208083,-0.414015,-0.194941,0.234357,-0.416782,-0.137147,0.260950,-0.413222,-0.192119
2026-08-05 17:54:55.293,346.599669,0.000000,0.000000,0.000000,0.336490,-0.381127,-0.226593,0.136686,-0.368246,-0.228994,0.236588,-0.374687,-0.227793,0.207763,-0.411933,-0.194600,0.233196,-0.415706,-0.137555,0.260782,-0.410130,-0.191807
2026-08-05 17:54:55.393,346.699669,0.000000,0.000000,0.000000,0.336554,-0.384209,-0.226855,0.137006,-0.370328,-0.229335,0.236780,-0.377269,-0.228095,0.208083,-0.414015,-0.194941,0.234448,-0.415800,-0.137801,0.261026,-0.412717,-0.192134
2026-08-05 17:54:55.493,346.799669,0.000000,0.000000,0.000000,0.336234,-0.382128,-0.226515,0.136686,-0.368246,-0.228994,0.236460,-0.375187,-0.227754,0.207763,-0.411933,-0.194600,0.234016,-0.414736,-0.137517,0.260630,-0.411141,-0.191779
2026-08-05 17:54:55.593,346.899669,0.000000,0.000000,0.000000,0.336714,-0.385250,-0.227026,0.137204,-0.372389,-0.229424,0.236959,-0.378820,-0.228225,0.208243,-0.415056,-0.195111,0.234587,-0.416877,-0.138683,0.261186,-0.413758,-0.192304
2026-08-05 17:54:55.693,346.999669,0.000000,0.000000,0.000000,0.336554,-0.384209,-0.226855,0.137044,-0.371348,-0.229253,0.236799,-0.377779,-0.228054,0.208083,-0.414015,-0.194941,0.234315,-0.416853,-0.138569,0.260950,-0.413222,-0.192119
2026-08-05 17:54:55.793,347.099669,0.000000,0.000000,0.000000,0.336554,-0.384209,-0.226855,0.137006,-0.370328,-0.229335,0.236780,-0.377269,-0.228095,0.208013,-0.415031,-0.194908,0.234427,-0.415836,-0.138513,0.261102,-0.412212,-0.192148
2026-08-05 17:54:55.893,347.199669,0.000000,0.000000,0.000000,0.336490,-0.381127,-0.226593,0.136725,-0.369266,-0.228913,0.236607,-0.375197,-0.227753,0.207763,-0.411933,-0.194600,0.234086,-0.413790,-0.138885,0.260782,-0.410130,-0.191807
2026-08-05 17:54:55.993,347.299669,0.000000,0.000000,0.000000,0.335754,-0.379005,-0.226004,0.136245,-0.366143,-0.228402,0.236000,-0.372574,-0.227203,0.207926,-0.409873,-0.194075,0.233606,-0.410668,-0.138374,0.260302,-0.407007,-0.191296
2026-08-05 17:54:56.093,347.399669,0.000000,0.000000,0.000000,0.336714,-0.385250,-0.227026,0.137166,-0.371369,-0.229505,0.236940,-0.378310,-0.228265,0.208886,-0.416119,-0.195097,0.234566,-0.416913,-0.139396,0.261262,-0.413253,-0.192318
2026-08-05 17:54:56.193,347.499669,0.000000,0.000000,0.000000,0.336234,-0.382128,-0.226515,0.136686,-0.368246,-0.228994,0.236460,-0.375187,-0.227754,0.208477,-0.411981,-0.194619,0.234177,-0.412809,-0.139543,0.260062,-0.410082,-0.191788
2026-08-05 17:54:56.293,347.599669,0.000000,0.000000,0.000000,0.336490,-0.381127,-0.226593,0.136686,-0.368246,-0.228994,0.236588,-0.374687,-0.227793,0.208406,-0.412996,-0.194586,0.234177,-0.412809,-0.139543,0.260062,-0.410082,-0.191788
2026-08-05 17:54:56.393,347.699668,0.000000,0.000000,0.000000,0.336234,-0.382128,-0.226515,0.136725,-0.369266,-0.228913,0.236479,-0.375697,-0.227714,0.208477,-0.411981,-0.194619,0.234044,-0.413862,-0.140309,0.260213,-0.409072,-0.191817
2026-08-05 17:54:56.493,347.799668,0.000000,0.000000,0.000000,0.336234,-0.382128,-0.226515,0.136647,-0.367227,-0.229076,0.236441,-0.374677,-0.227795,0.208477,-0.411981,-0.194619,0.234156,-0.412845,-0.140257,0.260213,-0.409072,-0.191817
2026-08-05 17:54:56.593,347.899668,0.000000,0.000000,0.000000,0.336554,-0.384209,-0.226855,0.137006,-0.370328,-0.229335,0.236780,-0.377269,-0.228095,0.208797,-0.414063,-0.194959,0.234476,-0.414927,-0.140597,0.260533,-0.411154,-0.192157
2026-08-05 17:54:56.693,347.999668,0.000000,0.000000,0.000000,0.335595,-0.377964,-0.225833,0.136046,-0.364083,-0.228313,0.235820,-0.371023,-0.227073,0.207908,-0.406802,-0.193970,0.233516,-0.408681,-0.139575,0.259573,-0.404908,-0.191135
2026-08-05 17:54:56.793,348.099668,0.000000,0.000000,0.000000,0.337034,-0.387332,-0.227366,0.137486,-0.373451,-0.229846,0.237260,-0.380392,-0.228606,0.209277,-0.417186,-0.195471,0.234935,-0.418086,-0.141822,0.260862,-0.415287,-0.192640
2026-08-05 17:54:56.893,348.199668,0.000000,0.000000,0.000000,0.336874,-0.386291,-0.227196,0.137326,-0.372410,-0.229676,0.237100,-0.379351,-0.228436,0.209188,-0.415129,-0.195333,0.234775,-0.417045,-0.141652,0.260702,-0.414246,-0.192470
2026-08-05 17:54:56.993,348.299668,0.000000,0.000000,0.000000,0.336714,-0.385250,-0.227026,0.137166,-0.371369,-0.229505,0.236940,-0.378310,-0.228265,0.208957,-0.415104,-0.195130,0.234727,-0.414987,-0.141430,0.260542,-0.413205,-0.192299
2026-08-05 17:54:57.093,348.399668,0.000000,0.000000,0.000000,0.336490,-0.381127,-0.226593,0.136725,-0.369266,-0.228913,0.236607,-0.375197,-0.227753,0.208548,-0.410966,-0.194652,0.234226,-0.411900,-0.141633,0.260364,-0.408062,-0.191845
2026-08-05 17:54:57.193,348.499668,0.000000,0.000000,0.000000,0.336554,-0.384209,-0.226855,0.137044,-0.371348,-0.229253,0.236799,-0.377779,-0.228054,0.209511,-0.414110,-0.194978,0.234434,-0.414999,-0.142024,0.260533,-0.411154,-0.192157
2026-08-05 17:54:57.293,348.599668,0.000000,0.000000,0.000000,0.336490,-0.381127,-0.226593,0.136686,-0.368246,-0.228994,0.236588,-0.374687,-0.227793,0.209212,-0.411992,-0.193922,0.234226,-0.411900,-0.141633,0.260213,-0.409072,-0.191817
2026-08-05 17:54:57.393,348.699667,0.000000,0.000000,0.000000,0.336234,-0.382128,-0.226515,0.136686,-0.368246,-0.228994,0.236460,-0.375187,-0.227754,0.209191,-0.412028,-0.194637,0.234205,-0.411936,-0.142348,0.260062,-0.410082,-0.191788
2026-08-05 17:54:57.493,348.799667,0.000000,0.000000,0.000000,0.336970,-0.384250,-0.227104,0.136407,-0.371319,-0.229485,0.236688,-0.377784,-0.228295,0.209671,-0.415151,-0.195148,0.234685,-0.415059,-0.142859,0.260693,-0.412195,-0.192328
2026-08-05 17:54:57.593,348.899667,0.000000,0.000000,0.000000,0.336234,-0.382128,-0.226515,0.136725,-0.369266,-0.228913,0.236479,-0.375697,-0.227714,0.209191,-0.412028,-0.194637,0.234205,-0.411936,-0.142348,0.260213,-0.409072,-0.191817
2026-08-05 17:54:57.693,348.999667,0.000000,0.000000,0.000000,0.336714,-0.385250,-0.227026,0.137166,-0.371369,-0.229505,0.236940,-0.378310,-0.228265,0.209671,-0.415151,-0.195148,0.234552,-0.416112,-0.143621,0.260542,-0.413205,-0.192299
2026-08-05 17:54:57.793,349.099667,0.000000,0.000000,0.000000,0.336810,-0.383209,-0.226933,0.137006,-0.370328,-0.229335,0.236908,-0.376768,-0.228134,0.209583,-0.413095,-0.195011,0.234504,-0.414054,-0.143403,0.260382,-0.412164,-0.192129
2026-08-05 17:54:57.893,349.199667,0.000000,0.000000,0.000000,0.336714,-0.385250,-0.227026,0.137166,-0.371369,-0.229505,0.236940,-0.378310,-0.228265,0.209671,-0.415151,-0.195148,0.234664,-0.415095,-0.143573,0.260542,-0.413205,-0.192299
2026-08-05 17:54:57.993,349.299667,0.000000,0.000000,0.000000,0.336330,-0.380086,-0.226422,0.136565,-0.368225,-0.228742,0.236447,-0.374156,-0.227582,0.209031,-0.410987,-0.194467,0.234003,-0.410968,-0.143606,0.259751,-0.410052,-0.191590
2026-08-05 17:54:58.093,349.399667,0.000000,0.000000,0.000000,0.336074,-0.381087,-0.226344,0.136526,-0.367206,-0.228824,0.236300,-0.374146,-0.227584,0.209031,-0.410987,-0.194467,0.234003,-0.410968,-0.143606,0.259902,-0.409042,-0.191618
2026-08-05 17:54:58.193,349.499667,0.000000,0.000000,0.000000,0.336490,-0.381127,-0.226593,0.136725,-0.369266,-0.228913,0.236607,-0.375197,-0.227753,0.209191,-0.412028,-0.194637,0.234163,-0.412009,-0.143777,0.259492,-0.409024,-0.191798
2026-08-05 17:54:58.293,349.599667,0.000000,0.000000,0.000000,0.336074,-0.381087,-0.226344,0.135767,-0.367155,-0.228804,0.235921,-0.374121,-0.227574,0.209104,-0.409972,-0.194500,0.234003,-0.410968,-0.143606,0.259182,-0.408994,-0.191599
